ISO-10303-21;
HEADER;
FILE_DESCRIPTION(('Open CASCADE Model'),'2;1');
FILE_NAME('Open CASCADE Shape Model','2026-08-20T01:32:27',('Author'),(
    'Open CASCADE'),'Open CASCADE STEP processor 7.9','Open CASCADE 7.9'
  ,'Unknown');
FILE_SCHEMA(('AUTOMOTIVE_DESIGN { 1 0 10303 214 1 1 1 1 }'));
ENDSEC;
DATA;
#1 = APPLICATION_PROTOCOL_DEFINITION('international standard',
  'automotive_design',2000,#2);
#2 = APPLICATION_CONTEXT(
  'core data for automotive mechanical design processes');
#3 = SHAPE_DEFINITION_REPRESENTATION(#4,#10);
#4 = PRODUCT_DEFINITION_SHAPE('','',#5);
#5 = PRODUCT_DEFINITION('design','',#6,#9);
#6 = PRODUCT_DEFINITION_FORMATION('','',#7);
#7 = PRODUCT('Open CASCADE STEP translator 7.9 1',
  'Open CASCADE STEP translator 7.9 1','',(#8));
#8 = PRODUCT_CONTEXT('',#2,'mechanical');
#9 = PRODUCT_DEFINITION_CONTEXT('part definition',#2,'design');
#10 = SHAPE_REPRESENTATION('',(#11,#15,#19,#23,#27),#31);
#11 = AXIS2_PLACEMENT_3D('',#12,#13,#14);
#12 = CARTESIAN_POINT('',(0.,0.,0.));
#13 = DIRECTION('',(0.,0.,1.));
#14 = DIRECTION('',(1.,0.,-0.));
#15 = AXIS2_PLACEMENT_3D('',#16,#17,#18);
#16 = CARTESIAN_POINT('',(0.,0.,0.));
#17 = DIRECTION('',(0.,0.,1.));
#18 = DIRECTION('',(1.,0.,0.));
#19 = AXIS2_PLACEMENT_3D('',#20,#21,#22);
#20 = CARTESIAN_POINT('',(0.,0.,0.));
#21 = DIRECTION('',(0.,0.,1.));
#22 = DIRECTION('',(1.,0.,-0.));
#23 = AXIS2_PLACEMENT_3D('',#24,#25,#26);
#24 = CARTESIAN_POINT('',(0.,0.,0.));
#25 = DIRECTION('',(0.,0.,1.));
#26 = DIRECTION('',(1.,0.,-0.));
#27 = AXIS2_PLACEMENT_3D('',#28,#29,#30);
#28 = CARTESIAN_POINT('',(0.,0.,0.));
#29 = DIRECTION('',(0.,0.,1.));
#30 = DIRECTION('',(1.,0.,-0.));
#31 = ( GEOMETRIC_REPRESENTATION_CONTEXT(3) 
GLOBAL_UNCERTAINTY_ASSIGNED_CONTEXT((#35)) GLOBAL_UNIT_ASSIGNED_CONTEXT(
(#32,#33,#34)) REPRESENTATION_CONTEXT('Context #1',
  '3D Context with UNIT and UNCERTAINTY') );
#32 = ( LENGTH_UNIT() NAMED_UNIT(*) SI_UNIT(.MILLI.,.METRE.) );
#33 = ( NAMED_UNIT(*) PLANE_ANGLE_UNIT() SI_UNIT($,.RADIAN.) );
#34 = ( NAMED_UNIT(*) SI_UNIT($,.STERADIAN.) SOLID_ANGLE_UNIT() );
#35 = UNCERTAINTY_MEASURE_WITH_UNIT(LENGTH_MEASURE(2.E-05),#32,
  'distance_accuracy_value','confusion accuracy');
#36 = PRODUCT_RELATED_PRODUCT_CATEGORY('part',$,(#7));
#37 = SHAPE_DEFINITION_REPRESENTATION(#38,#44);
#38 = PRODUCT_DEFINITION_SHAPE('','',#39);
#39 = PRODUCT_DEFINITION('design','',#40,#43);
#40 = PRODUCT_DEFINITION_FORMATION('','',#41);
#41 = PRODUCT('Open CASCADE STEP translator 7.9 1.1',
  'Open CASCADE STEP translator 7.9 1.1','',(#42));
#42 = PRODUCT_CONTEXT('',#2,'mechanical');
#43 = PRODUCT_DEFINITION_CONTEXT('part definition',#2,'design');
#44 = ADVANCED_BREP_SHAPE_REPRESENTATION('',(#11,#45),#2967);
#45 = MANIFOLD_SOLID_BREP('',#46);
#46 = CLOSED_SHELL('',(#47,#173,#249,#331,#407,#528,#604,#888,#942,#991,
    #1063,#1112,#1244,#1271,#1298,#1305,#1359,#1390,#1397,#1404,#1530,
    #1606,#1688,#1764,#1885,#1961,#2245,#2299,#2348,#2420,#2469,#2597,
    #2624,#2651,#2658,#2712,#2743,#2750,#2757,#2824,#2851,#2913,#2940));
#47 = ADVANCED_FACE('',(#48),#62,.F.);
#48 = FACE_BOUND('',#49,.F.);
#49 = EDGE_LOOP('',(#50,#85,#114,#142));
#50 = ORIENTED_EDGE('',*,*,#51,.T.);
#51 = EDGE_CURVE('',#52,#54,#56,.T.);
#52 = VERTEX_POINT('',#53);
#53 = CARTESIAN_POINT('',(-22.86000072956,17.78,-15.24000072956));
#54 = VERTEX_POINT('',#55);
#55 = CARTESIAN_POINT('',(-22.86000072956,27.94,-15.24000072956));
#56 = SURFACE_CURVE('',#57,(#61,#73),.PCURVE_S1.);
#57 = LINE('',#58,#59);
#58 = CARTESIAN_POINT('',(-22.86000072956,27.94,-15.24000072956));
#59 = VECTOR('',#60,1.);
#60 = DIRECTION('',(0.,1.,-4.370956789863E-16));
#61 = PCURVE('',#62,#67);
#62 = CYLINDRICAL_SURFACE('',#63,7.62);
#63 = AXIS2_PLACEMENT_3D('',#64,#65,#66);
#64 = CARTESIAN_POINT('',(-15.24000072956,27.94,-15.24000072956));
#65 = DIRECTION('',(0.,1.,-4.370956789863E-16));
#66 = DIRECTION('',(-0.707106781187,-3.090733186385E-16,-0.707106781187)
  );
#67 = DEFINITIONAL_REPRESENTATION('',(#68),#72);
#68 = LINE('',#69,#70);
#69 = CARTESIAN_POINT('',(0.785398163397,0.));
#70 = VECTOR('',#71,1.);
#71 = DIRECTION('',(-2.185478394931E-17,1.));
#72 = ( GEOMETRIC_REPRESENTATION_CONTEXT(2) 
PARAMETRIC_REPRESENTATION_CONTEXT() REPRESENTATION_CONTEXT('2D SPACE',''
  ) );
#73 = PCURVE('',#74,#79);
#74 = PLANE('',#75);
#75 = AXIS2_PLACEMENT_3D('',#76,#77,#78);
#76 = CARTESIAN_POINT('',(-22.86000072956,27.94,-22.86000072956));
#77 = DIRECTION('',(1.,0.,0.));
#78 = DIRECTION('',(-0.,2.22044604925E-16,1.));
#79 = DEFINITIONAL_REPRESENTATION('',(#80),#84);
#80 = LINE('',#81,#82);
#81 = CARTESIAN_POINT('',(7.62,1.691979889529E-15));
#82 = VECTOR('',#83,1.);
#83 = DIRECTION('',(-2.150510740613E-16,-1.));
#84 = ( GEOMETRIC_REPRESENTATION_CONTEXT(2) 
PARAMETRIC_REPRESENTATION_CONTEXT() REPRESENTATION_CONTEXT('2D SPACE',''
  ) );
#85 = ORIENTED_EDGE('',*,*,#86,.T.);
#86 = EDGE_CURVE('',#54,#87,#89,.T.);
#87 = VERTEX_POINT('',#88);
#88 = CARTESIAN_POINT('',(-15.24000072956,27.94,-22.86000072956));
#89 = SURFACE_CURVE('',#90,(#95,#102),.PCURVE_S1.);
#90 = CIRCLE('',#91,7.62);
#91 = AXIS2_PLACEMENT_3D('',#92,#93,#94);
#92 = CARTESIAN_POINT('',(-15.24000072956,27.94,-15.24000072956));
#93 = DIRECTION('',(0.,-1.,2.22044604925E-16));
#94 = DIRECTION('',(-0.707106781187,-1.570092458684E-16,-0.707106781187)
  );
#95 = PCURVE('',#62,#96);
#96 = DEFINITIONAL_REPRESENTATION('',(#97),#101);
#97 = LINE('',#98,#99);
#98 = CARTESIAN_POINT('',(6.28318530718,-1.24344978758E-14));
#99 = VECTOR('',#100,1.);
#100 = DIRECTION('',(-1.,2.261727773485E-15));
#101 = ( GEOMETRIC_REPRESENTATION_CONTEXT(2) 
PARAMETRIC_REPRESENTATION_CONTEXT() REPRESENTATION_CONTEXT('2D SPACE',''
  ) );
#102 = PCURVE('',#103,#108);
#103 = PLANE('',#104);
#104 = AXIS2_PLACEMENT_3D('',#105,#106,#107);
#105 = CARTESIAN_POINT('',(4.697264799347E-10,27.94,-4.697278899179E-10)
  );
#106 = DIRECTION('',(0.,-1.,2.22044604925E-16));
#107 = DIRECTION('',(0.,-2.22044604925E-16,-1.));
#108 = DEFINITIONAL_REPRESENTATION('',(#109),#113);
#109 = CIRCLE('',#110,7.62);
#110 = AXIS2_PLACEMENT_2D('',#111,#112);
#111 = CARTESIAN_POINT('',(15.240000729091,-15.24000073003));
#112 = DIRECTION('',(0.707106781187,-0.707106781187));
#113 = ( GEOMETRIC_REPRESENTATION_CONTEXT(2) 
PARAMETRIC_REPRESENTATION_CONTEXT() REPRESENTATION_CONTEXT('2D SPACE',''
  ) );
#114 = ORIENTED_EDGE('',*,*,#115,.T.);
#115 = EDGE_CURVE('',#87,#116,#118,.T.);
#116 = VERTEX_POINT('',#117);
#117 = CARTESIAN_POINT('',(-15.24000072956,17.78,-22.86000072956));
#118 = SURFACE_CURVE('',#119,(#123,#130),.PCURVE_S1.);
#119 = LINE('',#120,#121);
#120 = CARTESIAN_POINT('',(-15.24000072956,27.94,-22.86000072956));
#121 = VECTOR('',#122,1.);
#122 = DIRECTION('',(0.,-1.,4.370956789863E-16));
#123 = PCURVE('',#62,#124);
#124 = DEFINITIONAL_REPRESENTATION('',(#125),#129);
#125 = LINE('',#126,#127);
#126 = CARTESIAN_POINT('',(-0.785398163397,3.552713678801E-15));
#127 = VECTOR('',#128,1.);
#128 = DIRECTION('',(0.,-1.));
#129 = ( GEOMETRIC_REPRESENTATION_CONTEXT(2) 
PARAMETRIC_REPRESENTATION_CONTEXT() REPRESENTATION_CONTEXT('2D SPACE',''
  ) );
#130 = PCURVE('',#131,#136);
#131 = PLANE('',#132);
#132 = AXIS2_PLACEMENT_3D('',#133,#134,#135);
#133 = CARTESIAN_POINT('',(22.860000729561,27.94,-22.86000072956));
#134 = DIRECTION('',(0.,4.370956789863E-16,1.));
#135 = DIRECTION('',(-1.,0.,0.));
#136 = DEFINITIONAL_REPRESENTATION('',(#137),#141);
#137 = LINE('',#138,#139);
#138 = CARTESIAN_POINT('',(38.100001459122,0.));
#139 = VECTOR('',#140,1.);
#140 = DIRECTION('',(0.,1.));
#141 = ( GEOMETRIC_REPRESENTATION_CONTEXT(2) 
PARAMETRIC_REPRESENTATION_CONTEXT() REPRESENTATION_CONTEXT('2D SPACE',''
  ) );
#142 = ORIENTED_EDGE('',*,*,#143,.F.);
#143 = EDGE_CURVE('',#52,#116,#144,.T.);
#144 = SURFACE_CURVE('',#145,(#150,#157),.PCURVE_S1.);
#145 = CIRCLE('',#146,7.62);
#146 = AXIS2_PLACEMENT_3D('',#147,#148,#149);
#147 = CARTESIAN_POINT('',(-15.24000072956,17.78,-15.24000072956));
#148 = DIRECTION('',(0.,-1.,4.370956789863E-16));
#149 = DIRECTION('',(-0.707106781187,-3.090733186385E-16,-0.707106781187
    ));
#150 = PCURVE('',#62,#151);
#151 = DEFINITIONAL_REPRESENTATION('',(#152),#156);
#152 = LINE('',#153,#154);
#153 = CARTESIAN_POINT('',(6.28318530718,-10.16));
#154 = VECTOR('',#155,1.);
#155 = DIRECTION('',(-1.,0.));
#156 = ( GEOMETRIC_REPRESENTATION_CONTEXT(2) 
PARAMETRIC_REPRESENTATION_CONTEXT() REPRESENTATION_CONTEXT('2D SPACE',''
  ) );
#157 = PCURVE('',#158,#163);
#158 = PLANE('',#159);
#159 = AXIS2_PLACEMENT_3D('',#160,#161,#162);
#160 = CARTESIAN_POINT('',(0.,17.78,-2.958228394579E-30));
#161 = DIRECTION('',(0.,1.,-4.370956789863E-16));
#162 = DIRECTION('',(0.,4.370956789863E-16,1.));
#163 = DEFINITIONAL_REPRESENTATION('',(#164),#172);
#164 = ( BOUNDED_CURVE() B_SPLINE_CURVE(2,(#165,#166,#167,#168,#169,#170
,#171),.UNSPECIFIED.,.T.,.F.) B_SPLINE_CURVE_WITH_KNOTS((1,2,2,2,2,1),(
    -2.094395102393,0.,2.094395102393,4.188790204786,6.28318530718,
8.377580409573),.UNSPECIFIED.) CURVE() GEOMETRIC_REPRESENTATION_ITEM() 
RATIONAL_B_SPLINE_CURVE((1.,0.5,1.,0.5,1.,0.5,1.)) REPRESENTATION_ITEM(
  '') );
#165 = CARTESIAN_POINT('',(-20.6281544022,-20.6281544022));
#166 = CARTESIAN_POINT('',(-29.9607103222,-11.29559848219));
#167 = CARTESIAN_POINT('',(-17.21220185324,-7.879645933238));
#168 = CARTESIAN_POINT('',(-4.463693384278,-4.463693384278));
#169 = CARTESIAN_POINT('',(-7.879645933238,-17.21220185324));
#170 = CARTESIAN_POINT('',(-11.29559848219,-29.9607103222));
#171 = CARTESIAN_POINT('',(-20.6281544022,-20.6281544022));
#172 = ( GEOMETRIC_REPRESENTATION_CONTEXT(2) 
PARAMETRIC_REPRESENTATION_CONTEXT() REPRESENTATION_CONTEXT('2D SPACE',''
  ) );
#173 = ADVANCED_FACE('',(#174),#74,.T.);
#174 = FACE_BOUND('',#175,.T.);
#175 = EDGE_LOOP('',(#176,#177,#200,#228));
#176 = ORIENTED_EDGE('',*,*,#51,.T.);
#177 = ORIENTED_EDGE('',*,*,#178,.T.);
#178 = EDGE_CURVE('',#54,#179,#181,.T.);
#179 = VERTEX_POINT('',#180);
#180 = CARTESIAN_POINT('',(-22.86000072956,27.94,15.240000729561));
#181 = SURFACE_CURVE('',#182,(#186,#193),.PCURVE_S1.);
#182 = LINE('',#183,#184);
#183 = CARTESIAN_POINT('',(-22.86000072956,27.94,-11.43000036501));
#184 = VECTOR('',#185,1.);
#185 = DIRECTION('',(0.,2.22044604925E-16,1.));
#186 = PCURVE('',#74,#187);
#187 = DEFINITIONAL_REPRESENTATION('',(#188),#192);
#188 = LINE('',#189,#190);
#189 = CARTESIAN_POINT('',(11.430000364546,2.537969915238E-15));
#190 = VECTOR('',#191,1.);
#191 = DIRECTION('',(1.,2.465190328816E-32));
#192 = ( GEOMETRIC_REPRESENTATION_CONTEXT(2) 
PARAMETRIC_REPRESENTATION_CONTEXT() REPRESENTATION_CONTEXT('2D SPACE',''
  ) );
#193 = PCURVE('',#103,#194);
#194 = DEFINITIONAL_REPRESENTATION('',(#195),#199);
#195 = LINE('',#196,#197);
#196 = CARTESIAN_POINT('',(11.430000364546,-22.86000073003));
#197 = VECTOR('',#198,1.);
#198 = DIRECTION('',(-1.,0.));
#199 = ( GEOMETRIC_REPRESENTATION_CONTEXT(2) 
PARAMETRIC_REPRESENTATION_CONTEXT() REPRESENTATION_CONTEXT('2D SPACE',''
  ) );
#200 = ORIENTED_EDGE('',*,*,#201,.T.);
#201 = EDGE_CURVE('',#179,#202,#204,.T.);
#202 = VERTEX_POINT('',#203);
#203 = CARTESIAN_POINT('',(-22.86000072956,17.78,15.240000729561));
#204 = SURFACE_CURVE('',#205,(#209,#216),.PCURVE_S1.);
#205 = LINE('',#206,#207);
#206 = CARTESIAN_POINT('',(-22.86000072956,27.94,15.240000729561));
#207 = VECTOR('',#208,1.);
#208 = DIRECTION('',(0.,-1.,4.370956789863E-16));
#209 = PCURVE('',#74,#210);
#210 = DEFINITIONAL_REPRESENTATION('',(#211),#215);
#211 = LINE('',#212,#213);
#212 = CARTESIAN_POINT('',(38.100001459122,8.459899771634E-15));
#213 = VECTOR('',#214,1.);
#214 = DIRECTION('',(2.150510740613E-16,1.));
#215 = ( GEOMETRIC_REPRESENTATION_CONTEXT(2) 
PARAMETRIC_REPRESENTATION_CONTEXT() REPRESENTATION_CONTEXT('2D SPACE',''
  ) );
#216 = PCURVE('',#217,#222);
#217 = CYLINDRICAL_SURFACE('',#218,7.62);
#218 = AXIS2_PLACEMENT_3D('',#219,#220,#221);
#219 = CARTESIAN_POINT('',(-15.24000072956,27.94,15.240000729561));
#220 = DIRECTION('',(0.,1.,-4.370956789863E-16));
#221 = DIRECTION('',(-0.707106781187,3.090733186385E-16,0.707106781187)
  );
#222 = DEFINITIONAL_REPRESENTATION('',(#223),#227);
#223 = LINE('',#224,#225);
#224 = CARTESIAN_POINT('',(5.497787143782,0.));
#225 = VECTOR('',#226,1.);
#226 = DIRECTION('',(8.741913579726E-17,-1.));
#227 = ( GEOMETRIC_REPRESENTATION_CONTEXT(2) 
PARAMETRIC_REPRESENTATION_CONTEXT() REPRESENTATION_CONTEXT('2D SPACE',''
  ) );
#228 = ORIENTED_EDGE('',*,*,#229,.F.);
#229 = EDGE_CURVE('',#52,#202,#230,.T.);
#230 = SURFACE_CURVE('',#231,(#235,#242),.PCURVE_S1.);
#231 = LINE('',#232,#233);
#232 = CARTESIAN_POINT('',(-22.86000072956,17.78,-22.86000072956));
#233 = VECTOR('',#234,1.);
#234 = DIRECTION('',(0.,2.22044604925E-16,1.));
#235 = PCURVE('',#74,#236);
#236 = DEFINITIONAL_REPRESENTATION('',(#237),#241);
#237 = LINE('',#238,#239);
#238 = CARTESIAN_POINT('',(1.007727234992E-13,10.16));
#239 = VECTOR('',#240,1.);
#240 = DIRECTION('',(1.,2.465190328816E-32));
#241 = ( GEOMETRIC_REPRESENTATION_CONTEXT(2) 
PARAMETRIC_REPRESENTATION_CONTEXT() REPRESENTATION_CONTEXT('2D SPACE',''
  ) );
#242 = PCURVE('',#158,#243);
#243 = DEFINITIONAL_REPRESENTATION('',(#244),#248);
#244 = LINE('',#245,#246);
#245 = CARTESIAN_POINT('',(-22.86000072956,-22.86000072956));
#246 = VECTOR('',#247,1.);
#247 = DIRECTION('',(1.,0.));
#248 = ( GEOMETRIC_REPRESENTATION_CONTEXT(2) 
PARAMETRIC_REPRESENTATION_CONTEXT() REPRESENTATION_CONTEXT('2D SPACE',''
  ) );
#249 = ADVANCED_FACE('',(#250),#217,.F.);
#250 = FACE_BOUND('',#251,.F.);
#251 = EDGE_LOOP('',(#252,#282,#304,#305));
#252 = ORIENTED_EDGE('',*,*,#253,.T.);
#253 = EDGE_CURVE('',#254,#256,#258,.T.);
#254 = VERTEX_POINT('',#255);
#255 = CARTESIAN_POINT('',(-15.24000072956,17.78,22.860000729561));
#256 = VERTEX_POINT('',#257);
#257 = CARTESIAN_POINT('',(-15.24000072956,27.94,22.860000729561));
#258 = SURFACE_CURVE('',#259,(#263,#270),.PCURVE_S1.);
#259 = LINE('',#260,#261);
#260 = CARTESIAN_POINT('',(-15.24000072956,27.94,22.860000729561));
#261 = VECTOR('',#262,1.);
#262 = DIRECTION('',(0.,1.,-4.370956789863E-16));
#263 = PCURVE('',#217,#264);
#264 = DEFINITIONAL_REPRESENTATION('',(#265),#269);
#265 = LINE('',#266,#267);
#266 = CARTESIAN_POINT('',(7.068583470577,-3.552713678801E-15));
#267 = VECTOR('',#268,1.);
#268 = DIRECTION('',(0.,1.));
#269 = ( GEOMETRIC_REPRESENTATION_CONTEXT(2) 
PARAMETRIC_REPRESENTATION_CONTEXT() REPRESENTATION_CONTEXT('2D SPACE',''
  ) );
#270 = PCURVE('',#271,#276);
#271 = PLANE('',#272);
#272 = AXIS2_PLACEMENT_3D('',#273,#274,#275);
#273 = CARTESIAN_POINT('',(-22.86000072956,27.94,22.860000729561));
#274 = DIRECTION('',(0.,-4.370956789863E-16,-1.));
#275 = DIRECTION('',(1.,0.,0.));
#276 = DEFINITIONAL_REPRESENTATION('',(#277),#281);
#277 = LINE('',#278,#279);
#278 = CARTESIAN_POINT('',(7.62,0.));
#279 = VECTOR('',#280,1.);
#280 = DIRECTION('',(0.,-1.));
#281 = ( GEOMETRIC_REPRESENTATION_CONTEXT(2) 
PARAMETRIC_REPRESENTATION_CONTEXT() REPRESENTATION_CONTEXT('2D SPACE',''
  ) );
#282 = ORIENTED_EDGE('',*,*,#283,.T.);
#283 = EDGE_CURVE('',#256,#179,#284,.T.);
#284 = SURFACE_CURVE('',#285,(#290,#297),.PCURVE_S1.);
#285 = CIRCLE('',#286,7.62);
#286 = AXIS2_PLACEMENT_3D('',#287,#288,#289);
#287 = CARTESIAN_POINT('',(-15.24000072956,27.94,15.240000729561));
#288 = DIRECTION('',(0.,-1.,2.22044604925E-16));
#289 = DIRECTION('',(-0.707106781187,1.570092458684E-16,0.707106781187)
  );
#290 = PCURVE('',#217,#291);
#291 = DEFINITIONAL_REPRESENTATION('',(#292),#296);
#292 = LINE('',#293,#294);
#293 = CARTESIAN_POINT('',(12.566370614359,-1.59872115546E-14));
#294 = VECTOR('',#295,1.);
#295 = DIRECTION('',(-1.,2.261727773485E-15));
#296 = ( GEOMETRIC_REPRESENTATION_CONTEXT(2) 
PARAMETRIC_REPRESENTATION_CONTEXT() REPRESENTATION_CONTEXT('2D SPACE',''
  ) );
#297 = PCURVE('',#103,#298);
#298 = DEFINITIONAL_REPRESENTATION('',(#299),#303);
#299 = CIRCLE('',#300,7.62);
#300 = AXIS2_PLACEMENT_2D('',#301,#302);
#301 = CARTESIAN_POINT('',(-15.24000073003,-15.24000073003));
#302 = DIRECTION('',(-0.707106781187,-0.707106781187));
#303 = ( GEOMETRIC_REPRESENTATION_CONTEXT(2) 
PARAMETRIC_REPRESENTATION_CONTEXT() REPRESENTATION_CONTEXT('2D SPACE',''
  ) );
#304 = ORIENTED_EDGE('',*,*,#201,.T.);
#305 = ORIENTED_EDGE('',*,*,#306,.F.);
#306 = EDGE_CURVE('',#254,#202,#307,.T.);
#307 = SURFACE_CURVE('',#308,(#313,#320),.PCURVE_S1.);
#308 = CIRCLE('',#309,7.62);
#309 = AXIS2_PLACEMENT_3D('',#310,#311,#312);
#310 = CARTESIAN_POINT('',(-15.24000072956,17.78,15.240000729561));
#311 = DIRECTION('',(0.,-1.,4.370956789863E-16));
#312 = DIRECTION('',(-0.707106781187,3.090733186385E-16,0.707106781187)
  );
#313 = PCURVE('',#217,#314);
#314 = DEFINITIONAL_REPRESENTATION('',(#315),#319);
#315 = LINE('',#316,#317);
#316 = CARTESIAN_POINT('',(12.566370614359,-10.16));
#317 = VECTOR('',#318,1.);
#318 = DIRECTION('',(-1.,0.));
#319 = ( GEOMETRIC_REPRESENTATION_CONTEXT(2) 
PARAMETRIC_REPRESENTATION_CONTEXT() REPRESENTATION_CONTEXT('2D SPACE',''
  ) );
#320 = PCURVE('',#158,#321);
#321 = DEFINITIONAL_REPRESENTATION('',(#322),#330);
#322 = ( BOUNDED_CURVE() B_SPLINE_CURVE(2,(#323,#324,#325,#326,#327,#328
,#329),.UNSPECIFIED.,.T.,.F.) B_SPLINE_CURVE_WITH_KNOTS((1,2,2,2,2,1),(
    -2.094395102393,0.,2.094395102393,4.188790204786,6.28318530718,
8.377580409573),.UNSPECIFIED.) CURVE() GEOMETRIC_REPRESENTATION_ITEM() 
RATIONAL_B_SPLINE_CURVE((1.,0.5,1.,0.5,1.,0.5,1.)) REPRESENTATION_ITEM(
  '') );
#323 = CARTESIAN_POINT('',(20.628154402202,-20.6281544022));
#324 = CARTESIAN_POINT('',(11.295598482198,-29.9607103222));
#325 = CARTESIAN_POINT('',(7.879645933238,-17.21220185324));
#326 = CARTESIAN_POINT('',(4.463693384278,-4.463693384278));
#327 = CARTESIAN_POINT('',(17.212201853242,-7.879645933238));
#328 = CARTESIAN_POINT('',(29.960710322206,-11.29559848219));
#329 = CARTESIAN_POINT('',(20.628154402202,-20.6281544022));
#330 = ( GEOMETRIC_REPRESENTATION_CONTEXT(2) 
PARAMETRIC_REPRESENTATION_CONTEXT() REPRESENTATION_CONTEXT('2D SPACE',''
  ) );
#331 = ADVANCED_FACE('',(#332),#271,.T.);
#332 = FACE_BOUND('',#333,.T.);
#333 = EDGE_LOOP('',(#334,#335,#358,#386));
#334 = ORIENTED_EDGE('',*,*,#253,.T.);
#335 = ORIENTED_EDGE('',*,*,#336,.T.);
#336 = EDGE_CURVE('',#256,#337,#339,.T.);
#337 = VERTEX_POINT('',#338);
#338 = CARTESIAN_POINT('',(15.240000729561,27.94,22.860000729561));
#339 = SURFACE_CURVE('',#340,(#344,#351),.PCURVE_S1.);
#340 = LINE('',#341,#342);
#341 = CARTESIAN_POINT('',(-11.43000036454,27.94,22.860000729561));
#342 = VECTOR('',#343,1.);
#343 = DIRECTION('',(1.,0.,0.));
#344 = PCURVE('',#271,#345);
#345 = DEFINITIONAL_REPRESENTATION('',(#346),#350);
#346 = LINE('',#347,#348);
#347 = CARTESIAN_POINT('',(11.430000365015,0.));
#348 = VECTOR('',#349,1.);
#349 = DIRECTION('',(1.,0.));
#350 = ( GEOMETRIC_REPRESENTATION_CONTEXT(2) 
PARAMETRIC_REPRESENTATION_CONTEXT() REPRESENTATION_CONTEXT('2D SPACE',''
  ) );
#351 = PCURVE('',#103,#352);
#352 = DEFINITIONAL_REPRESENTATION('',(#353),#357);
#353 = LINE('',#354,#355);
#354 = CARTESIAN_POINT('',(-22.86000073003,-11.43000036501));
#355 = VECTOR('',#356,1.);
#356 = DIRECTION('',(0.,1.));
#357 = ( GEOMETRIC_REPRESENTATION_CONTEXT(2) 
PARAMETRIC_REPRESENTATION_CONTEXT() REPRESENTATION_CONTEXT('2D SPACE',''
  ) );
#358 = ORIENTED_EDGE('',*,*,#359,.T.);
#359 = EDGE_CURVE('',#337,#360,#362,.T.);
#360 = VERTEX_POINT('',#361);
#361 = CARTESIAN_POINT('',(15.240000729561,17.78,22.860000729561));
#362 = SURFACE_CURVE('',#363,(#367,#374),.PCURVE_S1.);
#363 = LINE('',#364,#365);
#364 = CARTESIAN_POINT('',(15.240000729561,27.94,22.860000729561));
#365 = VECTOR('',#366,1.);
#366 = DIRECTION('',(0.,-1.,4.370956789863E-16));
#367 = PCURVE('',#271,#368);
#368 = DEFINITIONAL_REPRESENTATION('',(#369),#373);
#369 = LINE('',#370,#371);
#370 = CARTESIAN_POINT('',(38.100001459122,0.));
#371 = VECTOR('',#372,1.);
#372 = DIRECTION('',(0.,1.));
#373 = ( GEOMETRIC_REPRESENTATION_CONTEXT(2) 
PARAMETRIC_REPRESENTATION_CONTEXT() REPRESENTATION_CONTEXT('2D SPACE',''
  ) );
#374 = PCURVE('',#375,#380);
#375 = CYLINDRICAL_SURFACE('',#376,7.62);
#376 = AXIS2_PLACEMENT_3D('',#377,#378,#379);
#377 = CARTESIAN_POINT('',(15.240000729561,27.94,15.240000729561));
#378 = DIRECTION('',(0.,1.,-4.370956789863E-16));
#379 = DIRECTION('',(0.707106781187,3.090733186385E-16,0.707106781187));
#380 = DEFINITIONAL_REPRESENTATION('',(#381),#385);
#381 = LINE('',#382,#383);
#382 = CARTESIAN_POINT('',(5.497787143782,-3.552713678801E-15));
#383 = VECTOR('',#384,1.);
#384 = DIRECTION('',(0.,-1.));
#385 = ( GEOMETRIC_REPRESENTATION_CONTEXT(2) 
PARAMETRIC_REPRESENTATION_CONTEXT() REPRESENTATION_CONTEXT('2D SPACE',''
  ) );
#386 = ORIENTED_EDGE('',*,*,#387,.F.);
#387 = EDGE_CURVE('',#254,#360,#388,.T.);
#388 = SURFACE_CURVE('',#389,(#393,#400),.PCURVE_S1.);
#389 = LINE('',#390,#391);
#390 = CARTESIAN_POINT('',(-22.86000072956,17.78,22.860000729561));
#391 = VECTOR('',#392,1.);
#392 = DIRECTION('',(1.,0.,0.));
#393 = PCURVE('',#271,#394);
#394 = DEFINITIONAL_REPRESENTATION('',(#395),#399);
#395 = LINE('',#396,#397);
#396 = CARTESIAN_POINT('',(0.,10.16));
#397 = VECTOR('',#398,1.);
#398 = DIRECTION('',(1.,0.));
#399 = ( GEOMETRIC_REPRESENTATION_CONTEXT(2) 
PARAMETRIC_REPRESENTATION_CONTEXT() REPRESENTATION_CONTEXT('2D SPACE',''
  ) );
#400 = PCURVE('',#158,#401);
#401 = DEFINITIONAL_REPRESENTATION('',(#402),#406);
#402 = LINE('',#403,#404);
#403 = CARTESIAN_POINT('',(22.860000729561,-22.86000072956));
#404 = VECTOR('',#405,1.);
#405 = DIRECTION('',(0.,1.));
#406 = ( GEOMETRIC_REPRESENTATION_CONTEXT(2) 
PARAMETRIC_REPRESENTATION_CONTEXT() REPRESENTATION_CONTEXT('2D SPACE',''
  ) );
#407 = ADVANCED_FACE('',(#408),#423,.T.);
#408 = FACE_BOUND('',#409,.T.);
#409 = EDGE_LOOP('',(#410,#446,#474,#502));
#410 = ORIENTED_EDGE('',*,*,#411,.F.);
#411 = EDGE_CURVE('',#412,#414,#416,.T.);
#412 = VERTEX_POINT('',#413);
#413 = CARTESIAN_POINT('',(17.77999961947,15.24,-25.39999961947));
#414 = VERTEX_POINT('',#415);
#415 = CARTESIAN_POINT('',(25.39999961947,15.24,-17.77999961947));
#416 = SURFACE_CURVE('',#417,(#422,#434),.PCURVE_S1.);
#417 = CIRCLE('',#418,7.62);
#418 = AXIS2_PLACEMENT_3D('',#419,#420,#421);
#419 = CARTESIAN_POINT('',(17.77999961947,15.24,-17.77999961947));
#420 = DIRECTION('',(0.,-1.,2.22044604925E-16));
#421 = DIRECTION('',(0.707106781187,-1.570092458684E-16,-0.707106781187)
  );
#422 = PCURVE('',#423,#428);
#423 = CYLINDRICAL_SURFACE('',#424,7.62);
#424 = AXIS2_PLACEMENT_3D('',#425,#426,#427);
#425 = CARTESIAN_POINT('',(17.77999961947,21.59,-17.77999961947));
#426 = DIRECTION('',(0.,1.,-2.22044604925E-16));
#427 = DIRECTION('',(0.707106781187,-1.570092458684E-16,-0.707106781187)
  );
#428 = DEFINITIONAL_REPRESENTATION('',(#429),#433);
#429 = LINE('',#430,#431);
#430 = CARTESIAN_POINT('',(6.28318530718,-6.35));
#431 = VECTOR('',#432,1.);
#432 = DIRECTION('',(-1.,0.));
#433 = ( GEOMETRIC_REPRESENTATION_CONTEXT(2) 
PARAMETRIC_REPRESENTATION_CONTEXT() REPRESENTATION_CONTEXT('2D SPACE',''
  ) );
#434 = PCURVE('',#435,#440);
#435 = PLANE('',#436);
#436 = AXIS2_PLACEMENT_3D('',#437,#438,#439);
#437 = CARTESIAN_POINT('',(4.697264799347E-10,15.24,-4.697250699515E-10)
  );
#438 = DIRECTION('',(0.,-1.,2.22044604925E-16));
#439 = DIRECTION('',(0.,-2.22044604925E-16,-1.));
#440 = DEFINITIONAL_REPRESENTATION('',(#441),#445);
#441 = CIRCLE('',#442,7.62);
#442 = AXIS2_PLACEMENT_2D('',#443,#444);
#443 = CARTESIAN_POINT('',(17.779999619,17.779999619));
#444 = DIRECTION('',(0.707106781187,0.707106781187));
#445 = ( GEOMETRIC_REPRESENTATION_CONTEXT(2) 
PARAMETRIC_REPRESENTATION_CONTEXT() REPRESENTATION_CONTEXT('2D SPACE',''
  ) );
#446 = ORIENTED_EDGE('',*,*,#447,.F.);
#447 = EDGE_CURVE('',#448,#412,#450,.T.);
#448 = VERTEX_POINT('',#449);
#449 = CARTESIAN_POINT('',(17.77999961947,27.94,-25.39999961947));
#450 = SURFACE_CURVE('',#451,(#455,#462),.PCURVE_S1.);
#451 = LINE('',#452,#453);
#452 = CARTESIAN_POINT('',(17.77999961947,21.59,-25.39999961947));
#453 = VECTOR('',#454,1.);
#454 = DIRECTION('',(0.,-1.,2.22044604925E-16));
#455 = PCURVE('',#423,#456);
#456 = DEFINITIONAL_REPRESENTATION('',(#457),#461);
#457 = LINE('',#458,#459);
#458 = CARTESIAN_POINT('',(0.785398163397,3.552713678801E-15));
#459 = VECTOR('',#460,1.);
#460 = DIRECTION('',(-1.748382715945E-17,-1.));
#461 = ( GEOMETRIC_REPRESENTATION_CONTEXT(2) 
PARAMETRIC_REPRESENTATION_CONTEXT() REPRESENTATION_CONTEXT('2D SPACE',''
  ) );
#462 = PCURVE('',#463,#468);
#463 = PLANE('',#464);
#464 = AXIS2_PLACEMENT_3D('',#465,#466,#467);
#465 = CARTESIAN_POINT('',(4.697264799347E-10,21.59,-25.39999961947));
#466 = DIRECTION('',(0.,-2.22044604925E-16,-1.));
#467 = DIRECTION('',(0.,1.,-2.22044604925E-16));
#468 = DEFINITIONAL_REPRESENTATION('',(#469),#473);
#469 = LINE('',#470,#471);
#470 = CARTESIAN_POINT('',(0.,17.779999619));
#471 = VECTOR('',#472,1.);
#472 = DIRECTION('',(-1.,0.));
#473 = ( GEOMETRIC_REPRESENTATION_CONTEXT(2) 
PARAMETRIC_REPRESENTATION_CONTEXT() REPRESENTATION_CONTEXT('2D SPACE',''
  ) );
#474 = ORIENTED_EDGE('',*,*,#475,.F.);
#475 = EDGE_CURVE('',#476,#448,#478,.T.);
#476 = VERTEX_POINT('',#477);
#477 = CARTESIAN_POINT('',(25.39999961947,27.94,-17.77999961947));
#478 = SURFACE_CURVE('',#479,(#484,#491),.PCURVE_S1.);
#479 = CIRCLE('',#480,7.62);
#480 = AXIS2_PLACEMENT_3D('',#481,#482,#483);
#481 = CARTESIAN_POINT('',(17.77999961947,27.94,-17.77999961947));
#482 = DIRECTION('',(0.,1.,-2.22044604925E-16));
#483 = DIRECTION('',(0.707106781187,-1.570092458684E-16,-0.707106781187)
  );
#484 = PCURVE('',#423,#485);
#485 = DEFINITIONAL_REPRESENTATION('',(#486),#490);
#486 = LINE('',#487,#488);
#487 = CARTESIAN_POINT('',(-6.28318530718,6.35));
#488 = VECTOR('',#489,1.);
#489 = DIRECTION('',(1.,2.261727773485E-15));
#490 = ( GEOMETRIC_REPRESENTATION_CONTEXT(2) 
PARAMETRIC_REPRESENTATION_CONTEXT() REPRESENTATION_CONTEXT('2D SPACE',''
  ) );
#491 = PCURVE('',#103,#492);
#492 = DEFINITIONAL_REPRESENTATION('',(#493),#501);
#493 = ( BOUNDED_CURVE() B_SPLINE_CURVE(2,(#494,#495,#496,#497,#498,#499
,#500),.UNSPECIFIED.,.T.,.F.) B_SPLINE_CURVE_WITH_KNOTS((1,2,2,2,2,1),(
    -2.094395102393,0.,2.094395102393,4.188790204786,6.28318530718,
8.377580409573),.UNSPECIFIED.) CURVE() GEOMETRIC_REPRESENTATION_ITEM() 
RATIONAL_B_SPLINE_CURVE((1.,0.5,1.,0.5,1.,0.5,1.)) REPRESENTATION_ITEM(
  '') );
#494 = CARTESIAN_POINT('',(23.168153291641,23.168153291641));
#495 = CARTESIAN_POINT('',(32.500709211645,13.835597371638));
#496 = CARTESIAN_POINT('',(19.752200742681,10.419644822677));
#497 = CARTESIAN_POINT('',(7.003692273717,7.003692273717));
#498 = CARTESIAN_POINT('',(10.419644822677,19.752200742681));
#499 = CARTESIAN_POINT('',(13.835597371638,32.500709211645));
#500 = CARTESIAN_POINT('',(23.168153291641,23.168153291641));
#501 = ( GEOMETRIC_REPRESENTATION_CONTEXT(2) 
PARAMETRIC_REPRESENTATION_CONTEXT() REPRESENTATION_CONTEXT('2D SPACE',''
  ) );
#502 = ORIENTED_EDGE('',*,*,#503,.F.);
#503 = EDGE_CURVE('',#414,#476,#504,.T.);
#504 = SURFACE_CURVE('',#505,(#509,#516),.PCURVE_S1.);
#505 = LINE('',#506,#507);
#506 = CARTESIAN_POINT('',(25.39999961947,21.59,-17.77999961947));
#507 = VECTOR('',#508,1.);
#508 = DIRECTION('',(0.,1.,-2.22044604925E-16));
#509 = PCURVE('',#423,#510);
#510 = DEFINITIONAL_REPRESENTATION('',(#511),#515);
#511 = LINE('',#512,#513);
#512 = CARTESIAN_POINT('',(-0.785398163397,0.));
#513 = VECTOR('',#514,1.);
#514 = DIRECTION('',(0.,1.));
#515 = ( GEOMETRIC_REPRESENTATION_CONTEXT(2) 
PARAMETRIC_REPRESENTATION_CONTEXT() REPRESENTATION_CONTEXT('2D SPACE',''
  ) );
#516 = PCURVE('',#517,#522);
#517 = PLANE('',#518);
#518 = AXIS2_PLACEMENT_3D('',#519,#520,#521);
#519 = CARTESIAN_POINT('',(25.39999961947,21.59,-4.697264799347E-10));
#520 = DIRECTION('',(1.,0.,0.));
#521 = DIRECTION('',(0.,-1.,2.22044604925E-16));
#522 = DEFINITIONAL_REPRESENTATION('',(#523),#527);
#523 = LINE('',#524,#525);
#524 = CARTESIAN_POINT('',(-3.947952990968E-15,17.779999619));
#525 = VECTOR('',#526,1.);
#526 = DIRECTION('',(-1.,-2.465190328816E-32));
#527 = ( GEOMETRIC_REPRESENTATION_CONTEXT(2) 
PARAMETRIC_REPRESENTATION_CONTEXT() REPRESENTATION_CONTEXT('2D SPACE',''
  ) );
#528 = ADVANCED_FACE('',(#529),#463,.T.);
#529 = FACE_BOUND('',#530,.T.);
#530 = EDGE_LOOP('',(#531,#532,#555,#583));
#531 = ORIENTED_EDGE('',*,*,#447,.T.);
#532 = ORIENTED_EDGE('',*,*,#533,.T.);
#533 = EDGE_CURVE('',#412,#534,#536,.T.);
#534 = VERTEX_POINT('',#535);
#535 = CARTESIAN_POINT('',(-17.77999961853,15.24,-25.39999961947));
#536 = SURFACE_CURVE('',#537,(#541,#548),.PCURVE_S1.);
#537 = LINE('',#538,#539);
#538 = CARTESIAN_POINT('',(4.697264799347E-10,15.24,-25.39999961947));
#539 = VECTOR('',#540,1.);
#540 = DIRECTION('',(-1.,0.,0.));
#541 = PCURVE('',#463,#542);
#542 = DEFINITIONAL_REPRESENTATION('',(#543),#547);
#543 = LINE('',#544,#545);
#544 = CARTESIAN_POINT('',(-6.35,0.));
#545 = VECTOR('',#546,1.);
#546 = DIRECTION('',(0.,-1.));
#547 = ( GEOMETRIC_REPRESENTATION_CONTEXT(2) 
PARAMETRIC_REPRESENTATION_CONTEXT() REPRESENTATION_CONTEXT('2D SPACE',''
  ) );
#548 = PCURVE('',#435,#549);
#549 = DEFINITIONAL_REPRESENTATION('',(#550),#554);
#550 = LINE('',#551,#552);
#551 = CARTESIAN_POINT('',(25.399999619,0.));
#552 = VECTOR('',#553,1.);
#553 = DIRECTION('',(-0.,-1.));
#554 = ( GEOMETRIC_REPRESENTATION_CONTEXT(2) 
PARAMETRIC_REPRESENTATION_CONTEXT() REPRESENTATION_CONTEXT('2D SPACE',''
  ) );
#555 = ORIENTED_EDGE('',*,*,#556,.T.);
#556 = EDGE_CURVE('',#534,#557,#559,.T.);
#557 = VERTEX_POINT('',#558);
#558 = CARTESIAN_POINT('',(-17.77999961853,27.94,-25.39999961947));
#559 = SURFACE_CURVE('',#560,(#564,#571),.PCURVE_S1.);
#560 = LINE('',#561,#562);
#561 = CARTESIAN_POINT('',(-17.77999961853,21.59,-25.39999961947));
#562 = VECTOR('',#563,1.);
#563 = DIRECTION('',(0.,1.,-2.22044604925E-16));
#564 = PCURVE('',#463,#565);
#565 = DEFINITIONAL_REPRESENTATION('',(#566),#570);
#566 = LINE('',#567,#568);
#567 = CARTESIAN_POINT('',(0.,-17.779999619));
#568 = VECTOR('',#569,1.);
#569 = DIRECTION('',(1.,0.));
#570 = ( GEOMETRIC_REPRESENTATION_CONTEXT(2) 
PARAMETRIC_REPRESENTATION_CONTEXT() REPRESENTATION_CONTEXT('2D SPACE',''
  ) );
#571 = PCURVE('',#572,#577);
#572 = CYLINDRICAL_SURFACE('',#573,7.62);
#573 = AXIS2_PLACEMENT_3D('',#574,#575,#576);
#574 = CARTESIAN_POINT('',(-17.77999961853,21.59,-17.77999961947));
#575 = DIRECTION('',(0.,1.,-2.22044604925E-16));
#576 = DIRECTION('',(-0.707106781187,-1.570092458684E-16,-0.707106781187
    ));
#577 = DEFINITIONAL_REPRESENTATION('',(#578),#582);
#578 = LINE('',#579,#580);
#579 = CARTESIAN_POINT('',(-0.785398163397,1.7763568394E-15));
#580 = VECTOR('',#581,1.);
#581 = DIRECTION('',(0.,1.));
#582 = ( GEOMETRIC_REPRESENTATION_CONTEXT(2) 
PARAMETRIC_REPRESENTATION_CONTEXT() REPRESENTATION_CONTEXT('2D SPACE',''
  ) );
#583 = ORIENTED_EDGE('',*,*,#584,.T.);
#584 = EDGE_CURVE('',#557,#448,#585,.T.);
#585 = SURFACE_CURVE('',#586,(#590,#597),.PCURVE_S1.);
#586 = LINE('',#587,#588);
#587 = CARTESIAN_POINT('',(4.697264799347E-10,27.94,-25.39999961947));
#588 = VECTOR('',#589,1.);
#589 = DIRECTION('',(1.,0.,0.));
#590 = PCURVE('',#463,#591);
#591 = DEFINITIONAL_REPRESENTATION('',(#592),#596);
#592 = LINE('',#593,#594);
#593 = CARTESIAN_POINT('',(6.35,0.));
#594 = VECTOR('',#595,1.);
#595 = DIRECTION('',(0.,1.));
#596 = ( GEOMETRIC_REPRESENTATION_CONTEXT(2) 
PARAMETRIC_REPRESENTATION_CONTEXT() REPRESENTATION_CONTEXT('2D SPACE',''
  ) );
#597 = PCURVE('',#103,#598);
#598 = DEFINITIONAL_REPRESENTATION('',(#599),#603);
#599 = LINE('',#600,#601);
#600 = CARTESIAN_POINT('',(25.399999619,0.));
#601 = VECTOR('',#602,1.);
#602 = DIRECTION('',(0.,1.));
#603 = ( GEOMETRIC_REPRESENTATION_CONTEXT(2) 
PARAMETRIC_REPRESENTATION_CONTEXT() REPRESENTATION_CONTEXT('2D SPACE',''
  ) );
#604 = ADVANCED_FACE('',(#605,#780),#103,.F.);
#605 = FACE_BOUND('',#606,.T.);
#606 = EDGE_LOOP('',(#607,#608,#609,#637,#665,#698,#726,#759));
#607 = ORIENTED_EDGE('',*,*,#475,.T.);
#608 = ORIENTED_EDGE('',*,*,#584,.F.);
#609 = ORIENTED_EDGE('',*,*,#610,.T.);
#610 = EDGE_CURVE('',#557,#611,#613,.T.);
#611 = VERTEX_POINT('',#612);
#612 = CARTESIAN_POINT('',(-25.39999961853,27.94,-17.77999961947));
#613 = SURFACE_CURVE('',#614,(#619,#630),.PCURVE_S1.);
#614 = CIRCLE('',#615,7.62);
#615 = AXIS2_PLACEMENT_3D('',#616,#617,#618);
#616 = CARTESIAN_POINT('',(-17.77999961853,27.94,-17.77999961947));
#617 = DIRECTION('',(0.,1.,-2.22044604925E-16));
#618 = DIRECTION('',(-0.707106781187,-1.570092458684E-16,-0.707106781187
    ));
#619 = PCURVE('',#103,#620);
#620 = DEFINITIONAL_REPRESENTATION('',(#621),#629);
#621 = ( BOUNDED_CURVE() B_SPLINE_CURVE(2,(#622,#623,#624,#625,#626,#627
,#628),.UNSPECIFIED.,.T.,.F.) B_SPLINE_CURVE_WITH_KNOTS((1,2,2,2,2,1),(
    -2.094395102393,0.,2.094395102393,4.188790204786,6.28318530718,
8.377580409573),.UNSPECIFIED.) CURVE() GEOMETRIC_REPRESENTATION_ITEM() 
RATIONAL_B_SPLINE_CURVE((1.,0.5,1.,0.5,1.,0.5,1.)) REPRESENTATION_ITEM(
  '') );
#622 = CARTESIAN_POINT('',(23.168153291641,-23.16815329164));
#623 = CARTESIAN_POINT('',(13.835597371638,-32.50070921164));
#624 = CARTESIAN_POINT('',(10.419644822677,-19.75220074268));
#625 = CARTESIAN_POINT('',(7.003692273717,-7.003692273717));
#626 = CARTESIAN_POINT('',(19.752200742681,-10.41964482267));
#627 = CARTESIAN_POINT('',(32.500709211645,-13.83559737163));
#628 = CARTESIAN_POINT('',(23.168153291641,-23.16815329164));
#629 = ( GEOMETRIC_REPRESENTATION_CONTEXT(2) 
PARAMETRIC_REPRESENTATION_CONTEXT() REPRESENTATION_CONTEXT('2D SPACE',''
  ) );
#630 = PCURVE('',#572,#631);
#631 = DEFINITIONAL_REPRESENTATION('',(#632),#636);
#632 = LINE('',#633,#634);
#633 = CARTESIAN_POINT('',(-6.28318530718,6.35));
#634 = VECTOR('',#635,1.);
#635 = DIRECTION('',(1.,-2.261727773485E-15));
#636 = ( GEOMETRIC_REPRESENTATION_CONTEXT(2) 
PARAMETRIC_REPRESENTATION_CONTEXT() REPRESENTATION_CONTEXT('2D SPACE',''
  ) );
#637 = ORIENTED_EDGE('',*,*,#638,.F.);
#638 = EDGE_CURVE('',#639,#611,#641,.T.);
#639 = VERTEX_POINT('',#640);
#640 = CARTESIAN_POINT('',(-25.39999961853,27.94,17.77999961853));
#641 = SURFACE_CURVE('',#642,(#646,#653),.PCURVE_S1.);
#642 = LINE('',#643,#644);
#643 = CARTESIAN_POINT('',(-25.39999961853,27.94,-4.697278899179E-10));
#644 = VECTOR('',#645,1.);
#645 = DIRECTION('',(0.,-2.22044604925E-16,-1.));
#646 = PCURVE('',#103,#647);
#647 = DEFINITIONAL_REPRESENTATION('',(#648),#652);
#648 = LINE('',#649,#650);
#649 = CARTESIAN_POINT('',(-0.,-25.399999619));
#650 = VECTOR('',#651,1.);
#651 = DIRECTION('',(1.,0.));
#652 = ( GEOMETRIC_REPRESENTATION_CONTEXT(2) 
PARAMETRIC_REPRESENTATION_CONTEXT() REPRESENTATION_CONTEXT('2D SPACE',''
  ) );
#653 = PCURVE('',#654,#659);
#654 = PLANE('',#655);
#655 = AXIS2_PLACEMENT_3D('',#656,#657,#658);
#656 = CARTESIAN_POINT('',(-25.39999961853,21.59,-4.697264799347E-10));
#657 = DIRECTION('',(-1.,0.,0.));
#658 = DIRECTION('',(0.,1.,-2.22044604925E-16));
#659 = DEFINITIONAL_REPRESENTATION('',(#660),#664);
#660 = LINE('',#661,#662);
#661 = CARTESIAN_POINT('',(6.35,-1.861147700774E-25));
#662 = VECTOR('',#663,1.);
#663 = DIRECTION('',(2.465190328816E-32,1.));
#664 = ( GEOMETRIC_REPRESENTATION_CONTEXT(2) 
PARAMETRIC_REPRESENTATION_CONTEXT() REPRESENTATION_CONTEXT('2D SPACE',''
  ) );
#665 = ORIENTED_EDGE('',*,*,#666,.T.);
#666 = EDGE_CURVE('',#639,#667,#669,.T.);
#667 = VERTEX_POINT('',#668);
#668 = CARTESIAN_POINT('',(-17.77999961853,27.94,25.39999961853));
#669 = SURFACE_CURVE('',#670,(#675,#686),.PCURVE_S1.);
#670 = CIRCLE('',#671,7.62);
#671 = AXIS2_PLACEMENT_3D('',#672,#673,#674);
#672 = CARTESIAN_POINT('',(-17.77999961853,27.94,17.77999961853));
#673 = DIRECTION('',(0.,1.,-2.22044604925E-16));
#674 = DIRECTION('',(-0.707106781187,1.570092458684E-16,0.707106781187)
  );
#675 = PCURVE('',#103,#676);
#676 = DEFINITIONAL_REPRESENTATION('',(#677),#685);
#677 = ( BOUNDED_CURVE() B_SPLINE_CURVE(2,(#678,#679,#680,#681,#682,#683
,#684),.UNSPECIFIED.,.T.,.F.) B_SPLINE_CURVE_WITH_KNOTS((1,2,2,2,2,1),(
    -2.094395102393,0.,2.094395102393,4.188790204786,6.28318530718,
8.377580409573),.UNSPECIFIED.) CURVE() GEOMETRIC_REPRESENTATION_ITEM() 
RATIONAL_B_SPLINE_CURVE((1.,0.5,1.,0.5,1.,0.5,1.)) REPRESENTATION_ITEM(
  '') );
#678 = CARTESIAN_POINT('',(-23.16815329164,-23.16815329164));
#679 = CARTESIAN_POINT('',(-32.50070921164,-13.83559737163));
#680 = CARTESIAN_POINT('',(-19.75220074268,-10.41964482267));
#681 = CARTESIAN_POINT('',(-7.003692273717,-7.003692273717));
#682 = CARTESIAN_POINT('',(-10.41964482267,-19.75220074268));
#683 = CARTESIAN_POINT('',(-13.83559737163,-32.50070921164));
#684 = CARTESIAN_POINT('',(-23.16815329164,-23.16815329164));
#685 = ( GEOMETRIC_REPRESENTATION_CONTEXT(2) 
PARAMETRIC_REPRESENTATION_CONTEXT() REPRESENTATION_CONTEXT('2D SPACE',''
  ) );
#686 = PCURVE('',#687,#692);
#687 = CYLINDRICAL_SURFACE('',#688,7.62);
#688 = AXIS2_PLACEMENT_3D('',#689,#690,#691);
#689 = CARTESIAN_POINT('',(-17.77999961853,21.59,17.77999961853));
#690 = DIRECTION('',(0.,1.,-2.22044604925E-16));
#691 = DIRECTION('',(-0.707106781187,1.570092458684E-16,0.707106781187)
  );
#692 = DEFINITIONAL_REPRESENTATION('',(#693),#697);
#693 = LINE('',#694,#695);
#694 = CARTESIAN_POINT('',(-6.28318530718,6.35));
#695 = VECTOR('',#696,1.);
#696 = DIRECTION('',(1.,-2.261727773485E-15));
#697 = ( GEOMETRIC_REPRESENTATION_CONTEXT(2) 
PARAMETRIC_REPRESENTATION_CONTEXT() REPRESENTATION_CONTEXT('2D SPACE',''
  ) );
#698 = ORIENTED_EDGE('',*,*,#699,.F.);
#699 = EDGE_CURVE('',#700,#667,#702,.T.);
#700 = VERTEX_POINT('',#701);
#701 = CARTESIAN_POINT('',(17.77999961947,27.94,25.39999961853));
#702 = SURFACE_CURVE('',#703,(#707,#714),.PCURVE_S1.);
#703 = LINE('',#704,#705);
#704 = CARTESIAN_POINT('',(4.697264799347E-10,27.94,25.39999961853));
#705 = VECTOR('',#706,1.);
#706 = DIRECTION('',(-1.,0.,0.));
#707 = PCURVE('',#103,#708);
#708 = DEFINITIONAL_REPRESENTATION('',(#709),#713);
#709 = LINE('',#710,#711);
#710 = CARTESIAN_POINT('',(-25.399999619,0.));
#711 = VECTOR('',#712,1.);
#712 = DIRECTION('',(-0.,-1.));
#713 = ( GEOMETRIC_REPRESENTATION_CONTEXT(2) 
PARAMETRIC_REPRESENTATION_CONTEXT() REPRESENTATION_CONTEXT('2D SPACE',''
  ) );
#714 = PCURVE('',#715,#720);
#715 = PLANE('',#716);
#716 = AXIS2_PLACEMENT_3D('',#717,#718,#719);
#717 = CARTESIAN_POINT('',(4.697264799347E-10,21.59,25.39999961853));
#718 = DIRECTION('',(0.,2.22044604925E-16,1.));
#719 = DIRECTION('',(0.,-1.,2.22044604925E-16));
#720 = DEFINITIONAL_REPRESENTATION('',(#721),#725);
#721 = LINE('',#722,#723);
#722 = CARTESIAN_POINT('',(-6.35,0.));
#723 = VECTOR('',#724,1.);
#724 = DIRECTION('',(0.,-1.));
#725 = ( GEOMETRIC_REPRESENTATION_CONTEXT(2) 
PARAMETRIC_REPRESENTATION_CONTEXT() REPRESENTATION_CONTEXT('2D SPACE',''
  ) );
#726 = ORIENTED_EDGE('',*,*,#727,.T.);
#727 = EDGE_CURVE('',#700,#728,#730,.T.);
#728 = VERTEX_POINT('',#729);
#729 = CARTESIAN_POINT('',(25.39999961947,27.94,17.77999961853));
#730 = SURFACE_CURVE('',#731,(#736,#747),.PCURVE_S1.);
#731 = CIRCLE('',#732,7.62);
#732 = AXIS2_PLACEMENT_3D('',#733,#734,#735);
#733 = CARTESIAN_POINT('',(17.77999961947,27.94,17.77999961853));
#734 = DIRECTION('',(0.,1.,-2.22044604925E-16));
#735 = DIRECTION('',(0.707106781187,1.570092458684E-16,0.707106781187));
#736 = PCURVE('',#103,#737);
#737 = DEFINITIONAL_REPRESENTATION('',(#738),#746);
#738 = ( BOUNDED_CURVE() B_SPLINE_CURVE(2,(#739,#740,#741,#742,#743,#744
,#745),.UNSPECIFIED.,.T.,.F.) B_SPLINE_CURVE_WITH_KNOTS((1,2,2,2,2,1),(
    -2.094395102393,0.,2.094395102393,4.188790204786,6.28318530718,
8.377580409573),.UNSPECIFIED.) CURVE() GEOMETRIC_REPRESENTATION_ITEM() 
RATIONAL_B_SPLINE_CURVE((1.,0.5,1.,0.5,1.,0.5,1.)) REPRESENTATION_ITEM(
  '') );
#739 = CARTESIAN_POINT('',(-23.16815329164,23.168153291641));
#740 = CARTESIAN_POINT('',(-13.83559737163,32.500709211645));
#741 = CARTESIAN_POINT('',(-10.41964482267,19.752200742681));
#742 = CARTESIAN_POINT('',(-7.003692273717,7.003692273717));
#743 = CARTESIAN_POINT('',(-19.75220074268,10.419644822677));
#744 = CARTESIAN_POINT('',(-32.50070921164,13.835597371638));
#745 = CARTESIAN_POINT('',(-23.16815329164,23.168153291641));
#746 = ( GEOMETRIC_REPRESENTATION_CONTEXT(2) 
PARAMETRIC_REPRESENTATION_CONTEXT() REPRESENTATION_CONTEXT('2D SPACE',''
  ) );
#747 = PCURVE('',#748,#753);
#748 = CYLINDRICAL_SURFACE('',#749,7.62);
#749 = AXIS2_PLACEMENT_3D('',#750,#751,#752);
#750 = CARTESIAN_POINT('',(17.77999961947,21.59,17.77999961853));
#751 = DIRECTION('',(0.,1.,-2.22044604925E-16));
#752 = DIRECTION('',(0.707106781187,1.570092458684E-16,0.707106781187));
#753 = DEFINITIONAL_REPRESENTATION('',(#754),#758);
#754 = LINE('',#755,#756);
#755 = CARTESIAN_POINT('',(-6.28318530718,6.35));
#756 = VECTOR('',#757,1.);
#757 = DIRECTION('',(1.,2.261727773485E-15));
#758 = ( GEOMETRIC_REPRESENTATION_CONTEXT(2) 
PARAMETRIC_REPRESENTATION_CONTEXT() REPRESENTATION_CONTEXT('2D SPACE',''
  ) );
#759 = ORIENTED_EDGE('',*,*,#760,.F.);
#760 = EDGE_CURVE('',#476,#728,#761,.T.);
#761 = SURFACE_CURVE('',#762,(#766,#773),.PCURVE_S1.);
#762 = LINE('',#763,#764);
#763 = CARTESIAN_POINT('',(25.39999961947,27.94,-4.697278899179E-10));
#764 = VECTOR('',#765,1.);
#765 = DIRECTION('',(0.,2.22044604925E-16,1.));
#766 = PCURVE('',#103,#767);
#767 = DEFINITIONAL_REPRESENTATION('',(#768),#772);
#768 = LINE('',#769,#770);
#769 = CARTESIAN_POINT('',(0.,25.399999619));
#770 = VECTOR('',#771,1.);
#771 = DIRECTION('',(-1.,0.));
#772 = ( GEOMETRIC_REPRESENTATION_CONTEXT(2) 
PARAMETRIC_REPRESENTATION_CONTEXT() REPRESENTATION_CONTEXT('2D SPACE',''
  ) );
#773 = PCURVE('',#517,#774);
#774 = DEFINITIONAL_REPRESENTATION('',(#775),#779);
#775 = LINE('',#776,#777);
#776 = CARTESIAN_POINT('',(-6.35,-1.861147700774E-25));
#777 = VECTOR('',#778,1.);
#778 = DIRECTION('',(2.465190328816E-32,-1.));
#779 = ( GEOMETRIC_REPRESENTATION_CONTEXT(2) 
PARAMETRIC_REPRESENTATION_CONTEXT() REPRESENTATION_CONTEXT('2D SPACE',''
  ) );
#780 = FACE_BOUND('',#781,.T.);
#781 = EDGE_LOOP('',(#782,#812,#834,#835,#836,#837,#838,#861));
#782 = ORIENTED_EDGE('',*,*,#783,.F.);
#783 = EDGE_CURVE('',#784,#786,#788,.T.);
#784 = VERTEX_POINT('',#785);
#785 = CARTESIAN_POINT('',(22.860000729561,27.94,15.240000729561));
#786 = VERTEX_POINT('',#787);
#787 = CARTESIAN_POINT('',(22.860000729561,27.94,-15.24000072956));
#788 = SURFACE_CURVE('',#789,(#793,#800),.PCURVE_S1.);
#789 = LINE('',#790,#791);
#790 = CARTESIAN_POINT('',(22.860000729561,27.94,11.430000364546));
#791 = VECTOR('',#792,1.);
#792 = DIRECTION('',(0.,-2.22044604925E-16,-1.));
#793 = PCURVE('',#103,#794);
#794 = DEFINITIONAL_REPRESENTATION('',(#795),#799);
#795 = LINE('',#796,#797);
#796 = CARTESIAN_POINT('',(-11.43000036501,22.860000729091));
#797 = VECTOR('',#798,1.);
#798 = DIRECTION('',(1.,0.));
#799 = ( GEOMETRIC_REPRESENTATION_CONTEXT(2) 
PARAMETRIC_REPRESENTATION_CONTEXT() REPRESENTATION_CONTEXT('2D SPACE',''
  ) );
#800 = PCURVE('',#801,#806);
#801 = PLANE('',#802);
#802 = AXIS2_PLACEMENT_3D('',#803,#804,#805);
#803 = CARTESIAN_POINT('',(22.860000729561,27.94,22.860000729561));
#804 = DIRECTION('',(-1.,0.,0.));
#805 = DIRECTION('',(-0.,-2.22044604925E-16,-1.));
#806 = DEFINITIONAL_REPRESENTATION('',(#807),#811);
#807 = LINE('',#808,#809);
#808 = CARTESIAN_POINT('',(11.430000365015,-2.537969915343E-15));
#809 = VECTOR('',#810,1.);
#810 = DIRECTION('',(1.,-2.465190328816E-32));
#811 = ( GEOMETRIC_REPRESENTATION_CONTEXT(2) 
PARAMETRIC_REPRESENTATION_CONTEXT() REPRESENTATION_CONTEXT('2D SPACE',''
  ) );
#812 = ORIENTED_EDGE('',*,*,#813,.T.);
#813 = EDGE_CURVE('',#784,#337,#814,.T.);
#814 = SURFACE_CURVE('',#815,(#820,#827),.PCURVE_S1.);
#815 = CIRCLE('',#816,7.62);
#816 = AXIS2_PLACEMENT_3D('',#817,#818,#819);
#817 = CARTESIAN_POINT('',(15.240000729561,27.94,15.240000729561));
#818 = DIRECTION('',(0.,-1.,2.22044604925E-16));
#819 = DIRECTION('',(0.707106781187,1.570092458684E-16,0.707106781187));
#820 = PCURVE('',#103,#821);
#821 = DEFINITIONAL_REPRESENTATION('',(#822),#826);
#822 = CIRCLE('',#823,7.62);
#823 = AXIS2_PLACEMENT_2D('',#824,#825);
#824 = CARTESIAN_POINT('',(-15.24000073003,15.240000729091));
#825 = DIRECTION('',(-0.707106781187,0.707106781187));
#826 = ( GEOMETRIC_REPRESENTATION_CONTEXT(2) 
PARAMETRIC_REPRESENTATION_CONTEXT() REPRESENTATION_CONTEXT('2D SPACE',''
  ) );
#827 = PCURVE('',#375,#828);
#828 = DEFINITIONAL_REPRESENTATION('',(#829),#833);
#829 = LINE('',#830,#831);
#830 = CARTESIAN_POINT('',(12.566370614359,1.24344978758E-14));
#831 = VECTOR('',#832,1.);
#832 = DIRECTION('',(-1.,-2.261727773485E-15));
#833 = ( GEOMETRIC_REPRESENTATION_CONTEXT(2) 
PARAMETRIC_REPRESENTATION_CONTEXT() REPRESENTATION_CONTEXT('2D SPACE',''
  ) );
#834 = ORIENTED_EDGE('',*,*,#336,.F.);
#835 = ORIENTED_EDGE('',*,*,#283,.T.);
#836 = ORIENTED_EDGE('',*,*,#178,.F.);
#837 = ORIENTED_EDGE('',*,*,#86,.T.);
#838 = ORIENTED_EDGE('',*,*,#839,.F.);
#839 = EDGE_CURVE('',#840,#87,#842,.T.);
#840 = VERTEX_POINT('',#841);
#841 = CARTESIAN_POINT('',(15.240000729561,27.94,-22.86000072956));
#842 = SURFACE_CURVE('',#843,(#847,#854),.PCURVE_S1.);
#843 = LINE('',#844,#845);
#844 = CARTESIAN_POINT('',(11.430000365015,27.94,-22.86000072956));
#845 = VECTOR('',#846,1.);
#846 = DIRECTION('',(-1.,0.,0.));
#847 = PCURVE('',#103,#848);
#848 = DEFINITIONAL_REPRESENTATION('',(#849),#853);
#849 = LINE('',#850,#851);
#850 = CARTESIAN_POINT('',(22.860000729091,11.430000364546));
#851 = VECTOR('',#852,1.);
#852 = DIRECTION('',(-0.,-1.));
#853 = ( GEOMETRIC_REPRESENTATION_CONTEXT(2) 
PARAMETRIC_REPRESENTATION_CONTEXT() REPRESENTATION_CONTEXT('2D SPACE',''
  ) );
#854 = PCURVE('',#131,#855);
#855 = DEFINITIONAL_REPRESENTATION('',(#856),#860);
#856 = LINE('',#857,#858);
#857 = CARTESIAN_POINT('',(11.430000364546,0.));
#858 = VECTOR('',#859,1.);
#859 = DIRECTION('',(1.,0.));
#860 = ( GEOMETRIC_REPRESENTATION_CONTEXT(2) 
PARAMETRIC_REPRESENTATION_CONTEXT() REPRESENTATION_CONTEXT('2D SPACE',''
  ) );
#861 = ORIENTED_EDGE('',*,*,#862,.T.);
#862 = EDGE_CURVE('',#840,#786,#863,.T.);
#863 = SURFACE_CURVE('',#864,(#869,#876),.PCURVE_S1.);
#864 = CIRCLE('',#865,7.62);
#865 = AXIS2_PLACEMENT_3D('',#866,#867,#868);
#866 = CARTESIAN_POINT('',(15.240000729561,27.94,-15.24000072956));
#867 = DIRECTION('',(0.,-1.,2.22044604925E-16));
#868 = DIRECTION('',(0.707106781187,-1.570092458684E-16,-0.707106781187)
  );
#869 = PCURVE('',#103,#870);
#870 = DEFINITIONAL_REPRESENTATION('',(#871),#875);
#871 = CIRCLE('',#872,7.62);
#872 = AXIS2_PLACEMENT_2D('',#873,#874);
#873 = CARTESIAN_POINT('',(15.240000729091,15.240000729091));
#874 = DIRECTION('',(0.707106781187,0.707106781187));
#875 = ( GEOMETRIC_REPRESENTATION_CONTEXT(2) 
PARAMETRIC_REPRESENTATION_CONTEXT() REPRESENTATION_CONTEXT('2D SPACE',''
  ) );
#876 = PCURVE('',#877,#882);
#877 = CYLINDRICAL_SURFACE('',#878,7.62);
#878 = AXIS2_PLACEMENT_3D('',#879,#880,#881);
#879 = CARTESIAN_POINT('',(15.240000729561,27.94,-15.24000072956));
#880 = DIRECTION('',(0.,1.,-4.370956789863E-16));
#881 = DIRECTION('',(0.707106781187,-3.090733186385E-16,-0.707106781187)
  );
#882 = DEFINITIONAL_REPRESENTATION('',(#883),#887);
#883 = LINE('',#884,#885);
#884 = CARTESIAN_POINT('',(6.28318530718,1.59872115546E-14));
#885 = VECTOR('',#886,1.);
#886 = DIRECTION('',(-1.,-2.261727773485E-15));
#887 = ( GEOMETRIC_REPRESENTATION_CONTEXT(2) 
PARAMETRIC_REPRESENTATION_CONTEXT() REPRESENTATION_CONTEXT('2D SPACE',''
  ) );
#888 = ADVANCED_FACE('',(#889),#375,.F.);
#889 = FACE_BOUND('',#890,.F.);
#890 = EDGE_LOOP('',(#891,#914,#915,#916));
#891 = ORIENTED_EDGE('',*,*,#892,.T.);
#892 = EDGE_CURVE('',#893,#784,#895,.T.);
#893 = VERTEX_POINT('',#894);
#894 = CARTESIAN_POINT('',(22.860000729561,17.78,15.240000729561));
#895 = SURFACE_CURVE('',#896,(#900,#907),.PCURVE_S1.);
#896 = LINE('',#897,#898);
#897 = CARTESIAN_POINT('',(22.860000729561,27.94,15.240000729561));
#898 = VECTOR('',#899,1.);
#899 = DIRECTION('',(0.,1.,-4.370956789863E-16));
#900 = PCURVE('',#375,#901);
#901 = DEFINITIONAL_REPRESENTATION('',(#902),#906);
#902 = LINE('',#903,#904);
#903 = CARTESIAN_POINT('',(7.068583470577,0.));
#904 = VECTOR('',#905,1.);
#905 = DIRECTION('',(9.834652777191E-17,1.));
#906 = ( GEOMETRIC_REPRESENTATION_CONTEXT(2) 
PARAMETRIC_REPRESENTATION_CONTEXT() REPRESENTATION_CONTEXT('2D SPACE',''
  ) );
#907 = PCURVE('',#801,#908);
#908 = DEFINITIONAL_REPRESENTATION('',(#909),#913);
#909 = LINE('',#910,#911);
#910 = CARTESIAN_POINT('',(7.62,-1.691979889529E-15));
#911 = VECTOR('',#912,1.);
#912 = DIRECTION('',(2.150510740613E-16,-1.));
#913 = ( GEOMETRIC_REPRESENTATION_CONTEXT(2) 
PARAMETRIC_REPRESENTATION_CONTEXT() REPRESENTATION_CONTEXT('2D SPACE',''
  ) );
#914 = ORIENTED_EDGE('',*,*,#813,.T.);
#915 = ORIENTED_EDGE('',*,*,#359,.T.);
#916 = ORIENTED_EDGE('',*,*,#917,.F.);
#917 = EDGE_CURVE('',#893,#360,#918,.T.);
#918 = SURFACE_CURVE('',#919,(#924,#931),.PCURVE_S1.);
#919 = CIRCLE('',#920,7.62);
#920 = AXIS2_PLACEMENT_3D('',#921,#922,#923);
#921 = CARTESIAN_POINT('',(15.240000729561,17.78,15.240000729561));
#922 = DIRECTION('',(0.,-1.,4.370956789863E-16));
#923 = DIRECTION('',(0.707106781187,3.090733186385E-16,0.707106781187));
#924 = PCURVE('',#375,#925);
#925 = DEFINITIONAL_REPRESENTATION('',(#926),#930);
#926 = LINE('',#927,#928);
#927 = CARTESIAN_POINT('',(12.566370614359,-10.16));
#928 = VECTOR('',#929,1.);
#929 = DIRECTION('',(-1.,0.));
#930 = ( GEOMETRIC_REPRESENTATION_CONTEXT(2) 
PARAMETRIC_REPRESENTATION_CONTEXT() REPRESENTATION_CONTEXT('2D SPACE',''
  ) );
#931 = PCURVE('',#158,#932);
#932 = DEFINITIONAL_REPRESENTATION('',(#933),#941);
#933 = ( BOUNDED_CURVE() B_SPLINE_CURVE(2,(#934,#935,#936,#937,#938,#939
,#940),.UNSPECIFIED.,.T.,.F.) B_SPLINE_CURVE_WITH_KNOTS((1,2,2,2,2,1),(
    -2.094395102393,0.,2.094395102393,4.188790204786,6.28318530718,
8.377580409573),.UNSPECIFIED.) CURVE() GEOMETRIC_REPRESENTATION_ITEM() 
RATIONAL_B_SPLINE_CURVE((1.,0.5,1.,0.5,1.,0.5,1.)) REPRESENTATION_ITEM(
  '') );
#934 = CARTESIAN_POINT('',(20.628154402202,20.628154402202));
#935 = CARTESIAN_POINT('',(29.960710322206,11.295598482198));
#936 = CARTESIAN_POINT('',(17.212201853242,7.879645933238));
#937 = CARTESIAN_POINT('',(4.463693384278,4.463693384278));
#938 = CARTESIAN_POINT('',(7.879645933238,17.212201853242));
#939 = CARTESIAN_POINT('',(11.295598482198,29.960710322206));
#940 = CARTESIAN_POINT('',(20.628154402202,20.628154402202));
#941 = ( GEOMETRIC_REPRESENTATION_CONTEXT(2) 
PARAMETRIC_REPRESENTATION_CONTEXT() REPRESENTATION_CONTEXT('2D SPACE',''
  ) );
#942 = ADVANCED_FACE('',(#943),#801,.T.);
#943 = FACE_BOUND('',#944,.T.);
#944 = EDGE_LOOP('',(#945,#946,#947,#970));
#945 = ORIENTED_EDGE('',*,*,#892,.T.);
#946 = ORIENTED_EDGE('',*,*,#783,.T.);
#947 = ORIENTED_EDGE('',*,*,#948,.T.);
#948 = EDGE_CURVE('',#786,#949,#951,.T.);
#949 = VERTEX_POINT('',#950);
#950 = CARTESIAN_POINT('',(22.860000729561,17.78,-15.24000072956));
#951 = SURFACE_CURVE('',#952,(#956,#963),.PCURVE_S1.);
#952 = LINE('',#953,#954);
#953 = CARTESIAN_POINT('',(22.860000729561,27.94,-15.24000072956));
#954 = VECTOR('',#955,1.);
#955 = DIRECTION('',(0.,-1.,4.370956789863E-16));
#956 = PCURVE('',#801,#957);
#957 = DEFINITIONAL_REPRESENTATION('',(#958),#962);
#958 = LINE('',#959,#960);
#959 = CARTESIAN_POINT('',(38.100001459122,-8.459899771634E-15));
#960 = VECTOR('',#961,1.);
#961 = DIRECTION('',(-2.150510740613E-16,1.));
#962 = ( GEOMETRIC_REPRESENTATION_CONTEXT(2) 
PARAMETRIC_REPRESENTATION_CONTEXT() REPRESENTATION_CONTEXT('2D SPACE',''
  ) );
#963 = PCURVE('',#877,#964);
#964 = DEFINITIONAL_REPRESENTATION('',(#965),#969);
#965 = LINE('',#966,#967);
#966 = CARTESIAN_POINT('',(-0.785398163397,0.));
#967 = VECTOR('',#968,1.);
#968 = DIRECTION('',(0.,-1.));
#969 = ( GEOMETRIC_REPRESENTATION_CONTEXT(2) 
PARAMETRIC_REPRESENTATION_CONTEXT() REPRESENTATION_CONTEXT('2D SPACE',''
  ) );
#970 = ORIENTED_EDGE('',*,*,#971,.F.);
#971 = EDGE_CURVE('',#893,#949,#972,.T.);
#972 = SURFACE_CURVE('',#973,(#977,#984),.PCURVE_S1.);
#973 = LINE('',#974,#975);
#974 = CARTESIAN_POINT('',(22.860000729561,17.78,22.860000729561));
#975 = VECTOR('',#976,1.);
#976 = DIRECTION('',(0.,-2.22044604925E-16,-1.));
#977 = PCURVE('',#801,#978);
#978 = DEFINITIONAL_REPRESENTATION('',(#979),#983);
#979 = LINE('',#980,#981);
#980 = CARTESIAN_POINT('',(-1.007727234992E-13,10.16));
#981 = VECTOR('',#982,1.);
#982 = DIRECTION('',(1.,-2.465190328816E-32));
#983 = ( GEOMETRIC_REPRESENTATION_CONTEXT(2) 
PARAMETRIC_REPRESENTATION_CONTEXT() REPRESENTATION_CONTEXT('2D SPACE',''
  ) );
#984 = PCURVE('',#158,#985);
#985 = DEFINITIONAL_REPRESENTATION('',(#986),#990);
#986 = LINE('',#987,#988);
#987 = CARTESIAN_POINT('',(22.860000729561,22.860000729561));
#988 = VECTOR('',#989,1.);
#989 = DIRECTION('',(-1.,0.));
#990 = ( GEOMETRIC_REPRESENTATION_CONTEXT(2) 
PARAMETRIC_REPRESENTATION_CONTEXT() REPRESENTATION_CONTEXT('2D SPACE',''
  ) );
#991 = ADVANCED_FACE('',(#992),#748,.T.);
#992 = FACE_BOUND('',#993,.T.);
#993 = EDGE_LOOP('',(#994,#1020,#1041,#1042));
#994 = ORIENTED_EDGE('',*,*,#995,.F.);
#995 = EDGE_CURVE('',#996,#998,#1000,.T.);
#996 = VERTEX_POINT('',#997);
#997 = CARTESIAN_POINT('',(25.39999961947,15.24,17.77999961853));
#998 = VERTEX_POINT('',#999);
#999 = CARTESIAN_POINT('',(17.77999961947,15.24,25.39999961853));
#1000 = SURFACE_CURVE('',#1001,(#1006,#1013),.PCURVE_S1.);
#1001 = CIRCLE('',#1002,7.62);
#1002 = AXIS2_PLACEMENT_3D('',#1003,#1004,#1005);
#1003 = CARTESIAN_POINT('',(17.77999961947,15.24,17.77999961853));
#1004 = DIRECTION('',(0.,-1.,2.22044604925E-16));
#1005 = DIRECTION('',(0.707106781187,1.570092458684E-16,0.707106781187)
  );
#1006 = PCURVE('',#748,#1007);
#1007 = DEFINITIONAL_REPRESENTATION('',(#1008),#1012);
#1008 = LINE('',#1009,#1010);
#1009 = CARTESIAN_POINT('',(6.28318530718,-6.35));
#1010 = VECTOR('',#1011,1.);
#1011 = DIRECTION('',(-1.,0.));
#1012 = ( GEOMETRIC_REPRESENTATION_CONTEXT(2) 
PARAMETRIC_REPRESENTATION_CONTEXT() REPRESENTATION_CONTEXT('2D SPACE',''
  ) );
#1013 = PCURVE('',#435,#1014);
#1014 = DEFINITIONAL_REPRESENTATION('',(#1015),#1019);
#1015 = CIRCLE('',#1016,7.62);
#1016 = AXIS2_PLACEMENT_2D('',#1017,#1018);
#1017 = CARTESIAN_POINT('',(-17.779999619,17.779999619));
#1018 = DIRECTION('',(-0.707106781187,0.707106781187));
#1019 = ( GEOMETRIC_REPRESENTATION_CONTEXT(2) 
PARAMETRIC_REPRESENTATION_CONTEXT() REPRESENTATION_CONTEXT('2D SPACE',''
  ) );
#1020 = ORIENTED_EDGE('',*,*,#1021,.F.);
#1021 = EDGE_CURVE('',#728,#996,#1022,.T.);
#1022 = SURFACE_CURVE('',#1023,(#1027,#1034),.PCURVE_S1.);
#1023 = LINE('',#1024,#1025);
#1024 = CARTESIAN_POINT('',(25.39999961947,21.59,17.77999961853));
#1025 = VECTOR('',#1026,1.);
#1026 = DIRECTION('',(0.,-1.,2.22044604925E-16));
#1027 = PCURVE('',#748,#1028);
#1028 = DEFINITIONAL_REPRESENTATION('',(#1029),#1033);
#1029 = LINE('',#1030,#1031);
#1030 = CARTESIAN_POINT('',(0.785398163397,0.));
#1031 = VECTOR('',#1032,1.);
#1032 = DIRECTION('',(0.,-1.));
#1033 = ( GEOMETRIC_REPRESENTATION_CONTEXT(2) 
PARAMETRIC_REPRESENTATION_CONTEXT() REPRESENTATION_CONTEXT('2D SPACE',''
  ) );
#1034 = PCURVE('',#517,#1035);
#1035 = DEFINITIONAL_REPRESENTATION('',(#1036),#1040);
#1036 = LINE('',#1037,#1038);
#1037 = CARTESIAN_POINT('',(3.947952990968E-15,-17.779999619));
#1038 = VECTOR('',#1039,1.);
#1039 = DIRECTION('',(1.,2.465190328816E-32));
#1040 = ( GEOMETRIC_REPRESENTATION_CONTEXT(2) 
PARAMETRIC_REPRESENTATION_CONTEXT() REPRESENTATION_CONTEXT('2D SPACE',''
  ) );
#1041 = ORIENTED_EDGE('',*,*,#727,.F.);
#1042 = ORIENTED_EDGE('',*,*,#1043,.F.);
#1043 = EDGE_CURVE('',#998,#700,#1044,.T.);
#1044 = SURFACE_CURVE('',#1045,(#1049,#1056),.PCURVE_S1.);
#1045 = LINE('',#1046,#1047);
#1046 = CARTESIAN_POINT('',(17.77999961947,21.59,25.39999961853));
#1047 = VECTOR('',#1048,1.);
#1048 = DIRECTION('',(0.,1.,-2.22044604925E-16));
#1049 = PCURVE('',#748,#1050);
#1050 = DEFINITIONAL_REPRESENTATION('',(#1051),#1055);
#1051 = LINE('',#1052,#1053);
#1052 = CARTESIAN_POINT('',(-0.785398163397,-1.7763568394E-15));
#1053 = VECTOR('',#1054,1.);
#1054 = DIRECTION('',(0.,1.));
#1055 = ( GEOMETRIC_REPRESENTATION_CONTEXT(2) 
PARAMETRIC_REPRESENTATION_CONTEXT() REPRESENTATION_CONTEXT('2D SPACE',''
  ) );
#1056 = PCURVE('',#715,#1057);
#1057 = DEFINITIONAL_REPRESENTATION('',(#1058),#1062);
#1058 = LINE('',#1059,#1060);
#1059 = CARTESIAN_POINT('',(0.,17.779999619));
#1060 = VECTOR('',#1061,1.);
#1061 = DIRECTION('',(-1.,0.));
#1062 = ( GEOMETRIC_REPRESENTATION_CONTEXT(2) 
PARAMETRIC_REPRESENTATION_CONTEXT() REPRESENTATION_CONTEXT('2D SPACE',''
  ) );
#1063 = ADVANCED_FACE('',(#1064),#715,.T.);
#1064 = FACE_BOUND('',#1065,.T.);
#1065 = EDGE_LOOP('',(#1066,#1067,#1068,#1091));
#1066 = ORIENTED_EDGE('',*,*,#1043,.T.);
#1067 = ORIENTED_EDGE('',*,*,#699,.T.);
#1068 = ORIENTED_EDGE('',*,*,#1069,.T.);
#1069 = EDGE_CURVE('',#667,#1070,#1072,.T.);
#1070 = VERTEX_POINT('',#1071);
#1071 = CARTESIAN_POINT('',(-17.77999961853,15.24,25.39999961853));
#1072 = SURFACE_CURVE('',#1073,(#1077,#1084),.PCURVE_S1.);
#1073 = LINE('',#1074,#1075);
#1074 = CARTESIAN_POINT('',(-17.77999961853,21.59,25.39999961853));
#1075 = VECTOR('',#1076,1.);
#1076 = DIRECTION('',(0.,-1.,2.22044604925E-16));
#1077 = PCURVE('',#715,#1078);
#1078 = DEFINITIONAL_REPRESENTATION('',(#1079),#1083);
#1079 = LINE('',#1080,#1081);
#1080 = CARTESIAN_POINT('',(0.,-17.779999619));
#1081 = VECTOR('',#1082,1.);
#1082 = DIRECTION('',(1.,0.));
#1083 = ( GEOMETRIC_REPRESENTATION_CONTEXT(2) 
PARAMETRIC_REPRESENTATION_CONTEXT() REPRESENTATION_CONTEXT('2D SPACE',''
  ) );
#1084 = PCURVE('',#687,#1085);
#1085 = DEFINITIONAL_REPRESENTATION('',(#1086),#1090);
#1086 = LINE('',#1087,#1088);
#1087 = CARTESIAN_POINT('',(0.785398163397,-3.552713678801E-15));
#1088 = VECTOR('',#1089,1.);
#1089 = DIRECTION('',(8.741913579726E-18,-1.));
#1090 = ( GEOMETRIC_REPRESENTATION_CONTEXT(2) 
PARAMETRIC_REPRESENTATION_CONTEXT() REPRESENTATION_CONTEXT('2D SPACE',''
  ) );
#1091 = ORIENTED_EDGE('',*,*,#1092,.T.);
#1092 = EDGE_CURVE('',#1070,#998,#1093,.T.);
#1093 = SURFACE_CURVE('',#1094,(#1098,#1105),.PCURVE_S1.);
#1094 = LINE('',#1095,#1096);
#1095 = CARTESIAN_POINT('',(4.697264799347E-10,15.24,25.39999961853));
#1096 = VECTOR('',#1097,1.);
#1097 = DIRECTION('',(1.,0.,0.));
#1098 = PCURVE('',#715,#1099);
#1099 = DEFINITIONAL_REPRESENTATION('',(#1100),#1104);
#1100 = LINE('',#1101,#1102);
#1101 = CARTESIAN_POINT('',(6.35,0.));
#1102 = VECTOR('',#1103,1.);
#1103 = DIRECTION('',(0.,1.));
#1104 = ( GEOMETRIC_REPRESENTATION_CONTEXT(2) 
PARAMETRIC_REPRESENTATION_CONTEXT() REPRESENTATION_CONTEXT('2D SPACE',''
  ) );
#1105 = PCURVE('',#435,#1106);
#1106 = DEFINITIONAL_REPRESENTATION('',(#1107),#1111);
#1107 = LINE('',#1108,#1109);
#1108 = CARTESIAN_POINT('',(-25.399999619,0.));
#1109 = VECTOR('',#1110,1.);
#1110 = DIRECTION('',(0.,1.));
#1111 = ( GEOMETRIC_REPRESENTATION_CONTEXT(2) 
PARAMETRIC_REPRESENTATION_CONTEXT() REPRESENTATION_CONTEXT('2D SPACE',''
  ) );
#1112 = ADVANCED_FACE('',(#1113,#1209),#435,.T.);
#1113 = FACE_BOUND('',#1114,.T.);
#1114 = EDGE_LOOP('',(#1115,#1116,#1137,#1138,#1139,#1163,#1186,#1208));
#1115 = ORIENTED_EDGE('',*,*,#411,.T.);
#1116 = ORIENTED_EDGE('',*,*,#1117,.F.);
#1117 = EDGE_CURVE('',#996,#414,#1118,.T.);
#1118 = SURFACE_CURVE('',#1119,(#1123,#1130),.PCURVE_S1.);
#1119 = LINE('',#1120,#1121);
#1120 = CARTESIAN_POINT('',(25.39999961947,15.24,-4.697250699515E-10));
#1121 = VECTOR('',#1122,1.);
#1122 = DIRECTION('',(0.,-2.22044604925E-16,-1.));
#1123 = PCURVE('',#435,#1124);
#1124 = DEFINITIONAL_REPRESENTATION('',(#1125),#1129);
#1125 = LINE('',#1126,#1127);
#1126 = CARTESIAN_POINT('',(0.,25.399999619));
#1127 = VECTOR('',#1128,1.);
#1128 = DIRECTION('',(1.,0.));
#1129 = ( GEOMETRIC_REPRESENTATION_CONTEXT(2) 
PARAMETRIC_REPRESENTATION_CONTEXT() REPRESENTATION_CONTEXT('2D SPACE',''
  ) );
#1130 = PCURVE('',#517,#1131);
#1131 = DEFINITIONAL_REPRESENTATION('',(#1132),#1136);
#1132 = LINE('',#1133,#1134);
#1133 = CARTESIAN_POINT('',(6.35,-6.410678146279E-25));
#1134 = VECTOR('',#1135,1.);
#1135 = DIRECTION('',(-2.465190328816E-32,1.));
#1136 = ( GEOMETRIC_REPRESENTATION_CONTEXT(2) 
PARAMETRIC_REPRESENTATION_CONTEXT() REPRESENTATION_CONTEXT('2D SPACE',''
  ) );
#1137 = ORIENTED_EDGE('',*,*,#995,.T.);
#1138 = ORIENTED_EDGE('',*,*,#1092,.F.);
#1139 = ORIENTED_EDGE('',*,*,#1140,.T.);
#1140 = EDGE_CURVE('',#1070,#1141,#1143,.T.);
#1141 = VERTEX_POINT('',#1142);
#1142 = CARTESIAN_POINT('',(-25.39999961853,15.24,17.77999961853));
#1143 = SURFACE_CURVE('',#1144,(#1149,#1156),.PCURVE_S1.);
#1144 = CIRCLE('',#1145,7.62);
#1145 = AXIS2_PLACEMENT_3D('',#1146,#1147,#1148);
#1146 = CARTESIAN_POINT('',(-17.77999961853,15.24,17.77999961853));
#1147 = DIRECTION('',(0.,-1.,2.22044604925E-16));
#1148 = DIRECTION('',(-0.707106781187,1.570092458684E-16,0.707106781187)
  );
#1149 = PCURVE('',#435,#1150);
#1150 = DEFINITIONAL_REPRESENTATION('',(#1151),#1155);
#1151 = CIRCLE('',#1152,7.62);
#1152 = AXIS2_PLACEMENT_2D('',#1153,#1154);
#1153 = CARTESIAN_POINT('',(-17.779999619,-17.779999619));
#1154 = DIRECTION('',(-0.707106781187,-0.707106781187));
#1155 = ( GEOMETRIC_REPRESENTATION_CONTEXT(2) 
PARAMETRIC_REPRESENTATION_CONTEXT() REPRESENTATION_CONTEXT('2D SPACE',''
  ) );
#1156 = PCURVE('',#687,#1157);
#1157 = DEFINITIONAL_REPRESENTATION('',(#1158),#1162);
#1158 = LINE('',#1159,#1160);
#1159 = CARTESIAN_POINT('',(6.28318530718,-6.35));
#1160 = VECTOR('',#1161,1.);
#1161 = DIRECTION('',(-1.,0.));
#1162 = ( GEOMETRIC_REPRESENTATION_CONTEXT(2) 
PARAMETRIC_REPRESENTATION_CONTEXT() REPRESENTATION_CONTEXT('2D SPACE',''
  ) );
#1163 = ORIENTED_EDGE('',*,*,#1164,.F.);
#1164 = EDGE_CURVE('',#1165,#1141,#1167,.T.);
#1165 = VERTEX_POINT('',#1166);
#1166 = CARTESIAN_POINT('',(-25.39999961853,15.24,-17.77999961947));
#1167 = SURFACE_CURVE('',#1168,(#1172,#1179),.PCURVE_S1.);
#1168 = LINE('',#1169,#1170);
#1169 = CARTESIAN_POINT('',(-25.39999961853,15.24,-4.697250699515E-10));
#1170 = VECTOR('',#1171,1.);
#1171 = DIRECTION('',(0.,2.22044604925E-16,1.));
#1172 = PCURVE('',#435,#1173);
#1173 = DEFINITIONAL_REPRESENTATION('',(#1174),#1178);
#1174 = LINE('',#1175,#1176);
#1175 = CARTESIAN_POINT('',(-0.,-25.399999619));
#1176 = VECTOR('',#1177,1.);
#1177 = DIRECTION('',(-1.,0.));
#1178 = ( GEOMETRIC_REPRESENTATION_CONTEXT(2) 
PARAMETRIC_REPRESENTATION_CONTEXT() REPRESENTATION_CONTEXT('2D SPACE',''
  ) );
#1179 = PCURVE('',#654,#1180);
#1180 = DEFINITIONAL_REPRESENTATION('',(#1181),#1185);
#1181 = LINE('',#1182,#1183);
#1182 = CARTESIAN_POINT('',(-6.35,-6.410678146279E-25));
#1183 = VECTOR('',#1184,1.);
#1184 = DIRECTION('',(-2.465190328816E-32,-1.));
#1185 = ( GEOMETRIC_REPRESENTATION_CONTEXT(2) 
PARAMETRIC_REPRESENTATION_CONTEXT() REPRESENTATION_CONTEXT('2D SPACE',''
  ) );
#1186 = ORIENTED_EDGE('',*,*,#1187,.T.);
#1187 = EDGE_CURVE('',#1165,#534,#1188,.T.);
#1188 = SURFACE_CURVE('',#1189,(#1194,#1201),.PCURVE_S1.);
#1189 = CIRCLE('',#1190,7.62);
#1190 = AXIS2_PLACEMENT_3D('',#1191,#1192,#1193);
#1191 = CARTESIAN_POINT('',(-17.77999961853,15.24,-17.77999961947));
#1192 = DIRECTION('',(0.,-1.,2.22044604925E-16));
#1193 = DIRECTION('',(-0.707106781187,-1.570092458684E-16,
    -0.707106781187));
#1194 = PCURVE('',#435,#1195);
#1195 = DEFINITIONAL_REPRESENTATION('',(#1196),#1200);
#1196 = CIRCLE('',#1197,7.62);
#1197 = AXIS2_PLACEMENT_2D('',#1198,#1199);
#1198 = CARTESIAN_POINT('',(17.779999619,-17.779999619));
#1199 = DIRECTION('',(0.707106781187,-0.707106781187));
#1200 = ( GEOMETRIC_REPRESENTATION_CONTEXT(2) 
PARAMETRIC_REPRESENTATION_CONTEXT() REPRESENTATION_CONTEXT('2D SPACE',''
  ) );
#1201 = PCURVE('',#572,#1202);
#1202 = DEFINITIONAL_REPRESENTATION('',(#1203),#1207);
#1203 = LINE('',#1204,#1205);
#1204 = CARTESIAN_POINT('',(6.28318530718,-6.35));
#1205 = VECTOR('',#1206,1.);
#1206 = DIRECTION('',(-1.,0.));
#1207 = ( GEOMETRIC_REPRESENTATION_CONTEXT(2) 
PARAMETRIC_REPRESENTATION_CONTEXT() REPRESENTATION_CONTEXT('2D SPACE',''
  ) );
#1208 = ORIENTED_EDGE('',*,*,#533,.F.);
#1209 = FACE_BOUND('',#1210,.T.);
#1210 = EDGE_LOOP('',(#1211));
#1211 = ORIENTED_EDGE('',*,*,#1212,.T.);
#1212 = EDGE_CURVE('',#1213,#1213,#1215,.T.);
#1213 = VERTEX_POINT('',#1214);
#1214 = CARTESIAN_POINT('',(-9.525,15.24,4.550435855245E-15));
#1215 = SURFACE_CURVE('',#1216,(#1221,#1232),.PCURVE_S1.);
#1216 = CIRCLE('',#1217,9.525);
#1217 = AXIS2_PLACEMENT_3D('',#1218,#1219,#1220);
#1218 = CARTESIAN_POINT('',(0.,15.24,3.383959779057E-15));
#1219 = DIRECTION('',(0.,1.,2.22044604925E-16));
#1220 = DIRECTION('',(1.,0.,-0.));
#1221 = PCURVE('',#435,#1222);
#1222 = DEFINITIONAL_REPRESENTATION('',(#1223),#1231);
#1223 = ( BOUNDED_CURVE() B_SPLINE_CURVE(2,(#1224,#1225,#1226,#1227,
#1228,#1229,#1230),.UNSPECIFIED.,.T.,.F.) B_SPLINE_CURVE_WITH_KNOTS((1,2
    ,2,2,2,1),(-2.094395102393,0.,2.094395102393,4.188790204786,
6.28318530718,8.377580409573),.UNSPECIFIED.) CURVE() 
GEOMETRIC_REPRESENTATION_ITEM() RATIONAL_B_SPLINE_CURVE((1.,0.5,1.,0.5,
1.,0.5,1.)) REPRESENTATION_ITEM('') );
#1224 = CARTESIAN_POINT('',(-4.697284539112E-10,9.52499999953));
#1225 = CARTESIAN_POINT('',(16.497783941624,9.52499999953));
#1226 = CARTESIAN_POINT('',(8.248891970577,-4.76250000047));
#1227 = CARTESIAN_POINT('',(-4.697261209591E-10,-19.05000000047));
#1228 = CARTESIAN_POINT('',(-8.248891971517,-4.76250000047));
#1229 = CARTESIAN_POINT('',(-16.49778394256,9.52499999953));
#1230 = CARTESIAN_POINT('',(-4.697284539112E-10,9.52499999953));
#1231 = ( GEOMETRIC_REPRESENTATION_CONTEXT(2) 
PARAMETRIC_REPRESENTATION_CONTEXT() REPRESENTATION_CONTEXT('2D SPACE',''
  ) );
#1232 = PCURVE('',#1233,#1238);
#1233 = CYLINDRICAL_SURFACE('',#1234,9.525);
#1234 = AXIS2_PLACEMENT_3D('',#1235,#1236,#1237);
#1235 = CARTESIAN_POINT('',(0.,13.97,3.101963130803E-15));
#1236 = DIRECTION('',(0.,1.,2.22044604925E-16));
#1237 = DIRECTION('',(1.,0.,-0.));
#1238 = DEFINITIONAL_REPRESENTATION('',(#1239),#1243);
#1239 = LINE('',#1240,#1241);
#1240 = CARTESIAN_POINT('',(-6.28318530718,1.27));
#1241 = VECTOR('',#1242,1.);
#1242 = DIRECTION('',(1.,0.));
#1243 = ( GEOMETRIC_REPRESENTATION_CONTEXT(2) 
PARAMETRIC_REPRESENTATION_CONTEXT() REPRESENTATION_CONTEXT('2D SPACE',''
  ) );
#1244 = ADVANCED_FACE('',(#1245),#687,.T.);
#1245 = FACE_BOUND('',#1246,.T.);
#1246 = EDGE_LOOP('',(#1247,#1248,#1249,#1250));
#1247 = ORIENTED_EDGE('',*,*,#1140,.F.);
#1248 = ORIENTED_EDGE('',*,*,#1069,.F.);
#1249 = ORIENTED_EDGE('',*,*,#666,.F.);
#1250 = ORIENTED_EDGE('',*,*,#1251,.F.);
#1251 = EDGE_CURVE('',#1141,#639,#1252,.T.);
#1252 = SURFACE_CURVE('',#1253,(#1257,#1264),.PCURVE_S1.);
#1253 = LINE('',#1254,#1255);
#1254 = CARTESIAN_POINT('',(-25.39999961853,21.59,17.77999961853));
#1255 = VECTOR('',#1256,1.);
#1256 = DIRECTION('',(0.,1.,-2.22044604925E-16));
#1257 = PCURVE('',#687,#1258);
#1258 = DEFINITIONAL_REPRESENTATION('',(#1259),#1263);
#1259 = LINE('',#1260,#1261);
#1260 = CARTESIAN_POINT('',(-0.785398163397,0.));
#1261 = VECTOR('',#1262,1.);
#1262 = DIRECTION('',(0.,1.));
#1263 = ( GEOMETRIC_REPRESENTATION_CONTEXT(2) 
PARAMETRIC_REPRESENTATION_CONTEXT() REPRESENTATION_CONTEXT('2D SPACE',''
  ) );
#1264 = PCURVE('',#654,#1265);
#1265 = DEFINITIONAL_REPRESENTATION('',(#1266),#1270);
#1266 = LINE('',#1267,#1268);
#1267 = CARTESIAN_POINT('',(-3.947952990968E-15,-17.779999619));
#1268 = VECTOR('',#1269,1.);
#1269 = DIRECTION('',(1.,-2.465190328816E-32));
#1270 = ( GEOMETRIC_REPRESENTATION_CONTEXT(2) 
PARAMETRIC_REPRESENTATION_CONTEXT() REPRESENTATION_CONTEXT('2D SPACE',''
  ) );
#1271 = ADVANCED_FACE('',(#1272),#654,.T.);
#1272 = FACE_BOUND('',#1273,.T.);
#1273 = EDGE_LOOP('',(#1274,#1275,#1276,#1297));
#1274 = ORIENTED_EDGE('',*,*,#1251,.T.);
#1275 = ORIENTED_EDGE('',*,*,#638,.T.);
#1276 = ORIENTED_EDGE('',*,*,#1277,.T.);
#1277 = EDGE_CURVE('',#611,#1165,#1278,.T.);
#1278 = SURFACE_CURVE('',#1279,(#1283,#1290),.PCURVE_S1.);
#1279 = LINE('',#1280,#1281);
#1280 = CARTESIAN_POINT('',(-25.39999961853,21.59,-17.77999961947));
#1281 = VECTOR('',#1282,1.);
#1282 = DIRECTION('',(0.,-1.,2.22044604925E-16));
#1283 = PCURVE('',#654,#1284);
#1284 = DEFINITIONAL_REPRESENTATION('',(#1285),#1289);
#1285 = LINE('',#1286,#1287);
#1286 = CARTESIAN_POINT('',(3.947952990968E-15,17.779999619));
#1287 = VECTOR('',#1288,1.);
#1288 = DIRECTION('',(-1.,2.465190328816E-32));
#1289 = ( GEOMETRIC_REPRESENTATION_CONTEXT(2) 
PARAMETRIC_REPRESENTATION_CONTEXT() REPRESENTATION_CONTEXT('2D SPACE',''
  ) );
#1290 = PCURVE('',#572,#1291);
#1291 = DEFINITIONAL_REPRESENTATION('',(#1292),#1296);
#1292 = LINE('',#1293,#1294);
#1293 = CARTESIAN_POINT('',(0.785398163397,0.));
#1294 = VECTOR('',#1295,1.);
#1295 = DIRECTION('',(0.,-1.));
#1296 = ( GEOMETRIC_REPRESENTATION_CONTEXT(2) 
PARAMETRIC_REPRESENTATION_CONTEXT() REPRESENTATION_CONTEXT('2D SPACE',''
  ) );
#1297 = ORIENTED_EDGE('',*,*,#1164,.T.);
#1298 = ADVANCED_FACE('',(#1299),#572,.T.);
#1299 = FACE_BOUND('',#1300,.T.);
#1300 = EDGE_LOOP('',(#1301,#1302,#1303,#1304));
#1301 = ORIENTED_EDGE('',*,*,#1187,.F.);
#1302 = ORIENTED_EDGE('',*,*,#1277,.F.);
#1303 = ORIENTED_EDGE('',*,*,#610,.F.);
#1304 = ORIENTED_EDGE('',*,*,#556,.F.);
#1305 = ADVANCED_FACE('',(#1306),#877,.F.);
#1306 = FACE_BOUND('',#1307,.F.);
#1307 = EDGE_LOOP('',(#1308,#1331,#1332,#1333));
#1308 = ORIENTED_EDGE('',*,*,#1309,.T.);
#1309 = EDGE_CURVE('',#1310,#840,#1312,.T.);
#1310 = VERTEX_POINT('',#1311);
#1311 = CARTESIAN_POINT('',(15.240000729561,17.78,-22.86000072956));
#1312 = SURFACE_CURVE('',#1313,(#1317,#1324),.PCURVE_S1.);
#1313 = LINE('',#1314,#1315);
#1314 = CARTESIAN_POINT('',(15.240000729561,27.94,-22.86000072956));
#1315 = VECTOR('',#1316,1.);
#1316 = DIRECTION('',(0.,1.,-4.370956789863E-16));
#1317 = PCURVE('',#877,#1318);
#1318 = DEFINITIONAL_REPRESENTATION('',(#1319),#1323);
#1319 = LINE('',#1320,#1321);
#1320 = CARTESIAN_POINT('',(0.785398163397,3.552713678801E-15));
#1321 = VECTOR('',#1322,1.);
#1322 = DIRECTION('',(0.,1.));
#1323 = ( GEOMETRIC_REPRESENTATION_CONTEXT(2) 
PARAMETRIC_REPRESENTATION_CONTEXT() REPRESENTATION_CONTEXT('2D SPACE',''
  ) );
#1324 = PCURVE('',#131,#1325);
#1325 = DEFINITIONAL_REPRESENTATION('',(#1326),#1330);
#1326 = LINE('',#1327,#1328);
#1327 = CARTESIAN_POINT('',(7.62,0.));
#1328 = VECTOR('',#1329,1.);
#1329 = DIRECTION('',(0.,-1.));
#1330 = ( GEOMETRIC_REPRESENTATION_CONTEXT(2) 
PARAMETRIC_REPRESENTATION_CONTEXT() REPRESENTATION_CONTEXT('2D SPACE',''
  ) );
#1331 = ORIENTED_EDGE('',*,*,#862,.T.);
#1332 = ORIENTED_EDGE('',*,*,#948,.T.);
#1333 = ORIENTED_EDGE('',*,*,#1334,.F.);
#1334 = EDGE_CURVE('',#1310,#949,#1335,.T.);
#1335 = SURFACE_CURVE('',#1336,(#1341,#1348),.PCURVE_S1.);
#1336 = CIRCLE('',#1337,7.62);
#1337 = AXIS2_PLACEMENT_3D('',#1338,#1339,#1340);
#1338 = CARTESIAN_POINT('',(15.240000729561,17.78,-15.24000072956));
#1339 = DIRECTION('',(0.,-1.,4.370956789863E-16));
#1340 = DIRECTION('',(0.707106781187,-3.090733186385E-16,-0.707106781187
    ));
#1341 = PCURVE('',#877,#1342);
#1342 = DEFINITIONAL_REPRESENTATION('',(#1343),#1347);
#1343 = LINE('',#1344,#1345);
#1344 = CARTESIAN_POINT('',(6.28318530718,-10.16));
#1345 = VECTOR('',#1346,1.);
#1346 = DIRECTION('',(-1.,0.));
#1347 = ( GEOMETRIC_REPRESENTATION_CONTEXT(2) 
PARAMETRIC_REPRESENTATION_CONTEXT() REPRESENTATION_CONTEXT('2D SPACE',''
  ) );
#1348 = PCURVE('',#158,#1349);
#1349 = DEFINITIONAL_REPRESENTATION('',(#1350),#1358);
#1350 = ( BOUNDED_CURVE() B_SPLINE_CURVE(2,(#1351,#1352,#1353,#1354,
#1355,#1356,#1357),.UNSPECIFIED.,.T.,.F.) B_SPLINE_CURVE_WITH_KNOTS((1,2
    ,2,2,2,1),(-2.094395102393,0.,2.094395102393,4.188790204786,
6.28318530718,8.377580409573),.UNSPECIFIED.) CURVE() 
GEOMETRIC_REPRESENTATION_ITEM() RATIONAL_B_SPLINE_CURVE((1.,0.5,1.,0.5,
1.,0.5,1.)) REPRESENTATION_ITEM('') );
#1351 = CARTESIAN_POINT('',(-20.6281544022,20.628154402202));
#1352 = CARTESIAN_POINT('',(-11.29559848219,29.960710322206));
#1353 = CARTESIAN_POINT('',(-7.879645933238,17.212201853242));
#1354 = CARTESIAN_POINT('',(-4.463693384278,4.463693384278));
#1355 = CARTESIAN_POINT('',(-17.21220185324,7.879645933238));
#1356 = CARTESIAN_POINT('',(-29.9607103222,11.295598482198));
#1357 = CARTESIAN_POINT('',(-20.6281544022,20.628154402202));
#1358 = ( GEOMETRIC_REPRESENTATION_CONTEXT(2) 
PARAMETRIC_REPRESENTATION_CONTEXT() REPRESENTATION_CONTEXT('2D SPACE',''
  ) );
#1359 = ADVANCED_FACE('',(#1360),#158,.T.);
#1360 = FACE_BOUND('',#1361,.T.);
#1361 = EDGE_LOOP('',(#1362,#1363,#1364,#1365,#1366,#1367,#1368,#1369));
#1362 = ORIENTED_EDGE('',*,*,#143,.F.);
#1363 = ORIENTED_EDGE('',*,*,#229,.T.);
#1364 = ORIENTED_EDGE('',*,*,#306,.F.);
#1365 = ORIENTED_EDGE('',*,*,#387,.T.);
#1366 = ORIENTED_EDGE('',*,*,#917,.F.);
#1367 = ORIENTED_EDGE('',*,*,#971,.T.);
#1368 = ORIENTED_EDGE('',*,*,#1334,.F.);
#1369 = ORIENTED_EDGE('',*,*,#1370,.T.);
#1370 = EDGE_CURVE('',#1310,#116,#1371,.T.);
#1371 = SURFACE_CURVE('',#1372,(#1376,#1383),.PCURVE_S1.);
#1372 = LINE('',#1373,#1374);
#1373 = CARTESIAN_POINT('',(22.860000729561,17.78,-22.86000072956));
#1374 = VECTOR('',#1375,1.);
#1375 = DIRECTION('',(-1.,0.,0.));
#1376 = PCURVE('',#158,#1377);
#1377 = DEFINITIONAL_REPRESENTATION('',(#1378),#1382);
#1378 = LINE('',#1379,#1380);
#1379 = CARTESIAN_POINT('',(-22.86000072956,22.860000729561));
#1380 = VECTOR('',#1381,1.);
#1381 = DIRECTION('',(0.,-1.));
#1382 = ( GEOMETRIC_REPRESENTATION_CONTEXT(2) 
PARAMETRIC_REPRESENTATION_CONTEXT() REPRESENTATION_CONTEXT('2D SPACE',''
  ) );
#1383 = PCURVE('',#131,#1384);
#1384 = DEFINITIONAL_REPRESENTATION('',(#1385),#1389);
#1385 = LINE('',#1386,#1387);
#1386 = CARTESIAN_POINT('',(0.,10.16));
#1387 = VECTOR('',#1388,1.);
#1388 = DIRECTION('',(1.,0.));
#1389 = ( GEOMETRIC_REPRESENTATION_CONTEXT(2) 
PARAMETRIC_REPRESENTATION_CONTEXT() REPRESENTATION_CONTEXT('2D SPACE',''
  ) );
#1390 = ADVANCED_FACE('',(#1391),#131,.T.);
#1391 = FACE_BOUND('',#1392,.T.);
#1392 = EDGE_LOOP('',(#1393,#1394,#1395,#1396));
#1393 = ORIENTED_EDGE('',*,*,#115,.T.);
#1394 = ORIENTED_EDGE('',*,*,#1370,.F.);
#1395 = ORIENTED_EDGE('',*,*,#1309,.T.);
#1396 = ORIENTED_EDGE('',*,*,#839,.T.);
#1397 = ADVANCED_FACE('',(#1398),#517,.T.);
#1398 = FACE_BOUND('',#1399,.T.);
#1399 = EDGE_LOOP('',(#1400,#1401,#1402,#1403));
#1400 = ORIENTED_EDGE('',*,*,#503,.T.);
#1401 = ORIENTED_EDGE('',*,*,#760,.T.);
#1402 = ORIENTED_EDGE('',*,*,#1021,.T.);
#1403 = ORIENTED_EDGE('',*,*,#1117,.T.);
#1404 = ADVANCED_FACE('',(#1405),#1419,.F.);
#1405 = FACE_BOUND('',#1406,.F.);
#1406 = EDGE_LOOP('',(#1407,#1442,#1471,#1499));
#1407 = ORIENTED_EDGE('',*,*,#1408,.F.);
#1408 = EDGE_CURVE('',#1409,#1411,#1413,.T.);
#1409 = VERTEX_POINT('',#1410);
#1410 = CARTESIAN_POINT('',(-15.24000072956,-15.24,-22.86000072956));
#1411 = VERTEX_POINT('',#1412);
#1412 = CARTESIAN_POINT('',(-15.24000072956,-5.08,-22.86000072956));
#1413 = SURFACE_CURVE('',#1414,(#1418,#1430),.PCURVE_S1.);
#1414 = LINE('',#1415,#1416);
#1415 = CARTESIAN_POINT('',(-15.24000072956,-15.24,-22.86000072956));
#1416 = VECTOR('',#1417,1.);
#1417 = DIRECTION('',(0.,1.,4.370956789863E-16));
#1418 = PCURVE('',#1419,#1424);
#1419 = CYLINDRICAL_SURFACE('',#1420,7.62);
#1420 = AXIS2_PLACEMENT_3D('',#1421,#1422,#1423);
#1421 = CARTESIAN_POINT('',(-15.24000072956,-15.24,-15.24000072956));
#1422 = DIRECTION('',(0.,1.,4.370956789863E-16));
#1423 = DIRECTION('',(-0.707106781187,3.090733186385E-16,-0.707106781187
    ));
#1424 = DEFINITIONAL_REPRESENTATION('',(#1425),#1429);
#1425 = LINE('',#1426,#1427);
#1426 = CARTESIAN_POINT('',(5.497787143782,-3.552713678801E-15));
#1427 = VECTOR('',#1428,1.);
#1428 = DIRECTION('',(0.,1.));
#1429 = ( GEOMETRIC_REPRESENTATION_CONTEXT(2) 
PARAMETRIC_REPRESENTATION_CONTEXT() REPRESENTATION_CONTEXT('2D SPACE',''
  ) );
#1430 = PCURVE('',#1431,#1436);
#1431 = PLANE('',#1432);
#1432 = AXIS2_PLACEMENT_3D('',#1433,#1434,#1435);
#1433 = CARTESIAN_POINT('',(22.860000729561,-15.24,-22.86000072956));
#1434 = DIRECTION('',(0.,4.370956789863E-16,-1.));
#1435 = DIRECTION('',(-1.,0.,0.));
#1436 = DEFINITIONAL_REPRESENTATION('',(#1437),#1441);
#1437 = LINE('',#1438,#1439);
#1438 = CARTESIAN_POINT('',(38.100001459122,0.));
#1439 = VECTOR('',#1440,1.);
#1440 = DIRECTION('',(0.,1.));
#1441 = ( GEOMETRIC_REPRESENTATION_CONTEXT(2) 
PARAMETRIC_REPRESENTATION_CONTEXT() REPRESENTATION_CONTEXT('2D SPACE',''
  ) );
#1442 = ORIENTED_EDGE('',*,*,#1443,.F.);
#1443 = EDGE_CURVE('',#1444,#1409,#1446,.T.);
#1444 = VERTEX_POINT('',#1445);
#1445 = CARTESIAN_POINT('',(-22.86000072956,-15.24,-15.24000072956));
#1446 = SURFACE_CURVE('',#1447,(#1452,#1459),.PCURVE_S1.);
#1447 = CIRCLE('',#1448,7.62);
#1448 = AXIS2_PLACEMENT_3D('',#1449,#1450,#1451);
#1449 = CARTESIAN_POINT('',(-15.24000072956,-15.24,-15.24000072956));
#1450 = DIRECTION('',(0.,-1.,-2.22044604925E-16));
#1451 = DIRECTION('',(-0.707106781187,1.570092458684E-16,-0.707106781187
    ));
#1452 = PCURVE('',#1419,#1453);
#1453 = DEFINITIONAL_REPRESENTATION('',(#1454),#1458);
#1454 = LINE('',#1455,#1456);
#1455 = CARTESIAN_POINT('',(12.566370614359,6.217248937901E-15));
#1456 = VECTOR('',#1457,1.);
#1457 = DIRECTION('',(-1.,-1.130863886743E-15));
#1458 = ( GEOMETRIC_REPRESENTATION_CONTEXT(2) 
PARAMETRIC_REPRESENTATION_CONTEXT() REPRESENTATION_CONTEXT('2D SPACE',''
  ) );
#1459 = PCURVE('',#1460,#1465);
#1460 = PLANE('',#1461);
#1461 = AXIS2_PLACEMENT_3D('',#1462,#1463,#1464);
#1462 = CARTESIAN_POINT('',(4.697264799347E-10,-15.24,
    -4.697278899179E-10));
#1463 = DIRECTION('',(0.,-1.,-2.22044604925E-16));
#1464 = DIRECTION('',(0.,2.22044604925E-16,-1.));
#1465 = DEFINITIONAL_REPRESENTATION('',(#1466),#1470);
#1466 = CIRCLE('',#1467,7.62);
#1467 = AXIS2_PLACEMENT_2D('',#1468,#1469);
#1468 = CARTESIAN_POINT('',(15.240000729091,-15.24000073003));
#1469 = DIRECTION('',(0.707106781187,-0.707106781187));
#1470 = ( GEOMETRIC_REPRESENTATION_CONTEXT(2) 
PARAMETRIC_REPRESENTATION_CONTEXT() REPRESENTATION_CONTEXT('2D SPACE',''
  ) );
#1471 = ORIENTED_EDGE('',*,*,#1472,.F.);
#1472 = EDGE_CURVE('',#1473,#1444,#1475,.T.);
#1473 = VERTEX_POINT('',#1474);
#1474 = CARTESIAN_POINT('',(-22.86000072956,-5.08,-15.24000072956));
#1475 = SURFACE_CURVE('',#1476,(#1480,#1487),.PCURVE_S1.);
#1476 = LINE('',#1477,#1478);
#1477 = CARTESIAN_POINT('',(-22.86000072956,-15.24,-15.24000072956));
#1478 = VECTOR('',#1479,1.);
#1479 = DIRECTION('',(0.,-1.,-4.370956789863E-16));
#1480 = PCURVE('',#1419,#1481);
#1481 = DEFINITIONAL_REPRESENTATION('',(#1482),#1486);
#1482 = LINE('',#1483,#1484);
#1483 = CARTESIAN_POINT('',(7.068583470577,0.));
#1484 = VECTOR('',#1485,1.);
#1485 = DIRECTION('',(8.741913579726E-17,-1.));
#1486 = ( GEOMETRIC_REPRESENTATION_CONTEXT(2) 
PARAMETRIC_REPRESENTATION_CONTEXT() REPRESENTATION_CONTEXT('2D SPACE',''
  ) );
#1487 = PCURVE('',#1488,#1493);
#1488 = PLANE('',#1489);
#1489 = AXIS2_PLACEMENT_3D('',#1490,#1491,#1492);
#1490 = CARTESIAN_POINT('',(-22.86000072956,-15.24,-22.86000072956));
#1491 = DIRECTION('',(-1.,0.,0.));
#1492 = DIRECTION('',(0.,-2.22044604925E-16,1.));
#1493 = DEFINITIONAL_REPRESENTATION('',(#1494),#1498);
#1494 = LINE('',#1495,#1496);
#1495 = CARTESIAN_POINT('',(7.62,1.691979889529E-15));
#1496 = VECTOR('',#1497,1.);
#1497 = DIRECTION('',(-2.150510740613E-16,-1.));
#1498 = ( GEOMETRIC_REPRESENTATION_CONTEXT(2) 
PARAMETRIC_REPRESENTATION_CONTEXT() REPRESENTATION_CONTEXT('2D SPACE',''
  ) );
#1499 = ORIENTED_EDGE('',*,*,#1500,.T.);
#1500 = EDGE_CURVE('',#1473,#1411,#1501,.T.);
#1501 = SURFACE_CURVE('',#1502,(#1507,#1514),.PCURVE_S1.);
#1502 = CIRCLE('',#1503,7.62);
#1503 = AXIS2_PLACEMENT_3D('',#1504,#1505,#1506);
#1504 = CARTESIAN_POINT('',(-15.24000072956,-5.08,-15.24000072956));
#1505 = DIRECTION('',(0.,-1.,-4.370956789863E-16));
#1506 = DIRECTION('',(-0.707106781187,3.090733186385E-16,-0.707106781187
    ));
#1507 = PCURVE('',#1419,#1508);
#1508 = DEFINITIONAL_REPRESENTATION('',(#1509),#1513);
#1509 = LINE('',#1510,#1511);
#1510 = CARTESIAN_POINT('',(12.566370614359,10.16));
#1511 = VECTOR('',#1512,1.);
#1512 = DIRECTION('',(-1.,0.));
#1513 = ( GEOMETRIC_REPRESENTATION_CONTEXT(2) 
PARAMETRIC_REPRESENTATION_CONTEXT() REPRESENTATION_CONTEXT('2D SPACE',''
  ) );
#1514 = PCURVE('',#1515,#1520);
#1515 = PLANE('',#1516);
#1516 = AXIS2_PLACEMENT_3D('',#1517,#1518,#1519);
#1517 = CARTESIAN_POINT('',(0.,-5.08,-2.958228394579E-30));
#1518 = DIRECTION('',(0.,1.,4.370956789863E-16));
#1519 = DIRECTION('',(0.,-4.370956789863E-16,1.));
#1520 = DEFINITIONAL_REPRESENTATION('',(#1521),#1529);
#1521 = ( BOUNDED_CURVE() B_SPLINE_CURVE(2,(#1522,#1523,#1524,#1525,
#1526,#1527,#1528),.UNSPECIFIED.,.T.,.F.) B_SPLINE_CURVE_WITH_KNOTS((1,2
    ,2,2,2,1),(-2.094395102393,0.,2.094395102393,4.188790204786,
6.28318530718,8.377580409573),.UNSPECIFIED.) CURVE() 
GEOMETRIC_REPRESENTATION_ITEM() RATIONAL_B_SPLINE_CURVE((1.,0.5,1.,0.5,
1.,0.5,1.)) REPRESENTATION_ITEM('') );
#1522 = CARTESIAN_POINT('',(-20.6281544022,-20.6281544022));
#1523 = CARTESIAN_POINT('',(-29.9607103222,-11.29559848219));
#1524 = CARTESIAN_POINT('',(-17.21220185324,-7.879645933238));
#1525 = CARTESIAN_POINT('',(-4.463693384278,-4.463693384278));
#1526 = CARTESIAN_POINT('',(-7.879645933238,-17.21220185324));
#1527 = CARTESIAN_POINT('',(-11.29559848219,-29.9607103222));
#1528 = CARTESIAN_POINT('',(-20.6281544022,-20.6281544022));
#1529 = ( GEOMETRIC_REPRESENTATION_CONTEXT(2) 
PARAMETRIC_REPRESENTATION_CONTEXT() REPRESENTATION_CONTEXT('2D SPACE',''
  ) );
#1530 = ADVANCED_FACE('',(#1531),#1488,.F.);
#1531 = FACE_BOUND('',#1532,.T.);
#1532 = EDGE_LOOP('',(#1533,#1534,#1557,#1585));
#1533 = ORIENTED_EDGE('',*,*,#1472,.F.);
#1534 = ORIENTED_EDGE('',*,*,#1535,.T.);
#1535 = EDGE_CURVE('',#1473,#1536,#1538,.T.);
#1536 = VERTEX_POINT('',#1537);
#1537 = CARTESIAN_POINT('',(-22.86000072956,-5.08,15.240000729561));
#1538 = SURFACE_CURVE('',#1539,(#1543,#1550),.PCURVE_S1.);
#1539 = LINE('',#1540,#1541);
#1540 = CARTESIAN_POINT('',(-22.86000072956,-5.08,-22.86000072956));
#1541 = VECTOR('',#1542,1.);
#1542 = DIRECTION('',(0.,-2.22044604925E-16,1.));
#1543 = PCURVE('',#1488,#1544);
#1544 = DEFINITIONAL_REPRESENTATION('',(#1545),#1549);
#1545 = LINE('',#1546,#1547);
#1546 = CARTESIAN_POINT('',(1.007727234992E-13,10.16));
#1547 = VECTOR('',#1548,1.);
#1548 = DIRECTION('',(1.,2.465190328816E-32));
#1549 = ( GEOMETRIC_REPRESENTATION_CONTEXT(2) 
PARAMETRIC_REPRESENTATION_CONTEXT() REPRESENTATION_CONTEXT('2D SPACE',''
  ) );
#1550 = PCURVE('',#1515,#1551);
#1551 = DEFINITIONAL_REPRESENTATION('',(#1552),#1556);
#1552 = LINE('',#1553,#1554);
#1553 = CARTESIAN_POINT('',(-22.86000072956,-22.86000072956));
#1554 = VECTOR('',#1555,1.);
#1555 = DIRECTION('',(1.,0.));
#1556 = ( GEOMETRIC_REPRESENTATION_CONTEXT(2) 
PARAMETRIC_REPRESENTATION_CONTEXT() REPRESENTATION_CONTEXT('2D SPACE',''
  ) );
#1557 = ORIENTED_EDGE('',*,*,#1558,.F.);
#1558 = EDGE_CURVE('',#1559,#1536,#1561,.T.);
#1559 = VERTEX_POINT('',#1560);
#1560 = CARTESIAN_POINT('',(-22.86000072956,-15.24,15.240000729561));
#1561 = SURFACE_CURVE('',#1562,(#1566,#1573),.PCURVE_S1.);
#1562 = LINE('',#1563,#1564);
#1563 = CARTESIAN_POINT('',(-22.86000072956,-15.24,15.240000729561));
#1564 = VECTOR('',#1565,1.);
#1565 = DIRECTION('',(0.,1.,4.370956789863E-16));
#1566 = PCURVE('',#1488,#1567);
#1567 = DEFINITIONAL_REPRESENTATION('',(#1568),#1572);
#1568 = LINE('',#1569,#1570);
#1569 = CARTESIAN_POINT('',(38.100001459122,8.459899771634E-15));
#1570 = VECTOR('',#1571,1.);
#1571 = DIRECTION('',(2.150510740613E-16,1.));
#1572 = ( GEOMETRIC_REPRESENTATION_CONTEXT(2) 
PARAMETRIC_REPRESENTATION_CONTEXT() REPRESENTATION_CONTEXT('2D SPACE',''
  ) );
#1573 = PCURVE('',#1574,#1579);
#1574 = CYLINDRICAL_SURFACE('',#1575,7.62);
#1575 = AXIS2_PLACEMENT_3D('',#1576,#1577,#1578);
#1576 = CARTESIAN_POINT('',(-15.24000072956,-15.24,15.240000729561));
#1577 = DIRECTION('',(0.,1.,4.370956789863E-16));
#1578 = DIRECTION('',(-0.707106781187,-3.090733186385E-16,0.707106781187
    ));
#1579 = DEFINITIONAL_REPRESENTATION('',(#1580),#1584);
#1580 = LINE('',#1581,#1582);
#1581 = CARTESIAN_POINT('',(5.497787143782,0.));
#1582 = VECTOR('',#1583,1.);
#1583 = DIRECTION('',(0.,1.));
#1584 = ( GEOMETRIC_REPRESENTATION_CONTEXT(2) 
PARAMETRIC_REPRESENTATION_CONTEXT() REPRESENTATION_CONTEXT('2D SPACE',''
  ) );
#1585 = ORIENTED_EDGE('',*,*,#1586,.F.);
#1586 = EDGE_CURVE('',#1444,#1559,#1587,.T.);
#1587 = SURFACE_CURVE('',#1588,(#1592,#1599),.PCURVE_S1.);
#1588 = LINE('',#1589,#1590);
#1589 = CARTESIAN_POINT('',(-22.86000072956,-15.24,-11.43000036501));
#1590 = VECTOR('',#1591,1.);
#1591 = DIRECTION('',(0.,-2.22044604925E-16,1.));
#1592 = PCURVE('',#1488,#1593);
#1593 = DEFINITIONAL_REPRESENTATION('',(#1594),#1598);
#1594 = LINE('',#1595,#1596);
#1595 = CARTESIAN_POINT('',(11.430000364546,2.537969915238E-15));
#1596 = VECTOR('',#1597,1.);
#1597 = DIRECTION('',(1.,2.465190328816E-32));
#1598 = ( GEOMETRIC_REPRESENTATION_CONTEXT(2) 
PARAMETRIC_REPRESENTATION_CONTEXT() REPRESENTATION_CONTEXT('2D SPACE',''
  ) );
#1599 = PCURVE('',#1460,#1600);
#1600 = DEFINITIONAL_REPRESENTATION('',(#1601),#1605);
#1601 = LINE('',#1602,#1603);
#1602 = CARTESIAN_POINT('',(11.430000364546,-22.86000073003));
#1603 = VECTOR('',#1604,1.);
#1604 = DIRECTION('',(-1.,0.));
#1605 = ( GEOMETRIC_REPRESENTATION_CONTEXT(2) 
PARAMETRIC_REPRESENTATION_CONTEXT() REPRESENTATION_CONTEXT('2D SPACE',''
  ) );
#1606 = ADVANCED_FACE('',(#1607),#1574,.F.);
#1607 = FACE_BOUND('',#1608,.F.);
#1608 = EDGE_LOOP('',(#1609,#1610,#1634,#1662));
#1609 = ORIENTED_EDGE('',*,*,#1558,.F.);
#1610 = ORIENTED_EDGE('',*,*,#1611,.F.);
#1611 = EDGE_CURVE('',#1612,#1559,#1614,.T.);
#1612 = VERTEX_POINT('',#1613);
#1613 = CARTESIAN_POINT('',(-15.24000072956,-15.24,22.860000729561));
#1614 = SURFACE_CURVE('',#1615,(#1620,#1627),.PCURVE_S1.);
#1615 = CIRCLE('',#1616,7.62);
#1616 = AXIS2_PLACEMENT_3D('',#1617,#1618,#1619);
#1617 = CARTESIAN_POINT('',(-15.24000072956,-15.24,15.240000729561));
#1618 = DIRECTION('',(0.,-1.,-2.22044604925E-16));
#1619 = DIRECTION('',(-0.707106781187,-1.570092458684E-16,0.707106781187
    ));
#1620 = PCURVE('',#1574,#1621);
#1621 = DEFINITIONAL_REPRESENTATION('',(#1622),#1626);
#1622 = LINE('',#1623,#1624);
#1623 = CARTESIAN_POINT('',(12.566370614359,7.993605777301E-15));
#1624 = VECTOR('',#1625,1.);
#1625 = DIRECTION('',(-1.,-1.130863886743E-15));
#1626 = ( GEOMETRIC_REPRESENTATION_CONTEXT(2) 
PARAMETRIC_REPRESENTATION_CONTEXT() REPRESENTATION_CONTEXT('2D SPACE',''
  ) );
#1627 = PCURVE('',#1460,#1628);
#1628 = DEFINITIONAL_REPRESENTATION('',(#1629),#1633);
#1629 = CIRCLE('',#1630,7.62);
#1630 = AXIS2_PLACEMENT_2D('',#1631,#1632);
#1631 = CARTESIAN_POINT('',(-15.24000073003,-15.24000073003));
#1632 = DIRECTION('',(-0.707106781187,-0.707106781187));
#1633 = ( GEOMETRIC_REPRESENTATION_CONTEXT(2) 
PARAMETRIC_REPRESENTATION_CONTEXT() REPRESENTATION_CONTEXT('2D SPACE',''
  ) );
#1634 = ORIENTED_EDGE('',*,*,#1635,.F.);
#1635 = EDGE_CURVE('',#1636,#1612,#1638,.T.);
#1636 = VERTEX_POINT('',#1637);
#1637 = CARTESIAN_POINT('',(-15.24000072956,-5.08,22.860000729561));
#1638 = SURFACE_CURVE('',#1639,(#1643,#1650),.PCURVE_S1.);
#1639 = LINE('',#1640,#1641);
#1640 = CARTESIAN_POINT('',(-15.24000072956,-15.24,22.860000729561));
#1641 = VECTOR('',#1642,1.);
#1642 = DIRECTION('',(0.,-1.,-4.370956789863E-16));
#1643 = PCURVE('',#1574,#1644);
#1644 = DEFINITIONAL_REPRESENTATION('',(#1645),#1649);
#1645 = LINE('',#1646,#1647);
#1646 = CARTESIAN_POINT('',(7.068583470577,3.552713678801E-15));
#1647 = VECTOR('',#1648,1.);
#1648 = DIRECTION('',(0.,-1.));
#1649 = ( GEOMETRIC_REPRESENTATION_CONTEXT(2) 
PARAMETRIC_REPRESENTATION_CONTEXT() REPRESENTATION_CONTEXT('2D SPACE',''
  ) );
#1650 = PCURVE('',#1651,#1656);
#1651 = PLANE('',#1652);
#1652 = AXIS2_PLACEMENT_3D('',#1653,#1654,#1655);
#1653 = CARTESIAN_POINT('',(-22.86000072956,-15.24,22.860000729561));
#1654 = DIRECTION('',(0.,-4.370956789863E-16,1.));
#1655 = DIRECTION('',(1.,0.,0.));
#1656 = DEFINITIONAL_REPRESENTATION('',(#1657),#1661);
#1657 = LINE('',#1658,#1659);
#1658 = CARTESIAN_POINT('',(7.62,0.));
#1659 = VECTOR('',#1660,1.);
#1660 = DIRECTION('',(0.,-1.));
#1661 = ( GEOMETRIC_REPRESENTATION_CONTEXT(2) 
PARAMETRIC_REPRESENTATION_CONTEXT() REPRESENTATION_CONTEXT('2D SPACE',''
  ) );
#1662 = ORIENTED_EDGE('',*,*,#1663,.T.);
#1663 = EDGE_CURVE('',#1636,#1536,#1664,.T.);
#1664 = SURFACE_CURVE('',#1665,(#1670,#1677),.PCURVE_S1.);
#1665 = CIRCLE('',#1666,7.62);
#1666 = AXIS2_PLACEMENT_3D('',#1667,#1668,#1669);
#1667 = CARTESIAN_POINT('',(-15.24000072956,-5.08,15.240000729561));
#1668 = DIRECTION('',(0.,-1.,-4.370956789863E-16));
#1669 = DIRECTION('',(-0.707106781187,-3.090733186385E-16,0.707106781187
    ));
#1670 = PCURVE('',#1574,#1671);
#1671 = DEFINITIONAL_REPRESENTATION('',(#1672),#1676);
#1672 = LINE('',#1673,#1674);
#1673 = CARTESIAN_POINT('',(12.566370614359,10.16));
#1674 = VECTOR('',#1675,1.);
#1675 = DIRECTION('',(-1.,0.));
#1676 = ( GEOMETRIC_REPRESENTATION_CONTEXT(2) 
PARAMETRIC_REPRESENTATION_CONTEXT() REPRESENTATION_CONTEXT('2D SPACE',''
  ) );
#1677 = PCURVE('',#1515,#1678);
#1678 = DEFINITIONAL_REPRESENTATION('',(#1679),#1687);
#1679 = ( BOUNDED_CURVE() B_SPLINE_CURVE(2,(#1680,#1681,#1682,#1683,
#1684,#1685,#1686),.UNSPECIFIED.,.T.,.F.) B_SPLINE_CURVE_WITH_KNOTS((1,2
    ,2,2,2,1),(-2.094395102393,0.,2.094395102393,4.188790204786,
6.28318530718,8.377580409573),.UNSPECIFIED.) CURVE() 
GEOMETRIC_REPRESENTATION_ITEM() RATIONAL_B_SPLINE_CURVE((1.,0.5,1.,0.5,
1.,0.5,1.)) REPRESENTATION_ITEM('') );
#1680 = CARTESIAN_POINT('',(20.628154402202,-20.6281544022));
#1681 = CARTESIAN_POINT('',(11.295598482198,-29.9607103222));
#1682 = CARTESIAN_POINT('',(7.879645933238,-17.21220185324));
#1683 = CARTESIAN_POINT('',(4.463693384278,-4.463693384278));
#1684 = CARTESIAN_POINT('',(17.212201853242,-7.879645933238));
#1685 = CARTESIAN_POINT('',(29.960710322206,-11.29559848219));
#1686 = CARTESIAN_POINT('',(20.628154402202,-20.6281544022));
#1687 = ( GEOMETRIC_REPRESENTATION_CONTEXT(2) 
PARAMETRIC_REPRESENTATION_CONTEXT() REPRESENTATION_CONTEXT('2D SPACE',''
  ) );
#1688 = ADVANCED_FACE('',(#1689),#1651,.F.);
#1689 = FACE_BOUND('',#1690,.T.);
#1690 = EDGE_LOOP('',(#1691,#1692,#1715,#1743));
#1691 = ORIENTED_EDGE('',*,*,#1635,.F.);
#1692 = ORIENTED_EDGE('',*,*,#1693,.T.);
#1693 = EDGE_CURVE('',#1636,#1694,#1696,.T.);
#1694 = VERTEX_POINT('',#1695);
#1695 = CARTESIAN_POINT('',(15.240000729561,-5.08,22.860000729561));
#1696 = SURFACE_CURVE('',#1697,(#1701,#1708),.PCURVE_S1.);
#1697 = LINE('',#1698,#1699);
#1698 = CARTESIAN_POINT('',(-22.86000072956,-5.08,22.860000729561));
#1699 = VECTOR('',#1700,1.);
#1700 = DIRECTION('',(1.,0.,0.));
#1701 = PCURVE('',#1651,#1702);
#1702 = DEFINITIONAL_REPRESENTATION('',(#1703),#1707);
#1703 = LINE('',#1704,#1705);
#1704 = CARTESIAN_POINT('',(0.,10.16));
#1705 = VECTOR('',#1706,1.);
#1706 = DIRECTION('',(1.,0.));
#1707 = ( GEOMETRIC_REPRESENTATION_CONTEXT(2) 
PARAMETRIC_REPRESENTATION_CONTEXT() REPRESENTATION_CONTEXT('2D SPACE',''
  ) );
#1708 = PCURVE('',#1515,#1709);
#1709 = DEFINITIONAL_REPRESENTATION('',(#1710),#1714);
#1710 = LINE('',#1711,#1712);
#1711 = CARTESIAN_POINT('',(22.860000729561,-22.86000072956));
#1712 = VECTOR('',#1713,1.);
#1713 = DIRECTION('',(0.,1.));
#1714 = ( GEOMETRIC_REPRESENTATION_CONTEXT(2) 
PARAMETRIC_REPRESENTATION_CONTEXT() REPRESENTATION_CONTEXT('2D SPACE',''
  ) );
#1715 = ORIENTED_EDGE('',*,*,#1716,.F.);
#1716 = EDGE_CURVE('',#1717,#1694,#1719,.T.);
#1717 = VERTEX_POINT('',#1718);
#1718 = CARTESIAN_POINT('',(15.240000729561,-15.24,22.860000729561));
#1719 = SURFACE_CURVE('',#1720,(#1724,#1731),.PCURVE_S1.);
#1720 = LINE('',#1721,#1722);
#1721 = CARTESIAN_POINT('',(15.240000729561,-15.24,22.860000729561));
#1722 = VECTOR('',#1723,1.);
#1723 = DIRECTION('',(0.,1.,4.370956789863E-16));
#1724 = PCURVE('',#1651,#1725);
#1725 = DEFINITIONAL_REPRESENTATION('',(#1726),#1730);
#1726 = LINE('',#1727,#1728);
#1727 = CARTESIAN_POINT('',(38.100001459122,0.));
#1728 = VECTOR('',#1729,1.);
#1729 = DIRECTION('',(0.,1.));
#1730 = ( GEOMETRIC_REPRESENTATION_CONTEXT(2) 
PARAMETRIC_REPRESENTATION_CONTEXT() REPRESENTATION_CONTEXT('2D SPACE',''
  ) );
#1731 = PCURVE('',#1732,#1737);
#1732 = CYLINDRICAL_SURFACE('',#1733,7.62);
#1733 = AXIS2_PLACEMENT_3D('',#1734,#1735,#1736);
#1734 = CARTESIAN_POINT('',(15.240000729561,-15.24,15.240000729561));
#1735 = DIRECTION('',(0.,1.,4.370956789863E-16));
#1736 = DIRECTION('',(0.707106781187,-3.090733186385E-16,0.707106781187)
  );
#1737 = DEFINITIONAL_REPRESENTATION('',(#1738),#1742);
#1738 = LINE('',#1739,#1740);
#1739 = CARTESIAN_POINT('',(5.497787143782,3.552713678801E-15));
#1740 = VECTOR('',#1741,1.);
#1741 = DIRECTION('',(0.,1.));
#1742 = ( GEOMETRIC_REPRESENTATION_CONTEXT(2) 
PARAMETRIC_REPRESENTATION_CONTEXT() REPRESENTATION_CONTEXT('2D SPACE',''
  ) );
#1743 = ORIENTED_EDGE('',*,*,#1744,.F.);
#1744 = EDGE_CURVE('',#1612,#1717,#1745,.T.);
#1745 = SURFACE_CURVE('',#1746,(#1750,#1757),.PCURVE_S1.);
#1746 = LINE('',#1747,#1748);
#1747 = CARTESIAN_POINT('',(-11.43000036454,-15.24,22.860000729561));
#1748 = VECTOR('',#1749,1.);
#1749 = DIRECTION('',(1.,0.,0.));
#1750 = PCURVE('',#1651,#1751);
#1751 = DEFINITIONAL_REPRESENTATION('',(#1752),#1756);
#1752 = LINE('',#1753,#1754);
#1753 = CARTESIAN_POINT('',(11.430000365015,0.));
#1754 = VECTOR('',#1755,1.);
#1755 = DIRECTION('',(1.,0.));
#1756 = ( GEOMETRIC_REPRESENTATION_CONTEXT(2) 
PARAMETRIC_REPRESENTATION_CONTEXT() REPRESENTATION_CONTEXT('2D SPACE',''
  ) );
#1757 = PCURVE('',#1460,#1758);
#1758 = DEFINITIONAL_REPRESENTATION('',(#1759),#1763);
#1759 = LINE('',#1760,#1761);
#1760 = CARTESIAN_POINT('',(-22.86000073003,-11.43000036501));
#1761 = VECTOR('',#1762,1.);
#1762 = DIRECTION('',(0.,1.));
#1763 = ( GEOMETRIC_REPRESENTATION_CONTEXT(2) 
PARAMETRIC_REPRESENTATION_CONTEXT() REPRESENTATION_CONTEXT('2D SPACE',''
  ) );
#1764 = ADVANCED_FACE('',(#1765),#1780,.T.);
#1765 = FACE_BOUND('',#1766,.T.);
#1766 = EDGE_LOOP('',(#1767,#1803,#1831,#1859));
#1767 = ORIENTED_EDGE('',*,*,#1768,.T.);
#1768 = EDGE_CURVE('',#1769,#1771,#1773,.T.);
#1769 = VERTEX_POINT('',#1770);
#1770 = CARTESIAN_POINT('',(17.77999961947,-2.54,-25.39999961947));
#1771 = VERTEX_POINT('',#1772);
#1772 = CARTESIAN_POINT('',(25.39999961947,-2.54,-17.77999961947));
#1773 = SURFACE_CURVE('',#1774,(#1779,#1791),.PCURVE_S1.);
#1774 = CIRCLE('',#1775,7.62);
#1775 = AXIS2_PLACEMENT_3D('',#1776,#1777,#1778);
#1776 = CARTESIAN_POINT('',(17.77999961947,-2.54,-17.77999961947));
#1777 = DIRECTION('',(0.,-1.,-2.22044604925E-16));
#1778 = DIRECTION('',(0.707106781187,1.570092458684E-16,-0.707106781187)
  );
#1779 = PCURVE('',#1780,#1785);
#1780 = CYLINDRICAL_SURFACE('',#1781,7.62);
#1781 = AXIS2_PLACEMENT_3D('',#1782,#1783,#1784);
#1782 = CARTESIAN_POINT('',(17.77999961947,-8.89,-17.77999961947));
#1783 = DIRECTION('',(0.,1.,2.22044604925E-16));
#1784 = DIRECTION('',(0.707106781187,1.570092458684E-16,-0.707106781187)
  );
#1785 = DEFINITIONAL_REPRESENTATION('',(#1786),#1790);
#1786 = LINE('',#1787,#1788);
#1787 = CARTESIAN_POINT('',(6.28318530718,6.35));
#1788 = VECTOR('',#1789,1.);
#1789 = DIRECTION('',(-1.,0.));
#1790 = ( GEOMETRIC_REPRESENTATION_CONTEXT(2) 
PARAMETRIC_REPRESENTATION_CONTEXT() REPRESENTATION_CONTEXT('2D SPACE',''
  ) );
#1791 = PCURVE('',#1792,#1797);
#1792 = PLANE('',#1793);
#1793 = AXIS2_PLACEMENT_3D('',#1794,#1795,#1796);
#1794 = CARTESIAN_POINT('',(4.697264799347E-10,-2.54,-4.697250699515E-10
    ));
#1795 = DIRECTION('',(0.,-1.,-2.22044604925E-16));
#1796 = DIRECTION('',(0.,2.22044604925E-16,-1.));
#1797 = DEFINITIONAL_REPRESENTATION('',(#1798),#1802);
#1798 = CIRCLE('',#1799,7.62);
#1799 = AXIS2_PLACEMENT_2D('',#1800,#1801);
#1800 = CARTESIAN_POINT('',(17.779999619,17.779999619));
#1801 = DIRECTION('',(0.707106781187,0.707106781187));
#1802 = ( GEOMETRIC_REPRESENTATION_CONTEXT(2) 
PARAMETRIC_REPRESENTATION_CONTEXT() REPRESENTATION_CONTEXT('2D SPACE',''
  ) );
#1803 = ORIENTED_EDGE('',*,*,#1804,.T.);
#1804 = EDGE_CURVE('',#1771,#1805,#1807,.T.);
#1805 = VERTEX_POINT('',#1806);
#1806 = CARTESIAN_POINT('',(25.39999961947,-15.24,-17.77999961947));
#1807 = SURFACE_CURVE('',#1808,(#1812,#1819),.PCURVE_S1.);
#1808 = LINE('',#1809,#1810);
#1809 = CARTESIAN_POINT('',(25.39999961947,-8.89,-17.77999961947));
#1810 = VECTOR('',#1811,1.);
#1811 = DIRECTION('',(0.,-1.,-2.22044604925E-16));
#1812 = PCURVE('',#1780,#1813);
#1813 = DEFINITIONAL_REPRESENTATION('',(#1814),#1818);
#1814 = LINE('',#1815,#1816);
#1815 = CARTESIAN_POINT('',(-0.785398163397,-8.881784197001E-16));
#1816 = VECTOR('',#1817,1.);
#1817 = DIRECTION('',(-6.993530863781E-17,-1.));
#1818 = ( GEOMETRIC_REPRESENTATION_CONTEXT(2) 
PARAMETRIC_REPRESENTATION_CONTEXT() REPRESENTATION_CONTEXT('2D SPACE',''
  ) );
#1819 = PCURVE('',#1820,#1825);
#1820 = PLANE('',#1821);
#1821 = AXIS2_PLACEMENT_3D('',#1822,#1823,#1824);
#1822 = CARTESIAN_POINT('',(25.39999961947,-8.89,-4.697264799347E-10));
#1823 = DIRECTION('',(-1.,0.,0.));
#1824 = DIRECTION('',(0.,1.,2.22044604925E-16));
#1825 = DEFINITIONAL_REPRESENTATION('',(#1826),#1830);
#1826 = LINE('',#1827,#1828);
#1827 = CARTESIAN_POINT('',(-3.947952990968E-15,17.779999619));
#1828 = VECTOR('',#1829,1.);
#1829 = DIRECTION('',(-1.,-2.465190328816E-32));
#1830 = ( GEOMETRIC_REPRESENTATION_CONTEXT(2) 
PARAMETRIC_REPRESENTATION_CONTEXT() REPRESENTATION_CONTEXT('2D SPACE',''
  ) );
#1831 = ORIENTED_EDGE('',*,*,#1832,.T.);
#1832 = EDGE_CURVE('',#1805,#1833,#1835,.T.);
#1833 = VERTEX_POINT('',#1834);
#1834 = CARTESIAN_POINT('',(17.77999961947,-15.24,-25.39999961947));
#1835 = SURFACE_CURVE('',#1836,(#1841,#1848),.PCURVE_S1.);
#1836 = CIRCLE('',#1837,7.62);
#1837 = AXIS2_PLACEMENT_3D('',#1838,#1839,#1840);
#1838 = CARTESIAN_POINT('',(17.77999961947,-15.24,-17.77999961947));
#1839 = DIRECTION('',(0.,1.,2.22044604925E-16));
#1840 = DIRECTION('',(0.707106781187,1.570092458684E-16,-0.707106781187)
  );
#1841 = PCURVE('',#1780,#1842);
#1842 = DEFINITIONAL_REPRESENTATION('',(#1843),#1847);
#1843 = LINE('',#1844,#1845);
#1844 = CARTESIAN_POINT('',(-6.28318530718,-6.35));
#1845 = VECTOR('',#1846,1.);
#1846 = DIRECTION('',(1.,0.));
#1847 = ( GEOMETRIC_REPRESENTATION_CONTEXT(2) 
PARAMETRIC_REPRESENTATION_CONTEXT() REPRESENTATION_CONTEXT('2D SPACE',''
  ) );
#1848 = PCURVE('',#1460,#1849);
#1849 = DEFINITIONAL_REPRESENTATION('',(#1850),#1858);
#1850 = ( BOUNDED_CURVE() B_SPLINE_CURVE(2,(#1851,#1852,#1853,#1854,
#1855,#1856,#1857),.UNSPECIFIED.,.T.,.F.) B_SPLINE_CURVE_WITH_KNOTS((1,2
    ,2,2,2,1),(-2.094395102393,0.,2.094395102393,4.188790204786,
6.28318530718,8.377580409573),.UNSPECIFIED.) CURVE() 
GEOMETRIC_REPRESENTATION_ITEM() RATIONAL_B_SPLINE_CURVE((1.,0.5,1.,0.5,
1.,0.5,1.)) REPRESENTATION_ITEM('') );
#1851 = CARTESIAN_POINT('',(23.168153291641,23.168153291641));
#1852 = CARTESIAN_POINT('',(32.500709211645,13.835597371638));
#1853 = CARTESIAN_POINT('',(19.752200742681,10.419644822677));
#1854 = CARTESIAN_POINT('',(7.003692273717,7.003692273717));
#1855 = CARTESIAN_POINT('',(10.419644822677,19.752200742681));
#1856 = CARTESIAN_POINT('',(13.835597371638,32.500709211645));
#1857 = CARTESIAN_POINT('',(23.168153291641,23.168153291641));
#1858 = ( GEOMETRIC_REPRESENTATION_CONTEXT(2) 
PARAMETRIC_REPRESENTATION_CONTEXT() REPRESENTATION_CONTEXT('2D SPACE',''
  ) );
#1859 = ORIENTED_EDGE('',*,*,#1860,.T.);
#1860 = EDGE_CURVE('',#1833,#1769,#1861,.T.);
#1861 = SURFACE_CURVE('',#1862,(#1866,#1873),.PCURVE_S1.);
#1862 = LINE('',#1863,#1864);
#1863 = CARTESIAN_POINT('',(17.77999961947,-8.89,-25.39999961947));
#1864 = VECTOR('',#1865,1.);
#1865 = DIRECTION('',(0.,1.,2.22044604925E-16));
#1866 = PCURVE('',#1780,#1867);
#1867 = DEFINITIONAL_REPRESENTATION('',(#1868),#1872);
#1868 = LINE('',#1869,#1870);
#1869 = CARTESIAN_POINT('',(0.785398163397,8.881784197001E-15));
#1870 = VECTOR('',#1871,1.);
#1871 = DIRECTION('',(-1.748382715945E-17,1.));
#1872 = ( GEOMETRIC_REPRESENTATION_CONTEXT(2) 
PARAMETRIC_REPRESENTATION_CONTEXT() REPRESENTATION_CONTEXT('2D SPACE',''
  ) );
#1873 = PCURVE('',#1874,#1879);
#1874 = PLANE('',#1875);
#1875 = AXIS2_PLACEMENT_3D('',#1876,#1877,#1878);
#1876 = CARTESIAN_POINT('',(4.697264799347E-10,-8.89,-25.39999961947));
#1877 = DIRECTION('',(0.,-2.22044604925E-16,1.));
#1878 = DIRECTION('',(0.,-1.,-2.22044604925E-16));
#1879 = DEFINITIONAL_REPRESENTATION('',(#1880),#1884);
#1880 = LINE('',#1881,#1882);
#1881 = CARTESIAN_POINT('',(0.,17.779999619));
#1882 = VECTOR('',#1883,1.);
#1883 = DIRECTION('',(-1.,0.));
#1884 = ( GEOMETRIC_REPRESENTATION_CONTEXT(2) 
PARAMETRIC_REPRESENTATION_CONTEXT() REPRESENTATION_CONTEXT('2D SPACE',''
  ) );
#1885 = ADVANCED_FACE('',(#1886),#1874,.F.);
#1886 = FACE_BOUND('',#1887,.T.);
#1887 = EDGE_LOOP('',(#1888,#1889,#1912,#1940));
#1888 = ORIENTED_EDGE('',*,*,#1860,.F.);
#1889 = ORIENTED_EDGE('',*,*,#1890,.F.);
#1890 = EDGE_CURVE('',#1891,#1833,#1893,.T.);
#1891 = VERTEX_POINT('',#1892);
#1892 = CARTESIAN_POINT('',(-17.77999961853,-15.24,-25.39999961947));
#1893 = SURFACE_CURVE('',#1894,(#1898,#1905),.PCURVE_S1.);
#1894 = LINE('',#1895,#1896);
#1895 = CARTESIAN_POINT('',(4.697264799347E-10,-15.24,-25.39999961947));
#1896 = VECTOR('',#1897,1.);
#1897 = DIRECTION('',(1.,0.,0.));
#1898 = PCURVE('',#1874,#1899);
#1899 = DEFINITIONAL_REPRESENTATION('',(#1900),#1904);
#1900 = LINE('',#1901,#1902);
#1901 = CARTESIAN_POINT('',(6.35,0.));
#1902 = VECTOR('',#1903,1.);
#1903 = DIRECTION('',(0.,1.));
#1904 = ( GEOMETRIC_REPRESENTATION_CONTEXT(2) 
PARAMETRIC_REPRESENTATION_CONTEXT() REPRESENTATION_CONTEXT('2D SPACE',''
  ) );
#1905 = PCURVE('',#1460,#1906);
#1906 = DEFINITIONAL_REPRESENTATION('',(#1907),#1911);
#1907 = LINE('',#1908,#1909);
#1908 = CARTESIAN_POINT('',(25.399999619,0.));
#1909 = VECTOR('',#1910,1.);
#1910 = DIRECTION('',(0.,1.));
#1911 = ( GEOMETRIC_REPRESENTATION_CONTEXT(2) 
PARAMETRIC_REPRESENTATION_CONTEXT() REPRESENTATION_CONTEXT('2D SPACE',''
  ) );
#1912 = ORIENTED_EDGE('',*,*,#1913,.F.);
#1913 = EDGE_CURVE('',#1914,#1891,#1916,.T.);
#1914 = VERTEX_POINT('',#1915);
#1915 = CARTESIAN_POINT('',(-17.77999961853,-2.54,-25.39999961947));
#1916 = SURFACE_CURVE('',#1917,(#1921,#1928),.PCURVE_S1.);
#1917 = LINE('',#1918,#1919);
#1918 = CARTESIAN_POINT('',(-17.77999961853,-8.89,-25.39999961947));
#1919 = VECTOR('',#1920,1.);
#1920 = DIRECTION('',(0.,-1.,-2.22044604925E-16));
#1921 = PCURVE('',#1874,#1922);
#1922 = DEFINITIONAL_REPRESENTATION('',(#1923),#1927);
#1923 = LINE('',#1924,#1925);
#1924 = CARTESIAN_POINT('',(-0.,-17.779999619));
#1925 = VECTOR('',#1926,1.);
#1926 = DIRECTION('',(1.,0.));
#1927 = ( GEOMETRIC_REPRESENTATION_CONTEXT(2) 
PARAMETRIC_REPRESENTATION_CONTEXT() REPRESENTATION_CONTEXT('2D SPACE',''
  ) );
#1928 = PCURVE('',#1929,#1934);
#1929 = CYLINDRICAL_SURFACE('',#1930,7.62);
#1930 = AXIS2_PLACEMENT_3D('',#1931,#1932,#1933);
#1931 = CARTESIAN_POINT('',(-17.77999961853,-8.89,-17.77999961947));
#1932 = DIRECTION('',(0.,1.,2.22044604925E-16));
#1933 = DIRECTION('',(-0.707106781187,1.570092458684E-16,-0.707106781187
    ));
#1934 = DEFINITIONAL_REPRESENTATION('',(#1935),#1939);
#1935 = LINE('',#1936,#1937);
#1936 = CARTESIAN_POINT('',(-0.785398163397,8.881784197001E-15));
#1937 = VECTOR('',#1938,1.);
#1938 = DIRECTION('',(0.,-1.));
#1939 = ( GEOMETRIC_REPRESENTATION_CONTEXT(2) 
PARAMETRIC_REPRESENTATION_CONTEXT() REPRESENTATION_CONTEXT('2D SPACE',''
  ) );
#1940 = ORIENTED_EDGE('',*,*,#1941,.F.);
#1941 = EDGE_CURVE('',#1769,#1914,#1942,.T.);
#1942 = SURFACE_CURVE('',#1943,(#1947,#1954),.PCURVE_S1.);
#1943 = LINE('',#1944,#1945);
#1944 = CARTESIAN_POINT('',(4.697264799347E-10,-2.54,-25.39999961947));
#1945 = VECTOR('',#1946,1.);
#1946 = DIRECTION('',(-1.,0.,0.));
#1947 = PCURVE('',#1874,#1948);
#1948 = DEFINITIONAL_REPRESENTATION('',(#1949),#1953);
#1949 = LINE('',#1950,#1951);
#1950 = CARTESIAN_POINT('',(-6.35,0.));
#1951 = VECTOR('',#1952,1.);
#1952 = DIRECTION('',(-0.,-1.));
#1953 = ( GEOMETRIC_REPRESENTATION_CONTEXT(2) 
PARAMETRIC_REPRESENTATION_CONTEXT() REPRESENTATION_CONTEXT('2D SPACE',''
  ) );
#1954 = PCURVE('',#1792,#1955);
#1955 = DEFINITIONAL_REPRESENTATION('',(#1956),#1960);
#1956 = LINE('',#1957,#1958);
#1957 = CARTESIAN_POINT('',(25.399999619,0.));
#1958 = VECTOR('',#1959,1.);
#1959 = DIRECTION('',(0.,-1.));
#1960 = ( GEOMETRIC_REPRESENTATION_CONTEXT(2) 
PARAMETRIC_REPRESENTATION_CONTEXT() REPRESENTATION_CONTEXT('2D SPACE',''
  ) );
#1961 = ADVANCED_FACE('',(#1962,#2137),#1460,.T.);
#1962 = FACE_BOUND('',#1963,.T.);
#1963 = EDGE_LOOP('',(#1964,#1965,#1988,#2021,#2049,#2082,#2110,#2136));
#1964 = ORIENTED_EDGE('',*,*,#1832,.F.);
#1965 = ORIENTED_EDGE('',*,*,#1966,.T.);
#1966 = EDGE_CURVE('',#1805,#1967,#1969,.T.);
#1967 = VERTEX_POINT('',#1968);
#1968 = CARTESIAN_POINT('',(25.39999961947,-15.24,17.77999961853));
#1969 = SURFACE_CURVE('',#1970,(#1974,#1981),.PCURVE_S1.);
#1970 = LINE('',#1971,#1972);
#1971 = CARTESIAN_POINT('',(25.39999961947,-15.24,-4.697278899179E-10));
#1972 = VECTOR('',#1973,1.);
#1973 = DIRECTION('',(0.,-2.22044604925E-16,1.));
#1974 = PCURVE('',#1460,#1975);
#1975 = DEFINITIONAL_REPRESENTATION('',(#1976),#1980);
#1976 = LINE('',#1977,#1978);
#1977 = CARTESIAN_POINT('',(0.,25.399999619));
#1978 = VECTOR('',#1979,1.);
#1979 = DIRECTION('',(-1.,0.));
#1980 = ( GEOMETRIC_REPRESENTATION_CONTEXT(2) 
PARAMETRIC_REPRESENTATION_CONTEXT() REPRESENTATION_CONTEXT('2D SPACE',''
  ) );
#1981 = PCURVE('',#1820,#1982);
#1982 = DEFINITIONAL_REPRESENTATION('',(#1983),#1987);
#1983 = LINE('',#1984,#1985);
#1984 = CARTESIAN_POINT('',(-6.35,-1.861135867861E-25));
#1985 = VECTOR('',#1986,1.);
#1986 = DIRECTION('',(2.465190328816E-32,-1.));
#1987 = ( GEOMETRIC_REPRESENTATION_CONTEXT(2) 
PARAMETRIC_REPRESENTATION_CONTEXT() REPRESENTATION_CONTEXT('2D SPACE',''
  ) );
#1988 = ORIENTED_EDGE('',*,*,#1989,.F.);
#1989 = EDGE_CURVE('',#1990,#1967,#1992,.T.);
#1990 = VERTEX_POINT('',#1991);
#1991 = CARTESIAN_POINT('',(17.77999961947,-15.24,25.39999961853));
#1992 = SURFACE_CURVE('',#1993,(#1998,#2009),.PCURVE_S1.);
#1993 = CIRCLE('',#1994,7.62);
#1994 = AXIS2_PLACEMENT_3D('',#1995,#1996,#1997);
#1995 = CARTESIAN_POINT('',(17.77999961947,-15.24,17.77999961853));
#1996 = DIRECTION('',(0.,1.,2.22044604925E-16));
#1997 = DIRECTION('',(0.707106781187,-1.570092458684E-16,0.707106781187)
  );
#1998 = PCURVE('',#1460,#1999);
#1999 = DEFINITIONAL_REPRESENTATION('',(#2000),#2008);
#2000 = ( BOUNDED_CURVE() B_SPLINE_CURVE(2,(#2001,#2002,#2003,#2004,
#2005,#2006,#2007),.UNSPECIFIED.,.T.,.F.) B_SPLINE_CURVE_WITH_KNOTS((1,2
    ,2,2,2,1),(-2.094395102393,0.,2.094395102393,4.188790204786,
6.28318530718,8.377580409573),.UNSPECIFIED.) CURVE() 
GEOMETRIC_REPRESENTATION_ITEM() RATIONAL_B_SPLINE_CURVE((1.,0.5,1.,0.5,
1.,0.5,1.)) REPRESENTATION_ITEM('') );
#2001 = CARTESIAN_POINT('',(-23.16815329164,23.168153291641));
#2002 = CARTESIAN_POINT('',(-13.83559737163,32.500709211645));
#2003 = CARTESIAN_POINT('',(-10.41964482267,19.752200742681));
#2004 = CARTESIAN_POINT('',(-7.003692273717,7.003692273717));
#2005 = CARTESIAN_POINT('',(-19.75220074268,10.419644822677));
#2006 = CARTESIAN_POINT('',(-32.50070921164,13.835597371638));
#2007 = CARTESIAN_POINT('',(-23.16815329164,23.168153291641));
#2008 = ( GEOMETRIC_REPRESENTATION_CONTEXT(2) 
PARAMETRIC_REPRESENTATION_CONTEXT() REPRESENTATION_CONTEXT('2D SPACE',''
  ) );
#2009 = PCURVE('',#2010,#2015);
#2010 = CYLINDRICAL_SURFACE('',#2011,7.62);
#2011 = AXIS2_PLACEMENT_3D('',#2012,#2013,#2014);
#2012 = CARTESIAN_POINT('',(17.77999961947,-8.89,17.77999961853));
#2013 = DIRECTION('',(0.,1.,2.22044604925E-16));
#2014 = DIRECTION('',(0.707106781187,-1.570092458684E-16,0.707106781187)
  );
#2015 = DEFINITIONAL_REPRESENTATION('',(#2016),#2020);
#2016 = LINE('',#2017,#2018);
#2017 = CARTESIAN_POINT('',(-6.28318530718,-6.35));
#2018 = VECTOR('',#2019,1.);
#2019 = DIRECTION('',(1.,0.));
#2020 = ( GEOMETRIC_REPRESENTATION_CONTEXT(2) 
PARAMETRIC_REPRESENTATION_CONTEXT() REPRESENTATION_CONTEXT('2D SPACE',''
  ) );
#2021 = ORIENTED_EDGE('',*,*,#2022,.T.);
#2022 = EDGE_CURVE('',#1990,#2023,#2025,.T.);
#2023 = VERTEX_POINT('',#2024);
#2024 = CARTESIAN_POINT('',(-17.77999961853,-15.24,25.39999961853));
#2025 = SURFACE_CURVE('',#2026,(#2030,#2037),.PCURVE_S1.);
#2026 = LINE('',#2027,#2028);
#2027 = CARTESIAN_POINT('',(4.697264799347E-10,-15.24,25.39999961853));
#2028 = VECTOR('',#2029,1.);
#2029 = DIRECTION('',(-1.,0.,0.));
#2030 = PCURVE('',#1460,#2031);
#2031 = DEFINITIONAL_REPRESENTATION('',(#2032),#2036);
#2032 = LINE('',#2033,#2034);
#2033 = CARTESIAN_POINT('',(-25.399999619,0.));
#2034 = VECTOR('',#2035,1.);
#2035 = DIRECTION('',(0.,-1.));
#2036 = ( GEOMETRIC_REPRESENTATION_CONTEXT(2) 
PARAMETRIC_REPRESENTATION_CONTEXT() REPRESENTATION_CONTEXT('2D SPACE',''
  ) );
#2037 = PCURVE('',#2038,#2043);
#2038 = PLANE('',#2039);
#2039 = AXIS2_PLACEMENT_3D('',#2040,#2041,#2042);
#2040 = CARTESIAN_POINT('',(4.697264799347E-10,-8.89,25.39999961853));
#2041 = DIRECTION('',(0.,2.22044604925E-16,-1.));
#2042 = DIRECTION('',(0.,1.,2.22044604925E-16));
#2043 = DEFINITIONAL_REPRESENTATION('',(#2044),#2048);
#2044 = LINE('',#2045,#2046);
#2045 = CARTESIAN_POINT('',(-6.35,0.));
#2046 = VECTOR('',#2047,1.);
#2047 = DIRECTION('',(0.,-1.));
#2048 = ( GEOMETRIC_REPRESENTATION_CONTEXT(2) 
PARAMETRIC_REPRESENTATION_CONTEXT() REPRESENTATION_CONTEXT('2D SPACE',''
  ) );
#2049 = ORIENTED_EDGE('',*,*,#2050,.F.);
#2050 = EDGE_CURVE('',#2051,#2023,#2053,.T.);
#2051 = VERTEX_POINT('',#2052);
#2052 = CARTESIAN_POINT('',(-25.39999961853,-15.24,17.77999961853));
#2053 = SURFACE_CURVE('',#2054,(#2059,#2070),.PCURVE_S1.);
#2054 = CIRCLE('',#2055,7.62);
#2055 = AXIS2_PLACEMENT_3D('',#2056,#2057,#2058);
#2056 = CARTESIAN_POINT('',(-17.77999961853,-15.24,17.77999961853));
#2057 = DIRECTION('',(0.,1.,2.22044604925E-16));
#2058 = DIRECTION('',(-0.707106781187,-1.570092458684E-16,0.707106781187
    ));
#2059 = PCURVE('',#1460,#2060);
#2060 = DEFINITIONAL_REPRESENTATION('',(#2061),#2069);
#2061 = ( BOUNDED_CURVE() B_SPLINE_CURVE(2,(#2062,#2063,#2064,#2065,
#2066,#2067,#2068),.UNSPECIFIED.,.T.,.F.) B_SPLINE_CURVE_WITH_KNOTS((1,2
    ,2,2,2,1),(-2.094395102393,0.,2.094395102393,4.188790204786,
6.28318530718,8.377580409573),.UNSPECIFIED.) CURVE() 
GEOMETRIC_REPRESENTATION_ITEM() RATIONAL_B_SPLINE_CURVE((1.,0.5,1.,0.5,
1.,0.5,1.)) REPRESENTATION_ITEM('') );
#2062 = CARTESIAN_POINT('',(-23.16815329164,-23.16815329164));
#2063 = CARTESIAN_POINT('',(-32.50070921164,-13.83559737163));
#2064 = CARTESIAN_POINT('',(-19.75220074268,-10.41964482267));
#2065 = CARTESIAN_POINT('',(-7.003692273717,-7.003692273717));
#2066 = CARTESIAN_POINT('',(-10.41964482267,-19.75220074268));
#2067 = CARTESIAN_POINT('',(-13.83559737163,-32.50070921164));
#2068 = CARTESIAN_POINT('',(-23.16815329164,-23.16815329164));
#2069 = ( GEOMETRIC_REPRESENTATION_CONTEXT(2) 
PARAMETRIC_REPRESENTATION_CONTEXT() REPRESENTATION_CONTEXT('2D SPACE',''
  ) );
#2070 = PCURVE('',#2071,#2076);
#2071 = CYLINDRICAL_SURFACE('',#2072,7.62);
#2072 = AXIS2_PLACEMENT_3D('',#2073,#2074,#2075);
#2073 = CARTESIAN_POINT('',(-17.77999961853,-8.89,17.77999961853));
#2074 = DIRECTION('',(0.,1.,2.22044604925E-16));
#2075 = DIRECTION('',(-0.707106781187,-1.570092458684E-16,0.707106781187
    ));
#2076 = DEFINITIONAL_REPRESENTATION('',(#2077),#2081);
#2077 = LINE('',#2078,#2079);
#2078 = CARTESIAN_POINT('',(-6.28318530718,-6.35));
#2079 = VECTOR('',#2080,1.);
#2080 = DIRECTION('',(1.,0.));
#2081 = ( GEOMETRIC_REPRESENTATION_CONTEXT(2) 
PARAMETRIC_REPRESENTATION_CONTEXT() REPRESENTATION_CONTEXT('2D SPACE',''
  ) );
#2082 = ORIENTED_EDGE('',*,*,#2083,.T.);
#2083 = EDGE_CURVE('',#2051,#2084,#2086,.T.);
#2084 = VERTEX_POINT('',#2085);
#2085 = CARTESIAN_POINT('',(-25.39999961853,-15.24,-17.77999961947));
#2086 = SURFACE_CURVE('',#2087,(#2091,#2098),.PCURVE_S1.);
#2087 = LINE('',#2088,#2089);
#2088 = CARTESIAN_POINT('',(-25.39999961853,-15.24,-4.697278899179E-10)
  );
#2089 = VECTOR('',#2090,1.);
#2090 = DIRECTION('',(0.,2.22044604925E-16,-1.));
#2091 = PCURVE('',#1460,#2092);
#2092 = DEFINITIONAL_REPRESENTATION('',(#2093),#2097);
#2093 = LINE('',#2094,#2095);
#2094 = CARTESIAN_POINT('',(0.,-25.399999619));
#2095 = VECTOR('',#2096,1.);
#2096 = DIRECTION('',(1.,0.));
#2097 = ( GEOMETRIC_REPRESENTATION_CONTEXT(2) 
PARAMETRIC_REPRESENTATION_CONTEXT() REPRESENTATION_CONTEXT('2D SPACE',''
  ) );
#2098 = PCURVE('',#2099,#2104);
#2099 = PLANE('',#2100);
#2100 = AXIS2_PLACEMENT_3D('',#2101,#2102,#2103);
#2101 = CARTESIAN_POINT('',(-25.39999961853,-8.89,-4.697264799347E-10));
#2102 = DIRECTION('',(1.,0.,0.));
#2103 = DIRECTION('',(0.,-1.,-2.22044604925E-16));
#2104 = DEFINITIONAL_REPRESENTATION('',(#2105),#2109);
#2105 = LINE('',#2106,#2107);
#2106 = CARTESIAN_POINT('',(6.35,-1.861135867861E-25));
#2107 = VECTOR('',#2108,1.);
#2108 = DIRECTION('',(2.465190328816E-32,1.));
#2109 = ( GEOMETRIC_REPRESENTATION_CONTEXT(2) 
PARAMETRIC_REPRESENTATION_CONTEXT() REPRESENTATION_CONTEXT('2D SPACE',''
  ) );
#2110 = ORIENTED_EDGE('',*,*,#2111,.F.);
#2111 = EDGE_CURVE('',#1891,#2084,#2112,.T.);
#2112 = SURFACE_CURVE('',#2113,(#2118,#2129),.PCURVE_S1.);
#2113 = CIRCLE('',#2114,7.62);
#2114 = AXIS2_PLACEMENT_3D('',#2115,#2116,#2117);
#2115 = CARTESIAN_POINT('',(-17.77999961853,-15.24,-17.77999961947));
#2116 = DIRECTION('',(0.,1.,2.22044604925E-16));
#2117 = DIRECTION('',(-0.707106781187,1.570092458684E-16,-0.707106781187
    ));
#2118 = PCURVE('',#1460,#2119);
#2119 = DEFINITIONAL_REPRESENTATION('',(#2120),#2128);
#2120 = ( BOUNDED_CURVE() B_SPLINE_CURVE(2,(#2121,#2122,#2123,#2124,
#2125,#2126,#2127),.UNSPECIFIED.,.T.,.F.) B_SPLINE_CURVE_WITH_KNOTS((1,2
    ,2,2,2,1),(-2.094395102393,0.,2.094395102393,4.188790204786,
6.28318530718,8.377580409573),.UNSPECIFIED.) CURVE() 
GEOMETRIC_REPRESENTATION_ITEM() RATIONAL_B_SPLINE_CURVE((1.,0.5,1.,0.5,
1.,0.5,1.)) REPRESENTATION_ITEM('') );
#2121 = CARTESIAN_POINT('',(23.168153291641,-23.16815329164));
#2122 = CARTESIAN_POINT('',(13.835597371638,-32.50070921164));
#2123 = CARTESIAN_POINT('',(10.419644822677,-19.75220074268));
#2124 = CARTESIAN_POINT('',(7.003692273717,-7.003692273717));
#2125 = CARTESIAN_POINT('',(19.752200742681,-10.41964482267));
#2126 = CARTESIAN_POINT('',(32.500709211645,-13.83559737163));
#2127 = CARTESIAN_POINT('',(23.168153291641,-23.16815329164));
#2128 = ( GEOMETRIC_REPRESENTATION_CONTEXT(2) 
PARAMETRIC_REPRESENTATION_CONTEXT() REPRESENTATION_CONTEXT('2D SPACE',''
  ) );
#2129 = PCURVE('',#1929,#2130);
#2130 = DEFINITIONAL_REPRESENTATION('',(#2131),#2135);
#2131 = LINE('',#2132,#2133);
#2132 = CARTESIAN_POINT('',(-6.28318530718,-6.35));
#2133 = VECTOR('',#2134,1.);
#2134 = DIRECTION('',(1.,0.));
#2135 = ( GEOMETRIC_REPRESENTATION_CONTEXT(2) 
PARAMETRIC_REPRESENTATION_CONTEXT() REPRESENTATION_CONTEXT('2D SPACE',''
  ) );
#2136 = ORIENTED_EDGE('',*,*,#1890,.T.);
#2137 = FACE_BOUND('',#2138,.T.);
#2138 = EDGE_LOOP('',(#2139,#2169,#2198,#2219,#2220,#2221,#2222,#2223));
#2139 = ORIENTED_EDGE('',*,*,#2140,.T.);
#2140 = EDGE_CURVE('',#2141,#2143,#2145,.T.);
#2141 = VERTEX_POINT('',#2142);
#2142 = CARTESIAN_POINT('',(22.860000729561,-15.24,15.240000729561));
#2143 = VERTEX_POINT('',#2144);
#2144 = CARTESIAN_POINT('',(22.860000729561,-15.24,-15.24000072956));
#2145 = SURFACE_CURVE('',#2146,(#2150,#2157),.PCURVE_S1.);
#2146 = LINE('',#2147,#2148);
#2147 = CARTESIAN_POINT('',(22.860000729561,-15.24,11.430000364546));
#2148 = VECTOR('',#2149,1.);
#2149 = DIRECTION('',(0.,2.22044604925E-16,-1.));
#2150 = PCURVE('',#1460,#2151);
#2151 = DEFINITIONAL_REPRESENTATION('',(#2152),#2156);
#2152 = LINE('',#2153,#2154);
#2153 = CARTESIAN_POINT('',(-11.43000036501,22.860000729091));
#2154 = VECTOR('',#2155,1.);
#2155 = DIRECTION('',(1.,0.));
#2156 = ( GEOMETRIC_REPRESENTATION_CONTEXT(2) 
PARAMETRIC_REPRESENTATION_CONTEXT() REPRESENTATION_CONTEXT('2D SPACE',''
  ) );
#2157 = PCURVE('',#2158,#2163);
#2158 = PLANE('',#2159);
#2159 = AXIS2_PLACEMENT_3D('',#2160,#2161,#2162);
#2160 = CARTESIAN_POINT('',(22.860000729561,-15.24,22.860000729561));
#2161 = DIRECTION('',(1.,0.,0.));
#2162 = DIRECTION('',(0.,2.22044604925E-16,-1.));
#2163 = DEFINITIONAL_REPRESENTATION('',(#2164),#2168);
#2164 = LINE('',#2165,#2166);
#2165 = CARTESIAN_POINT('',(11.430000365015,-2.537969915343E-15));
#2166 = VECTOR('',#2167,1.);
#2167 = DIRECTION('',(1.,-2.465190328816E-32));
#2168 = ( GEOMETRIC_REPRESENTATION_CONTEXT(2) 
PARAMETRIC_REPRESENTATION_CONTEXT() REPRESENTATION_CONTEXT('2D SPACE',''
  ) );
#2169 = ORIENTED_EDGE('',*,*,#2170,.F.);
#2170 = EDGE_CURVE('',#2171,#2143,#2173,.T.);
#2171 = VERTEX_POINT('',#2172);
#2172 = CARTESIAN_POINT('',(15.240000729561,-15.24,-22.86000072956));
#2173 = SURFACE_CURVE('',#2174,(#2179,#2186),.PCURVE_S1.);
#2174 = CIRCLE('',#2175,7.62);
#2175 = AXIS2_PLACEMENT_3D('',#2176,#2177,#2178);
#2176 = CARTESIAN_POINT('',(15.240000729561,-15.24,-15.24000072956));
#2177 = DIRECTION('',(0.,-1.,-2.22044604925E-16));
#2178 = DIRECTION('',(0.707106781187,1.570092458684E-16,-0.707106781187)
  );
#2179 = PCURVE('',#1460,#2180);
#2180 = DEFINITIONAL_REPRESENTATION('',(#2181),#2185);
#2181 = CIRCLE('',#2182,7.62);
#2182 = AXIS2_PLACEMENT_2D('',#2183,#2184);
#2183 = CARTESIAN_POINT('',(15.240000729091,15.240000729091));
#2184 = DIRECTION('',(0.707106781187,0.707106781187));
#2185 = ( GEOMETRIC_REPRESENTATION_CONTEXT(2) 
PARAMETRIC_REPRESENTATION_CONTEXT() REPRESENTATION_CONTEXT('2D SPACE',''
  ) );
#2186 = PCURVE('',#2187,#2192);
#2187 = CYLINDRICAL_SURFACE('',#2188,7.62);
#2188 = AXIS2_PLACEMENT_3D('',#2189,#2190,#2191);
#2189 = CARTESIAN_POINT('',(15.240000729561,-15.24,-15.24000072956));
#2190 = DIRECTION('',(0.,1.,4.370956789863E-16));
#2191 = DIRECTION('',(0.707106781187,3.090733186385E-16,-0.707106781187)
  );
#2192 = DEFINITIONAL_REPRESENTATION('',(#2193),#2197);
#2193 = LINE('',#2194,#2195);
#2194 = CARTESIAN_POINT('',(12.566370614359,-7.993605777301E-15));
#2195 = VECTOR('',#2196,1.);
#2196 = DIRECTION('',(-1.,1.130863886743E-15));
#2197 = ( GEOMETRIC_REPRESENTATION_CONTEXT(2) 
PARAMETRIC_REPRESENTATION_CONTEXT() REPRESENTATION_CONTEXT('2D SPACE',''
  ) );
#2198 = ORIENTED_EDGE('',*,*,#2199,.T.);
#2199 = EDGE_CURVE('',#2171,#1409,#2200,.T.);
#2200 = SURFACE_CURVE('',#2201,(#2205,#2212),.PCURVE_S1.);
#2201 = LINE('',#2202,#2203);
#2202 = CARTESIAN_POINT('',(11.430000365015,-15.24,-22.86000072956));
#2203 = VECTOR('',#2204,1.);
#2204 = DIRECTION('',(-1.,0.,0.));
#2205 = PCURVE('',#1460,#2206);
#2206 = DEFINITIONAL_REPRESENTATION('',(#2207),#2211);
#2207 = LINE('',#2208,#2209);
#2208 = CARTESIAN_POINT('',(22.860000729091,11.430000364546));
#2209 = VECTOR('',#2210,1.);
#2210 = DIRECTION('',(0.,-1.));
#2211 = ( GEOMETRIC_REPRESENTATION_CONTEXT(2) 
PARAMETRIC_REPRESENTATION_CONTEXT() REPRESENTATION_CONTEXT('2D SPACE',''
  ) );
#2212 = PCURVE('',#1431,#2213);
#2213 = DEFINITIONAL_REPRESENTATION('',(#2214),#2218);
#2214 = LINE('',#2215,#2216);
#2215 = CARTESIAN_POINT('',(11.430000364546,0.));
#2216 = VECTOR('',#2217,1.);
#2217 = DIRECTION('',(1.,0.));
#2218 = ( GEOMETRIC_REPRESENTATION_CONTEXT(2) 
PARAMETRIC_REPRESENTATION_CONTEXT() REPRESENTATION_CONTEXT('2D SPACE',''
  ) );
#2219 = ORIENTED_EDGE('',*,*,#1443,.F.);
#2220 = ORIENTED_EDGE('',*,*,#1586,.T.);
#2221 = ORIENTED_EDGE('',*,*,#1611,.F.);
#2222 = ORIENTED_EDGE('',*,*,#1744,.T.);
#2223 = ORIENTED_EDGE('',*,*,#2224,.F.);
#2224 = EDGE_CURVE('',#2141,#1717,#2225,.T.);
#2225 = SURFACE_CURVE('',#2226,(#2231,#2238),.PCURVE_S1.);
#2226 = CIRCLE('',#2227,7.62);
#2227 = AXIS2_PLACEMENT_3D('',#2228,#2229,#2230);
#2228 = CARTESIAN_POINT('',(15.240000729561,-15.24,15.240000729561));
#2229 = DIRECTION('',(0.,-1.,-2.22044604925E-16));
#2230 = DIRECTION('',(0.707106781187,-1.570092458684E-16,0.707106781187)
  );
#2231 = PCURVE('',#1460,#2232);
#2232 = DEFINITIONAL_REPRESENTATION('',(#2233),#2237);
#2233 = CIRCLE('',#2234,7.62);
#2234 = AXIS2_PLACEMENT_2D('',#2235,#2236);
#2235 = CARTESIAN_POINT('',(-15.24000073003,15.240000729091));
#2236 = DIRECTION('',(-0.707106781187,0.707106781187));
#2237 = ( GEOMETRIC_REPRESENTATION_CONTEXT(2) 
PARAMETRIC_REPRESENTATION_CONTEXT() REPRESENTATION_CONTEXT('2D SPACE',''
  ) );
#2238 = PCURVE('',#1732,#2239);
#2239 = DEFINITIONAL_REPRESENTATION('',(#2240),#2244);
#2240 = LINE('',#2241,#2242);
#2241 = CARTESIAN_POINT('',(12.566370614359,-6.217248937901E-15));
#2242 = VECTOR('',#2243,1.);
#2243 = DIRECTION('',(-1.,1.130863886743E-15));
#2244 = ( GEOMETRIC_REPRESENTATION_CONTEXT(2) 
PARAMETRIC_REPRESENTATION_CONTEXT() REPRESENTATION_CONTEXT('2D SPACE',''
  ) );
#2245 = ADVANCED_FACE('',(#2246),#1732,.F.);
#2246 = FACE_BOUND('',#2247,.F.);
#2247 = EDGE_LOOP('',(#2248,#2249,#2250,#2273));
#2248 = ORIENTED_EDGE('',*,*,#1716,.F.);
#2249 = ORIENTED_EDGE('',*,*,#2224,.F.);
#2250 = ORIENTED_EDGE('',*,*,#2251,.F.);
#2251 = EDGE_CURVE('',#2252,#2141,#2254,.T.);
#2252 = VERTEX_POINT('',#2253);
#2253 = CARTESIAN_POINT('',(22.860000729561,-5.08,15.240000729561));
#2254 = SURFACE_CURVE('',#2255,(#2259,#2266),.PCURVE_S1.);
#2255 = LINE('',#2256,#2257);
#2256 = CARTESIAN_POINT('',(22.860000729561,-15.24,15.240000729561));
#2257 = VECTOR('',#2258,1.);
#2258 = DIRECTION('',(0.,-1.,-4.370956789863E-16));
#2259 = PCURVE('',#1732,#2260);
#2260 = DEFINITIONAL_REPRESENTATION('',(#2261),#2265);
#2261 = LINE('',#2262,#2263);
#2262 = CARTESIAN_POINT('',(7.068583470577,0.));
#2263 = VECTOR('',#2264,1.);
#2264 = DIRECTION('',(0.,-1.));
#2265 = ( GEOMETRIC_REPRESENTATION_CONTEXT(2) 
PARAMETRIC_REPRESENTATION_CONTEXT() REPRESENTATION_CONTEXT('2D SPACE',''
  ) );
#2266 = PCURVE('',#2158,#2267);
#2267 = DEFINITIONAL_REPRESENTATION('',(#2268),#2272);
#2268 = LINE('',#2269,#2270);
#2269 = CARTESIAN_POINT('',(7.62,-1.691979889529E-15));
#2270 = VECTOR('',#2271,1.);
#2271 = DIRECTION('',(2.150510740613E-16,-1.));
#2272 = ( GEOMETRIC_REPRESENTATION_CONTEXT(2) 
PARAMETRIC_REPRESENTATION_CONTEXT() REPRESENTATION_CONTEXT('2D SPACE',''
  ) );
#2273 = ORIENTED_EDGE('',*,*,#2274,.T.);
#2274 = EDGE_CURVE('',#2252,#1694,#2275,.T.);
#2275 = SURFACE_CURVE('',#2276,(#2281,#2288),.PCURVE_S1.);
#2276 = CIRCLE('',#2277,7.62);
#2277 = AXIS2_PLACEMENT_3D('',#2278,#2279,#2280);
#2278 = CARTESIAN_POINT('',(15.240000729561,-5.08,15.240000729561));
#2279 = DIRECTION('',(0.,-1.,-4.370956789863E-16));
#2280 = DIRECTION('',(0.707106781187,-3.090733186385E-16,0.707106781187)
  );
#2281 = PCURVE('',#1732,#2282);
#2282 = DEFINITIONAL_REPRESENTATION('',(#2283),#2287);
#2283 = LINE('',#2284,#2285);
#2284 = CARTESIAN_POINT('',(12.566370614359,10.16));
#2285 = VECTOR('',#2286,1.);
#2286 = DIRECTION('',(-1.,0.));
#2287 = ( GEOMETRIC_REPRESENTATION_CONTEXT(2) 
PARAMETRIC_REPRESENTATION_CONTEXT() REPRESENTATION_CONTEXT('2D SPACE',''
  ) );
#2288 = PCURVE('',#1515,#2289);
#2289 = DEFINITIONAL_REPRESENTATION('',(#2290),#2298);
#2290 = ( BOUNDED_CURVE() B_SPLINE_CURVE(2,(#2291,#2292,#2293,#2294,
#2295,#2296,#2297),.UNSPECIFIED.,.T.,.F.) B_SPLINE_CURVE_WITH_KNOTS((1,2
    ,2,2,2,1),(-2.094395102393,0.,2.094395102393,4.188790204786,
6.28318530718,8.377580409573),.UNSPECIFIED.) CURVE() 
GEOMETRIC_REPRESENTATION_ITEM() RATIONAL_B_SPLINE_CURVE((1.,0.5,1.,0.5,
1.,0.5,1.)) REPRESENTATION_ITEM('') );
#2291 = CARTESIAN_POINT('',(20.628154402202,20.628154402202));
#2292 = CARTESIAN_POINT('',(29.960710322206,11.295598482198));
#2293 = CARTESIAN_POINT('',(17.212201853242,7.879645933238));
#2294 = CARTESIAN_POINT('',(4.463693384278,4.463693384278));
#2295 = CARTESIAN_POINT('',(7.879645933238,17.212201853242));
#2296 = CARTESIAN_POINT('',(11.295598482198,29.960710322206));
#2297 = CARTESIAN_POINT('',(20.628154402202,20.628154402202));
#2298 = ( GEOMETRIC_REPRESENTATION_CONTEXT(2) 
PARAMETRIC_REPRESENTATION_CONTEXT() REPRESENTATION_CONTEXT('2D SPACE',''
  ) );
#2299 = ADVANCED_FACE('',(#2300),#2158,.F.);
#2300 = FACE_BOUND('',#2301,.T.);
#2301 = EDGE_LOOP('',(#2302,#2303,#2326,#2347));
#2302 = ORIENTED_EDGE('',*,*,#2251,.F.);
#2303 = ORIENTED_EDGE('',*,*,#2304,.T.);
#2304 = EDGE_CURVE('',#2252,#2305,#2307,.T.);
#2305 = VERTEX_POINT('',#2306);
#2306 = CARTESIAN_POINT('',(22.860000729561,-5.08,-15.24000072956));
#2307 = SURFACE_CURVE('',#2308,(#2312,#2319),.PCURVE_S1.);
#2308 = LINE('',#2309,#2310);
#2309 = CARTESIAN_POINT('',(22.860000729561,-5.08,22.860000729561));
#2310 = VECTOR('',#2311,1.);
#2311 = DIRECTION('',(0.,2.22044604925E-16,-1.));
#2312 = PCURVE('',#2158,#2313);
#2313 = DEFINITIONAL_REPRESENTATION('',(#2314),#2318);
#2314 = LINE('',#2315,#2316);
#2315 = CARTESIAN_POINT('',(-1.007727234992E-13,10.16));
#2316 = VECTOR('',#2317,1.);
#2317 = DIRECTION('',(1.,-2.465190328816E-32));
#2318 = ( GEOMETRIC_REPRESENTATION_CONTEXT(2) 
PARAMETRIC_REPRESENTATION_CONTEXT() REPRESENTATION_CONTEXT('2D SPACE',''
  ) );
#2319 = PCURVE('',#1515,#2320);
#2320 = DEFINITIONAL_REPRESENTATION('',(#2321),#2325);
#2321 = LINE('',#2322,#2323);
#2322 = CARTESIAN_POINT('',(22.860000729561,22.860000729561));
#2323 = VECTOR('',#2324,1.);
#2324 = DIRECTION('',(-1.,0.));
#2325 = ( GEOMETRIC_REPRESENTATION_CONTEXT(2) 
PARAMETRIC_REPRESENTATION_CONTEXT() REPRESENTATION_CONTEXT('2D SPACE',''
  ) );
#2326 = ORIENTED_EDGE('',*,*,#2327,.F.);
#2327 = EDGE_CURVE('',#2143,#2305,#2328,.T.);
#2328 = SURFACE_CURVE('',#2329,(#2333,#2340),.PCURVE_S1.);
#2329 = LINE('',#2330,#2331);
#2330 = CARTESIAN_POINT('',(22.860000729561,-15.24,-15.24000072956));
#2331 = VECTOR('',#2332,1.);
#2332 = DIRECTION('',(0.,1.,4.370956789863E-16));
#2333 = PCURVE('',#2158,#2334);
#2334 = DEFINITIONAL_REPRESENTATION('',(#2335),#2339);
#2335 = LINE('',#2336,#2337);
#2336 = CARTESIAN_POINT('',(38.100001459122,-8.459899771634E-15));
#2337 = VECTOR('',#2338,1.);
#2338 = DIRECTION('',(-2.150510740613E-16,1.));
#2339 = ( GEOMETRIC_REPRESENTATION_CONTEXT(2) 
PARAMETRIC_REPRESENTATION_CONTEXT() REPRESENTATION_CONTEXT('2D SPACE',''
  ) );
#2340 = PCURVE('',#2187,#2341);
#2341 = DEFINITIONAL_REPRESENTATION('',(#2342),#2346);
#2342 = LINE('',#2343,#2344);
#2343 = CARTESIAN_POINT('',(5.497787143782,0.));
#2344 = VECTOR('',#2345,1.);
#2345 = DIRECTION('',(8.741913579726E-17,1.));
#2346 = ( GEOMETRIC_REPRESENTATION_CONTEXT(2) 
PARAMETRIC_REPRESENTATION_CONTEXT() REPRESENTATION_CONTEXT('2D SPACE',''
  ) );
#2347 = ORIENTED_EDGE('',*,*,#2140,.F.);
#2348 = ADVANCED_FACE('',(#2349),#2010,.T.);
#2349 = FACE_BOUND('',#2350,.T.);
#2350 = EDGE_LOOP('',(#2351,#2377,#2398,#2399));
#2351 = ORIENTED_EDGE('',*,*,#2352,.T.);
#2352 = EDGE_CURVE('',#2353,#2355,#2357,.T.);
#2353 = VERTEX_POINT('',#2354);
#2354 = CARTESIAN_POINT('',(25.39999961947,-2.54,17.77999961853));
#2355 = VERTEX_POINT('',#2356);
#2356 = CARTESIAN_POINT('',(17.77999961947,-2.54,25.39999961853));
#2357 = SURFACE_CURVE('',#2358,(#2363,#2370),.PCURVE_S1.);
#2358 = CIRCLE('',#2359,7.62);
#2359 = AXIS2_PLACEMENT_3D('',#2360,#2361,#2362);
#2360 = CARTESIAN_POINT('',(17.77999961947,-2.54,17.77999961853));
#2361 = DIRECTION('',(0.,-1.,-2.22044604925E-16));
#2362 = DIRECTION('',(0.707106781187,-1.570092458684E-16,0.707106781187)
  );
#2363 = PCURVE('',#2010,#2364);
#2364 = DEFINITIONAL_REPRESENTATION('',(#2365),#2369);
#2365 = LINE('',#2366,#2367);
#2366 = CARTESIAN_POINT('',(6.28318530718,6.35));
#2367 = VECTOR('',#2368,1.);
#2368 = DIRECTION('',(-1.,0.));
#2369 = ( GEOMETRIC_REPRESENTATION_CONTEXT(2) 
PARAMETRIC_REPRESENTATION_CONTEXT() REPRESENTATION_CONTEXT('2D SPACE',''
  ) );
#2370 = PCURVE('',#1792,#2371);
#2371 = DEFINITIONAL_REPRESENTATION('',(#2372),#2376);
#2372 = CIRCLE('',#2373,7.62);
#2373 = AXIS2_PLACEMENT_2D('',#2374,#2375);
#2374 = CARTESIAN_POINT('',(-17.779999619,17.779999619));
#2375 = DIRECTION('',(-0.707106781187,0.707106781187));
#2376 = ( GEOMETRIC_REPRESENTATION_CONTEXT(2) 
PARAMETRIC_REPRESENTATION_CONTEXT() REPRESENTATION_CONTEXT('2D SPACE',''
  ) );
#2377 = ORIENTED_EDGE('',*,*,#2378,.T.);
#2378 = EDGE_CURVE('',#2355,#1990,#2379,.T.);
#2379 = SURFACE_CURVE('',#2380,(#2384,#2391),.PCURVE_S1.);
#2380 = LINE('',#2381,#2382);
#2381 = CARTESIAN_POINT('',(17.77999961947,-8.89,25.39999961853));
#2382 = VECTOR('',#2383,1.);
#2383 = DIRECTION('',(0.,-1.,-2.22044604925E-16));
#2384 = PCURVE('',#2010,#2385);
#2385 = DEFINITIONAL_REPRESENTATION('',(#2386),#2390);
#2386 = LINE('',#2387,#2388);
#2387 = CARTESIAN_POINT('',(-0.785398163397,-7.105427357601E-15));
#2388 = VECTOR('',#2389,1.);
#2389 = DIRECTION('',(0.,-1.));
#2390 = ( GEOMETRIC_REPRESENTATION_CONTEXT(2) 
PARAMETRIC_REPRESENTATION_CONTEXT() REPRESENTATION_CONTEXT('2D SPACE',''
  ) );
#2391 = PCURVE('',#2038,#2392);
#2392 = DEFINITIONAL_REPRESENTATION('',(#2393),#2397);
#2393 = LINE('',#2394,#2395);
#2394 = CARTESIAN_POINT('',(0.,17.779999619));
#2395 = VECTOR('',#2396,1.);
#2396 = DIRECTION('',(-1.,0.));
#2397 = ( GEOMETRIC_REPRESENTATION_CONTEXT(2) 
PARAMETRIC_REPRESENTATION_CONTEXT() REPRESENTATION_CONTEXT('2D SPACE',''
  ) );
#2398 = ORIENTED_EDGE('',*,*,#1989,.T.);
#2399 = ORIENTED_EDGE('',*,*,#2400,.T.);
#2400 = EDGE_CURVE('',#1967,#2353,#2401,.T.);
#2401 = SURFACE_CURVE('',#2402,(#2406,#2413),.PCURVE_S1.);
#2402 = LINE('',#2403,#2404);
#2403 = CARTESIAN_POINT('',(25.39999961947,-8.89,17.77999961853));
#2404 = VECTOR('',#2405,1.);
#2405 = DIRECTION('',(0.,1.,2.22044604925E-16));
#2406 = PCURVE('',#2010,#2407);
#2407 = DEFINITIONAL_REPRESENTATION('',(#2408),#2412);
#2408 = LINE('',#2409,#2410);
#2409 = CARTESIAN_POINT('',(0.785398163397,0.));
#2410 = VECTOR('',#2411,1.);
#2411 = DIRECTION('',(7.867722221753E-17,1.));
#2412 = ( GEOMETRIC_REPRESENTATION_CONTEXT(2) 
PARAMETRIC_REPRESENTATION_CONTEXT() REPRESENTATION_CONTEXT('2D SPACE',''
  ) );
#2413 = PCURVE('',#1820,#2414);
#2414 = DEFINITIONAL_REPRESENTATION('',(#2415),#2419);
#2415 = LINE('',#2416,#2417);
#2416 = CARTESIAN_POINT('',(3.947952990968E-15,-17.779999619));
#2417 = VECTOR('',#2418,1.);
#2418 = DIRECTION('',(1.,2.465190328816E-32));
#2419 = ( GEOMETRIC_REPRESENTATION_CONTEXT(2) 
PARAMETRIC_REPRESENTATION_CONTEXT() REPRESENTATION_CONTEXT('2D SPACE',''
  ) );
#2420 = ADVANCED_FACE('',(#2421),#2038,.F.);
#2421 = FACE_BOUND('',#2422,.T.);
#2422 = EDGE_LOOP('',(#2423,#2424,#2447,#2468));
#2423 = ORIENTED_EDGE('',*,*,#2378,.F.);
#2424 = ORIENTED_EDGE('',*,*,#2425,.F.);
#2425 = EDGE_CURVE('',#2426,#2355,#2428,.T.);
#2426 = VERTEX_POINT('',#2427);
#2427 = CARTESIAN_POINT('',(-17.77999961853,-2.54,25.39999961853));
#2428 = SURFACE_CURVE('',#2429,(#2433,#2440),.PCURVE_S1.);
#2429 = LINE('',#2430,#2431);
#2430 = CARTESIAN_POINT('',(4.697264799347E-10,-2.54,25.39999961853));
#2431 = VECTOR('',#2432,1.);
#2432 = DIRECTION('',(1.,0.,0.));
#2433 = PCURVE('',#2038,#2434);
#2434 = DEFINITIONAL_REPRESENTATION('',(#2435),#2439);
#2435 = LINE('',#2436,#2437);
#2436 = CARTESIAN_POINT('',(6.35,0.));
#2437 = VECTOR('',#2438,1.);
#2438 = DIRECTION('',(0.,1.));
#2439 = ( GEOMETRIC_REPRESENTATION_CONTEXT(2) 
PARAMETRIC_REPRESENTATION_CONTEXT() REPRESENTATION_CONTEXT('2D SPACE',''
  ) );
#2440 = PCURVE('',#1792,#2441);
#2441 = DEFINITIONAL_REPRESENTATION('',(#2442),#2446);
#2442 = LINE('',#2443,#2444);
#2443 = CARTESIAN_POINT('',(-25.399999619,0.));
#2444 = VECTOR('',#2445,1.);
#2445 = DIRECTION('',(0.,1.));
#2446 = ( GEOMETRIC_REPRESENTATION_CONTEXT(2) 
PARAMETRIC_REPRESENTATION_CONTEXT() REPRESENTATION_CONTEXT('2D SPACE',''
  ) );
#2447 = ORIENTED_EDGE('',*,*,#2448,.F.);
#2448 = EDGE_CURVE('',#2023,#2426,#2449,.T.);
#2449 = SURFACE_CURVE('',#2450,(#2454,#2461),.PCURVE_S1.);
#2450 = LINE('',#2451,#2452);
#2451 = CARTESIAN_POINT('',(-17.77999961853,-8.89,25.39999961853));
#2452 = VECTOR('',#2453,1.);
#2453 = DIRECTION('',(0.,1.,2.22044604925E-16));
#2454 = PCURVE('',#2038,#2455);
#2455 = DEFINITIONAL_REPRESENTATION('',(#2456),#2460);
#2456 = LINE('',#2457,#2458);
#2457 = CARTESIAN_POINT('',(0.,-17.779999619));
#2458 = VECTOR('',#2459,1.);
#2459 = DIRECTION('',(1.,0.));
#2460 = ( GEOMETRIC_REPRESENTATION_CONTEXT(2) 
PARAMETRIC_REPRESENTATION_CONTEXT() REPRESENTATION_CONTEXT('2D SPACE',''
  ) );
#2461 = PCURVE('',#2071,#2462);
#2462 = DEFINITIONAL_REPRESENTATION('',(#2463),#2467);
#2463 = LINE('',#2464,#2465);
#2464 = CARTESIAN_POINT('',(0.785398163397,-7.105427357601E-15));
#2465 = VECTOR('',#2466,1.);
#2466 = DIRECTION('',(8.741913579726E-18,1.));
#2467 = ( GEOMETRIC_REPRESENTATION_CONTEXT(2) 
PARAMETRIC_REPRESENTATION_CONTEXT() REPRESENTATION_CONTEXT('2D SPACE',''
  ) );
#2468 = ORIENTED_EDGE('',*,*,#2022,.F.);
#2469 = ADVANCED_FACE('',(#2470,#2566),#1792,.F.);
#2470 = FACE_BOUND('',#2471,.T.);
#2471 = EDGE_LOOP('',(#2472,#2473,#2474,#2498,#2521,#2543,#2544,#2545));
#2472 = ORIENTED_EDGE('',*,*,#1768,.F.);
#2473 = ORIENTED_EDGE('',*,*,#1941,.T.);
#2474 = ORIENTED_EDGE('',*,*,#2475,.F.);
#2475 = EDGE_CURVE('',#2476,#1914,#2478,.T.);
#2476 = VERTEX_POINT('',#2477);
#2477 = CARTESIAN_POINT('',(-25.39999961853,-2.54,-17.77999961947));
#2478 = SURFACE_CURVE('',#2479,(#2484,#2491),.PCURVE_S1.);
#2479 = CIRCLE('',#2480,7.62);
#2480 = AXIS2_PLACEMENT_3D('',#2481,#2482,#2483);
#2481 = CARTESIAN_POINT('',(-17.77999961853,-2.54,-17.77999961947));
#2482 = DIRECTION('',(0.,-1.,-2.22044604925E-16));
#2483 = DIRECTION('',(-0.707106781187,1.570092458684E-16,-0.707106781187
    ));
#2484 = PCURVE('',#1792,#2485);
#2485 = DEFINITIONAL_REPRESENTATION('',(#2486),#2490);
#2486 = CIRCLE('',#2487,7.62);
#2487 = AXIS2_PLACEMENT_2D('',#2488,#2489);
#2488 = CARTESIAN_POINT('',(17.779999619,-17.779999619));
#2489 = DIRECTION('',(0.707106781187,-0.707106781187));
#2490 = ( GEOMETRIC_REPRESENTATION_CONTEXT(2) 
PARAMETRIC_REPRESENTATION_CONTEXT() REPRESENTATION_CONTEXT('2D SPACE',''
  ) );
#2491 = PCURVE('',#1929,#2492);
#2492 = DEFINITIONAL_REPRESENTATION('',(#2493),#2497);
#2493 = LINE('',#2494,#2495);
#2494 = CARTESIAN_POINT('',(6.28318530718,6.35));
#2495 = VECTOR('',#2496,1.);
#2496 = DIRECTION('',(-1.,0.));
#2497 = ( GEOMETRIC_REPRESENTATION_CONTEXT(2) 
PARAMETRIC_REPRESENTATION_CONTEXT() REPRESENTATION_CONTEXT('2D SPACE',''
  ) );
#2498 = ORIENTED_EDGE('',*,*,#2499,.T.);
#2499 = EDGE_CURVE('',#2476,#2500,#2502,.T.);
#2500 = VERTEX_POINT('',#2501);
#2501 = CARTESIAN_POINT('',(-25.39999961853,-2.54,17.77999961853));
#2502 = SURFACE_CURVE('',#2503,(#2507,#2514),.PCURVE_S1.);
#2503 = LINE('',#2504,#2505);
#2504 = CARTESIAN_POINT('',(-25.39999961853,-2.54,-4.697250699515E-10));
#2505 = VECTOR('',#2506,1.);
#2506 = DIRECTION('',(0.,-2.22044604925E-16,1.));
#2507 = PCURVE('',#1792,#2508);
#2508 = DEFINITIONAL_REPRESENTATION('',(#2509),#2513);
#2509 = LINE('',#2510,#2511);
#2510 = CARTESIAN_POINT('',(0.,-25.399999619));
#2511 = VECTOR('',#2512,1.);
#2512 = DIRECTION('',(-1.,0.));
#2513 = ( GEOMETRIC_REPRESENTATION_CONTEXT(2) 
PARAMETRIC_REPRESENTATION_CONTEXT() REPRESENTATION_CONTEXT('2D SPACE',''
  ) );
#2514 = PCURVE('',#2099,#2515);
#2515 = DEFINITIONAL_REPRESENTATION('',(#2516),#2520);
#2516 = LINE('',#2517,#2518);
#2517 = CARTESIAN_POINT('',(-6.35,-6.410668285517E-25));
#2518 = VECTOR('',#2519,1.);
#2519 = DIRECTION('',(-2.465190328816E-32,-1.));
#2520 = ( GEOMETRIC_REPRESENTATION_CONTEXT(2) 
PARAMETRIC_REPRESENTATION_CONTEXT() REPRESENTATION_CONTEXT('2D SPACE',''
  ) );
#2521 = ORIENTED_EDGE('',*,*,#2522,.F.);
#2522 = EDGE_CURVE('',#2426,#2500,#2523,.T.);
#2523 = SURFACE_CURVE('',#2524,(#2529,#2536),.PCURVE_S1.);
#2524 = CIRCLE('',#2525,7.62);
#2525 = AXIS2_PLACEMENT_3D('',#2526,#2527,#2528);
#2526 = CARTESIAN_POINT('',(-17.77999961853,-2.54,17.77999961853));
#2527 = DIRECTION('',(0.,-1.,-2.22044604925E-16));
#2528 = DIRECTION('',(-0.707106781187,-1.570092458684E-16,0.707106781187
    ));
#2529 = PCURVE('',#1792,#2530);
#2530 = DEFINITIONAL_REPRESENTATION('',(#2531),#2535);
#2531 = CIRCLE('',#2532,7.62);
#2532 = AXIS2_PLACEMENT_2D('',#2533,#2534);
#2533 = CARTESIAN_POINT('',(-17.779999619,-17.779999619));
#2534 = DIRECTION('',(-0.707106781187,-0.707106781187));
#2535 = ( GEOMETRIC_REPRESENTATION_CONTEXT(2) 
PARAMETRIC_REPRESENTATION_CONTEXT() REPRESENTATION_CONTEXT('2D SPACE',''
  ) );
#2536 = PCURVE('',#2071,#2537);
#2537 = DEFINITIONAL_REPRESENTATION('',(#2538),#2542);
#2538 = LINE('',#2539,#2540);
#2539 = CARTESIAN_POINT('',(6.28318530718,6.35));
#2540 = VECTOR('',#2541,1.);
#2541 = DIRECTION('',(-1.,0.));
#2542 = ( GEOMETRIC_REPRESENTATION_CONTEXT(2) 
PARAMETRIC_REPRESENTATION_CONTEXT() REPRESENTATION_CONTEXT('2D SPACE',''
  ) );
#2543 = ORIENTED_EDGE('',*,*,#2425,.T.);
#2544 = ORIENTED_EDGE('',*,*,#2352,.F.);
#2545 = ORIENTED_EDGE('',*,*,#2546,.T.);
#2546 = EDGE_CURVE('',#2353,#1771,#2547,.T.);
#2547 = SURFACE_CURVE('',#2548,(#2552,#2559),.PCURVE_S1.);
#2548 = LINE('',#2549,#2550);
#2549 = CARTESIAN_POINT('',(25.39999961947,-2.54,-4.697250699515E-10));
#2550 = VECTOR('',#2551,1.);
#2551 = DIRECTION('',(0.,2.22044604925E-16,-1.));
#2552 = PCURVE('',#1792,#2553);
#2553 = DEFINITIONAL_REPRESENTATION('',(#2554),#2558);
#2554 = LINE('',#2555,#2556);
#2555 = CARTESIAN_POINT('',(0.,25.399999619));
#2556 = VECTOR('',#2557,1.);
#2557 = DIRECTION('',(1.,0.));
#2558 = ( GEOMETRIC_REPRESENTATION_CONTEXT(2) 
PARAMETRIC_REPRESENTATION_CONTEXT() REPRESENTATION_CONTEXT('2D SPACE',''
  ) );
#2559 = PCURVE('',#1820,#2560);
#2560 = DEFINITIONAL_REPRESENTATION('',(#2561),#2565);
#2561 = LINE('',#2562,#2563);
#2562 = CARTESIAN_POINT('',(6.35,-6.410668285517E-25));
#2563 = VECTOR('',#2564,1.);
#2564 = DIRECTION('',(-2.465190328816E-32,1.));
#2565 = ( GEOMETRIC_REPRESENTATION_CONTEXT(2) 
PARAMETRIC_REPRESENTATION_CONTEXT() REPRESENTATION_CONTEXT('2D SPACE',''
  ) );
#2566 = FACE_BOUND('',#2567,.T.);
#2567 = EDGE_LOOP('',(#2568));
#2568 = ORIENTED_EDGE('',*,*,#2569,.T.);
#2569 = EDGE_CURVE('',#2570,#2570,#2572,.T.);
#2570 = VERTEX_POINT('',#2571);
#2571 = CARTESIAN_POINT('',(-9.525,-2.54,-1.730469372697E-15));
#2572 = SURFACE_CURVE('',#2573,(#2578,#2585),.PCURVE_S1.);
#2573 = CIRCLE('',#2574,9.525);
#2574 = AXIS2_PLACEMENT_3D('',#2575,#2576,#2577);
#2575 = CARTESIAN_POINT('',(0.,-2.54,-5.639932965096E-16));
#2576 = DIRECTION('',(0.,-1.,-2.22044604925E-16));
#2577 = DIRECTION('',(1.,0.,0.));
#2578 = PCURVE('',#1792,#2579);
#2579 = DEFINITIONAL_REPRESENTATION('',(#2580),#2584);
#2580 = CIRCLE('',#2581,9.525);
#2581 = AXIS2_PLACEMENT_2D('',#2582,#2583);
#2582 = CARTESIAN_POINT('',(-4.697245059582E-10,-4.697264799347E-10));
#2583 = DIRECTION('',(0.,1.));
#2584 = ( GEOMETRIC_REPRESENTATION_CONTEXT(2) 
PARAMETRIC_REPRESENTATION_CONTEXT() REPRESENTATION_CONTEXT('2D SPACE',''
  ) );
#2585 = PCURVE('',#2586,#2591);
#2586 = CYLINDRICAL_SURFACE('',#2587,9.525);
#2587 = AXIS2_PLACEMENT_3D('',#2588,#2589,#2590);
#2588 = CARTESIAN_POINT('',(0.,-1.27,-2.819966482548E-16));
#2589 = DIRECTION('',(0.,-1.,-2.22044604925E-16));
#2590 = DIRECTION('',(1.,0.,0.));
#2591 = DEFINITIONAL_REPRESENTATION('',(#2592),#2596);
#2592 = LINE('',#2593,#2594);
#2593 = CARTESIAN_POINT('',(-6.28318530718,1.27));
#2594 = VECTOR('',#2595,1.);
#2595 = DIRECTION('',(1.,0.));
#2596 = ( GEOMETRIC_REPRESENTATION_CONTEXT(2) 
PARAMETRIC_REPRESENTATION_CONTEXT() REPRESENTATION_CONTEXT('2D SPACE',''
  ) );
#2597 = ADVANCED_FACE('',(#2598),#2071,.T.);
#2598 = FACE_BOUND('',#2599,.T.);
#2599 = EDGE_LOOP('',(#2600,#2601,#2622,#2623));
#2600 = ORIENTED_EDGE('',*,*,#2522,.T.);
#2601 = ORIENTED_EDGE('',*,*,#2602,.T.);
#2602 = EDGE_CURVE('',#2500,#2051,#2603,.T.);
#2603 = SURFACE_CURVE('',#2604,(#2608,#2615),.PCURVE_S1.);
#2604 = LINE('',#2605,#2606);
#2605 = CARTESIAN_POINT('',(-25.39999961853,-8.89,17.77999961853));
#2606 = VECTOR('',#2607,1.);
#2607 = DIRECTION('',(0.,-1.,-2.22044604925E-16));
#2608 = PCURVE('',#2071,#2609);
#2609 = DEFINITIONAL_REPRESENTATION('',(#2610),#2614);
#2610 = LINE('',#2611,#2612);
#2611 = CARTESIAN_POINT('',(-0.785398163397,8.881784197001E-16));
#2612 = VECTOR('',#2613,1.);
#2613 = DIRECTION('',(6.993530863781E-17,-1.));
#2614 = ( GEOMETRIC_REPRESENTATION_CONTEXT(2) 
PARAMETRIC_REPRESENTATION_CONTEXT() REPRESENTATION_CONTEXT('2D SPACE',''
  ) );
#2615 = PCURVE('',#2099,#2616);
#2616 = DEFINITIONAL_REPRESENTATION('',(#2617),#2621);
#2617 = LINE('',#2618,#2619);
#2618 = CARTESIAN_POINT('',(-3.947952990968E-15,-17.779999619));
#2619 = VECTOR('',#2620,1.);
#2620 = DIRECTION('',(1.,-2.465190328816E-32));
#2621 = ( GEOMETRIC_REPRESENTATION_CONTEXT(2) 
PARAMETRIC_REPRESENTATION_CONTEXT() REPRESENTATION_CONTEXT('2D SPACE',''
  ) );
#2622 = ORIENTED_EDGE('',*,*,#2050,.T.);
#2623 = ORIENTED_EDGE('',*,*,#2448,.T.);
#2624 = ADVANCED_FACE('',(#2625),#2099,.F.);
#2625 = FACE_BOUND('',#2626,.T.);
#2626 = EDGE_LOOP('',(#2627,#2628,#2629,#2650));
#2627 = ORIENTED_EDGE('',*,*,#2602,.F.);
#2628 = ORIENTED_EDGE('',*,*,#2499,.F.);
#2629 = ORIENTED_EDGE('',*,*,#2630,.F.);
#2630 = EDGE_CURVE('',#2084,#2476,#2631,.T.);
#2631 = SURFACE_CURVE('',#2632,(#2636,#2643),.PCURVE_S1.);
#2632 = LINE('',#2633,#2634);
#2633 = CARTESIAN_POINT('',(-25.39999961853,-8.89,-17.77999961947));
#2634 = VECTOR('',#2635,1.);
#2635 = DIRECTION('',(0.,1.,2.22044604925E-16));
#2636 = PCURVE('',#2099,#2637);
#2637 = DEFINITIONAL_REPRESENTATION('',(#2638),#2642);
#2638 = LINE('',#2639,#2640);
#2639 = CARTESIAN_POINT('',(3.947952990968E-15,17.779999619));
#2640 = VECTOR('',#2641,1.);
#2641 = DIRECTION('',(-1.,2.465190328816E-32));
#2642 = ( GEOMETRIC_REPRESENTATION_CONTEXT(2) 
PARAMETRIC_REPRESENTATION_CONTEXT() REPRESENTATION_CONTEXT('2D SPACE',''
  ) );
#2643 = PCURVE('',#1929,#2644);
#2644 = DEFINITIONAL_REPRESENTATION('',(#2645),#2649);
#2645 = LINE('',#2646,#2647);
#2646 = CARTESIAN_POINT('',(0.785398163397,0.));
#2647 = VECTOR('',#2648,1.);
#2648 = DIRECTION('',(-7.867722221753E-17,1.));
#2649 = ( GEOMETRIC_REPRESENTATION_CONTEXT(2) 
PARAMETRIC_REPRESENTATION_CONTEXT() REPRESENTATION_CONTEXT('2D SPACE',''
  ) );
#2650 = ORIENTED_EDGE('',*,*,#2083,.F.);
#2651 = ADVANCED_FACE('',(#2652),#1929,.T.);
#2652 = FACE_BOUND('',#2653,.T.);
#2653 = EDGE_LOOP('',(#2654,#2655,#2656,#2657));
#2654 = ORIENTED_EDGE('',*,*,#2475,.T.);
#2655 = ORIENTED_EDGE('',*,*,#1913,.T.);
#2656 = ORIENTED_EDGE('',*,*,#2111,.T.);
#2657 = ORIENTED_EDGE('',*,*,#2630,.T.);
#2658 = ADVANCED_FACE('',(#2659),#2187,.F.);
#2659 = FACE_BOUND('',#2660,.F.);
#2660 = EDGE_LOOP('',(#2661,#2662,#2663,#2686));
#2661 = ORIENTED_EDGE('',*,*,#2327,.F.);
#2662 = ORIENTED_EDGE('',*,*,#2170,.F.);
#2663 = ORIENTED_EDGE('',*,*,#2664,.F.);
#2664 = EDGE_CURVE('',#2665,#2171,#2667,.T.);
#2665 = VERTEX_POINT('',#2666);
#2666 = CARTESIAN_POINT('',(15.240000729561,-5.08,-22.86000072956));
#2667 = SURFACE_CURVE('',#2668,(#2672,#2679),.PCURVE_S1.);
#2668 = LINE('',#2669,#2670);
#2669 = CARTESIAN_POINT('',(15.240000729561,-15.24,-22.86000072956));
#2670 = VECTOR('',#2671,1.);
#2671 = DIRECTION('',(0.,-1.,-4.370956789863E-16));
#2672 = PCURVE('',#2187,#2673);
#2673 = DEFINITIONAL_REPRESENTATION('',(#2674),#2678);
#2674 = LINE('',#2675,#2676);
#2675 = CARTESIAN_POINT('',(7.068583470577,-3.552713678801E-15));
#2676 = VECTOR('',#2677,1.);
#2677 = DIRECTION('',(0.,-1.));
#2678 = ( GEOMETRIC_REPRESENTATION_CONTEXT(2) 
PARAMETRIC_REPRESENTATION_CONTEXT() REPRESENTATION_CONTEXT('2D SPACE',''
  ) );
#2679 = PCURVE('',#1431,#2680);
#2680 = DEFINITIONAL_REPRESENTATION('',(#2681),#2685);
#2681 = LINE('',#2682,#2683);
#2682 = CARTESIAN_POINT('',(7.62,0.));
#2683 = VECTOR('',#2684,1.);
#2684 = DIRECTION('',(-0.,-1.));
#2685 = ( GEOMETRIC_REPRESENTATION_CONTEXT(2) 
PARAMETRIC_REPRESENTATION_CONTEXT() REPRESENTATION_CONTEXT('2D SPACE',''
  ) );
#2686 = ORIENTED_EDGE('',*,*,#2687,.T.);
#2687 = EDGE_CURVE('',#2665,#2305,#2688,.T.);
#2688 = SURFACE_CURVE('',#2689,(#2694,#2701),.PCURVE_S1.);
#2689 = CIRCLE('',#2690,7.62);
#2690 = AXIS2_PLACEMENT_3D('',#2691,#2692,#2693);
#2691 = CARTESIAN_POINT('',(15.240000729561,-5.08,-15.24000072956));
#2692 = DIRECTION('',(0.,-1.,-4.370956789863E-16));
#2693 = DIRECTION('',(0.707106781187,3.090733186385E-16,-0.707106781187)
  );
#2694 = PCURVE('',#2187,#2695);
#2695 = DEFINITIONAL_REPRESENTATION('',(#2696),#2700);
#2696 = LINE('',#2697,#2698);
#2697 = CARTESIAN_POINT('',(12.566370614359,10.16));
#2698 = VECTOR('',#2699,1.);
#2699 = DIRECTION('',(-1.,0.));
#2700 = ( GEOMETRIC_REPRESENTATION_CONTEXT(2) 
PARAMETRIC_REPRESENTATION_CONTEXT() REPRESENTATION_CONTEXT('2D SPACE',''
  ) );
#2701 = PCURVE('',#1515,#2702);
#2702 = DEFINITIONAL_REPRESENTATION('',(#2703),#2711);
#2703 = ( BOUNDED_CURVE() B_SPLINE_CURVE(2,(#2704,#2705,#2706,#2707,
#2708,#2709,#2710),.UNSPECIFIED.,.T.,.F.) B_SPLINE_CURVE_WITH_KNOTS((1,2
    ,2,2,2,1),(-2.094395102393,0.,2.094395102393,4.188790204786,
6.28318530718,8.377580409573),.UNSPECIFIED.) CURVE() 
GEOMETRIC_REPRESENTATION_ITEM() RATIONAL_B_SPLINE_CURVE((1.,0.5,1.,0.5,
1.,0.5,1.)) REPRESENTATION_ITEM('') );
#2704 = CARTESIAN_POINT('',(-20.6281544022,20.628154402202));
#2705 = CARTESIAN_POINT('',(-11.29559848219,29.960710322206));
#2706 = CARTESIAN_POINT('',(-7.879645933238,17.212201853242));
#2707 = CARTESIAN_POINT('',(-4.463693384278,4.463693384278));
#2708 = CARTESIAN_POINT('',(-17.21220185324,7.879645933238));
#2709 = CARTESIAN_POINT('',(-29.9607103222,11.295598482198));
#2710 = CARTESIAN_POINT('',(-20.6281544022,20.628154402202));
#2711 = ( GEOMETRIC_REPRESENTATION_CONTEXT(2) 
PARAMETRIC_REPRESENTATION_CONTEXT() REPRESENTATION_CONTEXT('2D SPACE',''
  ) );
#2712 = ADVANCED_FACE('',(#2713),#1515,.F.);
#2713 = FACE_BOUND('',#2714,.T.);
#2714 = EDGE_LOOP('',(#2715,#2716,#2737,#2738,#2739,#2740,#2741,#2742));
#2715 = ORIENTED_EDGE('',*,*,#1500,.T.);
#2716 = ORIENTED_EDGE('',*,*,#2717,.F.);
#2717 = EDGE_CURVE('',#2665,#1411,#2718,.T.);
#2718 = SURFACE_CURVE('',#2719,(#2723,#2730),.PCURVE_S1.);
#2719 = LINE('',#2720,#2721);
#2720 = CARTESIAN_POINT('',(22.860000729561,-5.08,-22.86000072956));
#2721 = VECTOR('',#2722,1.);
#2722 = DIRECTION('',(-1.,0.,0.));
#2723 = PCURVE('',#1515,#2724);
#2724 = DEFINITIONAL_REPRESENTATION('',(#2725),#2729);
#2725 = LINE('',#2726,#2727);
#2726 = CARTESIAN_POINT('',(-22.86000072956,22.860000729561));
#2727 = VECTOR('',#2728,1.);
#2728 = DIRECTION('',(0.,-1.));
#2729 = ( GEOMETRIC_REPRESENTATION_CONTEXT(2) 
PARAMETRIC_REPRESENTATION_CONTEXT() REPRESENTATION_CONTEXT('2D SPACE',''
  ) );
#2730 = PCURVE('',#1431,#2731);
#2731 = DEFINITIONAL_REPRESENTATION('',(#2732),#2736);
#2732 = LINE('',#2733,#2734);
#2733 = CARTESIAN_POINT('',(0.,10.16));
#2734 = VECTOR('',#2735,1.);
#2735 = DIRECTION('',(1.,0.));
#2736 = ( GEOMETRIC_REPRESENTATION_CONTEXT(2) 
PARAMETRIC_REPRESENTATION_CONTEXT() REPRESENTATION_CONTEXT('2D SPACE',''
  ) );
#2737 = ORIENTED_EDGE('',*,*,#2687,.T.);
#2738 = ORIENTED_EDGE('',*,*,#2304,.F.);
#2739 = ORIENTED_EDGE('',*,*,#2274,.T.);
#2740 = ORIENTED_EDGE('',*,*,#1693,.F.);
#2741 = ORIENTED_EDGE('',*,*,#1663,.T.);
#2742 = ORIENTED_EDGE('',*,*,#1535,.F.);
#2743 = ADVANCED_FACE('',(#2744),#1431,.F.);
#2744 = FACE_BOUND('',#2745,.T.);
#2745 = EDGE_LOOP('',(#2746,#2747,#2748,#2749));
#2746 = ORIENTED_EDGE('',*,*,#1408,.F.);
#2747 = ORIENTED_EDGE('',*,*,#2199,.F.);
#2748 = ORIENTED_EDGE('',*,*,#2664,.F.);
#2749 = ORIENTED_EDGE('',*,*,#2717,.T.);
#2750 = ADVANCED_FACE('',(#2751),#1820,.F.);
#2751 = FACE_BOUND('',#2752,.T.);
#2752 = EDGE_LOOP('',(#2753,#2754,#2755,#2756));
#2753 = ORIENTED_EDGE('',*,*,#1804,.F.);
#2754 = ORIENTED_EDGE('',*,*,#2546,.F.);
#2755 = ORIENTED_EDGE('',*,*,#2400,.F.);
#2756 = ORIENTED_EDGE('',*,*,#1966,.F.);
#2757 = ADVANCED_FACE('',(#2758,#2789),#2771,.T.);
#2758 = FACE_BOUND('',#2759,.T.);
#2759 = EDGE_LOOP('',(#2760));
#2760 = ORIENTED_EDGE('',*,*,#2761,.T.);
#2761 = EDGE_CURVE('',#2762,#2762,#2764,.T.);
#2762 = VERTEX_POINT('',#2763);
#2763 = CARTESIAN_POINT('',(-9.525,0.,-1.166476076188E-15));
#2764 = SURFACE_CURVE('',#2765,(#2770,#2782),.PCURVE_S1.);
#2765 = CIRCLE('',#2766,9.525);
#2766 = AXIS2_PLACEMENT_3D('',#2767,#2768,#2769);
#2767 = CARTESIAN_POINT('',(0.,0.,0.));
#2768 = DIRECTION('',(0.,1.,2.22044604925E-16));
#2769 = DIRECTION('',(1.,0.,-0.));
#2770 = PCURVE('',#2771,#2776);
#2771 = PLANE('',#2772);
#2772 = AXIS2_PLACEMENT_3D('',#2773,#2774,#2775);
#2773 = CARTESIAN_POINT('',(0.,0.,0.));
#2774 = DIRECTION('',(0.,1.,2.22044604925E-16));
#2775 = DIRECTION('',(-1.,0.,0.));
#2776 = DEFINITIONAL_REPRESENTATION('',(#2777),#2781);
#2777 = CIRCLE('',#2778,9.525);
#2778 = AXIS2_PLACEMENT_2D('',#2779,#2780);
#2779 = CARTESIAN_POINT('',(0.,0.));
#2780 = DIRECTION('',(-1.,0.));
#2781 = ( GEOMETRIC_REPRESENTATION_CONTEXT(2) 
PARAMETRIC_REPRESENTATION_CONTEXT() REPRESENTATION_CONTEXT('2D SPACE',''
  ) );
#2782 = PCURVE('',#2586,#2783);
#2783 = DEFINITIONAL_REPRESENTATION('',(#2784),#2788);
#2784 = LINE('',#2785,#2786);
#2785 = CARTESIAN_POINT('',(6.28318530718,-1.27));
#2786 = VECTOR('',#2787,1.);
#2787 = DIRECTION('',(-1.,0.));
#2788 = ( GEOMETRIC_REPRESENTATION_CONTEXT(2) 
PARAMETRIC_REPRESENTATION_CONTEXT() REPRESENTATION_CONTEXT('2D SPACE',''
  ) );
#2789 = FACE_BOUND('',#2790,.T.);
#2790 = EDGE_LOOP('',(#2791));
#2791 = ORIENTED_EDGE('',*,*,#2792,.T.);
#2792 = EDGE_CURVE('',#2793,#2793,#2795,.T.);
#2793 = VERTEX_POINT('',#2794);
#2794 = CARTESIAN_POINT('',(-6.35,0.,7.776507174586E-16));
#2795 = SURFACE_CURVE('',#2796,(#2801,#2812),.PCURVE_S1.);
#2796 = CIRCLE('',#2797,6.35);
#2797 = AXIS2_PLACEMENT_3D('',#2798,#2799,#2800);
#2798 = CARTESIAN_POINT('',(0.,0.,0.));
#2799 = DIRECTION('',(0.,-1.,-2.22044604925E-16));
#2800 = DIRECTION('',(1.,0.,0.));
#2801 = PCURVE('',#2771,#2802);
#2802 = DEFINITIONAL_REPRESENTATION('',(#2803),#2811);
#2803 = ( BOUNDED_CURVE() B_SPLINE_CURVE(2,(#2804,#2805,#2806,#2807,
#2808,#2809,#2810),.UNSPECIFIED.,.T.,.F.) B_SPLINE_CURVE_WITH_KNOTS((1,2
    ,2,2,2,1),(-2.094395102393,0.,2.094395102393,4.188790204786,
6.28318530718,8.377580409573),.UNSPECIFIED.) CURVE() 
GEOMETRIC_REPRESENTATION_ITEM() RATIONAL_B_SPLINE_CURVE((1.,0.5,1.,0.5,
1.,0.5,1.)) REPRESENTATION_ITEM('') );
#2804 = CARTESIAN_POINT('',(-6.35,0.));
#2805 = CARTESIAN_POINT('',(-6.35,10.998522628062));
#2806 = CARTESIAN_POINT('',(3.175,5.499261314031));
#2807 = CARTESIAN_POINT('',(12.7,1.555301434917E-15));
#2808 = CARTESIAN_POINT('',(3.175,-5.499261314031));
#2809 = CARTESIAN_POINT('',(-6.35,-10.99852262806));
#2810 = CARTESIAN_POINT('',(-6.35,0.));
#2811 = ( GEOMETRIC_REPRESENTATION_CONTEXT(2) 
PARAMETRIC_REPRESENTATION_CONTEXT() REPRESENTATION_CONTEXT('2D SPACE',''
  ) );
#2812 = PCURVE('',#2813,#2818);
#2813 = CYLINDRICAL_SURFACE('',#2814,6.35);
#2814 = AXIS2_PLACEMENT_3D('',#2815,#2816,#2817);
#2815 = CARTESIAN_POINT('',(0.,6.35,1.409983241274E-15));
#2816 = DIRECTION('',(0.,1.,2.22044604925E-16));
#2817 = DIRECTION('',(1.,0.,-0.));
#2818 = DEFINITIONAL_REPRESENTATION('',(#2819),#2823);
#2819 = LINE('',#2820,#2821);
#2820 = CARTESIAN_POINT('',(6.28318530718,-6.35));
#2821 = VECTOR('',#2822,1.);
#2822 = DIRECTION('',(-1.,0.));
#2823 = ( GEOMETRIC_REPRESENTATION_CONTEXT(2) 
PARAMETRIC_REPRESENTATION_CONTEXT() REPRESENTATION_CONTEXT('2D SPACE',''
  ) );
#2824 = ADVANCED_FACE('',(#2825),#2586,.T.);
#2825 = FACE_BOUND('',#2826,.T.);
#2826 = EDGE_LOOP('',(#2827,#2828,#2849,#2850));
#2827 = ORIENTED_EDGE('',*,*,#2569,.F.);
#2828 = ORIENTED_EDGE('',*,*,#2829,.T.);
#2829 = EDGE_CURVE('',#2570,#2762,#2830,.T.);
#2830 = SEAM_CURVE('',#2831,(#2835,#2842),.PCURVE_S1.);
#2831 = LINE('',#2832,#2833);
#2832 = CARTESIAN_POINT('',(-9.525,-1.27,-1.448472724443E-15));
#2833 = VECTOR('',#2834,1.);
#2834 = DIRECTION('',(0.,1.,2.22044604925E-16));
#2835 = PCURVE('',#2586,#2836);
#2836 = DEFINITIONAL_REPRESENTATION('',(#2837),#2841);
#2837 = LINE('',#2838,#2839);
#2838 = CARTESIAN_POINT('',(-3.14159265359,0.));
#2839 = VECTOR('',#2840,1.);
#2840 = DIRECTION('',(0.,-1.));
#2841 = ( GEOMETRIC_REPRESENTATION_CONTEXT(2) 
PARAMETRIC_REPRESENTATION_CONTEXT() REPRESENTATION_CONTEXT('2D SPACE',''
  ) );
#2842 = PCURVE('',#2586,#2843);
#2843 = DEFINITIONAL_REPRESENTATION('',(#2844),#2848);
#2844 = LINE('',#2845,#2846);
#2845 = CARTESIAN_POINT('',(3.14159265359,0.));
#2846 = VECTOR('',#2847,1.);
#2847 = DIRECTION('',(0.,-1.));
#2848 = ( GEOMETRIC_REPRESENTATION_CONTEXT(2) 
PARAMETRIC_REPRESENTATION_CONTEXT() REPRESENTATION_CONTEXT('2D SPACE',''
  ) );
#2849 = ORIENTED_EDGE('',*,*,#2761,.F.);
#2850 = ORIENTED_EDGE('',*,*,#2829,.F.);
#2851 = ADVANCED_FACE('',(#2852,#2883),#2865,.T.);
#2852 = FACE_BOUND('',#2853,.T.);
#2853 = EDGE_LOOP('',(#2854));
#2854 = ORIENTED_EDGE('',*,*,#2855,.T.);
#2855 = EDGE_CURVE('',#2856,#2856,#2858,.T.);
#2856 = VERTEX_POINT('',#2857);
#2857 = CARTESIAN_POINT('',(-9.525,12.7,3.986442558736E-15));
#2858 = SURFACE_CURVE('',#2859,(#2864,#2876),.PCURVE_S1.);
#2859 = CIRCLE('',#2860,9.525);
#2860 = AXIS2_PLACEMENT_3D('',#2861,#2862,#2863);
#2861 = CARTESIAN_POINT('',(0.,12.7,2.819966482548E-15));
#2862 = DIRECTION('',(0.,-1.,-2.22044604925E-16));
#2863 = DIRECTION('',(1.,0.,0.));
#2864 = PCURVE('',#2865,#2870);
#2865 = PLANE('',#2866);
#2866 = AXIS2_PLACEMENT_3D('',#2867,#2868,#2869);
#2867 = CARTESIAN_POINT('',(0.,12.7,2.819966482548E-15));
#2868 = DIRECTION('',(0.,-1.,-2.22044604925E-16));
#2869 = DIRECTION('',(-1.,-0.,0.));
#2870 = DEFINITIONAL_REPRESENTATION('',(#2871),#2875);
#2871 = CIRCLE('',#2872,9.525);
#2872 = AXIS2_PLACEMENT_2D('',#2873,#2874);
#2873 = CARTESIAN_POINT('',(0.,0.));
#2874 = DIRECTION('',(-1.,0.));
#2875 = ( GEOMETRIC_REPRESENTATION_CONTEXT(2) 
PARAMETRIC_REPRESENTATION_CONTEXT() REPRESENTATION_CONTEXT('2D SPACE',''
  ) );
#2876 = PCURVE('',#1233,#2877);
#2877 = DEFINITIONAL_REPRESENTATION('',(#2878),#2882);
#2878 = LINE('',#2879,#2880);
#2879 = CARTESIAN_POINT('',(6.28318530718,-1.27));
#2880 = VECTOR('',#2881,1.);
#2881 = DIRECTION('',(-1.,0.));
#2882 = ( GEOMETRIC_REPRESENTATION_CONTEXT(2) 
PARAMETRIC_REPRESENTATION_CONTEXT() REPRESENTATION_CONTEXT('2D SPACE',''
  ) );
#2883 = FACE_BOUND('',#2884,.T.);
#2884 = EDGE_LOOP('',(#2885));
#2885 = ORIENTED_EDGE('',*,*,#2886,.T.);
#2886 = EDGE_CURVE('',#2887,#2887,#2889,.T.);
#2887 = VERTEX_POINT('',#2888);
#2888 = CARTESIAN_POINT('',(-6.35,12.7,3.597617200006E-15));
#2889 = SURFACE_CURVE('',#2890,(#2895,#2906),.PCURVE_S1.);
#2890 = CIRCLE('',#2891,6.35);
#2891 = AXIS2_PLACEMENT_3D('',#2892,#2893,#2894);
#2892 = CARTESIAN_POINT('',(0.,12.7,2.819966482548E-15));
#2893 = DIRECTION('',(0.,1.,2.22044604925E-16));
#2894 = DIRECTION('',(1.,0.,-0.));
#2895 = PCURVE('',#2865,#2896);
#2896 = DEFINITIONAL_REPRESENTATION('',(#2897),#2905);
#2897 = ( BOUNDED_CURVE() B_SPLINE_CURVE(2,(#2898,#2899,#2900,#2901,
#2902,#2903,#2904),.UNSPECIFIED.,.T.,.F.) B_SPLINE_CURVE_WITH_KNOTS((1,2
    ,2,2,2,1),(-2.094395102393,0.,2.094395102393,4.188790204786,
6.28318530718,8.377580409573),.UNSPECIFIED.) CURVE() 
GEOMETRIC_REPRESENTATION_ITEM() RATIONAL_B_SPLINE_CURVE((1.,0.5,1.,0.5,
1.,0.5,1.)) REPRESENTATION_ITEM('') );
#2898 = CARTESIAN_POINT('',(-6.35,0.));
#2899 = CARTESIAN_POINT('',(-6.35,10.998522628062));
#2900 = CARTESIAN_POINT('',(3.175,5.499261314031));
#2901 = CARTESIAN_POINT('',(12.7,1.555301434917E-15));
#2902 = CARTESIAN_POINT('',(3.175,-5.499261314031));
#2903 = CARTESIAN_POINT('',(-6.35,-10.99852262806));
#2904 = CARTESIAN_POINT('',(-6.35,0.));
#2905 = ( GEOMETRIC_REPRESENTATION_CONTEXT(2) 
PARAMETRIC_REPRESENTATION_CONTEXT() REPRESENTATION_CONTEXT('2D SPACE',''
  ) );
#2906 = PCURVE('',#2813,#2907);
#2907 = DEFINITIONAL_REPRESENTATION('',(#2908),#2912);
#2908 = LINE('',#2909,#2910);
#2909 = CARTESIAN_POINT('',(-6.28318530718,6.35));
#2910 = VECTOR('',#2911,1.);
#2911 = DIRECTION('',(1.,0.));
#2912 = ( GEOMETRIC_REPRESENTATION_CONTEXT(2) 
PARAMETRIC_REPRESENTATION_CONTEXT() REPRESENTATION_CONTEXT('2D SPACE',''
  ) );
#2913 = ADVANCED_FACE('',(#2914),#1233,.T.);
#2914 = FACE_BOUND('',#2915,.T.);
#2915 = EDGE_LOOP('',(#2916,#2917,#2938,#2939));
#2916 = ORIENTED_EDGE('',*,*,#1212,.F.);
#2917 = ORIENTED_EDGE('',*,*,#2918,.T.);
#2918 = EDGE_CURVE('',#1213,#2856,#2919,.T.);
#2919 = SEAM_CURVE('',#2920,(#2924,#2931),.PCURVE_S1.);
#2920 = LINE('',#2921,#2922);
#2921 = CARTESIAN_POINT('',(-9.525,13.97,4.268439206991E-15));
#2922 = VECTOR('',#2923,1.);
#2923 = DIRECTION('',(0.,-1.,-2.22044604925E-16));
#2924 = PCURVE('',#1233,#2925);
#2925 = DEFINITIONAL_REPRESENTATION('',(#2926),#2930);
#2926 = LINE('',#2927,#2928);
#2927 = CARTESIAN_POINT('',(-3.14159265359,0.));
#2928 = VECTOR('',#2929,1.);
#2929 = DIRECTION('',(0.,-1.));
#2930 = ( GEOMETRIC_REPRESENTATION_CONTEXT(2) 
PARAMETRIC_REPRESENTATION_CONTEXT() REPRESENTATION_CONTEXT('2D SPACE',''
  ) );
#2931 = PCURVE('',#1233,#2932);
#2932 = DEFINITIONAL_REPRESENTATION('',(#2933),#2937);
#2933 = LINE('',#2934,#2935);
#2934 = CARTESIAN_POINT('',(3.14159265359,0.));
#2935 = VECTOR('',#2936,1.);
#2936 = DIRECTION('',(0.,-1.));
#2937 = ( GEOMETRIC_REPRESENTATION_CONTEXT(2) 
PARAMETRIC_REPRESENTATION_CONTEXT() REPRESENTATION_CONTEXT('2D SPACE',''
  ) );
#2938 = ORIENTED_EDGE('',*,*,#2855,.F.);
#2939 = ORIENTED_EDGE('',*,*,#2918,.F.);
#2940 = ADVANCED_FACE('',(#2941),#2813,.T.);
#2941 = FACE_BOUND('',#2942,.T.);
#2942 = EDGE_LOOP('',(#2943,#2944,#2965,#2966));
#2943 = ORIENTED_EDGE('',*,*,#2886,.F.);
#2944 = ORIENTED_EDGE('',*,*,#2945,.T.);
#2945 = EDGE_CURVE('',#2887,#2793,#2946,.T.);
#2946 = SEAM_CURVE('',#2947,(#2951,#2958),.PCURVE_S1.);
#2947 = LINE('',#2948,#2949);
#2948 = CARTESIAN_POINT('',(-6.35,6.35,2.187633958733E-15));
#2949 = VECTOR('',#2950,1.);
#2950 = DIRECTION('',(0.,-1.,-2.22044604925E-16));
#2951 = PCURVE('',#2813,#2952);
#2952 = DEFINITIONAL_REPRESENTATION('',(#2953),#2957);
#2953 = LINE('',#2954,#2955);
#2954 = CARTESIAN_POINT('',(-3.14159265359,0.));
#2955 = VECTOR('',#2956,1.);
#2956 = DIRECTION('',(0.,-1.));
#2957 = ( GEOMETRIC_REPRESENTATION_CONTEXT(2) 
PARAMETRIC_REPRESENTATION_CONTEXT() REPRESENTATION_CONTEXT('2D SPACE',''
  ) );
#2958 = PCURVE('',#2813,#2959);
#2959 = DEFINITIONAL_REPRESENTATION('',(#2960),#2964);
#2960 = LINE('',#2961,#2962);
#2961 = CARTESIAN_POINT('',(3.14159265359,0.));
#2962 = VECTOR('',#2963,1.);
#2963 = DIRECTION('',(0.,-1.));
#2964 = ( GEOMETRIC_REPRESENTATION_CONTEXT(2) 
PARAMETRIC_REPRESENTATION_CONTEXT() REPRESENTATION_CONTEXT('2D SPACE',''
  ) );
#2965 = ORIENTED_EDGE('',*,*,#2792,.F.);
#2966 = ORIENTED_EDGE('',*,*,#2945,.F.);
#2967 = ( GEOMETRIC_REPRESENTATION_CONTEXT(3) 
GLOBAL_UNCERTAINTY_ASSIGNED_CONTEXT((#2971)) 
GLOBAL_UNIT_ASSIGNED_CONTEXT((#2968,#2969,#2970)) REPRESENTATION_CONTEXT
('Context #1','3D Context with UNIT and UNCERTAINTY') );
#2968 = ( LENGTH_UNIT() NAMED_UNIT(*) SI_UNIT(.MILLI.,.METRE.) );
#2969 = ( NAMED_UNIT(*) PLANE_ANGLE_UNIT() SI_UNIT($,.RADIAN.) );
#2970 = ( NAMED_UNIT(*) SI_UNIT($,.STERADIAN.) SOLID_ANGLE_UNIT() );
#2971 = UNCERTAINTY_MEASURE_WITH_UNIT(LENGTH_MEASURE(1.E-07),#2968,
  'distance_accuracy_value','confusion accuracy');
#2972 = CONTEXT_DEPENDENT_SHAPE_REPRESENTATION(#2973,#2975);
#2973 = ( REPRESENTATION_RELATIONSHIP('','',#44,#10) 
REPRESENTATION_RELATIONSHIP_WITH_TRANSFORMATION(#2974) 
SHAPE_REPRESENTATION_RELATIONSHIP() );
#2974 = ITEM_DEFINED_TRANSFORMATION('','',#11,#15);
#2975 = PRODUCT_DEFINITION_SHAPE('Placement','Placement of an item',
  #2976);
#2976 = NEXT_ASSEMBLY_USAGE_OCCURRENCE('1','','',#5,#39,$);
#2977 = PRODUCT_RELATED_PRODUCT_CATEGORY('part',$,(#41));
#2978 = SHAPE_DEFINITION_REPRESENTATION(#2979,#2985);
#2979 = PRODUCT_DEFINITION_SHAPE('','',#2980);
#2980 = PRODUCT_DEFINITION('design','',#2981,#2984);
#2981 = PRODUCT_DEFINITION_FORMATION('','',#2982);
#2982 = PRODUCT('Open CASCADE STEP translator 7.9 1.2',
  'Open CASCADE STEP translator 7.9 1.2','',(#2983));
#2983 = PRODUCT_CONTEXT('',#2,'mechanical');
#2984 = PRODUCT_DEFINITION_CONTEXT('part definition',#2,'design');
#2985 = ADVANCED_BREP_SHAPE_REPRESENTATION('',(#11,#2986),#6182);
#2986 = MANIFOLD_SOLID_BREP('',#2987);
#2987 = CLOSED_SHELL('',(#2988,#3076,#3195,#3424,#3586,#3665,#3752,#3939
    ,#4055,#4155,#4227,#4322,#4421,#4448,#4478,#4505,#4624,#4920,#4947,
    #4954,#5116,#5199,#5328,#5512,#5742,#5814,#5864,#6004,#6031,#6061,
    #6115,#6146,#6173));
#2988 = ADVANCED_FACE('',(#2989),#3003,.F.);
#2989 = FACE_BOUND('',#2990,.F.);
#2990 = EDGE_LOOP('',(#2991,#3021,#3048,#3049));
#2991 = ORIENTED_EDGE('',*,*,#2992,.T.);
#2992 = EDGE_CURVE('',#2993,#2995,#2997,.T.);
#2993 = VERTEX_POINT('',#2994);
#2994 = CARTESIAN_POINT('',(-18.5346380183,6.35,-12.26449353108));
#2995 = VERTEX_POINT('',#2996);
#2996 = CARTESIAN_POINT('',(-18.5346380183,-6.074044531596E-16,
    -12.26449353108));
#2997 = SEAM_CURVE('',#2998,(#3002,#3014),.PCURVE_S1.);
#2998 = LINE('',#2999,#3000);
#2999 = CARTESIAN_POINT('',(-18.5346380183,12.7,-12.26449353108));
#3000 = VECTOR('',#3001,1.);
#3001 = DIRECTION('',(-1.225315935864E-16,-1.,-3.686951170381E-17));
#3002 = PCURVE('',#3003,#3008);
#3003 = CYLINDRICAL_SURFACE('',#3004,3.175);
#3004 = AXIS2_PLACEMENT_3D('',#3005,#3006,#3007);
#3005 = CARTESIAN_POINT('',(-21.18244349493,12.7,-14.0165640656));
#3006 = DIRECTION('',(-1.225315935864E-16,-1.,-3.686951170381E-17));
#3007 = DIRECTION('',(-0.833954480829,1.225315935864E-16,-0.551833239217
    ));
#3008 = DEFINITIONAL_REPRESENTATION('',(#3009),#3013);
#3009 = LINE('',#3010,#3011);
#3010 = CARTESIAN_POINT('',(9.424777960769,0.));
#3011 = VECTOR('',#3012,1.);
#3012 = DIRECTION('',(0.,1.));
#3013 = ( GEOMETRIC_REPRESENTATION_CONTEXT(2) 
PARAMETRIC_REPRESENTATION_CONTEXT() REPRESENTATION_CONTEXT('2D SPACE',''
  ) );
#3014 = PCURVE('',#3003,#3015);
#3015 = DEFINITIONAL_REPRESENTATION('',(#3016),#3020);
#3016 = LINE('',#3017,#3018);
#3017 = CARTESIAN_POINT('',(3.14159265359,0.));
#3018 = VECTOR('',#3019,1.);
#3019 = DIRECTION('',(0.,1.));
#3020 = ( GEOMETRIC_REPRESENTATION_CONTEXT(2) 
PARAMETRIC_REPRESENTATION_CONTEXT() REPRESENTATION_CONTEXT('2D SPACE',''
  ) );
#3021 = ORIENTED_EDGE('',*,*,#3022,.T.);
#3022 = EDGE_CURVE('',#2995,#2995,#3023,.T.);
#3023 = SURFACE_CURVE('',#3024,(#3029,#3036),.PCURVE_S1.);
#3024 = CIRCLE('',#3025,3.175);
#3025 = AXIS2_PLACEMENT_3D('',#3026,#3027,#3028);
#3026 = CARTESIAN_POINT('',(-21.18244349493,-2.183666435227E-16,
    -14.0165640656));
#3027 = DIRECTION('',(1.225315935864E-16,1.,3.686951170381E-17));
#3028 = DIRECTION('',(-0.833954480829,1.225315935864E-16,-0.551833239217
    ));
#3029 = PCURVE('',#3003,#3030);
#3030 = DEFINITIONAL_REPRESENTATION('',(#3031),#3035);
#3031 = LINE('',#3032,#3033);
#3032 = CARTESIAN_POINT('',(12.566370614359,12.7));
#3033 = VECTOR('',#3034,1.);
#3034 = DIRECTION('',(-1.,0.));
#3035 = ( GEOMETRIC_REPRESENTATION_CONTEXT(2) 
PARAMETRIC_REPRESENTATION_CONTEXT() REPRESENTATION_CONTEXT('2D SPACE',''
  ) );
#3036 = PCURVE('',#3037,#3042);
#3037 = PLANE('',#3038);
#3038 = AXIS2_PLACEMENT_3D('',#3039,#3040,#3041);
#3039 = CARTESIAN_POINT('',(-1.938664110101E-31,-3.330669073875E-15,
    3.04401695898E-30));
#3040 = DIRECTION('',(1.225315935864E-16,1.,3.686951170381E-17));
#3041 = DIRECTION('',(0.833954480829,-1.225315935864E-16,0.551833239217)
  );
#3042 = DEFINITIONAL_REPRESENTATION('',(#3043),#3047);
#3043 = CIRCLE('',#3044,3.175);
#3044 = AXIS2_PLACEMENT_2D('',#3045,#3046);
#3045 = CARTESIAN_POINT('',(-25.39999961853,0.));
#3046 = DIRECTION('',(-1.,0.));
#3047 = ( GEOMETRIC_REPRESENTATION_CONTEXT(2) 
PARAMETRIC_REPRESENTATION_CONTEXT() REPRESENTATION_CONTEXT('2D SPACE',''
  ) );
#3048 = ORIENTED_EDGE('',*,*,#2992,.F.);
#3049 = ORIENTED_EDGE('',*,*,#3050,.T.);
#3050 = EDGE_CURVE('',#2993,#2993,#3051,.T.);
#3051 = SURFACE_CURVE('',#3052,(#3057,#3064),.PCURVE_S1.);
#3052 = CIRCLE('',#3053,3.175);
#3053 = AXIS2_PLACEMENT_3D('',#3054,#3055,#3056);
#3054 = CARTESIAN_POINT('',(-21.18244349493,6.35,-14.0165640656));
#3055 = DIRECTION('',(-1.225315935864E-16,-1.,-3.686951170381E-17));
#3056 = DIRECTION('',(-0.833954480829,1.225315935864E-16,-0.551833239217
    ));
#3057 = PCURVE('',#3003,#3058);
#3058 = DEFINITIONAL_REPRESENTATION('',(#3059),#3063);
#3059 = LINE('',#3060,#3061);
#3060 = CARTESIAN_POINT('',(0.,6.35));
#3061 = VECTOR('',#3062,1.);
#3062 = DIRECTION('',(1.,0.));
#3063 = ( GEOMETRIC_REPRESENTATION_CONTEXT(2) 
PARAMETRIC_REPRESENTATION_CONTEXT() REPRESENTATION_CONTEXT('2D SPACE',''
  ) );
#3064 = PCURVE('',#3065,#3070);
#3065 = PLANE('',#3066);
#3066 = AXIS2_PLACEMENT_3D('',#3067,#3068,#3069);
#3067 = CARTESIAN_POINT('',(7.780756192737E-16,6.35,2.341213993192E-16)
  );
#3068 = DIRECTION('',(-1.225315935864E-16,-1.,-3.686951170381E-17));
#3069 = DIRECTION('',(0.551833239217,-3.686951170381E-17,-0.833954480829
    ));
#3070 = DEFINITIONAL_REPRESENTATION('',(#3071),#3075);
#3071 = CIRCLE('',#3072,3.175);
#3072 = AXIS2_PLACEMENT_2D('',#3073,#3074);
#3073 = CARTESIAN_POINT('',(0.,-25.39999961853));
#3074 = DIRECTION('',(0.,-1.));
#3075 = ( GEOMETRIC_REPRESENTATION_CONTEXT(2) 
PARAMETRIC_REPRESENTATION_CONTEXT() REPRESENTATION_CONTEXT('2D SPACE',''
  ) );
#3076 = ADVANCED_FACE('',(#3077,#3192),#3037,.F.);
#3077 = FACE_BOUND('',#3078,.F.);
#3078 = EDGE_LOOP('',(#3079,#3110,#3138,#3166));
#3079 = ORIENTED_EDGE('',*,*,#3080,.F.);
#3080 = EDGE_CURVE('',#3081,#3083,#3085,.T.);
#3081 = VERTEX_POINT('',#3082);
#3082 = CARTESIAN_POINT('',(-13.18906767554,-1.11208410065E-15,
    -16.3416184587));
#3083 = VERTEX_POINT('',#3084);
#3084 = CARTESIAN_POINT('',(-20.95578127175,-8.131426096609E-16,
    1.362068753868));
#3085 = SURFACE_CURVE('',#3086,(#3091,#3098),.PCURVE_S1.);
#3086 = CIRCLE('',#3087,21.);
#3087 = AXIS2_PLACEMENT_3D('',#3088,#3089,#3090);
#3088 = CARTESIAN_POINT('',(0.,0.,0.));
#3089 = DIRECTION('',(0.,1.,0.));
#3090 = DIRECTION('',(0.,-0.,1.));
#3091 = PCURVE('',#3037,#3092);
#3092 = DEFINITIONAL_REPRESENTATION('',(#3093),#3097);
#3093 = CIRCLE('',#3094,21.);
#3094 = AXIS2_PLACEMENT_2D('',#3095,#3096);
#3095 = CARTESIAN_POINT('',(-1.926226165892E-30,2.522753369824E-30));
#3096 = DIRECTION('',(0.551833239217,-0.833954480829));
#3097 = ( GEOMETRIC_REPRESENTATION_CONTEXT(2) 
PARAMETRIC_REPRESENTATION_CONTEXT() REPRESENTATION_CONTEXT('2D SPACE',''
  ) );
#3098 = PCURVE('',#3099,#3104);
#3099 = CYLINDRICAL_SURFACE('',#3100,21.);
#3100 = AXIS2_PLACEMENT_3D('',#3101,#3102,#3103);
#3101 = CARTESIAN_POINT('',(0.,-50.,0.));
#3102 = DIRECTION('',(0.,1.,0.));
#3103 = DIRECTION('',(0.,-0.,1.));
#3104 = DEFINITIONAL_REPRESENTATION('',(#3105),#3109);
#3105 = LINE('',#3106,#3107);
#3106 = CARTESIAN_POINT('',(0.,50.));
#3107 = VECTOR('',#3108,1.);
#3108 = DIRECTION('',(1.,0.));
#3109 = ( GEOMETRIC_REPRESENTATION_CONTEXT(2) 
PARAMETRIC_REPRESENTATION_CONTEXT() REPRESENTATION_CONTEXT('2D SPACE',''
  ) );
#3110 = ORIENTED_EDGE('',*,*,#3111,.T.);
#3111 = EDGE_CURVE('',#3081,#3112,#3114,.T.);
#3112 = VERTEX_POINT('',#3113);
#3113 = CARTESIAN_POINT('',(-155.3641875289,1.977747810502E-14,
    -110.419843024));
#3114 = SURFACE_CURVE('',#3115,(#3119,#3126),.PCURVE_S1.);
#3115 = LINE('',#3116,#3117);
#3116 = CARTESIAN_POINT('',(82.938305368026,-1.52359247623E-14,
    47.266505082141));
#3117 = VECTOR('',#3118,1.);
#3118 = DIRECTION('',(-0.833954480829,1.225315935864E-16,-0.551833239217
    ));
#3119 = PCURVE('',#3037,#3120);
#3120 = DEFINITIONAL_REPRESENTATION('',(#3121),#3125);
#3121 = LINE('',#3122,#3123);
#3122 = CARTESIAN_POINT('',(95.25,6.35));
#3123 = VECTOR('',#3124,1.);
#3124 = DIRECTION('',(-1.,0.));
#3125 = ( GEOMETRIC_REPRESENTATION_CONTEXT(2) 
PARAMETRIC_REPRESENTATION_CONTEXT() REPRESENTATION_CONTEXT('2D SPACE',''
  ) );
#3126 = PCURVE('',#3127,#3132);
#3127 = CYLINDRICAL_SURFACE('',#3128,6.35);
#3128 = AXIS2_PLACEMENT_3D('',#3129,#3130,#3131);
#3129 = CARTESIAN_POINT('',(82.938305368026,6.35,47.266505082141));
#3130 = DIRECTION('',(-0.833954480829,1.225315935864E-16,-0.551833239217
    ));
#3131 = DIRECTION('',(0.390205025534,0.707106781187,-0.589694868595));
#3132 = DEFINITIONAL_REPRESENTATION('',(#3133),#3137);
#3133 = LINE('',#3134,#3135);
#3134 = CARTESIAN_POINT('',(2.356194490192,0.));
#3135 = VECTOR('',#3136,1.);
#3136 = DIRECTION('',(0.,1.));
#3137 = ( GEOMETRIC_REPRESENTATION_CONTEXT(2) 
PARAMETRIC_REPRESENTATION_CONTEXT() REPRESENTATION_CONTEXT('2D SPACE',''
  ) );
#3138 = ORIENTED_EDGE('',*,*,#3139,.T.);
#3139 = EDGE_CURVE('',#3112,#3140,#3142,.T.);
#3140 = VERTEX_POINT('',#3141);
#3141 = CARTESIAN_POINT('',(-165.876610736,2.047984230297E-14,
    -94.53301016428));
#3142 = SURFACE_CURVE('',#3143,(#3147,#3154),.PCURVE_S1.);
#3143 = LINE('',#3144,#3145);
#3144 = CARTESIAN_POINT('',(-151.8600464599,1.95433567057E-14,
    -115.7154539773));
#3145 = VECTOR('',#3146,1.);
#3146 = DIRECTION('',(-0.551833239217,3.686951170381E-17,0.833954480829)
  );
#3147 = PCURVE('',#3037,#3148);
#3148 = DEFINITIONAL_REPRESENTATION('',(#3149),#3153);
#3149 = LINE('',#3150,#3151);
#3150 = CARTESIAN_POINT('',(-190.5,12.7));
#3151 = VECTOR('',#3152,1.);
#3152 = DIRECTION('',(0.,-1.));
#3153 = ( GEOMETRIC_REPRESENTATION_CONTEXT(2) 
PARAMETRIC_REPRESENTATION_CONTEXT() REPRESENTATION_CONTEXT('2D SPACE',''
  ) );
#3154 = PCURVE('',#3155,#3160);
#3155 = PLANE('',#3156);
#3156 = AXIS2_PLACEMENT_3D('',#3157,#3158,#3159);
#3157 = CARTESIAN_POINT('',(-151.8600464599,1.95433567057E-14,
    -115.7154539773));
#3158 = DIRECTION('',(-0.833954480829,1.225315935864E-16,-0.551833239217
    ));
#3159 = DIRECTION('',(-0.551833239217,3.686951170381E-17,0.833954480829)
  );
#3160 = DEFINITIONAL_REPRESENTATION('',(#3161),#3165);
#3161 = LINE('',#3162,#3163);
#3162 = CARTESIAN_POINT('',(0.,0.));
#3163 = VECTOR('',#3164,1.);
#3164 = DIRECTION('',(1.,0.));
#3165 = ( GEOMETRIC_REPRESENTATION_CONTEXT(2) 
PARAMETRIC_REPRESENTATION_CONTEXT() REPRESENTATION_CONTEXT('2D SPACE',''
  ) );
#3166 = ORIENTED_EDGE('',*,*,#3167,.T.);
#3167 = EDGE_CURVE('',#3140,#3083,#3168,.T.);
#3168 = SURFACE_CURVE('',#3169,(#3173,#3180),.PCURVE_S1.);
#3169 = LINE('',#3170,#3171);
#3170 = CARTESIAN_POINT('',(-165.876610736,2.047984230297E-14,
    -94.53301016428));
#3171 = VECTOR('',#3172,1.);
#3172 = DIRECTION('',(0.833954480829,-1.225315935864E-16,0.551833239217)
  );
#3173 = PCURVE('',#3037,#3174);
#3174 = DEFINITIONAL_REPRESENTATION('',(#3175),#3179);
#3175 = LINE('',#3176,#3177);
#3176 = CARTESIAN_POINT('',(-190.5,-12.7));
#3177 = VECTOR('',#3178,1.);
#3178 = DIRECTION('',(1.,0.));
#3179 = ( GEOMETRIC_REPRESENTATION_CONTEXT(2) 
PARAMETRIC_REPRESENTATION_CONTEXT() REPRESENTATION_CONTEXT('2D SPACE',''
  ) );
#3180 = PCURVE('',#3181,#3186);
#3181 = PLANE('',#3182);
#3182 = AXIS2_PLACEMENT_3D('',#3183,#3184,#3185);
#3183 = CARTESIAN_POINT('',(-165.876610736,2.047984230297E-14,
    -94.53301016428));
#3184 = DIRECTION('',(-0.551833239217,3.686951170381E-17,0.833954480829)
  );
#3185 = DIRECTION('',(0.833954480829,-1.225315935864E-16,0.551833239217)
  );
#3186 = DEFINITIONAL_REPRESENTATION('',(#3187),#3191);
#3187 = LINE('',#3188,#3189);
#3188 = CARTESIAN_POINT('',(0.,0.));
#3189 = VECTOR('',#3190,1.);
#3190 = DIRECTION('',(1.,0.));
#3191 = ( GEOMETRIC_REPRESENTATION_CONTEXT(2) 
PARAMETRIC_REPRESENTATION_CONTEXT() REPRESENTATION_CONTEXT('2D SPACE',''
  ) );
#3192 = FACE_BOUND('',#3193,.F.);
#3193 = EDGE_LOOP('',(#3194));
#3194 = ORIENTED_EDGE('',*,*,#3022,.F.);
#3195 = ADVANCED_FACE('',(#3196,#3421),#3065,.F.);
#3196 = FACE_BOUND('',#3197,.F.);
#3197 = EDGE_LOOP('',(#3198,#3237,#3260,#3316,#3344,#3400));
#3198 = ORIENTED_EDGE('',*,*,#3199,.T.);
#3199 = EDGE_CURVE('',#3200,#3202,#3204,.T.);
#3200 = VERTEX_POINT('',#3201);
#3201 = CARTESIAN_POINT('',(-6.939216995649,6.35,-19.82037505919));
#3202 = VERTEX_POINT('',#3203);
#3203 = CARTESIAN_POINT('',(-20.95578127175,6.35,1.362068753868));
#3204 = SURFACE_CURVE('',#3205,(#3210,#3221),.PCURVE_S1.);
#3205 = CIRCLE('',#3206,21.);
#3206 = AXIS2_PLACEMENT_3D('',#3207,#3208,#3209);
#3207 = CARTESIAN_POINT('',(0.,6.35,0.));
#3208 = DIRECTION('',(0.,1.,0.));
#3209 = DIRECTION('',(0.,-0.,1.));
#3210 = PCURVE('',#3065,#3211);
#3211 = DEFINITIONAL_REPRESENTATION('',(#3212),#3220);
#3212 = ( BOUNDED_CURVE() B_SPLINE_CURVE(2,(#3213,#3214,#3215,#3216,
#3217,#3218,#3219),.UNSPECIFIED.,.T.,.F.) B_SPLINE_CURVE_WITH_KNOTS((1,2
    ,2,2,2,1),(-2.094395102393,0.,2.094395102393,4.188790204786,
6.28318530718,8.377580409573),.UNSPECIFIED.) CURVE() 
GEOMETRIC_REPRESENTATION_ITEM() RATIONAL_B_SPLINE_CURVE((1.,0.5,1.,0.5,
1.,0.5,1.)) REPRESENTATION_ITEM('') );
#3213 = CARTESIAN_POINT('',(-17.51304409741,11.588498023554));
#3214 = CARTESIAN_POINT('',(2.558823262791,41.921980195475));
#3215 = CARTESIAN_POINT('',(18.792455728812,9.372492074183));
#3216 = CARTESIAN_POINT('',(35.026088194834,-23.1769960471));
#3217 = CARTESIAN_POINT('',(-1.279411631395,-20.96099009773));
#3218 = CARTESIAN_POINT('',(-37.58491145762,-18.74498414836));
#3219 = CARTESIAN_POINT('',(-17.51304409741,11.588498023554));
#3220 = ( GEOMETRIC_REPRESENTATION_CONTEXT(2) 
PARAMETRIC_REPRESENTATION_CONTEXT() REPRESENTATION_CONTEXT('2D SPACE',''
  ) );
#3221 = PCURVE('',#3222,#3227);
#3222 = PLANE('',#3223);
#3223 = AXIS2_PLACEMENT_3D('',#3224,#3225,#3226);
#3224 = CARTESIAN_POINT('',(7.780756192737E-16,6.35,2.341213993192E-16)
  );
#3225 = DIRECTION('',(-1.225315935864E-16,-1.,-3.686951170381E-17));
#3226 = DIRECTION('',(0.551833239217,-3.686951170381E-17,-0.833954480829
    ));
#3227 = DEFINITIONAL_REPRESENTATION('',(#3228),#3236);
#3228 = ( BOUNDED_CURVE() B_SPLINE_CURVE(2,(#3229,#3230,#3231,#3232,
#3233,#3234,#3235),.UNSPECIFIED.,.T.,.F.) B_SPLINE_CURVE_WITH_KNOTS((1,2
    ,2,2,2,1),(-2.094395102393,0.,2.094395102393,4.188790204786,
6.28318530718,8.377580409573),.UNSPECIFIED.) CURVE() 
GEOMETRIC_REPRESENTATION_ITEM() RATIONAL_B_SPLINE_CURVE((1.,0.5,1.,0.5,
1.,0.5,1.)) REPRESENTATION_ITEM('') );
#3229 = CARTESIAN_POINT('',(-17.51304409741,11.588498023554));
#3230 = CARTESIAN_POINT('',(2.558823262791,41.921980195475));
#3231 = CARTESIAN_POINT('',(18.792455728812,9.372492074183));
#3232 = CARTESIAN_POINT('',(35.026088194834,-23.1769960471));
#3233 = CARTESIAN_POINT('',(-1.279411631395,-20.96099009773));
#3234 = CARTESIAN_POINT('',(-37.58491145762,-18.74498414836));
#3235 = CARTESIAN_POINT('',(-17.51304409741,11.588498023554));
#3236 = ( GEOMETRIC_REPRESENTATION_CONTEXT(2) 
PARAMETRIC_REPRESENTATION_CONTEXT() REPRESENTATION_CONTEXT('2D SPACE',''
  ) );
#3237 = ORIENTED_EDGE('',*,*,#3238,.F.);
#3238 = EDGE_CURVE('',#3239,#3202,#3241,.T.);
#3239 = VERTEX_POINT('',#3240);
#3240 = CARTESIAN_POINT('',(-43.01843614307,6.35,-13.23693704709));
#3241 = SURFACE_CURVE('',#3242,(#3246,#3253),.PCURVE_S1.);
#3242 = LINE('',#3243,#3244);
#3243 = CARTESIAN_POINT('',(-86.44244643705,6.35,-41.97089412887));
#3244 = VECTOR('',#3245,1.);
#3245 = DIRECTION('',(0.833954480829,-1.225315935864E-16,0.551833239217)
  );
#3246 = PCURVE('',#3065,#3247);
#3247 = DEFINITIONAL_REPRESENTATION('',(#3248),#3252);
#3248 = LINE('',#3249,#3250);
#3249 = CARTESIAN_POINT('',(-12.7,-95.25));
#3250 = VECTOR('',#3251,1.);
#3251 = DIRECTION('',(0.,1.));
#3252 = ( GEOMETRIC_REPRESENTATION_CONTEXT(2) 
PARAMETRIC_REPRESENTATION_CONTEXT() REPRESENTATION_CONTEXT('2D SPACE',''
  ) );
#3253 = PCURVE('',#3181,#3254);
#3254 = DEFINITIONAL_REPRESENTATION('',(#3255),#3259);
#3255 = LINE('',#3256,#3257);
#3256 = CARTESIAN_POINT('',(95.25,6.35));
#3257 = VECTOR('',#3258,1.);
#3258 = DIRECTION('',(1.,0.));
#3259 = ( GEOMETRIC_REPRESENTATION_CONTEXT(2) 
PARAMETRIC_REPRESENTATION_CONTEXT() REPRESENTATION_CONTEXT('2D SPACE',''
  ) );
#3260 = ORIENTED_EDGE('',*,*,#3261,.F.);
#3261 = EDGE_CURVE('',#3262,#3239,#3264,.T.);
#3262 = VERTEX_POINT('',#3263);
#3263 = CARTESIAN_POINT('',(-35.97863452524,6.35,-14.67011295448));
#3264 = SURFACE_CURVE('',#3265,(#3270,#3277),.PCURVE_S1.);
#3265 = CIRCLE('',#3266,5.08);
#3266 = AXIS2_PLACEMENT_3D('',#3267,#3268,#3269);
#3267 = CARTESIAN_POINT('',(-40.21512328785,6.35,-17.4734258097));
#3268 = DIRECTION('',(-1.225315935864E-16,-1.,-3.686951170381E-17));
#3269 = DIRECTION('',(-0.551833239217,3.686951170381E-17,0.833954480829)
  );
#3270 = PCURVE('',#3065,#3271);
#3271 = DEFINITIONAL_REPRESENTATION('',(#3272),#3276);
#3272 = CIRCLE('',#3273,5.08);
#3273 = AXIS2_PLACEMENT_2D('',#3274,#3275);
#3274 = CARTESIAN_POINT('',(-7.62,-43.17999942779));
#3275 = DIRECTION('',(-1.,0.));
#3276 = ( GEOMETRIC_REPRESENTATION_CONTEXT(2) 
PARAMETRIC_REPRESENTATION_CONTEXT() REPRESENTATION_CONTEXT('2D SPACE',''
  ) );
#3277 = PCURVE('',#3278,#3288);
#3278 = ( BOUNDED_SURFACE() B_SPLINE_SURFACE(2,2,(
    (#3279,#3280,#3281)
    ,(#3282,#3283,#3284)
    ,(#3285,#3286,#3287
)),.UNSPECIFIED.,.F.,.F.,.F.) B_SPLINE_SURFACE_WITH_KNOTS((3,3),(3,3),(
    -1.570796326795,-6.11040884867E-14),(-2.352213708095E-13,
    1.570796326795),.PIECEWISE_BEZIER_KNOTS.) 
GEOMETRIC_REPRESENTATION_ITEM() RATIONAL_B_SPLINE_SURFACE((
    (1.,0.707106781186,1.)
    ,(0.707106781187,0.5,0.707106781187)
,(1.,0.707106781186,1.))) REPRESENTATION_ITEM('') SURFACE() );
#3279 = CARTESIAN_POINT('',(-35.97863452524,6.35,-14.67011295448));
#3280 = CARTESIAN_POINT('',(-35.97863452524,7.62,-14.67011295448));
#3281 = CARTESIAN_POINT('',(-35.27780631143,7.62,-15.72923514513));
#3282 = CARTESIAN_POINT('',(-38.78194738046,6.35,-10.43362419186));
#3283 = CARTESIAN_POINT('',(-38.78194738046,12.700000000002,
    -10.43362419186));
#3284 = CARTESIAN_POINT('',(-35.27780631143,12.7,-15.72923514513));
#3285 = CARTESIAN_POINT('',(-43.01843614307,6.35,-13.23693704709));
#3286 = CARTESIAN_POINT('',(-43.01843614307,12.700000000002,
    -13.23693704708));
#3287 = CARTESIAN_POINT('',(-39.51429507404,12.7,-18.53254800035));
#3288 = DEFINITIONAL_REPRESENTATION('',(#3289),#3315);
#3289 = B_SPLINE_CURVE_WITH_KNOTS('',3,(#3290,#3291,#3292,#3293,#3294,
    #3295,#3296,#3297,#3298,#3299,#3300,#3301,#3302,#3303,#3304,#3305,
    #3306,#3307,#3308,#3309,#3310,#3311,#3312,#3313,#3314),
  .UNSPECIFIED.,.F.,.F.,(4,1,1,1,1,1,1,1,1,1,1,1,1,1,1,1,1,1,1,1,1,1,4),
  (4.712388980385,4.783788813421,4.855188646457,4.926588479493,
    4.997988312529,5.069388145565,5.140787978601,5.212187811638,
    5.283587644674,5.35498747771,5.426387310746,5.497787143782,
    5.569186976818,5.640586809854,5.711986642891,5.783386475927,
    5.854786308963,5.926186141999,5.997585975035,6.068985808071,
    6.140385641107,6.211785474143,6.28318530718),.QUASI_UNIFORM_KNOTS.);
#3290 = CARTESIAN_POINT('',(-1.570796326795,-2.352213708095E-13));
#3291 = CARTESIAN_POINT('',(-1.544363278267,-2.352213708095E-13));
#3292 = CARTESIAN_POINT('',(-1.492271114166,-2.352213708095E-13));
#3293 = CARTESIAN_POINT('',(-1.416189872242,-2.352213708095E-13));
#3294 = CARTESIAN_POINT('',(-1.341892168614,-2.352213708095E-13));
#3295 = CARTESIAN_POINT('',(-1.269134886861,-2.352213708095E-13));
#3296 = CARTESIAN_POINT('',(-1.197690220556,-2.352213708095E-13));
#3297 = CARTESIAN_POINT('',(-1.12734572285,-2.352213708095E-13));
#3298 = CARTESIAN_POINT('',(-1.057900795762,-2.352213708095E-13));
#3299 = CARTESIAN_POINT('',(-0.989164516627,-2.352213708095E-13));
#3300 = CARTESIAN_POINT('',(-0.92095340603,-2.352213708095E-13));
#3301 = CARTESIAN_POINT('',(-0.85308944002,-2.352213708095E-13));
#3302 = CARTESIAN_POINT('',(-0.785398163398,-2.352213708095E-13));
#3303 = CARTESIAN_POINT('',(-0.717706886775,-2.352213708095E-13));
#3304 = CARTESIAN_POINT('',(-0.649842920765,-2.352213708095E-13));
#3305 = CARTESIAN_POINT('',(-0.581631810168,-2.352213708095E-13));
#3306 = CARTESIAN_POINT('',(-0.512895531033,-2.352213708095E-13));
#3307 = CARTESIAN_POINT('',(-0.443450603945,-2.352213708095E-13));
#3308 = CARTESIAN_POINT('',(-0.373106106239,-2.352213708095E-13));
#3309 = CARTESIAN_POINT('',(-0.301661439934,-2.352213708095E-13));
#3310 = CARTESIAN_POINT('',(-0.228904158181,-2.352213708095E-13));
#3311 = CARTESIAN_POINT('',(-0.154606454553,-2.352213708095E-13));
#3312 = CARTESIAN_POINT('',(-7.85252126288E-02,-2.352213708095E-13));
#3313 = CARTESIAN_POINT('',(-2.643304852835E-02,-2.352213708095E-13));
#3314 = CARTESIAN_POINT('',(-6.11040884867E-14,-2.352213708095E-13));
#3315 = ( GEOMETRIC_REPRESENTATION_CONTEXT(2) 
PARAMETRIC_REPRESENTATION_CONTEXT() REPRESENTATION_CONTEXT('2D SPACE',''
  ) );
#3316 = ORIENTED_EDGE('',*,*,#3317,.T.);
#3317 = EDGE_CURVE('',#3262,#3318,#3320,.T.);
#3318 = VERTEX_POINT('',#3319);
#3319 = CARTESIAN_POINT('',(-27.56869595957,6.35,-27.37957924232));
#3320 = SURFACE_CURVE('',#3321,(#3325,#3332),.PCURVE_S1.);
#3321 = LINE('',#3322,#3323);
#3322 = CARTESIAN_POINT('',(-30.00272474655,6.35,-23.70116868436));
#3323 = VECTOR('',#3324,1.);
#3324 = DIRECTION('',(0.551833239217,-3.686951170381E-17,-0.833954480829
    ));
#3325 = PCURVE('',#3065,#3326);
#3326 = DEFINITIONAL_REPRESENTATION('',(#3327),#3331);
#3327 = LINE('',#3328,#3329);
#3328 = CARTESIAN_POINT('',(3.209195043,-38.09999942779));
#3329 = VECTOR('',#3330,1.);
#3330 = DIRECTION('',(1.,0.));
#3331 = ( GEOMETRIC_REPRESENTATION_CONTEXT(2) 
PARAMETRIC_REPRESENTATION_CONTEXT() REPRESENTATION_CONTEXT('2D SPACE',''
  ) );
#3332 = PCURVE('',#3333,#3338);
#3333 = PLANE('',#3334);
#3334 = AXIS2_PLACEMENT_3D('',#3335,#3336,#3337);
#3335 = CARTESIAN_POINT('',(-38.78194738046,12.7,-10.43362419186));
#3336 = DIRECTION('',(-0.833954480829,1.225315935864E-16,-0.551833239217
    ));
#3337 = DIRECTION('',(0.551833239217,-3.686951170381E-17,-0.833954480829
    ));
#3338 = DEFINITIONAL_REPRESENTATION('',(#3339),#3343);
#3339 = LINE('',#3340,#3341);
#3340 = CARTESIAN_POINT('',(15.909195043,6.35));
#3341 = VECTOR('',#3342,1.);
#3342 = DIRECTION('',(1.,0.));
#3343 = ( GEOMETRIC_REPRESENTATION_CONTEXT(2) 
PARAMETRIC_REPRESENTATION_CONTEXT() REPRESENTATION_CONTEXT('2D SPACE',''
  ) );
#3344 = ORIENTED_EDGE('',*,*,#3345,.F.);
#3345 = EDGE_CURVE('',#3346,#3318,#3348,.T.);
#3346 = VERTEX_POINT('',#3347);
#3347 = CARTESIAN_POINT('',(-29.00187186696,6.35,-34.41938086015));
#3348 = SURFACE_CURVE('',#3349,(#3354,#3361),.PCURVE_S1.);
#3349 = CIRCLE('',#3350,5.08);
#3350 = AXIS2_PLACEMENT_3D('',#3351,#3352,#3353);
#3351 = CARTESIAN_POINT('',(-31.80518472218,6.35,-30.18289209754));
#3352 = DIRECTION('',(-1.225315935864E-16,-1.,-3.686951170381E-17));
#3353 = DIRECTION('',(0.551833239217,-3.686951170381E-17,-0.833954480829
    ));
#3354 = PCURVE('',#3065,#3355);
#3355 = DEFINITIONAL_REPRESENTATION('',(#3356),#3360);
#3356 = CIRCLE('',#3357,5.08);
#3357 = AXIS2_PLACEMENT_2D('',#3358,#3359);
#3358 = CARTESIAN_POINT('',(7.62,-43.17999942779));
#3359 = DIRECTION('',(1.,0.));
#3360 = ( GEOMETRIC_REPRESENTATION_CONTEXT(2) 
PARAMETRIC_REPRESENTATION_CONTEXT() REPRESENTATION_CONTEXT('2D SPACE',''
  ) );
#3361 = PCURVE('',#3362,#3372);
#3362 = ( BOUNDED_SURFACE() B_SPLINE_SURFACE(2,2,(
    (#3363,#3364,#3365)
    ,(#3366,#3367,#3368)
    ,(#3369,#3370,#3371
)),.UNSPECIFIED.,.F.,.F.,.F.) B_SPLINE_SURFACE_WITH_KNOTS((3,3),(3,3),(
    -1.570796326795,-5.082127736203E-16),(1.570796326795,3.14159265359),
.PIECEWISE_BEZIER_KNOTS.) GEOMETRIC_REPRESENTATION_ITEM() 
RATIONAL_B_SPLINE_SURFACE((
    (1.,0.707106781186,1.)
    ,(0.707106781187,0.5,0.707106781187)
,(1.,0.707106781186,1.))) REPRESENTATION_ITEM('') SURFACE() );
#3363 = CARTESIAN_POINT('',(-28.26952417338,7.62,-26.32045705166));
#3364 = CARTESIAN_POINT('',(-27.56869595957,7.62,-27.37957924232));
#3365 = CARTESIAN_POINT('',(-27.56869595957,6.35,-27.37957924232));
#3366 = CARTESIAN_POINT('',(-28.26952417338,12.7,-26.32045705166));
#3367 = CARTESIAN_POINT('',(-24.76538310435,12.700000000001,
    -31.61606800493));
#3368 = CARTESIAN_POINT('',(-24.76538310435,6.35,-31.61606800493));
#3369 = CARTESIAN_POINT('',(-32.50601293599,12.7,-29.12376990689));
#3370 = CARTESIAN_POINT('',(-29.00187186696,12.700000000001,
    -34.41938086015));
#3371 = CARTESIAN_POINT('',(-29.00187186696,6.35,-34.41938086015));
#3372 = DEFINITIONAL_REPRESENTATION('',(#3373),#3399);
#3373 = B_SPLINE_CURVE_WITH_KNOTS('',3,(#3374,#3375,#3376,#3377,#3378,
    #3379,#3380,#3381,#3382,#3383,#3384,#3385,#3386,#3387,#3388,#3389,
    #3390,#3391,#3392,#3393,#3394,#3395,#3396,#3397,#3398),
  .UNSPECIFIED.,.F.,.F.,(4,1,1,1,1,1,1,1,1,1,1,1,1,1,1,1,1,1,1,1,1,1,4),
  (0.,7.139983303613E-02,0.142799666072,0.214199499108,0.285599332145,
    0.356999165181,0.428398998217,0.499798831253,0.571198664289,
    0.642598497325,0.713998330361,0.785398163397,0.856797996434,
    0.92819782947,0.999597662506,1.070997495542,1.142397328578,
    1.213797161614,1.28519699465,1.356596827687,1.427996660723,
    1.499396493759,1.570796326795),.QUASI_UNIFORM_KNOTS.);
#3374 = CARTESIAN_POINT('',(-5.082127736203E-16,3.14159265359));
#3375 = CARTESIAN_POINT('',(-2.643304852828E-02,3.14159265359));
#3376 = CARTESIAN_POINT('',(-7.852521262872E-02,3.14159265359));
#3377 = CARTESIAN_POINT('',(-0.154606454553,3.14159265359));
#3378 = CARTESIAN_POINT('',(-0.228904158181,3.14159265359));
#3379 = CARTESIAN_POINT('',(-0.301661439934,3.14159265359));
#3380 = CARTESIAN_POINT('',(-0.373106106239,3.14159265359));
#3381 = CARTESIAN_POINT('',(-0.443450603945,3.14159265359));
#3382 = CARTESIAN_POINT('',(-0.512895531033,3.14159265359));
#3383 = CARTESIAN_POINT('',(-0.581631810168,3.14159265359));
#3384 = CARTESIAN_POINT('',(-0.649842920765,3.14159265359));
#3385 = CARTESIAN_POINT('',(-0.717706886775,3.14159265359));
#3386 = CARTESIAN_POINT('',(-0.785398163397,3.14159265359));
#3387 = CARTESIAN_POINT('',(-0.85308944002,3.14159265359));
#3388 = CARTESIAN_POINT('',(-0.92095340603,3.14159265359));
#3389 = CARTESIAN_POINT('',(-0.989164516627,3.14159265359));
#3390 = CARTESIAN_POINT('',(-1.057900795762,3.14159265359));
#3391 = CARTESIAN_POINT('',(-1.12734572285,3.14159265359));
#3392 = CARTESIAN_POINT('',(-1.197690220556,3.14159265359));
#3393 = CARTESIAN_POINT('',(-1.269134886861,3.14159265359));
#3394 = CARTESIAN_POINT('',(-1.341892168614,3.14159265359));
#3395 = CARTESIAN_POINT('',(-1.416189872242,3.14159265359));
#3396 = CARTESIAN_POINT('',(-1.492271114166,3.14159265359));
#3397 = CARTESIAN_POINT('',(-1.544363278267,3.14159265359));
#3398 = CARTESIAN_POINT('',(-1.570796326795,3.14159265359));
#3399 = ( GEOMETRIC_REPRESENTATION_CONTEXT(2) 
PARAMETRIC_REPRESENTATION_CONTEXT() REPRESENTATION_CONTEXT('2D SPACE',''
  ) );
#3400 = ORIENTED_EDGE('',*,*,#3401,.F.);
#3401 = EDGE_CURVE('',#3200,#3346,#3402,.T.);
#3402 = SURFACE_CURVE('',#3403,(#3407,#3414),.PCURVE_S1.);
#3403 = LINE('',#3404,#3405);
#3404 = CARTESIAN_POINT('',(86.442446437053,6.35,41.970894128874));
#3405 = VECTOR('',#3406,1.);
#3406 = DIRECTION('',(-0.833954480829,1.225315935864E-16,-0.551833239217
    ));
#3407 = PCURVE('',#3065,#3408);
#3408 = DEFINITIONAL_REPRESENTATION('',(#3409),#3413);
#3409 = LINE('',#3410,#3411);
#3410 = CARTESIAN_POINT('',(12.7,95.25));
#3411 = VECTOR('',#3412,1.);
#3412 = DIRECTION('',(0.,-1.));
#3413 = ( GEOMETRIC_REPRESENTATION_CONTEXT(2) 
PARAMETRIC_REPRESENTATION_CONTEXT() REPRESENTATION_CONTEXT('2D SPACE',''
  ) );
#3414 = PCURVE('',#3127,#3415);
#3415 = DEFINITIONAL_REPRESENTATION('',(#3416),#3420);
#3416 = LINE('',#3417,#3418);
#3417 = CARTESIAN_POINT('',(0.785398163397,0.));
#3418 = VECTOR('',#3419,1.);
#3419 = DIRECTION('',(0.,1.));
#3420 = ( GEOMETRIC_REPRESENTATION_CONTEXT(2) 
PARAMETRIC_REPRESENTATION_CONTEXT() REPRESENTATION_CONTEXT('2D SPACE',''
  ) );
#3421 = FACE_BOUND('',#3422,.F.);
#3422 = EDGE_LOOP('',(#3423));
#3423 = ORIENTED_EDGE('',*,*,#3050,.F.);
#3424 = ADVANCED_FACE('',(#3425),#3099,.F.);
#3425 = FACE_BOUND('',#3426,.F.);
#3426 = EDGE_LOOP('',(#3427,#3458,#3566,#3567));
#3427 = ORIENTED_EDGE('',*,*,#3428,.F.);
#3428 = EDGE_CURVE('',#3429,#3431,#3433,.T.);
#3429 = VERTEX_POINT('',#3430);
#3430 = CARTESIAN_POINT('',(-6.943332880066,6.14,-19.81893359215));
#3431 = VERTEX_POINT('',#3432);
#3432 = CARTESIAN_POINT('',(-20.95578127175,6.14,1.362068753868));
#3433 = SURFACE_CURVE('',#3434,(#3439,#3446),.PCURVE_S1.);
#3434 = CIRCLE('',#3435,21.);
#3435 = AXIS2_PLACEMENT_3D('',#3436,#3437,#3438);
#3436 = CARTESIAN_POINT('',(0.,6.14,0.));
#3437 = DIRECTION('',(0.,1.,0.));
#3438 = DIRECTION('',(0.,-0.,1.));
#3439 = PCURVE('',#3099,#3440);
#3440 = DEFINITIONAL_REPRESENTATION('',(#3441),#3445);
#3441 = LINE('',#3442,#3443);
#3442 = CARTESIAN_POINT('',(0.,56.14));
#3443 = VECTOR('',#3444,1.);
#3444 = DIRECTION('',(1.,0.));
#3445 = ( GEOMETRIC_REPRESENTATION_CONTEXT(2) 
PARAMETRIC_REPRESENTATION_CONTEXT() REPRESENTATION_CONTEXT('2D SPACE',''
  ) );
#3446 = PCURVE('',#3447,#3452);
#3447 = PLANE('',#3448);
#3448 = AXIS2_PLACEMENT_3D('',#3449,#3450,#3451);
#3449 = CARTESIAN_POINT('',(-250.,6.14,-250.));
#3450 = DIRECTION('',(-0.,1.,0.));
#3451 = DIRECTION('',(0.,0.,1.));
#3452 = DEFINITIONAL_REPRESENTATION('',(#3453),#3457);
#3453 = CIRCLE('',#3454,21.);
#3454 = AXIS2_PLACEMENT_2D('',#3455,#3456);
#3455 = CARTESIAN_POINT('',(250.,250.));
#3456 = DIRECTION('',(1.,0.));
#3457 = ( GEOMETRIC_REPRESENTATION_CONTEXT(2) 
PARAMETRIC_REPRESENTATION_CONTEXT() REPRESENTATION_CONTEXT('2D SPACE',''
  ) );
#3458 = ORIENTED_EDGE('',*,*,#3459,.T.);
#3459 = EDGE_CURVE('',#3429,#3081,#3460,.T.);
#3460 = SURFACE_CURVE('',#3461,(#3494,#3530),.PCURVE_S1.);
#3461 = B_SPLINE_CURVE_WITH_KNOTS('',7,(#3462,#3463,#3464,#3465,#3466,
    #3467,#3468,#3469,#3470,#3471,#3472,#3473,#3474,#3475,#3476,#3477,
    #3478,#3479,#3480,#3481,#3482,#3483,#3484,#3485,#3486,#3487,#3488,
    #3489,#3490,#3491,#3492,#3493),.UNSPECIFIED.,.F.,.F.,(8,6,6,6,6,8),(
    0.,0.2044812559,0.346911786889,0.632047939059,0.879873582064,1.),
  .UNSPECIFIED.);
#3462 = CARTESIAN_POINT('',(-9.017456307443,10.840128060535,
    -18.96537586612));
#3463 = CARTESIAN_POINT('',(-8.695460286522,10.534762137687,
    -19.11847512818));
#3464 = CARTESIAN_POINT('',(-8.396250518752,10.20906989454,
    -19.25292013314));
#3465 = CARTESIAN_POINT('',(-8.122132876321,9.865584137551,
    -19.36987278827));
#3466 = CARTESIAN_POINT('',(-7.875286907587,9.506447969959,
    -19.47047213181));
#3467 = CARTESIAN_POINT('',(-7.657803512251,9.133489632432,
    -19.5557450685));
#3468 = CARTESIAN_POINT('',(-7.471721671675,8.74829784365,
    -19.62651017764));
#3469 = CARTESIAN_POINT('',(-7.212731359195,8.07646541889,
    -19.72281360134));
#3470 = CARTESIAN_POINT('',(-7.122684487511,7.795568674105,
    -19.75553397037));
#3471 = CARTESIAN_POINT('',(-7.049769306712,7.510621554619,
    -19.78154822973));
#3472 = CARTESIAN_POINT('',(-6.994627810186,7.222617965112,
    -19.80097545995));
#3473 = CARTESIAN_POINT('',(-6.957698502532,6.932535963606,
    -19.81390457975));
#3474 = CARTESIAN_POINT('',(-6.939216995649,6.641342714811,
    -19.82037505919));
#3475 = CARTESIAN_POINT('',(-6.939216995649,5.766751871332,
    -19.82037505919));
#3476 = CARTESIAN_POINT('',(-7.013286764614,5.186852542759,
    -19.79444304439));
#3477 = CARTESIAN_POINT('',(-7.159891037447,4.616181107738,
    -19.7431149928));
#3478 = CARTESIAN_POINT('',(-7.375706279623,4.06054891748,
    -19.66560281386));
#3479 = CARTESIAN_POINT('',(-7.655452127468,3.526271197554,
    -19.56004830642));
#3480 = CARTESIAN_POINT('',(-7.991933437673,3.020280089636,
    -19.42433240034));
#3481 = CARTESIAN_POINT('',(-8.710370953821,2.140697551942,
    -19.11183290172));
#3482 = CARTESIAN_POINT('',(-9.082283885662,1.756401384961,
    -18.94202085498));
#3483 = CARTESIAN_POINT('',(-9.488936781997,1.399450178963,
    -18.74552432322));
#3484 = CARTESIAN_POINT('',(-9.927447458485,1.073666529644,
    -18.51965707231));
#3485 = CARTESIAN_POINT('',(-10.39467184181,0.784380050945,
    -18.26147943987));
#3486 = CARTESIAN_POINT('',(-10.88667386771,0.538783997942,
    -17.96806716809));
#3487 = CARTESIAN_POINT('',(-11.64631670938,0.253244479441,
    -17.47714222093));
#3488 = CARTESIAN_POINT('',(-11.89926754257,0.172415956973,
    -17.30790322092));
#3489 = CARTESIAN_POINT('',(-12.15576403584,0.105447860383,
    -17.12997094408));
#3490 = CARTESIAN_POINT('',(-12.41438103312,5.36468979828E-02,
    -16.94374961658));
#3491 = CARTESIAN_POINT('',(-12.67370588539,1.816454679505E-02,
    -16.74979031459));
#3492 = CARTESIAN_POINT('',(-12.93236873049,-1.090948963858E-15,
    -16.54879620961));
#3493 = CARTESIAN_POINT('',(-13.18906767554,-4.440892098501E-16,
    -16.3416184587));
#3494 = PCURVE('',#3099,#3495);
#3495 = DEFINITIONAL_REPRESENTATION('',(#3496),#3529);
#3496 = B_SPLINE_CURVE_WITH_KNOTS('',7,(#3497,#3498,#3499,#3500,#3501,
    #3502,#3503,#3504,#3505,#3506,#3507,#3508,#3509,#3510,#3511,#3512,
    #3513,#3514,#3515,#3516,#3517,#3518,#3519,#3520,#3521,#3522,#3523,
    #3524,#3525,#3526,#3527,#3528),.UNSPECIFIED.,.F.,.F.,(8,6,6,6,6,8),(
    0.,0.2044812559,0.346911786889,0.632047939059,0.879873582064,1.),
  .UNSPECIFIED.);
#3497 = CARTESIAN_POINT('',(3.585423926819,60.840128060535));
#3498 = CARTESIAN_POINT('',(3.568445828246,60.534762137687));
#3499 = CARTESIAN_POINT('',(3.552829102472,60.20906989454));
#3500 = CARTESIAN_POINT('',(3.538641142397,59.865584137551));
#3501 = CARTESIAN_POINT('',(3.525950212248,59.506447969959));
#3502 = CARTESIAN_POINT('',(3.514827204439,59.133489632432));
#3503 = CARTESIAN_POINT('',(3.505347312384,58.74829784365));
#3504 = CARTESIAN_POINT('',(3.492189424897,58.07646541889));
#3505 = CARTESIAN_POINT('',(3.487627294974,57.795568674105));
#3506 = CARTESIAN_POINT('',(3.483940843943,57.510621554619));
#3507 = CARTESIAN_POINT('',(3.481156868229,57.222617965112));
#3508 = CARTESIAN_POINT('',(3.479293666318,56.932535963606));
#3509 = CARTESIAN_POINT('',(3.47836121721,56.641342714811));
#3510 = CARTESIAN_POINT('',(3.47836121721,55.766751871332));
#3511 = CARTESIAN_POINT('',(3.482098272256,55.186852542759));
#3512 = CARTESIAN_POINT('',(3.489494898494,54.616181107738));
#3513 = CARTESIAN_POINT('',(3.50041431527,54.06054891748));
#3514 = CARTESIAN_POINT('',(3.514647877724,53.526271197554));
#3515 = CARTESIAN_POINT('',(3.531918771141,53.020280089636));
#3516 = CARTESIAN_POINT('',(3.569226354621,52.140697551942));
#3517 = CARTESIAN_POINT('',(3.58869207118,51.756401384961));
#3518 = CARTESIAN_POINT('',(3.610190097844,51.399450178963));
#3519 = CARTESIAN_POINT('',(3.633663698165,51.073666529644));
#3520 = CARTESIAN_POINT('',(3.659062843268,50.784380050945));
#3521 = CARTESIAN_POINT('',(3.686323718862,50.538783997942));
#3522 = CARTESIAN_POINT('',(3.729393681211,50.253244479441));
#3523 = CARTESIAN_POINT('',(3.74388447212,50.172415956973));
#3524 = CARTESIAN_POINT('',(3.758746295545,50.105447860383));
#3525 = CARTESIAN_POINT('',(3.773917508892,50.053646897983));
#3526 = CARTESIAN_POINT('',(3.78933410808,50.018164546795));
#3527 = CARTESIAN_POINT('',(3.804930241588,50.));
#3528 = CARTESIAN_POINT('',(3.820638535457,50.));
#3529 = ( GEOMETRIC_REPRESENTATION_CONTEXT(2) 
PARAMETRIC_REPRESENTATION_CONTEXT() REPRESENTATION_CONTEXT('2D SPACE',''
  ) );
#3530 = PCURVE('',#3127,#3531);
#3531 = DEFINITIONAL_REPRESENTATION('',(#3532),#3565);
#3532 = B_SPLINE_CURVE_WITH_KNOTS('',7,(#3533,#3534,#3535,#3536,#3537,
    #3538,#3539,#3540,#3541,#3542,#3543,#3544,#3545,#3546,#3547,#3548,
    #3549,#3550,#3551,#3552,#3553,#3554,#3555,#3556,#3557,#3558,#3559,
    #3560,#3561,#3562,#3563,#3564),.UNSPECIFIED.,.F.,.F.,(8,6,6,6,6,8),(
    0.,0.2044812559,0.346911786889,0.632047939059,0.879873582064,1.),
  .UNSPECIFIED.);
#3533 = CARTESIAN_POINT('',(0.,113.23587289044));
#3534 = CARTESIAN_POINT('',(6.800828812249E-02,113.05182812769));
#3535 = CARTESIAN_POINT('',(0.135147564,112.87649202373));
#3536 = CARTESIAN_POINT('',(0.201615296673,112.71242875007));
#3537 = CARTESIAN_POINT('',(0.267600442303,112.56208450998));
#3538 = CARTESIAN_POINT('',(0.333291829148,112.4277696988));
#3539 = CARTESIAN_POINT('',(0.398887031199,112.31163645345));
#3540 = CARTESIAN_POINT('',(0.510375018913,112.14879375212));
#3541 = CARTESIAN_POINT('',(0.556176522883,112.09175494722));
#3542 = CARTESIAN_POINT('',(0.601992875156,112.04530253848));
#3543 = CARTESIAN_POINT('',(0.647820231047,112.01003763175));
#3544 = CARTESIAN_POINT('',(0.693660229417,111.98637498822));
#3545 = CARTESIAN_POINT('',(0.739517420907,111.97453287838));
#3546 = CARTESIAN_POINT('',(0.8772482624,111.97453287838));
#3547 = CARTESIAN_POINT('',(0.968571024774,112.02199354637));
#3548 = CARTESIAN_POINT('',(1.059706027447,112.11593031163));
#3549 = CARTESIAN_POINT('',(1.150939089717,112.2531366031));
#3550 = CARTESIAN_POINT('',(1.242484445827,112.42818342065));
#3551 = CARTESIAN_POINT('',(1.334489529824,112.63390096894));
#3552 = CARTESIAN_POINT('',(1.50738856359,113.06059754415));
#3553 = CARTESIAN_POINT('',(1.588562706058,113.27704806833));
#3554 = CARTESIAN_POINT('',(1.671040155974,113.50774475575));
#3555 = CARTESIAN_POINT('',(1.75532121732,113.7488016426));
#3556 = CARTESIAN_POINT('',(1.841920008851,113.99597451143));
#3557 = CARTESIAN_POINT('',(1.931376209618,114.24436716115));
#3558 = CARTESIAN_POINT('',(2.069395774467,114.60696600898));
#3559 = CARTESIAN_POINT('',(2.115339325799,114.72452378417));
#3560 = CARTESIAN_POINT('',(2.162091887875,114.84024123936));
#3561 = CARTESIAN_POINT('',(2.209594952414,114.95315292469));
#3562 = CARTESIAN_POINT('',(2.25780228443,115.06238485734));
#3563 = CARTESIAN_POINT('',(2.306677667507,115.16718266802));
#3564 = CARTESIAN_POINT('',(2.356194490192,115.26693033409));
#3565 = ( GEOMETRIC_REPRESENTATION_CONTEXT(2) 
PARAMETRIC_REPRESENTATION_CONTEXT() REPRESENTATION_CONTEXT('2D SPACE',''
  ) );
#3566 = ORIENTED_EDGE('',*,*,#3080,.T.);
#3567 = ORIENTED_EDGE('',*,*,#3568,.T.);
#3568 = EDGE_CURVE('',#3083,#3431,#3569,.T.);
#3569 = SURFACE_CURVE('',#3570,(#3574,#3580),.PCURVE_S1.);
#3570 = LINE('',#3571,#3572);
#3571 = CARTESIAN_POINT('',(-20.95578127175,-50.,1.362068753868));
#3572 = VECTOR('',#3573,1.);
#3573 = DIRECTION('',(0.,1.,0.));
#3574 = PCURVE('',#3099,#3575);
#3575 = DEFINITIONAL_REPRESENTATION('',(#3576),#3579);
#3576 = B_SPLINE_CURVE_WITH_KNOTS('',1,(#3577,#3578),.UNSPECIFIED.,.F.,
  .F.,(2,2),(49.365,56.985),.PIECEWISE_BEZIER_KNOTS.);
#3577 = CARTESIAN_POINT('',(4.77729496014,49.365));
#3578 = CARTESIAN_POINT('',(4.77729496014,56.985));
#3579 = ( GEOMETRIC_REPRESENTATION_CONTEXT(2) 
PARAMETRIC_REPRESENTATION_CONTEXT() REPRESENTATION_CONTEXT('2D SPACE',''
  ) );
#3580 = PCURVE('',#3181,#3581);
#3581 = DEFINITIONAL_REPRESENTATION('',(#3582),#3585);
#3582 = B_SPLINE_CURVE_WITH_KNOTS('',1,(#3583,#3584),.UNSPECIFIED.,.F.,
  .F.,(2,2),(49.365,56.985),.PIECEWISE_BEZIER_KNOTS.);
#3583 = CARTESIAN_POINT('',(173.77546712162,-0.635));
#3584 = CARTESIAN_POINT('',(173.77546712162,6.985));
#3585 = ( GEOMETRIC_REPRESENTATION_CONTEXT(2) 
PARAMETRIC_REPRESENTATION_CONTEXT() REPRESENTATION_CONTEXT('2D SPACE',''
  ) );
#3586 = ADVANCED_FACE('',(#3587),#3181,.T.);
#3587 = FACE_BOUND('',#3588,.T.);
#3588 = EDGE_LOOP('',(#3589,#3617,#3638,#3639,#3640,#3664));
#3589 = ORIENTED_EDGE('',*,*,#3590,.F.);
#3590 = EDGE_CURVE('',#3591,#3239,#3593,.T.);
#3591 = VERTEX_POINT('',#3592);
#3592 = CARTESIAN_POINT('',(-165.876610736,6.35,-94.53301016428));
#3593 = SURFACE_CURVE('',#3594,(#3598,#3605),.PCURVE_S1.);
#3594 = LINE('',#3595,#3596);
#3595 = CARTESIAN_POINT('',(-86.44244643705,6.35,-41.97089412887));
#3596 = VECTOR('',#3597,1.);
#3597 = DIRECTION('',(0.833954480829,-1.225315935864E-16,0.551833239217)
  );
#3598 = PCURVE('',#3181,#3599);
#3599 = DEFINITIONAL_REPRESENTATION('',(#3600),#3604);
#3600 = LINE('',#3601,#3602);
#3601 = CARTESIAN_POINT('',(95.25,6.35));
#3602 = VECTOR('',#3603,1.);
#3603 = DIRECTION('',(1.,0.));
#3604 = ( GEOMETRIC_REPRESENTATION_CONTEXT(2) 
PARAMETRIC_REPRESENTATION_CONTEXT() REPRESENTATION_CONTEXT('2D SPACE',''
  ) );
#3605 = PCURVE('',#3606,#3611);
#3606 = CYLINDRICAL_SURFACE('',#3607,6.35);
#3607 = AXIS2_PLACEMENT_3D('',#3608,#3609,#3610);
#3608 = CARTESIAN_POINT('',(-82.93830536802,6.35,-47.26650508214));
#3609 = DIRECTION('',(0.833954480829,-1.225315935864E-16,0.551833239217)
  );
#3610 = DIRECTION('',(-0.390205025534,0.707106781187,0.589694868595));
#3611 = DEFINITIONAL_REPRESENTATION('',(#3612),#3616);
#3612 = LINE('',#3613,#3614);
#3613 = CARTESIAN_POINT('',(7.068583470577,0.));
#3614 = VECTOR('',#3615,1.);
#3615 = DIRECTION('',(0.,1.));
#3616 = ( GEOMETRIC_REPRESENTATION_CONTEXT(2) 
PARAMETRIC_REPRESENTATION_CONTEXT() REPRESENTATION_CONTEXT('2D SPACE',''
  ) );
#3617 = ORIENTED_EDGE('',*,*,#3618,.F.);
#3618 = EDGE_CURVE('',#3140,#3591,#3619,.T.);
#3619 = SURFACE_CURVE('',#3620,(#3624,#3631),.PCURVE_S1.);
#3620 = LINE('',#3621,#3622);
#3621 = CARTESIAN_POINT('',(-165.876610736,2.047984230297E-14,
    -94.53301016428));
#3622 = VECTOR('',#3623,1.);
#3623 = DIRECTION('',(1.225315935864E-16,1.,3.686951170381E-17));
#3624 = PCURVE('',#3181,#3625);
#3625 = DEFINITIONAL_REPRESENTATION('',(#3626),#3630);
#3626 = LINE('',#3627,#3628);
#3627 = CARTESIAN_POINT('',(0.,0.));
#3628 = VECTOR('',#3629,1.);
#3629 = DIRECTION('',(0.,1.));
#3630 = ( GEOMETRIC_REPRESENTATION_CONTEXT(2) 
PARAMETRIC_REPRESENTATION_CONTEXT() REPRESENTATION_CONTEXT('2D SPACE',''
  ) );
#3631 = PCURVE('',#3155,#3632);
#3632 = DEFINITIONAL_REPRESENTATION('',(#3633),#3637);
#3633 = LINE('',#3634,#3635);
#3634 = CARTESIAN_POINT('',(25.4,0.));
#3635 = VECTOR('',#3636,1.);
#3636 = DIRECTION('',(0.,1.));
#3637 = ( GEOMETRIC_REPRESENTATION_CONTEXT(2) 
PARAMETRIC_REPRESENTATION_CONTEXT() REPRESENTATION_CONTEXT('2D SPACE',''
  ) );
#3638 = ORIENTED_EDGE('',*,*,#3167,.T.);
#3639 = ORIENTED_EDGE('',*,*,#3568,.T.);
#3640 = ORIENTED_EDGE('',*,*,#3641,.T.);
#3641 = EDGE_CURVE('',#3431,#3202,#3642,.T.);
#3642 = SURFACE_CURVE('',#3643,(#3647,#3653),.PCURVE_S1.);
#3643 = LINE('',#3644,#3645);
#3644 = CARTESIAN_POINT('',(-20.95578127175,-50.,1.362068753868));
#3645 = VECTOR('',#3646,1.);
#3646 = DIRECTION('',(0.,1.,0.));
#3647 = PCURVE('',#3181,#3648);
#3648 = DEFINITIONAL_REPRESENTATION('',(#3649),#3652);
#3649 = B_SPLINE_CURVE_WITH_KNOTS('',1,(#3650,#3651),.UNSPECIFIED.,.F.,
  .F.,(2,2),(49.365,56.985),.PIECEWISE_BEZIER_KNOTS.);
#3650 = CARTESIAN_POINT('',(173.77546712162,-0.635));
#3651 = CARTESIAN_POINT('',(173.77546712162,6.985));
#3652 = ( GEOMETRIC_REPRESENTATION_CONTEXT(2) 
PARAMETRIC_REPRESENTATION_CONTEXT() REPRESENTATION_CONTEXT('2D SPACE',''
  ) );
#3653 = PCURVE('',#3654,#3659);
#3654 = PLANE('',#3655);
#3655 = AXIS2_PLACEMENT_3D('',#3656,#3657,#3658);
#3656 = CARTESIAN_POINT('',(-165.876610736,2.047984230297E-14,
    -94.53301016428));
#3657 = DIRECTION('',(-0.551833239217,3.686951170381E-17,0.833954480829)
  );
#3658 = DIRECTION('',(0.833954480829,-1.225315935864E-16,0.551833239217)
  );
#3659 = DEFINITIONAL_REPRESENTATION('',(#3660),#3663);
#3660 = B_SPLINE_CURVE_WITH_KNOTS('',1,(#3661,#3662),.UNSPECIFIED.,.F.,
  .F.,(2,2),(49.365,56.985),.PIECEWISE_BEZIER_KNOTS.);
#3661 = CARTESIAN_POINT('',(173.77546712162,-0.635));
#3662 = CARTESIAN_POINT('',(173.77546712162,6.985));
#3663 = ( GEOMETRIC_REPRESENTATION_CONTEXT(2) 
PARAMETRIC_REPRESENTATION_CONTEXT() REPRESENTATION_CONTEXT('2D SPACE',''
  ) );
#3664 = ORIENTED_EDGE('',*,*,#3238,.F.);
#3665 = ADVANCED_FACE('',(#3666),#3155,.T.);
#3666 = FACE_BOUND('',#3667,.T.);
#3667 = EDGE_LOOP('',(#3668,#3696,#3697,#3698,#3726));
#3668 = ORIENTED_EDGE('',*,*,#3669,.F.);
#3669 = EDGE_CURVE('',#3112,#3670,#3672,.T.);
#3670 = VERTEX_POINT('',#3671);
#3671 = CARTESIAN_POINT('',(-155.3641875289,12.7,-110.419843024));
#3672 = SURFACE_CURVE('',#3673,(#3678,#3689),.PCURVE_S1.);
#3673 = CIRCLE('',#3674,6.35);
#3674 = AXIS2_PLACEMENT_3D('',#3675,#3676,#3677);
#3675 = CARTESIAN_POINT('',(-155.3641875289,6.35,-110.419843024));
#3676 = DIRECTION('',(0.833954480829,-1.387778780781E-16,0.551833239217)
  );
#3677 = DIRECTION('',(0.390205025534,0.707106781187,-0.589694868595));
#3678 = PCURVE('',#3155,#3679);
#3679 = DEFINITIONAL_REPRESENTATION('',(#3680),#3688);
#3680 = ( BOUNDED_CURVE() B_SPLINE_CURVE(2,(#3681,#3682,#3683,#3684,
#3685,#3686,#3687),.UNSPECIFIED.,.T.,.F.) B_SPLINE_CURVE_WITH_KNOTS((1,2
    ,2,2,2,1),(-2.094395102393,0.,2.094395102393,4.188790204786,
6.28318530718,8.377580409573),.UNSPECIFIED.) CURVE() 
GEOMETRIC_REPRESENTATION_ITEM() RATIONAL_B_SPLINE_CURVE((1.,0.5,1.,0.5,
1.,0.5,1.)) REPRESENTATION_ITEM('') );
#3681 = CARTESIAN_POINT('',(1.859871939465,10.840128060535));
#3682 = CARTESIAN_POINT('',(9.637001872802,18.617257993871));
#3683 = CARTESIAN_POINT('',(12.483628996936,7.993500936401));
#3684 = CARTESIAN_POINT('',(15.330256121069,-2.630256121069));
#3685 = CARTESIAN_POINT('',(4.706499063599,0.216371003064));
#3686 = CARTESIAN_POINT('',(-5.917257993871,3.062998127198));
#3687 = CARTESIAN_POINT('',(1.859871939465,10.840128060535));
#3688 = ( GEOMETRIC_REPRESENTATION_CONTEXT(2) 
PARAMETRIC_REPRESENTATION_CONTEXT() REPRESENTATION_CONTEXT('2D SPACE',''
  ) );
#3689 = PCURVE('',#3127,#3690);
#3690 = DEFINITIONAL_REPRESENTATION('',(#3691),#3695);
#3691 = LINE('',#3692,#3693);
#3692 = CARTESIAN_POINT('',(6.28318530718,285.75));
#3693 = VECTOR('',#3694,1.);
#3694 = DIRECTION('',(-1.,0.));
#3695 = ( GEOMETRIC_REPRESENTATION_CONTEXT(2) 
PARAMETRIC_REPRESENTATION_CONTEXT() REPRESENTATION_CONTEXT('2D SPACE',''
  ) );
#3696 = ORIENTED_EDGE('',*,*,#3139,.T.);
#3697 = ORIENTED_EDGE('',*,*,#3618,.T.);
#3698 = ORIENTED_EDGE('',*,*,#3699,.F.);
#3699 = EDGE_CURVE('',#3700,#3591,#3702,.T.);
#3700 = VERTEX_POINT('',#3701);
#3701 = CARTESIAN_POINT('',(-162.372469667,12.7,-99.82862111754));
#3702 = SURFACE_CURVE('',#3703,(#3708,#3719),.PCURVE_S1.);
#3703 = CIRCLE('',#3704,6.35);
#3704 = AXIS2_PLACEMENT_3D('',#3705,#3706,#3707);
#3705 = CARTESIAN_POINT('',(-162.372469667,6.35,-99.82862111754));
#3706 = DIRECTION('',(0.833954480829,-1.387778780781E-16,0.551833239217)
  );
#3707 = DIRECTION('',(-0.390205025534,0.707106781187,0.589694868595));
#3708 = PCURVE('',#3155,#3709);
#3709 = DEFINITIONAL_REPRESENTATION('',(#3710),#3718);
#3710 = ( BOUNDED_CURVE() B_SPLINE_CURVE(2,(#3711,#3712,#3713,#3714,
#3715,#3716,#3717),.UNSPECIFIED.,.T.,.F.) B_SPLINE_CURVE_WITH_KNOTS((1,2
    ,2,2,2,1),(-2.094395102393,0.,2.094395102393,4.188790204786,
6.28318530718,8.377580409573),.UNSPECIFIED.) CURVE() 
GEOMETRIC_REPRESENTATION_ITEM() RATIONAL_B_SPLINE_CURVE((1.,0.5,1.,0.5,
1.,0.5,1.)) REPRESENTATION_ITEM('') );
#3711 = CARTESIAN_POINT('',(23.540128060535,10.840128060535));
#3712 = CARTESIAN_POINT('',(31.317257993871,3.062998127198));
#3713 = CARTESIAN_POINT('',(20.693500936401,0.216371003064));
#3714 = CARTESIAN_POINT('',(10.069743878931,-2.630256121069));
#3715 = CARTESIAN_POINT('',(12.916371003064,7.993500936401));
#3716 = CARTESIAN_POINT('',(15.762998127198,18.617257993871));
#3717 = CARTESIAN_POINT('',(23.540128060535,10.840128060535));
#3718 = ( GEOMETRIC_REPRESENTATION_CONTEXT(2) 
PARAMETRIC_REPRESENTATION_CONTEXT() REPRESENTATION_CONTEXT('2D SPACE',''
  ) );
#3719 = PCURVE('',#3606,#3720);
#3720 = DEFINITIONAL_REPRESENTATION('',(#3721),#3725);
#3721 = LINE('',#3722,#3723);
#3722 = CARTESIAN_POINT('',(0.,-95.25));
#3723 = VECTOR('',#3724,1.);
#3724 = DIRECTION('',(1.,0.));
#3725 = ( GEOMETRIC_REPRESENTATION_CONTEXT(2) 
PARAMETRIC_REPRESENTATION_CONTEXT() REPRESENTATION_CONTEXT('2D SPACE',''
  ) );
#3726 = ORIENTED_EDGE('',*,*,#3727,.F.);
#3727 = EDGE_CURVE('',#3670,#3700,#3728,.T.);
#3728 = SURFACE_CURVE('',#3729,(#3733,#3740),.PCURVE_S1.);
#3729 = LINE('',#3730,#3731);
#3730 = CARTESIAN_POINT('',(-151.8600464599,12.7,-115.7154539773));
#3731 = VECTOR('',#3732,1.);
#3732 = DIRECTION('',(-0.551833239217,3.686951170381E-17,0.833954480829)
  );
#3733 = PCURVE('',#3155,#3734);
#3734 = DEFINITIONAL_REPRESENTATION('',(#3735),#3739);
#3735 = LINE('',#3736,#3737);
#3736 = CARTESIAN_POINT('',(0.,12.7));
#3737 = VECTOR('',#3738,1.);
#3738 = DIRECTION('',(1.,0.));
#3739 = ( GEOMETRIC_REPRESENTATION_CONTEXT(2) 
PARAMETRIC_REPRESENTATION_CONTEXT() REPRESENTATION_CONTEXT('2D SPACE',''
  ) );
#3740 = PCURVE('',#3741,#3746);
#3741 = PLANE('',#3742);
#3742 = AXIS2_PLACEMENT_3D('',#3743,#3744,#3745);
#3743 = CARTESIAN_POINT('',(1.556151238547E-15,12.7,4.682427986384E-16)
  );
#3744 = DIRECTION('',(1.225315935864E-16,1.,3.686951170381E-17));
#3745 = DIRECTION('',(-0.551833239217,3.686951170381E-17,0.833954480829)
  );
#3746 = DEFINITIONAL_REPRESENTATION('',(#3747),#3751);
#3747 = LINE('',#3748,#3749);
#3748 = CARTESIAN_POINT('',(-12.7,-190.5));
#3749 = VECTOR('',#3750,1.);
#3750 = DIRECTION('',(1.,0.));
#3751 = ( GEOMETRIC_REPRESENTATION_CONTEXT(2) 
PARAMETRIC_REPRESENTATION_CONTEXT() REPRESENTATION_CONTEXT('2D SPACE',''
  ) );
#3752 = ADVANCED_FACE('',(#3753),#3127,.T.);
#3753 = FACE_BOUND('',#3754,.T.);
#3754 = EDGE_LOOP('',(#3755,#3756,#3869,#3870,#3871,#3872,#3895));
#3755 = ORIENTED_EDGE('',*,*,#3401,.F.);
#3756 = ORIENTED_EDGE('',*,*,#3757,.T.);
#3757 = EDGE_CURVE('',#3200,#3429,#3758,.T.);
#3758 = SURFACE_CURVE('',#3759,(#3792,#3828),.PCURVE_S1.);
#3759 = B_SPLINE_CURVE_WITH_KNOTS('',7,(#3760,#3761,#3762,#3763,#3764,
    #3765,#3766,#3767,#3768,#3769,#3770,#3771,#3772,#3773,#3774,#3775,
    #3776,#3777,#3778,#3779,#3780,#3781,#3782,#3783,#3784,#3785,#3786,
    #3787,#3788,#3789,#3790,#3791),.UNSPECIFIED.,.F.,.F.,(8,6,6,6,6,8),(
    0.,0.2044812559,0.346911786889,0.632047939059,0.879873582064,1.),
  .UNSPECIFIED.);
#3760 = CARTESIAN_POINT('',(-9.017456307443,10.840128060535,
    -18.96537586612));
#3761 = CARTESIAN_POINT('',(-8.695460286522,10.534762137687,
    -19.11847512818));
#3762 = CARTESIAN_POINT('',(-8.396250518752,10.20906989454,
    -19.25292013314));
#3763 = CARTESIAN_POINT('',(-8.122132876321,9.865584137551,
    -19.36987278827));
#3764 = CARTESIAN_POINT('',(-7.875286907587,9.506447969959,
    -19.47047213181));
#3765 = CARTESIAN_POINT('',(-7.657803512251,9.133489632432,
    -19.5557450685));
#3766 = CARTESIAN_POINT('',(-7.471721671675,8.74829784365,
    -19.62651017764));
#3767 = CARTESIAN_POINT('',(-7.212731359195,8.07646541889,
    -19.72281360134));
#3768 = CARTESIAN_POINT('',(-7.122684487511,7.795568674105,
    -19.75553397037));
#3769 = CARTESIAN_POINT('',(-7.049769306712,7.510621554619,
    -19.78154822973));
#3770 = CARTESIAN_POINT('',(-6.994627810186,7.222617965112,
    -19.80097545995));
#3771 = CARTESIAN_POINT('',(-6.957698502532,6.932535963606,
    -19.81390457975));
#3772 = CARTESIAN_POINT('',(-6.939216995649,6.641342714811,
    -19.82037505919));
#3773 = CARTESIAN_POINT('',(-6.939216995649,5.766751871332,
    -19.82037505919));
#3774 = CARTESIAN_POINT('',(-7.013286764614,5.186852542759,
    -19.79444304439));
#3775 = CARTESIAN_POINT('',(-7.159891037447,4.616181107738,
    -19.7431149928));
#3776 = CARTESIAN_POINT('',(-7.375706279623,4.06054891748,
    -19.66560281386));
#3777 = CARTESIAN_POINT('',(-7.655452127468,3.526271197554,
    -19.56004830642));
#3778 = CARTESIAN_POINT('',(-7.991933437673,3.020280089636,
    -19.42433240034));
#3779 = CARTESIAN_POINT('',(-8.710370953821,2.140697551942,
    -19.11183290172));
#3780 = CARTESIAN_POINT('',(-9.082283885662,1.756401384961,
    -18.94202085498));
#3781 = CARTESIAN_POINT('',(-9.488936781997,1.399450178963,
    -18.74552432322));
#3782 = CARTESIAN_POINT('',(-9.927447458485,1.073666529644,
    -18.51965707231));
#3783 = CARTESIAN_POINT('',(-10.39467184181,0.784380050945,
    -18.26147943987));
#3784 = CARTESIAN_POINT('',(-10.88667386771,0.538783997942,
    -17.96806716809));
#3785 = CARTESIAN_POINT('',(-11.64631670938,0.253244479441,
    -17.47714222093));
#3786 = CARTESIAN_POINT('',(-11.89926754257,0.172415956973,
    -17.30790322092));
#3787 = CARTESIAN_POINT('',(-12.15576403584,0.105447860383,
    -17.12997094408));
#3788 = CARTESIAN_POINT('',(-12.41438103312,5.36468979828E-02,
    -16.94374961658));
#3789 = CARTESIAN_POINT('',(-12.67370588539,1.816454679505E-02,
    -16.74979031459));
#3790 = CARTESIAN_POINT('',(-12.93236873049,-1.090948963858E-15,
    -16.54879620961));
#3791 = CARTESIAN_POINT('',(-13.18906767554,-4.440892098501E-16,
    -16.3416184587));
#3792 = PCURVE('',#3127,#3793);
#3793 = DEFINITIONAL_REPRESENTATION('',(#3794),#3827);
#3794 = B_SPLINE_CURVE_WITH_KNOTS('',7,(#3795,#3796,#3797,#3798,#3799,
    #3800,#3801,#3802,#3803,#3804,#3805,#3806,#3807,#3808,#3809,#3810,
    #3811,#3812,#3813,#3814,#3815,#3816,#3817,#3818,#3819,#3820,#3821,
    #3822,#3823,#3824,#3825,#3826),.UNSPECIFIED.,.F.,.F.,(8,6,6,6,6,8),(
    0.,0.2044812559,0.346911786889,0.632047939059,0.879873582064,1.),
  .UNSPECIFIED.);
#3795 = CARTESIAN_POINT('',(0.,113.23587289044));
#3796 = CARTESIAN_POINT('',(6.800828812249E-02,113.05182812769));
#3797 = CARTESIAN_POINT('',(0.135147564,112.87649202373));
#3798 = CARTESIAN_POINT('',(0.201615296673,112.71242875007));
#3799 = CARTESIAN_POINT('',(0.267600442303,112.56208450998));
#3800 = CARTESIAN_POINT('',(0.333291829148,112.4277696988));
#3801 = CARTESIAN_POINT('',(0.398887031199,112.31163645345));
#3802 = CARTESIAN_POINT('',(0.510375018913,112.14879375212));
#3803 = CARTESIAN_POINT('',(0.556176522883,112.09175494722));
#3804 = CARTESIAN_POINT('',(0.601992875156,112.04530253848));
#3805 = CARTESIAN_POINT('',(0.647820231047,112.01003763175));
#3806 = CARTESIAN_POINT('',(0.693660229417,111.98637498822));
#3807 = CARTESIAN_POINT('',(0.739517420907,111.97453287838));
#3808 = CARTESIAN_POINT('',(0.8772482624,111.97453287838));
#3809 = CARTESIAN_POINT('',(0.968571024774,112.02199354637));
#3810 = CARTESIAN_POINT('',(1.059706027447,112.11593031163));
#3811 = CARTESIAN_POINT('',(1.150939089717,112.2531366031));
#3812 = CARTESIAN_POINT('',(1.242484445827,112.42818342065));
#3813 = CARTESIAN_POINT('',(1.334489529824,112.63390096894));
#3814 = CARTESIAN_POINT('',(1.50738856359,113.06059754415));
#3815 = CARTESIAN_POINT('',(1.588562706058,113.27704806833));
#3816 = CARTESIAN_POINT('',(1.671040155974,113.50774475575));
#3817 = CARTESIAN_POINT('',(1.75532121732,113.7488016426));
#3818 = CARTESIAN_POINT('',(1.841920008851,113.99597451143));
#3819 = CARTESIAN_POINT('',(1.931376209618,114.24436716115));
#3820 = CARTESIAN_POINT('',(2.069395774467,114.60696600898));
#3821 = CARTESIAN_POINT('',(2.115339325799,114.72452378417));
#3822 = CARTESIAN_POINT('',(2.162091887875,114.84024123936));
#3823 = CARTESIAN_POINT('',(2.209594952414,114.95315292469));
#3824 = CARTESIAN_POINT('',(2.25780228443,115.06238485734));
#3825 = CARTESIAN_POINT('',(2.306677667507,115.16718266802));
#3826 = CARTESIAN_POINT('',(2.356194490192,115.26693033409));
#3827 = ( GEOMETRIC_REPRESENTATION_CONTEXT(2) 
PARAMETRIC_REPRESENTATION_CONTEXT() REPRESENTATION_CONTEXT('2D SPACE',''
  ) );
#3828 = PCURVE('',#3829,#3834);
#3829 = CYLINDRICAL_SURFACE('',#3830,6.35);
#3830 = AXIS2_PLACEMENT_3D('',#3831,#3832,#3833);
#3831 = CARTESIAN_POINT('',(82.938305368026,6.35,47.266505082141));
#3832 = DIRECTION('',(-0.833954480829,1.225315935864E-16,-0.551833239217
    ));
#3833 = DIRECTION('',(0.390205025534,0.707106781187,-0.589694868595));
#3834 = DEFINITIONAL_REPRESENTATION('',(#3835),#3868);
#3835 = B_SPLINE_CURVE_WITH_KNOTS('',7,(#3836,#3837,#3838,#3839,#3840,
    #3841,#3842,#3843,#3844,#3845,#3846,#3847,#3848,#3849,#3850,#3851,
    #3852,#3853,#3854,#3855,#3856,#3857,#3858,#3859,#3860,#3861,#3862,
    #3863,#3864,#3865,#3866,#3867),.UNSPECIFIED.,.F.,.F.,(8,6,6,6,6,8),(
    0.,0.2044812559,0.346911786889,0.632047939059,0.879873582064,1.),
  .UNSPECIFIED.);
#3836 = CARTESIAN_POINT('',(0.,113.23587289044));
#3837 = CARTESIAN_POINT('',(6.800828812249E-02,113.05182812769));
#3838 = CARTESIAN_POINT('',(0.135147564,112.87649202373));
#3839 = CARTESIAN_POINT('',(0.201615296673,112.71242875007));
#3840 = CARTESIAN_POINT('',(0.267600442303,112.56208450998));
#3841 = CARTESIAN_POINT('',(0.333291829148,112.4277696988));
#3842 = CARTESIAN_POINT('',(0.398887031199,112.31163645345));
#3843 = CARTESIAN_POINT('',(0.510375018913,112.14879375212));
#3844 = CARTESIAN_POINT('',(0.556176522883,112.09175494722));
#3845 = CARTESIAN_POINT('',(0.601992875156,112.04530253848));
#3846 = CARTESIAN_POINT('',(0.647820231047,112.01003763175));
#3847 = CARTESIAN_POINT('',(0.693660229417,111.98637498822));
#3848 = CARTESIAN_POINT('',(0.739517420907,111.97453287838));
#3849 = CARTESIAN_POINT('',(0.8772482624,111.97453287838));
#3850 = CARTESIAN_POINT('',(0.968571024774,112.02199354637));
#3851 = CARTESIAN_POINT('',(1.059706027447,112.11593031163));
#3852 = CARTESIAN_POINT('',(1.150939089717,112.2531366031));
#3853 = CARTESIAN_POINT('',(1.242484445827,112.42818342065));
#3854 = CARTESIAN_POINT('',(1.334489529824,112.63390096894));
#3855 = CARTESIAN_POINT('',(1.50738856359,113.06059754415));
#3856 = CARTESIAN_POINT('',(1.588562706058,113.27704806833));
#3857 = CARTESIAN_POINT('',(1.671040155974,113.50774475575));
#3858 = CARTESIAN_POINT('',(1.75532121732,113.7488016426));
#3859 = CARTESIAN_POINT('',(1.841920008851,113.99597451143));
#3860 = CARTESIAN_POINT('',(1.931376209618,114.24436716115));
#3861 = CARTESIAN_POINT('',(2.069395774467,114.60696600898));
#3862 = CARTESIAN_POINT('',(2.115339325799,114.72452378417));
#3863 = CARTESIAN_POINT('',(2.162091887875,114.84024123936));
#3864 = CARTESIAN_POINT('',(2.209594952414,114.95315292469));
#3865 = CARTESIAN_POINT('',(2.25780228443,115.06238485734));
#3866 = CARTESIAN_POINT('',(2.306677667507,115.16718266802));
#3867 = CARTESIAN_POINT('',(2.356194490192,115.26693033409));
#3868 = ( GEOMETRIC_REPRESENTATION_CONTEXT(2) 
PARAMETRIC_REPRESENTATION_CONTEXT() REPRESENTATION_CONTEXT('2D SPACE',''
  ) );
#3869 = ORIENTED_EDGE('',*,*,#3459,.T.);
#3870 = ORIENTED_EDGE('',*,*,#3111,.T.);
#3871 = ORIENTED_EDGE('',*,*,#3669,.T.);
#3872 = ORIENTED_EDGE('',*,*,#3873,.T.);
#3873 = EDGE_CURVE('',#3670,#3874,#3876,.T.);
#3874 = VERTEX_POINT('',#3875);
#3875 = CARTESIAN_POINT('',(-32.50601293599,12.7,-29.12376990689));
#3876 = SURFACE_CURVE('',#3877,(#3881,#3888),.PCURVE_S1.);
#3877 = LINE('',#3878,#3879);
#3878 = CARTESIAN_POINT('',(82.938305368026,12.7,47.266505082141));
#3879 = VECTOR('',#3880,1.);
#3880 = DIRECTION('',(0.833954480829,-1.225315935864E-16,0.551833239217)
  );
#3881 = PCURVE('',#3127,#3882);
#3882 = DEFINITIONAL_REPRESENTATION('',(#3883),#3887);
#3883 = LINE('',#3884,#3885);
#3884 = CARTESIAN_POINT('',(-0.785398163397,0.));
#3885 = VECTOR('',#3886,1.);
#3886 = DIRECTION('',(0.,-1.));
#3887 = ( GEOMETRIC_REPRESENTATION_CONTEXT(2) 
PARAMETRIC_REPRESENTATION_CONTEXT() REPRESENTATION_CONTEXT('2D SPACE',''
  ) );
#3888 = PCURVE('',#3741,#3889);
#3889 = DEFINITIONAL_REPRESENTATION('',(#3890),#3894);
#3890 = LINE('',#3891,#3892);
#3891 = CARTESIAN_POINT('',(-6.35,95.25));
#3892 = VECTOR('',#3893,1.);
#3893 = DIRECTION('',(0.,1.));
#3894 = ( GEOMETRIC_REPRESENTATION_CONTEXT(2) 
PARAMETRIC_REPRESENTATION_CONTEXT() REPRESENTATION_CONTEXT('2D SPACE',''
  ) );
#3895 = ORIENTED_EDGE('',*,*,#3896,.F.);
#3896 = EDGE_CURVE('',#3346,#3874,#3897,.T.);
#3897 = SURFACE_CURVE('',#3898,(#3903,#3910),.PCURVE_S1.);
#3898 = CIRCLE('',#3899,6.35);
#3899 = AXIS2_PLACEMENT_3D('',#3900,#3901,#3902);
#3900 = CARTESIAN_POINT('',(-32.50601293599,6.35,-29.12376990689));
#3901 = DIRECTION('',(0.833954480829,-1.387778780781E-16,0.551833239217)
  );
#3902 = DIRECTION('',(0.390205025534,0.707106781187,-0.589694868595));
#3903 = PCURVE('',#3127,#3904);
#3904 = DEFINITIONAL_REPRESENTATION('',(#3905),#3909);
#3905 = LINE('',#3906,#3907);
#3906 = CARTESIAN_POINT('',(6.28318530718,138.42999942779));
#3907 = VECTOR('',#3908,1.);
#3908 = DIRECTION('',(-1.,0.));
#3909 = ( GEOMETRIC_REPRESENTATION_CONTEXT(2) 
PARAMETRIC_REPRESENTATION_CONTEXT() REPRESENTATION_CONTEXT('2D SPACE',''
  ) );
#3910 = PCURVE('',#3362,#3911);
#3911 = DEFINITIONAL_REPRESENTATION('',(#3912),#3938);
#3912 = B_SPLINE_CURVE_WITH_KNOTS('',3,(#3913,#3914,#3915,#3916,#3917,
    #3918,#3919,#3920,#3921,#3922,#3923,#3924,#3925,#3926,#3927,#3928,
    #3929,#3930,#3931,#3932,#3933,#3934,#3935,#3936,#3937),
  .UNSPECIFIED.,.F.,.F.,(4,1,1,1,1,1,1,1,1,1,1,1,1,1,1,1,1,1,1,1,1,1,4),
  (5.497787143782,5.569186976818,5.640586809854,5.711986642891,
    5.783386475927,5.854786308963,5.926186141999,5.997585975035,
    6.068985808071,6.140385641107,6.211785474143,6.28318530718,
    6.354585140216,6.425984973252,6.497384806288,6.568784639324,
    6.64018447236,6.711584305396,6.782984138433,6.854383971469,
    6.925783804505,6.997183637541,7.068583470577),
  .QUASI_UNIFORM_KNOTS.);
#3913 = CARTESIAN_POINT('',(-5.082127736203E-16,3.14159265359));
#3914 = CARTESIAN_POINT('',(-5.082127736203E-16,3.115159605062));
#3915 = CARTESIAN_POINT('',(-5.082127736203E-16,3.063067440961));
#3916 = CARTESIAN_POINT('',(-5.082127736203E-16,2.986986199037));
#3917 = CARTESIAN_POINT('',(-5.082127736203E-16,2.912688495409));
#3918 = CARTESIAN_POINT('',(-5.082127736203E-16,2.839931213656));
#3919 = CARTESIAN_POINT('',(-5.082127736203E-16,2.768486547351));
#3920 = CARTESIAN_POINT('',(-5.082127736203E-16,2.698142049645));
#3921 = CARTESIAN_POINT('',(-5.082127736203E-16,2.628697122557));
#3922 = CARTESIAN_POINT('',(-5.082127736203E-16,2.559960843422));
#3923 = CARTESIAN_POINT('',(-5.082127736203E-16,2.491749732825));
#3924 = CARTESIAN_POINT('',(-5.082127736203E-16,2.423885766815));
#3925 = CARTESIAN_POINT('',(-5.082127736203E-16,2.356194490192));
#3926 = CARTESIAN_POINT('',(-5.082127736203E-16,2.28850321357));
#3927 = CARTESIAN_POINT('',(-5.082127736203E-16,2.22063924756));
#3928 = CARTESIAN_POINT('',(-5.082127736203E-16,2.152428136962));
#3929 = CARTESIAN_POINT('',(-5.082127736203E-16,2.083691857827));
#3930 = CARTESIAN_POINT('',(-5.082127736203E-16,2.014246930739));
#3931 = CARTESIAN_POINT('',(-5.082127736203E-16,1.943902433034));
#3932 = CARTESIAN_POINT('',(-5.082127736203E-16,1.872457766729));
#3933 = CARTESIAN_POINT('',(-5.082127736203E-16,1.799700484976));
#3934 = CARTESIAN_POINT('',(-5.082127736203E-16,1.725402781348));
#3935 = CARTESIAN_POINT('',(-5.082127736203E-16,1.649321539424));
#3936 = CARTESIAN_POINT('',(-5.082127736203E-16,1.597229375323));
#3937 = CARTESIAN_POINT('',(-5.082127736203E-16,1.570796326795));
#3938 = ( GEOMETRIC_REPRESENTATION_CONTEXT(2) 
PARAMETRIC_REPRESENTATION_CONTEXT() REPRESENTATION_CONTEXT('2D SPACE',''
  ) );
#3939 = ADVANCED_FACE('',(#3940,#4024),#3222,.F.);
#3940 = FACE_BOUND('',#3941,.F.);
#3941 = EDGE_LOOP('',(#3942,#3981,#4002,#4003));
#3942 = ORIENTED_EDGE('',*,*,#3943,.F.);
#3943 = EDGE_CURVE('',#3944,#3946,#3948,.T.);
#3944 = VERTEX_POINT('',#3945);
#3945 = CARTESIAN_POINT('',(6.939216995649,6.35,19.820375059199));
#3946 = VERTEX_POINT('',#3947);
#3947 = CARTESIAN_POINT('',(20.955781271757,6.35,-1.362068753868));
#3948 = SURFACE_CURVE('',#3949,(#3954,#3965),.PCURVE_S1.);
#3949 = CIRCLE('',#3950,21.);
#3950 = AXIS2_PLACEMENT_3D('',#3951,#3952,#3953);
#3951 = CARTESIAN_POINT('',(0.,6.35,0.));
#3952 = DIRECTION('',(0.,1.,0.));
#3953 = DIRECTION('',(0.,-0.,1.));
#3954 = PCURVE('',#3222,#3955);
#3955 = DEFINITIONAL_REPRESENTATION('',(#3956),#3964);
#3956 = ( BOUNDED_CURVE() B_SPLINE_CURVE(2,(#3957,#3958,#3959,#3960,
#3961,#3962,#3963),.UNSPECIFIED.,.T.,.F.) B_SPLINE_CURVE_WITH_KNOTS((1,2
    ,2,2,2,1),(-2.094395102393,0.,2.094395102393,4.188790204786,
6.28318530718,8.377580409573),.UNSPECIFIED.) CURVE() 
GEOMETRIC_REPRESENTATION_ITEM() RATIONAL_B_SPLINE_CURVE((1.,0.5,1.,0.5,
1.,0.5,1.)) REPRESENTATION_ITEM('') );
#3957 = CARTESIAN_POINT('',(-17.51304409741,11.588498023554));
#3958 = CARTESIAN_POINT('',(2.558823262791,41.921980195475));
#3959 = CARTESIAN_POINT('',(18.792455728812,9.372492074183));
#3960 = CARTESIAN_POINT('',(35.026088194834,-23.1769960471));
#3961 = CARTESIAN_POINT('',(-1.279411631395,-20.96099009773));
#3962 = CARTESIAN_POINT('',(-37.58491145762,-18.74498414836));
#3963 = CARTESIAN_POINT('',(-17.51304409741,11.588498023554));
#3964 = ( GEOMETRIC_REPRESENTATION_CONTEXT(2) 
PARAMETRIC_REPRESENTATION_CONTEXT() REPRESENTATION_CONTEXT('2D SPACE',''
  ) );
#3965 = PCURVE('',#3966,#3971);
#3966 = PLANE('',#3967);
#3967 = AXIS2_PLACEMENT_3D('',#3968,#3969,#3970);
#3968 = CARTESIAN_POINT('',(7.780756192737E-16,6.35,2.341213993192E-16)
  );
#3969 = DIRECTION('',(-1.225315935864E-16,-1.,-3.686951170381E-17));
#3970 = DIRECTION('',(0.551833239217,-3.686951170381E-17,-0.833954480829
    ));
#3971 = DEFINITIONAL_REPRESENTATION('',(#3972),#3980);
#3972 = ( BOUNDED_CURVE() B_SPLINE_CURVE(2,(#3973,#3974,#3975,#3976,
#3977,#3978,#3979),.UNSPECIFIED.,.T.,.F.) B_SPLINE_CURVE_WITH_KNOTS((1,2
    ,2,2,2,1),(-2.094395102393,0.,2.094395102393,4.188790204786,
6.28318530718,8.377580409573),.UNSPECIFIED.) CURVE() 
GEOMETRIC_REPRESENTATION_ITEM() RATIONAL_B_SPLINE_CURVE((1.,0.5,1.,0.5,
1.,0.5,1.)) REPRESENTATION_ITEM('') );
#3973 = CARTESIAN_POINT('',(-17.51304409741,11.588498023554));
#3974 = CARTESIAN_POINT('',(2.558823262791,41.921980195475));
#3975 = CARTESIAN_POINT('',(18.792455728812,9.372492074183));
#3976 = CARTESIAN_POINT('',(35.026088194834,-23.1769960471));
#3977 = CARTESIAN_POINT('',(-1.279411631395,-20.96099009773));
#3978 = CARTESIAN_POINT('',(-37.58491145762,-18.74498414836));
#3979 = CARTESIAN_POINT('',(-17.51304409741,11.588498023554));
#3980 = ( GEOMETRIC_REPRESENTATION_CONTEXT(2) 
PARAMETRIC_REPRESENTATION_CONTEXT() REPRESENTATION_CONTEXT('2D SPACE',''
  ) );
#3981 = ORIENTED_EDGE('',*,*,#3982,.F.);
#3982 = EDGE_CURVE('',#3202,#3944,#3983,.T.);
#3983 = SURFACE_CURVE('',#3984,(#3988,#3995),.PCURVE_S1.);
#3984 = LINE('',#3985,#3986);
#3985 = CARTESIAN_POINT('',(-86.44244643705,6.35,-41.97089412887));
#3986 = VECTOR('',#3987,1.);
#3987 = DIRECTION('',(0.833954480829,-1.225315935864E-16,0.551833239217)
  );
#3988 = PCURVE('',#3222,#3989);
#3989 = DEFINITIONAL_REPRESENTATION('',(#3990),#3994);
#3990 = LINE('',#3991,#3992);
#3991 = CARTESIAN_POINT('',(-12.7,-95.25));
#3992 = VECTOR('',#3993,1.);
#3993 = DIRECTION('',(0.,1.));
#3994 = ( GEOMETRIC_REPRESENTATION_CONTEXT(2) 
PARAMETRIC_REPRESENTATION_CONTEXT() REPRESENTATION_CONTEXT('2D SPACE',''
  ) );
#3995 = PCURVE('',#3654,#3996);
#3996 = DEFINITIONAL_REPRESENTATION('',(#3997),#4001);
#3997 = LINE('',#3998,#3999);
#3998 = CARTESIAN_POINT('',(95.25,6.35));
#3999 = VECTOR('',#4000,1.);
#4000 = DIRECTION('',(1.,0.));
#4001 = ( GEOMETRIC_REPRESENTATION_CONTEXT(2) 
PARAMETRIC_REPRESENTATION_CONTEXT() REPRESENTATION_CONTEXT('2D SPACE',''
  ) );
#4002 = ORIENTED_EDGE('',*,*,#3199,.F.);
#4003 = ORIENTED_EDGE('',*,*,#4004,.F.);
#4004 = EDGE_CURVE('',#3946,#3200,#4005,.T.);
#4005 = SURFACE_CURVE('',#4006,(#4010,#4017),.PCURVE_S1.);
#4006 = LINE('',#4007,#4008);
#4007 = CARTESIAN_POINT('',(86.442446437053,6.35,41.970894128874));
#4008 = VECTOR('',#4009,1.);
#4009 = DIRECTION('',(-0.833954480829,1.225315935864E-16,-0.551833239217
    ));
#4010 = PCURVE('',#3222,#4011);
#4011 = DEFINITIONAL_REPRESENTATION('',(#4012),#4016);
#4012 = LINE('',#4013,#4014);
#4013 = CARTESIAN_POINT('',(12.7,95.25));
#4014 = VECTOR('',#4015,1.);
#4015 = DIRECTION('',(0.,-1.));
#4016 = ( GEOMETRIC_REPRESENTATION_CONTEXT(2) 
PARAMETRIC_REPRESENTATION_CONTEXT() REPRESENTATION_CONTEXT('2D SPACE',''
  ) );
#4017 = PCURVE('',#3829,#4018);
#4018 = DEFINITIONAL_REPRESENTATION('',(#4019),#4023);
#4019 = LINE('',#4020,#4021);
#4020 = CARTESIAN_POINT('',(0.785398163397,0.));
#4021 = VECTOR('',#4022,1.);
#4022 = DIRECTION('',(0.,1.));
#4023 = ( GEOMETRIC_REPRESENTATION_CONTEXT(2) 
PARAMETRIC_REPRESENTATION_CONTEXT() REPRESENTATION_CONTEXT('2D SPACE',''
  ) );
#4024 = FACE_BOUND('',#4025,.F.);
#4025 = EDGE_LOOP('',(#4026));
#4026 = ORIENTED_EDGE('',*,*,#4027,.F.);
#4027 = EDGE_CURVE('',#4028,#4028,#4030,.T.);
#4028 = VERTEX_POINT('',#4029);
#4029 = CARTESIAN_POINT('',(-5.401523172332,6.35,-3.574223890408));
#4030 = SURFACE_CURVE('',#4031,(#4036,#4043),.PCURVE_S1.);
#4031 = CIRCLE('',#4032,6.477);
#4032 = AXIS2_PLACEMENT_3D('',#4033,#4034,#4035);
#4033 = CARTESIAN_POINT('',(1.285247786279E-30,6.35,1.409983241274E-15)
  );
#4034 = DIRECTION('',(-1.225315935864E-16,-1.,-3.686951170381E-17));
#4035 = DIRECTION('',(0.833954480829,-1.225315935864E-16,0.551833239217)
  );
#4036 = PCURVE('',#3222,#4037);
#4037 = DEFINITIONAL_REPRESENTATION('',(#4038),#4042);
#4038 = CIRCLE('',#4039,6.477);
#4039 = AXIS2_PLACEMENT_2D('',#4040,#4041);
#4040 = CARTESIAN_POINT('',(-1.409983241274E-15,0.));
#4041 = DIRECTION('',(0.,1.));
#4042 = ( GEOMETRIC_REPRESENTATION_CONTEXT(2) 
PARAMETRIC_REPRESENTATION_CONTEXT() REPRESENTATION_CONTEXT('2D SPACE',''
  ) );
#4043 = PCURVE('',#4044,#4049);
#4044 = CYLINDRICAL_SURFACE('',#4045,6.477);
#4045 = AXIS2_PLACEMENT_3D('',#4046,#4047,#4048);
#4046 = CARTESIAN_POINT('',(1.285247786279E-30,6.35,1.409983241274E-15)
  );
#4047 = DIRECTION('',(5.176899690513E-31,1.,2.22044604925E-16));
#4048 = DIRECTION('',(0.833954480829,-1.225315935864E-16,0.551833239217)
  );
#4049 = DEFINITIONAL_REPRESENTATION('',(#4050),#4054);
#4050 = LINE('',#4051,#4052);
#4051 = CARTESIAN_POINT('',(12.566370614359,0.));
#4052 = VECTOR('',#4053,1.);
#4053 = DIRECTION('',(-1.,0.));
#4054 = ( GEOMETRIC_REPRESENTATION_CONTEXT(2) 
PARAMETRIC_REPRESENTATION_CONTEXT() REPRESENTATION_CONTEXT('2D SPACE',''
  ) );
#4055 = ADVANCED_FACE('',(#4056),#3362,.F.);
#4056 = FACE_BOUND('',#4057,.F.);
#4057 = EDGE_LOOP('',(#4058,#4104,#4153,#4154));
#4058 = ORIENTED_EDGE('',*,*,#4059,.F.);
#4059 = EDGE_CURVE('',#4060,#3318,#4062,.T.);
#4060 = VERTEX_POINT('',#4061);
#4061 = CARTESIAN_POINT('',(-28.26952417338,7.62,-26.32045705166));
#4062 = SURFACE_CURVE('',#4063,(#4068,#4097),.PCURVE_S1.);
#4063 = CIRCLE('',#4064,1.27);
#4064 = AXIS2_PLACEMENT_3D('',#4065,#4066,#4067);
#4065 = CARTESIAN_POINT('',(-28.26952417338,6.35,-26.32045705166));
#4066 = DIRECTION('',(-0.833954480829,1.387778780781E-16,-0.551833239217
    ));
#4067 = DIRECTION('',(0.390205025534,0.707106781187,-0.589694868595));
#4068 = PCURVE('',#3362,#4069);
#4069 = DEFINITIONAL_REPRESENTATION('',(#4070),#4096);
#4070 = B_SPLINE_CURVE_WITH_KNOTS('',3,(#4071,#4072,#4073,#4074,#4075,
    #4076,#4077,#4078,#4079,#4080,#4081,#4082,#4083,#4084,#4085,#4086,
    #4087,#4088,#4089,#4090,#4091,#4092,#4093,#4094,#4095),
  .UNSPECIFIED.,.F.,.F.,(4,1,1,1,1,1,1,1,1,1,1,1,1,1,1,1,1,1,1,1,1,1,4),
  (5.497787143782,5.569186976818,5.640586809854,5.711986642891,
    5.783386475927,5.854786308963,5.926186141999,5.997585975035,
    6.068985808071,6.140385641107,6.211785474143,6.28318530718,
    6.354585140216,6.425984973252,6.497384806288,6.568784639324,
    6.64018447236,6.711584305396,6.782984138433,6.854383971469,
    6.925783804505,6.997183637541,7.068583470577),
  .QUASI_UNIFORM_KNOTS.);
#4071 = CARTESIAN_POINT('',(-1.570796326795,1.570796326795));
#4072 = CARTESIAN_POINT('',(-1.570796326795,1.597229375323));
#4073 = CARTESIAN_POINT('',(-1.570796326795,1.649321539423));
#4074 = CARTESIAN_POINT('',(-1.570796326795,1.725402781348));
#4075 = CARTESIAN_POINT('',(-1.570796326795,1.799700484976));
#4076 = CARTESIAN_POINT('',(-1.570796326795,1.872457766729));
#4077 = CARTESIAN_POINT('',(-1.570796326795,1.943902433034));
#4078 = CARTESIAN_POINT('',(-1.570796326795,2.014246930739));
#4079 = CARTESIAN_POINT('',(-1.570796326795,2.083691857827));
#4080 = CARTESIAN_POINT('',(-1.570796326795,2.152428136962));
#4081 = CARTESIAN_POINT('',(-1.570796326795,2.22063924756));
#4082 = CARTESIAN_POINT('',(-1.570796326795,2.28850321357));
#4083 = CARTESIAN_POINT('',(-1.570796326795,2.356194490192));
#4084 = CARTESIAN_POINT('',(-1.570796326795,2.423885766815));
#4085 = CARTESIAN_POINT('',(-1.570796326795,2.491749732825));
#4086 = CARTESIAN_POINT('',(-1.570796326795,2.559960843422));
#4087 = CARTESIAN_POINT('',(-1.570796326795,2.628697122557));
#4088 = CARTESIAN_POINT('',(-1.570796326795,2.698142049645));
#4089 = CARTESIAN_POINT('',(-1.570796326795,2.768486547351));
#4090 = CARTESIAN_POINT('',(-1.570796326795,2.839931213656));
#4091 = CARTESIAN_POINT('',(-1.570796326795,2.912688495409));
#4092 = CARTESIAN_POINT('',(-1.570796326795,2.986986199037));
#4093 = CARTESIAN_POINT('',(-1.570796326795,3.063067440961));
#4094 = CARTESIAN_POINT('',(-1.570796326795,3.115159605062));
#4095 = CARTESIAN_POINT('',(-1.570796326795,3.14159265359));
#4096 = ( GEOMETRIC_REPRESENTATION_CONTEXT(2) 
PARAMETRIC_REPRESENTATION_CONTEXT() REPRESENTATION_CONTEXT('2D SPACE',''
  ) );
#4097 = PCURVE('',#3333,#4098);
#4098 = DEFINITIONAL_REPRESENTATION('',(#4099),#4103);
#4099 = CIRCLE('',#4100,1.27);
#4100 = AXIS2_PLACEMENT_2D('',#4101,#4102);
#4101 = CARTESIAN_POINT('',(19.05,6.35));
#4102 = DIRECTION('',(0.707106781187,-0.707106781187));
#4103 = ( GEOMETRIC_REPRESENTATION_CONTEXT(2) 
PARAMETRIC_REPRESENTATION_CONTEXT() REPRESENTATION_CONTEXT('2D SPACE',''
  ) );
#4104 = ORIENTED_EDGE('',*,*,#4105,.T.);
#4105 = EDGE_CURVE('',#4060,#3874,#4106,.T.);
#4106 = SURFACE_CURVE('',#4107,(#4112,#4141),.PCURVE_S1.);
#4107 = CIRCLE('',#4108,5.08);
#4108 = AXIS2_PLACEMENT_3D('',#4109,#4110,#4111);
#4109 = CARTESIAN_POINT('',(-32.50601293599,7.62,-29.12376990689));
#4110 = DIRECTION('',(-0.551833239217,3.686951170381E-17,0.833954480829)
  );
#4111 = DIRECTION('',(0.833954480829,-1.225315935864E-16,0.551833239217)
  );
#4112 = PCURVE('',#3362,#4113);
#4113 = DEFINITIONAL_REPRESENTATION('',(#4114),#4140);
#4114 = B_SPLINE_CURVE_WITH_KNOTS('',3,(#4115,#4116,#4117,#4118,#4119,
    #4120,#4121,#4122,#4123,#4124,#4125,#4126,#4127,#4128,#4129,#4130,
    #4131,#4132,#4133,#4134,#4135,#4136,#4137,#4138,#4139),
  .UNSPECIFIED.,.F.,.F.,(4,1,1,1,1,1,1,1,1,1,1,1,1,1,1,1,1,1,1,1,1,1,4),
  (0.,7.139983303613E-02,0.142799666072,0.214199499108,0.285599332145,
    0.356999165181,0.428398998217,0.499798831253,0.571198664289,
    0.642598497325,0.713998330361,0.785398163397,0.856797996434,
    0.92819782947,0.999597662506,1.070997495542,1.142397328578,
    1.213797161614,1.28519699465,1.356596827687,1.427996660723,
    1.499396493759,1.570796326795),.QUASI_UNIFORM_KNOTS.);
#4115 = CARTESIAN_POINT('',(-1.570796326795,1.570796326795));
#4116 = CARTESIAN_POINT('',(-1.544363278267,1.570796326795));
#4117 = CARTESIAN_POINT('',(-1.492271114166,1.570796326795));
#4118 = CARTESIAN_POINT('',(-1.416189872242,1.570796326795));
#4119 = CARTESIAN_POINT('',(-1.341892168614,1.570796326795));
#4120 = CARTESIAN_POINT('',(-1.269134886861,1.570796326795));
#4121 = CARTESIAN_POINT('',(-1.197690220556,1.570796326795));
#4122 = CARTESIAN_POINT('',(-1.12734572285,1.570796326795));
#4123 = CARTESIAN_POINT('',(-1.057900795762,1.570796326795));
#4124 = CARTESIAN_POINT('',(-0.989164516627,1.570796326795));
#4125 = CARTESIAN_POINT('',(-0.92095340603,1.570796326795));
#4126 = CARTESIAN_POINT('',(-0.85308944002,1.570796326795));
#4127 = CARTESIAN_POINT('',(-0.785398163397,1.570796326795));
#4128 = CARTESIAN_POINT('',(-0.717706886775,1.570796326795));
#4129 = CARTESIAN_POINT('',(-0.649842920765,1.570796326795));
#4130 = CARTESIAN_POINT('',(-0.581631810168,1.570796326795));
#4131 = CARTESIAN_POINT('',(-0.512895531033,1.570796326795));
#4132 = CARTESIAN_POINT('',(-0.443450603945,1.570796326795));
#4133 = CARTESIAN_POINT('',(-0.373106106239,1.570796326795));
#4134 = CARTESIAN_POINT('',(-0.301661439934,1.570796326795));
#4135 = CARTESIAN_POINT('',(-0.228904158181,1.570796326795));
#4136 = CARTESIAN_POINT('',(-0.154606454553,1.570796326795));
#4137 = CARTESIAN_POINT('',(-7.852521262874E-02,1.570796326795));
#4138 = CARTESIAN_POINT('',(-2.643304852829E-02,1.570796326795));
#4139 = CARTESIAN_POINT('',(-5.082127736203E-16,1.570796326795));
#4140 = ( GEOMETRIC_REPRESENTATION_CONTEXT(2) 
PARAMETRIC_REPRESENTATION_CONTEXT() REPRESENTATION_CONTEXT('2D SPACE',''
  ) );
#4141 = PCURVE('',#4142,#4147);
#4142 = CYLINDRICAL_SURFACE('',#4143,5.08);
#4143 = AXIS2_PLACEMENT_3D('',#4144,#4145,#4146);
#4144 = CARTESIAN_POINT('',(-39.51429507404,7.62,-18.53254800035));
#4145 = DIRECTION('',(0.551833239217,-3.686951170381E-17,-0.833954480829
    ));
#4146 = DIRECTION('',(0.589694868595,0.707106781187,0.390205025534));
#4147 = DEFINITIONAL_REPRESENTATION('',(#4148),#4152);
#4148 = LINE('',#4149,#4150);
#4149 = CARTESIAN_POINT('',(7.068583470577,12.7));
#4150 = VECTOR('',#4151,1.);
#4151 = DIRECTION('',(-1.,0.));
#4152 = ( GEOMETRIC_REPRESENTATION_CONTEXT(2) 
PARAMETRIC_REPRESENTATION_CONTEXT() REPRESENTATION_CONTEXT('2D SPACE',''
  ) );
#4153 = ORIENTED_EDGE('',*,*,#3896,.F.);
#4154 = ORIENTED_EDGE('',*,*,#3345,.T.);
#4155 = ADVANCED_FACE('',(#4156),#3333,.F.);
#4156 = FACE_BOUND('',#4157,.T.);
#4157 = EDGE_LOOP('',(#4158,#4159,#4182,#4226));
#4158 = ORIENTED_EDGE('',*,*,#4059,.F.);
#4159 = ORIENTED_EDGE('',*,*,#4160,.F.);
#4160 = EDGE_CURVE('',#4161,#4060,#4163,.T.);
#4161 = VERTEX_POINT('',#4162);
#4162 = CARTESIAN_POINT('',(-35.27780631143,7.62,-15.72923514513));
#4163 = SURFACE_CURVE('',#4164,(#4168,#4175),.PCURVE_S1.);
#4164 = LINE('',#4165,#4166);
#4165 = CARTESIAN_POINT('',(-35.27780631143,7.62,-15.72923514513));
#4166 = VECTOR('',#4167,1.);
#4167 = DIRECTION('',(0.551833239217,-3.686951170381E-17,-0.833954480829
    ));
#4168 = PCURVE('',#3333,#4169);
#4169 = DEFINITIONAL_REPRESENTATION('',(#4170),#4174);
#4170 = LINE('',#4171,#4172);
#4171 = CARTESIAN_POINT('',(6.35,5.08));
#4172 = VECTOR('',#4173,1.);
#4173 = DIRECTION('',(1.,0.));
#4174 = ( GEOMETRIC_REPRESENTATION_CONTEXT(2) 
PARAMETRIC_REPRESENTATION_CONTEXT() REPRESENTATION_CONTEXT('2D SPACE',''
  ) );
#4175 = PCURVE('',#4142,#4176);
#4176 = DEFINITIONAL_REPRESENTATION('',(#4177),#4181);
#4177 = LINE('',#4178,#4179);
#4178 = CARTESIAN_POINT('',(7.068583470577,0.));
#4179 = VECTOR('',#4180,1.);
#4180 = DIRECTION('',(0.,1.));
#4181 = ( GEOMETRIC_REPRESENTATION_CONTEXT(2) 
PARAMETRIC_REPRESENTATION_CONTEXT() REPRESENTATION_CONTEXT('2D SPACE',''
  ) );
#4182 = ORIENTED_EDGE('',*,*,#4183,.F.);
#4183 = EDGE_CURVE('',#3262,#4161,#4184,.T.);
#4184 = SURFACE_CURVE('',#4185,(#4190,#4197),.PCURVE_S1.);
#4185 = CIRCLE('',#4186,1.27);
#4186 = AXIS2_PLACEMENT_3D('',#4187,#4188,#4189);
#4187 = CARTESIAN_POINT('',(-35.27780631143,6.35,-15.72923514513));
#4188 = DIRECTION('',(-0.833954480829,1.387778780781E-16,-0.551833239217
    ));
#4189 = DIRECTION('',(-0.390205025534,0.707106781187,0.589694868595));
#4190 = PCURVE('',#3333,#4191);
#4191 = DEFINITIONAL_REPRESENTATION('',(#4192),#4196);
#4192 = CIRCLE('',#4193,1.27);
#4193 = AXIS2_PLACEMENT_2D('',#4194,#4195);
#4194 = CARTESIAN_POINT('',(6.35,6.35));
#4195 = DIRECTION('',(-0.707106781187,-0.707106781187));
#4196 = ( GEOMETRIC_REPRESENTATION_CONTEXT(2) 
PARAMETRIC_REPRESENTATION_CONTEXT() REPRESENTATION_CONTEXT('2D SPACE',''
  ) );
#4197 = PCURVE('',#3278,#4198);
#4198 = DEFINITIONAL_REPRESENTATION('',(#4199),#4225);
#4199 = B_SPLINE_CURVE_WITH_KNOTS('',3,(#4200,#4201,#4202,#4203,#4204,
    #4205,#4206,#4207,#4208,#4209,#4210,#4211,#4212,#4213,#4214,#4215,
    #4216,#4217,#4218,#4219,#4220,#4221,#4222,#4223,#4224),
  .UNSPECIFIED.,.F.,.F.,(4,1,1,1,1,1,1,1,1,1,1,1,1,1,1,1,1,1,1,1,1,1,4),
  (5.497787143782,5.569186976818,5.640586809854,5.711986642891,
    5.783386475927,5.854786308963,5.926186141999,5.997585975035,
    6.068985808071,6.140385641107,6.211785474143,6.28318530718,
    6.354585140216,6.425984973252,6.497384806288,6.568784639324,
    6.64018447236,6.711584305396,6.782984138433,6.854383971469,
    6.925783804505,6.997183637541,7.068583470577),
  .QUASI_UNIFORM_KNOTS.);
#4200 = CARTESIAN_POINT('',(-1.570796326795,-2.352213708095E-13));
#4201 = CARTESIAN_POINT('',(-1.570796326795,2.64330485279E-02));
#4202 = CARTESIAN_POINT('',(-1.570796326795,7.852521262823E-02));
#4203 = CARTESIAN_POINT('',(-1.570796326795,0.154606454553));
#4204 = CARTESIAN_POINT('',(-1.570796326795,0.228904158181));
#4205 = CARTESIAN_POINT('',(-1.570796326795,0.301661439934));
#4206 = CARTESIAN_POINT('',(-1.570796326795,0.373106106239));
#4207 = CARTESIAN_POINT('',(-1.570796326795,0.443450603944));
#4208 = CARTESIAN_POINT('',(-1.570796326795,0.512895531032));
#4209 = CARTESIAN_POINT('',(-1.570796326795,0.581631810167));
#4210 = CARTESIAN_POINT('',(-1.570796326795,0.649842920765));
#4211 = CARTESIAN_POINT('',(-1.570796326795,0.717706886775));
#4212 = CARTESIAN_POINT('',(-1.570796326795,0.785398163398));
#4213 = CARTESIAN_POINT('',(-1.570796326795,0.85308944002));
#4214 = CARTESIAN_POINT('',(-1.570796326795,0.92095340603));
#4215 = CARTESIAN_POINT('',(-1.570796326795,0.989164516628));
#4216 = CARTESIAN_POINT('',(-1.570796326795,1.057900795763));
#4217 = CARTESIAN_POINT('',(-1.570796326795,1.127345722851));
#4218 = CARTESIAN_POINT('',(-1.570796326795,1.197690220556));
#4219 = CARTESIAN_POINT('',(-1.570796326795,1.269134886861));
#4220 = CARTESIAN_POINT('',(-1.570796326795,1.341892168614));
#4221 = CARTESIAN_POINT('',(-1.570796326795,1.416189872242));
#4222 = CARTESIAN_POINT('',(-1.570796326795,1.492271114167));
#4223 = CARTESIAN_POINT('',(-1.570796326795,1.544363278267));
#4224 = CARTESIAN_POINT('',(-1.570796326795,1.570796326795));
#4225 = ( GEOMETRIC_REPRESENTATION_CONTEXT(2) 
PARAMETRIC_REPRESENTATION_CONTEXT() REPRESENTATION_CONTEXT('2D SPACE',''
  ) );
#4226 = ORIENTED_EDGE('',*,*,#3317,.T.);
#4227 = ADVANCED_FACE('',(#4228),#3278,.F.);
#4228 = FACE_BOUND('',#4229,.F.);
#4229 = EDGE_LOOP('',(#4230,#4276,#4320,#4321));
#4230 = ORIENTED_EDGE('',*,*,#4231,.F.);
#4231 = EDGE_CURVE('',#4232,#3239,#4234,.T.);
#4232 = VERTEX_POINT('',#4233);
#4233 = CARTESIAN_POINT('',(-39.51429507404,12.7,-18.53254800035));
#4234 = SURFACE_CURVE('',#4235,(#4240,#4269),.PCURVE_S1.);
#4235 = CIRCLE('',#4236,6.35);
#4236 = AXIS2_PLACEMENT_3D('',#4237,#4238,#4239);
#4237 = CARTESIAN_POINT('',(-39.51429507404,6.35,-18.53254800035));
#4238 = DIRECTION('',(0.833954480829,-1.387778780781E-16,0.551833239217)
  );
#4239 = DIRECTION('',(-0.390205025534,0.707106781187,0.589694868595));
#4240 = PCURVE('',#3278,#4241);
#4241 = DEFINITIONAL_REPRESENTATION('',(#4242),#4268);
#4242 = B_SPLINE_CURVE_WITH_KNOTS('',3,(#4243,#4244,#4245,#4246,#4247,
    #4248,#4249,#4250,#4251,#4252,#4253,#4254,#4255,#4256,#4257,#4258,
    #4259,#4260,#4261,#4262,#4263,#4264,#4265,#4266,#4267),
  .UNSPECIFIED.,.F.,.F.,(4,1,1,1,1,1,1,1,1,1,1,1,1,1,1,1,1,1,1,1,1,1,4),
  (5.497787143782,5.569186976818,5.640586809854,5.711986642891,
    5.783386475927,5.854786308963,5.926186141999,5.997585975035,
    6.068985808071,6.140385641107,6.211785474143,6.28318530718,
    6.354585140216,6.425984973252,6.497384806288,6.568784639324,
    6.64018447236,6.711584305396,6.782984138433,6.854383971469,
    6.925783804505,6.997183637541,7.068583470577),
  .QUASI_UNIFORM_KNOTS.);
#4243 = CARTESIAN_POINT('',(-6.11040884867E-14,1.570796326795));
#4244 = CARTESIAN_POINT('',(-6.11040884867E-14,1.544363278267));
#4245 = CARTESIAN_POINT('',(-6.11040884867E-14,1.492271114166));
#4246 = CARTESIAN_POINT('',(-6.11040884867E-14,1.416189872242));
#4247 = CARTESIAN_POINT('',(-6.11040884867E-14,1.341892168614));
#4248 = CARTESIAN_POINT('',(-6.11040884867E-14,1.269134886861));
#4249 = CARTESIAN_POINT('',(-6.11040884867E-14,1.197690220556));
#4250 = CARTESIAN_POINT('',(-6.11040884867E-14,1.12734572285));
#4251 = CARTESIAN_POINT('',(-6.11040884867E-14,1.057900795762));
#4252 = CARTESIAN_POINT('',(-6.11040884867E-14,0.989164516627));
#4253 = CARTESIAN_POINT('',(-6.11040884867E-14,0.92095340603));
#4254 = CARTESIAN_POINT('',(-6.11040884867E-14,0.85308944002));
#4255 = CARTESIAN_POINT('',(-6.11040884867E-14,0.785398163397));
#4256 = CARTESIAN_POINT('',(-6.11040884867E-14,0.717706886775));
#4257 = CARTESIAN_POINT('',(-6.11040884867E-14,0.649842920765));
#4258 = CARTESIAN_POINT('',(-6.11040884867E-14,0.581631810168));
#4259 = CARTESIAN_POINT('',(-6.11040884867E-14,0.512895531033));
#4260 = CARTESIAN_POINT('',(-6.11040884867E-14,0.443450603944));
#4261 = CARTESIAN_POINT('',(-6.11040884867E-14,0.373106106239));
#4262 = CARTESIAN_POINT('',(-6.11040884867E-14,0.301661439934));
#4263 = CARTESIAN_POINT('',(-6.11040884867E-14,0.228904158181));
#4264 = CARTESIAN_POINT('',(-6.11040884867E-14,0.154606454553));
#4265 = CARTESIAN_POINT('',(-6.11040884867E-14,7.852521262851E-02));
#4266 = CARTESIAN_POINT('',(-6.11040884867E-14,2.643304852806E-02));
#4267 = CARTESIAN_POINT('',(-6.11040884867E-14,-2.352213708095E-13));
#4268 = ( GEOMETRIC_REPRESENTATION_CONTEXT(2) 
PARAMETRIC_REPRESENTATION_CONTEXT() REPRESENTATION_CONTEXT('2D SPACE',''
  ) );
#4269 = PCURVE('',#3606,#4270);
#4270 = DEFINITIONAL_REPRESENTATION('',(#4271),#4275);
#4271 = LINE('',#4272,#4273);
#4272 = CARTESIAN_POINT('',(0.,52.070000572205));
#4273 = VECTOR('',#4274,1.);
#4274 = DIRECTION('',(1.,0.));
#4275 = ( GEOMETRIC_REPRESENTATION_CONTEXT(2) 
PARAMETRIC_REPRESENTATION_CONTEXT() REPRESENTATION_CONTEXT('2D SPACE',''
  ) );
#4276 = ORIENTED_EDGE('',*,*,#4277,.F.);
#4277 = EDGE_CURVE('',#4161,#4232,#4278,.T.);
#4278 = SURFACE_CURVE('',#4279,(#4284,#4313),.PCURVE_S1.);
#4279 = CIRCLE('',#4280,5.08);
#4280 = AXIS2_PLACEMENT_3D('',#4281,#4282,#4283);
#4281 = CARTESIAN_POINT('',(-39.51429507404,7.62,-18.53254800035));
#4282 = DIRECTION('',(-0.551833239217,2.55417351197E-16,0.833954480829)
  );
#4283 = DIRECTION('',(0.833954480829,-1.225315935864E-16,0.551833239217)
  );
#4284 = PCURVE('',#3278,#4285);
#4285 = DEFINITIONAL_REPRESENTATION('',(#4286),#4312);
#4286 = B_SPLINE_CURVE_WITH_KNOTS('',3,(#4287,#4288,#4289,#4290,#4291,
    #4292,#4293,#4294,#4295,#4296,#4297,#4298,#4299,#4300,#4301,#4302,
    #4303,#4304,#4305,#4306,#4307,#4308,#4309,#4310,#4311),
  .UNSPECIFIED.,.F.,.F.,(4,1,1,1,1,1,1,1,1,1,1,1,1,1,1,1,1,1,1,1,1,1,4),
  (0.,7.139983303613E-02,0.142799666072,0.214199499108,0.285599332145,
    0.356999165181,0.428398998217,0.499798831253,0.571198664289,
    0.642598497325,0.713998330361,0.785398163397,0.856797996434,
    0.92819782947,0.999597662506,1.070997495542,1.142397328578,
    1.213797161614,1.28519699465,1.356596827687,1.427996660723,
    1.499396493759,1.570796326795),.QUASI_UNIFORM_KNOTS.);
#4287 = CARTESIAN_POINT('',(-1.570796326795,1.570796326795));
#4288 = CARTESIAN_POINT('',(-1.544363278267,1.570796326795));
#4289 = CARTESIAN_POINT('',(-1.492271114166,1.570796326795));
#4290 = CARTESIAN_POINT('',(-1.416189872242,1.570796326795));
#4291 = CARTESIAN_POINT('',(-1.341892168614,1.570796326795));
#4292 = CARTESIAN_POINT('',(-1.269134886861,1.570796326795));
#4293 = CARTESIAN_POINT('',(-1.197690220556,1.570796326795));
#4294 = CARTESIAN_POINT('',(-1.12734572285,1.570796326795));
#4295 = CARTESIAN_POINT('',(-1.057900795762,1.570796326795));
#4296 = CARTESIAN_POINT('',(-0.989164516627,1.570796326795));
#4297 = CARTESIAN_POINT('',(-0.92095340603,1.570796326795));
#4298 = CARTESIAN_POINT('',(-0.85308944002,1.570796326795));
#4299 = CARTESIAN_POINT('',(-0.785398163398,1.570796326795));
#4300 = CARTESIAN_POINT('',(-0.717706886775,1.570796326795));
#4301 = CARTESIAN_POINT('',(-0.649842920765,1.570796326795));
#4302 = CARTESIAN_POINT('',(-0.581631810168,1.570796326795));
#4303 = CARTESIAN_POINT('',(-0.512895531033,1.570796326795));
#4304 = CARTESIAN_POINT('',(-0.443450603945,1.570796326795));
#4305 = CARTESIAN_POINT('',(-0.373106106239,1.570796326795));
#4306 = CARTESIAN_POINT('',(-0.301661439934,1.570796326795));
#4307 = CARTESIAN_POINT('',(-0.228904158181,1.570796326795));
#4308 = CARTESIAN_POINT('',(-0.154606454553,1.570796326795));
#4309 = CARTESIAN_POINT('',(-7.852521262878E-02,1.570796326795));
#4310 = CARTESIAN_POINT('',(-2.643304852834E-02,1.570796326795));
#4311 = CARTESIAN_POINT('',(-6.11040884867E-14,1.570796326795));
#4312 = ( GEOMETRIC_REPRESENTATION_CONTEXT(2) 
PARAMETRIC_REPRESENTATION_CONTEXT() REPRESENTATION_CONTEXT('2D SPACE',''
  ) );
#4313 = PCURVE('',#4142,#4314);
#4314 = DEFINITIONAL_REPRESENTATION('',(#4315),#4319);
#4315 = LINE('',#4316,#4317);
#4316 = CARTESIAN_POINT('',(7.068583470577,0.));
#4317 = VECTOR('',#4318,1.);
#4318 = DIRECTION('',(-1.,5.654319433713E-16));
#4319 = ( GEOMETRIC_REPRESENTATION_CONTEXT(2) 
PARAMETRIC_REPRESENTATION_CONTEXT() REPRESENTATION_CONTEXT('2D SPACE',''
  ) );
#4320 = ORIENTED_EDGE('',*,*,#4183,.F.);
#4321 = ORIENTED_EDGE('',*,*,#3261,.T.);
#4322 = ADVANCED_FACE('',(#4323,#4395),#3447,.F.);
#4323 = FACE_BOUND('',#4324,.F.);
#4324 = EDGE_LOOP('',(#4325,#4356,#4375,#4376));
#4325 = ORIENTED_EDGE('',*,*,#4326,.T.);
#4326 = EDGE_CURVE('',#4327,#4329,#4331,.T.);
#4327 = VERTEX_POINT('',#4328);
#4328 = CARTESIAN_POINT('',(6.939216995649,6.14,19.820375059199));
#4329 = VERTEX_POINT('',#4330);
#4330 = CARTESIAN_POINT('',(20.956063681329,6.14,-1.357716906375));
#4331 = SURFACE_CURVE('',#4332,(#4337,#4344),.PCURVE_S1.);
#4332 = CIRCLE('',#4333,21.);
#4333 = AXIS2_PLACEMENT_3D('',#4334,#4335,#4336);
#4334 = CARTESIAN_POINT('',(0.,6.14,0.));
#4335 = DIRECTION('',(0.,1.,0.));
#4336 = DIRECTION('',(0.,-0.,1.));
#4337 = PCURVE('',#3447,#4338);
#4338 = DEFINITIONAL_REPRESENTATION('',(#4339),#4343);
#4339 = CIRCLE('',#4340,21.);
#4340 = AXIS2_PLACEMENT_2D('',#4341,#4342);
#4341 = CARTESIAN_POINT('',(250.,250.));
#4342 = DIRECTION('',(1.,0.));
#4343 = ( GEOMETRIC_REPRESENTATION_CONTEXT(2) 
PARAMETRIC_REPRESENTATION_CONTEXT() REPRESENTATION_CONTEXT('2D SPACE',''
  ) );
#4344 = PCURVE('',#4345,#4350);
#4345 = CYLINDRICAL_SURFACE('',#4346,21.);
#4346 = AXIS2_PLACEMENT_3D('',#4347,#4348,#4349);
#4347 = CARTESIAN_POINT('',(0.,-50.,0.));
#4348 = DIRECTION('',(0.,1.,0.));
#4349 = DIRECTION('',(0.,-0.,1.));
#4350 = DEFINITIONAL_REPRESENTATION('',(#4351),#4355);
#4351 = LINE('',#4352,#4353);
#4352 = CARTESIAN_POINT('',(0.,56.14));
#4353 = VECTOR('',#4354,1.);
#4354 = DIRECTION('',(1.,0.));
#4355 = ( GEOMETRIC_REPRESENTATION_CONTEXT(2) 
PARAMETRIC_REPRESENTATION_CONTEXT() REPRESENTATION_CONTEXT('2D SPACE',''
  ) );
#4356 = ORIENTED_EDGE('',*,*,#4357,.T.);
#4357 = EDGE_CURVE('',#4329,#3429,#4358,.T.);
#4358 = SURFACE_CURVE('',#4359,(#4363,#4369),.PCURVE_S1.);
#4359 = LINE('',#4360,#4361);
#4360 = CARTESIAN_POINT('',(86.440529704501,6.14,41.97379077878));
#4361 = VECTOR('',#4362,1.);
#4362 = DIRECTION('',(-0.833954480829,1.225315935864E-16,-0.551833239217
    ));
#4363 = PCURVE('',#3447,#4364);
#4364 = DEFINITIONAL_REPRESENTATION('',(#4365),#4368);
#4365 = B_SPLINE_CURVE_WITH_KNOTS('',1,(#4366,#4367),.UNSPECIFIED.,.F.,
  .F.,(2,2),(75.233069065905,115.26693093409),.PIECEWISE_BEZIER_KNOTS.);
#4366 = CARTESIAN_POINT('',(250.45768257991,273.69957465044));
#4367 = CARTESIAN_POINT('',(228.36566690683,240.31315616056));
#4368 = ( GEOMETRIC_REPRESENTATION_CONTEXT(2) 
PARAMETRIC_REPRESENTATION_CONTEXT() REPRESENTATION_CONTEXT('2D SPACE',''
  ) );
#4369 = PCURVE('',#3829,#4370);
#4370 = DEFINITIONAL_REPRESENTATION('',(#4371),#4374);
#4371 = B_SPLINE_CURVE_WITH_KNOTS('',1,(#4372,#4373),.UNSPECIFIED.,.F.,
  .F.,(2,2),(75.233069065905,115.26693093409),.PIECEWISE_BEZIER_KNOTS.);
#4372 = CARTESIAN_POINT('',(0.818475060677,75.233069065905));
#4373 = CARTESIAN_POINT('',(0.818475060677,115.26693093409));
#4374 = ( GEOMETRIC_REPRESENTATION_CONTEXT(2) 
PARAMETRIC_REPRESENTATION_CONTEXT() REPRESENTATION_CONTEXT('2D SPACE',''
  ) );
#4375 = ORIENTED_EDGE('',*,*,#3428,.T.);
#4376 = ORIENTED_EDGE('',*,*,#4377,.F.);
#4377 = EDGE_CURVE('',#4327,#3431,#4378,.T.);
#4378 = SURFACE_CURVE('',#4379,(#4383,#4389),.PCURVE_S1.);
#4379 = LINE('',#4380,#4381);
#4380 = CARTESIAN_POINT('',(-230.9029312634,6.14,-137.5613599313));
#4381 = VECTOR('',#4382,1.);
#4382 = DIRECTION('',(-0.833954480829,0.,-0.551833239217));
#4383 = PCURVE('',#3447,#4384);
#4384 = DEFINITIONAL_REPRESENTATION('',(#4385),#4388);
#4385 = B_SPLINE_CURVE_WITH_KNOTS('',1,(#4386,#4387),.UNSPECIFIED.,.F.,
  .F.,(2,2),(-285.1979978841,-251.7489321274),.PIECEWISE_BEZIER_KNOTS.);
#4386 = CARTESIAN_POINT('',(269.82037505919,256.93921699564));
#4387 = CARTESIAN_POINT('',(251.36206875386,229.04421872824));
#4388 = ( GEOMETRIC_REPRESENTATION_CONTEXT(2) 
PARAMETRIC_REPRESENTATION_CONTEXT() REPRESENTATION_CONTEXT('2D SPACE',''
  ) );
#4389 = PCURVE('',#3654,#4390);
#4390 = DEFINITIONAL_REPRESENTATION('',(#4391),#4394);
#4391 = B_SPLINE_CURVE_WITH_KNOTS('',1,(#4392,#4393),.UNSPECIFIED.,.F.,
  .F.,(2,2),(-285.1979978841,-251.7489321274),.PIECEWISE_BEZIER_KNOTS.);
#4392 = CARTESIAN_POINT('',(207.22453287838,6.14));
#4393 = CARTESIAN_POINT('',(173.77546712162,6.14));
#4394 = ( GEOMETRIC_REPRESENTATION_CONTEXT(2) 
PARAMETRIC_REPRESENTATION_CONTEXT() REPRESENTATION_CONTEXT('2D SPACE',''
  ) );
#4395 = FACE_BOUND('',#4396,.F.);
#4396 = EDGE_LOOP('',(#4397));
#4397 = ORIENTED_EDGE('',*,*,#4398,.F.);
#4398 = EDGE_CURVE('',#4399,#4399,#4401,.T.);
#4399 = VERTEX_POINT('',#4400);
#4400 = CARTESIAN_POINT('',(-5.401523172332,6.14,-3.574223890408));
#4401 = SURFACE_CURVE('',#4402,(#4407,#4414),.PCURVE_S1.);
#4402 = CIRCLE('',#4403,6.477);
#4403 = AXIS2_PLACEMENT_3D('',#4404,#4405,#4406);
#4404 = CARTESIAN_POINT('',(1.176532892779E-30,6.14,1.36335387424E-15));
#4405 = DIRECTION('',(5.300159206954E-31,1.,2.22044604925E-16));
#4406 = DIRECTION('',(0.833954480829,-1.225315935864E-16,0.551833239217)
  );
#4407 = PCURVE('',#3447,#4408);
#4408 = DEFINITIONAL_REPRESENTATION('',(#4409),#4413);
#4409 = CIRCLE('',#4410,6.477);
#4410 = AXIS2_PLACEMENT_2D('',#4411,#4412);
#4411 = CARTESIAN_POINT('',(250.,250.));
#4412 = DIRECTION('',(0.551833239217,0.833954480829));
#4413 = ( GEOMETRIC_REPRESENTATION_CONTEXT(2) 
PARAMETRIC_REPRESENTATION_CONTEXT() REPRESENTATION_CONTEXT('2D SPACE',''
  ) );
#4414 = PCURVE('',#4044,#4415);
#4415 = DEFINITIONAL_REPRESENTATION('',(#4416),#4420);
#4416 = LINE('',#4417,#4418);
#4417 = CARTESIAN_POINT('',(0.,-0.21));
#4418 = VECTOR('',#4419,1.);
#4419 = DIRECTION('',(1.,0.));
#4420 = ( GEOMETRIC_REPRESENTATION_CONTEXT(2) 
PARAMETRIC_REPRESENTATION_CONTEXT() REPRESENTATION_CONTEXT('2D SPACE',''
  ) );
#4421 = ADVANCED_FACE('',(#4422),#3606,.T.);
#4422 = FACE_BOUND('',#4423,.T.);
#4423 = EDGE_LOOP('',(#4424,#4425,#4446,#4447));
#4424 = ORIENTED_EDGE('',*,*,#4231,.F.);
#4425 = ORIENTED_EDGE('',*,*,#4426,.T.);
#4426 = EDGE_CURVE('',#4232,#3700,#4427,.T.);
#4427 = SURFACE_CURVE('',#4428,(#4432,#4439),.PCURVE_S1.);
#4428 = LINE('',#4429,#4430);
#4429 = CARTESIAN_POINT('',(-82.93830536802,12.7,-47.26650508214));
#4430 = VECTOR('',#4431,1.);
#4431 = DIRECTION('',(-0.833954480829,1.225315935864E-16,-0.551833239217
    ));
#4432 = PCURVE('',#3606,#4433);
#4433 = DEFINITIONAL_REPRESENTATION('',(#4434),#4438);
#4434 = LINE('',#4435,#4436);
#4435 = CARTESIAN_POINT('',(5.497787143782,0.));
#4436 = VECTOR('',#4437,1.);
#4437 = DIRECTION('',(0.,-1.));
#4438 = ( GEOMETRIC_REPRESENTATION_CONTEXT(2) 
PARAMETRIC_REPRESENTATION_CONTEXT() REPRESENTATION_CONTEXT('2D SPACE',''
  ) );
#4439 = PCURVE('',#3741,#4440);
#4440 = DEFINITIONAL_REPRESENTATION('',(#4441),#4445);
#4441 = LINE('',#4442,#4443);
#4442 = CARTESIAN_POINT('',(6.35,-95.25));
#4443 = VECTOR('',#4444,1.);
#4444 = DIRECTION('',(0.,-1.));
#4445 = ( GEOMETRIC_REPRESENTATION_CONTEXT(2) 
PARAMETRIC_REPRESENTATION_CONTEXT() REPRESENTATION_CONTEXT('2D SPACE',''
  ) );
#4446 = ORIENTED_EDGE('',*,*,#3699,.T.);
#4447 = ORIENTED_EDGE('',*,*,#3590,.T.);
#4448 = ADVANCED_FACE('',(#4449),#3654,.T.);
#4449 = FACE_BOUND('',#4450,.T.);
#4450 = EDGE_LOOP('',(#4451,#4452,#4453,#4454));
#4451 = ORIENTED_EDGE('',*,*,#3982,.F.);
#4452 = ORIENTED_EDGE('',*,*,#3641,.F.);
#4453 = ORIENTED_EDGE('',*,*,#4377,.F.);
#4454 = ORIENTED_EDGE('',*,*,#4455,.T.);
#4455 = EDGE_CURVE('',#4327,#3944,#4456,.T.);
#4456 = SURFACE_CURVE('',#4457,(#4461,#4467),.PCURVE_S1.);
#4457 = LINE('',#4458,#4459);
#4458 = CARTESIAN_POINT('',(6.939216995649,-50.,19.820375059199));
#4459 = VECTOR('',#4460,1.);
#4460 = DIRECTION('',(0.,1.,0.));
#4461 = PCURVE('',#3654,#4462);
#4462 = DEFINITIONAL_REPRESENTATION('',(#4463),#4466);
#4463 = B_SPLINE_CURVE_WITH_KNOTS('',1,(#4464,#4465),.UNSPECIFIED.,.F.,
  .F.,(2,2),(49.365,56.985),.PIECEWISE_BEZIER_KNOTS.);
#4464 = CARTESIAN_POINT('',(207.22453287838,-0.635));
#4465 = CARTESIAN_POINT('',(207.22453287838,6.985));
#4466 = ( GEOMETRIC_REPRESENTATION_CONTEXT(2) 
PARAMETRIC_REPRESENTATION_CONTEXT() REPRESENTATION_CONTEXT('2D SPACE',''
  ) );
#4467 = PCURVE('',#4468,#4473);
#4468 = PLANE('',#4469);
#4469 = AXIS2_PLACEMENT_3D('',#4470,#4471,#4472);
#4470 = CARTESIAN_POINT('',(-165.876610736,2.047984230297E-14,
    -94.53301016428));
#4471 = DIRECTION('',(-0.551833239217,3.686951170381E-17,0.833954480829)
  );
#4472 = DIRECTION('',(0.833954480829,-1.225315935864E-16,0.551833239217)
  );
#4473 = DEFINITIONAL_REPRESENTATION('',(#4474),#4477);
#4474 = B_SPLINE_CURVE_WITH_KNOTS('',1,(#4475,#4476),.UNSPECIFIED.,.F.,
  .F.,(2,2),(49.365,56.985),.PIECEWISE_BEZIER_KNOTS.);
#4475 = CARTESIAN_POINT('',(207.22453287838,-0.635));
#4476 = CARTESIAN_POINT('',(207.22453287838,6.985));
#4477 = ( GEOMETRIC_REPRESENTATION_CONTEXT(2) 
PARAMETRIC_REPRESENTATION_CONTEXT() REPRESENTATION_CONTEXT('2D SPACE',''
  ) );
#4478 = ADVANCED_FACE('',(#4479),#3741,.T.);
#4479 = FACE_BOUND('',#4480,.T.);
#4480 = EDGE_LOOP('',(#4481,#4502,#4503,#4504));
#4481 = ORIENTED_EDGE('',*,*,#4482,.F.);
#4482 = EDGE_CURVE('',#3874,#4232,#4483,.T.);
#4483 = SURFACE_CURVE('',#4484,(#4488,#4495),.PCURVE_S1.);
#4484 = LINE('',#4485,#4486);
#4485 = CARTESIAN_POINT('',(-39.51429507404,12.7,-18.53254800035));
#4486 = VECTOR('',#4487,1.);
#4487 = DIRECTION('',(-0.551833239217,3.686951170381E-17,0.833954480829)
  );
#4488 = PCURVE('',#3741,#4489);
#4489 = DEFINITIONAL_REPRESENTATION('',(#4490),#4494);
#4490 = LINE('',#4491,#4492);
#4491 = CARTESIAN_POINT('',(6.35,-43.17999942779));
#4492 = VECTOR('',#4493,1.);
#4493 = DIRECTION('',(1.,0.));
#4494 = ( GEOMETRIC_REPRESENTATION_CONTEXT(2) 
PARAMETRIC_REPRESENTATION_CONTEXT() REPRESENTATION_CONTEXT('2D SPACE',''
  ) );
#4495 = PCURVE('',#4142,#4496);
#4496 = DEFINITIONAL_REPRESENTATION('',(#4497),#4501);
#4497 = LINE('',#4498,#4499);
#4498 = CARTESIAN_POINT('',(5.497787143782,0.));
#4499 = VECTOR('',#4500,1.);
#4500 = DIRECTION('',(0.,-1.));
#4501 = ( GEOMETRIC_REPRESENTATION_CONTEXT(2) 
PARAMETRIC_REPRESENTATION_CONTEXT() REPRESENTATION_CONTEXT('2D SPACE',''
  ) );
#4502 = ORIENTED_EDGE('',*,*,#3873,.F.);
#4503 = ORIENTED_EDGE('',*,*,#3727,.T.);
#4504 = ORIENTED_EDGE('',*,*,#4426,.F.);
#4505 = ADVANCED_FACE('',(#4506),#3829,.T.);
#4506 = FACE_BOUND('',#4507,.T.);
#4507 = EDGE_LOOP('',(#4508,#4509,#4622,#4623));
#4508 = ORIENTED_EDGE('',*,*,#4004,.F.);
#4509 = ORIENTED_EDGE('',*,*,#4510,.T.);
#4510 = EDGE_CURVE('',#3946,#4329,#4511,.T.);
#4511 = SURFACE_CURVE('',#4512,(#4545,#4581),.PCURVE_S1.);
#4512 = B_SPLINE_CURVE_WITH_KNOTS('',7,(#4513,#4514,#4515,#4516,#4517,
    #4518,#4519,#4520,#4521,#4522,#4523,#4524,#4525,#4526,#4527,#4528,
    #4529,#4530,#4531,#4532,#4533,#4534,#4535,#4536,#4537,#4538,#4539,
    #4540,#4541,#4542,#4543,#4544),.UNSPECIFIED.,.F.,.F.,(8,6,6,6,6,8),(
    0.,0.204481255913,0.346911786894,0.632047939051,0.879873582043,1.),
  .UNSPECIFIED.);
#4513 = CARTESIAN_POINT('',(20.981342269784,10.840128060535,
    0.88502912843));
#4514 = CARTESIAN_POINT('',(20.996368381565,10.53476213772,
    0.528805831226));
#4515 = CARTESIAN_POINT('',(21.003133490245,10.209069894547,
    0.200848245831));
#4516 = CARTESIAN_POINT('',(21.003608528253,9.865584137522,
    -9.717554481186E-02));
#4517 = CARTESIAN_POINT('',(20.999693991606,9.506447969926,
    -0.363704786356));
#4518 = CARTESIAN_POINT('',(20.993152509697,9.133489632435,
    -0.597216477669));
#4519 = CARTESIAN_POINT('',(20.985534669608,8.748297843692,
    -0.796153956724));
#4520 = CARTESIAN_POINT('',(20.972918181193,8.076465418891,
    -1.072181411166));
#4521 = CARTESIAN_POINT('',(20.967829519027,7.795568674105,
    -1.167853597128));
#4522 = CARTESIAN_POINT('',(20.963266311002,7.510621554619,
    -1.245135822856));
#4523 = CARTESIAN_POINT('',(20.959589153561,7.222617965112,
    -1.303483748493));
#4524 = CARTESIAN_POINT('',(20.957051326014,6.932535963606,
    -1.342528534752));
#4525 = CARTESIAN_POINT('',(20.955781271757,6.641342714812,
    -1.362068753868));
#4526 = CARTESIAN_POINT('',(20.955781271757,5.766751871333,
    -1.362068753868));
#4527 = CARTESIAN_POINT('',(20.960871576265,5.186852542758,
    -1.283755990754));
#4528 = CARTESIAN_POINT('',(20.970945276046,4.616181107739,
    -1.128753080246));
#4529 = CARTESIAN_POINT('',(20.983977637,4.06054891748,-0.899810916794)
  );
#4530 = CARTESIAN_POINT('',(20.996193944852,3.526271197554,
    -0.601063104668));
#4531 = CARTESIAN_POINT('',(21.002830777017,3.020280089635,
    -0.238303636507));
#4532 = CARTESIAN_POINT('',(20.996084302575,2.140697551942,
    0.545126568634));
#4533 = CARTESIAN_POINT('',(20.98519113976,1.75640138496,0.953827803148)
  );
#4534 = CARTESIAN_POINT('',(20.963319315806,1.399450178963,
    1.404936535505));
#4535 = CARTESIAN_POINT('',(20.926869581164,1.073666529644,1.89685019182
    ));
#4536 = CARTESIAN_POINT('',(20.871907040826,0.784380050945,
    2.427824233967));
#4537 = CARTESIAN_POINT('',(20.794201341402,0.538783997942,
    2.995379146726));
#4538 = CARTESIAN_POINT('',(20.639340367506,0.25324447942,3.886492287426
    ));
#4539 = CARTESIAN_POINT('',(20.582465201082,0.172415956978,
    4.185475863135));
#4540 = CARTESIAN_POINT('',(20.518974888354,0.105447860396,
    4.491121616177));
#4541 = CARTESIAN_POINT('',(20.448684302921,5.364689798537E-02,
    4.801959785807));
#4542 = CARTESIAN_POINT('',(20.371548370002,1.816454678803E-02,
    5.11647471029));
#4543 = CARTESIAN_POINT('',(20.287678732484,-6.649115907273E-15,
    5.433130645984));
#4544 = CARTESIAN_POINT('',(20.197349813595,-6.661338147751E-15,
    5.750396552175));
#4545 = PCURVE('',#3829,#4546);
#4546 = DEFINITIONAL_REPRESENTATION('',(#4547),#4580);
#4547 = B_SPLINE_CURVE_WITH_KNOTS('',7,(#4548,#4549,#4550,#4551,#4552,
    #4553,#4554,#4555,#4556,#4557,#4558,#4559,#4560,#4561,#4562,#4563,
    #4564,#4565,#4566,#4567,#4568,#4569,#4570,#4571,#4572,#4573,#4574,
    #4575,#4576,#4577,#4578,#4579),.UNSPECIFIED.,.F.,.F.,(8,6,6,6,6,8),(
    0.,0.204481255913,0.346911786894,0.632047939051,0.879873582043,1.),
  .UNSPECIFIED.);
#4548 = CARTESIAN_POINT('',(0.,77.264127109556));
#4549 = CARTESIAN_POINT('',(6.80082881152E-02,77.448171872287));
#4550 = CARTESIAN_POINT('',(0.135147563999,77.623507976265));
#4551 = CARTESIAN_POINT('',(0.201615296679,77.787571249944));
#4552 = CARTESIAN_POINT('',(0.267600442308,77.937915490028));
#4553 = CARTESIAN_POINT('',(0.333291829147,78.072230301189));
#4554 = CARTESIAN_POINT('',(0.398887031192,78.188363546535));
#4555 = CARTESIAN_POINT('',(0.510375018913,78.351206247878));
#4556 = CARTESIAN_POINT('',(0.556176522883,78.408245052775));
#4557 = CARTESIAN_POINT('',(0.601992875156,78.454697461512));
#4558 = CARTESIAN_POINT('',(0.647820231047,78.489962368242));
#4559 = CARTESIAN_POINT('',(0.693660229417,78.513625011772));
#4560 = CARTESIAN_POINT('',(0.739517420907,78.52546712162));
#4561 = CARTESIAN_POINT('',(0.8772482624,78.52546712162));
#4562 = CARTESIAN_POINT('',(0.968571024774,78.478006453627));
#4563 = CARTESIAN_POINT('',(1.059706027447,78.384069688362));
#4564 = CARTESIAN_POINT('',(1.150939089717,78.246863396898));
#4565 = CARTESIAN_POINT('',(1.242484445827,78.07181657935));
#4566 = CARTESIAN_POINT('',(1.334489529824,77.866099031056));
#4567 = CARTESIAN_POINT('',(1.50738856359,77.439402455843));
#4568 = CARTESIAN_POINT('',(1.588562706058,77.222951931669));
#4569 = CARTESIAN_POINT('',(1.671040155974,76.992255244245));
#4570 = CARTESIAN_POINT('',(1.75532121732,76.751198357394));
#4571 = CARTESIAN_POINT('',(1.841920008851,76.50402548857));
#4572 = CARTESIAN_POINT('',(1.931376209618,76.255632838849));
#4573 = CARTESIAN_POINT('',(2.069395774476,75.893033990994));
#4574 = CARTESIAN_POINT('',(2.115339325799,75.775476215825));
#4575 = CARTESIAN_POINT('',(2.162091887868,75.659758760659));
#4576 = CARTESIAN_POINT('',(2.209594952407,75.546847075323));
#4577 = CARTESIAN_POINT('',(2.257802284431,75.437615142654));
#4578 = CARTESIAN_POINT('',(2.306677667517,75.332817331956));
#4579 = CARTESIAN_POINT('',(2.356194490192,75.233069665905));
#4580 = ( GEOMETRIC_REPRESENTATION_CONTEXT(2) 
PARAMETRIC_REPRESENTATION_CONTEXT() REPRESENTATION_CONTEXT('2D SPACE',''
  ) );
#4581 = PCURVE('',#4582,#4587);
#4582 = CYLINDRICAL_SURFACE('',#4583,6.35);
#4583 = AXIS2_PLACEMENT_3D('',#4584,#4585,#4586);
#4584 = CARTESIAN_POINT('',(82.938305368026,6.35,47.266505082141));
#4585 = DIRECTION('',(-0.833954480829,1.225315935864E-16,-0.551833239217
    ));
#4586 = DIRECTION('',(0.390205025534,0.707106781187,-0.589694868595));
#4587 = DEFINITIONAL_REPRESENTATION('',(#4588),#4621);
#4588 = B_SPLINE_CURVE_WITH_KNOTS('',7,(#4589,#4590,#4591,#4592,#4593,
    #4594,#4595,#4596,#4597,#4598,#4599,#4600,#4601,#4602,#4603,#4604,
    #4605,#4606,#4607,#4608,#4609,#4610,#4611,#4612,#4613,#4614,#4615,
    #4616,#4617,#4618,#4619,#4620),.UNSPECIFIED.,.F.,.F.,(8,6,6,6,6,8),(
    0.,0.204481255913,0.346911786894,0.632047939051,0.879873582043,1.),
  .UNSPECIFIED.);
#4589 = CARTESIAN_POINT('',(0.,77.264127109556));
#4590 = CARTESIAN_POINT('',(6.80082881152E-02,77.448171872287));
#4591 = CARTESIAN_POINT('',(0.135147563999,77.623507976265));
#4592 = CARTESIAN_POINT('',(0.201615296679,77.787571249944));
#4593 = CARTESIAN_POINT('',(0.267600442308,77.937915490028));
#4594 = CARTESIAN_POINT('',(0.333291829147,78.072230301189));
#4595 = CARTESIAN_POINT('',(0.398887031192,78.188363546535));
#4596 = CARTESIAN_POINT('',(0.510375018913,78.351206247878));
#4597 = CARTESIAN_POINT('',(0.556176522883,78.408245052775));
#4598 = CARTESIAN_POINT('',(0.601992875156,78.454697461512));
#4599 = CARTESIAN_POINT('',(0.647820231047,78.489962368242));
#4600 = CARTESIAN_POINT('',(0.693660229417,78.513625011772));
#4601 = CARTESIAN_POINT('',(0.739517420907,78.52546712162));
#4602 = CARTESIAN_POINT('',(0.8772482624,78.52546712162));
#4603 = CARTESIAN_POINT('',(0.968571024774,78.478006453627));
#4604 = CARTESIAN_POINT('',(1.059706027447,78.384069688362));
#4605 = CARTESIAN_POINT('',(1.150939089717,78.246863396898));
#4606 = CARTESIAN_POINT('',(1.242484445827,78.07181657935));
#4607 = CARTESIAN_POINT('',(1.334489529824,77.866099031056));
#4608 = CARTESIAN_POINT('',(1.50738856359,77.439402455843));
#4609 = CARTESIAN_POINT('',(1.588562706058,77.222951931669));
#4610 = CARTESIAN_POINT('',(1.671040155974,76.992255244245));
#4611 = CARTESIAN_POINT('',(1.75532121732,76.751198357394));
#4612 = CARTESIAN_POINT('',(1.841920008851,76.50402548857));
#4613 = CARTESIAN_POINT('',(1.931376209618,76.255632838849));
#4614 = CARTESIAN_POINT('',(2.069395774476,75.893033990994));
#4615 = CARTESIAN_POINT('',(2.115339325799,75.775476215825));
#4616 = CARTESIAN_POINT('',(2.162091887868,75.659758760659));
#4617 = CARTESIAN_POINT('',(2.209594952407,75.546847075323));
#4618 = CARTESIAN_POINT('',(2.257802284431,75.437615142654));
#4619 = CARTESIAN_POINT('',(2.306677667517,75.332817331956));
#4620 = CARTESIAN_POINT('',(2.356194490192,75.233069665905));
#4621 = ( GEOMETRIC_REPRESENTATION_CONTEXT(2) 
PARAMETRIC_REPRESENTATION_CONTEXT() REPRESENTATION_CONTEXT('2D SPACE',''
  ) );
#4622 = ORIENTED_EDGE('',*,*,#4357,.T.);
#4623 = ORIENTED_EDGE('',*,*,#3757,.F.);
#4624 = ADVANCED_FACE('',(#4625),#3966,.F.);
#4625 = FACE_BOUND('',#4626,.F.);
#4626 = EDGE_LOOP('',(#4627,#4658,#4686,#4714,#4770,#4791,#4792,#4815,
    #4871,#4899));
#4627 = ORIENTED_EDGE('',*,*,#4628,.F.);
#4628 = EDGE_CURVE('',#4629,#4631,#4633,.T.);
#4629 = VERTEX_POINT('',#4630);
#4630 = CARTESIAN_POINT('',(19.430372960424,6.35,16.664369542234));
#4631 = VERTEX_POINT('',#4632);
#4632 = CARTESIAN_POINT('',(22.934514029452,6.35,11.368758588968));
#4633 = SURFACE_CURVE('',#4634,(#4639,#4646),.PCURVE_S1.);
#4634 = CIRCLE('',#4635,3.175);
#4635 = AXIS2_PLACEMENT_3D('',#4636,#4637,#4638);
#4636 = CARTESIAN_POINT('',(21.182443494938,6.35,14.016564065601));
#4637 = DIRECTION('',(-1.225315935864E-16,-1.,-3.686951170381E-17));
#4638 = DIRECTION('',(-0.833954480829,1.225315935864E-16,-0.551833239217
    ));
#4639 = PCURVE('',#3966,#4640);
#4640 = DEFINITIONAL_REPRESENTATION('',(#4641),#4645);
#4641 = CIRCLE('',#4642,3.175);
#4642 = AXIS2_PLACEMENT_2D('',#4643,#4644);
#4643 = CARTESIAN_POINT('',(0.,25.39999961853));
#4644 = DIRECTION('',(0.,-1.));
#4645 = ( GEOMETRIC_REPRESENTATION_CONTEXT(2) 
PARAMETRIC_REPRESENTATION_CONTEXT() REPRESENTATION_CONTEXT('2D SPACE',''
  ) );
#4646 = PCURVE('',#4647,#4652);
#4647 = CYLINDRICAL_SURFACE('',#4648,3.175);
#4648 = AXIS2_PLACEMENT_3D('',#4649,#4650,#4651);
#4649 = CARTESIAN_POINT('',(21.182443494938,12.7,14.016564065601));
#4650 = DIRECTION('',(-1.225315935864E-16,-1.,-3.686951170381E-17));
#4651 = DIRECTION('',(-0.833954480829,1.225315935864E-16,-0.551833239217
    ));
#4652 = DEFINITIONAL_REPRESENTATION('',(#4653),#4657);
#4653 = LINE('',#4654,#4655);
#4654 = CARTESIAN_POINT('',(0.,6.35));
#4655 = VECTOR('',#4656,1.);
#4656 = DIRECTION('',(1.,0.));
#4657 = ( GEOMETRIC_REPRESENTATION_CONTEXT(2) 
PARAMETRIC_REPRESENTATION_CONTEXT() REPRESENTATION_CONTEXT('2D SPACE',''
  ) );
#4658 = ORIENTED_EDGE('',*,*,#4659,.F.);
#4659 = EDGE_CURVE('',#4660,#4629,#4662,.T.);
#4660 = VERTEX_POINT('',#4661);
#4661 = CARTESIAN_POINT('',(30.021594707893,6.35,23.672651575035));
#4662 = SURFACE_CURVE('',#4663,(#4667,#4674),.PCURVE_S1.);
#4663 = LINE('',#4664,#4665);
#4664 = CARTESIAN_POINT('',(157.11625806348,6.35,107.77203754744));
#4665 = VECTOR('',#4666,1.);
#4666 = DIRECTION('',(-0.833954480829,1.225315935864E-16,-0.551833239217
    ));
#4667 = PCURVE('',#3966,#4668);
#4668 = DEFINITIONAL_REPRESENTATION('',(#4669),#4673);
#4669 = LINE('',#4670,#4671);
#4670 = CARTESIAN_POINT('',(-3.175,190.5));
#4671 = VECTOR('',#4672,1.);
#4672 = DIRECTION('',(0.,-1.));
#4673 = ( GEOMETRIC_REPRESENTATION_CONTEXT(2) 
PARAMETRIC_REPRESENTATION_CONTEXT() REPRESENTATION_CONTEXT('2D SPACE',''
  ) );
#4674 = PCURVE('',#4675,#4680);
#4675 = CYLINDRICAL_SURFACE('',#4676,3.175);
#4676 = AXIS2_PLACEMENT_3D('',#4677,#4678,#4679);
#4677 = CARTESIAN_POINT('',(158.86832859799,6.35,105.12423207081));
#4678 = DIRECTION('',(-0.833954480829,1.225315935864E-16,-0.551833239217
    ));
#4679 = DIRECTION('',(0.551833239217,-3.686951170381E-17,-0.833954480829
    ));
#4680 = DEFINITIONAL_REPRESENTATION('',(#4681),#4685);
#4681 = LINE('',#4682,#4683);
#4682 = CARTESIAN_POINT('',(9.424777960769,0.));
#4683 = VECTOR('',#4684,1.);
#4684 = DIRECTION('',(0.,1.));
#4685 = ( GEOMETRIC_REPRESENTATION_CONTEXT(2) 
PARAMETRIC_REPRESENTATION_CONTEXT() REPRESENTATION_CONTEXT('2D SPACE',''
  ) );
#4686 = ORIENTED_EDGE('',*,*,#4687,.T.);
#4687 = EDGE_CURVE('',#4660,#4688,#4690,.T.);
#4688 = VERTEX_POINT('',#4689);
#4689 = CARTESIAN_POINT('',(27.568695959574,6.35,27.379579242321));
#4690 = SURFACE_CURVE('',#4691,(#4695,#4702),.PCURVE_S1.);
#4691 = LINE('',#4692,#4693);
#4692 = CARTESIAN_POINT('',(31.773665242407,6.35,21.024846098401));
#4693 = VECTOR('',#4694,1.);
#4694 = DIRECTION('',(-0.551833239217,3.686951170381E-17,0.833954480829)
  );
#4695 = PCURVE('',#3966,#4696);
#4696 = DEFINITIONAL_REPRESENTATION('',(#4697),#4701);
#4697 = LINE('',#4698,#4699);
#4698 = CARTESIAN_POINT('',(0.,38.099999427795));
#4699 = VECTOR('',#4700,1.);
#4700 = DIRECTION('',(-1.,0.));
#4701 = ( GEOMETRIC_REPRESENTATION_CONTEXT(2) 
PARAMETRIC_REPRESENTATION_CONTEXT() REPRESENTATION_CONTEXT('2D SPACE',''
  ) );
#4702 = PCURVE('',#4703,#4708);
#4703 = PLANE('',#4704);
#4704 = AXIS2_PLACEMENT_3D('',#4705,#4706,#4707);
#4705 = CARTESIAN_POINT('',(38.781947380461,12.7,10.433624191868));
#4706 = DIRECTION('',(0.833954480829,-1.225315935864E-16,0.551833239217)
  );
#4707 = DIRECTION('',(-0.551833239217,3.686951170381E-17,0.833954480829)
  );
#4708 = DEFINITIONAL_REPRESENTATION('',(#4709),#4713);
#4709 = LINE('',#4710,#4711);
#4710 = CARTESIAN_POINT('',(12.7,6.35));
#4711 = VECTOR('',#4712,1.);
#4712 = DIRECTION('',(1.,0.));
#4713 = ( GEOMETRIC_REPRESENTATION_CONTEXT(2) 
PARAMETRIC_REPRESENTATION_CONTEXT() REPRESENTATION_CONTEXT('2D SPACE',''
  ) );
#4714 = ORIENTED_EDGE('',*,*,#4715,.F.);
#4715 = EDGE_CURVE('',#4716,#4688,#4718,.T.);
#4716 = VERTEX_POINT('',#4717);
#4717 = CARTESIAN_POINT('',(29.001871866966,6.35,34.419380860156));
#4718 = SURFACE_CURVE('',#4719,(#4724,#4731),.PCURVE_S1.);
#4719 = CIRCLE('',#4720,5.08);
#4720 = AXIS2_PLACEMENT_3D('',#4721,#4722,#4723);
#4721 = CARTESIAN_POINT('',(31.805184722188,6.35,30.182892097543));
#4722 = DIRECTION('',(-1.225315935864E-16,-1.,-3.686951170381E-17));
#4723 = DIRECTION('',(-0.551833239217,3.686951170381E-17,0.833954480829)
  );
#4724 = PCURVE('',#3966,#4725);
#4725 = DEFINITIONAL_REPRESENTATION('',(#4726),#4730);
#4726 = CIRCLE('',#4727,5.08);
#4727 = AXIS2_PLACEMENT_2D('',#4728,#4729);
#4728 = CARTESIAN_POINT('',(-7.62,43.179999427795));
#4729 = DIRECTION('',(-1.,0.));
#4730 = ( GEOMETRIC_REPRESENTATION_CONTEXT(2) 
PARAMETRIC_REPRESENTATION_CONTEXT() REPRESENTATION_CONTEXT('2D SPACE',''
  ) );
#4731 = PCURVE('',#4732,#4742);
#4732 = ( BOUNDED_SURFACE() B_SPLINE_SURFACE(2,2,(
    (#4733,#4734,#4735)
    ,(#4736,#4737,#4738)
    ,(#4739,#4740,#4741
)),.UNSPECIFIED.,.F.,.F.,.F.) B_SPLINE_SURFACE_WITH_KNOTS((3,3),(3,3),(
    -1.570796326795,-5.082127736203E-16),(1.570796326795,3.14159265359),
.PIECEWISE_BEZIER_KNOTS.) GEOMETRIC_REPRESENTATION_ITEM() 
RATIONAL_B_SPLINE_SURFACE((
    (1.,0.707106781186,1.)
    ,(0.707106781187,0.5,0.707106781187)
,(1.,0.707106781186,1.))) REPRESENTATION_ITEM('') SURFACE() );
#4733 = CARTESIAN_POINT('',(28.26952417338,7.62,26.320457051668));
#4734 = CARTESIAN_POINT('',(27.568695959574,7.62,27.379579242321));
#4735 = CARTESIAN_POINT('',(27.568695959574,6.35,27.379579242321));
#4736 = CARTESIAN_POINT('',(28.26952417338,12.7,26.320457051668));
#4737 = CARTESIAN_POINT('',(24.765383104352,12.700000000001,
    31.616068004935));
#4738 = CARTESIAN_POINT('',(24.765383104353,6.35,31.616068004935));
#4739 = CARTESIAN_POINT('',(32.506012935993,12.7,29.12376990689));
#4740 = CARTESIAN_POINT('',(29.001871866966,12.700000000001,
    34.419380860157));
#4741 = CARTESIAN_POINT('',(29.001871866966,6.35,34.419380860156));
#4742 = DEFINITIONAL_REPRESENTATION('',(#4743),#4769);
#4743 = B_SPLINE_CURVE_WITH_KNOTS('',3,(#4744,#4745,#4746,#4747,#4748,
    #4749,#4750,#4751,#4752,#4753,#4754,#4755,#4756,#4757,#4758,#4759,
    #4760,#4761,#4762,#4763,#4764,#4765,#4766,#4767,#4768),
  .UNSPECIFIED.,.F.,.F.,(4,1,1,1,1,1,1,1,1,1,1,1,1,1,1,1,1,1,1,1,1,1,4),
  (0.,7.139983303613E-02,0.142799666072,0.214199499108,0.285599332145,
    0.356999165181,0.428398998217,0.499798831253,0.571198664289,
    0.642598497325,0.713998330361,0.785398163397,0.856797996434,
    0.92819782947,0.999597662506,1.070997495542,1.142397328578,
    1.213797161614,1.28519699465,1.356596827687,1.427996660723,
    1.499396493759,1.570796326795),.QUASI_UNIFORM_KNOTS.);
#4744 = CARTESIAN_POINT('',(-5.082127736203E-16,3.14159265359));
#4745 = CARTESIAN_POINT('',(-2.643304852828E-02,3.14159265359));
#4746 = CARTESIAN_POINT('',(-7.852521262872E-02,3.14159265359));
#4747 = CARTESIAN_POINT('',(-0.154606454553,3.14159265359));
#4748 = CARTESIAN_POINT('',(-0.228904158181,3.14159265359));
#4749 = CARTESIAN_POINT('',(-0.301661439934,3.14159265359));
#4750 = CARTESIAN_POINT('',(-0.373106106239,3.14159265359));
#4751 = CARTESIAN_POINT('',(-0.443450603945,3.14159265359));
#4752 = CARTESIAN_POINT('',(-0.512895531033,3.14159265359));
#4753 = CARTESIAN_POINT('',(-0.581631810168,3.14159265359));
#4754 = CARTESIAN_POINT('',(-0.649842920765,3.14159265359));
#4755 = CARTESIAN_POINT('',(-0.717706886775,3.14159265359));
#4756 = CARTESIAN_POINT('',(-0.785398163397,3.14159265359));
#4757 = CARTESIAN_POINT('',(-0.85308944002,3.14159265359));
#4758 = CARTESIAN_POINT('',(-0.92095340603,3.14159265359));
#4759 = CARTESIAN_POINT('',(-0.989164516627,3.14159265359));
#4760 = CARTESIAN_POINT('',(-1.057900795762,3.14159265359));
#4761 = CARTESIAN_POINT('',(-1.12734572285,3.14159265359));
#4762 = CARTESIAN_POINT('',(-1.197690220556,3.14159265359));
#4763 = CARTESIAN_POINT('',(-1.269134886861,3.14159265359));
#4764 = CARTESIAN_POINT('',(-1.341892168614,3.14159265359));
#4765 = CARTESIAN_POINT('',(-1.416189872242,3.14159265359));
#4766 = CARTESIAN_POINT('',(-1.492271114166,3.14159265359));
#4767 = CARTESIAN_POINT('',(-1.544363278267,3.14159265359));
#4768 = CARTESIAN_POINT('',(-1.570796326795,3.14159265359));
#4769 = ( GEOMETRIC_REPRESENTATION_CONTEXT(2) 
PARAMETRIC_REPRESENTATION_CONTEXT() REPRESENTATION_CONTEXT('2D SPACE',''
  ) );
#4770 = ORIENTED_EDGE('',*,*,#4771,.F.);
#4771 = EDGE_CURVE('',#3944,#4716,#4772,.T.);
#4772 = SURFACE_CURVE('',#4773,(#4777,#4784),.PCURVE_S1.);
#4773 = LINE('',#4774,#4775);
#4774 = CARTESIAN_POINT('',(-86.44244643705,6.35,-41.97089412887));
#4775 = VECTOR('',#4776,1.);
#4776 = DIRECTION('',(0.833954480829,-1.225315935864E-16,0.551833239217)
  );
#4777 = PCURVE('',#3966,#4778);
#4778 = DEFINITIONAL_REPRESENTATION('',(#4779),#4783);
#4779 = LINE('',#4780,#4781);
#4780 = CARTESIAN_POINT('',(-12.7,-95.25));
#4781 = VECTOR('',#4782,1.);
#4782 = DIRECTION('',(0.,1.));
#4783 = ( GEOMETRIC_REPRESENTATION_CONTEXT(2) 
PARAMETRIC_REPRESENTATION_CONTEXT() REPRESENTATION_CONTEXT('2D SPACE',''
  ) );
#4784 = PCURVE('',#4468,#4785);
#4785 = DEFINITIONAL_REPRESENTATION('',(#4786),#4790);
#4786 = LINE('',#4787,#4788);
#4787 = CARTESIAN_POINT('',(95.25,6.35));
#4788 = VECTOR('',#4789,1.);
#4789 = DIRECTION('',(1.,0.));
#4790 = ( GEOMETRIC_REPRESENTATION_CONTEXT(2) 
PARAMETRIC_REPRESENTATION_CONTEXT() REPRESENTATION_CONTEXT('2D SPACE',''
  ) );
#4791 = ORIENTED_EDGE('',*,*,#3943,.T.);
#4792 = ORIENTED_EDGE('',*,*,#4793,.F.);
#4793 = EDGE_CURVE('',#4794,#3946,#4796,.T.);
#4794 = VERTEX_POINT('',#4795);
#4795 = CARTESIAN_POINT('',(43.018436143075,6.35,13.23693704709));
#4796 = SURFACE_CURVE('',#4797,(#4801,#4808),.PCURVE_S1.);
#4797 = LINE('',#4798,#4799);
#4798 = CARTESIAN_POINT('',(86.442446437053,6.35,41.970894128874));
#4799 = VECTOR('',#4800,1.);
#4800 = DIRECTION('',(-0.833954480829,1.225315935864E-16,-0.551833239217
    ));
#4801 = PCURVE('',#3966,#4802);
#4802 = DEFINITIONAL_REPRESENTATION('',(#4803),#4807);
#4803 = LINE('',#4804,#4805);
#4804 = CARTESIAN_POINT('',(12.7,95.25));
#4805 = VECTOR('',#4806,1.);
#4806 = DIRECTION('',(0.,-1.));
#4807 = ( GEOMETRIC_REPRESENTATION_CONTEXT(2) 
PARAMETRIC_REPRESENTATION_CONTEXT() REPRESENTATION_CONTEXT('2D SPACE',''
  ) );
#4808 = PCURVE('',#4582,#4809);
#4809 = DEFINITIONAL_REPRESENTATION('',(#4810),#4814);
#4810 = LINE('',#4811,#4812);
#4811 = CARTESIAN_POINT('',(0.785398163397,0.));
#4812 = VECTOR('',#4813,1.);
#4813 = DIRECTION('',(0.,1.));
#4814 = ( GEOMETRIC_REPRESENTATION_CONTEXT(2) 
PARAMETRIC_REPRESENTATION_CONTEXT() REPRESENTATION_CONTEXT('2D SPACE',''
  ) );
#4815 = ORIENTED_EDGE('',*,*,#4816,.F.);
#4816 = EDGE_CURVE('',#4817,#4794,#4819,.T.);
#4817 = VERTEX_POINT('',#4818);
#4818 = CARTESIAN_POINT('',(35.97863452524,6.35,14.670112954482));
#4819 = SURFACE_CURVE('',#4820,(#4825,#4832),.PCURVE_S1.);
#4820 = CIRCLE('',#4821,5.08);
#4821 = AXIS2_PLACEMENT_3D('',#4822,#4823,#4824);
#4822 = CARTESIAN_POINT('',(40.215123287853,6.35,17.473425809703));
#4823 = DIRECTION('',(-1.225315935864E-16,-1.,-3.686951170381E-17));
#4824 = DIRECTION('',(0.551833239217,-3.686951170381E-17,-0.833954480829
    ));
#4825 = PCURVE('',#3966,#4826);
#4826 = DEFINITIONAL_REPRESENTATION('',(#4827),#4831);
#4827 = CIRCLE('',#4828,5.08);
#4828 = AXIS2_PLACEMENT_2D('',#4829,#4830);
#4829 = CARTESIAN_POINT('',(7.62,43.179999427795));
#4830 = DIRECTION('',(1.,0.));
#4831 = ( GEOMETRIC_REPRESENTATION_CONTEXT(2) 
PARAMETRIC_REPRESENTATION_CONTEXT() REPRESENTATION_CONTEXT('2D SPACE',''
  ) );
#4832 = PCURVE('',#4833,#4843);
#4833 = ( BOUNDED_SURFACE() B_SPLINE_SURFACE(2,2,(
    (#4834,#4835,#4836)
    ,(#4837,#4838,#4839)
    ,(#4840,#4841,#4842
)),.UNSPECIFIED.,.F.,.F.,.F.) B_SPLINE_SURFACE_WITH_KNOTS((3,3),(3,3),(
    -1.570796326795,-6.11040884867E-14),(-2.352213708095E-13,
    1.570796326795),.PIECEWISE_BEZIER_KNOTS.) 
GEOMETRIC_REPRESENTATION_ITEM() RATIONAL_B_SPLINE_SURFACE((
    (1.,0.707106781186,1.)
    ,(0.707106781187,0.5,0.707106781187)
,(1.,0.707106781186,1.))) REPRESENTATION_ITEM('') SURFACE() );
#4834 = CARTESIAN_POINT('',(35.97863452524,6.35,14.670112954482));
#4835 = CARTESIAN_POINT('',(35.97863452524,7.62,14.670112954481));
#4836 = CARTESIAN_POINT('',(35.277806311434,7.62,15.729235145135));
#4837 = CARTESIAN_POINT('',(38.781947380461,6.35,10.433624191868));
#4838 = CARTESIAN_POINT('',(38.781947380463,12.700000000002,
    10.433624191867));
#4839 = CARTESIAN_POINT('',(35.277806311434,12.7,15.729235145134));
#4840 = CARTESIAN_POINT('',(43.018436143075,6.35,13.23693704709));
#4841 = CARTESIAN_POINT('',(43.018436143076,12.700000000002,
    13.236937047089));
#4842 = CARTESIAN_POINT('',(39.514295074047,12.7,18.532548000357));
#4843 = DEFINITIONAL_REPRESENTATION('',(#4844),#4870);
#4844 = B_SPLINE_CURVE_WITH_KNOTS('',3,(#4845,#4846,#4847,#4848,#4849,
    #4850,#4851,#4852,#4853,#4854,#4855,#4856,#4857,#4858,#4859,#4860,
    #4861,#4862,#4863,#4864,#4865,#4866,#4867,#4868,#4869),
  .UNSPECIFIED.,.F.,.F.,(4,1,1,1,1,1,1,1,1,1,1,1,1,1,1,1,1,1,1,1,1,1,4),
  (4.712388980385,4.783788813421,4.855188646457,4.926588479493,
    4.997988312529,5.069388145565,5.140787978601,5.212187811638,
    5.283587644674,5.35498747771,5.426387310746,5.497787143782,
    5.569186976818,5.640586809854,5.711986642891,5.783386475927,
    5.854786308963,5.926186141999,5.997585975035,6.068985808071,
    6.140385641107,6.211785474143,6.28318530718),.QUASI_UNIFORM_KNOTS.);
#4845 = CARTESIAN_POINT('',(-1.570796326795,-2.352213708095E-13));
#4846 = CARTESIAN_POINT('',(-1.544363278267,-2.352213708095E-13));
#4847 = CARTESIAN_POINT('',(-1.492271114166,-2.352213708095E-13));
#4848 = CARTESIAN_POINT('',(-1.416189872242,-2.352213708095E-13));
#4849 = CARTESIAN_POINT('',(-1.341892168614,-2.352213708095E-13));
#4850 = CARTESIAN_POINT('',(-1.269134886861,-2.352213708095E-13));
#4851 = CARTESIAN_POINT('',(-1.197690220556,-2.352213708095E-13));
#4852 = CARTESIAN_POINT('',(-1.12734572285,-2.352213708095E-13));
#4853 = CARTESIAN_POINT('',(-1.057900795762,-2.352213708095E-13));
#4854 = CARTESIAN_POINT('',(-0.989164516627,-2.352213708095E-13));
#4855 = CARTESIAN_POINT('',(-0.92095340603,-2.352213708095E-13));
#4856 = CARTESIAN_POINT('',(-0.85308944002,-2.352213708095E-13));
#4857 = CARTESIAN_POINT('',(-0.785398163398,-2.352213708095E-13));
#4858 = CARTESIAN_POINT('',(-0.717706886775,-2.352213708095E-13));
#4859 = CARTESIAN_POINT('',(-0.649842920765,-2.352213708095E-13));
#4860 = CARTESIAN_POINT('',(-0.581631810168,-2.352213708095E-13));
#4861 = CARTESIAN_POINT('',(-0.512895531033,-2.352213708095E-13));
#4862 = CARTESIAN_POINT('',(-0.443450603945,-2.352213708095E-13));
#4863 = CARTESIAN_POINT('',(-0.373106106239,-2.352213708095E-13));
#4864 = CARTESIAN_POINT('',(-0.301661439934,-2.352213708095E-13));
#4865 = CARTESIAN_POINT('',(-0.228904158181,-2.352213708095E-13));
#4866 = CARTESIAN_POINT('',(-0.154606454553,-2.352213708095E-13));
#4867 = CARTESIAN_POINT('',(-7.85252126288E-02,-2.352213708095E-13));
#4868 = CARTESIAN_POINT('',(-2.643304852835E-02,-2.352213708095E-13));
#4869 = CARTESIAN_POINT('',(-6.11040884867E-14,-2.352213708095E-13));
#4870 = ( GEOMETRIC_REPRESENTATION_CONTEXT(2) 
PARAMETRIC_REPRESENTATION_CONTEXT() REPRESENTATION_CONTEXT('2D SPACE',''
  ) );
#4871 = ORIENTED_EDGE('',*,*,#4872,.T.);
#4872 = EDGE_CURVE('',#4817,#4873,#4875,.T.);
#4873 = VERTEX_POINT('',#4874);
#4874 = CARTESIAN_POINT('',(33.525735776921,6.35,18.377040621768));
#4875 = SURFACE_CURVE('',#4876,(#4880,#4887),.PCURVE_S1.);
#4876 = LINE('',#4877,#4878);
#4877 = CARTESIAN_POINT('',(31.773665242407,6.35,21.024846098401));
#4878 = VECTOR('',#4879,1.);
#4879 = DIRECTION('',(-0.551833239217,3.686951170381E-17,0.833954480829)
  );
#4880 = PCURVE('',#3966,#4881);
#4881 = DEFINITIONAL_REPRESENTATION('',(#4882),#4886);
#4882 = LINE('',#4883,#4884);
#4883 = CARTESIAN_POINT('',(0.,38.099999427795));
#4884 = VECTOR('',#4885,1.);
#4885 = DIRECTION('',(-1.,0.));
#4886 = ( GEOMETRIC_REPRESENTATION_CONTEXT(2) 
PARAMETRIC_REPRESENTATION_CONTEXT() REPRESENTATION_CONTEXT('2D SPACE',''
  ) );
#4887 = PCURVE('',#4888,#4893);
#4888 = PLANE('',#4889);
#4889 = AXIS2_PLACEMENT_3D('',#4890,#4891,#4892);
#4890 = CARTESIAN_POINT('',(38.781947380461,12.7,10.433624191868));
#4891 = DIRECTION('',(0.833954480829,-1.225315935864E-16,0.551833239217)
  );
#4892 = DIRECTION('',(-0.551833239217,3.686951170381E-17,0.833954480829)
  );
#4893 = DEFINITIONAL_REPRESENTATION('',(#4894),#4898);
#4894 = LINE('',#4895,#4896);
#4895 = CARTESIAN_POINT('',(12.7,6.35));
#4896 = VECTOR('',#4897,1.);
#4897 = DIRECTION('',(1.,0.));
#4898 = ( GEOMETRIC_REPRESENTATION_CONTEXT(2) 
PARAMETRIC_REPRESENTATION_CONTEXT() REPRESENTATION_CONTEXT('2D SPACE',''
  ) );
#4899 = ORIENTED_EDGE('',*,*,#4900,.F.);
#4900 = EDGE_CURVE('',#4631,#4873,#4901,.T.);
#4901 = SURFACE_CURVE('',#4902,(#4906,#4913),.PCURVE_S1.);
#4902 = LINE('',#4903,#4904);
#4903 = CARTESIAN_POINT('',(160.62039913251,6.35,102.47642659418));
#4904 = VECTOR('',#4905,1.);
#4905 = DIRECTION('',(0.833954480829,-1.225315935864E-16,0.551833239217)
  );
#4906 = PCURVE('',#3966,#4907);
#4907 = DEFINITIONAL_REPRESENTATION('',(#4908),#4912);
#4908 = LINE('',#4909,#4910);
#4909 = CARTESIAN_POINT('',(3.175,190.5));
#4910 = VECTOR('',#4911,1.);
#4911 = DIRECTION('',(0.,1.));
#4912 = ( GEOMETRIC_REPRESENTATION_CONTEXT(2) 
PARAMETRIC_REPRESENTATION_CONTEXT() REPRESENTATION_CONTEXT('2D SPACE',''
  ) );
#4913 = PCURVE('',#4675,#4914);
#4914 = DEFINITIONAL_REPRESENTATION('',(#4915),#4919);
#4915 = LINE('',#4916,#4917);
#4916 = CARTESIAN_POINT('',(6.28318530718,0.));
#4917 = VECTOR('',#4918,1.);
#4918 = DIRECTION('',(0.,-1.));
#4919 = ( GEOMETRIC_REPRESENTATION_CONTEXT(2) 
PARAMETRIC_REPRESENTATION_CONTEXT() REPRESENTATION_CONTEXT('2D SPACE',''
  ) );
#4920 = ADVANCED_FACE('',(#4921),#4044,.F.);
#4921 = FACE_BOUND('',#4922,.F.);
#4922 = EDGE_LOOP('',(#4923,#4924,#4945,#4946));
#4923 = ORIENTED_EDGE('',*,*,#4398,.T.);
#4924 = ORIENTED_EDGE('',*,*,#4925,.T.);
#4925 = EDGE_CURVE('',#4399,#4028,#4926,.T.);
#4926 = SEAM_CURVE('',#4927,(#4931,#4938),.PCURVE_S1.);
#4927 = LINE('',#4928,#4929);
#4928 = CARTESIAN_POINT('',(-5.401523172332,6.35,-3.574223890408));
#4929 = VECTOR('',#4930,1.);
#4930 = DIRECTION('',(5.176899690513E-31,1.,2.22044604925E-16));
#4931 = PCURVE('',#4044,#4932);
#4932 = DEFINITIONAL_REPRESENTATION('',(#4933),#4937);
#4933 = LINE('',#4934,#4935);
#4934 = CARTESIAN_POINT('',(3.14159265359,0.));
#4935 = VECTOR('',#4936,1.);
#4936 = DIRECTION('',(0.,1.));
#4937 = ( GEOMETRIC_REPRESENTATION_CONTEXT(2) 
PARAMETRIC_REPRESENTATION_CONTEXT() REPRESENTATION_CONTEXT('2D SPACE',''
  ) );
#4938 = PCURVE('',#4044,#4939);
#4939 = DEFINITIONAL_REPRESENTATION('',(#4940),#4944);
#4940 = LINE('',#4941,#4942);
#4941 = CARTESIAN_POINT('',(9.424777960769,0.));
#4942 = VECTOR('',#4943,1.);
#4943 = DIRECTION('',(0.,1.));
#4944 = ( GEOMETRIC_REPRESENTATION_CONTEXT(2) 
PARAMETRIC_REPRESENTATION_CONTEXT() REPRESENTATION_CONTEXT('2D SPACE',''
  ) );
#4945 = ORIENTED_EDGE('',*,*,#4027,.T.);
#4946 = ORIENTED_EDGE('',*,*,#4925,.F.);
#4947 = ADVANCED_FACE('',(#4948),#4142,.T.);
#4948 = FACE_BOUND('',#4949,.T.);
#4949 = EDGE_LOOP('',(#4950,#4951,#4952,#4953));
#4950 = ORIENTED_EDGE('',*,*,#4105,.T.);
#4951 = ORIENTED_EDGE('',*,*,#4482,.T.);
#4952 = ORIENTED_EDGE('',*,*,#4277,.F.);
#4953 = ORIENTED_EDGE('',*,*,#4160,.T.);
#4954 = ADVANCED_FACE('',(#4955),#4345,.F.);
#4955 = FACE_BOUND('',#4956,.F.);
#4956 = EDGE_LOOP('',(#4957,#4958,#4979,#5008));
#4957 = ORIENTED_EDGE('',*,*,#4326,.F.);
#4958 = ORIENTED_EDGE('',*,*,#4959,.F.);
#4959 = EDGE_CURVE('',#4960,#4327,#4962,.T.);
#4960 = VERTEX_POINT('',#4961);
#4961 = CARTESIAN_POINT('',(6.939216995649,-4.911709940813E-15,
    19.820375059199));
#4962 = SURFACE_CURVE('',#4963,(#4967,#4973),.PCURVE_S1.);
#4963 = LINE('',#4964,#4965);
#4964 = CARTESIAN_POINT('',(6.939216995649,-50.,19.820375059199));
#4965 = VECTOR('',#4966,1.);
#4966 = DIRECTION('',(0.,1.,0.));
#4967 = PCURVE('',#4345,#4968);
#4968 = DEFINITIONAL_REPRESENTATION('',(#4969),#4972);
#4969 = B_SPLINE_CURVE_WITH_KNOTS('',1,(#4970,#4971),.UNSPECIFIED.,.F.,
  .F.,(2,2),(49.365,56.985),.PIECEWISE_BEZIER_KNOTS.);
#4970 = CARTESIAN_POINT('',(0.33676856362,49.365));
#4971 = CARTESIAN_POINT('',(0.33676856362,56.985));
#4972 = ( GEOMETRIC_REPRESENTATION_CONTEXT(2) 
PARAMETRIC_REPRESENTATION_CONTEXT() REPRESENTATION_CONTEXT('2D SPACE',''
  ) );
#4973 = PCURVE('',#4468,#4974);
#4974 = DEFINITIONAL_REPRESENTATION('',(#4975),#4978);
#4975 = B_SPLINE_CURVE_WITH_KNOTS('',1,(#4976,#4977),.UNSPECIFIED.,.F.,
  .F.,(2,2),(49.365,56.985),.PIECEWISE_BEZIER_KNOTS.);
#4976 = CARTESIAN_POINT('',(207.22453287838,-0.635));
#4977 = CARTESIAN_POINT('',(207.22453287838,6.985));
#4978 = ( GEOMETRIC_REPRESENTATION_CONTEXT(2) 
PARAMETRIC_REPRESENTATION_CONTEXT() REPRESENTATION_CONTEXT('2D SPACE',''
  ) );
#4979 = ORIENTED_EDGE('',*,*,#4980,.T.);
#4980 = EDGE_CURVE('',#4960,#4981,#4983,.T.);
#4981 = VERTEX_POINT('',#4982);
#4982 = CARTESIAN_POINT('',(20.197349813595,-6.017496845739E-15,
    5.750396552175));
#4983 = SURFACE_CURVE('',#4984,(#4989,#4996),.PCURVE_S1.);
#4984 = CIRCLE('',#4985,21.);
#4985 = AXIS2_PLACEMENT_3D('',#4986,#4987,#4988);
#4986 = CARTESIAN_POINT('',(0.,0.,0.));
#4987 = DIRECTION('',(0.,1.,0.));
#4988 = DIRECTION('',(0.,-0.,1.));
#4989 = PCURVE('',#4345,#4990);
#4990 = DEFINITIONAL_REPRESENTATION('',(#4991),#4995);
#4991 = LINE('',#4992,#4993);
#4992 = CARTESIAN_POINT('',(0.,50.));
#4993 = VECTOR('',#4994,1.);
#4994 = DIRECTION('',(1.,0.));
#4995 = ( GEOMETRIC_REPRESENTATION_CONTEXT(2) 
PARAMETRIC_REPRESENTATION_CONTEXT() REPRESENTATION_CONTEXT('2D SPACE',''
  ) );
#4996 = PCURVE('',#4997,#5002);
#4997 = PLANE('',#4998);
#4998 = AXIS2_PLACEMENT_3D('',#4999,#5000,#5001);
#4999 = CARTESIAN_POINT('',(-1.938664110101E-31,-3.330669073875E-15,
    3.04401695898E-30));
#5000 = DIRECTION('',(1.225315935864E-16,1.,3.686951170381E-17));
#5001 = DIRECTION('',(0.833954480829,-1.225315935864E-16,0.551833239217)
  );
#5002 = DEFINITIONAL_REPRESENTATION('',(#5003),#5007);
#5003 = CIRCLE('',#5004,21.);
#5004 = AXIS2_PLACEMENT_2D('',#5005,#5006);
#5005 = CARTESIAN_POINT('',(-1.926226165892E-30,2.522753369824E-30));
#5006 = DIRECTION('',(0.551833239217,-0.833954480829));
#5007 = ( GEOMETRIC_REPRESENTATION_CONTEXT(2) 
PARAMETRIC_REPRESENTATION_CONTEXT() REPRESENTATION_CONTEXT('2D SPACE',''
  ) );
#5008 = ORIENTED_EDGE('',*,*,#5009,.F.);
#5009 = EDGE_CURVE('',#4329,#4981,#5010,.T.);
#5010 = SURFACE_CURVE('',#5011,(#5044,#5080),.PCURVE_S1.);
#5011 = B_SPLINE_CURVE_WITH_KNOTS('',7,(#5012,#5013,#5014,#5015,#5016,
    #5017,#5018,#5019,#5020,#5021,#5022,#5023,#5024,#5025,#5026,#5027,
    #5028,#5029,#5030,#5031,#5032,#5033,#5034,#5035,#5036,#5037,#5038,
    #5039,#5040,#5041,#5042,#5043),.UNSPECIFIED.,.F.,.F.,(8,6,6,6,6,8),(
    0.,0.204481255913,0.346911786894,0.632047939051,0.879873582043,1.),
  .UNSPECIFIED.);
#5012 = CARTESIAN_POINT('',(20.981342269784,10.840128060535,
    0.88502912843));
#5013 = CARTESIAN_POINT('',(20.996368381565,10.53476213772,
    0.528805831226));
#5014 = CARTESIAN_POINT('',(21.003133490245,10.209069894547,
    0.200848245831));
#5015 = CARTESIAN_POINT('',(21.003608528253,9.865584137522,
    -9.717554481186E-02));
#5016 = CARTESIAN_POINT('',(20.999693991606,9.506447969926,
    -0.363704786356));
#5017 = CARTESIAN_POINT('',(20.993152509697,9.133489632435,
    -0.597216477669));
#5018 = CARTESIAN_POINT('',(20.985534669608,8.748297843692,
    -0.796153956724));
#5019 = CARTESIAN_POINT('',(20.972918181193,8.076465418891,
    -1.072181411166));
#5020 = CARTESIAN_POINT('',(20.967829519027,7.795568674105,
    -1.167853597128));
#5021 = CARTESIAN_POINT('',(20.963266311002,7.510621554619,
    -1.245135822856));
#5022 = CARTESIAN_POINT('',(20.959589153561,7.222617965112,
    -1.303483748493));
#5023 = CARTESIAN_POINT('',(20.957051326014,6.932535963606,
    -1.342528534752));
#5024 = CARTESIAN_POINT('',(20.955781271757,6.641342714812,
    -1.362068753868));
#5025 = CARTESIAN_POINT('',(20.955781271757,5.766751871333,
    -1.362068753868));
#5026 = CARTESIAN_POINT('',(20.960871576265,5.186852542758,
    -1.283755990754));
#5027 = CARTESIAN_POINT('',(20.970945276046,4.616181107739,
    -1.128753080246));
#5028 = CARTESIAN_POINT('',(20.983977637,4.06054891748,-0.899810916794)
  );
#5029 = CARTESIAN_POINT('',(20.996193944852,3.526271197554,
    -0.601063104668));
#5030 = CARTESIAN_POINT('',(21.002830777017,3.020280089635,
    -0.238303636507));
#5031 = CARTESIAN_POINT('',(20.996084302575,2.140697551942,
    0.545126568634));
#5032 = CARTESIAN_POINT('',(20.98519113976,1.75640138496,0.953827803148)
  );
#5033 = CARTESIAN_POINT('',(20.963319315806,1.399450178963,
    1.404936535505));
#5034 = CARTESIAN_POINT('',(20.926869581164,1.073666529644,1.89685019182
    ));
#5035 = CARTESIAN_POINT('',(20.871907040826,0.784380050945,
    2.427824233967));
#5036 = CARTESIAN_POINT('',(20.794201341402,0.538783997942,
    2.995379146726));
#5037 = CARTESIAN_POINT('',(20.639340367506,0.25324447942,3.886492287426
    ));
#5038 = CARTESIAN_POINT('',(20.582465201082,0.172415956978,
    4.185475863135));
#5039 = CARTESIAN_POINT('',(20.518974888354,0.105447860396,
    4.491121616177));
#5040 = CARTESIAN_POINT('',(20.448684302921,5.364689798537E-02,
    4.801959785807));
#5041 = CARTESIAN_POINT('',(20.371548370002,1.816454678803E-02,
    5.11647471029));
#5042 = CARTESIAN_POINT('',(20.287678732484,-6.649115907273E-15,
    5.433130645984));
#5043 = CARTESIAN_POINT('',(20.197349813595,-6.661338147751E-15,
    5.750396552175));
#5044 = PCURVE('',#4345,#5045);
#5045 = DEFINITIONAL_REPRESENTATION('',(#5046),#5079);
#5046 = B_SPLINE_CURVE_WITH_KNOTS('',7,(#5047,#5048,#5049,#5050,#5051,
    #5052,#5053,#5054,#5055,#5056,#5057,#5058,#5059,#5060,#5061,#5062,
    #5063,#5064,#5065,#5066,#5067,#5068,#5069,#5070,#5071,#5072,#5073,
    #5074,#5075,#5076,#5077,#5078),.UNSPECIFIED.,.F.,.F.,(8,6,6,6,6,8),(
    0.,0.204481255913,0.346911786894,0.632047939051,0.879873582043,1.),
  .UNSPECIFIED.);
#5047 = CARTESIAN_POINT('',(1.528639596941,60.840128060535));
#5048 = CARTESIAN_POINT('',(1.545617695512,60.53476213772));
#5049 = CARTESIAN_POINT('',(1.561234421288,60.209069894547));
#5050 = CARTESIAN_POINT('',(1.575422381364,59.865584137522));
#5051 = CARTESIAN_POINT('',(1.588113311513,59.506447969926));
#5052 = CARTESIAN_POINT('',(1.599236319321,59.133489632435));
#5053 = CARTESIAN_POINT('',(1.608716211375,58.748297843692));
#5054 = CARTESIAN_POINT('',(1.621874098863,58.076465418891));
#5055 = CARTESIAN_POINT('',(1.626436228786,57.795568674105));
#5056 = CARTESIAN_POINT('',(1.630122679817,57.510621554619));
#5057 = CARTESIAN_POINT('',(1.632906655531,57.222617965112));
#5058 = CARTESIAN_POINT('',(1.634769857442,56.932535963606));
#5059 = CARTESIAN_POINT('',(1.63570230655,56.641342714812));
#5060 = CARTESIAN_POINT('',(1.63570230655,55.766751871333));
#5061 = CARTESIAN_POINT('',(1.631965251505,55.186852542758));
#5062 = CARTESIAN_POINT('',(1.624568625267,54.616181107739));
#5063 = CARTESIAN_POINT('',(1.61364920849,54.06054891748));
#5064 = CARTESIAN_POINT('',(1.599415646037,53.526271197554));
#5065 = CARTESIAN_POINT('',(1.582144752619,53.020280089635));
#5066 = CARTESIAN_POINT('',(1.544837169139,52.140697551942));
#5067 = CARTESIAN_POINT('',(1.52537145258,51.75640138496));
#5068 = CARTESIAN_POINT('',(1.503873425916,51.399450178963));
#5069 = CARTESIAN_POINT('',(1.480399825595,51.073666529644));
#5070 = CARTESIAN_POINT('',(1.455000680492,50.784380050945));
#5071 = CARTESIAN_POINT('',(1.427739804899,50.538783997942));
#5072 = CARTESIAN_POINT('',(1.384669842546,50.25324447942));
#5073 = CARTESIAN_POINT('',(1.37017905164,50.172415956978));
#5074 = CARTESIAN_POINT('',(1.355317228218,50.105447860396));
#5075 = CARTESIAN_POINT('',(1.340146014871,50.053646897985));
#5076 = CARTESIAN_POINT('',(1.32472941568,50.018164546788));
#5077 = CARTESIAN_POINT('',(1.309133282169,50.));
#5078 = CARTESIAN_POINT('',(1.293424988303,50.));
#5079 = ( GEOMETRIC_REPRESENTATION_CONTEXT(2) 
PARAMETRIC_REPRESENTATION_CONTEXT() REPRESENTATION_CONTEXT('2D SPACE',''
  ) );
#5080 = PCURVE('',#4582,#5081);
#5081 = DEFINITIONAL_REPRESENTATION('',(#5082),#5115);
#5082 = B_SPLINE_CURVE_WITH_KNOTS('',7,(#5083,#5084,#5085,#5086,#5087,
    #5088,#5089,#5090,#5091,#5092,#5093,#5094,#5095,#5096,#5097,#5098,
    #5099,#5100,#5101,#5102,#5103,#5104,#5105,#5106,#5107,#5108,#5109,
    #5110,#5111,#5112,#5113,#5114),.UNSPECIFIED.,.F.,.F.,(8,6,6,6,6,8),(
    0.,0.204481255913,0.346911786894,0.632047939051,0.879873582043,1.),
  .UNSPECIFIED.);
#5083 = CARTESIAN_POINT('',(0.,77.264127109556));
#5084 = CARTESIAN_POINT('',(6.80082881152E-02,77.448171872287));
#5085 = CARTESIAN_POINT('',(0.135147563999,77.623507976265));
#5086 = CARTESIAN_POINT('',(0.201615296679,77.787571249944));
#5087 = CARTESIAN_POINT('',(0.267600442308,77.937915490028));
#5088 = CARTESIAN_POINT('',(0.333291829147,78.072230301189));
#5089 = CARTESIAN_POINT('',(0.398887031192,78.188363546535));
#5090 = CARTESIAN_POINT('',(0.510375018913,78.351206247878));
#5091 = CARTESIAN_POINT('',(0.556176522883,78.408245052775));
#5092 = CARTESIAN_POINT('',(0.601992875156,78.454697461512));
#5093 = CARTESIAN_POINT('',(0.647820231047,78.489962368242));
#5094 = CARTESIAN_POINT('',(0.693660229417,78.513625011772));
#5095 = CARTESIAN_POINT('',(0.739517420907,78.52546712162));
#5096 = CARTESIAN_POINT('',(0.8772482624,78.52546712162));
#5097 = CARTESIAN_POINT('',(0.968571024774,78.478006453627));
#5098 = CARTESIAN_POINT('',(1.059706027447,78.384069688362));
#5099 = CARTESIAN_POINT('',(1.150939089717,78.246863396898));
#5100 = CARTESIAN_POINT('',(1.242484445827,78.07181657935));
#5101 = CARTESIAN_POINT('',(1.334489529824,77.866099031056));
#5102 = CARTESIAN_POINT('',(1.50738856359,77.439402455843));
#5103 = CARTESIAN_POINT('',(1.588562706058,77.222951931669));
#5104 = CARTESIAN_POINT('',(1.671040155974,76.992255244245));
#5105 = CARTESIAN_POINT('',(1.75532121732,76.751198357394));
#5106 = CARTESIAN_POINT('',(1.841920008851,76.50402548857));
#5107 = CARTESIAN_POINT('',(1.931376209618,76.255632838849));
#5108 = CARTESIAN_POINT('',(2.069395774476,75.893033990994));
#5109 = CARTESIAN_POINT('',(2.115339325799,75.775476215825));
#5110 = CARTESIAN_POINT('',(2.162091887868,75.659758760659));
#5111 = CARTESIAN_POINT('',(2.209594952407,75.546847075323));
#5112 = CARTESIAN_POINT('',(2.257802284431,75.437615142654));
#5113 = CARTESIAN_POINT('',(2.306677667517,75.332817331956));
#5114 = CARTESIAN_POINT('',(2.356194490192,75.233069665905));
#5115 = ( GEOMETRIC_REPRESENTATION_CONTEXT(2) 
PARAMETRIC_REPRESENTATION_CONTEXT() REPRESENTATION_CONTEXT('2D SPACE',''
  ) );
#5116 = ADVANCED_FACE('',(#5117),#4468,.T.);
#5117 = FACE_BOUND('',#5118,.T.);
#5118 = EDGE_LOOP('',(#5119,#5120,#5121,#5122,#5145,#5173));
#5119 = ORIENTED_EDGE('',*,*,#4771,.F.);
#5120 = ORIENTED_EDGE('',*,*,#4455,.F.);
#5121 = ORIENTED_EDGE('',*,*,#4959,.F.);
#5122 = ORIENTED_EDGE('',*,*,#5123,.T.);
#5123 = EDGE_CURVE('',#4960,#5124,#5126,.T.);
#5124 = VERTEX_POINT('',#5125);
#5125 = CARTESIAN_POINT('',(151.86004645994,-2.620469485345E-14,
    115.71545397734));
#5126 = SURFACE_CURVE('',#5127,(#5131,#5138),.PCURVE_S1.);
#5127 = LINE('',#5128,#5129);
#5128 = CARTESIAN_POINT('',(-165.876610736,2.047984230297E-14,
    -94.53301016428));
#5129 = VECTOR('',#5130,1.);
#5130 = DIRECTION('',(0.833954480829,-1.225315935864E-16,0.551833239217)
  );
#5131 = PCURVE('',#4468,#5132);
#5132 = DEFINITIONAL_REPRESENTATION('',(#5133),#5137);
#5133 = LINE('',#5134,#5135);
#5134 = CARTESIAN_POINT('',(0.,0.));
#5135 = VECTOR('',#5136,1.);
#5136 = DIRECTION('',(1.,0.));
#5137 = ( GEOMETRIC_REPRESENTATION_CONTEXT(2) 
PARAMETRIC_REPRESENTATION_CONTEXT() REPRESENTATION_CONTEXT('2D SPACE',''
  ) );
#5138 = PCURVE('',#4997,#5139);
#5139 = DEFINITIONAL_REPRESENTATION('',(#5140),#5144);
#5140 = LINE('',#5141,#5142);
#5141 = CARTESIAN_POINT('',(-190.5,-12.7));
#5142 = VECTOR('',#5143,1.);
#5143 = DIRECTION('',(1.,0.));
#5144 = ( GEOMETRIC_REPRESENTATION_CONTEXT(2) 
PARAMETRIC_REPRESENTATION_CONTEXT() REPRESENTATION_CONTEXT('2D SPACE',''
  ) );
#5145 = ORIENTED_EDGE('',*,*,#5146,.T.);
#5146 = EDGE_CURVE('',#5124,#5147,#5149,.T.);
#5147 = VERTEX_POINT('',#5148);
#5148 = CARTESIAN_POINT('',(151.86004645994,6.35,115.71545397734));
#5149 = SURFACE_CURVE('',#5150,(#5154,#5161),.PCURVE_S1.);
#5150 = LINE('',#5151,#5152);
#5151 = CARTESIAN_POINT('',(151.86004645994,-2.620469485345E-14,
    115.71545397734));
#5152 = VECTOR('',#5153,1.);
#5153 = DIRECTION('',(1.225315935864E-16,1.,3.686951170381E-17));
#5154 = PCURVE('',#4468,#5155);
#5155 = DEFINITIONAL_REPRESENTATION('',(#5156),#5160);
#5156 = LINE('',#5157,#5158);
#5157 = CARTESIAN_POINT('',(381.,0.));
#5158 = VECTOR('',#5159,1.);
#5159 = DIRECTION('',(0.,1.));
#5160 = ( GEOMETRIC_REPRESENTATION_CONTEXT(2) 
PARAMETRIC_REPRESENTATION_CONTEXT() REPRESENTATION_CONTEXT('2D SPACE',''
  ) );
#5161 = PCURVE('',#5162,#5167);
#5162 = PLANE('',#5163);
#5163 = AXIS2_PLACEMENT_3D('',#5164,#5165,#5166);
#5164 = CARTESIAN_POINT('',(151.86004645994,-2.620469485345E-14,
    115.71545397734));
#5165 = DIRECTION('',(0.833954480829,-1.225315935864E-16,0.551833239217)
  );
#5166 = DIRECTION('',(0.551833239217,-3.686951170381E-17,-0.833954480829
    ));
#5167 = DEFINITIONAL_REPRESENTATION('',(#5168),#5172);
#5168 = LINE('',#5169,#5170);
#5169 = CARTESIAN_POINT('',(0.,0.));
#5170 = VECTOR('',#5171,1.);
#5171 = DIRECTION('',(0.,1.));
#5172 = ( GEOMETRIC_REPRESENTATION_CONTEXT(2) 
PARAMETRIC_REPRESENTATION_CONTEXT() REPRESENTATION_CONTEXT('2D SPACE',''
  ) );
#5173 = ORIENTED_EDGE('',*,*,#5174,.F.);
#5174 = EDGE_CURVE('',#4716,#5147,#5175,.T.);
#5175 = SURFACE_CURVE('',#5176,(#5180,#5187),.PCURVE_S1.);
#5176 = LINE('',#5177,#5178);
#5177 = CARTESIAN_POINT('',(-86.44244643705,6.35,-41.97089412887));
#5178 = VECTOR('',#5179,1.);
#5179 = DIRECTION('',(0.833954480829,-1.225315935864E-16,0.551833239217)
  );
#5180 = PCURVE('',#4468,#5181);
#5181 = DEFINITIONAL_REPRESENTATION('',(#5182),#5186);
#5182 = LINE('',#5183,#5184);
#5183 = CARTESIAN_POINT('',(95.25,6.35));
#5184 = VECTOR('',#5185,1.);
#5185 = DIRECTION('',(1.,0.));
#5186 = ( GEOMETRIC_REPRESENTATION_CONTEXT(2) 
PARAMETRIC_REPRESENTATION_CONTEXT() REPRESENTATION_CONTEXT('2D SPACE',''
  ) );
#5187 = PCURVE('',#5188,#5193);
#5188 = CYLINDRICAL_SURFACE('',#5189,6.35);
#5189 = AXIS2_PLACEMENT_3D('',#5190,#5191,#5192);
#5190 = CARTESIAN_POINT('',(-82.93830536802,6.35,-47.26650508214));
#5191 = DIRECTION('',(0.833954480829,-1.225315935864E-16,0.551833239217)
  );
#5192 = DIRECTION('',(-0.390205025534,0.707106781187,0.589694868595));
#5193 = DEFINITIONAL_REPRESENTATION('',(#5194),#5198);
#5194 = LINE('',#5195,#5196);
#5195 = CARTESIAN_POINT('',(0.785398163397,0.));
#5196 = VECTOR('',#5197,1.);
#5197 = DIRECTION('',(0.,1.));
#5198 = ( GEOMETRIC_REPRESENTATION_CONTEXT(2) 
PARAMETRIC_REPRESENTATION_CONTEXT() REPRESENTATION_CONTEXT('2D SPACE',''
  ) );
#5199 = ADVANCED_FACE('',(#5200),#4582,.T.);
#5200 = FACE_BOUND('',#5201,.T.);
#5201 = EDGE_LOOP('',(#5202,#5248,#5276,#5304,#5325,#5326,#5327));
#5202 = ORIENTED_EDGE('',*,*,#5203,.F.);
#5203 = EDGE_CURVE('',#5204,#4794,#5206,.T.);
#5204 = VERTEX_POINT('',#5205);
#5205 = CARTESIAN_POINT('',(39.514295074047,12.7,18.532548000357));
#5206 = SURFACE_CURVE('',#5207,(#5212,#5219),.PCURVE_S1.);
#5207 = CIRCLE('',#5208,6.35);
#5208 = AXIS2_PLACEMENT_3D('',#5209,#5210,#5211);
#5209 = CARTESIAN_POINT('',(39.514295074047,6.35,18.532548000357));
#5210 = DIRECTION('',(-0.833954480829,1.387778780781E-16,-0.551833239217
    ));
#5211 = DIRECTION('',(0.390205025534,0.707106781187,-0.589694868595));
#5212 = PCURVE('',#4582,#5213);
#5213 = DEFINITIONAL_REPRESENTATION('',(#5214),#5218);
#5214 = LINE('',#5215,#5216);
#5215 = CARTESIAN_POINT('',(-6.28318530718,52.070000572205));
#5216 = VECTOR('',#5217,1.);
#5217 = DIRECTION('',(1.,0.));
#5218 = ( GEOMETRIC_REPRESENTATION_CONTEXT(2) 
PARAMETRIC_REPRESENTATION_CONTEXT() REPRESENTATION_CONTEXT('2D SPACE',''
  ) );
#5219 = PCURVE('',#4833,#5220);
#5220 = DEFINITIONAL_REPRESENTATION('',(#5221),#5247);
#5221 = B_SPLINE_CURVE_WITH_KNOTS('',3,(#5222,#5223,#5224,#5225,#5226,
    #5227,#5228,#5229,#5230,#5231,#5232,#5233,#5234,#5235,#5236,#5237,
    #5238,#5239,#5240,#5241,#5242,#5243,#5244,#5245,#5246),
  .UNSPECIFIED.,.F.,.F.,(4,1,1,1,1,1,1,1,1,1,1,1,1,1,1,1,1,1,1,1,1,1,4),
  (5.497787143782,5.569186976818,5.640586809854,5.711986642891,
    5.783386475927,5.854786308963,5.926186141999,5.997585975035,
    6.068985808071,6.140385641107,6.211785474143,6.28318530718,
    6.354585140216,6.425984973252,6.497384806288,6.568784639324,
    6.64018447236,6.711584305396,6.782984138433,6.854383971469,
    6.925783804505,6.997183637541,7.068583470577),
  .QUASI_UNIFORM_KNOTS.);
#5222 = CARTESIAN_POINT('',(-6.11040884867E-14,1.570796326795));
#5223 = CARTESIAN_POINT('',(-6.11040884867E-14,1.544363278267));
#5224 = CARTESIAN_POINT('',(-6.11040884867E-14,1.492271114166));
#5225 = CARTESIAN_POINT('',(-6.11040884867E-14,1.416189872242));
#5226 = CARTESIAN_POINT('',(-6.11040884867E-14,1.341892168614));
#5227 = CARTESIAN_POINT('',(-6.11040884867E-14,1.269134886861));
#5228 = CARTESIAN_POINT('',(-6.11040884867E-14,1.197690220556));
#5229 = CARTESIAN_POINT('',(-6.11040884867E-14,1.12734572285));
#5230 = CARTESIAN_POINT('',(-6.11040884867E-14,1.057900795762));
#5231 = CARTESIAN_POINT('',(-6.11040884867E-14,0.989164516627));
#5232 = CARTESIAN_POINT('',(-6.11040884867E-14,0.92095340603));
#5233 = CARTESIAN_POINT('',(-6.11040884867E-14,0.85308944002));
#5234 = CARTESIAN_POINT('',(-6.11040884867E-14,0.785398163397));
#5235 = CARTESIAN_POINT('',(-6.11040884867E-14,0.717706886775));
#5236 = CARTESIAN_POINT('',(-6.11040884867E-14,0.649842920765));
#5237 = CARTESIAN_POINT('',(-6.11040884867E-14,0.581631810168));
#5238 = CARTESIAN_POINT('',(-6.11040884867E-14,0.512895531033));
#5239 = CARTESIAN_POINT('',(-6.11040884867E-14,0.443450603944));
#5240 = CARTESIAN_POINT('',(-6.11040884867E-14,0.373106106239));
#5241 = CARTESIAN_POINT('',(-6.11040884867E-14,0.301661439934));
#5242 = CARTESIAN_POINT('',(-6.11040884867E-14,0.228904158181));
#5243 = CARTESIAN_POINT('',(-6.11040884867E-14,0.154606454553));
#5244 = CARTESIAN_POINT('',(-6.11040884867E-14,7.852521262851E-02));
#5245 = CARTESIAN_POINT('',(-6.11040884867E-14,2.643304852806E-02));
#5246 = CARTESIAN_POINT('',(-6.11040884867E-14,-2.352213708095E-13));
#5247 = ( GEOMETRIC_REPRESENTATION_CONTEXT(2) 
PARAMETRIC_REPRESENTATION_CONTEXT() REPRESENTATION_CONTEXT('2D SPACE',''
  ) );
#5248 = ORIENTED_EDGE('',*,*,#5249,.T.);
#5249 = EDGE_CURVE('',#5204,#5250,#5252,.T.);
#5250 = VERTEX_POINT('',#5251);
#5251 = CARTESIAN_POINT('',(162.37246966702,12.7,99.828621117548));
#5252 = SURFACE_CURVE('',#5253,(#5257,#5264),.PCURVE_S1.);
#5253 = LINE('',#5254,#5255);
#5254 = CARTESIAN_POINT('',(82.938305368026,12.7,47.266505082141));
#5255 = VECTOR('',#5256,1.);
#5256 = DIRECTION('',(0.833954480829,-1.225315935864E-16,0.551833239217)
  );
#5257 = PCURVE('',#4582,#5258);
#5258 = DEFINITIONAL_REPRESENTATION('',(#5259),#5263);
#5259 = LINE('',#5260,#5261);
#5260 = CARTESIAN_POINT('',(-0.785398163397,0.));
#5261 = VECTOR('',#5262,1.);
#5262 = DIRECTION('',(0.,-1.));
#5263 = ( GEOMETRIC_REPRESENTATION_CONTEXT(2) 
PARAMETRIC_REPRESENTATION_CONTEXT() REPRESENTATION_CONTEXT('2D SPACE',''
  ) );
#5264 = PCURVE('',#5265,#5270);
#5265 = PLANE('',#5266);
#5266 = AXIS2_PLACEMENT_3D('',#5267,#5268,#5269);
#5267 = CARTESIAN_POINT('',(1.556151238547E-15,12.7,4.682427986384E-16)
  );
#5268 = DIRECTION('',(1.225315935864E-16,1.,3.686951170381E-17));
#5269 = DIRECTION('',(-0.551833239217,3.686951170381E-17,0.833954480829)
  );
#5270 = DEFINITIONAL_REPRESENTATION('',(#5271),#5275);
#5271 = LINE('',#5272,#5273);
#5272 = CARTESIAN_POINT('',(-6.35,95.25));
#5273 = VECTOR('',#5274,1.);
#5274 = DIRECTION('',(0.,1.));
#5275 = ( GEOMETRIC_REPRESENTATION_CONTEXT(2) 
PARAMETRIC_REPRESENTATION_CONTEXT() REPRESENTATION_CONTEXT('2D SPACE',''
  ) );
#5276 = ORIENTED_EDGE('',*,*,#5277,.T.);
#5277 = EDGE_CURVE('',#5250,#5278,#5280,.T.);
#5278 = VERTEX_POINT('',#5279);
#5279 = CARTESIAN_POINT('',(162.37246966702,-2.690705905141E-14,
    99.828621117548));
#5280 = SURFACE_CURVE('',#5281,(#5286,#5293),.PCURVE_S1.);
#5281 = CIRCLE('',#5282,6.35);
#5282 = AXIS2_PLACEMENT_3D('',#5283,#5284,#5285);
#5283 = CARTESIAN_POINT('',(162.37246966702,6.35,99.828621117548));
#5284 = DIRECTION('',(-0.833954480829,1.387778780781E-16,-0.551833239217
    ));
#5285 = DIRECTION('',(0.390205025534,-0.707106781187,-0.589694868595));
#5286 = PCURVE('',#4582,#5287);
#5287 = DEFINITIONAL_REPRESENTATION('',(#5288),#5292);
#5288 = LINE('',#5289,#5290);
#5289 = CARTESIAN_POINT('',(-4.712388980385,-95.25));
#5290 = VECTOR('',#5291,1.);
#5291 = DIRECTION('',(1.,0.));
#5292 = ( GEOMETRIC_REPRESENTATION_CONTEXT(2) 
PARAMETRIC_REPRESENTATION_CONTEXT() REPRESENTATION_CONTEXT('2D SPACE',''
  ) );
#5293 = PCURVE('',#5162,#5294);
#5294 = DEFINITIONAL_REPRESENTATION('',(#5295),#5303);
#5295 = ( BOUNDED_CURVE() B_SPLINE_CURVE(2,(#5296,#5297,#5298,#5299,
#5300,#5301,#5302),.UNSPECIFIED.,.T.,.F.) B_SPLINE_CURVE_WITH_KNOTS((1,2
    ,2,2,2,1),(-2.094395102393,0.,2.094395102393,4.188790204786,
6.28318530718,8.377580409573),.UNSPECIFIED.) CURVE() 
GEOMETRIC_REPRESENTATION_ITEM() RATIONAL_B_SPLINE_CURVE((1.,0.5,1.,0.5,
1.,0.5,1.)) REPRESENTATION_ITEM('') );
#5296 = CARTESIAN_POINT('',(23.540128060535,1.859871939465));
#5297 = CARTESIAN_POINT('',(15.762998127198,-5.917257993871));
#5298 = CARTESIAN_POINT('',(12.916371003064,4.706499063599));
#5299 = CARTESIAN_POINT('',(10.069743878931,15.330256121069));
#5300 = CARTESIAN_POINT('',(20.693500936401,12.483628996936));
#5301 = CARTESIAN_POINT('',(31.317257993871,9.637001872802));
#5302 = CARTESIAN_POINT('',(23.540128060535,1.859871939465));
#5303 = ( GEOMETRIC_REPRESENTATION_CONTEXT(2) 
PARAMETRIC_REPRESENTATION_CONTEXT() REPRESENTATION_CONTEXT('2D SPACE',''
  ) );
#5304 = ORIENTED_EDGE('',*,*,#5305,.T.);
#5305 = EDGE_CURVE('',#5278,#4981,#5306,.T.);
#5306 = SURFACE_CURVE('',#5307,(#5311,#5318),.PCURVE_S1.);
#5307 = LINE('',#5308,#5309);
#5308 = CARTESIAN_POINT('',(82.938305368026,-1.52359247623E-14,
    47.266505082141));
#5309 = VECTOR('',#5310,1.);
#5310 = DIRECTION('',(-0.833954480829,1.225315935864E-16,-0.551833239217
    ));
#5311 = PCURVE('',#4582,#5312);
#5312 = DEFINITIONAL_REPRESENTATION('',(#5313),#5317);
#5313 = LINE('',#5314,#5315);
#5314 = CARTESIAN_POINT('',(2.356194490192,0.));
#5315 = VECTOR('',#5316,1.);
#5316 = DIRECTION('',(0.,1.));
#5317 = ( GEOMETRIC_REPRESENTATION_CONTEXT(2) 
PARAMETRIC_REPRESENTATION_CONTEXT() REPRESENTATION_CONTEXT('2D SPACE',''
  ) );
#5318 = PCURVE('',#4997,#5319);
#5319 = DEFINITIONAL_REPRESENTATION('',(#5320),#5324);
#5320 = LINE('',#5321,#5322);
#5321 = CARTESIAN_POINT('',(95.25,6.35));
#5322 = VECTOR('',#5323,1.);
#5323 = DIRECTION('',(-1.,0.));
#5324 = ( GEOMETRIC_REPRESENTATION_CONTEXT(2) 
PARAMETRIC_REPRESENTATION_CONTEXT() REPRESENTATION_CONTEXT('2D SPACE',''
  ) );
#5325 = ORIENTED_EDGE('',*,*,#5009,.F.);
#5326 = ORIENTED_EDGE('',*,*,#4510,.F.);
#5327 = ORIENTED_EDGE('',*,*,#4793,.F.);
#5328 = ADVANCED_FACE('',(#5329),#4647,.F.);
#5329 = FACE_BOUND('',#5330,.F.);
#5330 = EDGE_LOOP('',(#5331,#5356,#5378,#5379,#5445,#5446));
#5331 = ORIENTED_EDGE('',*,*,#5332,.T.);
#5332 = EDGE_CURVE('',#5333,#5335,#5337,.T.);
#5333 = VERTEX_POINT('',#5334);
#5334 = CARTESIAN_POINT('',(23.830248971571,3.175,15.768634600115));
#5335 = VERTEX_POINT('',#5336);
#5336 = CARTESIAN_POINT('',(23.830248971571,-6.832009313865E-15,
    15.768634600115));
#5337 = SEAM_CURVE('',#5338,(#5342,#5349),.PCURVE_S1.);
#5338 = LINE('',#5339,#5340);
#5339 = CARTESIAN_POINT('',(23.830248971571,12.7,15.768634600115));
#5340 = VECTOR('',#5341,1.);
#5341 = DIRECTION('',(-1.225315935864E-16,-1.,-3.686951170381E-17));
#5342 = PCURVE('',#4647,#5343);
#5343 = DEFINITIONAL_REPRESENTATION('',(#5344),#5348);
#5344 = LINE('',#5345,#5346);
#5345 = CARTESIAN_POINT('',(9.424777960769,0.));
#5346 = VECTOR('',#5347,1.);
#5347 = DIRECTION('',(0.,1.));
#5348 = ( GEOMETRIC_REPRESENTATION_CONTEXT(2) 
PARAMETRIC_REPRESENTATION_CONTEXT() REPRESENTATION_CONTEXT('2D SPACE',''
  ) );
#5349 = PCURVE('',#4647,#5350);
#5350 = DEFINITIONAL_REPRESENTATION('',(#5351),#5355);
#5351 = LINE('',#5352,#5353);
#5352 = CARTESIAN_POINT('',(3.14159265359,0.));
#5353 = VECTOR('',#5354,1.);
#5354 = DIRECTION('',(0.,1.));
#5355 = ( GEOMETRIC_REPRESENTATION_CONTEXT(2) 
PARAMETRIC_REPRESENTATION_CONTEXT() REPRESENTATION_CONTEXT('2D SPACE',''
  ) );
#5356 = ORIENTED_EDGE('',*,*,#5357,.T.);
#5357 = EDGE_CURVE('',#5335,#5335,#5358,.T.);
#5358 = SURFACE_CURVE('',#5359,(#5364,#5371),.PCURVE_S1.);
#5359 = CIRCLE('',#5360,3.175);
#5360 = AXIS2_PLACEMENT_3D('',#5361,#5362,#5363);
#5361 = CARTESIAN_POINT('',(21.182443494938,-6.442971504228E-15,
    14.016564065601));
#5362 = DIRECTION('',(1.225315935864E-16,1.,3.686951170381E-17));
#5363 = DIRECTION('',(-0.833954480829,1.225315935864E-16,-0.551833239217
    ));
#5364 = PCURVE('',#4647,#5365);
#5365 = DEFINITIONAL_REPRESENTATION('',(#5366),#5370);
#5366 = LINE('',#5367,#5368);
#5367 = CARTESIAN_POINT('',(12.566370614359,12.7));
#5368 = VECTOR('',#5369,1.);
#5369 = DIRECTION('',(-1.,0.));
#5370 = ( GEOMETRIC_REPRESENTATION_CONTEXT(2) 
PARAMETRIC_REPRESENTATION_CONTEXT() REPRESENTATION_CONTEXT('2D SPACE',''
  ) );
#5371 = PCURVE('',#4997,#5372);
#5372 = DEFINITIONAL_REPRESENTATION('',(#5373),#5377);
#5373 = CIRCLE('',#5374,3.175);
#5374 = AXIS2_PLACEMENT_2D('',#5375,#5376);
#5375 = CARTESIAN_POINT('',(25.39999961853,0.));
#5376 = DIRECTION('',(-1.,0.));
#5377 = ( GEOMETRIC_REPRESENTATION_CONTEXT(2) 
PARAMETRIC_REPRESENTATION_CONTEXT() REPRESENTATION_CONTEXT('2D SPACE',''
  ) );
#5378 = ORIENTED_EDGE('',*,*,#5332,.F.);
#5379 = ORIENTED_EDGE('',*,*,#5380,.T.);
#5380 = EDGE_CURVE('',#5333,#4629,#5381,.T.);
#5381 = SURFACE_CURVE('',#5382,(#5387,#5416),.PCURVE_S1.);
#5382 = ELLIPSE('',#5383,4.490128060535,3.175);
#5383 = AXIS2_PLACEMENT_3D('',#5384,#5385,#5386);
#5384 = CARTESIAN_POINT('',(21.182443494938,6.35,14.016564065601));
#5385 = DIRECTION('',(-0.589694868595,-0.707106781187,-0.390205025534));
#5386 = DIRECTION('',(-0.589694868595,0.707106781187,-0.390205025534));
#5387 = PCURVE('',#4647,#5388);
#5388 = DEFINITIONAL_REPRESENTATION('',(#5389),#5415);
#5389 = B_SPLINE_CURVE_WITH_KNOTS('',3,(#5390,#5391,#5392,#5393,#5394,
    #5395,#5396,#5397,#5398,#5399,#5400,#5401,#5402,#5403,#5404,#5405,
    #5406,#5407,#5408,#5409,#5410,#5411,#5412,#5413,#5414),
  .UNSPECIFIED.,.F.,.F.,(4,1,1,1,1,1,1,1,1,1,1,1,1,1,1,1,1,1,1,1,1,1,4),
  (3.14159265359,3.212992486626,3.284392319662,3.355792152698,
    3.427191985734,3.49859181877,3.569991651807,3.641391484843,
    3.712791317879,3.784191150915,3.855590983951,3.926990816987,
    3.998390650023,4.06979048306,4.141190316096,4.212590149132,
    4.283989982168,4.355389815204,4.42678964824,4.498189481276,
    4.569589314312,4.640989147349,4.712388980385),
  .QUASI_UNIFORM_KNOTS.);
#5390 = CARTESIAN_POINT('',(3.14159265359,9.525));
#5391 = CARTESIAN_POINT('',(3.165392597935,9.525006847064));
#5392 = CARTESIAN_POINT('',(3.212992486626,9.519599214029));
#5393 = CARTESIAN_POINT('',(3.284392319662,9.495355263627));
#5394 = CARTESIAN_POINT('',(3.355792152698,9.455078199294));
#5395 = CARTESIAN_POINT('',(3.427191985734,9.398979735948));
#5396 = CARTESIAN_POINT('',(3.49859181877,9.327344004271));
#5397 = CARTESIAN_POINT('',(3.569991651807,9.240536508215));
#5398 = CARTESIAN_POINT('',(3.641391484843,9.138999474372));
#5399 = CARTESIAN_POINT('',(3.712791317879,9.023250345553));
#5400 = CARTESIAN_POINT('',(3.784191150915,8.893878943849));
#5401 = CARTESIAN_POINT('',(3.855590983951,8.751544518661));
#5402 = CARTESIAN_POINT('',(3.926990816987,8.596972372954));
#5403 = CARTESIAN_POINT('',(3.998390650023,8.430950171126));
#5404 = CARTESIAN_POINT('',(4.06979048306,8.2543239242));
#5405 = CARTESIAN_POINT('',(4.141190316096,8.067993679114));
#5406 = CARTESIAN_POINT('',(4.212590149132,7.872908931872));
#5407 = CARTESIAN_POINT('',(4.283989982168,7.670063790413));
#5408 = CARTESIAN_POINT('',(4.355389815204,7.460491904161));
#5409 = CARTESIAN_POINT('',(4.42678964824,7.245261214304));
#5410 = CARTESIAN_POINT('',(4.498189481276,7.02546844645));
#5411 = CARTESIAN_POINT('',(4.569589314312,6.802233765878));
#5412 = CARTESIAN_POINT('',(4.640989147349,6.576694159142));
#5413 = CARTESIAN_POINT('',(4.688589036039,6.42556541138));
#5414 = CARTESIAN_POINT('',(4.712388980385,6.35));
#5415 = ( GEOMETRIC_REPRESENTATION_CONTEXT(2) 
PARAMETRIC_REPRESENTATION_CONTEXT() REPRESENTATION_CONTEXT('2D SPACE',''
  ) );
#5416 = PCURVE('',#4675,#5417);
#5417 = DEFINITIONAL_REPRESENTATION('',(#5418),#5444);
#5418 = B_SPLINE_CURVE_WITH_KNOTS('',3,(#5419,#5420,#5421,#5422,#5423,
    #5424,#5425,#5426,#5427,#5428,#5429,#5430,#5431,#5432,#5433,#5434,
    #5435,#5436,#5437,#5438,#5439,#5440,#5441,#5442,#5443),
  .UNSPECIFIED.,.F.,.F.,(4,1,1,1,1,1,1,1,1,1,1,1,1,1,1,1,1,1,1,1,1,1,4),
  (3.14159265359,3.212992486626,3.284392319662,3.355792152698,
    3.427191985734,3.49859181877,3.569991651807,3.641391484843,
    3.712791317879,3.784191150915,3.855590983951,3.926990816987,
    3.998390650023,4.06979048306,4.141190316096,4.212590149132,
    4.283989982168,4.355389815204,4.42678964824,4.498189481276,
    4.569589314312,4.640989147349,4.712388980385),
  .QUASI_UNIFORM_KNOTS.);
#5419 = CARTESIAN_POINT('',(7.853981633974,161.92500038147));
#5420 = CARTESIAN_POINT('',(7.87778157832,161.9249935344));
#5421 = CARTESIAN_POINT('',(7.925381467011,161.93040116744));
#5422 = CARTESIAN_POINT('',(7.996781300047,161.95464511784));
#5423 = CARTESIAN_POINT('',(8.068181133083,161.99492218217));
#5424 = CARTESIAN_POINT('',(8.139580966119,162.05102064552));
#5425 = CARTESIAN_POINT('',(8.210980799155,162.12265637719));
#5426 = CARTESIAN_POINT('',(8.282380632191,162.20946387325));
#5427 = CARTESIAN_POINT('',(8.353780465227,162.31100090709));
#5428 = CARTESIAN_POINT('',(8.425180298264,162.42675003591));
#5429 = CARTESIAN_POINT('',(8.4965801313,162.55612143762));
#5430 = CARTESIAN_POINT('',(8.567979964336,162.6984558628));
#5431 = CARTESIAN_POINT('',(8.639379797372,162.85302800851));
#5432 = CARTESIAN_POINT('',(8.710779630408,163.01905021034));
#5433 = CARTESIAN_POINT('',(8.782179463444,163.19567645726));
#5434 = CARTESIAN_POINT('',(8.85357929648,163.38200670235));
#5435 = CARTESIAN_POINT('',(8.924979129516,163.57709144959));
#5436 = CARTESIAN_POINT('',(8.996378962553,163.77993659105));
#5437 = CARTESIAN_POINT('',(9.067778795589,163.9895084773));
#5438 = CARTESIAN_POINT('',(9.139178628625,164.20473916716));
#5439 = CARTESIAN_POINT('',(9.210578461661,164.42453193501));
#5440 = CARTESIAN_POINT('',(9.281978294697,164.64776661559));
#5441 = CARTESIAN_POINT('',(9.353378127733,164.87330622232));
#5442 = CARTESIAN_POINT('',(9.400978016424,165.02443497009));
#5443 = CARTESIAN_POINT('',(9.424777960769,165.10000038147));
#5444 = ( GEOMETRIC_REPRESENTATION_CONTEXT(2) 
PARAMETRIC_REPRESENTATION_CONTEXT() REPRESENTATION_CONTEXT('2D SPACE',''
  ) );
#5445 = ORIENTED_EDGE('',*,*,#4628,.T.);
#5446 = ORIENTED_EDGE('',*,*,#5447,.T.);
#5447 = EDGE_CURVE('',#4631,#5333,#5448,.T.);
#5448 = SURFACE_CURVE('',#5449,(#5454,#5483),.PCURVE_S1.);
#5449 = ELLIPSE('',#5450,4.490128060535,3.175);
#5450 = AXIS2_PLACEMENT_3D('',#5451,#5452,#5453);
#5451 = CARTESIAN_POINT('',(21.182443494938,6.35,14.016564065601));
#5452 = DIRECTION('',(-0.589694868595,-0.707106781187,-0.390205025534));
#5453 = DIRECTION('',(-0.589694868595,0.707106781187,-0.390205025534));
#5454 = PCURVE('',#4647,#5455);
#5455 = DEFINITIONAL_REPRESENTATION('',(#5456),#5482);
#5456 = B_SPLINE_CURVE_WITH_KNOTS('',3,(#5457,#5458,#5459,#5460,#5461,
    #5462,#5463,#5464,#5465,#5466,#5467,#5468,#5469,#5470,#5471,#5472,
    #5473,#5474,#5475,#5476,#5477,#5478,#5479,#5480,#5481),
  .UNSPECIFIED.,.F.,.F.,(4,1,1,1,1,1,1,1,1,1,1,1,1,1,1,1,1,1,1,1,1,1,4),
  (1.570796326795,1.642196159831,1.713595992867,1.784995825903,
    1.856395658939,1.927795491976,1.999195325012,2.070595158048,
    2.141994991084,2.21339482412,2.284794657156,2.356194490192,
    2.427594323228,2.498994156265,2.570393989301,2.641793822337,
    2.713193655373,2.784593488409,2.855993321445,2.927393154481,
    2.998792987518,3.070192820554,3.14159265359),.QUASI_UNIFORM_KNOTS.);
#5457 = CARTESIAN_POINT('',(7.853981633974,6.35));
#5458 = CARTESIAN_POINT('',(7.87778157832,6.42556541138));
#5459 = CARTESIAN_POINT('',(7.925381467011,6.576694159142));
#5460 = CARTESIAN_POINT('',(7.996781300047,6.802233765878));
#5461 = CARTESIAN_POINT('',(8.068181133083,7.02546844645));
#5462 = CARTESIAN_POINT('',(8.139580966119,7.245261214304));
#5463 = CARTESIAN_POINT('',(8.210980799155,7.460491904161));
#5464 = CARTESIAN_POINT('',(8.282380632191,7.670063790413));
#5465 = CARTESIAN_POINT('',(8.353780465227,7.872908931872));
#5466 = CARTESIAN_POINT('',(8.425180298264,8.067993679114));
#5467 = CARTESIAN_POINT('',(8.4965801313,8.2543239242));
#5468 = CARTESIAN_POINT('',(8.567979964336,8.430950171126));
#5469 = CARTESIAN_POINT('',(8.639379797372,8.596972372954));
#5470 = CARTESIAN_POINT('',(8.710779630408,8.751544518661));
#5471 = CARTESIAN_POINT('',(8.782179463444,8.893878943849));
#5472 = CARTESIAN_POINT('',(8.85357929648,9.023250345553));
#5473 = CARTESIAN_POINT('',(8.924979129516,9.138999474372));
#5474 = CARTESIAN_POINT('',(8.996378962553,9.240536508215));
#5475 = CARTESIAN_POINT('',(9.067778795589,9.327344004271));
#5476 = CARTESIAN_POINT('',(9.139178628625,9.398979735948));
#5477 = CARTESIAN_POINT('',(9.210578461661,9.455078199294));
#5478 = CARTESIAN_POINT('',(9.281978294697,9.495355263627));
#5479 = CARTESIAN_POINT('',(9.353378127733,9.519599214029));
#5480 = CARTESIAN_POINT('',(9.400978016424,9.525006847064));
#5481 = CARTESIAN_POINT('',(9.424777960769,9.525));
#5482 = ( GEOMETRIC_REPRESENTATION_CONTEXT(2) 
PARAMETRIC_REPRESENTATION_CONTEXT() REPRESENTATION_CONTEXT('2D SPACE',''
  ) );
#5483 = PCURVE('',#4675,#5484);
#5484 = DEFINITIONAL_REPRESENTATION('',(#5485),#5511);
#5485 = B_SPLINE_CURVE_WITH_KNOTS('',3,(#5486,#5487,#5488,#5489,#5490,
    #5491,#5492,#5493,#5494,#5495,#5496,#5497,#5498,#5499,#5500,#5501,
    #5502,#5503,#5504,#5505,#5506,#5507,#5508,#5509,#5510),
  .UNSPECIFIED.,.F.,.F.,(4,1,1,1,1,1,1,1,1,1,1,1,1,1,1,1,1,1,1,1,1,1,4),
  (1.570796326795,1.642196159831,1.713595992867,1.784995825903,
    1.856395658939,1.927795491976,1.999195325012,2.070595158048,
    2.141994991084,2.21339482412,2.284794657156,2.356194490192,
    2.427594323228,2.498994156265,2.570393989301,2.641793822337,
    2.713193655373,2.784593488409,2.855993321445,2.927393154481,
    2.998792987518,3.070192820554,3.14159265359),.QUASI_UNIFORM_KNOTS.);
#5486 = CARTESIAN_POINT('',(6.28318530718,165.10000038147));
#5487 = CARTESIAN_POINT('',(6.306985251525,165.02443497009));
#5488 = CARTESIAN_POINT('',(6.354585140216,164.87330622232));
#5489 = CARTESIAN_POINT('',(6.425984973252,164.64776661559));
#5490 = CARTESIAN_POINT('',(6.497384806288,164.42453193501));
#5491 = CARTESIAN_POINT('',(6.568784639324,164.20473916716));
#5492 = CARTESIAN_POINT('',(6.64018447236,163.9895084773));
#5493 = CARTESIAN_POINT('',(6.711584305396,163.77993659105));
#5494 = CARTESIAN_POINT('',(6.782984138433,163.57709144959));
#5495 = CARTESIAN_POINT('',(6.854383971469,163.38200670235));
#5496 = CARTESIAN_POINT('',(6.925783804505,163.19567645726));
#5497 = CARTESIAN_POINT('',(6.997183637541,163.01905021034));
#5498 = CARTESIAN_POINT('',(7.068583470577,162.85302800851));
#5499 = CARTESIAN_POINT('',(7.139983303613,162.6984558628));
#5500 = CARTESIAN_POINT('',(7.211383136649,162.55612143762));
#5501 = CARTESIAN_POINT('',(7.282782969685,162.42675003591));
#5502 = CARTESIAN_POINT('',(7.354182802722,162.31100090709));
#5503 = CARTESIAN_POINT('',(7.425582635758,162.20946387325));
#5504 = CARTESIAN_POINT('',(7.496982468794,162.12265637719));
#5505 = CARTESIAN_POINT('',(7.56838230183,162.05102064552));
#5506 = CARTESIAN_POINT('',(7.639782134866,161.99492218217));
#5507 = CARTESIAN_POINT('',(7.711181967902,161.95464511784));
#5508 = CARTESIAN_POINT('',(7.782581800938,161.93040116744));
#5509 = CARTESIAN_POINT('',(7.830181689629,161.9249935344));
#5510 = CARTESIAN_POINT('',(7.853981633974,161.92500038147));
#5511 = ( GEOMETRIC_REPRESENTATION_CONTEXT(2) 
PARAMETRIC_REPRESENTATION_CONTEXT() REPRESENTATION_CONTEXT('2D SPACE',''
  ) );
#5512 = ADVANCED_FACE('',(#5513),#4675,.F.);
#5513 = FACE_BOUND('',#5514,.F.);
#5514 = EDGE_LOOP('',(#5515,#5538,#5539,#5540,#5541,#5542,#5566,#5693,
    #5715,#5716));
#5515 = ORIENTED_EDGE('',*,*,#5516,.T.);
#5516 = EDGE_CURVE('',#5517,#4660,#5519,.T.);
#5517 = VERTEX_POINT('',#5518);
#5518 = CARTESIAN_POINT('',(157.11625806348,6.35,107.77203754744));
#5519 = SEAM_CURVE('',#5520,(#5524,#5531),.PCURVE_S1.);
#5520 = LINE('',#5521,#5522);
#5521 = CARTESIAN_POINT('',(157.11625806348,6.35,107.77203754744));
#5522 = VECTOR('',#5523,1.);
#5523 = DIRECTION('',(-0.833954480829,1.225315935864E-16,-0.551833239217
    ));
#5524 = PCURVE('',#4675,#5525);
#5525 = DEFINITIONAL_REPRESENTATION('',(#5526),#5530);
#5526 = LINE('',#5527,#5528);
#5527 = CARTESIAN_POINT('',(9.424777960769,0.));
#5528 = VECTOR('',#5529,1.);
#5529 = DIRECTION('',(0.,1.));
#5530 = ( GEOMETRIC_REPRESENTATION_CONTEXT(2) 
PARAMETRIC_REPRESENTATION_CONTEXT() REPRESENTATION_CONTEXT('2D SPACE',''
  ) );
#5531 = PCURVE('',#4675,#5532);
#5532 = DEFINITIONAL_REPRESENTATION('',(#5533),#5537);
#5533 = LINE('',#5534,#5535);
#5534 = CARTESIAN_POINT('',(3.14159265359,0.));
#5535 = VECTOR('',#5536,1.);
#5536 = DIRECTION('',(0.,1.));
#5537 = ( GEOMETRIC_REPRESENTATION_CONTEXT(2) 
PARAMETRIC_REPRESENTATION_CONTEXT() REPRESENTATION_CONTEXT('2D SPACE',''
  ) );
#5538 = ORIENTED_EDGE('',*,*,#4659,.T.);
#5539 = ORIENTED_EDGE('',*,*,#5380,.F.);
#5540 = ORIENTED_EDGE('',*,*,#5447,.F.);
#5541 = ORIENTED_EDGE('',*,*,#4900,.T.);
#5542 = ORIENTED_EDGE('',*,*,#5543,.T.);
#5543 = EDGE_CURVE('',#4873,#5544,#5546,.T.);
#5544 = VERTEX_POINT('',#5545);
#5545 = CARTESIAN_POINT('',(33.379464411869,7.62,18.598092293963));
#5546 = SURFACE_CURVE('',#5547,(#5552,#5559),.PCURVE_S1.);
#5547 = CIRCLE('',#5548,3.175);
#5548 = AXIS2_PLACEMENT_3D('',#5549,#5550,#5551);
#5549 = CARTESIAN_POINT('',(31.773665242407,6.35,21.024846098401));
#5550 = DIRECTION('',(0.833954480829,-1.225315935864E-16,0.551833239217)
  );
#5551 = DIRECTION('',(0.551833239217,-3.686951170381E-17,-0.833954480829
    ));
#5552 = PCURVE('',#4675,#5553);
#5553 = DEFINITIONAL_REPRESENTATION('',(#5554),#5558);
#5554 = LINE('',#5555,#5556);
#5555 = CARTESIAN_POINT('',(6.28318530718,152.4000005722));
#5556 = VECTOR('',#5557,1.);
#5557 = DIRECTION('',(-1.,0.));
#5558 = ( GEOMETRIC_REPRESENTATION_CONTEXT(2) 
PARAMETRIC_REPRESENTATION_CONTEXT() REPRESENTATION_CONTEXT('2D SPACE',''
  ) );
#5559 = PCURVE('',#4888,#5560);
#5560 = DEFINITIONAL_REPRESENTATION('',(#5561),#5565);
#5561 = CIRCLE('',#5562,3.175);
#5562 = AXIS2_PLACEMENT_2D('',#5563,#5564);
#5563 = CARTESIAN_POINT('',(12.7,6.35));
#5564 = DIRECTION('',(-1.,0.));
#5565 = ( GEOMETRIC_REPRESENTATION_CONTEXT(2) 
PARAMETRIC_REPRESENTATION_CONTEXT() REPRESENTATION_CONTEXT('2D SPACE',''
  ) );
#5566 = ORIENTED_EDGE('',*,*,#5567,.T.);
#5567 = EDGE_CURVE('',#5544,#5568,#5570,.T.);
#5568 = VERTEX_POINT('',#5569);
#5569 = CARTESIAN_POINT('',(30.167866072945,7.62,23.45159990284));
#5570 = SURFACE_CURVE('',#5571,(#5586,#5637),.PCURVE_S1.);
#5571 = B_SPLINE_CURVE_WITH_KNOTS('',3,(#5572,#5573,#5574,#5575,#5576,
    #5577,#5578,#5579,#5580,#5581,#5582,#5583,#5584,#5585),
  .UNSPECIFIED.,.F.,.F.,(4,2,2,2,2,2,4),(0.67348395687,0.785365433834,
    0.90754912217,1.029732810507,1.151916498844,1.27410018718,
    1.385981664144),.UNSPECIFIED.);
#5572 = CARTESIAN_POINT('',(33.379464411869,7.62,18.598092293963));
#5573 = CARTESIAN_POINT('',(33.292726291126,7.980148660589,
    18.729174728496));
#5574 = CARTESIAN_POINT('',(33.20033747105,8.309974446209,
    18.941131531155));
#5575 = CARTESIAN_POINT('',(32.989509325076,8.861755156757,
    19.450865233277));
#5576 = CARTESIAN_POINT('',(32.854682840136,9.11038459382,
    19.790520502748));
#5577 = CARTESIAN_POINT('',(32.515312932615,9.442084593627,
    20.510690373403));
#5578 = CARTESIAN_POINT('',(32.307573879415,9.525,20.889766269579));
#5579 = CARTESIAN_POINT('',(31.858073742653,9.525,21.56907049873));
#5580 = CARTESIAN_POINT('',(31.590387096784,9.442084593627,
    21.908478673218));
#5581 = CARTESIAN_POINT('',(31.060217381613,9.11038459382,
    22.502395039253));
#5582 = CARTESIAN_POINT('',(30.800307871573,8.861755156757,
    22.759282037196));
#5583 = CARTESIAN_POINT('',(30.413570499636,8.309974446209,
    23.152615431864));
#5584 = CARTESIAN_POINT('',(30.254604193688,7.980148660589,
    23.320517468307));
#5585 = CARTESIAN_POINT('',(30.167866072945,7.62,23.45159990284));
#5586 = PCURVE('',#4675,#5587);
#5587 = DEFINITIONAL_REPRESENTATION('',(#5588),#5636);
#5588 = B_SPLINE_CURVE_WITH_KNOTS('',3,(#5589,#5590,#5591,#5592,#5593,
    #5594,#5595,#5596,#5597,#5598,#5599,#5600,#5601,#5602,#5603,#5604,
    #5605,#5606,#5607,#5608,#5609,#5610,#5611,#5612,#5613,#5614,#5615,
    #5616,#5617,#5618,#5619,#5620,#5621,#5622,#5623,#5624,#5625,#5626,
    #5627,#5628,#5629,#5630,#5631,#5632,#5633,#5634,#5635),
  .UNSPECIFIED.,.F.,.F.,(4,1,1,1,1,1,1,1,1,1,1,1,1,1,1,1,1,1,1,1,1,1,1,1
    ,1,1,1,1,1,1,1,1,1,1,1,1,1,1,1,1,1,1,1,1,4),(0.67348395687,
    0.68967708658,0.705870216291,0.722063346002,0.738256475713,
    0.754449605424,0.770642735134,0.786835864845,0.803028994556,
    0.819222124267,0.835415253978,0.851608383688,0.867801513399,
    0.88399464311,0.900187772821,0.916380902531,0.932574032242,
    0.948767161953,0.964960291664,0.981153421375,0.997346551085,
    1.013539680796,1.029732810507,1.045925940218,1.062119069929,
    1.078312199639,1.09450532935,1.110698459061,1.126891588772,
    1.143084718483,1.159277848193,1.175470977904,1.191664107615,
    1.207857237326,1.224050367036,1.240243496747,1.256436626458,
    1.272629756169,1.28882288588,1.30501601559,1.321209145301,
    1.337402275012,1.353595404723,1.369788534434,1.385981664144),
  .QUASI_UNIFORM_KNOTS.);
#5589 = CARTESIAN_POINT('',(5.871668461112,152.4000005722));
#5590 = CARTESIAN_POINT('',(5.853757089108,152.4000005722));
#5591 = CARTESIAN_POINT('',(5.817921938685,152.39832824262));
#5592 = CARTESIAN_POINT('',(5.764265875441,152.39133768263));
#5593 = CARTESIAN_POINT('',(5.710836183005,152.38040114182));
#5594 = CARTESIAN_POINT('',(5.657777176069,152.36605063919));
#5595 = CARTESIAN_POINT('',(5.605276537172,152.34883329527));
#5596 = CARTESIAN_POINT('',(5.553395637222,152.32923989021));
#5597 = CARTESIAN_POINT('',(5.502683450822,152.30797146422));
#5598 = CARTESIAN_POINT('',(5.451811151705,152.28492500307));
#5599 = CARTESIAN_POINT('',(5.400075572939,152.26027830167));
#5600 = CARTESIAN_POINT('',(5.347810463296,152.23465199813));
#5601 = CARTESIAN_POINT('',(5.295074365623,152.20854810638));
#5602 = CARTESIAN_POINT('',(5.241996629907,152.18250029383));
#5603 = CARTESIAN_POINT('',(5.188678775827,152.15703423812));
#5604 = CARTESIAN_POINT('',(5.135215409216,152.13267592248));
#5605 = CARTESIAN_POINT('',(5.081681727536,152.10995809766));
#5606 = CARTESIAN_POINT('',(5.028125485815,152.08965920889));
#5607 = CARTESIAN_POINT('',(4.974638961135,152.07189941762));
#5608 = CARTESIAN_POINT('',(4.921328726837,152.05690661206));
#5609 = CARTESIAN_POINT('',(4.868307486717,152.04487981505));
#5610 = CARTESIAN_POINT('',(4.8157184243,152.03602578408));
#5611 = CARTESIAN_POINT('',(4.763616302849,152.03054920342));
#5612 = CARTESIAN_POINT('',(4.712388980385,152.02865531555));
#5613 = CARTESIAN_POINT('',(4.66116165792,152.03054920342));
#5614 = CARTESIAN_POINT('',(4.609059536469,152.03602578408));
#5615 = CARTESIAN_POINT('',(4.556470474052,152.04487981505));
#5616 = CARTESIAN_POINT('',(4.503449233932,152.05690661206));
#5617 = CARTESIAN_POINT('',(4.450138999634,152.07189941762));
#5618 = CARTESIAN_POINT('',(4.396652474954,152.08965920889));
#5619 = CARTESIAN_POINT('',(4.343096233234,152.10995809766));
#5620 = CARTESIAN_POINT('',(4.289562551554,152.13267592248));
#5621 = CARTESIAN_POINT('',(4.236099184942,152.15703423812));
#5622 = CARTESIAN_POINT('',(4.182781330863,152.18250029383));
#5623 = CARTESIAN_POINT('',(4.129703595146,152.20854810638));
#5624 = CARTESIAN_POINT('',(4.076967497474,152.23465199813));
#5625 = CARTESIAN_POINT('',(4.024702387831,152.26027830167));
#5626 = CARTESIAN_POINT('',(3.972966809065,152.28492500307));
#5627 = CARTESIAN_POINT('',(3.922094509948,152.30797146422));
#5628 = CARTESIAN_POINT('',(3.871382323548,152.32923989021));
#5629 = CARTESIAN_POINT('',(3.819501423597,152.34883329527));
#5630 = CARTESIAN_POINT('',(3.7670007847,152.36605063919));
#5631 = CARTESIAN_POINT('',(3.713941777764,152.38040114182));
#5632 = CARTESIAN_POINT('',(3.660512085329,152.39133768263));
#5633 = CARTESIAN_POINT('',(3.606856022084,152.39832824262));
#5634 = CARTESIAN_POINT('',(3.571020871661,152.4000005722));
#5635 = CARTESIAN_POINT('',(3.553109499657,152.4000005722));
#5636 = ( GEOMETRIC_REPRESENTATION_CONTEXT(2) 
PARAMETRIC_REPRESENTATION_CONTEXT() REPRESENTATION_CONTEXT('2D SPACE',''
  ) );
#5637 = PCURVE('',#5638,#5643);
#5638 = CYLINDRICAL_SURFACE('',#5639,5.08);
#5639 = AXIS2_PLACEMENT_3D('',#5640,#5641,#5642);
#5640 = CARTESIAN_POINT('',(39.514295074047,7.62,18.532548000357));
#5641 = DIRECTION('',(-0.551833239217,3.686951170381E-17,0.833954480829)
  );
#5642 = DIRECTION('',(-0.589694868595,0.707106781187,-0.390205025534));
#5643 = DEFINITIONAL_REPRESENTATION('',(#5644),#5692);
#5644 = B_SPLINE_CURVE_WITH_KNOTS('',3,(#5645,#5646,#5647,#5648,#5649,
    #5650,#5651,#5652,#5653,#5654,#5655,#5656,#5657,#5658,#5659,#5660,
    #5661,#5662,#5663,#5664,#5665,#5666,#5667,#5668,#5669,#5670,#5671,
    #5672,#5673,#5674,#5675,#5676,#5677,#5678,#5679,#5680,#5681,#5682,
    #5683,#5684,#5685,#5686,#5687,#5688,#5689,#5690,#5691),
  .UNSPECIFIED.,.F.,.F.,(4,1,1,1,1,1,1,1,1,1,1,1,1,1,1,1,1,1,1,1,1,1,1,1
    ,1,1,1,1,1,1,1,1,1,1,1,1,1,1,1,1,1,1,1,1,4),(0.67348395687,
    0.68967708658,0.705870216291,0.722063346002,0.738256475713,
    0.754449605424,0.770642735134,0.786835864845,0.803028994556,
    0.819222124267,0.835415253978,0.851608383688,0.867801513399,
    0.88399464311,0.900187772821,0.916380902531,0.932574032242,
    0.948767161953,0.964960291664,0.981153421375,0.997346551085,
    1.013539680796,1.029732810507,1.045925940218,1.062119069929,
    1.078312199639,1.09450532935,1.110698459061,1.126891588772,
    1.143084718483,1.159277848193,1.175470977904,1.191664107615,
    1.207857237326,1.224050367036,1.240243496747,1.256436626458,
    1.272629756169,1.28882288588,1.30501601559,1.321209145301,
    1.337402275012,1.353595404723,1.369788534434,1.385981664144),
  .QUASI_UNIFORM_KNOTS.);
#5645 = CARTESIAN_POINT('',(7.068583470577,3.440064433703));
#5646 = CARTESIAN_POINT('',(7.058323063092,3.462814085617));
#5647 = CARTESIAN_POINT('',(7.038049990407,3.511269582174));
#5648 = CARTESIAN_POINT('',(7.008490903259,3.59210421291));
#5649 = CARTESIAN_POINT('',(6.979888244447,3.680367075293));
#5650 = CARTESIAN_POINT('',(6.952352780401,3.77535588195));
#5651 = CARTESIAN_POINT('',(6.926015940646,3.876290839945));
#5652 = CARTESIAN_POINT('',(6.900953799932,3.982681311712));
#5653 = CARTESIAN_POINT('',(6.877469625874,4.092957543774));
#5654 = CARTESIAN_POINT('',(6.855014464543,4.20967624858));
#5655 = CARTESIAN_POINT('',(6.833341925224,4.334090366407));
#5656 = CARTESIAN_POINT('',(6.812680986763,4.465177869596));
#5657 = CARTESIAN_POINT('',(6.793137950877,4.602526470929));
#5658 = CARTESIAN_POINT('',(6.77485548937,4.745559889359));
#5659 = CARTESIAN_POINT('',(6.757970571929,4.893748078712));
#5660 = CARTESIAN_POINT('',(6.742620518195,5.046540047156));
#5661 = CARTESIAN_POINT('',(6.728958502266,5.203422350616));
#5662 = CARTESIAN_POINT('',(6.717086315051,5.363756417191));
#5663 = CARTESIAN_POINT('',(6.70699989631,5.526663514824));
#5664 = CARTESIAN_POINT('',(6.698716207084,5.69130670603));
#5665 = CARTESIAN_POINT('',(6.692247309566,5.856856897436));
#5666 = CARTESIAN_POINT('',(6.687607511593,6.022411824655));
#5667 = CARTESIAN_POINT('',(6.684811438662,6.187354063238));
#5668 = CARTESIAN_POINT('',(6.683874324791,6.35));
#5669 = CARTESIAN_POINT('',(6.684811438662,6.512645936762));
#5670 = CARTESIAN_POINT('',(6.687607511593,6.677588175345));
#5671 = CARTESIAN_POINT('',(6.692247309566,6.843143102564));
#5672 = CARTESIAN_POINT('',(6.698716207084,7.00869329397));
#5673 = CARTESIAN_POINT('',(6.70699989631,7.173336485176));
#5674 = CARTESIAN_POINT('',(6.717086315051,7.336243582809));
#5675 = CARTESIAN_POINT('',(6.728958502266,7.496577649384));
#5676 = CARTESIAN_POINT('',(6.742620518195,7.653459952844));
#5677 = CARTESIAN_POINT('',(6.757970571929,7.806251921288));
#5678 = CARTESIAN_POINT('',(6.77485548937,7.954440110641));
#5679 = CARTESIAN_POINT('',(6.793137950877,8.097473529071));
#5680 = CARTESIAN_POINT('',(6.812680986763,8.234822130404));
#5681 = CARTESIAN_POINT('',(6.833341925224,8.365909633593));
#5682 = CARTESIAN_POINT('',(6.855014464543,8.49032375142));
#5683 = CARTESIAN_POINT('',(6.877469625874,8.607042456226));
#5684 = CARTESIAN_POINT('',(6.900953799932,8.717318688288));
#5685 = CARTESIAN_POINT('',(6.926015940646,8.823709160055));
#5686 = CARTESIAN_POINT('',(6.952352780401,8.92464411805));
#5687 = CARTESIAN_POINT('',(6.979888244447,9.019632924707));
#5688 = CARTESIAN_POINT('',(7.008490903259,9.10789578709));
#5689 = CARTESIAN_POINT('',(7.038049990407,9.188730417826));
#5690 = CARTESIAN_POINT('',(7.058323063092,9.237185914383));
#5691 = CARTESIAN_POINT('',(7.068583470577,9.259935566297));
#5692 = ( GEOMETRIC_REPRESENTATION_CONTEXT(2) 
PARAMETRIC_REPRESENTATION_CONTEXT() REPRESENTATION_CONTEXT('2D SPACE',''
  ) );
#5693 = ORIENTED_EDGE('',*,*,#5694,.T.);
#5694 = EDGE_CURVE('',#5568,#4660,#5695,.T.);
#5695 = SURFACE_CURVE('',#5696,(#5701,#5708),.PCURVE_S1.);
#5696 = CIRCLE('',#5697,3.175);
#5697 = AXIS2_PLACEMENT_3D('',#5698,#5699,#5700);
#5698 = CARTESIAN_POINT('',(31.773665242407,6.35,21.024846098401));
#5699 = DIRECTION('',(0.833954480829,-1.225315935864E-16,0.551833239217)
  );
#5700 = DIRECTION('',(0.551833239217,-3.686951170381E-17,-0.833954480829
    ));
#5701 = PCURVE('',#4675,#5702);
#5702 = DEFINITIONAL_REPRESENTATION('',(#5703),#5707);
#5703 = LINE('',#5704,#5705);
#5704 = CARTESIAN_POINT('',(6.28318530718,152.4000005722));
#5705 = VECTOR('',#5706,1.);
#5706 = DIRECTION('',(-1.,0.));
#5707 = ( GEOMETRIC_REPRESENTATION_CONTEXT(2) 
PARAMETRIC_REPRESENTATION_CONTEXT() REPRESENTATION_CONTEXT('2D SPACE',''
  ) );
#5708 = PCURVE('',#4703,#5709);
#5709 = DEFINITIONAL_REPRESENTATION('',(#5710),#5714);
#5710 = CIRCLE('',#5711,3.175);
#5711 = AXIS2_PLACEMENT_2D('',#5712,#5713);
#5712 = CARTESIAN_POINT('',(12.7,6.35));
#5713 = DIRECTION('',(-1.,0.));
#5714 = ( GEOMETRIC_REPRESENTATION_CONTEXT(2) 
PARAMETRIC_REPRESENTATION_CONTEXT() REPRESENTATION_CONTEXT('2D SPACE',''
  ) );
#5715 = ORIENTED_EDGE('',*,*,#5516,.F.);
#5716 = ORIENTED_EDGE('',*,*,#5717,.T.);
#5717 = EDGE_CURVE('',#5517,#5517,#5718,.T.);
#5718 = SURFACE_CURVE('',#5719,(#5724,#5731),.PCURVE_S1.);
#5719 = CIRCLE('',#5720,3.175);
#5720 = AXIS2_PLACEMENT_3D('',#5721,#5722,#5723);
#5721 = CARTESIAN_POINT('',(158.86832859799,6.35,105.12423207081));
#5722 = DIRECTION('',(-0.833954480829,1.225315935864E-16,-0.551833239217
    ));
#5723 = DIRECTION('',(0.551833239217,-3.686951170381E-17,-0.833954480829
    ));
#5724 = PCURVE('',#4675,#5725);
#5725 = DEFINITIONAL_REPRESENTATION('',(#5726),#5730);
#5726 = LINE('',#5727,#5728);
#5727 = CARTESIAN_POINT('',(0.,0.));
#5728 = VECTOR('',#5729,1.);
#5729 = DIRECTION('',(1.,0.));
#5730 = ( GEOMETRIC_REPRESENTATION_CONTEXT(2) 
PARAMETRIC_REPRESENTATION_CONTEXT() REPRESENTATION_CONTEXT('2D SPACE',''
  ) );
#5731 = PCURVE('',#5162,#5732);
#5732 = DEFINITIONAL_REPRESENTATION('',(#5733),#5741);
#5733 = ( BOUNDED_CURVE() B_SPLINE_CURVE(2,(#5734,#5735,#5736,#5737,
#5738,#5739,#5740),.UNSPECIFIED.,.T.,.F.) B_SPLINE_CURVE_WITH_KNOTS((1,2
    ,2,2,2,1),(-2.094395102393,0.,2.094395102393,4.188790204786,
6.28318530718,8.377580409573),.UNSPECIFIED.) CURVE() 
GEOMETRIC_REPRESENTATION_ITEM() RATIONAL_B_SPLINE_CURVE((1.,0.5,1.,0.5,
1.,0.5,1.)) REPRESENTATION_ITEM('') );
#5734 = CARTESIAN_POINT('',(15.875,6.35));
#5735 = CARTESIAN_POINT('',(15.875,0.850738685969));
#5736 = CARTESIAN_POINT('',(11.1125,3.600369342984));
#5737 = CARTESIAN_POINT('',(6.35,6.35));
#5738 = CARTESIAN_POINT('',(11.1125,9.099630657016));
#5739 = CARTESIAN_POINT('',(15.875,11.849261314031));
#5740 = CARTESIAN_POINT('',(15.875,6.35));
#5741 = ( GEOMETRIC_REPRESENTATION_CONTEXT(2) 
PARAMETRIC_REPRESENTATION_CONTEXT() REPRESENTATION_CONTEXT('2D SPACE',''
  ) );
#5742 = ADVANCED_FACE('',(#5743),#4888,.F.);
#5743 = FACE_BOUND('',#5744,.T.);
#5744 = EDGE_LOOP('',(#5745,#5746,#5769,#5813));
#5745 = ORIENTED_EDGE('',*,*,#5543,.T.);
#5746 = ORIENTED_EDGE('',*,*,#5747,.F.);
#5747 = EDGE_CURVE('',#5748,#5544,#5750,.T.);
#5748 = VERTEX_POINT('',#5749);
#5749 = CARTESIAN_POINT('',(35.277806311434,7.62,15.729235145135));
#5750 = SURFACE_CURVE('',#5751,(#5755,#5762),.PCURVE_S1.);
#5751 = LINE('',#5752,#5753);
#5752 = CARTESIAN_POINT('',(35.277806311434,7.62,15.729235145135));
#5753 = VECTOR('',#5754,1.);
#5754 = DIRECTION('',(-0.551833239217,3.686951170381E-17,0.833954480829)
  );
#5755 = PCURVE('',#4888,#5756);
#5756 = DEFINITIONAL_REPRESENTATION('',(#5757),#5761);
#5757 = LINE('',#5758,#5759);
#5758 = CARTESIAN_POINT('',(6.35,5.08));
#5759 = VECTOR('',#5760,1.);
#5760 = DIRECTION('',(1.,0.));
#5761 = ( GEOMETRIC_REPRESENTATION_CONTEXT(2) 
PARAMETRIC_REPRESENTATION_CONTEXT() REPRESENTATION_CONTEXT('2D SPACE',''
  ) );
#5762 = PCURVE('',#5638,#5763);
#5763 = DEFINITIONAL_REPRESENTATION('',(#5764),#5768);
#5764 = LINE('',#5765,#5766);
#5765 = CARTESIAN_POINT('',(7.068583470577,0.));
#5766 = VECTOR('',#5767,1.);
#5767 = DIRECTION('',(0.,1.));
#5768 = ( GEOMETRIC_REPRESENTATION_CONTEXT(2) 
PARAMETRIC_REPRESENTATION_CONTEXT() REPRESENTATION_CONTEXT('2D SPACE',''
  ) );
#5769 = ORIENTED_EDGE('',*,*,#5770,.F.);
#5770 = EDGE_CURVE('',#4817,#5748,#5771,.T.);
#5771 = SURFACE_CURVE('',#5772,(#5777,#5784),.PCURVE_S1.);
#5772 = CIRCLE('',#5773,1.27);
#5773 = AXIS2_PLACEMENT_3D('',#5774,#5775,#5776);
#5774 = CARTESIAN_POINT('',(35.277806311434,6.35,15.729235145135));
#5775 = DIRECTION('',(0.833954480829,-1.387778780781E-16,0.551833239217)
  );
#5776 = DIRECTION('',(0.390205025534,0.707106781187,-0.589694868595));
#5777 = PCURVE('',#4888,#5778);
#5778 = DEFINITIONAL_REPRESENTATION('',(#5779),#5783);
#5779 = CIRCLE('',#5780,1.27);
#5780 = AXIS2_PLACEMENT_2D('',#5781,#5782);
#5781 = CARTESIAN_POINT('',(6.35,6.35));
#5782 = DIRECTION('',(-0.707106781187,-0.707106781187));
#5783 = ( GEOMETRIC_REPRESENTATION_CONTEXT(2) 
PARAMETRIC_REPRESENTATION_CONTEXT() REPRESENTATION_CONTEXT('2D SPACE',''
  ) );
#5784 = PCURVE('',#4833,#5785);
#5785 = DEFINITIONAL_REPRESENTATION('',(#5786),#5812);
#5786 = B_SPLINE_CURVE_WITH_KNOTS('',3,(#5787,#5788,#5789,#5790,#5791,
    #5792,#5793,#5794,#5795,#5796,#5797,#5798,#5799,#5800,#5801,#5802,
    #5803,#5804,#5805,#5806,#5807,#5808,#5809,#5810,#5811),
  .UNSPECIFIED.,.F.,.F.,(4,1,1,1,1,1,1,1,1,1,1,1,1,1,1,1,1,1,1,1,1,1,4),
  (5.497787143782,5.569186976818,5.640586809854,5.711986642891,
    5.783386475927,5.854786308963,5.926186141999,5.997585975035,
    6.068985808071,6.140385641107,6.211785474143,6.28318530718,
    6.354585140216,6.425984973252,6.497384806288,6.568784639324,
    6.64018447236,6.711584305396,6.782984138433,6.854383971469,
    6.925783804505,6.997183637541,7.068583470577),
  .QUASI_UNIFORM_KNOTS.);
#5787 = CARTESIAN_POINT('',(-1.570796326795,-2.352213708095E-13));
#5788 = CARTESIAN_POINT('',(-1.570796326795,2.64330485279E-02));
#5789 = CARTESIAN_POINT('',(-1.570796326795,7.852521262823E-02));
#5790 = CARTESIAN_POINT('',(-1.570796326795,0.154606454553));
#5791 = CARTESIAN_POINT('',(-1.570796326795,0.228904158181));
#5792 = CARTESIAN_POINT('',(-1.570796326795,0.301661439934));
#5793 = CARTESIAN_POINT('',(-1.570796326795,0.373106106239));
#5794 = CARTESIAN_POINT('',(-1.570796326795,0.443450603944));
#5795 = CARTESIAN_POINT('',(-1.570796326795,0.512895531032));
#5796 = CARTESIAN_POINT('',(-1.570796326795,0.581631810167));
#5797 = CARTESIAN_POINT('',(-1.570796326795,0.649842920765));
#5798 = CARTESIAN_POINT('',(-1.570796326795,0.717706886775));
#5799 = CARTESIAN_POINT('',(-1.570796326795,0.785398163398));
#5800 = CARTESIAN_POINT('',(-1.570796326795,0.85308944002));
#5801 = CARTESIAN_POINT('',(-1.570796326795,0.92095340603));
#5802 = CARTESIAN_POINT('',(-1.570796326795,0.989164516628));
#5803 = CARTESIAN_POINT('',(-1.570796326795,1.057900795763));
#5804 = CARTESIAN_POINT('',(-1.570796326795,1.127345722851));
#5805 = CARTESIAN_POINT('',(-1.570796326795,1.197690220556));
#5806 = CARTESIAN_POINT('',(-1.570796326795,1.269134886861));
#5807 = CARTESIAN_POINT('',(-1.570796326795,1.341892168614));
#5808 = CARTESIAN_POINT('',(-1.570796326795,1.416189872242));
#5809 = CARTESIAN_POINT('',(-1.570796326795,1.492271114167));
#5810 = CARTESIAN_POINT('',(-1.570796326795,1.544363278267));
#5811 = CARTESIAN_POINT('',(-1.570796326795,1.570796326795));
#5812 = ( GEOMETRIC_REPRESENTATION_CONTEXT(2) 
PARAMETRIC_REPRESENTATION_CONTEXT() REPRESENTATION_CONTEXT('2D SPACE',''
  ) );
#5813 = ORIENTED_EDGE('',*,*,#4872,.T.);
#5814 = ADVANCED_FACE('',(#5815),#4833,.F.);
#5815 = FACE_BOUND('',#5816,.F.);
#5816 = EDGE_LOOP('',(#5817,#5818,#5819,#5820));
#5817 = ORIENTED_EDGE('',*,*,#5770,.F.);
#5818 = ORIENTED_EDGE('',*,*,#4816,.T.);
#5819 = ORIENTED_EDGE('',*,*,#5203,.F.);
#5820 = ORIENTED_EDGE('',*,*,#5821,.F.);
#5821 = EDGE_CURVE('',#5748,#5204,#5822,.T.);
#5822 = SURFACE_CURVE('',#5823,(#5828,#5857),.PCURVE_S1.);
#5823 = CIRCLE('',#5824,5.08);
#5824 = AXIS2_PLACEMENT_3D('',#5825,#5826,#5827);
#5825 = CARTESIAN_POINT('',(39.514295074047,7.62,18.532548000357));
#5826 = DIRECTION('',(0.551833239217,1.816783277893E-16,-0.833954480829)
  );
#5827 = DIRECTION('',(-0.833954480829,1.225315935864E-16,-0.551833239217
    ));
#5828 = PCURVE('',#4833,#5829);
#5829 = DEFINITIONAL_REPRESENTATION('',(#5830),#5856);
#5830 = B_SPLINE_CURVE_WITH_KNOTS('',3,(#5831,#5832,#5833,#5834,#5835,
    #5836,#5837,#5838,#5839,#5840,#5841,#5842,#5843,#5844,#5845,#5846,
    #5847,#5848,#5849,#5850,#5851,#5852,#5853,#5854,#5855),
  .UNSPECIFIED.,.F.,.F.,(4,1,1,1,1,1,1,1,1,1,1,1,1,1,1,1,1,1,1,1,1,1,4),
  (0.,7.139983303613E-02,0.142799666072,0.214199499108,0.285599332145,
    0.356999165181,0.428398998217,0.499798831253,0.571198664289,
    0.642598497325,0.713998330361,0.785398163397,0.856797996434,
    0.92819782947,0.999597662506,1.070997495542,1.142397328578,
    1.213797161614,1.28519699465,1.356596827687,1.427996660723,
    1.499396493759,1.570796326795),.QUASI_UNIFORM_KNOTS.);
#5831 = CARTESIAN_POINT('',(-1.570796326795,1.570796326795));
#5832 = CARTESIAN_POINT('',(-1.544363278267,1.570796326795));
#5833 = CARTESIAN_POINT('',(-1.492271114166,1.570796326795));
#5834 = CARTESIAN_POINT('',(-1.416189872242,1.570796326795));
#5835 = CARTESIAN_POINT('',(-1.341892168614,1.570796326795));
#5836 = CARTESIAN_POINT('',(-1.269134886861,1.570796326795));
#5837 = CARTESIAN_POINT('',(-1.197690220556,1.570796326795));
#5838 = CARTESIAN_POINT('',(-1.12734572285,1.570796326795));
#5839 = CARTESIAN_POINT('',(-1.057900795762,1.570796326795));
#5840 = CARTESIAN_POINT('',(-0.989164516627,1.570796326795));
#5841 = CARTESIAN_POINT('',(-0.92095340603,1.570796326795));
#5842 = CARTESIAN_POINT('',(-0.85308944002,1.570796326795));
#5843 = CARTESIAN_POINT('',(-0.785398163398,1.570796326795));
#5844 = CARTESIAN_POINT('',(-0.717706886775,1.570796326795));
#5845 = CARTESIAN_POINT('',(-0.649842920765,1.570796326795));
#5846 = CARTESIAN_POINT('',(-0.581631810168,1.570796326795));
#5847 = CARTESIAN_POINT('',(-0.512895531033,1.570796326795));
#5848 = CARTESIAN_POINT('',(-0.443450603945,1.570796326795));
#5849 = CARTESIAN_POINT('',(-0.373106106239,1.570796326795));
#5850 = CARTESIAN_POINT('',(-0.301661439934,1.570796326795));
#5851 = CARTESIAN_POINT('',(-0.228904158181,1.570796326795));
#5852 = CARTESIAN_POINT('',(-0.154606454553,1.570796326795));
#5853 = CARTESIAN_POINT('',(-7.852521262878E-02,1.570796326795));
#5854 = CARTESIAN_POINT('',(-2.643304852834E-02,1.570796326795));
#5855 = CARTESIAN_POINT('',(-6.11040884867E-14,1.570796326795));
#5856 = ( GEOMETRIC_REPRESENTATION_CONTEXT(2) 
PARAMETRIC_REPRESENTATION_CONTEXT() REPRESENTATION_CONTEXT('2D SPACE',''
  ) );
#5857 = PCURVE('',#5638,#5858);
#5858 = DEFINITIONAL_REPRESENTATION('',(#5859),#5863);
#5859 = LINE('',#5860,#5861);
#5860 = CARTESIAN_POINT('',(7.068583470577,0.));
#5861 = VECTOR('',#5862,1.);
#5862 = DIRECTION('',(-1.,5.654319433713E-16));
#5863 = ( GEOMETRIC_REPRESENTATION_CONTEXT(2) 
PARAMETRIC_REPRESENTATION_CONTEXT() REPRESENTATION_CONTEXT('2D SPACE',''
  ) );
#5864 = ADVANCED_FACE('',(#5865),#4732,.F.);
#5865 = FACE_BOUND('',#5866,.F.);
#5866 = EDGE_LOOP('',(#5867,#5913,#5959,#6003));
#5867 = ORIENTED_EDGE('',*,*,#5868,.F.);
#5868 = EDGE_CURVE('',#5869,#4688,#5871,.T.);
#5869 = VERTEX_POINT('',#5870);
#5870 = CARTESIAN_POINT('',(28.26952417338,7.62,26.320457051668));
#5871 = SURFACE_CURVE('',#5872,(#5877,#5906),.PCURVE_S1.);
#5872 = CIRCLE('',#5873,1.27);
#5873 = AXIS2_PLACEMENT_3D('',#5874,#5875,#5876);
#5874 = CARTESIAN_POINT('',(28.26952417338,6.35,26.320457051668));
#5875 = DIRECTION('',(0.833954480829,-1.387778780781E-16,0.551833239217)
  );
#5876 = DIRECTION('',(-0.390205025534,0.707106781187,0.589694868595));
#5877 = PCURVE('',#4732,#5878);
#5878 = DEFINITIONAL_REPRESENTATION('',(#5879),#5905);
#5879 = B_SPLINE_CURVE_WITH_KNOTS('',3,(#5880,#5881,#5882,#5883,#5884,
    #5885,#5886,#5887,#5888,#5889,#5890,#5891,#5892,#5893,#5894,#5895,
    #5896,#5897,#5898,#5899,#5900,#5901,#5902,#5903,#5904),
  .UNSPECIFIED.,.F.,.F.,(4,1,1,1,1,1,1,1,1,1,1,1,1,1,1,1,1,1,1,1,1,1,4),
  (5.497787143782,5.569186976818,5.640586809854,5.711986642891,
    5.783386475927,5.854786308963,5.926186141999,5.997585975035,
    6.068985808071,6.140385641107,6.211785474143,6.28318530718,
    6.354585140216,6.425984973252,6.497384806288,6.568784639324,
    6.64018447236,6.711584305396,6.782984138433,6.854383971469,
    6.925783804505,6.997183637541,7.068583470577),
  .QUASI_UNIFORM_KNOTS.);
#5880 = CARTESIAN_POINT('',(-1.570796326795,1.570796326795));
#5881 = CARTESIAN_POINT('',(-1.570796326795,1.597229375323));
#5882 = CARTESIAN_POINT('',(-1.570796326795,1.649321539423));
#5883 = CARTESIAN_POINT('',(-1.570796326795,1.725402781348));
#5884 = CARTESIAN_POINT('',(-1.570796326795,1.799700484976));
#5885 = CARTESIAN_POINT('',(-1.570796326795,1.872457766729));
#5886 = CARTESIAN_POINT('',(-1.570796326795,1.943902433034));
#5887 = CARTESIAN_POINT('',(-1.570796326795,2.014246930739));
#5888 = CARTESIAN_POINT('',(-1.570796326795,2.083691857827));
#5889 = CARTESIAN_POINT('',(-1.570796326795,2.152428136962));
#5890 = CARTESIAN_POINT('',(-1.570796326795,2.22063924756));
#5891 = CARTESIAN_POINT('',(-1.570796326795,2.28850321357));
#5892 = CARTESIAN_POINT('',(-1.570796326795,2.356194490192));
#5893 = CARTESIAN_POINT('',(-1.570796326795,2.423885766815));
#5894 = CARTESIAN_POINT('',(-1.570796326795,2.491749732825));
#5895 = CARTESIAN_POINT('',(-1.570796326795,2.559960843422));
#5896 = CARTESIAN_POINT('',(-1.570796326795,2.628697122557));
#5897 = CARTESIAN_POINT('',(-1.570796326795,2.698142049645));
#5898 = CARTESIAN_POINT('',(-1.570796326795,2.768486547351));
#5899 = CARTESIAN_POINT('',(-1.570796326795,2.839931213656));
#5900 = CARTESIAN_POINT('',(-1.570796326795,2.912688495409));
#5901 = CARTESIAN_POINT('',(-1.570796326795,2.986986199037));
#5902 = CARTESIAN_POINT('',(-1.570796326795,3.063067440961));
#5903 = CARTESIAN_POINT('',(-1.570796326795,3.115159605062));
#5904 = CARTESIAN_POINT('',(-1.570796326795,3.14159265359));
#5905 = ( GEOMETRIC_REPRESENTATION_CONTEXT(2) 
PARAMETRIC_REPRESENTATION_CONTEXT() REPRESENTATION_CONTEXT('2D SPACE',''
  ) );
#5906 = PCURVE('',#4703,#5907);
#5907 = DEFINITIONAL_REPRESENTATION('',(#5908),#5912);
#5908 = CIRCLE('',#5909,1.27);
#5909 = AXIS2_PLACEMENT_2D('',#5910,#5911);
#5910 = CARTESIAN_POINT('',(19.05,6.35));
#5911 = DIRECTION('',(0.707106781187,-0.707106781187));
#5912 = ( GEOMETRIC_REPRESENTATION_CONTEXT(2) 
PARAMETRIC_REPRESENTATION_CONTEXT() REPRESENTATION_CONTEXT('2D SPACE',''
  ) );
#5913 = ORIENTED_EDGE('',*,*,#5914,.T.);
#5914 = EDGE_CURVE('',#5869,#5915,#5917,.T.);
#5915 = VERTEX_POINT('',#5916);
#5916 = CARTESIAN_POINT('',(32.506012935993,12.7,29.12376990689));
#5917 = SURFACE_CURVE('',#5918,(#5923,#5952),.PCURVE_S1.);
#5918 = CIRCLE('',#5919,5.08);
#5919 = AXIS2_PLACEMENT_3D('',#5920,#5921,#5922);
#5920 = CARTESIAN_POINT('',(32.506012935993,7.62,29.12376990689));
#5921 = DIRECTION('',(0.551833239217,-3.686951170381E-17,-0.833954480829
    ));
#5922 = DIRECTION('',(-0.833954480829,1.225315935864E-16,-0.551833239217
    ));
#5923 = PCURVE('',#4732,#5924);
#5924 = DEFINITIONAL_REPRESENTATION('',(#5925),#5951);
#5925 = B_SPLINE_CURVE_WITH_KNOTS('',3,(#5926,#5927,#5928,#5929,#5930,
    #5931,#5932,#5933,#5934,#5935,#5936,#5937,#5938,#5939,#5940,#5941,
    #5942,#5943,#5944,#5945,#5946,#5947,#5948,#5949,#5950),
  .UNSPECIFIED.,.F.,.F.,(4,1,1,1,1,1,1,1,1,1,1,1,1,1,1,1,1,1,1,1,1,1,4),
  (0.,7.139983303613E-02,0.142799666072,0.214199499108,0.285599332145,
    0.356999165181,0.428398998217,0.499798831253,0.571198664289,
    0.642598497325,0.713998330361,0.785398163397,0.856797996434,
    0.92819782947,0.999597662506,1.070997495542,1.142397328578,
    1.213797161614,1.28519699465,1.356596827687,1.427996660723,
    1.499396493759,1.570796326795),.QUASI_UNIFORM_KNOTS.);
#5926 = CARTESIAN_POINT('',(-1.570796326795,1.570796326795));
#5927 = CARTESIAN_POINT('',(-1.544363278267,1.570796326795));
#5928 = CARTESIAN_POINT('',(-1.492271114166,1.570796326795));
#5929 = CARTESIAN_POINT('',(-1.416189872242,1.570796326795));
#5930 = CARTESIAN_POINT('',(-1.341892168614,1.570796326795));
#5931 = CARTESIAN_POINT('',(-1.269134886861,1.570796326795));
#5932 = CARTESIAN_POINT('',(-1.197690220556,1.570796326795));
#5933 = CARTESIAN_POINT('',(-1.12734572285,1.570796326795));
#5934 = CARTESIAN_POINT('',(-1.057900795762,1.570796326795));
#5935 = CARTESIAN_POINT('',(-0.989164516627,1.570796326795));
#5936 = CARTESIAN_POINT('',(-0.92095340603,1.570796326795));
#5937 = CARTESIAN_POINT('',(-0.85308944002,1.570796326795));
#5938 = CARTESIAN_POINT('',(-0.785398163397,1.570796326795));
#5939 = CARTESIAN_POINT('',(-0.717706886775,1.570796326795));
#5940 = CARTESIAN_POINT('',(-0.649842920765,1.570796326795));
#5941 = CARTESIAN_POINT('',(-0.581631810168,1.570796326795));
#5942 = CARTESIAN_POINT('',(-0.512895531033,1.570796326795));
#5943 = CARTESIAN_POINT('',(-0.443450603945,1.570796326795));
#5944 = CARTESIAN_POINT('',(-0.373106106239,1.570796326795));
#5945 = CARTESIAN_POINT('',(-0.301661439934,1.570796326795));
#5946 = CARTESIAN_POINT('',(-0.228904158181,1.570796326795));
#5947 = CARTESIAN_POINT('',(-0.154606454553,1.570796326795));
#5948 = CARTESIAN_POINT('',(-7.852521262874E-02,1.570796326795));
#5949 = CARTESIAN_POINT('',(-2.643304852829E-02,1.570796326795));
#5950 = CARTESIAN_POINT('',(-5.082127736203E-16,1.570796326795));
#5951 = ( GEOMETRIC_REPRESENTATION_CONTEXT(2) 
PARAMETRIC_REPRESENTATION_CONTEXT() REPRESENTATION_CONTEXT('2D SPACE',''
  ) );
#5952 = PCURVE('',#5638,#5953);
#5953 = DEFINITIONAL_REPRESENTATION('',(#5954),#5958);
#5954 = LINE('',#5955,#5956);
#5955 = CARTESIAN_POINT('',(7.068583470577,12.7));
#5956 = VECTOR('',#5957,1.);
#5957 = DIRECTION('',(-1.,0.));
#5958 = ( GEOMETRIC_REPRESENTATION_CONTEXT(2) 
PARAMETRIC_REPRESENTATION_CONTEXT() REPRESENTATION_CONTEXT('2D SPACE',''
  ) );
#5959 = ORIENTED_EDGE('',*,*,#5960,.F.);
#5960 = EDGE_CURVE('',#4716,#5915,#5961,.T.);
#5961 = SURFACE_CURVE('',#5962,(#5967,#5996),.PCURVE_S1.);
#5962 = CIRCLE('',#5963,6.35);
#5963 = AXIS2_PLACEMENT_3D('',#5964,#5965,#5966);
#5964 = CARTESIAN_POINT('',(32.506012935993,6.35,29.12376990689));
#5965 = DIRECTION('',(-0.833954480829,1.387778780781E-16,-0.551833239217
    ));
#5966 = DIRECTION('',(-0.390205025534,0.707106781187,0.589694868595));
#5967 = PCURVE('',#4732,#5968);
#5968 = DEFINITIONAL_REPRESENTATION('',(#5969),#5995);
#5969 = B_SPLINE_CURVE_WITH_KNOTS('',3,(#5970,#5971,#5972,#5973,#5974,
    #5975,#5976,#5977,#5978,#5979,#5980,#5981,#5982,#5983,#5984,#5985,
    #5986,#5987,#5988,#5989,#5990,#5991,#5992,#5993,#5994),
  .UNSPECIFIED.,.F.,.F.,(4,1,1,1,1,1,1,1,1,1,1,1,1,1,1,1,1,1,1,1,1,1,4),
  (5.497787143782,5.569186976818,5.640586809854,5.711986642891,
    5.783386475927,5.854786308963,5.926186141999,5.997585975035,
    6.068985808071,6.140385641107,6.211785474143,6.28318530718,
    6.354585140216,6.425984973252,6.497384806288,6.568784639324,
    6.64018447236,6.711584305396,6.782984138433,6.854383971469,
    6.925783804505,6.997183637541,7.068583470577),
  .QUASI_UNIFORM_KNOTS.);
#5970 = CARTESIAN_POINT('',(-5.082127736203E-16,3.14159265359));
#5971 = CARTESIAN_POINT('',(-5.082127736203E-16,3.115159605062));
#5972 = CARTESIAN_POINT('',(-5.082127736203E-16,3.063067440961));
#5973 = CARTESIAN_POINT('',(-5.082127736203E-16,2.986986199037));
#5974 = CARTESIAN_POINT('',(-5.082127736203E-16,2.912688495409));
#5975 = CARTESIAN_POINT('',(-5.082127736203E-16,2.839931213656));
#5976 = CARTESIAN_POINT('',(-5.082127736203E-16,2.768486547351));
#5977 = CARTESIAN_POINT('',(-5.082127736203E-16,2.698142049645));
#5978 = CARTESIAN_POINT('',(-5.082127736203E-16,2.628697122557));
#5979 = CARTESIAN_POINT('',(-5.082127736203E-16,2.559960843422));
#5980 = CARTESIAN_POINT('',(-5.082127736203E-16,2.491749732825));
#5981 = CARTESIAN_POINT('',(-5.082127736203E-16,2.423885766815));
#5982 = CARTESIAN_POINT('',(-5.082127736203E-16,2.356194490192));
#5983 = CARTESIAN_POINT('',(-5.082127736203E-16,2.28850321357));
#5984 = CARTESIAN_POINT('',(-5.082127736203E-16,2.22063924756));
#5985 = CARTESIAN_POINT('',(-5.082127736203E-16,2.152428136962));
#5986 = CARTESIAN_POINT('',(-5.082127736203E-16,2.083691857827));
#5987 = CARTESIAN_POINT('',(-5.082127736203E-16,2.014246930739));
#5988 = CARTESIAN_POINT('',(-5.082127736203E-16,1.943902433034));
#5989 = CARTESIAN_POINT('',(-5.082127736203E-16,1.872457766729));
#5990 = CARTESIAN_POINT('',(-5.082127736203E-16,1.799700484976));
#5991 = CARTESIAN_POINT('',(-5.082127736203E-16,1.725402781348));
#5992 = CARTESIAN_POINT('',(-5.082127736203E-16,1.649321539424));
#5993 = CARTESIAN_POINT('',(-5.082127736203E-16,1.597229375323));
#5994 = CARTESIAN_POINT('',(-5.082127736203E-16,1.570796326795));
#5995 = ( GEOMETRIC_REPRESENTATION_CONTEXT(2) 
PARAMETRIC_REPRESENTATION_CONTEXT() REPRESENTATION_CONTEXT('2D SPACE',''
  ) );
#5996 = PCURVE('',#5188,#5997);
#5997 = DEFINITIONAL_REPRESENTATION('',(#5998),#6002);
#5998 = LINE('',#5999,#6000);
#5999 = CARTESIAN_POINT('',(6.28318530718,138.42999942779));
#6000 = VECTOR('',#6001,1.);
#6001 = DIRECTION('',(-1.,0.));
#6002 = ( GEOMETRIC_REPRESENTATION_CONTEXT(2) 
PARAMETRIC_REPRESENTATION_CONTEXT() REPRESENTATION_CONTEXT('2D SPACE',''
  ) );
#6003 = ORIENTED_EDGE('',*,*,#4715,.T.);
#6004 = ADVANCED_FACE('',(#6005),#4703,.F.);
#6005 = FACE_BOUND('',#6006,.T.);
#6006 = EDGE_LOOP('',(#6007,#6008,#6009,#6010));
#6007 = ORIENTED_EDGE('',*,*,#5694,.T.);
#6008 = ORIENTED_EDGE('',*,*,#4687,.T.);
#6009 = ORIENTED_EDGE('',*,*,#5868,.F.);
#6010 = ORIENTED_EDGE('',*,*,#6011,.F.);
#6011 = EDGE_CURVE('',#5568,#5869,#6012,.T.);
#6012 = SURFACE_CURVE('',#6013,(#6017,#6024),.PCURVE_S1.);
#6013 = LINE('',#6014,#6015);
#6014 = CARTESIAN_POINT('',(35.277806311434,7.62,15.729235145135));
#6015 = VECTOR('',#6016,1.);
#6016 = DIRECTION('',(-0.551833239217,3.686951170381E-17,0.833954480829)
  );
#6017 = PCURVE('',#4703,#6018);
#6018 = DEFINITIONAL_REPRESENTATION('',(#6019),#6023);
#6019 = LINE('',#6020,#6021);
#6020 = CARTESIAN_POINT('',(6.35,5.08));
#6021 = VECTOR('',#6022,1.);
#6022 = DIRECTION('',(1.,0.));
#6023 = ( GEOMETRIC_REPRESENTATION_CONTEXT(2) 
PARAMETRIC_REPRESENTATION_CONTEXT() REPRESENTATION_CONTEXT('2D SPACE',''
  ) );
#6024 = PCURVE('',#5638,#6025);
#6025 = DEFINITIONAL_REPRESENTATION('',(#6026),#6030);
#6026 = LINE('',#6027,#6028);
#6027 = CARTESIAN_POINT('',(7.068583470577,0.));
#6028 = VECTOR('',#6029,1.);
#6029 = DIRECTION('',(0.,1.));
#6030 = ( GEOMETRIC_REPRESENTATION_CONTEXT(2) 
PARAMETRIC_REPRESENTATION_CONTEXT() REPRESENTATION_CONTEXT('2D SPACE',''
  ) );
#6031 = ADVANCED_FACE('',(#6032,#6058),#4997,.F.);
#6032 = FACE_BOUND('',#6033,.F.);
#6033 = EDGE_LOOP('',(#6034,#6035,#6036,#6057));
#6034 = ORIENTED_EDGE('',*,*,#4980,.F.);
#6035 = ORIENTED_EDGE('',*,*,#5123,.T.);
#6036 = ORIENTED_EDGE('',*,*,#6037,.T.);
#6037 = EDGE_CURVE('',#5124,#5278,#6038,.T.);
#6038 = SURFACE_CURVE('',#6039,(#6043,#6050),.PCURVE_S1.);
#6039 = LINE('',#6040,#6041);
#6040 = CARTESIAN_POINT('',(151.86004645994,-2.620469485345E-14,
    115.71545397734));
#6041 = VECTOR('',#6042,1.);
#6042 = DIRECTION('',(0.551833239217,-3.686951170381E-17,-0.833954480829
    ));
#6043 = PCURVE('',#4997,#6044);
#6044 = DEFINITIONAL_REPRESENTATION('',(#6045),#6049);
#6045 = LINE('',#6046,#6047);
#6046 = CARTESIAN_POINT('',(190.5,-12.7));
#6047 = VECTOR('',#6048,1.);
#6048 = DIRECTION('',(0.,1.));
#6049 = ( GEOMETRIC_REPRESENTATION_CONTEXT(2) 
PARAMETRIC_REPRESENTATION_CONTEXT() REPRESENTATION_CONTEXT('2D SPACE',''
  ) );
#6050 = PCURVE('',#5162,#6051);
#6051 = DEFINITIONAL_REPRESENTATION('',(#6052),#6056);
#6052 = LINE('',#6053,#6054);
#6053 = CARTESIAN_POINT('',(0.,0.));
#6054 = VECTOR('',#6055,1.);
#6055 = DIRECTION('',(1.,0.));
#6056 = ( GEOMETRIC_REPRESENTATION_CONTEXT(2) 
PARAMETRIC_REPRESENTATION_CONTEXT() REPRESENTATION_CONTEXT('2D SPACE',''
  ) );
#6057 = ORIENTED_EDGE('',*,*,#5305,.T.);
#6058 = FACE_BOUND('',#6059,.F.);
#6059 = EDGE_LOOP('',(#6060));
#6060 = ORIENTED_EDGE('',*,*,#5357,.F.);
#6061 = ADVANCED_FACE('',(#6062),#5188,.T.);
#6062 = FACE_BOUND('',#6063,.T.);
#6063 = EDGE_LOOP('',(#6064,#6065,#6066,#6094));
#6064 = ORIENTED_EDGE('',*,*,#5960,.F.);
#6065 = ORIENTED_EDGE('',*,*,#5174,.T.);
#6066 = ORIENTED_EDGE('',*,*,#6067,.T.);
#6067 = EDGE_CURVE('',#5147,#6068,#6070,.T.);
#6068 = VERTEX_POINT('',#6069);
#6069 = CARTESIAN_POINT('',(155.36418752897,12.7,110.41984302408));
#6070 = SURFACE_CURVE('',#6071,(#6076,#6083),.PCURVE_S1.);
#6071 = CIRCLE('',#6072,6.35);
#6072 = AXIS2_PLACEMENT_3D('',#6073,#6074,#6075);
#6073 = CARTESIAN_POINT('',(155.36418752897,6.35,110.41984302408));
#6074 = DIRECTION('',(-0.833954480829,1.387778780781E-16,-0.551833239217
    ));
#6075 = DIRECTION('',(-0.390205025534,0.707106781187,0.589694868595));
#6076 = PCURVE('',#5188,#6077);
#6077 = DEFINITIONAL_REPRESENTATION('',(#6078),#6082);
#6078 = LINE('',#6079,#6080);
#6079 = CARTESIAN_POINT('',(6.28318530718,285.75));
#6080 = VECTOR('',#6081,1.);
#6081 = DIRECTION('',(-1.,0.));
#6082 = ( GEOMETRIC_REPRESENTATION_CONTEXT(2) 
PARAMETRIC_REPRESENTATION_CONTEXT() REPRESENTATION_CONTEXT('2D SPACE',''
  ) );
#6083 = PCURVE('',#5162,#6084);
#6084 = DEFINITIONAL_REPRESENTATION('',(#6085),#6093);
#6085 = ( BOUNDED_CURVE() B_SPLINE_CURVE(2,(#6086,#6087,#6088,#6089,
#6090,#6091,#6092),.UNSPECIFIED.,.T.,.F.) B_SPLINE_CURVE_WITH_KNOTS((1,2
    ,2,2,2,1),(-2.094395102393,0.,2.094395102393,4.188790204786,
6.28318530718,8.377580409573),.UNSPECIFIED.) CURVE() 
GEOMETRIC_REPRESENTATION_ITEM() RATIONAL_B_SPLINE_CURVE((1.,0.5,1.,0.5,
1.,0.5,1.)) REPRESENTATION_ITEM('') );
#6086 = CARTESIAN_POINT('',(1.859871939465,10.840128060535));
#6087 = CARTESIAN_POINT('',(9.637001872802,18.617257993871));
#6088 = CARTESIAN_POINT('',(12.483628996936,7.993500936401));
#6089 = CARTESIAN_POINT('',(15.330256121069,-2.630256121069));
#6090 = CARTESIAN_POINT('',(4.706499063599,0.216371003064));
#6091 = CARTESIAN_POINT('',(-5.917257993871,3.062998127198));
#6092 = CARTESIAN_POINT('',(1.859871939465,10.840128060535));
#6093 = ( GEOMETRIC_REPRESENTATION_CONTEXT(2) 
PARAMETRIC_REPRESENTATION_CONTEXT() REPRESENTATION_CONTEXT('2D SPACE',''
  ) );
#6094 = ORIENTED_EDGE('',*,*,#6095,.T.);
#6095 = EDGE_CURVE('',#6068,#5915,#6096,.T.);
#6096 = SURFACE_CURVE('',#6097,(#6101,#6108),.PCURVE_S1.);
#6097 = LINE('',#6098,#6099);
#6098 = CARTESIAN_POINT('',(-82.93830536802,12.7,-47.26650508214));
#6099 = VECTOR('',#6100,1.);
#6100 = DIRECTION('',(-0.833954480829,1.225315935864E-16,-0.551833239217
    ));
#6101 = PCURVE('',#5188,#6102);
#6102 = DEFINITIONAL_REPRESENTATION('',(#6103),#6107);
#6103 = LINE('',#6104,#6105);
#6104 = CARTESIAN_POINT('',(-0.785398163397,0.));
#6105 = VECTOR('',#6106,1.);
#6106 = DIRECTION('',(0.,-1.));
#6107 = ( GEOMETRIC_REPRESENTATION_CONTEXT(2) 
PARAMETRIC_REPRESENTATION_CONTEXT() REPRESENTATION_CONTEXT('2D SPACE',''
  ) );
#6108 = PCURVE('',#5265,#6109);
#6109 = DEFINITIONAL_REPRESENTATION('',(#6110),#6114);
#6110 = LINE('',#6111,#6112);
#6111 = CARTESIAN_POINT('',(6.35,-95.25));
#6112 = VECTOR('',#6113,1.);
#6113 = DIRECTION('',(0.,-1.));
#6114 = ( GEOMETRIC_REPRESENTATION_CONTEXT(2) 
PARAMETRIC_REPRESENTATION_CONTEXT() REPRESENTATION_CONTEXT('2D SPACE',''
  ) );
#6115 = ADVANCED_FACE('',(#6116,#6143),#5162,.T.);
#6116 = FACE_BOUND('',#6117,.T.);
#6117 = EDGE_LOOP('',(#6118,#6119,#6140,#6141,#6142));
#6118 = ORIENTED_EDGE('',*,*,#5277,.F.);
#6119 = ORIENTED_EDGE('',*,*,#6120,.F.);
#6120 = EDGE_CURVE('',#6068,#5250,#6121,.T.);
#6121 = SURFACE_CURVE('',#6122,(#6126,#6133),.PCURVE_S1.);
#6122 = LINE('',#6123,#6124);
#6123 = CARTESIAN_POINT('',(151.86004645994,12.7,115.71545397734));
#6124 = VECTOR('',#6125,1.);
#6125 = DIRECTION('',(0.551833239217,-3.686951170381E-17,-0.833954480829
    ));
#6126 = PCURVE('',#5162,#6127);
#6127 = DEFINITIONAL_REPRESENTATION('',(#6128),#6132);
#6128 = LINE('',#6129,#6130);
#6129 = CARTESIAN_POINT('',(0.,12.7));
#6130 = VECTOR('',#6131,1.);
#6131 = DIRECTION('',(1.,0.));
#6132 = ( GEOMETRIC_REPRESENTATION_CONTEXT(2) 
PARAMETRIC_REPRESENTATION_CONTEXT() REPRESENTATION_CONTEXT('2D SPACE',''
  ) );
#6133 = PCURVE('',#5265,#6134);
#6134 = DEFINITIONAL_REPRESENTATION('',(#6135),#6139);
#6135 = LINE('',#6136,#6137);
#6136 = CARTESIAN_POINT('',(12.7,190.5));
#6137 = VECTOR('',#6138,1.);
#6138 = DIRECTION('',(-1.,0.));
#6139 = ( GEOMETRIC_REPRESENTATION_CONTEXT(2) 
PARAMETRIC_REPRESENTATION_CONTEXT() REPRESENTATION_CONTEXT('2D SPACE',''
  ) );
#6140 = ORIENTED_EDGE('',*,*,#6067,.F.);
#6141 = ORIENTED_EDGE('',*,*,#5146,.F.);
#6142 = ORIENTED_EDGE('',*,*,#6037,.T.);
#6143 = FACE_BOUND('',#6144,.T.);
#6144 = EDGE_LOOP('',(#6145));
#6145 = ORIENTED_EDGE('',*,*,#5717,.T.);
#6146 = ADVANCED_FACE('',(#6147),#5265,.T.);
#6147 = FACE_BOUND('',#6148,.T.);
#6148 = EDGE_LOOP('',(#6149,#6170,#6171,#6172));
#6149 = ORIENTED_EDGE('',*,*,#6150,.F.);
#6150 = EDGE_CURVE('',#5915,#5204,#6151,.T.);
#6151 = SURFACE_CURVE('',#6152,(#6156,#6163),.PCURVE_S1.);
#6152 = LINE('',#6153,#6154);
#6153 = CARTESIAN_POINT('',(39.514295074047,12.7,18.532548000357));
#6154 = VECTOR('',#6155,1.);
#6155 = DIRECTION('',(0.551833239217,-3.686951170381E-17,-0.833954480829
    ));
#6156 = PCURVE('',#5265,#6157);
#6157 = DEFINITIONAL_REPRESENTATION('',(#6158),#6162);
#6158 = LINE('',#6159,#6160);
#6159 = CARTESIAN_POINT('',(-6.35,43.179999427795));
#6160 = VECTOR('',#6161,1.);
#6161 = DIRECTION('',(-1.,0.));
#6162 = ( GEOMETRIC_REPRESENTATION_CONTEXT(2) 
PARAMETRIC_REPRESENTATION_CONTEXT() REPRESENTATION_CONTEXT('2D SPACE',''
  ) );
#6163 = PCURVE('',#5638,#6164);
#6164 = DEFINITIONAL_REPRESENTATION('',(#6165),#6169);
#6165 = LINE('',#6166,#6167);
#6166 = CARTESIAN_POINT('',(5.497787143782,0.));
#6167 = VECTOR('',#6168,1.);
#6168 = DIRECTION('',(0.,-1.));
#6169 = ( GEOMETRIC_REPRESENTATION_CONTEXT(2) 
PARAMETRIC_REPRESENTATION_CONTEXT() REPRESENTATION_CONTEXT('2D SPACE',''
  ) );
#6170 = ORIENTED_EDGE('',*,*,#6095,.F.);
#6171 = ORIENTED_EDGE('',*,*,#6120,.T.);
#6172 = ORIENTED_EDGE('',*,*,#5249,.F.);
#6173 = ADVANCED_FACE('',(#6174),#5638,.T.);
#6174 = FACE_BOUND('',#6175,.T.);
#6175 = EDGE_LOOP('',(#6176,#6177,#6178,#6179,#6180,#6181));
#6176 = ORIENTED_EDGE('',*,*,#5567,.T.);
#6177 = ORIENTED_EDGE('',*,*,#6011,.T.);
#6178 = ORIENTED_EDGE('',*,*,#5914,.T.);
#6179 = ORIENTED_EDGE('',*,*,#6150,.T.);
#6180 = ORIENTED_EDGE('',*,*,#5821,.F.);
#6181 = ORIENTED_EDGE('',*,*,#5747,.T.);
#6182 = ( GEOMETRIC_REPRESENTATION_CONTEXT(3) 
GLOBAL_UNCERTAINTY_ASSIGNED_CONTEXT((#6186)) 
GLOBAL_UNIT_ASSIGNED_CONTEXT((#6183,#6184,#6185)) REPRESENTATION_CONTEXT
('Context #1','3D Context with UNIT and UNCERTAINTY') );
#6183 = ( LENGTH_UNIT() NAMED_UNIT(*) SI_UNIT(.MILLI.,.METRE.) );
#6184 = ( NAMED_UNIT(*) PLANE_ANGLE_UNIT() SI_UNIT($,.RADIAN.) );
#6185 = ( NAMED_UNIT(*) SI_UNIT($,.STERADIAN.) SOLID_ANGLE_UNIT() );
#6186 = UNCERTAINTY_MEASURE_WITH_UNIT(LENGTH_MEASURE(2.E-05),#6183,
  'distance_accuracy_value','confusion accuracy');
#6187 = CONTEXT_DEPENDENT_SHAPE_REPRESENTATION(#6188,#6190);
#6188 = ( REPRESENTATION_RELATIONSHIP('','',#2985,#10) 
REPRESENTATION_RELATIONSHIP_WITH_TRANSFORMATION(#6189) 
SHAPE_REPRESENTATION_RELATIONSHIP() );
#6189 = ITEM_DEFINED_TRANSFORMATION('','',#11,#19);
#6190 = PRODUCT_DEFINITION_SHAPE('Placement','Placement of an item',
  #6191);
#6191 = NEXT_ASSEMBLY_USAGE_OCCURRENCE('2','','',#5,#2980,$);
#6192 = PRODUCT_RELATED_PRODUCT_CATEGORY('part',$,(#2982));
#6193 = SHAPE_DEFINITION_REPRESENTATION(#6194,#6200);
#6194 = PRODUCT_DEFINITION_SHAPE('','',#6195);
#6195 = PRODUCT_DEFINITION('design','',#6196,#6199);
#6196 = PRODUCT_DEFINITION_FORMATION('','',#6197);
#6197 = PRODUCT('Open CASCADE STEP translator 7.9 1.3',
  'Open CASCADE STEP translator 7.9 1.3','',(#6198));
#6198 = PRODUCT_CONTEXT('',#2,'mechanical');
#6199 = PRODUCT_DEFINITION_CONTEXT('part definition',#2,'design');
#6200 = ADVANCED_BREP_SHAPE_REPRESENTATION('',(#11,#6201),#10280);
#6201 = MANIFOLD_SOLID_BREP('',#6202);
#6202 = CLOSED_SHELL('',(#6203,#6575,#6679,#6835,#6907,#7111,#7167,#7275
    ,#7325,#7375,#7422,#7730,#7867,#8165,#8200,#8344,#8374,#8676,#8810,
    #8860,#9163,#9223,#9323,#9373,#9639,#9690,#9762,#9857,#10095,#10142,
    #10172,#10235,#10263,#10271));
#6203 = ADVANCED_FACE('',(#6204),#6218,.F.);
#6204 = FACE_BOUND('',#6205,.F.);
#6205 = EDGE_LOOP('',(#6206,#6236,#6265,#6392,#6421,#6449,#6522,#6543,
    #6544));
#6206 = ORIENTED_EDGE('',*,*,#6207,.T.);
#6207 = EDGE_CURVE('',#6208,#6210,#6212,.T.);
#6208 = VERTEX_POINT('',#6209);
#6209 = CARTESIAN_POINT('',(3.175,6.35,-190.5));
#6210 = VERTEX_POINT('',#6211);
#6211 = CARTESIAN_POINT('',(3.175,6.35,-38.09999942779));
#6212 = SEAM_CURVE('',#6213,(#6217,#6229),.PCURVE_S1.);
#6213 = LINE('',#6214,#6215);
#6214 = CARTESIAN_POINT('',(3.175,6.35,-190.5));
#6215 = VECTOR('',#6216,1.);
#6216 = DIRECTION('',(-2.219101139469E-16,0.,1.));
#6217 = PCURVE('',#6218,#6223);
#6218 = CYLINDRICAL_SURFACE('',#6219,3.175);
#6219 = AXIS2_PLACEMENT_3D('',#6220,#6221,#6222);
#6220 = CARTESIAN_POINT('',(1.975207783391E-15,6.35,-190.5));
#6221 = DIRECTION('',(-2.219101139469E-16,0.,1.));
#6222 = DIRECTION('',(-1.,-2.307865185048E-14,-2.219101139469E-16));
#6223 = DEFINITIONAL_REPRESENTATION('',(#6224),#6228);
#6224 = LINE('',#6225,#6226);
#6225 = CARTESIAN_POINT('',(9.424777960769,0.));
#6226 = VECTOR('',#6227,1.);
#6227 = DIRECTION('',(0.,1.));
#6228 = ( GEOMETRIC_REPRESENTATION_CONTEXT(2) 
PARAMETRIC_REPRESENTATION_CONTEXT() REPRESENTATION_CONTEXT('2D SPACE',''
  ) );
#6229 = PCURVE('',#6218,#6230);
#6230 = DEFINITIONAL_REPRESENTATION('',(#6231),#6235);
#6231 = LINE('',#6232,#6233);
#6232 = CARTESIAN_POINT('',(3.14159265359,0.));
#6233 = VECTOR('',#6234,1.);
#6234 = DIRECTION('',(0.,1.));
#6235 = ( GEOMETRIC_REPRESENTATION_CONTEXT(2) 
PARAMETRIC_REPRESENTATION_CONTEXT() REPRESENTATION_CONTEXT('2D SPACE',''
  ) );
#6236 = ORIENTED_EDGE('',*,*,#6237,.T.);
#6237 = EDGE_CURVE('',#6210,#6238,#6240,.T.);
#6238 = VERTEX_POINT('',#6239);
#6239 = CARTESIAN_POINT('',(2.909935566297,5.08,-38.09999942779));
#6240 = SURFACE_CURVE('',#6241,(#6246,#6253),.PCURVE_S1.);
#6241 = CIRCLE('',#6242,3.175);
#6242 = AXIS2_PLACEMENT_3D('',#6243,#6244,#6245);
#6243 = CARTESIAN_POINT('',(-3.184389370909E-14,6.35,-38.09999942779));
#6244 = DIRECTION('',(2.22044604925E-16,2.465190328816E-32,-1.));
#6245 = DIRECTION('',(-1.,-2.307865185048E-14,-2.22044604925E-16));
#6246 = PCURVE('',#6218,#6247);
#6247 = DEFINITIONAL_REPRESENTATION('',(#6248),#6252);
#6248 = LINE('',#6249,#6250);
#6249 = CARTESIAN_POINT('',(12.566370614359,152.4000005722));
#6250 = VECTOR('',#6251,1.);
#6251 = DIRECTION('',(-1.,0.));
#6252 = ( GEOMETRIC_REPRESENTATION_CONTEXT(2) 
PARAMETRIC_REPRESENTATION_CONTEXT() REPRESENTATION_CONTEXT('2D SPACE',''
  ) );
#6253 = PCURVE('',#6254,#6259);
#6254 = PLANE('',#6255);
#6255 = AXIS2_PLACEMENT_3D('',#6256,#6257,#6258);
#6256 = CARTESIAN_POINT('',(12.7,2.442490654175E-14,-38.09999942779));
#6257 = DIRECTION('',(2.22044604925E-16,2.465190328816E-32,-1.));
#6258 = DIRECTION('',(-1.,-1.224646799147E-16,-2.22044604925E-16));
#6259 = DEFINITIONAL_REPRESENTATION('',(#6260),#6264);
#6260 = CIRCLE('',#6261,3.175);
#6261 = AXIS2_PLACEMENT_2D('',#6262,#6263);
#6262 = CARTESIAN_POINT('',(12.7,6.35));
#6263 = DIRECTION('',(1.,-2.295618717056E-14));
#6264 = ( GEOMETRIC_REPRESENTATION_CONTEXT(2) 
PARAMETRIC_REPRESENTATION_CONTEXT() REPRESENTATION_CONTEXT('2D SPACE',''
  ) );
#6265 = ORIENTED_EDGE('',*,*,#6266,.T.);
#6266 = EDGE_CURVE('',#6238,#6267,#6269,.T.);
#6267 = VERTEX_POINT('',#6268);
#6268 = CARTESIAN_POINT('',(-2.909935566297,5.08,-38.09999942779));
#6269 = SURFACE_CURVE('',#6270,(#6285,#6336),.PCURVE_S1.);
#6270 = B_SPLINE_CURVE_WITH_KNOTS('',3,(#6271,#6272,#6273,#6274,#6275,
    #6276,#6277,#6278,#6279,#6280,#6281,#6282,#6283,#6284),
  .UNSPECIFIED.,.F.,.F.,(4,2,2,2,2,2,4),(0.67348395687,0.785365433834,
    0.90754912217,1.029732810507,1.151916498844,1.27410018718,
    1.385981664144),.UNSPECIFIED.);
#6271 = CARTESIAN_POINT('',(2.909935566297,5.08,-38.09999942779));
#6272 = CARTESIAN_POINT('',(2.752753804527,4.719851339411,
    -38.09999942779));
#6273 = CARTESIAN_POINT('',(2.525008257358,4.390025553791,-38.1399161663
    ));
#6274 = CARTESIAN_POINT('',(1.983571573732,3.838244843243,
    -38.24538308926));
#6275 = CARTESIAN_POINT('',(1.625912803903,3.589615406181,
    -38.32037700558));
#6276 = CARTESIAN_POINT('',(0.838048317952,3.257915406374,
    -38.43477162305));
#6277 = CARTESIAN_POINT('',(0.407278961122,3.175,-38.47071338849));
#6278 = CARTESIAN_POINT('',(-0.407278961122,3.175,-38.47071338849));
#6279 = CARTESIAN_POINT('',(-0.838048317952,3.257915406374,
    -38.43477162305));
#6280 = CARTESIAN_POINT('',(-1.625912803903,3.589615406181,
    -38.32037700558));
#6281 = CARTESIAN_POINT('',(-1.983571573732,3.838244843243,
    -38.24538308926));
#6282 = CARTESIAN_POINT('',(-2.525008257358,4.390025553791,
    -38.1399161663));
#6283 = CARTESIAN_POINT('',(-2.752753804527,4.719851339411,
    -38.09999942779));
#6284 = CARTESIAN_POINT('',(-2.909935566297,5.08,-38.09999942779));
#6285 = PCURVE('',#6218,#6286);
#6286 = DEFINITIONAL_REPRESENTATION('',(#6287),#6335);
#6287 = B_SPLINE_CURVE_WITH_KNOTS('',3,(#6288,#6289,#6290,#6291,#6292,
    #6293,#6294,#6295,#6296,#6297,#6298,#6299,#6300,#6301,#6302,#6303,
    #6304,#6305,#6306,#6307,#6308,#6309,#6310,#6311,#6312,#6313,#6314,
    #6315,#6316,#6317,#6318,#6319,#6320,#6321,#6322,#6323,#6324,#6325,
    #6326,#6327,#6328,#6329,#6330,#6331,#6332,#6333,#6334),
  .UNSPECIFIED.,.F.,.F.,(4,1,1,1,1,1,1,1,1,1,1,1,1,1,1,1,1,1,1,1,1,1,1,1
    ,1,1,1,1,1,1,1,1,1,1,1,1,1,1,1,1,1,1,1,1,4),(0.67348395687,
    0.68967708658,0.705870216291,0.722063346002,0.738256475713,
    0.754449605424,0.770642735134,0.786835864845,0.803028994556,
    0.819222124267,0.835415253978,0.851608383688,0.867801513399,
    0.88399464311,0.900187772821,0.916380902531,0.932574032242,
    0.948767161953,0.964960291664,0.981153421375,0.997346551085,
    1.013539680796,1.029732810507,1.045925940218,1.062119069929,
    1.078312199639,1.09450532935,1.110698459061,1.126891588772,
    1.143084718483,1.159277848193,1.175470977904,1.191664107615,
    1.207857237326,1.224050367036,1.240243496747,1.256436626458,
    1.272629756169,1.28882288588,1.30501601559,1.321209145301,
    1.337402275012,1.353595404723,1.369788534434,1.385981664144),
  .QUASI_UNIFORM_KNOTS.);
#6288 = CARTESIAN_POINT('',(9.013261114702,152.4000005722));
#6289 = CARTESIAN_POINT('',(8.995349742698,152.4000005722));
#6290 = CARTESIAN_POINT('',(8.959514592275,152.39832824262));
#6291 = CARTESIAN_POINT('',(8.90585852903,152.39133768263));
#6292 = CARTESIAN_POINT('',(8.852428836595,152.38040114182));
#6293 = CARTESIAN_POINT('',(8.799369829659,152.36605063919));
#6294 = CARTESIAN_POINT('',(8.746869190762,152.34883329527));
#6295 = CARTESIAN_POINT('',(8.694988290811,152.32923989021));
#6296 = CARTESIAN_POINT('',(8.644276104411,152.30797146422));
#6297 = CARTESIAN_POINT('',(8.593403805294,152.28492500307));
#6298 = CARTESIAN_POINT('',(8.541668226529,152.26027830167));
#6299 = CARTESIAN_POINT('',(8.489403116885,152.23465199813));
#6300 = CARTESIAN_POINT('',(8.436667019213,152.20854810638));
#6301 = CARTESIAN_POINT('',(8.383589283496,152.18250029383));
#6302 = CARTESIAN_POINT('',(8.330271429417,152.15703423812));
#6303 = CARTESIAN_POINT('',(8.276808062806,152.13267592248));
#6304 = CARTESIAN_POINT('',(8.223274381125,152.10995809766));
#6305 = CARTESIAN_POINT('',(8.169718139405,152.08965920889));
#6306 = CARTESIAN_POINT('',(8.116231614725,152.07189941762));
#6307 = CARTESIAN_POINT('',(8.062921380427,152.05690661206));
#6308 = CARTESIAN_POINT('',(8.009900140307,152.04487981505));
#6309 = CARTESIAN_POINT('',(7.95731107789,152.03602578408));
#6310 = CARTESIAN_POINT('',(7.905208956439,152.03054920342));
#6311 = CARTESIAN_POINT('',(7.853981633974,152.02865531555));
#6312 = CARTESIAN_POINT('',(7.80275431151,152.03054920342));
#6313 = CARTESIAN_POINT('',(7.750652190059,152.03602578408));
#6314 = CARTESIAN_POINT('',(7.698063127642,152.04487981505));
#6315 = CARTESIAN_POINT('',(7.645041887522,152.05690661206));
#6316 = CARTESIAN_POINT('',(7.591731653224,152.07189941762));
#6317 = CARTESIAN_POINT('',(7.538245128544,152.08965920889));
#6318 = CARTESIAN_POINT('',(7.484688886824,152.10995809766));
#6319 = CARTESIAN_POINT('',(7.431155205143,152.13267592248));
#6320 = CARTESIAN_POINT('',(7.377691838532,152.15703423812));
#6321 = CARTESIAN_POINT('',(7.324373984453,152.18250029383));
#6322 = CARTESIAN_POINT('',(7.271296248736,152.20854810638));
#6323 = CARTESIAN_POINT('',(7.218560151064,152.23465199813));
#6324 = CARTESIAN_POINT('',(7.16629504142,152.26027830167));
#6325 = CARTESIAN_POINT('',(7.114559462654,152.28492500307));
#6326 = CARTESIAN_POINT('',(7.063687163538,152.30797146422));
#6327 = CARTESIAN_POINT('',(7.012974977137,152.32923989021));
#6328 = CARTESIAN_POINT('',(6.961094077187,152.34883329527));
#6329 = CARTESIAN_POINT('',(6.90859343829,152.36605063919));
#6330 = CARTESIAN_POINT('',(6.855534431354,152.38040114182));
#6331 = CARTESIAN_POINT('',(6.802104738918,152.39133768263));
#6332 = CARTESIAN_POINT('',(6.748448675674,152.39832824262));
#6333 = CARTESIAN_POINT('',(6.712613525251,152.4000005722));
#6334 = CARTESIAN_POINT('',(6.694702153247,152.4000005722));
#6335 = ( GEOMETRIC_REPRESENTATION_CONTEXT(2) 
PARAMETRIC_REPRESENTATION_CONTEXT() REPRESENTATION_CONTEXT('2D SPACE',''
  ) );
#6336 = PCURVE('',#6337,#6342);
#6337 = CYLINDRICAL_SURFACE('',#6338,5.08);
#6338 = AXIS2_PLACEMENT_3D('',#6339,#6340,#6341);
#6339 = CARTESIAN_POINT('',(6.35,5.08,-43.17999942779));
#6340 = DIRECTION('',(-1.,-1.224646799147E-16,-2.22044604925E-16));
#6341 = DIRECTION('',(-7.041364024483E-17,-0.707106781187,0.707106781187
    ));
#6342 = DEFINITIONAL_REPRESENTATION('',(#6343),#6391);
#6343 = B_SPLINE_CURVE_WITH_KNOTS('',3,(#6344,#6345,#6346,#6347,#6348,
    #6349,#6350,#6351,#6352,#6353,#6354,#6355,#6356,#6357,#6358,#6359,
    #6360,#6361,#6362,#6363,#6364,#6365,#6366,#6367,#6368,#6369,#6370,
    #6371,#6372,#6373,#6374,#6375,#6376,#6377,#6378,#6379,#6380,#6381,
    #6382,#6383,#6384,#6385,#6386,#6387,#6388,#6389,#6390),
  .UNSPECIFIED.,.F.,.F.,(4,1,1,1,1,1,1,1,1,1,1,1,1,1,1,1,1,1,1,1,1,1,1,1
    ,1,1,1,1,1,1,1,1,1,1,1,1,1,1,1,1,1,1,1,1,4),(0.67348395687,
    0.68967708658,0.705870216291,0.722063346002,0.738256475713,
    0.754449605424,0.770642735134,0.786835864845,0.803028994556,
    0.819222124267,0.835415253978,0.851608383688,0.867801513399,
    0.88399464311,0.900187772821,0.916380902531,0.932574032242,
    0.948767161953,0.964960291664,0.981153421375,0.997346551085,
    1.013539680796,1.029732810507,1.045925940218,1.062119069929,
    1.078312199639,1.09450532935,1.110698459061,1.126891588772,
    1.143084718483,1.159277848193,1.175470977904,1.191664107615,
    1.207857237326,1.224050367036,1.240243496747,1.256436626458,
    1.272629756169,1.28882288588,1.30501601559,1.321209145301,
    1.337402275012,1.353595404723,1.369788534434,1.385981664144),
  .QUASI_UNIFORM_KNOTS.);
#6344 = CARTESIAN_POINT('',(0.785398163397,3.440064433703));
#6345 = CARTESIAN_POINT('',(0.775137755912,3.462814085617));
#6346 = CARTESIAN_POINT('',(0.754864683228,3.511269582174));
#6347 = CARTESIAN_POINT('',(0.725305596079,3.59210421291));
#6348 = CARTESIAN_POINT('',(0.696702937267,3.680367075293));
#6349 = CARTESIAN_POINT('',(0.669167473221,3.77535588195));
#6350 = CARTESIAN_POINT('',(0.642830633466,3.876290839945));
#6351 = CARTESIAN_POINT('',(0.617768492753,3.982681311712));
#6352 = CARTESIAN_POINT('',(0.594284318694,4.092957543774));
#6353 = CARTESIAN_POINT('',(0.571829157364,4.20967624858));
#6354 = CARTESIAN_POINT('',(0.550156618044,4.334090366407));
#6355 = CARTESIAN_POINT('',(0.529495679583,4.465177869596));
#6356 = CARTESIAN_POINT('',(0.509952643698,4.602526470929));
#6357 = CARTESIAN_POINT('',(0.491670182191,4.745559889359));
#6358 = CARTESIAN_POINT('',(0.47478526475,4.893748078712));
#6359 = CARTESIAN_POINT('',(0.459435211015,5.046540047156));
#6360 = CARTESIAN_POINT('',(0.445773195086,5.203422350616));
#6361 = CARTESIAN_POINT('',(0.433901007872,5.363756417191));
#6362 = CARTESIAN_POINT('',(0.423814589131,5.526663514824));
#6363 = CARTESIAN_POINT('',(0.415530899905,5.69130670603));
#6364 = CARTESIAN_POINT('',(0.409062002386,5.856856897436));
#6365 = CARTESIAN_POINT('',(0.404422204414,6.022411824655));
#6366 = CARTESIAN_POINT('',(0.401626131482,6.187354063238));
#6367 = CARTESIAN_POINT('',(0.400689017612,6.35));
#6368 = CARTESIAN_POINT('',(0.401626131482,6.512645936762));
#6369 = CARTESIAN_POINT('',(0.404422204414,6.677588175345));
#6370 = CARTESIAN_POINT('',(0.409062002386,6.843143102564));
#6371 = CARTESIAN_POINT('',(0.415530899905,7.00869329397));
#6372 = CARTESIAN_POINT('',(0.423814589131,7.173336485176));
#6373 = CARTESIAN_POINT('',(0.433901007872,7.336243582809));
#6374 = CARTESIAN_POINT('',(0.445773195086,7.496577649384));
#6375 = CARTESIAN_POINT('',(0.459435211015,7.653459952844));
#6376 = CARTESIAN_POINT('',(0.47478526475,7.806251921288));
#6377 = CARTESIAN_POINT('',(0.491670182191,7.954440110641));
#6378 = CARTESIAN_POINT('',(0.509952643698,8.097473529071));
#6379 = CARTESIAN_POINT('',(0.529495679583,8.234822130404));
#6380 = CARTESIAN_POINT('',(0.550156618044,8.365909633593));
#6381 = CARTESIAN_POINT('',(0.571829157364,8.49032375142));
#6382 = CARTESIAN_POINT('',(0.594284318694,8.607042456226));
#6383 = CARTESIAN_POINT('',(0.617768492753,8.717318688288));
#6384 = CARTESIAN_POINT('',(0.642830633466,8.823709160055));
#6385 = CARTESIAN_POINT('',(0.669167473221,8.92464411805));
#6386 = CARTESIAN_POINT('',(0.696702937267,9.019632924707));
#6387 = CARTESIAN_POINT('',(0.725305596079,9.10789578709));
#6388 = CARTESIAN_POINT('',(0.754864683228,9.188730417826));
#6389 = CARTESIAN_POINT('',(0.775137755912,9.237185914383));
#6390 = CARTESIAN_POINT('',(0.785398163397,9.259935566297));
#6391 = ( GEOMETRIC_REPRESENTATION_CONTEXT(2) 
PARAMETRIC_REPRESENTATION_CONTEXT() REPRESENTATION_CONTEXT('2D SPACE',''
  ) );
#6392 = ORIENTED_EDGE('',*,*,#6393,.T.);
#6393 = EDGE_CURVE('',#6267,#6394,#6396,.T.);
#6394 = VERTEX_POINT('',#6395);
#6395 = CARTESIAN_POINT('',(-3.175,6.35,-38.09999942779));
#6396 = SURFACE_CURVE('',#6397,(#6402,#6409),.PCURVE_S1.);
#6397 = CIRCLE('',#6398,3.175);
#6398 = AXIS2_PLACEMENT_3D('',#6399,#6400,#6401);
#6399 = CARTESIAN_POINT('',(-3.184389370909E-14,6.35,-38.09999942779));
#6400 = DIRECTION('',(2.22044604925E-16,2.465190328816E-32,-1.));
#6401 = DIRECTION('',(-1.,-2.307865185048E-14,-2.22044604925E-16));
#6402 = PCURVE('',#6218,#6403);
#6403 = DEFINITIONAL_REPRESENTATION('',(#6404),#6408);
#6404 = LINE('',#6405,#6406);
#6405 = CARTESIAN_POINT('',(12.566370614359,152.4000005722));
#6406 = VECTOR('',#6407,1.);
#6407 = DIRECTION('',(-1.,0.));
#6408 = ( GEOMETRIC_REPRESENTATION_CONTEXT(2) 
PARAMETRIC_REPRESENTATION_CONTEXT() REPRESENTATION_CONTEXT('2D SPACE',''
  ) );
#6409 = PCURVE('',#6410,#6415);
#6410 = PLANE('',#6411);
#6411 = AXIS2_PLACEMENT_3D('',#6412,#6413,#6414);
#6412 = CARTESIAN_POINT('',(12.7,2.442490654175E-14,-38.09999942779));
#6413 = DIRECTION('',(2.22044604925E-16,2.465190328816E-32,-1.));
#6414 = DIRECTION('',(-1.,-1.224646799147E-16,-2.22044604925E-16));
#6415 = DEFINITIONAL_REPRESENTATION('',(#6416),#6420);
#6416 = CIRCLE('',#6417,3.175);
#6417 = AXIS2_PLACEMENT_2D('',#6418,#6419);
#6418 = CARTESIAN_POINT('',(12.7,6.35));
#6419 = DIRECTION('',(1.,-2.295618717056E-14));
#6420 = ( GEOMETRIC_REPRESENTATION_CONTEXT(2) 
PARAMETRIC_REPRESENTATION_CONTEXT() REPRESENTATION_CONTEXT('2D SPACE',''
  ) );
#6421 = ORIENTED_EDGE('',*,*,#6422,.T.);
#6422 = EDGE_CURVE('',#6394,#6423,#6425,.T.);
#6423 = VERTEX_POINT('',#6424);
#6424 = CARTESIAN_POINT('',(-3.175,6.35,-25.40000081062));
#6425 = SURFACE_CURVE('',#6426,(#6430,#6437),.PCURVE_S1.);
#6426 = LINE('',#6427,#6428);
#6427 = CARTESIAN_POINT('',(-3.175,6.35,-190.5));
#6428 = VECTOR('',#6429,1.);
#6429 = DIRECTION('',(-2.219101139469E-16,0.,1.));
#6430 = PCURVE('',#6218,#6431);
#6431 = DEFINITIONAL_REPRESENTATION('',(#6432),#6436);
#6432 = LINE('',#6433,#6434);
#6433 = CARTESIAN_POINT('',(6.28318530718,0.));
#6434 = VECTOR('',#6435,1.);
#6435 = DIRECTION('',(0.,1.));
#6436 = ( GEOMETRIC_REPRESENTATION_CONTEXT(2) 
PARAMETRIC_REPRESENTATION_CONTEXT() REPRESENTATION_CONTEXT('2D SPACE',''
  ) );
#6437 = PCURVE('',#6438,#6443);
#6438 = PLANE('',#6439);
#6439 = AXIS2_PLACEMENT_3D('',#6440,#6441,#6442);
#6440 = CARTESIAN_POINT('',(-1.254502557804E-14,6.35,1.613356044796E-32)
  );
#6441 = DIRECTION('',(-1.224646799147E-16,1.,-2.540718180781E-33));
#6442 = DIRECTION('',(-1.,-1.224646799147E-16,-2.22044604925E-16));
#6443 = DEFINITIONAL_REPRESENTATION('',(#6444),#6448);
#6444 = LINE('',#6445,#6446);
#6445 = CARTESIAN_POINT('',(3.175,-190.5));
#6446 = VECTOR('',#6447,1.);
#6447 = DIRECTION('',(-1.34490978149E-19,1.));
#6448 = ( GEOMETRIC_REPRESENTATION_CONTEXT(2) 
PARAMETRIC_REPRESENTATION_CONTEXT() REPRESENTATION_CONTEXT('2D SPACE',''
  ) );
#6449 = ORIENTED_EDGE('',*,*,#6450,.T.);
#6450 = EDGE_CURVE('',#6423,#6451,#6453,.T.);
#6451 = VERTEX_POINT('',#6452);
#6452 = CARTESIAN_POINT('',(3.175,6.35,-25.40000081062));
#6453 = SURFACE_CURVE('',#6454,(#6459,#6488),.PCURVE_S1.);
#6454 = ELLIPSE('',#6455,4.490128060535,3.175);
#6455 = AXIS2_PLACEMENT_3D('',#6456,#6457,#6458);
#6456 = CARTESIAN_POINT('',(-3.466215184935E-14,6.35,-25.40000081062));
#6457 = DIRECTION('',(0.,-0.707106781187,-0.707106781187));
#6458 = DIRECTION('',(1.616215707773E-14,-0.707106781187,0.707106781187)
  );
#6459 = PCURVE('',#6218,#6460);
#6460 = DEFINITIONAL_REPRESENTATION('',(#6461),#6487);
#6461 = B_SPLINE_CURVE_WITH_KNOTS('',3,(#6462,#6463,#6464,#6465,#6466,
    #6467,#6468,#6469,#6470,#6471,#6472,#6473,#6474,#6475,#6476,#6477,
    #6478,#6479,#6480,#6481,#6482,#6483,#6484,#6485,#6486),
  .UNSPECIFIED.,.F.,.F.,(4,1,1,1,1,1,1,1,1,1,1,1,1,1,1,1,1,1,1,1,1,1,4),
  (1.570796326795,1.713595992867,1.856395658939,1.999195325012,
    2.141994991084,2.284794657156,2.427594323228,2.570393989301,
    2.713193655373,2.855993321445,2.998792987518,3.14159265359,
    3.284392319662,3.427191985734,3.569991651807,3.712791317879,
    3.855590983951,3.998390650023,4.141190316096,4.283989982168,
    4.42678964824,4.569589314312,4.712388980385),.QUASI_UNIFORM_KNOTS.);
#6462 = CARTESIAN_POINT('',(6.28318530718,165.09999918937));
#6463 = CARTESIAN_POINT('',(6.235585418489,164.9488508267));
#6464 = CARTESIAN_POINT('',(6.140385641107,164.64662014811));
#6465 = CARTESIAN_POINT('',(5.997585975035,164.20245070868));
#6466 = CARTESIAN_POINT('',(5.854786308963,163.77656694557));
#6467 = CARTESIAN_POINT('',(5.711986642891,163.3776206476));
#6468 = CARTESIAN_POINT('',(5.569186976818,163.01373802773));
#6469 = CARTESIAN_POINT('',(5.426387310746,162.69232539607));
#6470 = CARTESIAN_POINT('',(5.283587644674,162.41992613277));
#6471 = CARTESIAN_POINT('',(5.140787978601,162.20208540863));
#6472 = CARTESIAN_POINT('',(4.997988312529,162.04323785742));
#6473 = CARTESIAN_POINT('',(4.855188646457,161.94661715055));
#6474 = CARTESIAN_POINT('',(4.712388980385,161.91419020878));
#6475 = CARTESIAN_POINT('',(4.569589314312,161.94661715055));
#6476 = CARTESIAN_POINT('',(4.42678964824,162.04323785742));
#6477 = CARTESIAN_POINT('',(4.283989982168,162.20208540863));
#6478 = CARTESIAN_POINT('',(4.141190316096,162.41992613277));
#6479 = CARTESIAN_POINT('',(3.998390650023,162.69232539607));
#6480 = CARTESIAN_POINT('',(3.855590983951,163.01373802773));
#6481 = CARTESIAN_POINT('',(3.712791317879,163.3776206476));
#6482 = CARTESIAN_POINT('',(3.569991651807,163.77656694557));
#6483 = CARTESIAN_POINT('',(3.427191985734,164.20245070868));
#6484 = CARTESIAN_POINT('',(3.284392319662,164.64662014811));
#6485 = CARTESIAN_POINT('',(3.189192542281,164.9488508267));
#6486 = CARTESIAN_POINT('',(3.14159265359,165.09999918937));
#6487 = ( GEOMETRIC_REPRESENTATION_CONTEXT(2) 
PARAMETRIC_REPRESENTATION_CONTEXT() REPRESENTATION_CONTEXT('2D SPACE',''
  ) );
#6488 = PCURVE('',#6489,#6494);
#6489 = CYLINDRICAL_SURFACE('',#6490,3.175);
#6490 = AXIS2_PLACEMENT_3D('',#6491,#6492,#6493);
#6491 = CARTESIAN_POINT('',(-1.555301434917E-15,12.7,-25.40000081062));
#6492 = DIRECTION('',(8.741913579726E-17,-1.,0.));
#6493 = DIRECTION('',(-1.,-8.741913579726E-17,0.));
#6494 = DEFINITIONAL_REPRESENTATION('',(#6495),#6521);
#6495 = B_SPLINE_CURVE_WITH_KNOTS('',3,(#6496,#6497,#6498,#6499,#6500,
    #6501,#6502,#6503,#6504,#6505,#6506,#6507,#6508,#6509,#6510,#6511,
    #6512,#6513,#6514,#6515,#6516,#6517,#6518,#6519,#6520),
  .UNSPECIFIED.,.F.,.F.,(4,1,1,1,1,1,1,1,1,1,1,1,1,1,1,1,1,1,1,1,1,1,4),
  (1.570796326795,1.713595992867,1.856395658939,1.999195325012,
    2.141994991084,2.284794657156,2.427594323228,2.570393989301,
    2.713193655373,2.855993321445,2.998792987518,3.14159265359,
    3.284392319662,3.427191985734,3.569991651807,3.712791317879,
    3.855590983951,3.998390650023,4.141190316096,4.283989982168,
    4.42678964824,4.569589314312,4.712388980385),.QUASI_UNIFORM_KNOTS.);
#6496 = CARTESIAN_POINT('',(6.28318530718,6.35));
#6497 = CARTESIAN_POINT('',(6.33078519587,6.198851637326));
#6498 = CARTESIAN_POINT('',(6.425984973252,5.896620958742));
#6499 = CARTESIAN_POINT('',(6.568784639324,5.452451519309));
#6500 = CARTESIAN_POINT('',(6.711584305396,5.026567756193));
#6501 = CARTESIAN_POINT('',(6.854383971469,4.627621458231));
#6502 = CARTESIAN_POINT('',(6.997183637541,4.263738838353));
#6503 = CARTESIAN_POINT('',(7.139983303613,3.942326206699));
#6504 = CARTESIAN_POINT('',(7.282782969685,3.669926943401));
#6505 = CARTESIAN_POINT('',(7.425582635758,3.452086219261));
#6506 = CARTESIAN_POINT('',(7.56838230183,3.293238668052));
#6507 = CARTESIAN_POINT('',(7.711181967902,3.196617961176));
#6508 = CARTESIAN_POINT('',(7.853981633974,3.164191019412));
#6509 = CARTESIAN_POINT('',(7.996781300047,3.196617961176));
#6510 = CARTESIAN_POINT('',(8.139580966119,3.293238668052));
#6511 = CARTESIAN_POINT('',(8.282380632191,3.452086219261));
#6512 = CARTESIAN_POINT('',(8.425180298264,3.669926943401));
#6513 = CARTESIAN_POINT('',(8.567979964336,3.942326206699));
#6514 = CARTESIAN_POINT('',(8.710779630408,4.263738838353));
#6515 = CARTESIAN_POINT('',(8.85357929648,4.627621458231));
#6516 = CARTESIAN_POINT('',(8.996378962553,5.026567756193));
#6517 = CARTESIAN_POINT('',(9.139178628625,5.452451519309));
#6518 = CARTESIAN_POINT('',(9.281978294697,5.896620958742));
#6519 = CARTESIAN_POINT('',(9.377178072079,6.198851637326));
#6520 = CARTESIAN_POINT('',(9.424777960769,6.35));
#6521 = ( GEOMETRIC_REPRESENTATION_CONTEXT(2) 
PARAMETRIC_REPRESENTATION_CONTEXT() REPRESENTATION_CONTEXT('2D SPACE',''
  ) );
#6522 = ORIENTED_EDGE('',*,*,#6523,.T.);
#6523 = EDGE_CURVE('',#6451,#6210,#6524,.T.);
#6524 = SURFACE_CURVE('',#6525,(#6529,#6536),.PCURVE_S1.);
#6525 = LINE('',#6526,#6527);
#6526 = CARTESIAN_POINT('',(3.175,6.35,-190.5));
#6527 = VECTOR('',#6528,1.);
#6528 = DIRECTION('',(2.219101139469E-16,0.,-1.));
#6529 = PCURVE('',#6218,#6530);
#6530 = DEFINITIONAL_REPRESENTATION('',(#6531),#6535);
#6531 = LINE('',#6532,#6533);
#6532 = CARTESIAN_POINT('',(3.14159265359,0.));
#6533 = VECTOR('',#6534,1.);
#6534 = DIRECTION('',(0.,-1.));
#6535 = ( GEOMETRIC_REPRESENTATION_CONTEXT(2) 
PARAMETRIC_REPRESENTATION_CONTEXT() REPRESENTATION_CONTEXT('2D SPACE',''
  ) );
#6536 = PCURVE('',#6438,#6537);
#6537 = DEFINITIONAL_REPRESENTATION('',(#6538),#6542);
#6538 = LINE('',#6539,#6540);
#6539 = CARTESIAN_POINT('',(-3.175,-190.5));
#6540 = VECTOR('',#6541,1.);
#6541 = DIRECTION('',(1.34490978149E-19,-1.));
#6542 = ( GEOMETRIC_REPRESENTATION_CONTEXT(2) 
PARAMETRIC_REPRESENTATION_CONTEXT() REPRESENTATION_CONTEXT('2D SPACE',''
  ) );
#6543 = ORIENTED_EDGE('',*,*,#6207,.F.);
#6544 = ORIENTED_EDGE('',*,*,#6545,.T.);
#6545 = EDGE_CURVE('',#6208,#6208,#6546,.T.);
#6546 = SURFACE_CURVE('',#6547,(#6552,#6559),.PCURVE_S1.);
#6547 = CIRCLE('',#6548,3.175);
#6548 = AXIS2_PLACEMENT_3D('',#6549,#6550,#6551);
#6549 = CARTESIAN_POINT('',(1.975207783391E-15,6.35,-190.5));
#6550 = DIRECTION('',(-2.22044604925E-16,-2.465190328816E-32,1.));
#6551 = DIRECTION('',(-1.,-2.307865185048E-14,-2.22044604925E-16));
#6552 = PCURVE('',#6218,#6553);
#6553 = DEFINITIONAL_REPRESENTATION('',(#6554),#6558);
#6554 = LINE('',#6555,#6556);
#6555 = CARTESIAN_POINT('',(0.,0.));
#6556 = VECTOR('',#6557,1.);
#6557 = DIRECTION('',(1.,0.));
#6558 = ( GEOMETRIC_REPRESENTATION_CONTEXT(2) 
PARAMETRIC_REPRESENTATION_CONTEXT() REPRESENTATION_CONTEXT('2D SPACE',''
  ) );
#6559 = PCURVE('',#6560,#6565);
#6560 = PLANE('',#6561);
#6561 = AXIS2_PLACEMENT_3D('',#6562,#6563,#6564);
#6562 = CARTESIAN_POINT('',(-12.7,12.7,-190.5));
#6563 = DIRECTION('',(2.22044604925E-16,2.465190328816E-32,-1.));
#6564 = DIRECTION('',(1.,1.224646799147E-16,2.22044604925E-16));
#6565 = DEFINITIONAL_REPRESENTATION('',(#6566),#6574);
#6566 = ( BOUNDED_CURVE() B_SPLINE_CURVE(2,(#6567,#6568,#6569,#6570,
#6571,#6572,#6573),.UNSPECIFIED.,.T.,.F.) B_SPLINE_CURVE_WITH_KNOTS((1,2
    ,2,2,2,1),(-2.094395102393,0.,2.094395102393,4.188790204786,
6.28318530718,8.377580409573),.UNSPECIFIED.) CURVE() 
GEOMETRIC_REPRESENTATION_ITEM() RATIONAL_B_SPLINE_CURVE((1.,0.5,1.,0.5,
1.,0.5,1.)) REPRESENTATION_ITEM('') );
#6567 = CARTESIAN_POINT('',(9.525,6.35));
#6568 = CARTESIAN_POINT('',(9.525,11.849261314031));
#6569 = CARTESIAN_POINT('',(14.2875,9.099630657015));
#6570 = CARTESIAN_POINT('',(19.05,6.35));
#6571 = CARTESIAN_POINT('',(14.2875,3.600369342984));
#6572 = CARTESIAN_POINT('',(9.525,0.850738685969));
#6573 = CARTESIAN_POINT('',(9.525,6.35));
#6574 = ( GEOMETRIC_REPRESENTATION_CONTEXT(2) 
PARAMETRIC_REPRESENTATION_CONTEXT() REPRESENTATION_CONTEXT('2D SPACE',''
  ) );
#6575 = ADVANCED_FACE('',(#6576),#6254,.F.);
#6576 = FACE_BOUND('',#6577,.T.);
#6577 = EDGE_LOOP('',(#6578,#6579,#6602,#6658));
#6578 = ORIENTED_EDGE('',*,*,#6237,.T.);
#6579 = ORIENTED_EDGE('',*,*,#6580,.F.);
#6580 = EDGE_CURVE('',#6581,#6238,#6583,.T.);
#6581 = VERTEX_POINT('',#6582);
#6582 = CARTESIAN_POINT('',(6.35,5.08,-38.09999942779));
#6583 = SURFACE_CURVE('',#6584,(#6588,#6595),.PCURVE_S1.);
#6584 = LINE('',#6585,#6586);
#6585 = CARTESIAN_POINT('',(6.35,5.08,-38.09999942779));
#6586 = VECTOR('',#6587,1.);
#6587 = DIRECTION('',(-1.,-1.224646799147E-16,-2.22044604925E-16));
#6588 = PCURVE('',#6254,#6589);
#6589 = DEFINITIONAL_REPRESENTATION('',(#6590),#6594);
#6590 = LINE('',#6591,#6592);
#6591 = CARTESIAN_POINT('',(6.35,5.08));
#6592 = VECTOR('',#6593,1.);
#6593 = DIRECTION('',(1.,5.641527646774E-49));
#6594 = ( GEOMETRIC_REPRESENTATION_CONTEXT(2) 
PARAMETRIC_REPRESENTATION_CONTEXT() REPRESENTATION_CONTEXT('2D SPACE',''
  ) );
#6595 = PCURVE('',#6337,#6596);
#6596 = DEFINITIONAL_REPRESENTATION('',(#6597),#6601);
#6597 = LINE('',#6598,#6599);
#6598 = CARTESIAN_POINT('',(0.785398163397,-8.881784197001E-16));
#6599 = VECTOR('',#6600,1.);
#6600 = DIRECTION('',(0.,1.));
#6601 = ( GEOMETRIC_REPRESENTATION_CONTEXT(2) 
PARAMETRIC_REPRESENTATION_CONTEXT() REPRESENTATION_CONTEXT('2D SPACE',''
  ) );
#6602 = ORIENTED_EDGE('',*,*,#6603,.F.);
#6603 = EDGE_CURVE('',#6604,#6581,#6606,.T.);
#6604 = VERTEX_POINT('',#6605);
#6605 = CARTESIAN_POINT('',(7.62,6.35,-38.09999942779));
#6606 = SURFACE_CURVE('',#6607,(#6612,#6619),.PCURVE_S1.);
#6607 = CIRCLE('',#6608,1.27);
#6608 = AXIS2_PLACEMENT_3D('',#6609,#6610,#6611);
#6609 = CARTESIAN_POINT('',(6.35,6.35,-38.09999942779));
#6610 = DIRECTION('',(2.22044604925E-16,3.697785493223E-32,-1.));
#6611 = DIRECTION('',(0.707106781187,-0.707106781187,1.570092458684E-16)
  );
#6612 = PCURVE('',#6254,#6613);
#6613 = DEFINITIONAL_REPRESENTATION('',(#6614),#6618);
#6614 = CIRCLE('',#6615,1.27);
#6615 = AXIS2_PLACEMENT_2D('',#6616,#6617);
#6616 = CARTESIAN_POINT('',(6.35,6.35));
#6617 = DIRECTION('',(-0.707106781187,-0.707106781187));
#6618 = ( GEOMETRIC_REPRESENTATION_CONTEXT(2) 
PARAMETRIC_REPRESENTATION_CONTEXT() REPRESENTATION_CONTEXT('2D SPACE',''
  ) );
#6619 = PCURVE('',#6620,#6630);
#6620 = ( BOUNDED_SURFACE() B_SPLINE_SURFACE(2,2,(
    (#6621,#6622,#6623)
    ,(#6624,#6625,#6626)
    ,(#6627,#6628,#6629
)),.UNSPECIFIED.,.F.,.F.,.F.) B_SPLINE_SURFACE_WITH_KNOTS((3,3),(3,3),(
    -1.570796326795,3.94807314735E-13),(-3.14159265359,-1.570796326795),
.PIECEWISE_BEZIER_KNOTS.) GEOMETRIC_REPRESENTATION_ITEM() 
RATIONAL_B_SPLINE_SURFACE((
    (1.,0.707106781187,1.)
    ,(0.707106781186,0.5,0.707106781186)
,(1.,0.707106781187,1.))) REPRESENTATION_ITEM('') SURFACE() );
#6621 = CARTESIAN_POINT('',(7.62,6.350000000002,-38.09999942779));
#6622 = CARTESIAN_POINT('',(7.62,5.08,-38.09999942779));
#6623 = CARTESIAN_POINT('',(6.349999999998,5.08,-38.09999942779));
#6624 = CARTESIAN_POINT('',(12.700000000001,6.350000000002,
    -38.09999942779));
#6625 = CARTESIAN_POINT('',(12.7,-5.229150445984E-13,-38.09999942779));
#6626 = CARTESIAN_POINT('',(6.349999999998,-7.960299086562E-13,
    -38.09999942779));
#6627 = CARTESIAN_POINT('',(12.7,6.35,-43.17999942779));
#6628 = CARTESIAN_POINT('',(12.7,1.909583602355E-13,-43.17999942779));
#6629 = CARTESIAN_POINT('',(6.35,-8.215650382226E-14,-43.17999942779));
#6630 = DEFINITIONAL_REPRESENTATION('',(#6631),#6657);
#6631 = B_SPLINE_CURVE_WITH_KNOTS('',3,(#6632,#6633,#6634,#6635,#6636,
    #6637,#6638,#6639,#6640,#6641,#6642,#6643,#6644,#6645,#6646,#6647,
    #6648,#6649,#6650,#6651,#6652,#6653,#6654,#6655,#6656),
  .UNSPECIFIED.,.F.,.F.,(4,1,1,1,1,1,1,1,1,1,1,1,1,1,1,1,1,1,1,1,1,1,4),
  (5.497787143782,5.569186976818,5.640586809854,5.711986642891,
    5.783386475927,5.854786308963,5.926186141999,5.997585975035,
    6.068985808071,6.140385641107,6.211785474143,6.28318530718,
    6.354585140216,6.425984973252,6.497384806288,6.568784639324,
    6.64018447236,6.711584305396,6.782984138433,6.854383971469,
    6.925783804505,6.997183637541,7.068583470577),
  .QUASI_UNIFORM_KNOTS.);
#6632 = CARTESIAN_POINT('',(-1.570796326795,-3.14159265359));
#6633 = CARTESIAN_POINT('',(-1.570796326795,-3.115159605061));
#6634 = CARTESIAN_POINT('',(-1.570796326795,-3.06306744096));
#6635 = CARTESIAN_POINT('',(-1.570796326795,-2.986986199036));
#6636 = CARTESIAN_POINT('',(-1.570796326795,-2.912688495408));
#6637 = CARTESIAN_POINT('',(-1.570796326795,-2.839931213655));
#6638 = CARTESIAN_POINT('',(-1.570796326795,-2.76848654735));
#6639 = CARTESIAN_POINT('',(-1.570796326795,-2.698142049645));
#6640 = CARTESIAN_POINT('',(-1.570796326795,-2.628697122557));
#6641 = CARTESIAN_POINT('',(-1.570796326795,-2.559960843422));
#6642 = CARTESIAN_POINT('',(-1.570796326795,-2.491749732825));
#6643 = CARTESIAN_POINT('',(-1.570796326795,-2.423885766815));
#6644 = CARTESIAN_POINT('',(-1.570796326795,-2.356194490192));
#6645 = CARTESIAN_POINT('',(-1.570796326795,-2.28850321357));
#6646 = CARTESIAN_POINT('',(-1.570796326795,-2.22063924756));
#6647 = CARTESIAN_POINT('',(-1.570796326795,-2.152428136963));
#6648 = CARTESIAN_POINT('',(-1.570796326795,-2.083691857828));
#6649 = CARTESIAN_POINT('',(-1.570796326795,-2.01424693074));
#6650 = CARTESIAN_POINT('',(-1.570796326795,-1.943902433035));
#6651 = CARTESIAN_POINT('',(-1.570796326795,-1.87245776673));
#6652 = CARTESIAN_POINT('',(-1.570796326795,-1.799700484977));
#6653 = CARTESIAN_POINT('',(-1.570796326795,-1.725402781349));
#6654 = CARTESIAN_POINT('',(-1.570796326795,-1.649321539425));
#6655 = CARTESIAN_POINT('',(-1.570796326795,-1.597229375324));
#6656 = CARTESIAN_POINT('',(-1.570796326795,-1.570796326795));
#6657 = ( GEOMETRIC_REPRESENTATION_CONTEXT(2) 
PARAMETRIC_REPRESENTATION_CONTEXT() REPRESENTATION_CONTEXT('2D SPACE',''
  ) );
#6658 = ORIENTED_EDGE('',*,*,#6659,.T.);
#6659 = EDGE_CURVE('',#6604,#6210,#6660,.T.);
#6660 = SURFACE_CURVE('',#6661,(#6665,#6672),.PCURVE_S1.);
#6661 = LINE('',#6662,#6663);
#6662 = CARTESIAN_POINT('',(-3.209195043,6.35,-38.09999942779));
#6663 = VECTOR('',#6664,1.);
#6664 = DIRECTION('',(-1.,-1.224646799147E-16,-2.22044604925E-16));
#6665 = PCURVE('',#6254,#6666);
#6666 = DEFINITIONAL_REPRESENTATION('',(#6667),#6671);
#6667 = LINE('',#6668,#6669);
#6668 = CARTESIAN_POINT('',(15.909195043,6.35));
#6669 = VECTOR('',#6670,1.);
#6670 = DIRECTION('',(1.,5.641527646774E-49));
#6671 = ( GEOMETRIC_REPRESENTATION_CONTEXT(2) 
PARAMETRIC_REPRESENTATION_CONTEXT() REPRESENTATION_CONTEXT('2D SPACE',''
  ) );
#6672 = PCURVE('',#6438,#6673);
#6673 = DEFINITIONAL_REPRESENTATION('',(#6674),#6678);
#6674 = LINE('',#6675,#6676);
#6675 = CARTESIAN_POINT('',(3.209195043,-38.09999942779));
#6676 = VECTOR('',#6677,1.);
#6677 = DIRECTION('',(1.,2.465190328816E-32));
#6678 = ( GEOMETRIC_REPRESENTATION_CONTEXT(2) 
PARAMETRIC_REPRESENTATION_CONTEXT() REPRESENTATION_CONTEXT('2D SPACE',''
  ) );
#6679 = ADVANCED_FACE('',(#6680),#6337,.T.);
#6680 = FACE_BOUND('',#6681,.T.);
#6681 = EDGE_LOOP('',(#6682,#6683,#6706,#6762,#6790,#6834));
#6682 = ORIENTED_EDGE('',*,*,#6266,.T.);
#6683 = ORIENTED_EDGE('',*,*,#6684,.T.);
#6684 = EDGE_CURVE('',#6267,#6685,#6687,.T.);
#6685 = VERTEX_POINT('',#6686);
#6686 = CARTESIAN_POINT('',(-6.35,5.08,-38.09999942779));
#6687 = SURFACE_CURVE('',#6688,(#6692,#6699),.PCURVE_S1.);
#6688 = LINE('',#6689,#6690);
#6689 = CARTESIAN_POINT('',(6.35,5.08,-38.09999942779));
#6690 = VECTOR('',#6691,1.);
#6691 = DIRECTION('',(-1.,-1.224646799147E-16,-2.22044604925E-16));
#6692 = PCURVE('',#6337,#6693);
#6693 = DEFINITIONAL_REPRESENTATION('',(#6694),#6698);
#6694 = LINE('',#6695,#6696);
#6695 = CARTESIAN_POINT('',(0.785398163397,0.));
#6696 = VECTOR('',#6697,1.);
#6697 = DIRECTION('',(-1.613666031584E-16,1.));
#6698 = ( GEOMETRIC_REPRESENTATION_CONTEXT(2) 
PARAMETRIC_REPRESENTATION_CONTEXT() REPRESENTATION_CONTEXT('2D SPACE',''
  ) );
#6699 = PCURVE('',#6410,#6700);
#6700 = DEFINITIONAL_REPRESENTATION('',(#6701),#6705);
#6701 = LINE('',#6702,#6703);
#6702 = CARTESIAN_POINT('',(6.35,5.08));
#6703 = VECTOR('',#6704,1.);
#6704 = DIRECTION('',(1.,5.641527646774E-49));
#6705 = ( GEOMETRIC_REPRESENTATION_CONTEXT(2) 
PARAMETRIC_REPRESENTATION_CONTEXT() REPRESENTATION_CONTEXT('2D SPACE',''
  ) );
#6706 = ORIENTED_EDGE('',*,*,#6707,.T.);
#6707 = EDGE_CURVE('',#6685,#6708,#6710,.T.);
#6708 = VERTEX_POINT('',#6709);
#6709 = CARTESIAN_POINT('',(-6.35,2.109423746788E-14,-43.17999942779));
#6710 = SURFACE_CURVE('',#6711,(#6716,#6723),.PCURVE_S1.);
#6711 = CIRCLE('',#6712,5.08);
#6712 = AXIS2_PLACEMENT_3D('',#6713,#6714,#6715);
#6713 = CARTESIAN_POINT('',(-6.35,5.08,-43.17999942779));
#6714 = DIRECTION('',(1.,2.185478394931E-16,2.185478394931E-16));
#6715 = DIRECTION('',(-2.185478394931E-16,0.,1.));
#6716 = PCURVE('',#6337,#6717);
#6717 = DEFINITIONAL_REPRESENTATION('',(#6718),#6722);
#6718 = LINE('',#6719,#6720);
#6719 = CARTESIAN_POINT('',(0.785398163397,12.7));
#6720 = VECTOR('',#6721,1.);
#6721 = DIRECTION('',(-1.,0.));
#6722 = ( GEOMETRIC_REPRESENTATION_CONTEXT(2) 
PARAMETRIC_REPRESENTATION_CONTEXT() REPRESENTATION_CONTEXT('2D SPACE',''
  ) );
#6723 = PCURVE('',#6724,#6734);
#6724 = ( BOUNDED_SURFACE() B_SPLINE_SURFACE(2,2,(
    (#6725,#6726,#6727)
    ,(#6728,#6729,#6730)
    ,(#6731,#6732,#6733
)),.UNSPECIFIED.,.F.,.F.,.F.) B_SPLINE_SURFACE_WITH_KNOTS((3,3),(3,3),(
    -1.570796326795,-1.70478435972E-15),(-1.570796326795,
    -9.965781480887E-15),.PIECEWISE_BEZIER_KNOTS.) 
GEOMETRIC_REPRESENTATION_ITEM() RATIONAL_B_SPLINE_SURFACE((
    (1.,0.707106781187,1.)
    ,(0.707106781187,0.5,0.707106781187)
,(1.,0.707106781187,1.))) REPRESENTATION_ITEM('') SURFACE() );
#6725 = CARTESIAN_POINT('',(-6.35,5.08,-38.09999942779));
#6726 = CARTESIAN_POINT('',(-7.62,5.08,-38.09999942779));
#6727 = CARTESIAN_POINT('',(-7.62,6.35,-38.09999942779));
#6728 = CARTESIAN_POINT('',(-6.35,1.554312234475E-14,-38.09999942779));
#6729 = CARTESIAN_POINT('',(-12.7,7.327471962526E-14,-38.09999942779));
#6730 = CARTESIAN_POINT('',(-12.7,6.35,-38.09999942779));
#6731 = CARTESIAN_POINT('',(-6.35,6.661338147751E-15,-43.17999942779));
#6732 = CARTESIAN_POINT('',(-12.7,6.439293542826E-14,-43.17999942779));
#6733 = CARTESIAN_POINT('',(-12.7,6.35,-43.17999942779));
#6734 = DEFINITIONAL_REPRESENTATION('',(#6735),#6761);
#6735 = B_SPLINE_CURVE_WITH_KNOTS('',3,(#6736,#6737,#6738,#6739,#6740,
    #6741,#6742,#6743,#6744,#6745,#6746,#6747,#6748,#6749,#6750,#6751,
    #6752,#6753,#6754,#6755,#6756,#6757,#6758,#6759,#6760),
  .UNSPECIFIED.,.F.,.F.,(4,1,1,1,1,1,1,1,1,1,1,1,1,1,1,1,1,1,1,1,1,1,4),
  (0.,7.139983303613E-02,0.142799666072,0.214199499108,0.285599332145,
    0.356999165181,0.428398998217,0.499798831253,0.571198664289,
    0.642598497325,0.713998330361,0.785398163397,0.856797996434,
    0.92819782947,0.999597662506,1.070997495542,1.142397328578,
    1.213797161614,1.28519699465,1.356596827687,1.427996660723,
    1.499396493759,1.570796326795),.QUASI_UNIFORM_KNOTS.);
#6736 = CARTESIAN_POINT('',(-1.570796326795,-1.570796326795));
#6737 = CARTESIAN_POINT('',(-1.544363278267,-1.570796326795));
#6738 = CARTESIAN_POINT('',(-1.492271114166,-1.570796326795));
#6739 = CARTESIAN_POINT('',(-1.416189872242,-1.570796326795));
#6740 = CARTESIAN_POINT('',(-1.341892168614,-1.570796326795));
#6741 = CARTESIAN_POINT('',(-1.269134886861,-1.570796326795));
#6742 = CARTESIAN_POINT('',(-1.197690220556,-1.570796326795));
#6743 = CARTESIAN_POINT('',(-1.12734572285,-1.570796326795));
#6744 = CARTESIAN_POINT('',(-1.057900795762,-1.570796326795));
#6745 = CARTESIAN_POINT('',(-0.989164516627,-1.570796326795));
#6746 = CARTESIAN_POINT('',(-0.92095340603,-1.570796326795));
#6747 = CARTESIAN_POINT('',(-0.85308944002,-1.570796326795));
#6748 = CARTESIAN_POINT('',(-0.785398163397,-1.570796326795));
#6749 = CARTESIAN_POINT('',(-0.717706886775,-1.570796326795));
#6750 = CARTESIAN_POINT('',(-0.649842920765,-1.570796326795));
#6751 = CARTESIAN_POINT('',(-0.581631810168,-1.570796326795));
#6752 = CARTESIAN_POINT('',(-0.512895531033,-1.570796326795));
#6753 = CARTESIAN_POINT('',(-0.443450603945,-1.570796326795));
#6754 = CARTESIAN_POINT('',(-0.373106106239,-1.570796326795));
#6755 = CARTESIAN_POINT('',(-0.301661439934,-1.570796326795));
#6756 = CARTESIAN_POINT('',(-0.228904158181,-1.570796326795));
#6757 = CARTESIAN_POINT('',(-0.154606454553,-1.570796326795));
#6758 = CARTESIAN_POINT('',(-7.852521262872E-02,-1.570796326795));
#6759 = CARTESIAN_POINT('',(-2.643304852828E-02,-1.570796326795));
#6760 = CARTESIAN_POINT('',(-1.70478435972E-15,-1.570796326795));
#6761 = ( GEOMETRIC_REPRESENTATION_CONTEXT(2) 
PARAMETRIC_REPRESENTATION_CONTEXT() REPRESENTATION_CONTEXT('2D SPACE',''
  ) );
#6762 = ORIENTED_EDGE('',*,*,#6763,.T.);
#6763 = EDGE_CURVE('',#6708,#6764,#6766,.T.);
#6764 = VERTEX_POINT('',#6765);
#6765 = CARTESIAN_POINT('',(6.35,2.331468351713E-14,-43.17999942779));
#6766 = SURFACE_CURVE('',#6767,(#6771,#6778),.PCURVE_S1.);
#6767 = LINE('',#6768,#6769);
#6768 = CARTESIAN_POINT('',(6.35,2.331468351713E-14,-43.17999942779));
#6769 = VECTOR('',#6770,1.);
#6770 = DIRECTION('',(1.,1.224646799147E-16,2.22044604925E-16));
#6771 = PCURVE('',#6337,#6772);
#6772 = DEFINITIONAL_REPRESENTATION('',(#6773),#6777);
#6773 = LINE('',#6774,#6775);
#6774 = CARTESIAN_POINT('',(-0.785398163397,0.));
#6775 = VECTOR('',#6776,1.);
#6776 = DIRECTION('',(-6.993530863781E-17,-1.));
#6777 = ( GEOMETRIC_REPRESENTATION_CONTEXT(2) 
PARAMETRIC_REPRESENTATION_CONTEXT() REPRESENTATION_CONTEXT('2D SPACE',''
  ) );
#6778 = PCURVE('',#6779,#6784);
#6779 = PLANE('',#6780);
#6780 = AXIS2_PLACEMENT_3D('',#6781,#6782,#6783);
#6781 = CARTESIAN_POINT('',(-1.176737486058E-14,2.22044604925E-14,
    3.226712089592E-32));
#6782 = DIRECTION('',(1.224646799147E-16,-1.,2.540718180781E-33));
#6783 = DIRECTION('',(1.,1.224646799147E-16,2.22044604925E-16));
#6784 = DEFINITIONAL_REPRESENTATION('',(#6785),#6789);
#6785 = LINE('',#6786,#6787);
#6786 = CARTESIAN_POINT('',(6.35,-43.17999942779));
#6787 = VECTOR('',#6788,1.);
#6788 = DIRECTION('',(1.,-2.465190328816E-32));
#6789 = ( GEOMETRIC_REPRESENTATION_CONTEXT(2) 
PARAMETRIC_REPRESENTATION_CONTEXT() REPRESENTATION_CONTEXT('2D SPACE',''
  ) );
#6790 = ORIENTED_EDGE('',*,*,#6791,.F.);
#6791 = EDGE_CURVE('',#6581,#6764,#6792,.T.);
#6792 = SURFACE_CURVE('',#6793,(#6798,#6805),.PCURVE_S1.);
#6793 = CIRCLE('',#6794,5.08);
#6794 = AXIS2_PLACEMENT_3D('',#6795,#6796,#6797);
#6795 = CARTESIAN_POINT('',(6.35,5.08,-43.17999942779));
#6796 = DIRECTION('',(1.,2.185478394931E-16,2.185478394931E-16));
#6797 = DIRECTION('',(-2.185478394931E-16,0.,1.));
#6798 = PCURVE('',#6337,#6799);
#6799 = DEFINITIONAL_REPRESENTATION('',(#6800),#6804);
#6800 = LINE('',#6801,#6802);
#6801 = CARTESIAN_POINT('',(0.785398163397,0.));
#6802 = VECTOR('',#6803,1.);
#6803 = DIRECTION('',(-1.,0.));
#6804 = ( GEOMETRIC_REPRESENTATION_CONTEXT(2) 
PARAMETRIC_REPRESENTATION_CONTEXT() REPRESENTATION_CONTEXT('2D SPACE',''
  ) );
#6805 = PCURVE('',#6620,#6806);
#6806 = DEFINITIONAL_REPRESENTATION('',(#6807),#6833);
#6807 = B_SPLINE_CURVE_WITH_KNOTS('',3,(#6808,#6809,#6810,#6811,#6812,
    #6813,#6814,#6815,#6816,#6817,#6818,#6819,#6820,#6821,#6822,#6823,
    #6824,#6825,#6826,#6827,#6828,#6829,#6830,#6831,#6832),
  .UNSPECIFIED.,.F.,.F.,(4,1,1,1,1,1,1,1,1,1,1,1,1,1,1,1,1,1,1,1,1,1,4),
  (0.,7.139983303613E-02,0.142799666072,0.214199499108,0.285599332145,
    0.356999165181,0.428398998217,0.499798831253,0.571198664289,
    0.642598497325,0.713998330361,0.785398163397,0.856797996434,
    0.92819782947,0.999597662506,1.070997495542,1.142397328578,
    1.213797161614,1.28519699465,1.356596827687,1.427996660723,
    1.499396493759,1.570796326795),.QUASI_UNIFORM_KNOTS.);
#6808 = CARTESIAN_POINT('',(-1.570796326795,-1.570796326795));
#6809 = CARTESIAN_POINT('',(-1.544363278266,-1.570796326795));
#6810 = CARTESIAN_POINT('',(-1.492271114166,-1.570796326795));
#6811 = CARTESIAN_POINT('',(-1.416189872242,-1.570796326795));
#6812 = CARTESIAN_POINT('',(-1.341892168613,-1.570796326795));
#6813 = CARTESIAN_POINT('',(-1.26913488686,-1.570796326795));
#6814 = CARTESIAN_POINT('',(-1.197690220555,-1.570796326795));
#6815 = CARTESIAN_POINT('',(-1.12734572285,-1.570796326795));
#6816 = CARTESIAN_POINT('',(-1.057900795762,-1.570796326795));
#6817 = CARTESIAN_POINT('',(-0.989164516627,-1.570796326795));
#6818 = CARTESIAN_POINT('',(-0.92095340603,-1.570796326795));
#6819 = CARTESIAN_POINT('',(-0.85308944002,-1.570796326795));
#6820 = CARTESIAN_POINT('',(-0.785398163397,-1.570796326795));
#6821 = CARTESIAN_POINT('',(-0.717706886775,-1.570796326795));
#6822 = CARTESIAN_POINT('',(-0.649842920765,-1.570796326795));
#6823 = CARTESIAN_POINT('',(-0.581631810167,-1.570796326795));
#6824 = CARTESIAN_POINT('',(-0.512895531032,-1.570796326795));
#6825 = CARTESIAN_POINT('',(-0.443450603944,-1.570796326795));
#6826 = CARTESIAN_POINT('',(-0.373106106239,-1.570796326795));
#6827 = CARTESIAN_POINT('',(-0.301661439934,-1.570796326795));
#6828 = CARTESIAN_POINT('',(-0.228904158181,-1.570796326795));
#6829 = CARTESIAN_POINT('',(-0.154606454553,-1.570796326795));
#6830 = CARTESIAN_POINT('',(-7.852521262855E-02,-1.570796326795));
#6831 = CARTESIAN_POINT('',(-2.643304852801E-02,-1.570796326795));
#6832 = CARTESIAN_POINT('',(3.94807314735E-13,-1.570796326795));
#6833 = ( GEOMETRIC_REPRESENTATION_CONTEXT(2) 
PARAMETRIC_REPRESENTATION_CONTEXT() REPRESENTATION_CONTEXT('2D SPACE',''
  ) );
#6834 = ORIENTED_EDGE('',*,*,#6580,.T.);
#6835 = ADVANCED_FACE('',(#6836),#6410,.F.);
#6836 = FACE_BOUND('',#6837,.T.);
#6837 = EDGE_LOOP('',(#6838,#6839,#6862,#6906));
#6838 = ORIENTED_EDGE('',*,*,#6393,.T.);
#6839 = ORIENTED_EDGE('',*,*,#6840,.T.);
#6840 = EDGE_CURVE('',#6394,#6841,#6843,.T.);
#6841 = VERTEX_POINT('',#6842);
#6842 = CARTESIAN_POINT('',(-7.62,6.35,-38.09999942779));
#6843 = SURFACE_CURVE('',#6844,(#6848,#6855),.PCURVE_S1.);
#6844 = LINE('',#6845,#6846);
#6845 = CARTESIAN_POINT('',(-3.209195043,6.35,-38.09999942779));
#6846 = VECTOR('',#6847,1.);
#6847 = DIRECTION('',(-1.,-1.224646799147E-16,-2.22044604925E-16));
#6848 = PCURVE('',#6410,#6849);
#6849 = DEFINITIONAL_REPRESENTATION('',(#6850),#6854);
#6850 = LINE('',#6851,#6852);
#6851 = CARTESIAN_POINT('',(15.909195043,6.35));
#6852 = VECTOR('',#6853,1.);
#6853 = DIRECTION('',(1.,5.641527646774E-49));
#6854 = ( GEOMETRIC_REPRESENTATION_CONTEXT(2) 
PARAMETRIC_REPRESENTATION_CONTEXT() REPRESENTATION_CONTEXT('2D SPACE',''
  ) );
#6855 = PCURVE('',#6438,#6856);
#6856 = DEFINITIONAL_REPRESENTATION('',(#6857),#6861);
#6857 = LINE('',#6858,#6859);
#6858 = CARTESIAN_POINT('',(3.209195043,-38.09999942779));
#6859 = VECTOR('',#6860,1.);
#6860 = DIRECTION('',(1.,2.465190328816E-32));
#6861 = ( GEOMETRIC_REPRESENTATION_CONTEXT(2) 
PARAMETRIC_REPRESENTATION_CONTEXT() REPRESENTATION_CONTEXT('2D SPACE',''
  ) );
#6862 = ORIENTED_EDGE('',*,*,#6863,.F.);
#6863 = EDGE_CURVE('',#6685,#6841,#6864,.T.);
#6864 = SURFACE_CURVE('',#6865,(#6870,#6877),.PCURVE_S1.);
#6865 = CIRCLE('',#6866,1.27);
#6866 = AXIS2_PLACEMENT_3D('',#6867,#6868,#6869);
#6867 = CARTESIAN_POINT('',(-6.35,6.35,-38.09999942779));
#6868 = DIRECTION('',(2.22044604925E-16,3.697785493223E-32,-1.));
#6869 = DIRECTION('',(-0.707106781187,-0.707106781187,
    -1.570092458684E-16));
#6870 = PCURVE('',#6410,#6871);
#6871 = DEFINITIONAL_REPRESENTATION('',(#6872),#6876);
#6872 = CIRCLE('',#6873,1.27);
#6873 = AXIS2_PLACEMENT_2D('',#6874,#6875);
#6874 = CARTESIAN_POINT('',(19.05,6.35));
#6875 = DIRECTION('',(0.707106781187,-0.707106781187));
#6876 = ( GEOMETRIC_REPRESENTATION_CONTEXT(2) 
PARAMETRIC_REPRESENTATION_CONTEXT() REPRESENTATION_CONTEXT('2D SPACE',''
  ) );
#6877 = PCURVE('',#6724,#6878);
#6878 = DEFINITIONAL_REPRESENTATION('',(#6879),#6905);
#6879 = B_SPLINE_CURVE_WITH_KNOTS('',3,(#6880,#6881,#6882,#6883,#6884,
    #6885,#6886,#6887,#6888,#6889,#6890,#6891,#6892,#6893,#6894,#6895,
    #6896,#6897,#6898,#6899,#6900,#6901,#6902,#6903,#6904),
  .UNSPECIFIED.,.F.,.F.,(4,1,1,1,1,1,1,1,1,1,1,1,1,1,1,1,1,1,1,1,1,1,4),
  (5.497787143782,5.569186976818,5.640586809854,5.711986642891,
    5.783386475927,5.854786308963,5.926186141999,5.997585975035,
    6.068985808071,6.140385641107,6.211785474143,6.28318530718,
    6.354585140216,6.425984973252,6.497384806288,6.568784639324,
    6.64018447236,6.711584305396,6.782984138433,6.854383971469,
    6.925783804505,6.997183637541,7.068583470577),
  .QUASI_UNIFORM_KNOTS.);
#6880 = CARTESIAN_POINT('',(-1.570796326795,-1.570796326795));
#6881 = CARTESIAN_POINT('',(-1.570796326795,-1.544363278267));
#6882 = CARTESIAN_POINT('',(-1.570796326795,-1.492271114166));
#6883 = CARTESIAN_POINT('',(-1.570796326795,-1.416189872242));
#6884 = CARTESIAN_POINT('',(-1.570796326795,-1.341892168614));
#6885 = CARTESIAN_POINT('',(-1.570796326795,-1.269134886861));
#6886 = CARTESIAN_POINT('',(-1.570796326795,-1.197690220556));
#6887 = CARTESIAN_POINT('',(-1.570796326795,-1.12734572285));
#6888 = CARTESIAN_POINT('',(-1.570796326795,-1.057900795762));
#6889 = CARTESIAN_POINT('',(-1.570796326795,-0.989164516627));
#6890 = CARTESIAN_POINT('',(-1.570796326795,-0.92095340603));
#6891 = CARTESIAN_POINT('',(-1.570796326795,-0.85308944002));
#6892 = CARTESIAN_POINT('',(-1.570796326795,-0.785398163397));
#6893 = CARTESIAN_POINT('',(-1.570796326795,-0.717706886775));
#6894 = CARTESIAN_POINT('',(-1.570796326795,-0.649842920765));
#6895 = CARTESIAN_POINT('',(-1.570796326795,-0.581631810168));
#6896 = CARTESIAN_POINT('',(-1.570796326795,-0.512895531033));
#6897 = CARTESIAN_POINT('',(-1.570796326795,-0.443450603945));
#6898 = CARTESIAN_POINT('',(-1.570796326795,-0.373106106239));
#6899 = CARTESIAN_POINT('',(-1.570796326795,-0.301661439934));
#6900 = CARTESIAN_POINT('',(-1.570796326795,-0.228904158181));
#6901 = CARTESIAN_POINT('',(-1.570796326795,-0.154606454553));
#6902 = CARTESIAN_POINT('',(-1.570796326795,-7.852521262878E-02));
#6903 = CARTESIAN_POINT('',(-1.570796326795,-2.643304852832E-02));
#6904 = CARTESIAN_POINT('',(-1.570796326795,-9.965781480887E-15));
#6905 = ( GEOMETRIC_REPRESENTATION_CONTEXT(2) 
PARAMETRIC_REPRESENTATION_CONTEXT() REPRESENTATION_CONTEXT('2D SPACE',''
  ) );
#6906 = ORIENTED_EDGE('',*,*,#6684,.F.);
#6907 = ADVANCED_FACE('',(#6908),#6438,.F.);
#6908 = FACE_BOUND('',#6909,.F.);
#6909 = EDGE_LOOP('',(#6910,#6911,#6912,#6958,#6986,#7015,#7043,#7087,
    #7088,#7089));
#6910 = ORIENTED_EDGE('',*,*,#6422,.F.);
#6911 = ORIENTED_EDGE('',*,*,#6840,.T.);
#6912 = ORIENTED_EDGE('',*,*,#6913,.F.);
#6913 = EDGE_CURVE('',#6914,#6841,#6916,.T.);
#6914 = VERTEX_POINT('',#6915);
#6915 = CARTESIAN_POINT('',(-12.7,6.35,-43.17999942779));
#6916 = SURFACE_CURVE('',#6917,(#6922,#6929),.PCURVE_S1.);
#6917 = CIRCLE('',#6918,5.08);
#6918 = AXIS2_PLACEMENT_3D('',#6919,#6920,#6921);
#6919 = CARTESIAN_POINT('',(-7.62,6.35,-43.17999942779));
#6920 = DIRECTION('',(-1.224646799147E-16,1.,-2.540718180781E-33));
#6921 = DIRECTION('',(-1.,-1.224646799147E-16,-2.22044604925E-16));
#6922 = PCURVE('',#6438,#6923);
#6923 = DEFINITIONAL_REPRESENTATION('',(#6924),#6928);
#6924 = CIRCLE('',#6925,5.08);
#6925 = AXIS2_PLACEMENT_2D('',#6926,#6927);
#6926 = CARTESIAN_POINT('',(7.62,-43.17999942779));
#6927 = DIRECTION('',(1.,0.));
#6928 = ( GEOMETRIC_REPRESENTATION_CONTEXT(2) 
PARAMETRIC_REPRESENTATION_CONTEXT() REPRESENTATION_CONTEXT('2D SPACE',''
  ) );
#6929 = PCURVE('',#6724,#6930);
#6930 = DEFINITIONAL_REPRESENTATION('',(#6931),#6957);
#6931 = B_SPLINE_CURVE_WITH_KNOTS('',3,(#6932,#6933,#6934,#6935,#6936,
    #6937,#6938,#6939,#6940,#6941,#6942,#6943,#6944,#6945,#6946,#6947,
    #6948,#6949,#6950,#6951,#6952,#6953,#6954,#6955,#6956),
  .UNSPECIFIED.,.F.,.F.,(4,1,1,1,1,1,1,1,1,1,1,1,1,1,1,1,1,1,1,1,1,1,4),
  (0.,7.139983303613E-02,0.142799666072,0.214199499108,0.285599332145,
    0.356999165181,0.428398998217,0.499798831253,0.571198664289,
    0.642598497325,0.713998330361,0.785398163397,0.856797996434,
    0.92819782947,0.999597662506,1.070997495542,1.142397328578,
    1.213797161614,1.28519699465,1.356596827687,1.427996660723,
    1.499396493759,1.570796326795),.QUASI_UNIFORM_KNOTS.);
#6932 = CARTESIAN_POINT('',(-1.70478435972E-15,-9.965781480887E-15));
#6933 = CARTESIAN_POINT('',(-2.643304852828E-02,-9.965781480887E-15));
#6934 = CARTESIAN_POINT('',(-7.852521262872E-02,-9.965781480887E-15));
#6935 = CARTESIAN_POINT('',(-0.154606454553,-9.965781480887E-15));
#6936 = CARTESIAN_POINT('',(-0.228904158181,-9.965781480887E-15));
#6937 = CARTESIAN_POINT('',(-0.301661439934,-9.965781480887E-15));
#6938 = CARTESIAN_POINT('',(-0.373106106239,-9.965781480887E-15));
#6939 = CARTESIAN_POINT('',(-0.443450603945,-9.965781480887E-15));
#6940 = CARTESIAN_POINT('',(-0.512895531033,-9.965781480887E-15));
#6941 = CARTESIAN_POINT('',(-0.581631810168,-9.965781480887E-15));
#6942 = CARTESIAN_POINT('',(-0.649842920765,-9.965781480887E-15));
#6943 = CARTESIAN_POINT('',(-0.717706886775,-9.965781480887E-15));
#6944 = CARTESIAN_POINT('',(-0.785398163397,-9.965781480887E-15));
#6945 = CARTESIAN_POINT('',(-0.85308944002,-9.965781480887E-15));
#6946 = CARTESIAN_POINT('',(-0.92095340603,-9.965781480887E-15));
#6947 = CARTESIAN_POINT('',(-0.989164516627,-9.965781480887E-15));
#6948 = CARTESIAN_POINT('',(-1.057900795762,-9.965781480887E-15));
#6949 = CARTESIAN_POINT('',(-1.12734572285,-9.965781480887E-15));
#6950 = CARTESIAN_POINT('',(-1.197690220556,-9.965781480887E-15));
#6951 = CARTESIAN_POINT('',(-1.269134886861,-9.965781480887E-15));
#6952 = CARTESIAN_POINT('',(-1.341892168614,-9.965781480887E-15));
#6953 = CARTESIAN_POINT('',(-1.416189872242,-9.965781480887E-15));
#6954 = CARTESIAN_POINT('',(-1.492271114166,-9.965781480887E-15));
#6955 = CARTESIAN_POINT('',(-1.544363278267,-9.965781480887E-15));
#6956 = CARTESIAN_POINT('',(-1.570796326795,-9.965781480887E-15));
#6957 = ( GEOMETRIC_REPRESENTATION_CONTEXT(2) 
PARAMETRIC_REPRESENTATION_CONTEXT() REPRESENTATION_CONTEXT('2D SPACE',''
  ) );
#6958 = ORIENTED_EDGE('',*,*,#6959,.F.);
#6959 = EDGE_CURVE('',#6960,#6914,#6962,.T.);
#6960 = VERTEX_POINT('',#6961);
#6961 = CARTESIAN_POINT('',(-12.7,6.35,-16.72453287838));
#6962 = SURFACE_CURVE('',#6963,(#6967,#6974),.PCURVE_S1.);
#6963 = LINE('',#6964,#6965);
#6964 = CARTESIAN_POINT('',(-12.7,6.35,95.25));
#6965 = VECTOR('',#6966,1.);
#6966 = DIRECTION('',(2.22044604925E-16,2.465190328816E-32,-1.));
#6967 = PCURVE('',#6438,#6968);
#6968 = DEFINITIONAL_REPRESENTATION('',(#6969),#6973);
#6969 = LINE('',#6970,#6971);
#6970 = CARTESIAN_POINT('',(12.7,95.25));
#6971 = VECTOR('',#6972,1.);
#6972 = DIRECTION('',(2.465190328816E-32,-1.));
#6973 = ( GEOMETRIC_REPRESENTATION_CONTEXT(2) 
PARAMETRIC_REPRESENTATION_CONTEXT() REPRESENTATION_CONTEXT('2D SPACE',''
  ) );
#6974 = PCURVE('',#6975,#6980);
#6975 = CYLINDRICAL_SURFACE('',#6976,6.35);
#6976 = AXIS2_PLACEMENT_3D('',#6977,#6978,#6979);
#6977 = CARTESIAN_POINT('',(-6.35,6.35,95.25));
#6978 = DIRECTION('',(2.22044604925E-16,2.465190328816E-32,-1.));
#6979 = DIRECTION('',(-0.707106781187,0.707106781187,-1.570092458684E-16
    ));
#6980 = DEFINITIONAL_REPRESENTATION('',(#6981),#6985);
#6981 = LINE('',#6982,#6983);
#6982 = CARTESIAN_POINT('',(5.497787143782,0.));
#6983 = VECTOR('',#6984,1.);
#6984 = DIRECTION('',(0.,1.));
#6985 = ( GEOMETRIC_REPRESENTATION_CONTEXT(2) 
PARAMETRIC_REPRESENTATION_CONTEXT() REPRESENTATION_CONTEXT('2D SPACE',''
  ) );
#6986 = ORIENTED_EDGE('',*,*,#6987,.F.);
#6987 = EDGE_CURVE('',#6988,#6960,#6990,.T.);
#6988 = VERTEX_POINT('',#6989);
#6989 = CARTESIAN_POINT('',(12.7,6.35,-16.72453287838));
#6990 = SURFACE_CURVE('',#6991,(#6996,#7003),.PCURVE_S1.);
#6991 = CIRCLE('',#6992,21.);
#6992 = AXIS2_PLACEMENT_3D('',#6993,#6994,#6995);
#6993 = CARTESIAN_POINT('',(0.,6.35,0.));
#6994 = DIRECTION('',(0.,1.,0.));
#6995 = DIRECTION('',(0.,-0.,1.));
#6996 = PCURVE('',#6438,#6997);
#6997 = DEFINITIONAL_REPRESENTATION('',(#6998),#7002);
#6998 = CIRCLE('',#6999,21.);
#6999 = AXIS2_PLACEMENT_2D('',#7000,#7001);
#7000 = CARTESIAN_POINT('',(-1.254502557804E-14,-2.801688808699E-30));
#7001 = DIRECTION('',(-2.22044604925E-16,1.));
#7002 = ( GEOMETRIC_REPRESENTATION_CONTEXT(2) 
PARAMETRIC_REPRESENTATION_CONTEXT() REPRESENTATION_CONTEXT('2D SPACE',''
  ) );
#7003 = PCURVE('',#7004,#7009);
#7004 = PLANE('',#7005);
#7005 = AXIS2_PLACEMENT_3D('',#7006,#7007,#7008);
#7006 = CARTESIAN_POINT('',(-1.254502557804E-14,6.35,1.613356044796E-32)
  );
#7007 = DIRECTION('',(-1.224646799147E-16,1.,-2.540718180781E-33));
#7008 = DIRECTION('',(-1.,-1.224646799147E-16,-2.22044604925E-16));
#7009 = DEFINITIONAL_REPRESENTATION('',(#7010),#7014);
#7010 = CIRCLE('',#7011,21.);
#7011 = AXIS2_PLACEMENT_2D('',#7012,#7013);
#7012 = CARTESIAN_POINT('',(-1.254502557804E-14,-2.801688808699E-30));
#7013 = DIRECTION('',(-2.22044604925E-16,1.));
#7014 = ( GEOMETRIC_REPRESENTATION_CONTEXT(2) 
PARAMETRIC_REPRESENTATION_CONTEXT() REPRESENTATION_CONTEXT('2D SPACE',''
  ) );
#7015 = ORIENTED_EDGE('',*,*,#7016,.F.);
#7016 = EDGE_CURVE('',#7017,#6988,#7019,.T.);
#7017 = VERTEX_POINT('',#7018);
#7018 = CARTESIAN_POINT('',(12.7,6.35,-43.17999942779));
#7019 = SURFACE_CURVE('',#7020,(#7024,#7031),.PCURVE_S1.);
#7020 = LINE('',#7021,#7022);
#7021 = CARTESIAN_POINT('',(12.7,6.35,-95.25));
#7022 = VECTOR('',#7023,1.);
#7023 = DIRECTION('',(-2.22044604925E-16,-2.465190328816E-32,1.));
#7024 = PCURVE('',#6438,#7025);
#7025 = DEFINITIONAL_REPRESENTATION('',(#7026),#7030);
#7026 = LINE('',#7027,#7028);
#7027 = CARTESIAN_POINT('',(-12.7,-95.25));
#7028 = VECTOR('',#7029,1.);
#7029 = DIRECTION('',(-2.465190328816E-32,1.));
#7030 = ( GEOMETRIC_REPRESENTATION_CONTEXT(2) 
PARAMETRIC_REPRESENTATION_CONTEXT() REPRESENTATION_CONTEXT('2D SPACE',''
  ) );
#7031 = PCURVE('',#7032,#7037);
#7032 = CYLINDRICAL_SURFACE('',#7033,6.35);
#7033 = AXIS2_PLACEMENT_3D('',#7034,#7035,#7036);
#7034 = CARTESIAN_POINT('',(6.35,6.35,-95.25));
#7035 = DIRECTION('',(-2.22044604925E-16,-2.465190328816E-32,1.));
#7036 = DIRECTION('',(0.707106781187,0.707106781187,1.570092458684E-16)
  );
#7037 = DEFINITIONAL_REPRESENTATION('',(#7038),#7042);
#7038 = LINE('',#7039,#7040);
#7039 = CARTESIAN_POINT('',(5.497787143782,0.));
#7040 = VECTOR('',#7041,1.);
#7041 = DIRECTION('',(0.,1.));
#7042 = ( GEOMETRIC_REPRESENTATION_CONTEXT(2) 
PARAMETRIC_REPRESENTATION_CONTEXT() REPRESENTATION_CONTEXT('2D SPACE',''
  ) );
#7043 = ORIENTED_EDGE('',*,*,#7044,.F.);
#7044 = EDGE_CURVE('',#6604,#7017,#7045,.T.);
#7045 = SURFACE_CURVE('',#7046,(#7051,#7058),.PCURVE_S1.);
#7046 = CIRCLE('',#7047,5.08);
#7047 = AXIS2_PLACEMENT_3D('',#7048,#7049,#7050);
#7048 = CARTESIAN_POINT('',(7.62,6.35,-43.17999942779));
#7049 = DIRECTION('',(-1.224646799147E-16,1.,-2.540718180781E-33));
#7050 = DIRECTION('',(1.,1.224646799147E-16,2.22044604925E-16));
#7051 = PCURVE('',#6438,#7052);
#7052 = DEFINITIONAL_REPRESENTATION('',(#7053),#7057);
#7053 = CIRCLE('',#7054,5.08);
#7054 = AXIS2_PLACEMENT_2D('',#7055,#7056);
#7055 = CARTESIAN_POINT('',(-7.62,-43.17999942779));
#7056 = DIRECTION('',(-1.,0.));
#7057 = ( GEOMETRIC_REPRESENTATION_CONTEXT(2) 
PARAMETRIC_REPRESENTATION_CONTEXT() REPRESENTATION_CONTEXT('2D SPACE',''
  ) );
#7058 = PCURVE('',#6620,#7059);
#7059 = DEFINITIONAL_REPRESENTATION('',(#7060),#7086);
#7060 = B_SPLINE_CURVE_WITH_KNOTS('',3,(#7061,#7062,#7063,#7064,#7065,
    #7066,#7067,#7068,#7069,#7070,#7071,#7072,#7073,#7074,#7075,#7076,
    #7077,#7078,#7079,#7080,#7081,#7082,#7083,#7084,#7085),
  .UNSPECIFIED.,.F.,.F.,(4,1,1,1,1,1,1,1,1,1,1,1,1,1,1,1,1,1,1,1,1,1,4),
  (4.712388980385,4.783788813421,4.855188646457,4.926588479493,
    4.997988312529,5.069388145565,5.140787978601,5.212187811638,
    5.283587644674,5.35498747771,5.426387310746,5.497787143782,
    5.569186976818,5.640586809854,5.711986642891,5.783386475927,
    5.854786308963,5.926186141999,5.997585975035,6.068985808071,
    6.140385641107,6.211785474143,6.28318530718),.QUASI_UNIFORM_KNOTS.);
#7061 = CARTESIAN_POINT('',(-1.570796326795,-3.14159265359));
#7062 = CARTESIAN_POINT('',(-1.544363278266,-3.14159265359));
#7063 = CARTESIAN_POINT('',(-1.492271114166,-3.14159265359));
#7064 = CARTESIAN_POINT('',(-1.416189872242,-3.14159265359));
#7065 = CARTESIAN_POINT('',(-1.341892168613,-3.14159265359));
#7066 = CARTESIAN_POINT('',(-1.26913488686,-3.14159265359));
#7067 = CARTESIAN_POINT('',(-1.197690220555,-3.14159265359));
#7068 = CARTESIAN_POINT('',(-1.12734572285,-3.14159265359));
#7069 = CARTESIAN_POINT('',(-1.057900795762,-3.14159265359));
#7070 = CARTESIAN_POINT('',(-0.989164516627,-3.14159265359));
#7071 = CARTESIAN_POINT('',(-0.92095340603,-3.14159265359));
#7072 = CARTESIAN_POINT('',(-0.85308944002,-3.14159265359));
#7073 = CARTESIAN_POINT('',(-0.785398163397,-3.14159265359));
#7074 = CARTESIAN_POINT('',(-0.717706886775,-3.14159265359));
#7075 = CARTESIAN_POINT('',(-0.649842920765,-3.14159265359));
#7076 = CARTESIAN_POINT('',(-0.581631810167,-3.14159265359));
#7077 = CARTESIAN_POINT('',(-0.512895531032,-3.14159265359));
#7078 = CARTESIAN_POINT('',(-0.443450603944,-3.14159265359));
#7079 = CARTESIAN_POINT('',(-0.373106106239,-3.14159265359));
#7080 = CARTESIAN_POINT('',(-0.301661439934,-3.14159265359));
#7081 = CARTESIAN_POINT('',(-0.228904158181,-3.14159265359));
#7082 = CARTESIAN_POINT('',(-0.154606454553,-3.14159265359));
#7083 = CARTESIAN_POINT('',(-7.852521262848E-02,-3.14159265359));
#7084 = CARTESIAN_POINT('',(-2.643304852796E-02,-3.14159265359));
#7085 = CARTESIAN_POINT('',(3.94807314735E-13,-3.14159265359));
#7086 = ( GEOMETRIC_REPRESENTATION_CONTEXT(2) 
PARAMETRIC_REPRESENTATION_CONTEXT() REPRESENTATION_CONTEXT('2D SPACE',''
  ) );
#7087 = ORIENTED_EDGE('',*,*,#6659,.T.);
#7088 = ORIENTED_EDGE('',*,*,#6523,.F.);
#7089 = ORIENTED_EDGE('',*,*,#7090,.F.);
#7090 = EDGE_CURVE('',#6423,#6451,#7091,.T.);
#7091 = SURFACE_CURVE('',#7092,(#7097,#7104),.PCURVE_S1.);
#7092 = CIRCLE('',#7093,3.175);
#7093 = AXIS2_PLACEMENT_3D('',#7094,#7095,#7096);
#7094 = CARTESIAN_POINT('',(-1.000189922605E-15,6.35,-25.40000081062));
#7095 = DIRECTION('',(-1.224646799147E-16,1.,-2.540718180781E-33));
#7096 = DIRECTION('',(-1.,-1.224646799147E-16,8.904085109465E-50));
#7097 = PCURVE('',#6438,#7098);
#7098 = DEFINITIONAL_REPRESENTATION('',(#7099),#7103);
#7099 = CIRCLE('',#7100,3.175);
#7100 = AXIS2_PLACEMENT_2D('',#7101,#7102);
#7101 = CARTESIAN_POINT('',(-5.904902510348E-15,-25.40000081062));
#7102 = DIRECTION('',(1.,2.22044604925E-16));
#7103 = ( GEOMETRIC_REPRESENTATION_CONTEXT(2) 
PARAMETRIC_REPRESENTATION_CONTEXT() REPRESENTATION_CONTEXT('2D SPACE',''
  ) );
#7104 = PCURVE('',#6489,#7105);
#7105 = DEFINITIONAL_REPRESENTATION('',(#7106),#7110);
#7106 = LINE('',#7107,#7108);
#7107 = CARTESIAN_POINT('',(6.28318530718,6.35));
#7108 = VECTOR('',#7109,1.);
#7109 = DIRECTION('',(-1.,0.));
#7110 = ( GEOMETRIC_REPRESENTATION_CONTEXT(2) 
PARAMETRIC_REPRESENTATION_CONTEXT() REPRESENTATION_CONTEXT('2D SPACE',''
  ) );
#7111 = ADVANCED_FACE('',(#7112),#6489,.F.);
#7112 = FACE_BOUND('',#7113,.F.);
#7113 = EDGE_LOOP('',(#7114,#7137,#7138,#7139,#7140));
#7114 = ORIENTED_EDGE('',*,*,#7115,.T.);
#7115 = EDGE_CURVE('',#7116,#6451,#7118,.T.);
#7116 = VERTEX_POINT('',#7117);
#7117 = CARTESIAN_POINT('',(3.175,12.7,-25.40000081062));
#7118 = SEAM_CURVE('',#7119,(#7123,#7130),.PCURVE_S1.);
#7119 = LINE('',#7120,#7121);
#7120 = CARTESIAN_POINT('',(3.175,12.7,-25.40000081062));
#7121 = VECTOR('',#7122,1.);
#7122 = DIRECTION('',(8.741913579726E-17,-1.,0.));
#7123 = PCURVE('',#6489,#7124);
#7124 = DEFINITIONAL_REPRESENTATION('',(#7125),#7129);
#7125 = LINE('',#7126,#7127);
#7126 = CARTESIAN_POINT('',(9.424777960769,0.));
#7127 = VECTOR('',#7128,1.);
#7128 = DIRECTION('',(0.,1.));
#7129 = ( GEOMETRIC_REPRESENTATION_CONTEXT(2) 
PARAMETRIC_REPRESENTATION_CONTEXT() REPRESENTATION_CONTEXT('2D SPACE',''
  ) );
#7130 = PCURVE('',#6489,#7131);
#7131 = DEFINITIONAL_REPRESENTATION('',(#7132),#7136);
#7132 = LINE('',#7133,#7134);
#7133 = CARTESIAN_POINT('',(3.14159265359,0.));
#7134 = VECTOR('',#7135,1.);
#7135 = DIRECTION('',(0.,1.));
#7136 = ( GEOMETRIC_REPRESENTATION_CONTEXT(2) 
PARAMETRIC_REPRESENTATION_CONTEXT() REPRESENTATION_CONTEXT('2D SPACE',''
  ) );
#7137 = ORIENTED_EDGE('',*,*,#6450,.F.);
#7138 = ORIENTED_EDGE('',*,*,#7090,.T.);
#7139 = ORIENTED_EDGE('',*,*,#7115,.F.);
#7140 = ORIENTED_EDGE('',*,*,#7141,.T.);
#7141 = EDGE_CURVE('',#7116,#7116,#7142,.T.);
#7142 = SURFACE_CURVE('',#7143,(#7148,#7155),.PCURVE_S1.);
#7143 = CIRCLE('',#7144,3.175);
#7144 = AXIS2_PLACEMENT_3D('',#7145,#7146,#7147);
#7145 = CARTESIAN_POINT('',(-1.555301434917E-15,12.7,-25.40000081062));
#7146 = DIRECTION('',(1.224646799147E-16,-1.,2.540718180781E-33));
#7147 = DIRECTION('',(-1.,-1.224646799147E-16,8.904085109465E-50));
#7148 = PCURVE('',#6489,#7149);
#7149 = DEFINITIONAL_REPRESENTATION('',(#7150),#7154);
#7150 = LINE('',#7151,#7152);
#7151 = CARTESIAN_POINT('',(0.,0.));
#7152 = VECTOR('',#7153,1.);
#7153 = DIRECTION('',(1.,0.));
#7154 = ( GEOMETRIC_REPRESENTATION_CONTEXT(2) 
PARAMETRIC_REPRESENTATION_CONTEXT() REPRESENTATION_CONTEXT('2D SPACE',''
  ) );
#7155 = PCURVE('',#7156,#7161);
#7156 = PLANE('',#7157);
#7157 = AXIS2_PLACEMENT_3D('',#7158,#7159,#7160);
#7158 = CARTESIAN_POINT('',(-1.33226762955E-14,12.7,0.));
#7159 = DIRECTION('',(1.224646799147E-16,-1.,2.540718180781E-33));
#7160 = DIRECTION('',(-2.22044604925E-16,-2.465190328816E-32,1.));
#7161 = DEFINITIONAL_REPRESENTATION('',(#7162),#7166);
#7162 = CIRCLE('',#7163,3.175);
#7163 = AXIS2_PLACEMENT_2D('',#7164,#7165);
#7164 = CARTESIAN_POINT('',(-25.40000081062,-6.127441715494E-15));
#7165 = DIRECTION('',(2.22044604925E-16,1.));
#7166 = ( GEOMETRIC_REPRESENTATION_CONTEXT(2) 
PARAMETRIC_REPRESENTATION_CONTEXT() REPRESENTATION_CONTEXT('2D SPACE',''
  ) );
#7167 = ADVANCED_FACE('',(#7168,#7272),#6560,.T.);
#7168 = FACE_BOUND('',#7169,.T.);
#7169 = EDGE_LOOP('',(#7170,#7200,#7223,#7251));
#7170 = ORIENTED_EDGE('',*,*,#7171,.F.);
#7171 = EDGE_CURVE('',#7172,#7174,#7176,.T.);
#7172 = VERTEX_POINT('',#7173);
#7173 = CARTESIAN_POINT('',(-6.35,12.7,-190.5));
#7174 = VERTEX_POINT('',#7175);
#7175 = CARTESIAN_POINT('',(-6.35,2.076166516071E-14,-190.5));
#7176 = SURFACE_CURVE('',#7177,(#7182,#7193),.PCURVE_S1.);
#7177 = CIRCLE('',#7178,6.35);
#7178 = AXIS2_PLACEMENT_3D('',#7179,#7180,#7181);
#7179 = CARTESIAN_POINT('',(-6.35,6.35,-190.5));
#7180 = DIRECTION('',(-2.22044604925E-16,-3.697785493223E-32,1.));
#7181 = DIRECTION('',(-0.707106781187,-0.707106781187,
    -1.570092458684E-16));
#7182 = PCURVE('',#6560,#7183);
#7183 = DEFINITIONAL_REPRESENTATION('',(#7184),#7192);
#7184 = ( BOUNDED_CURVE() B_SPLINE_CURVE(2,(#7185,#7186,#7187,#7188,
#7189,#7190,#7191),.UNSPECIFIED.,.T.,.F.) B_SPLINE_CURVE_WITH_KNOTS((1,2
    ,2,2,2,1),(-2.094395102393,0.,2.094395102393,4.188790204786,
6.28318530718,8.377580409573),.UNSPECIFIED.) CURVE() 
GEOMETRIC_REPRESENTATION_ITEM() RATIONAL_B_SPLINE_CURVE((1.,0.5,1.,0.5,
1.,0.5,1.)) REPRESENTATION_ITEM('') );
#7185 = CARTESIAN_POINT('',(1.859871939465,10.840128060535));
#7186 = CARTESIAN_POINT('',(9.637001872802,18.617257993871));
#7187 = CARTESIAN_POINT('',(12.483628996936,7.993500936401));
#7188 = CARTESIAN_POINT('',(15.330256121069,-2.630256121069));
#7189 = CARTESIAN_POINT('',(4.706499063599,0.216371003064));
#7190 = CARTESIAN_POINT('',(-5.917257993871,3.062998127198));
#7191 = CARTESIAN_POINT('',(1.859871939465,10.840128060535));
#7192 = ( GEOMETRIC_REPRESENTATION_CONTEXT(2) 
PARAMETRIC_REPRESENTATION_CONTEXT() REPRESENTATION_CONTEXT('2D SPACE',''
  ) );
#7193 = PCURVE('',#6975,#7194);
#7194 = DEFINITIONAL_REPRESENTATION('',(#7195),#7199);
#7195 = LINE('',#7196,#7197);
#7196 = CARTESIAN_POINT('',(10.995574287564,285.75));
#7197 = VECTOR('',#7198,1.);
#7198 = DIRECTION('',(-1.,0.));
#7199 = ( GEOMETRIC_REPRESENTATION_CONTEXT(2) 
PARAMETRIC_REPRESENTATION_CONTEXT() REPRESENTATION_CONTEXT('2D SPACE',''
  ) );
#7200 = ORIENTED_EDGE('',*,*,#7201,.T.);
#7201 = EDGE_CURVE('',#7172,#7202,#7204,.T.);
#7202 = VERTEX_POINT('',#7203);
#7203 = CARTESIAN_POINT('',(6.35,12.7,-190.5));
#7204 = SURFACE_CURVE('',#7205,(#7209,#7216),.PCURVE_S1.);
#7205 = LINE('',#7206,#7207);
#7206 = CARTESIAN_POINT('',(-12.7,12.7,-190.5));
#7207 = VECTOR('',#7208,1.);
#7208 = DIRECTION('',(1.,1.224646799147E-16,2.22044604925E-16));
#7209 = PCURVE('',#6560,#7210);
#7210 = DEFINITIONAL_REPRESENTATION('',(#7211),#7215);
#7211 = LINE('',#7212,#7213);
#7212 = CARTESIAN_POINT('',(0.,0.));
#7213 = VECTOR('',#7214,1.);
#7214 = DIRECTION('',(1.,5.641527646774E-49));
#7215 = ( GEOMETRIC_REPRESENTATION_CONTEXT(2) 
PARAMETRIC_REPRESENTATION_CONTEXT() REPRESENTATION_CONTEXT('2D SPACE',''
  ) );
#7216 = PCURVE('',#7156,#7217);
#7217 = DEFINITIONAL_REPRESENTATION('',(#7218),#7222);
#7218 = LINE('',#7219,#7220);
#7219 = CARTESIAN_POINT('',(-190.5,12.7));
#7220 = VECTOR('',#7221,1.);
#7221 = DIRECTION('',(-2.465190328816E-32,-1.));
#7222 = ( GEOMETRIC_REPRESENTATION_CONTEXT(2) 
PARAMETRIC_REPRESENTATION_CONTEXT() REPRESENTATION_CONTEXT('2D SPACE',''
  ) );
#7223 = ORIENTED_EDGE('',*,*,#7224,.F.);
#7224 = EDGE_CURVE('',#7225,#7202,#7227,.T.);
#7225 = VERTEX_POINT('',#7226);
#7226 = CARTESIAN_POINT('',(6.35,2.231696659563E-14,-190.5));
#7227 = SURFACE_CURVE('',#7228,(#7233,#7244),.PCURVE_S1.);
#7228 = CIRCLE('',#7229,6.35);
#7229 = AXIS2_PLACEMENT_3D('',#7230,#7231,#7232);
#7230 = CARTESIAN_POINT('',(6.35,6.35,-190.5));
#7231 = DIRECTION('',(-2.22044604925E-16,-3.697785493223E-32,1.));
#7232 = DIRECTION('',(0.707106781187,-0.707106781187,1.570092458684E-16)
  );
#7233 = PCURVE('',#6560,#7234);
#7234 = DEFINITIONAL_REPRESENTATION('',(#7235),#7243);
#7235 = ( BOUNDED_CURVE() B_SPLINE_CURVE(2,(#7236,#7237,#7238,#7239,
#7240,#7241,#7242),.UNSPECIFIED.,.T.,.F.) B_SPLINE_CURVE_WITH_KNOTS((1,2
    ,2,2,2,1),(-2.094395102393,0.,2.094395102393,4.188790204786,
6.28318530718,8.377580409573),.UNSPECIFIED.) CURVE() 
GEOMETRIC_REPRESENTATION_ITEM() RATIONAL_B_SPLINE_CURVE((1.,0.5,1.,0.5,
1.,0.5,1.)) REPRESENTATION_ITEM('') );
#7236 = CARTESIAN_POINT('',(23.540128060535,10.840128060535));
#7237 = CARTESIAN_POINT('',(31.317257993871,3.062998127198));
#7238 = CARTESIAN_POINT('',(20.693500936401,0.216371003064));
#7239 = CARTESIAN_POINT('',(10.069743878931,-2.630256121069));
#7240 = CARTESIAN_POINT('',(12.916371003064,7.993500936401));
#7241 = CARTESIAN_POINT('',(15.762998127198,18.617257993871));
#7242 = CARTESIAN_POINT('',(23.540128060535,10.840128060535));
#7243 = ( GEOMETRIC_REPRESENTATION_CONTEXT(2) 
PARAMETRIC_REPRESENTATION_CONTEXT() REPRESENTATION_CONTEXT('2D SPACE',''
  ) );
#7244 = PCURVE('',#7032,#7245);
#7245 = DEFINITIONAL_REPRESENTATION('',(#7246),#7250);
#7246 = LINE('',#7247,#7248);
#7247 = CARTESIAN_POINT('',(-1.570796326795,-95.25));
#7248 = VECTOR('',#7249,1.);
#7249 = DIRECTION('',(1.,0.));
#7250 = ( GEOMETRIC_REPRESENTATION_CONTEXT(2) 
PARAMETRIC_REPRESENTATION_CONTEXT() REPRESENTATION_CONTEXT('2D SPACE',''
  ) );
#7251 = ORIENTED_EDGE('',*,*,#7252,.F.);
#7252 = EDGE_CURVE('',#7174,#7225,#7253,.T.);
#7253 = SURFACE_CURVE('',#7254,(#7258,#7265),.PCURVE_S1.);
#7254 = LINE('',#7255,#7256);
#7255 = CARTESIAN_POINT('',(-12.7,1.998401444325E-14,-190.5));
#7256 = VECTOR('',#7257,1.);
#7257 = DIRECTION('',(1.,1.224646799147E-16,2.22044604925E-16));
#7258 = PCURVE('',#6560,#7259);
#7259 = DEFINITIONAL_REPRESENTATION('',(#7260),#7264);
#7260 = LINE('',#7261,#7262);
#7261 = CARTESIAN_POINT('',(-1.555301434917E-15,12.7));
#7262 = VECTOR('',#7263,1.);
#7263 = DIRECTION('',(1.,5.641527646774E-49));
#7264 = ( GEOMETRIC_REPRESENTATION_CONTEXT(2) 
PARAMETRIC_REPRESENTATION_CONTEXT() REPRESENTATION_CONTEXT('2D SPACE',''
  ) );
#7265 = PCURVE('',#6779,#7266);
#7266 = DEFINITIONAL_REPRESENTATION('',(#7267),#7271);
#7267 = LINE('',#7268,#7269);
#7268 = CARTESIAN_POINT('',(-12.7,-190.5));
#7269 = VECTOR('',#7270,1.);
#7270 = DIRECTION('',(1.,-2.465190328816E-32));
#7271 = ( GEOMETRIC_REPRESENTATION_CONTEXT(2) 
PARAMETRIC_REPRESENTATION_CONTEXT() REPRESENTATION_CONTEXT('2D SPACE',''
  ) );
#7272 = FACE_BOUND('',#7273,.T.);
#7273 = EDGE_LOOP('',(#7274));
#7274 = ORIENTED_EDGE('',*,*,#6545,.T.);
#7275 = ADVANCED_FACE('',(#7276),#6620,.F.);
#7276 = FACE_BOUND('',#7277,.F.);
#7277 = EDGE_LOOP('',(#7278,#7279,#7280,#7324));
#7278 = ORIENTED_EDGE('',*,*,#6603,.F.);
#7279 = ORIENTED_EDGE('',*,*,#7044,.T.);
#7280 = ORIENTED_EDGE('',*,*,#7281,.F.);
#7281 = EDGE_CURVE('',#6764,#7017,#7282,.T.);
#7282 = SURFACE_CURVE('',#7283,(#7288,#7317),.PCURVE_S1.);
#7283 = CIRCLE('',#7284,6.35);
#7284 = AXIS2_PLACEMENT_3D('',#7285,#7286,#7287);
#7285 = CARTESIAN_POINT('',(6.35,6.35,-43.17999942779));
#7286 = DIRECTION('',(-2.22044604925E-16,-3.697785493223E-32,1.));
#7287 = DIRECTION('',(0.707106781187,-0.707106781187,1.570092458684E-16)
  );
#7288 = PCURVE('',#6620,#7289);
#7289 = DEFINITIONAL_REPRESENTATION('',(#7290),#7316);
#7290 = B_SPLINE_CURVE_WITH_KNOTS('',3,(#7291,#7292,#7293,#7294,#7295,
    #7296,#7297,#7298,#7299,#7300,#7301,#7302,#7303,#7304,#7305,#7306,
    #7307,#7308,#7309,#7310,#7311,#7312,#7313,#7314,#7315),
  .UNSPECIFIED.,.F.,.F.,(4,1,1,1,1,1,1,1,1,1,1,1,1,1,1,1,1,1,1,1,1,1,4),
  (5.497787143782,5.569186976818,5.640586809854,5.711986642891,
    5.783386475927,5.854786308963,5.926186141999,5.997585975035,
    6.068985808071,6.140385641107,6.211785474143,6.28318530718,
    6.354585140216,6.425984973252,6.497384806288,6.568784639324,
    6.64018447236,6.711584305396,6.782984138433,6.854383971469,
    6.925783804505,6.997183637541,7.068583470577),
  .QUASI_UNIFORM_KNOTS.);
#7291 = CARTESIAN_POINT('',(3.94807314735E-13,-1.570796326795));
#7292 = CARTESIAN_POINT('',(3.94807314735E-13,-1.597229375323));
#7293 = CARTESIAN_POINT('',(3.94807314735E-13,-1.649321539424));
#7294 = CARTESIAN_POINT('',(3.94807314735E-13,-1.725402781348));
#7295 = CARTESIAN_POINT('',(3.94807314735E-13,-1.799700484976));
#7296 = CARTESIAN_POINT('',(3.94807314735E-13,-1.872457766729));
#7297 = CARTESIAN_POINT('',(3.94807314735E-13,-1.943902433034));
#7298 = CARTESIAN_POINT('',(3.94807314735E-13,-2.01424693074));
#7299 = CARTESIAN_POINT('',(3.94807314735E-13,-2.083691857828));
#7300 = CARTESIAN_POINT('',(3.94807314735E-13,-2.152428136963));
#7301 = CARTESIAN_POINT('',(3.94807314735E-13,-2.22063924756));
#7302 = CARTESIAN_POINT('',(3.94807314735E-13,-2.28850321357));
#7303 = CARTESIAN_POINT('',(3.94807314735E-13,-2.356194490192));
#7304 = CARTESIAN_POINT('',(3.94807314735E-13,-2.423885766815));
#7305 = CARTESIAN_POINT('',(3.94807314735E-13,-2.491749732825));
#7306 = CARTESIAN_POINT('',(3.94807314735E-13,-2.559960843422));
#7307 = CARTESIAN_POINT('',(3.94807314735E-13,-2.628697122557));
#7308 = CARTESIAN_POINT('',(3.94807314735E-13,-2.698142049645));
#7309 = CARTESIAN_POINT('',(3.94807314735E-13,-2.768486547351));
#7310 = CARTESIAN_POINT('',(3.94807314735E-13,-2.839931213656));
#7311 = CARTESIAN_POINT('',(3.94807314735E-13,-2.912688495408));
#7312 = CARTESIAN_POINT('',(3.94807314735E-13,-2.986986199037));
#7313 = CARTESIAN_POINT('',(3.94807314735E-13,-3.063067440961));
#7314 = CARTESIAN_POINT('',(3.94807314735E-13,-3.115159605061));
#7315 = CARTESIAN_POINT('',(3.94807314735E-13,-3.14159265359));
#7316 = ( GEOMETRIC_REPRESENTATION_CONTEXT(2) 
PARAMETRIC_REPRESENTATION_CONTEXT() REPRESENTATION_CONTEXT('2D SPACE',''
  ) );
#7317 = PCURVE('',#7032,#7318);
#7318 = DEFINITIONAL_REPRESENTATION('',(#7319),#7323);
#7319 = LINE('',#7320,#7321);
#7320 = CARTESIAN_POINT('',(-1.570796326795,52.070000572205));
#7321 = VECTOR('',#7322,1.);
#7322 = DIRECTION('',(1.,0.));
#7323 = ( GEOMETRIC_REPRESENTATION_CONTEXT(2) 
PARAMETRIC_REPRESENTATION_CONTEXT() REPRESENTATION_CONTEXT('2D SPACE',''
  ) );
#7324 = ORIENTED_EDGE('',*,*,#6791,.F.);
#7325 = ADVANCED_FACE('',(#7326),#6724,.F.);
#7326 = FACE_BOUND('',#7327,.F.);
#7327 = EDGE_LOOP('',(#7328,#7329,#7330,#7374));
#7328 = ORIENTED_EDGE('',*,*,#6863,.F.);
#7329 = ORIENTED_EDGE('',*,*,#6707,.T.);
#7330 = ORIENTED_EDGE('',*,*,#7331,.F.);
#7331 = EDGE_CURVE('',#6914,#6708,#7332,.T.);
#7332 = SURFACE_CURVE('',#7333,(#7338,#7367),.PCURVE_S1.);
#7333 = CIRCLE('',#7334,6.35);
#7334 = AXIS2_PLACEMENT_3D('',#7335,#7336,#7337);
#7335 = CARTESIAN_POINT('',(-6.35,6.35,-43.17999942779));
#7336 = DIRECTION('',(-2.22044604925E-16,-3.697785493223E-32,1.));
#7337 = DIRECTION('',(-0.707106781187,-0.707106781187,
    -1.570092458684E-16));
#7338 = PCURVE('',#6724,#7339);
#7339 = DEFINITIONAL_REPRESENTATION('',(#7340),#7366);
#7340 = B_SPLINE_CURVE_WITH_KNOTS('',3,(#7341,#7342,#7343,#7344,#7345,
    #7346,#7347,#7348,#7349,#7350,#7351,#7352,#7353,#7354,#7355,#7356,
    #7357,#7358,#7359,#7360,#7361,#7362,#7363,#7364,#7365),
  .UNSPECIFIED.,.F.,.F.,(4,1,1,1,1,1,1,1,1,1,1,1,1,1,1,1,1,1,1,1,1,1,4),
  (5.497787143782,5.569186976818,5.640586809854,5.711986642891,
    5.783386475927,5.854786308963,5.926186141999,5.997585975035,
    6.068985808071,6.140385641107,6.211785474143,6.28318530718,
    6.354585140216,6.425984973252,6.497384806288,6.568784639324,
    6.64018447236,6.711584305396,6.782984138433,6.854383971469,
    6.925783804505,6.997183637541,7.068583470577),
  .QUASI_UNIFORM_KNOTS.);
#7341 = CARTESIAN_POINT('',(-1.70478435972E-15,-9.965781480887E-15));
#7342 = CARTESIAN_POINT('',(-1.70478435972E-15,-2.64330485283E-02));
#7343 = CARTESIAN_POINT('',(-1.70478435972E-15,-7.852521262874E-02));
#7344 = CARTESIAN_POINT('',(-1.70478435972E-15,-0.154606454553));
#7345 = CARTESIAN_POINT('',(-1.70478435972E-15,-0.228904158181));
#7346 = CARTESIAN_POINT('',(-1.70478435972E-15,-0.301661439934));
#7347 = CARTESIAN_POINT('',(-1.70478435972E-15,-0.373106106239));
#7348 = CARTESIAN_POINT('',(-1.70478435972E-15,-0.443450603945));
#7349 = CARTESIAN_POINT('',(-1.70478435972E-15,-0.512895531033));
#7350 = CARTESIAN_POINT('',(-1.70478435972E-15,-0.581631810168));
#7351 = CARTESIAN_POINT('',(-1.70478435972E-15,-0.649842920765));
#7352 = CARTESIAN_POINT('',(-1.70478435972E-15,-0.717706886775));
#7353 = CARTESIAN_POINT('',(-1.70478435972E-15,-0.785398163397));
#7354 = CARTESIAN_POINT('',(-1.70478435972E-15,-0.85308944002));
#7355 = CARTESIAN_POINT('',(-1.70478435972E-15,-0.92095340603));
#7356 = CARTESIAN_POINT('',(-1.70478435972E-15,-0.989164516627));
#7357 = CARTESIAN_POINT('',(-1.70478435972E-15,-1.057900795762));
#7358 = CARTESIAN_POINT('',(-1.70478435972E-15,-1.12734572285));
#7359 = CARTESIAN_POINT('',(-1.70478435972E-15,-1.197690220556));
#7360 = CARTESIAN_POINT('',(-1.70478435972E-15,-1.269134886861));
#7361 = CARTESIAN_POINT('',(-1.70478435972E-15,-1.341892168614));
#7362 = CARTESIAN_POINT('',(-1.70478435972E-15,-1.416189872242));
#7363 = CARTESIAN_POINT('',(-1.70478435972E-15,-1.492271114166));
#7364 = CARTESIAN_POINT('',(-1.70478435972E-15,-1.544363278267));
#7365 = CARTESIAN_POINT('',(-1.70478435972E-15,-1.570796326795));
#7366 = ( GEOMETRIC_REPRESENTATION_CONTEXT(2) 
PARAMETRIC_REPRESENTATION_CONTEXT() REPRESENTATION_CONTEXT('2D SPACE',''
  ) );
#7367 = PCURVE('',#6975,#7368);
#7368 = DEFINITIONAL_REPRESENTATION('',(#7369),#7373);
#7369 = LINE('',#7370,#7371);
#7370 = CARTESIAN_POINT('',(10.995574287564,138.42999942779));
#7371 = VECTOR('',#7372,1.);
#7372 = DIRECTION('',(-1.,0.));
#7373 = ( GEOMETRIC_REPRESENTATION_CONTEXT(2) 
PARAMETRIC_REPRESENTATION_CONTEXT() REPRESENTATION_CONTEXT('2D SPACE',''
  ) );
#7374 = ORIENTED_EDGE('',*,*,#6913,.T.);
#7375 = ADVANCED_FACE('',(#7376),#6779,.T.);
#7376 = FACE_BOUND('',#7377,.T.);
#7377 = EDGE_LOOP('',(#7378,#7379,#7400,#7401));
#7378 = ORIENTED_EDGE('',*,*,#6763,.F.);
#7379 = ORIENTED_EDGE('',*,*,#7380,.F.);
#7380 = EDGE_CURVE('',#7174,#6708,#7381,.T.);
#7381 = SURFACE_CURVE('',#7382,(#7386,#7393),.PCURVE_S1.);
#7382 = LINE('',#7383,#7384);
#7383 = CARTESIAN_POINT('',(-6.35,2.109423746788E-14,95.25));
#7384 = VECTOR('',#7385,1.);
#7385 = DIRECTION('',(-2.22044604925E-16,-2.465190328816E-32,1.));
#7386 = PCURVE('',#6779,#7387);
#7387 = DEFINITIONAL_REPRESENTATION('',(#7388),#7392);
#7388 = LINE('',#7389,#7390);
#7389 = CARTESIAN_POINT('',(-6.35,95.25));
#7390 = VECTOR('',#7391,1.);
#7391 = DIRECTION('',(2.465190328816E-32,1.));
#7392 = ( GEOMETRIC_REPRESENTATION_CONTEXT(2) 
PARAMETRIC_REPRESENTATION_CONTEXT() REPRESENTATION_CONTEXT('2D SPACE',''
  ) );
#7393 = PCURVE('',#6975,#7394);
#7394 = DEFINITIONAL_REPRESENTATION('',(#7395),#7399);
#7395 = LINE('',#7396,#7397);
#7396 = CARTESIAN_POINT('',(3.926990816987,0.));
#7397 = VECTOR('',#7398,1.);
#7398 = DIRECTION('',(0.,-1.));
#7399 = ( GEOMETRIC_REPRESENTATION_CONTEXT(2) 
PARAMETRIC_REPRESENTATION_CONTEXT() REPRESENTATION_CONTEXT('2D SPACE',''
  ) );
#7400 = ORIENTED_EDGE('',*,*,#7252,.T.);
#7401 = ORIENTED_EDGE('',*,*,#7402,.F.);
#7402 = EDGE_CURVE('',#6764,#7225,#7403,.T.);
#7403 = SURFACE_CURVE('',#7404,(#7408,#7415),.PCURVE_S1.);
#7404 = LINE('',#7405,#7406);
#7405 = CARTESIAN_POINT('',(6.35,2.331468351713E-14,-95.25));
#7406 = VECTOR('',#7407,1.);
#7407 = DIRECTION('',(2.22044604925E-16,2.465190328816E-32,-1.));
#7408 = PCURVE('',#6779,#7409);
#7409 = DEFINITIONAL_REPRESENTATION('',(#7410),#7414);
#7410 = LINE('',#7411,#7412);
#7411 = CARTESIAN_POINT('',(6.35,-95.25));
#7412 = VECTOR('',#7413,1.);
#7413 = DIRECTION('',(-2.465190328816E-32,-1.));
#7414 = ( GEOMETRIC_REPRESENTATION_CONTEXT(2) 
PARAMETRIC_REPRESENTATION_CONTEXT() REPRESENTATION_CONTEXT('2D SPACE',''
  ) );
#7415 = PCURVE('',#7032,#7416);
#7416 = DEFINITIONAL_REPRESENTATION('',(#7417),#7421);
#7417 = LINE('',#7418,#7419);
#7418 = CARTESIAN_POINT('',(3.926990816987,0.));
#7419 = VECTOR('',#7420,1.);
#7420 = DIRECTION('',(0.,-1.));
#7421 = ( GEOMETRIC_REPRESENTATION_CONTEXT(2) 
PARAMETRIC_REPRESENTATION_CONTEXT() REPRESENTATION_CONTEXT('2D SPACE',''
  ) );
#7422 = ADVANCED_FACE('',(#7423),#7032,.T.);
#7423 = FACE_BOUND('',#7424,.T.);
#7424 = EDGE_LOOP('',(#7425,#7426,#7427,#7428,#7451,#7506,#7616,#7729));
#7425 = ORIENTED_EDGE('',*,*,#7281,.F.);
#7426 = ORIENTED_EDGE('',*,*,#7402,.T.);
#7427 = ORIENTED_EDGE('',*,*,#7224,.T.);
#7428 = ORIENTED_EDGE('',*,*,#7429,.T.);
#7429 = EDGE_CURVE('',#7202,#7430,#7432,.T.);
#7430 = VERTEX_POINT('',#7431);
#7431 = CARTESIAN_POINT('',(6.35,12.7,-20.01693033409));
#7432 = SURFACE_CURVE('',#7433,(#7437,#7444),.PCURVE_S1.);
#7433 = LINE('',#7434,#7435);
#7434 = CARTESIAN_POINT('',(6.35,12.7,-95.25));
#7435 = VECTOR('',#7436,1.);
#7436 = DIRECTION('',(-2.22044604925E-16,-2.465190328816E-32,1.));
#7437 = PCURVE('',#7032,#7438);
#7438 = DEFINITIONAL_REPRESENTATION('',(#7439),#7443);
#7439 = LINE('',#7440,#7441);
#7440 = CARTESIAN_POINT('',(7.068583470577,0.));
#7441 = VECTOR('',#7442,1.);
#7442 = DIRECTION('',(0.,1.));
#7443 = ( GEOMETRIC_REPRESENTATION_CONTEXT(2) 
PARAMETRIC_REPRESENTATION_CONTEXT() REPRESENTATION_CONTEXT('2D SPACE',''
  ) );
#7444 = PCURVE('',#7156,#7445);
#7445 = DEFINITIONAL_REPRESENTATION('',(#7446),#7450);
#7446 = LINE('',#7447,#7448);
#7447 = CARTESIAN_POINT('',(-95.25,-6.35));
#7448 = VECTOR('',#7449,1.);
#7449 = DIRECTION('',(1.,-2.465190328816E-32));
#7450 = ( GEOMETRIC_REPRESENTATION_CONTEXT(2) 
PARAMETRIC_REPRESENTATION_CONTEXT() REPRESENTATION_CONTEXT('2D SPACE',''
  ) );
#7451 = ORIENTED_EDGE('',*,*,#7452,.F.);
#7452 = EDGE_CURVE('',#7453,#7430,#7455,.T.);
#7453 = VERTEX_POINT('',#7454);
#7454 = CARTESIAN_POINT('',(10.840128060535,10.840128060535,
    -17.98587289044));
#7455 = SURFACE_CURVE('',#7456,(#7469,#7485),.PCURVE_S1.);
#7456 = B_SPLINE_CURVE_WITH_KNOTS('',6,(#7457,#7458,#7459,#7460,#7461,
    #7462,#7463,#7464,#7465,#7466,#7467,#7468),.UNSPECIFIED.,.F.,.F.,(7,
    5,7),(0.,0.620148919206,1.),.UNSPECIFIED.);
#7457 = CARTESIAN_POINT('',(10.840128060535,10.840128060535,
    -17.98587289044));
#7458 = CARTESIAN_POINT('',(10.511806655179,11.16844946589,
    -18.1837529767));
#7459 = CARTESIAN_POINT('',(10.149316978524,11.47332198309,
    -18.39242254959));
#7460 = CARTESIAN_POINT('',(9.752296078597,11.751581908446,
    -18.60875500202));
#7461 = CARTESIAN_POINT('',(9.320298612898,11.998918099099,
    -18.82937991727));
#7462 = CARTESIAN_POINT('',(8.853260362872,12.209595465765,
    -19.05040430216));
#7463 = CARTESIAN_POINT('',(8.045450002281,12.478009469982,
    -19.40058202289));
#7464 = CARTESIAN_POINT('',(7.725429264271,12.563524068857,
    -19.53234177197));
#7465 = CARTESIAN_POINT('',(7.393876193876,12.630284602305,
    -19.6612297377));
#7466 = CARTESIAN_POINT('',(7.052681142657,12.676323640686,
    -19.78575101595));
#7467 = CARTESIAN_POINT('',(6.703960114895,12.7,-19.90464305067));
#7468 = CARTESIAN_POINT('',(6.35,12.7,-20.01693033409));
#7469 = PCURVE('',#7032,#7470);
#7470 = DEFINITIONAL_REPRESENTATION('',(#7471),#7484);
#7471 = B_SPLINE_CURVE_WITH_KNOTS('',6,(#7472,#7473,#7474,#7475,#7476,
    #7477,#7478,#7479,#7480,#7481,#7482,#7483),.UNSPECIFIED.,.F.,.F.,(7,
    5,7),(0.,0.620148919206,1.),.UNSPECIFIED.);
#7472 = CARTESIAN_POINT('',(6.28318530718,77.264127109556));
#7473 = CARTESIAN_POINT('',(6.356306029112,77.066247023293));
#7474 = CARTESIAN_POINT('',(6.430620594923,76.857577450402));
#7475 = CARTESIAN_POINT('',(6.506519618592,76.641244997975));
#7476 = CARTESIAN_POINT('',(6.584395213057,76.420620082728));
#7477 = CARTESIAN_POINT('',(6.664654215016,76.199595697838));
#7478 = CARTESIAN_POINT('',(6.798707214303,75.849417977109));
#7479 = CARTESIAN_POINT('',(6.85077956491,75.717658228021));
#7480 = CARTESIAN_POINT('',(6.90388175775,75.5887702623));
#7481 = CARTESIAN_POINT('',(6.957925024587,75.464248984045));
#7482 = CARTESIAN_POINT('',(7.0128417202,75.345356949323));
#7483 = CARTESIAN_POINT('',(7.068583470577,75.233069665905));
#7484 = ( GEOMETRIC_REPRESENTATION_CONTEXT(2) 
PARAMETRIC_REPRESENTATION_CONTEXT() REPRESENTATION_CONTEXT('2D SPACE',''
  ) );
#7485 = PCURVE('',#7486,#7491);
#7486 = CYLINDRICAL_SURFACE('',#7487,21.);
#7487 = AXIS2_PLACEMENT_3D('',#7488,#7489,#7490);
#7488 = CARTESIAN_POINT('',(0.,-50.,0.));
#7489 = DIRECTION('',(0.,1.,0.));
#7490 = DIRECTION('',(0.,-0.,1.));
#7491 = DEFINITIONAL_REPRESENTATION('',(#7492),#7505);
#7492 = B_SPLINE_CURVE_WITH_KNOTS('',6,(#7493,#7494,#7495,#7496,#7497,
    #7498,#7499,#7500,#7501,#7502,#7503,#7504),.UNSPECIFIED.,.F.,.F.,(7,
    5,7),(0.,0.620148919206,1.),.UNSPECIFIED.);
#7493 = CARTESIAN_POINT('',(2.599188491734,60.840128060535));
#7494 = CARTESIAN_POINT('',(2.617442896586,61.16844946589));
#7495 = CARTESIAN_POINT('',(2.637356028996,61.47332198309));
#7496 = CARTESIAN_POINT('',(2.658876888297,61.751581908446));
#7497 = CARTESIAN_POINT('',(2.681961354133,61.998918099099));
#7498 = CARTESIAN_POINT('',(2.706552614517,62.209595465765));
#7499 = CARTESIAN_POINT('',(2.748478529491,62.478009469982));
#7500 = CARTESIAN_POINT('',(2.76495589485,62.563524068857));
#7501 = CARTESIAN_POINT('',(2.781889987829,62.630284602305));
#7502 = CARTESIAN_POINT('',(2.799179724556,62.676323640686));
#7503 = CARTESIAN_POINT('',(2.816720063613,62.7));
#7504 = CARTESIAN_POINT('',(2.834403100372,62.7));
#7505 = ( GEOMETRIC_REPRESENTATION_CONTEXT(2) 
PARAMETRIC_REPRESENTATION_CONTEXT() REPRESENTATION_CONTEXT('2D SPACE',''
  ) );
#7506 = ORIENTED_EDGE('',*,*,#7507,.F.);
#7507 = EDGE_CURVE('',#7508,#7453,#7510,.T.);
#7508 = VERTEX_POINT('',#7509);
#7509 = CARTESIAN_POINT('',(12.696526613856,6.56,-16.72716987184));
#7510 = SURFACE_CURVE('',#7511,(#7544,#7580),.PCURVE_S1.);
#7511 = B_SPLINE_CURVE_WITH_KNOTS('',7,(#7512,#7513,#7514,#7515,#7516,
    #7517,#7518,#7519,#7520,#7521,#7522,#7523,#7524,#7525,#7526,#7527,
    #7528,#7529,#7530,#7531,#7532,#7533,#7534,#7535,#7536,#7537,#7538,
    #7539,#7540,#7541,#7542,#7543),.UNSPECIFIED.,.F.,.F.,(8,6,6,6,6,8),(
    0.,0.233895976468,0.504444056079,0.652180103623,0.794983520817,1.),
  .UNSPECIFIED.);
#7512 = CARTESIAN_POINT('',(6.35,2.087219286295E-14,-20.01693033409));
#7513 = CARTESIAN_POINT('',(6.967425063032,2.025111753619E-14,
    -19.82106368097));
#7514 = CARTESIAN_POINT('',(7.563938509093,7.003894990779E-02,
    -19.60737603762));
#7515 = CARTESIAN_POINT('',(8.132261869805,0.201579559849,
    -19.38015423391));
#7516 = CARTESIAN_POINT('',(8.667040905294,0.386418373935,
    -19.14469704063));
#7517 = CARTESIAN_POINT('',(9.164321548582,0.616469199027,
    -18.90679021876));
#7518 = CARTESIAN_POINT('',(9.621402031119,0.883669596377,
    -18.67223328051));
#7519 = CARTESIAN_POINT('',(10.51735302061,1.52257909059,-18.18473400392
    ));
#7520 = CARTESIAN_POINT('',(10.94830996917,1.908499096038,
    -17.93131667261));
#7521 = CARTESIAN_POINT('',(11.329448819699,2.330189275625,
    -17.69198095863));
#7522 = CARTESIAN_POINT('',(11.660932194573,2.782083402314,
    -17.47232163639));
#7523 = CARTESIAN_POINT('',(11.942703533211,3.25996719806,
    -17.27753109048));
#7524 = CARTESIAN_POINT('',(12.174132979473,3.760562068881,
    -17.1125597938));
#7525 = CARTESIAN_POINT('',(12.451498981627,4.565448625568,
    -16.91079089436));
#7526 = CARTESIAN_POINT('',(12.533818031239,4.855316405697,
    -16.84990000149));
#7527 = CARTESIAN_POINT('',(12.6000682122,5.149651039833,-16.80025196091
    ));
#7528 = CARTESIAN_POINT('',(12.649961656006,5.447357407311,
    -16.76253019663));
#7529 = CARTESIAN_POINT('',(12.683309090071,5.747358981726,
    -16.73720733529));
#7530 = CARTESIAN_POINT('',(12.7,6.048592178882,-16.72453287838));
#7531 = CARTESIAN_POINT('',(12.7,6.641344377626,-16.72453287838));
#7532 = CARTESIAN_POINT('',(12.684405027139,6.932537892095,
    -16.73637512308));
#7533 = CARTESIAN_POINT('',(12.653243823742,7.222619234552,
    -16.76003783253));
#7534 = CARTESIAN_POINT('',(12.606613604232,7.510621761767,
    -16.79530264714));
#7535 = CARTESIAN_POINT('',(12.544682147854,7.795567953486,
    -16.84175484993));
#7536 = CARTESIAN_POINT('',(12.46770419118,8.076464445841,
    -16.89879351626));
#7537 = CARTESIAN_POINT('',(12.244471341471,8.74829902223,
    -17.06163673912));
#7538 = CARTESIAN_POINT('',(12.082770088205,9.133490887806,
    -17.17777014019));
#7539 = CARTESIAN_POINT('',(11.891641971168,9.506448411031,
    -17.31208479077));
#7540 = CARTESIAN_POINT('',(11.671529557095,9.865583397282,
    -17.46242854763));
#7541 = CARTESIAN_POINT('',(11.422730027506,10.209068280311,
    -17.62649125844));
#7542 = CARTESIAN_POINT('',(11.145495506908,10.534760614161,
    -17.80182720946));
#7543 = CARTESIAN_POINT('',(10.840128060535,10.840128060535,
    -17.98587289044));
#7544 = PCURVE('',#7032,#7545);
#7545 = DEFINITIONAL_REPRESENTATION('',(#7546),#7579);
#7546 = B_SPLINE_CURVE_WITH_KNOTS('',7,(#7547,#7548,#7549,#7550,#7551,
    #7552,#7553,#7554,#7555,#7556,#7557,#7558,#7559,#7560,#7561,#7562,
    #7563,#7564,#7565,#7566,#7567,#7568,#7569,#7570,#7571,#7572,#7573,
    #7574,#7575,#7576,#7577,#7578),.UNSPECIFIED.,.F.,.F.,(8,6,6,6,6,8),(
    0.,0.233895976468,0.504444056079,0.652180103623,0.794983520817,1.),
  .UNSPECIFIED.);
#7547 = CARTESIAN_POINT('',(3.926990816987,75.233069665905));
#7548 = CARTESIAN_POINT('',(4.024223110378,75.428936319024));
#7549 = CARTESIAN_POINT('',(4.118162299159,75.642623962371));
#7550 = CARTESIAN_POINT('',(4.209163097762,75.869845766082));
#7551 = CARTESIAN_POINT('',(4.297428178418,76.105302959364));
#7552 = CARTESIAN_POINT('',(4.383070747215,76.343209781231));
#7553 = CARTESIAN_POINT('',(4.466107887931,76.577766719481));
#7554 = CARTESIAN_POINT('',(4.639403044508,77.065265996075));
#7555 = CARTESIAN_POINT('',(4.729945688048,77.318683327382));
#7556 = CARTESIAN_POINT('',(4.818682653103,77.558019041364));
#7557 = CARTESIAN_POINT('',(4.906132827281,77.777678363605));
#7558 = CARTESIAN_POINT('',(4.992805935908,77.972468909517));
#7559 = CARTESIAN_POINT('',(5.079212466935,78.137440206196));
#7560 = CARTESIAN_POINT('',(5.213281247053,78.339209105635));
#7561 = CARTESIAN_POINT('',(5.260662612183,78.400099998507));
#7562 = CARTESIAN_POINT('',(5.308058076562,78.449748039084));
#7563 = CARTESIAN_POINT('',(5.355463995254,78.48746980337));
#7564 = CARTESIAN_POINT('',(5.402883062765,78.512792664704));
#7565 = CARTESIAN_POINT('',(5.450321345181,78.52546712162));
#7566 = CARTESIAN_POINT('',(5.543668148133,78.52546712162));
#7567 = CARTESIAN_POINT('',(5.589525381372,78.513624876911));
#7568 = CARTESIAN_POINT('',(5.635365278748,78.489962167469));
#7569 = CARTESIAN_POINT('',(5.681192468762,78.454697352857));
#7570 = CARTESIAN_POINT('',(5.727008670332,78.408245150061));
#7571 = CARTESIAN_POINT('',(5.772810126793,78.351206483731));
#7572 = CARTESIAN_POINT('',(5.884298471561,78.188363260874));
#7573 = CARTESIAN_POINT('',(5.949893696741,78.072229859803));
#7574 = CARTESIAN_POINT('',(6.01558495542,77.937915209227));
#7575 = CARTESIAN_POINT('',(6.081569893186,77.787571452365));
#7576 = CARTESIAN_POINT('',(6.148037437153,77.623508741553));
#7577 = CARTESIAN_POINT('',(6.215176679751,77.44817279054));
#7578 = CARTESIAN_POINT('',(6.28318530718,77.264127109556));
#7579 = ( GEOMETRIC_REPRESENTATION_CONTEXT(2) 
PARAMETRIC_REPRESENTATION_CONTEXT() REPRESENTATION_CONTEXT('2D SPACE',''
  ) );
#7580 = PCURVE('',#7486,#7581);
#7581 = DEFINITIONAL_REPRESENTATION('',(#7582),#7615);
#7582 = B_SPLINE_CURVE_WITH_KNOTS('',7,(#7583,#7584,#7585,#7586,#7587,
    #7588,#7589,#7590,#7591,#7592,#7593,#7594,#7595,#7596,#7597,#7598,
    #7599,#7600,#7601,#7602,#7603,#7604,#7605,#7606,#7607,#7608,#7609,
    #7610,#7611,#7612,#7613,#7614),.UNSPECIFIED.,.F.,.F.,(8,6,6,6,6,8),(
    0.,0.233895976468,0.504444056079,0.652180103623,0.794983520817,1.),
  .UNSPECIFIED.);
#7583 = CARTESIAN_POINT('',(2.834403100372,50.));
#7584 = CARTESIAN_POINT('',(2.803557958148,50.));
#7585 = CARTESIAN_POINT('',(2.773405384972,50.070038949908));
#7586 = CARTESIAN_POINT('',(2.744289544626,50.201579559849));
#7587 = CARTESIAN_POINT('',(2.716491514141,50.386418373935));
#7588 = CARTESIAN_POINT('',(2.690257972646,50.616469199027));
#7589 = CARTESIAN_POINT('',(2.66580082235,50.883669596377));
#7590 = CARTESIAN_POINT('',(2.617229773793,51.52257909059));
#7591 = CARTESIAN_POINT('',(2.593436076091,51.908499096038));
#7592 = CARTESIAN_POINT('',(2.572017771309,52.330189275624));
#7593 = CARTESIAN_POINT('',(2.553089104735,52.782083402314));
#7594 = CARTESIAN_POINT('',(2.536780140167,53.25996719806));
#7595 = CARTESIAN_POINT('',(2.523246972475,53.760562068881));
#7596 = CARTESIAN_POINT('',(2.506914084245,54.565448625568));
#7597 = CARTESIAN_POINT('',(2.502038429527,54.855316405697));
#7598 = CARTESIAN_POINT('',(2.498096176561,55.149651039833));
#7599 = CARTESIAN_POINT('',(2.495117698437,55.447357407311));
#7600 = CARTESIAN_POINT('',(2.493123770224,55.747358981726));
#7601 = CARTESIAN_POINT('',(2.492125782125,56.048592178882));
#7602 = CARTESIAN_POINT('',(2.492125782125,56.641344377626));
#7603 = CARTESIAN_POINT('',(2.49305824185,56.932537892095));
#7604 = CARTESIAN_POINT('',(2.494921448951,57.222619234552));
#7605 = CARTESIAN_POINT('',(2.497705417586,57.510621761767));
#7606 = CARTESIAN_POINT('',(2.501391852353,57.795567953486));
#7607 = CARTESIAN_POINT('',(2.505953970755,58.076464445841));
#7608 = CARTESIAN_POINT('',(2.519111900382,58.74829902223));
#7609 = CARTESIAN_POINT('',(2.528591805607,59.133490887806));
#7610 = CARTESIAN_POINT('',(2.539714801301,59.506448411031));
#7611 = CARTESIAN_POINT('',(2.552405692196,59.865583397282));
#7612 = CARTESIAN_POINT('',(2.566593602286,60.209068280311));
#7613 = CARTESIAN_POINT('',(2.582210308454,60.534760614161));
#7614 = CARTESIAN_POINT('',(2.599188491734,60.840128060535));
#7615 = ( GEOMETRIC_REPRESENTATION_CONTEXT(2) 
PARAMETRIC_REPRESENTATION_CONTEXT() REPRESENTATION_CONTEXT('2D SPACE',''
  ) );
#7616 = ORIENTED_EDGE('',*,*,#7617,.F.);
#7617 = EDGE_CURVE('',#6988,#7508,#7618,.T.);
#7618 = SURFACE_CURVE('',#7619,(#7652,#7688),.PCURVE_S1.);
#7619 = B_SPLINE_CURVE_WITH_KNOTS('',7,(#7620,#7621,#7622,#7623,#7624,
    #7625,#7626,#7627,#7628,#7629,#7630,#7631,#7632,#7633,#7634,#7635,
    #7636,#7637,#7638,#7639,#7640,#7641,#7642,#7643,#7644,#7645,#7646,
    #7647,#7648,#7649,#7650,#7651),.UNSPECIFIED.,.F.,.F.,(8,6,6,6,6,8),(
    0.,0.233895976468,0.504444056079,0.652180103623,0.794983520817,1.),
  .UNSPECIFIED.);
#7620 = CARTESIAN_POINT('',(6.35,2.087219286295E-14,-20.01693033409));
#7621 = CARTESIAN_POINT('',(6.967425063032,2.025111753619E-14,
    -19.82106368097));
#7622 = CARTESIAN_POINT('',(7.563938509093,7.003894990779E-02,
    -19.60737603762));
#7623 = CARTESIAN_POINT('',(8.132261869805,0.201579559849,
    -19.38015423391));
#7624 = CARTESIAN_POINT('',(8.667040905294,0.386418373935,
    -19.14469704063));
#7625 = CARTESIAN_POINT('',(9.164321548582,0.616469199027,
    -18.90679021876));
#7626 = CARTESIAN_POINT('',(9.621402031119,0.883669596377,
    -18.67223328051));
#7627 = CARTESIAN_POINT('',(10.51735302061,1.52257909059,-18.18473400392
    ));
#7628 = CARTESIAN_POINT('',(10.94830996917,1.908499096038,
    -17.93131667261));
#7629 = CARTESIAN_POINT('',(11.329448819699,2.330189275625,
    -17.69198095863));
#7630 = CARTESIAN_POINT('',(11.660932194573,2.782083402314,
    -17.47232163639));
#7631 = CARTESIAN_POINT('',(11.942703533211,3.25996719806,
    -17.27753109048));
#7632 = CARTESIAN_POINT('',(12.174132979473,3.760562068881,
    -17.1125597938));
#7633 = CARTESIAN_POINT('',(12.451498981627,4.565448625568,
    -16.91079089436));
#7634 = CARTESIAN_POINT('',(12.533818031239,4.855316405697,
    -16.84990000149));
#7635 = CARTESIAN_POINT('',(12.6000682122,5.149651039833,-16.80025196091
    ));
#7636 = CARTESIAN_POINT('',(12.649961656006,5.447357407311,
    -16.76253019663));
#7637 = CARTESIAN_POINT('',(12.683309090071,5.747358981726,
    -16.73720733529));
#7638 = CARTESIAN_POINT('',(12.7,6.048592178882,-16.72453287838));
#7639 = CARTESIAN_POINT('',(12.7,6.641344377626,-16.72453287838));
#7640 = CARTESIAN_POINT('',(12.684405027139,6.932537892095,
    -16.73637512308));
#7641 = CARTESIAN_POINT('',(12.653243823742,7.222619234552,
    -16.76003783253));
#7642 = CARTESIAN_POINT('',(12.606613604232,7.510621761767,
    -16.79530264714));
#7643 = CARTESIAN_POINT('',(12.544682147854,7.795567953486,
    -16.84175484993));
#7644 = CARTESIAN_POINT('',(12.46770419118,8.076464445841,
    -16.89879351626));
#7645 = CARTESIAN_POINT('',(12.244471341471,8.74829902223,
    -17.06163673912));
#7646 = CARTESIAN_POINT('',(12.082770088205,9.133490887806,
    -17.17777014019));
#7647 = CARTESIAN_POINT('',(11.891641971168,9.506448411031,
    -17.31208479077));
#7648 = CARTESIAN_POINT('',(11.671529557095,9.865583397282,
    -17.46242854763));
#7649 = CARTESIAN_POINT('',(11.422730027506,10.209068280311,
    -17.62649125844));
#7650 = CARTESIAN_POINT('',(11.145495506908,10.534760614161,
    -17.80182720946));
#7651 = CARTESIAN_POINT('',(10.840128060535,10.840128060535,
    -17.98587289044));
#7652 = PCURVE('',#7032,#7653);
#7653 = DEFINITIONAL_REPRESENTATION('',(#7654),#7687);
#7654 = B_SPLINE_CURVE_WITH_KNOTS('',7,(#7655,#7656,#7657,#7658,#7659,
    #7660,#7661,#7662,#7663,#7664,#7665,#7666,#7667,#7668,#7669,#7670,
    #7671,#7672,#7673,#7674,#7675,#7676,#7677,#7678,#7679,#7680,#7681,
    #7682,#7683,#7684,#7685,#7686),.UNSPECIFIED.,.F.,.F.,(8,6,6,6,6,8),(
    0.,0.233895976468,0.504444056079,0.652180103623,0.794983520817,1.),
  .UNSPECIFIED.);
#7655 = CARTESIAN_POINT('',(3.926990816987,75.233069665905));
#7656 = CARTESIAN_POINT('',(4.024223110378,75.428936319024));
#7657 = CARTESIAN_POINT('',(4.118162299159,75.642623962371));
#7658 = CARTESIAN_POINT('',(4.209163097762,75.869845766082));
#7659 = CARTESIAN_POINT('',(4.297428178418,76.105302959364));
#7660 = CARTESIAN_POINT('',(4.383070747215,76.343209781231));
#7661 = CARTESIAN_POINT('',(4.466107887931,76.577766719481));
#7662 = CARTESIAN_POINT('',(4.639403044508,77.065265996075));
#7663 = CARTESIAN_POINT('',(4.729945688048,77.318683327382));
#7664 = CARTESIAN_POINT('',(4.818682653103,77.558019041364));
#7665 = CARTESIAN_POINT('',(4.906132827281,77.777678363605));
#7666 = CARTESIAN_POINT('',(4.992805935908,77.972468909517));
#7667 = CARTESIAN_POINT('',(5.079212466935,78.137440206196));
#7668 = CARTESIAN_POINT('',(5.213281247053,78.339209105635));
#7669 = CARTESIAN_POINT('',(5.260662612183,78.400099998507));
#7670 = CARTESIAN_POINT('',(5.308058076562,78.449748039084));
#7671 = CARTESIAN_POINT('',(5.355463995254,78.48746980337));
#7672 = CARTESIAN_POINT('',(5.402883062765,78.512792664704));
#7673 = CARTESIAN_POINT('',(5.450321345181,78.52546712162));
#7674 = CARTESIAN_POINT('',(5.543668148133,78.52546712162));
#7675 = CARTESIAN_POINT('',(5.589525381372,78.513624876911));
#7676 = CARTESIAN_POINT('',(5.635365278748,78.489962167469));
#7677 = CARTESIAN_POINT('',(5.681192468762,78.454697352857));
#7678 = CARTESIAN_POINT('',(5.727008670332,78.408245150061));
#7679 = CARTESIAN_POINT('',(5.772810126793,78.351206483731));
#7680 = CARTESIAN_POINT('',(5.884298471561,78.188363260874));
#7681 = CARTESIAN_POINT('',(5.949893696741,78.072229859803));
#7682 = CARTESIAN_POINT('',(6.01558495542,77.937915209227));
#7683 = CARTESIAN_POINT('',(6.081569893186,77.787571452365));
#7684 = CARTESIAN_POINT('',(6.148037437153,77.623508741553));
#7685 = CARTESIAN_POINT('',(6.215176679751,77.44817279054));
#7686 = CARTESIAN_POINT('',(6.28318530718,77.264127109556));
#7687 = ( GEOMETRIC_REPRESENTATION_CONTEXT(2) 
PARAMETRIC_REPRESENTATION_CONTEXT() REPRESENTATION_CONTEXT('2D SPACE',''
  ) );
#7688 = PCURVE('',#7689,#7694);
#7689 = CYLINDRICAL_SURFACE('',#7690,6.35);
#7690 = AXIS2_PLACEMENT_3D('',#7691,#7692,#7693);
#7691 = CARTESIAN_POINT('',(6.35,6.35,-95.25));
#7692 = DIRECTION('',(-2.22044604925E-16,-2.465190328816E-32,1.));
#7693 = DIRECTION('',(0.707106781187,0.707106781187,1.570092458684E-16)
  );
#7694 = DEFINITIONAL_REPRESENTATION('',(#7695),#7728);
#7695 = B_SPLINE_CURVE_WITH_KNOTS('',7,(#7696,#7697,#7698,#7699,#7700,
    #7701,#7702,#7703,#7704,#7705,#7706,#7707,#7708,#7709,#7710,#7711,
    #7712,#7713,#7714,#7715,#7716,#7717,#7718,#7719,#7720,#7721,#7722,
    #7723,#7724,#7725,#7726,#7727),.UNSPECIFIED.,.F.,.F.,(8,6,6,6,6,8),(
    0.,0.233895976468,0.504444056079,0.652180103623,0.794983520817,1.),
  .UNSPECIFIED.);
#7696 = CARTESIAN_POINT('',(3.926990816987,75.233069665905));
#7697 = CARTESIAN_POINT('',(4.024223110378,75.428936319024));
#7698 = CARTESIAN_POINT('',(4.118162299159,75.642623962371));
#7699 = CARTESIAN_POINT('',(4.209163097762,75.869845766082));
#7700 = CARTESIAN_POINT('',(4.297428178418,76.105302959364));
#7701 = CARTESIAN_POINT('',(4.383070747215,76.343209781231));
#7702 = CARTESIAN_POINT('',(4.466107887931,76.577766719481));
#7703 = CARTESIAN_POINT('',(4.639403044508,77.065265996075));
#7704 = CARTESIAN_POINT('',(4.729945688048,77.318683327382));
#7705 = CARTESIAN_POINT('',(4.818682653103,77.558019041364));
#7706 = CARTESIAN_POINT('',(4.906132827281,77.777678363605));
#7707 = CARTESIAN_POINT('',(4.992805935908,77.972468909517));
#7708 = CARTESIAN_POINT('',(5.079212466935,78.137440206196));
#7709 = CARTESIAN_POINT('',(5.213281247053,78.339209105635));
#7710 = CARTESIAN_POINT('',(5.260662612183,78.400099998507));
#7711 = CARTESIAN_POINT('',(5.308058076562,78.449748039084));
#7712 = CARTESIAN_POINT('',(5.355463995254,78.48746980337));
#7713 = CARTESIAN_POINT('',(5.402883062765,78.512792664704));
#7714 = CARTESIAN_POINT('',(5.450321345181,78.52546712162));
#7715 = CARTESIAN_POINT('',(5.543668148133,78.52546712162));
#7716 = CARTESIAN_POINT('',(5.589525381372,78.513624876911));
#7717 = CARTESIAN_POINT('',(5.635365278748,78.489962167469));
#7718 = CARTESIAN_POINT('',(5.681192468762,78.454697352857));
#7719 = CARTESIAN_POINT('',(5.727008670332,78.408245150061));
#7720 = CARTESIAN_POINT('',(5.772810126793,78.351206483731));
#7721 = CARTESIAN_POINT('',(5.884298471561,78.188363260874));
#7722 = CARTESIAN_POINT('',(5.949893696741,78.072229859803));
#7723 = CARTESIAN_POINT('',(6.01558495542,77.937915209227));
#7724 = CARTESIAN_POINT('',(6.081569893186,77.787571452365));
#7725 = CARTESIAN_POINT('',(6.148037437153,77.623508741553));
#7726 = CARTESIAN_POINT('',(6.215176679751,77.44817279054));
#7727 = CARTESIAN_POINT('',(6.28318530718,77.264127109556));
#7728 = ( GEOMETRIC_REPRESENTATION_CONTEXT(2) 
PARAMETRIC_REPRESENTATION_CONTEXT() REPRESENTATION_CONTEXT('2D SPACE',''
  ) );
#7729 = ORIENTED_EDGE('',*,*,#7016,.F.);
#7730 = ADVANCED_FACE('',(#7731,#7836),#7004,.F.);
#7731 = FACE_BOUND('',#7732,.F.);
#7732 = EDGE_LOOP('',(#7733,#7734,#7762,#7791,#7815));
#7733 = ORIENTED_EDGE('',*,*,#6987,.T.);
#7734 = ORIENTED_EDGE('',*,*,#7735,.F.);
#7735 = EDGE_CURVE('',#7736,#6960,#7738,.T.);
#7736 = VERTEX_POINT('',#7737);
#7737 = CARTESIAN_POINT('',(-12.7,6.35,16.72453287838));
#7738 = SURFACE_CURVE('',#7739,(#7743,#7750),.PCURVE_S1.);
#7739 = LINE('',#7740,#7741);
#7740 = CARTESIAN_POINT('',(-12.7,6.35,95.25));
#7741 = VECTOR('',#7742,1.);
#7742 = DIRECTION('',(2.22044604925E-16,2.465190328816E-32,-1.));
#7743 = PCURVE('',#7004,#7744);
#7744 = DEFINITIONAL_REPRESENTATION('',(#7745),#7749);
#7745 = LINE('',#7746,#7747);
#7746 = CARTESIAN_POINT('',(12.7,95.25));
#7747 = VECTOR('',#7748,1.);
#7748 = DIRECTION('',(2.465190328816E-32,-1.));
#7749 = ( GEOMETRIC_REPRESENTATION_CONTEXT(2) 
PARAMETRIC_REPRESENTATION_CONTEXT() REPRESENTATION_CONTEXT('2D SPACE',''
  ) );
#7750 = PCURVE('',#7751,#7756);
#7751 = CYLINDRICAL_SURFACE('',#7752,6.35);
#7752 = AXIS2_PLACEMENT_3D('',#7753,#7754,#7755);
#7753 = CARTESIAN_POINT('',(-6.35,6.35,95.25));
#7754 = DIRECTION('',(2.22044604925E-16,2.465190328816E-32,-1.));
#7755 = DIRECTION('',(-0.707106781187,0.707106781187,-1.570092458684E-16
    ));
#7756 = DEFINITIONAL_REPRESENTATION('',(#7757),#7761);
#7757 = LINE('',#7758,#7759);
#7758 = CARTESIAN_POINT('',(5.497787143782,0.));
#7759 = VECTOR('',#7760,1.);
#7760 = DIRECTION('',(0.,1.));
#7761 = ( GEOMETRIC_REPRESENTATION_CONTEXT(2) 
PARAMETRIC_REPRESENTATION_CONTEXT() REPRESENTATION_CONTEXT('2D SPACE',''
  ) );
#7762 = ORIENTED_EDGE('',*,*,#7763,.T.);
#7763 = EDGE_CURVE('',#7736,#7764,#7766,.T.);
#7764 = VERTEX_POINT('',#7765);
#7765 = CARTESIAN_POINT('',(-5.143516556419E-15,6.35,21.));
#7766 = SURFACE_CURVE('',#7767,(#7772,#7779),.PCURVE_S1.);
#7767 = CIRCLE('',#7768,21.);
#7768 = AXIS2_PLACEMENT_3D('',#7769,#7770,#7771);
#7769 = CARTESIAN_POINT('',(0.,6.35,0.));
#7770 = DIRECTION('',(0.,1.,0.));
#7771 = DIRECTION('',(0.,-0.,1.));
#7772 = PCURVE('',#7004,#7773);
#7773 = DEFINITIONAL_REPRESENTATION('',(#7774),#7778);
#7774 = CIRCLE('',#7775,21.);
#7775 = AXIS2_PLACEMENT_2D('',#7776,#7777);
#7776 = CARTESIAN_POINT('',(-1.254502557804E-14,-2.801688808699E-30));
#7777 = DIRECTION('',(-2.22044604925E-16,1.));
#7778 = ( GEOMETRIC_REPRESENTATION_CONTEXT(2) 
PARAMETRIC_REPRESENTATION_CONTEXT() REPRESENTATION_CONTEXT('2D SPACE',''
  ) );
#7779 = PCURVE('',#7780,#7785);
#7780 = PLANE('',#7781);
#7781 = AXIS2_PLACEMENT_3D('',#7782,#7783,#7784);
#7782 = CARTESIAN_POINT('',(-1.254502557804E-14,6.35,1.613356044796E-32)
  );
#7783 = DIRECTION('',(-1.224646799147E-16,1.,-2.540718180781E-33));
#7784 = DIRECTION('',(-1.,-1.224646799147E-16,-2.22044604925E-16));
#7785 = DEFINITIONAL_REPRESENTATION('',(#7786),#7790);
#7786 = CIRCLE('',#7787,21.);
#7787 = AXIS2_PLACEMENT_2D('',#7788,#7789);
#7788 = CARTESIAN_POINT('',(-1.254502557804E-14,-2.801688808699E-30));
#7789 = DIRECTION('',(-2.22044604925E-16,1.));
#7790 = ( GEOMETRIC_REPRESENTATION_CONTEXT(2) 
PARAMETRIC_REPRESENTATION_CONTEXT() REPRESENTATION_CONTEXT('2D SPACE',''
  ) );
#7791 = ORIENTED_EDGE('',*,*,#7792,.T.);
#7792 = EDGE_CURVE('',#7764,#7793,#7795,.T.);
#7793 = VERTEX_POINT('',#7794);
#7794 = CARTESIAN_POINT('',(12.7,6.35,16.72453287838));
#7795 = SURFACE_CURVE('',#7796,(#7801,#7808),.PCURVE_S1.);
#7796 = CIRCLE('',#7797,21.);
#7797 = AXIS2_PLACEMENT_3D('',#7798,#7799,#7800);
#7798 = CARTESIAN_POINT('',(0.,6.35,0.));
#7799 = DIRECTION('',(0.,1.,0.));
#7800 = DIRECTION('',(0.,-0.,1.));
#7801 = PCURVE('',#7004,#7802);
#7802 = DEFINITIONAL_REPRESENTATION('',(#7803),#7807);
#7803 = CIRCLE('',#7804,21.);
#7804 = AXIS2_PLACEMENT_2D('',#7805,#7806);
#7805 = CARTESIAN_POINT('',(-1.254502557804E-14,-2.801688808699E-30));
#7806 = DIRECTION('',(-2.22044604925E-16,1.));
#7807 = ( GEOMETRIC_REPRESENTATION_CONTEXT(2) 
PARAMETRIC_REPRESENTATION_CONTEXT() REPRESENTATION_CONTEXT('2D SPACE',''
  ) );
#7808 = PCURVE('',#7780,#7809);
#7809 = DEFINITIONAL_REPRESENTATION('',(#7810),#7814);
#7810 = CIRCLE('',#7811,21.);
#7811 = AXIS2_PLACEMENT_2D('',#7812,#7813);
#7812 = CARTESIAN_POINT('',(-1.254502557804E-14,-2.801688808699E-30));
#7813 = DIRECTION('',(-2.22044604925E-16,1.));
#7814 = ( GEOMETRIC_REPRESENTATION_CONTEXT(2) 
PARAMETRIC_REPRESENTATION_CONTEXT() REPRESENTATION_CONTEXT('2D SPACE',''
  ) );
#7815 = ORIENTED_EDGE('',*,*,#7816,.F.);
#7816 = EDGE_CURVE('',#6988,#7793,#7817,.T.);
#7817 = SURFACE_CURVE('',#7818,(#7822,#7829),.PCURVE_S1.);
#7818 = LINE('',#7819,#7820);
#7819 = CARTESIAN_POINT('',(12.7,6.35,-95.25));
#7820 = VECTOR('',#7821,1.);
#7821 = DIRECTION('',(-2.22044604925E-16,-2.465190328816E-32,1.));
#7822 = PCURVE('',#7004,#7823);
#7823 = DEFINITIONAL_REPRESENTATION('',(#7824),#7828);
#7824 = LINE('',#7825,#7826);
#7825 = CARTESIAN_POINT('',(-12.7,-95.25));
#7826 = VECTOR('',#7827,1.);
#7827 = DIRECTION('',(-2.465190328816E-32,1.));
#7828 = ( GEOMETRIC_REPRESENTATION_CONTEXT(2) 
PARAMETRIC_REPRESENTATION_CONTEXT() REPRESENTATION_CONTEXT('2D SPACE',''
  ) );
#7829 = PCURVE('',#7689,#7830);
#7830 = DEFINITIONAL_REPRESENTATION('',(#7831),#7835);
#7831 = LINE('',#7832,#7833);
#7832 = CARTESIAN_POINT('',(5.497787143782,0.));
#7833 = VECTOR('',#7834,1.);
#7834 = DIRECTION('',(0.,1.));
#7835 = ( GEOMETRIC_REPRESENTATION_CONTEXT(2) 
PARAMETRIC_REPRESENTATION_CONTEXT() REPRESENTATION_CONTEXT('2D SPACE',''
  ) );
#7836 = FACE_BOUND('',#7837,.F.);
#7837 = EDGE_LOOP('',(#7838));
#7838 = ORIENTED_EDGE('',*,*,#7839,.F.);
#7839 = EDGE_CURVE('',#7840,#7840,#7842,.T.);
#7840 = VERTEX_POINT('',#7841);
#7841 = CARTESIAN_POINT('',(-6.477,6.35,2.203186973082E-15));
#7842 = SURFACE_CURVE('',#7843,(#7848,#7855),.PCURVE_S1.);
#7843 = CIRCLE('',#7844,6.477);
#7844 = AXIS2_PLACEMENT_3D('',#7845,#7846,#7847);
#7845 = CARTESIAN_POINT('',(0.,6.35,1.409983241274E-15));
#7846 = DIRECTION('',(-1.224646799147E-16,1.,-2.540718180781E-33));
#7847 = DIRECTION('',(1.,1.224646799147E-16,-3.111482387629E-49));
#7848 = PCURVE('',#7004,#7849);
#7849 = DEFINITIONAL_REPRESENTATION('',(#7850),#7854);
#7850 = CIRCLE('',#7851,6.477);
#7851 = AXIS2_PLACEMENT_2D('',#7852,#7853);
#7852 = CARTESIAN_POINT('',(-1.254502557804E-14,1.409983241274E-15));
#7853 = DIRECTION('',(-1.,-2.22044604925E-16));
#7854 = ( GEOMETRIC_REPRESENTATION_CONTEXT(2) 
PARAMETRIC_REPRESENTATION_CONTEXT() REPRESENTATION_CONTEXT('2D SPACE',''
  ) );
#7855 = PCURVE('',#7856,#7861);
#7856 = CYLINDRICAL_SURFACE('',#7857,6.477);
#7857 = AXIS2_PLACEMENT_3D('',#7858,#7859,#7860);
#7858 = CARTESIAN_POINT('',(0.,6.35,1.409983241274E-15));
#7859 = DIRECTION('',(0.,1.,2.22044604925E-16));
#7860 = DIRECTION('',(1.,0.,0.));
#7861 = DEFINITIONAL_REPRESENTATION('',(#7862),#7866);
#7862 = LINE('',#7863,#7864);
#7863 = CARTESIAN_POINT('',(0.,1.95399252334E-14));
#7864 = VECTOR('',#7865,1.);
#7865 = DIRECTION('',(1.,0.));
#7866 = ( GEOMETRIC_REPRESENTATION_CONTEXT(2) 
PARAMETRIC_REPRESENTATION_CONTEXT() REPRESENTATION_CONTEXT('2D SPACE',''
  ) );
#7867 = ADVANCED_FACE('',(#7868),#6975,.T.);
#7868 = FACE_BOUND('',#7869,.T.);
#7869 = EDGE_LOOP('',(#7870,#7871,#7981,#8091,#8141,#8162,#8163,#8164));
#7870 = ORIENTED_EDGE('',*,*,#6959,.F.);
#7871 = ORIENTED_EDGE('',*,*,#7872,.T.);
#7872 = EDGE_CURVE('',#6960,#7873,#7875,.T.);
#7873 = VERTEX_POINT('',#7874);
#7874 = CARTESIAN_POINT('',(-12.69652661385,6.56,-16.72716987184));
#7875 = SURFACE_CURVE('',#7876,(#7909,#7945),.PCURVE_S1.);
#7876 = B_SPLINE_CURVE_WITH_KNOTS('',7,(#7877,#7878,#7879,#7880,#7881,
    #7882,#7883,#7884,#7885,#7886,#7887,#7888,#7889,#7890,#7891,#7892,
    #7893,#7894,#7895,#7896,#7897,#7898,#7899,#7900,#7901,#7902,#7903,
    #7904,#7905,#7906,#7907,#7908),.UNSPECIFIED.,.F.,.F.,(8,6,6,6,6,8),(
    0.,0.233895456441,0.5044429345,0.652175247652,0.79498065852,1.),
  .UNSPECIFIED.);
#7877 = CARTESIAN_POINT('',(-6.35,2.087219286295E-14,-20.01693033409));
#7878 = CARTESIAN_POINT('',(-6.967425062964,2.051092745894E-14,
    -19.82106368099));
#7879 = CARTESIAN_POINT('',(-7.563938509081,7.003894989227E-02,
    -19.60737603763));
#7880 = CARTESIAN_POINT('',(-8.13226186986,0.201579559855,
    -19.38015423389));
#7881 = CARTESIAN_POINT('',(-8.667040905345,0.386418373963,
    -19.1446970406));
#7882 = CARTESIAN_POINT('',(-9.164321548575,0.616469199037,
    -18.90679021876));
#7883 = CARTESIAN_POINT('',(-9.621402031064,0.883669596337,
    -18.67223328054));
#7884 = CARTESIAN_POINT('',(-10.51735302061,1.52257909059,
    -18.18473400392));
#7885 = CARTESIAN_POINT('',(-10.94830996917,1.908499096039,
    -17.93131667261));
#7886 = CARTESIAN_POINT('',(-11.32944881969,2.330189275624,
    -17.69198095863));
#7887 = CARTESIAN_POINT('',(-11.66093219457,2.782083402315,
    -17.47232163639));
#7888 = CARTESIAN_POINT('',(-11.94270353321,3.25996719806,
    -17.27753109048));
#7889 = CARTESIAN_POINT('',(-12.17413297947,3.760562068882,
    -17.1125597938));
#7890 = CARTESIAN_POINT('',(-12.45149672315,4.565442071711,
    -16.91079253728));
#7891 = CARTESIAN_POINT('',(-12.53381712238,4.855311431444,
    -16.84990071016));
#7892 = CARTESIAN_POINT('',(-12.60006922815,5.149652331222,
    -16.80025121395));
#7893 = CARTESIAN_POINT('',(-12.64996354502,5.44736603886,
    -16.76252876188));
#7894 = CARTESIAN_POINT('',(-12.68331038914,5.747372367894,
    -16.73720635003));
#7895 = CARTESIAN_POINT('',(-12.7,6.048604005487,-16.72453287838));
#7896 = CARTESIAN_POINT('',(-12.7,6.641344377625,-16.72453287838));
#7897 = CARTESIAN_POINT('',(-12.68440502713,6.932537892095,
    -16.73637512308));
#7898 = CARTESIAN_POINT('',(-12.65324382374,7.222619234553,
    -16.76003783253));
#7899 = CARTESIAN_POINT('',(-12.60661360423,7.510621761767,
    -16.79530264714));
#7900 = CARTESIAN_POINT('',(-12.54468214785,7.795567953486,
    -16.84175484993));
#7901 = CARTESIAN_POINT('',(-12.46770419118,8.076464445842,
    -16.89879351626));
#7902 = CARTESIAN_POINT('',(-12.24447134142,8.748299022364,
    -17.06163673915));
#7903 = CARTESIAN_POINT('',(-12.08277008818,9.133490887814,
    -17.17777014021));
#7904 = CARTESIAN_POINT('',(-11.8916419712,9.506448410929,
    -17.31208479074));
#7905 = CARTESIAN_POINT('',(-11.67152955716,9.865583397193,
    -17.46242854758));
#7906 = CARTESIAN_POINT('',(-11.42273002751,10.209068280329,
    -17.62649125844));
#7907 = CARTESIAN_POINT('',(-11.1454955068,10.534760614264,
    -17.80182720952));
#7908 = CARTESIAN_POINT('',(-10.84012806053,10.840128060535,
    -17.98587289044));
#7909 = PCURVE('',#6975,#7910);
#7910 = DEFINITIONAL_REPRESENTATION('',(#7911),#7944);
#7911 = B_SPLINE_CURVE_WITH_KNOTS('',7,(#7912,#7913,#7914,#7915,#7916,
    #7917,#7918,#7919,#7920,#7921,#7922,#7923,#7924,#7925,#7926,#7927,
    #7928,#7929,#7930,#7931,#7932,#7933,#7934,#7935,#7936,#7937,#7938,
    #7939,#7940,#7941,#7942,#7943),.UNSPECIFIED.,.F.,.F.,(8,6,6,6,6,8),(
    0.,0.233895456441,0.5044429345,0.652175247652,0.79498065852,1.),
  .UNSPECIFIED.);
#7912 = CARTESIAN_POINT('',(3.926990816987,115.26693033409));
#7913 = CARTESIAN_POINT('',(4.024223110367,115.07106368099));
#7914 = CARTESIAN_POINT('',(4.118162299157,114.85737603763));
#7915 = CARTESIAN_POINT('',(4.20916309777,114.6301542339));
#7916 = CARTESIAN_POINT('',(4.297428178427,114.3946970406));
#7917 = CARTESIAN_POINT('',(4.383070747215,114.15679021876));
#7918 = CARTESIAN_POINT('',(4.46610788792,113.92223328054));
#7919 = CARTESIAN_POINT('',(4.639403044508,113.43473400392));
#7920 = CARTESIAN_POINT('',(4.729945688048,113.18131667261));
#7921 = CARTESIAN_POINT('',(4.818682653103,112.94198095863));
#7922 = CARTESIAN_POINT('',(4.906132827281,112.72232163639));
#7923 = CARTESIAN_POINT('',(4.992805935908,112.52753109048));
#7924 = CARTESIAN_POINT('',(5.079212466935,112.3625597938));
#7925 = CARTESIAN_POINT('',(5.213280155387,112.16079253728));
#7926 = CARTESIAN_POINT('',(5.260661823793,112.09990071016));
#7927 = CARTESIAN_POINT('',(5.308058310708,112.05025121395));
#7928 = CARTESIAN_POINT('',(5.35546537541,112.01252876188));
#7929 = CARTESIAN_POINT('',(5.402885169099,111.98720635003));
#7930 = CARTESIAN_POINT('',(5.450323207638,111.97453287838));
#7931 = CARTESIAN_POINT('',(5.543668148133,111.97453287838));
#7932 = CARTESIAN_POINT('',(5.589525381372,111.98637512308));
#7933 = CARTESIAN_POINT('',(5.635365278748,112.01003783253));
#7934 = CARTESIAN_POINT('',(5.681192468762,112.04530264714));
#7935 = CARTESIAN_POINT('',(5.727008670332,112.09175484993));
#7936 = CARTESIAN_POINT('',(5.772810126793,112.14879351626));
#7937 = CARTESIAN_POINT('',(5.884298471583,112.31163673915));
#7938 = CARTESIAN_POINT('',(5.949893696743,112.42777014021));
#7939 = CARTESIAN_POINT('',(6.015584955403,112.56208479074));
#7940 = CARTESIAN_POINT('',(6.081569893168,112.71242854758));
#7941 = CARTESIAN_POINT('',(6.148037437154,112.87649125844));
#7942 = CARTESIAN_POINT('',(6.215176679774,113.05182720952));
#7943 = CARTESIAN_POINT('',(6.28318530718,113.23587289044));
#7944 = ( GEOMETRIC_REPRESENTATION_CONTEXT(2) 
PARAMETRIC_REPRESENTATION_CONTEXT() REPRESENTATION_CONTEXT('2D SPACE',''
  ) );
#7945 = PCURVE('',#7751,#7946);
#7946 = DEFINITIONAL_REPRESENTATION('',(#7947),#7980);
#7947 = B_SPLINE_CURVE_WITH_KNOTS('',7,(#7948,#7949,#7950,#7951,#7952,
    #7953,#7954,#7955,#7956,#7957,#7958,#7959,#7960,#7961,#7962,#7963,
    #7964,#7965,#7966,#7967,#7968,#7969,#7970,#7971,#7972,#7973,#7974,
    #7975,#7976,#7977,#7978,#7979),.UNSPECIFIED.,.F.,.F.,(8,6,6,6,6,8),(
    0.,0.233895456441,0.5044429345,0.652175247652,0.79498065852,1.),
  .UNSPECIFIED.);
#7948 = CARTESIAN_POINT('',(3.926990816987,115.26693033409));
#7949 = CARTESIAN_POINT('',(4.024223110367,115.07106368099));
#7950 = CARTESIAN_POINT('',(4.118162299157,114.85737603763));
#7951 = CARTESIAN_POINT('',(4.20916309777,114.6301542339));
#7952 = CARTESIAN_POINT('',(4.297428178427,114.3946970406));
#7953 = CARTESIAN_POINT('',(4.383070747215,114.15679021876));
#7954 = CARTESIAN_POINT('',(4.46610788792,113.92223328054));
#7955 = CARTESIAN_POINT('',(4.639403044508,113.43473400392));
#7956 = CARTESIAN_POINT('',(4.729945688048,113.18131667261));
#7957 = CARTESIAN_POINT('',(4.818682653103,112.94198095863));
#7958 = CARTESIAN_POINT('',(4.906132827281,112.72232163639));
#7959 = CARTESIAN_POINT('',(4.992805935908,112.52753109048));
#7960 = CARTESIAN_POINT('',(5.079212466935,112.3625597938));
#7961 = CARTESIAN_POINT('',(5.213280155387,112.16079253728));
#7962 = CARTESIAN_POINT('',(5.260661823793,112.09990071016));
#7963 = CARTESIAN_POINT('',(5.308058310708,112.05025121395));
#7964 = CARTESIAN_POINT('',(5.35546537541,112.01252876188));
#7965 = CARTESIAN_POINT('',(5.402885169099,111.98720635003));
#7966 = CARTESIAN_POINT('',(5.450323207638,111.97453287838));
#7967 = CARTESIAN_POINT('',(5.543668148133,111.97453287838));
#7968 = CARTESIAN_POINT('',(5.589525381372,111.98637512308));
#7969 = CARTESIAN_POINT('',(5.635365278748,112.01003783253));
#7970 = CARTESIAN_POINT('',(5.681192468762,112.04530264714));
#7971 = CARTESIAN_POINT('',(5.727008670332,112.09175484993));
#7972 = CARTESIAN_POINT('',(5.772810126793,112.14879351626));
#7973 = CARTESIAN_POINT('',(5.884298471583,112.31163673915));
#7974 = CARTESIAN_POINT('',(5.949893696743,112.42777014021));
#7975 = CARTESIAN_POINT('',(6.015584955403,112.56208479074));
#7976 = CARTESIAN_POINT('',(6.081569893168,112.71242854758));
#7977 = CARTESIAN_POINT('',(6.148037437154,112.87649125844));
#7978 = CARTESIAN_POINT('',(6.215176679774,113.05182720952));
#7979 = CARTESIAN_POINT('',(6.28318530718,113.23587289044));
#7980 = ( GEOMETRIC_REPRESENTATION_CONTEXT(2) 
PARAMETRIC_REPRESENTATION_CONTEXT() REPRESENTATION_CONTEXT('2D SPACE',''
  ) );
#7981 = ORIENTED_EDGE('',*,*,#7982,.T.);
#7982 = EDGE_CURVE('',#7873,#7983,#7985,.T.);
#7983 = VERTEX_POINT('',#7984);
#7984 = CARTESIAN_POINT('',(-10.84012806053,10.840128060535,
    -17.98587289044));
#7985 = SURFACE_CURVE('',#7986,(#8019,#8055),.PCURVE_S1.);
#7986 = B_SPLINE_CURVE_WITH_KNOTS('',7,(#7987,#7988,#7989,#7990,#7991,
    #7992,#7993,#7994,#7995,#7996,#7997,#7998,#7999,#8000,#8001,#8002,
    #8003,#8004,#8005,#8006,#8007,#8008,#8009,#8010,#8011,#8012,#8013,
    #8014,#8015,#8016,#8017,#8018),.UNSPECIFIED.,.F.,.F.,(8,6,6,6,6,8),(
    0.,0.233895456441,0.5044429345,0.652175247652,0.79498065852,1.),
  .UNSPECIFIED.);
#7987 = CARTESIAN_POINT('',(-6.35,2.087219286295E-14,-20.01693033409));
#7988 = CARTESIAN_POINT('',(-6.967425062964,2.051092745894E-14,
    -19.82106368099));
#7989 = CARTESIAN_POINT('',(-7.563938509081,7.003894989227E-02,
    -19.60737603763));
#7990 = CARTESIAN_POINT('',(-8.13226186986,0.201579559855,
    -19.38015423389));
#7991 = CARTESIAN_POINT('',(-8.667040905345,0.386418373963,
    -19.1446970406));
#7992 = CARTESIAN_POINT('',(-9.164321548575,0.616469199037,
    -18.90679021876));
#7993 = CARTESIAN_POINT('',(-9.621402031064,0.883669596337,
    -18.67223328054));
#7994 = CARTESIAN_POINT('',(-10.51735302061,1.52257909059,
    -18.18473400392));
#7995 = CARTESIAN_POINT('',(-10.94830996917,1.908499096039,
    -17.93131667261));
#7996 = CARTESIAN_POINT('',(-11.32944881969,2.330189275624,
    -17.69198095863));
#7997 = CARTESIAN_POINT('',(-11.66093219457,2.782083402315,
    -17.47232163639));
#7998 = CARTESIAN_POINT('',(-11.94270353321,3.25996719806,
    -17.27753109048));
#7999 = CARTESIAN_POINT('',(-12.17413297947,3.760562068882,
    -17.1125597938));
#8000 = CARTESIAN_POINT('',(-12.45149672315,4.565442071711,
    -16.91079253728));
#8001 = CARTESIAN_POINT('',(-12.53381712238,4.855311431444,
    -16.84990071016));
#8002 = CARTESIAN_POINT('',(-12.60006922815,5.149652331222,
    -16.80025121395));
#8003 = CARTESIAN_POINT('',(-12.64996354502,5.44736603886,
    -16.76252876188));
#8004 = CARTESIAN_POINT('',(-12.68331038914,5.747372367894,
    -16.73720635003));
#8005 = CARTESIAN_POINT('',(-12.7,6.048604005487,-16.72453287838));
#8006 = CARTESIAN_POINT('',(-12.7,6.641344377625,-16.72453287838));
#8007 = CARTESIAN_POINT('',(-12.68440502713,6.932537892095,
    -16.73637512308));
#8008 = CARTESIAN_POINT('',(-12.65324382374,7.222619234553,
    -16.76003783253));
#8009 = CARTESIAN_POINT('',(-12.60661360423,7.510621761767,
    -16.79530264714));
#8010 = CARTESIAN_POINT('',(-12.54468214785,7.795567953486,
    -16.84175484993));
#8011 = CARTESIAN_POINT('',(-12.46770419118,8.076464445842,
    -16.89879351626));
#8012 = CARTESIAN_POINT('',(-12.24447134142,8.748299022364,
    -17.06163673915));
#8013 = CARTESIAN_POINT('',(-12.08277008818,9.133490887814,
    -17.17777014021));
#8014 = CARTESIAN_POINT('',(-11.8916419712,9.506448410929,
    -17.31208479074));
#8015 = CARTESIAN_POINT('',(-11.67152955716,9.865583397193,
    -17.46242854758));
#8016 = CARTESIAN_POINT('',(-11.42273002751,10.209068280329,
    -17.62649125844));
#8017 = CARTESIAN_POINT('',(-11.1454955068,10.534760614264,
    -17.80182720952));
#8018 = CARTESIAN_POINT('',(-10.84012806053,10.840128060535,
    -17.98587289044));
#8019 = PCURVE('',#6975,#8020);
#8020 = DEFINITIONAL_REPRESENTATION('',(#8021),#8054);
#8021 = B_SPLINE_CURVE_WITH_KNOTS('',7,(#8022,#8023,#8024,#8025,#8026,
    #8027,#8028,#8029,#8030,#8031,#8032,#8033,#8034,#8035,#8036,#8037,
    #8038,#8039,#8040,#8041,#8042,#8043,#8044,#8045,#8046,#8047,#8048,
    #8049,#8050,#8051,#8052,#8053),.UNSPECIFIED.,.F.,.F.,(8,6,6,6,6,8),(
    0.,0.233895456441,0.5044429345,0.652175247652,0.79498065852,1.),
  .UNSPECIFIED.);
#8022 = CARTESIAN_POINT('',(3.926990816987,115.26693033409));
#8023 = CARTESIAN_POINT('',(4.024223110367,115.07106368099));
#8024 = CARTESIAN_POINT('',(4.118162299157,114.85737603763));
#8025 = CARTESIAN_POINT('',(4.20916309777,114.6301542339));
#8026 = CARTESIAN_POINT('',(4.297428178427,114.3946970406));
#8027 = CARTESIAN_POINT('',(4.383070747215,114.15679021876));
#8028 = CARTESIAN_POINT('',(4.46610788792,113.92223328054));
#8029 = CARTESIAN_POINT('',(4.639403044508,113.43473400392));
#8030 = CARTESIAN_POINT('',(4.729945688048,113.18131667261));
#8031 = CARTESIAN_POINT('',(4.818682653103,112.94198095863));
#8032 = CARTESIAN_POINT('',(4.906132827281,112.72232163639));
#8033 = CARTESIAN_POINT('',(4.992805935908,112.52753109048));
#8034 = CARTESIAN_POINT('',(5.079212466935,112.3625597938));
#8035 = CARTESIAN_POINT('',(5.213280155387,112.16079253728));
#8036 = CARTESIAN_POINT('',(5.260661823793,112.09990071016));
#8037 = CARTESIAN_POINT('',(5.308058310708,112.05025121395));
#8038 = CARTESIAN_POINT('',(5.35546537541,112.01252876188));
#8039 = CARTESIAN_POINT('',(5.402885169099,111.98720635003));
#8040 = CARTESIAN_POINT('',(5.450323207638,111.97453287838));
#8041 = CARTESIAN_POINT('',(5.543668148133,111.97453287838));
#8042 = CARTESIAN_POINT('',(5.589525381372,111.98637512308));
#8043 = CARTESIAN_POINT('',(5.635365278748,112.01003783253));
#8044 = CARTESIAN_POINT('',(5.681192468762,112.04530264714));
#8045 = CARTESIAN_POINT('',(5.727008670332,112.09175484993));
#8046 = CARTESIAN_POINT('',(5.772810126793,112.14879351626));
#8047 = CARTESIAN_POINT('',(5.884298471583,112.31163673915));
#8048 = CARTESIAN_POINT('',(5.949893696743,112.42777014021));
#8049 = CARTESIAN_POINT('',(6.015584955403,112.56208479074));
#8050 = CARTESIAN_POINT('',(6.081569893168,112.71242854758));
#8051 = CARTESIAN_POINT('',(6.148037437154,112.87649125844));
#8052 = CARTESIAN_POINT('',(6.215176679774,113.05182720952));
#8053 = CARTESIAN_POINT('',(6.28318530718,113.23587289044));
#8054 = ( GEOMETRIC_REPRESENTATION_CONTEXT(2) 
PARAMETRIC_REPRESENTATION_CONTEXT() REPRESENTATION_CONTEXT('2D SPACE',''
  ) );
#8055 = PCURVE('',#7486,#8056);
#8056 = DEFINITIONAL_REPRESENTATION('',(#8057),#8090);
#8057 = B_SPLINE_CURVE_WITH_KNOTS('',7,(#8058,#8059,#8060,#8061,#8062,
    #8063,#8064,#8065,#8066,#8067,#8068,#8069,#8070,#8071,#8072,#8073,
    #8074,#8075,#8076,#8077,#8078,#8079,#8080,#8081,#8082,#8083,#8084,
    #8085,#8086,#8087,#8088,#8089),.UNSPECIFIED.,.F.,.F.,(8,6,6,6,6,8),(
    0.,0.233895456441,0.5044429345,0.652175247652,0.79498065852,1.),
  .UNSPECIFIED.);
#8058 = CARTESIAN_POINT('',(3.448782206808,50.));
#8059 = CARTESIAN_POINT('',(3.479627349028,50.));
#8060 = CARTESIAN_POINT('',(3.509779922207,50.070038949892));
#8061 = CARTESIAN_POINT('',(3.538895762556,50.201579559855));
#8062 = CARTESIAN_POINT('',(3.566693793042,50.386418373963));
#8063 = CARTESIAN_POINT('',(3.592927334534,50.616469199037));
#8064 = CARTESIAN_POINT('',(3.617384484827,50.883669596337));
#8065 = CARTESIAN_POINT('',(3.665955533387,51.52257909059));
#8066 = CARTESIAN_POINT('',(3.689749231089,51.908499096039));
#8067 = CARTESIAN_POINT('',(3.71116753587,52.330189275624));
#8068 = CARTESIAN_POINT('',(3.730096202444,52.782083402315));
#8069 = CARTESIAN_POINT('',(3.746405167013,53.25996719806));
#8070 = CARTESIAN_POINT('',(3.759938334705,53.760562068882));
#8071 = CARTESIAN_POINT('',(3.776271089943,54.565442071711));
#8072 = CARTESIAN_POINT('',(3.78114682271,54.855311431444));
#8073 = CARTESIAN_POINT('',(3.785089190766,55.149652331222));
#8074 = CARTESIAN_POINT('',(3.788067721758,55.44736603886));
#8075 = CARTESIAN_POINT('',(3.790061614457,55.747372367894));
#8076 = CARTESIAN_POINT('',(3.791059525055,56.048604005487));
#8077 = CARTESIAN_POINT('',(3.791059525055,56.641344377625));
#8078 = CARTESIAN_POINT('',(3.79012706533,56.932537892095));
#8079 = CARTESIAN_POINT('',(3.788263858229,57.222619234553));
#8080 = CARTESIAN_POINT('',(3.785479889594,57.510621761767));
#8081 = CARTESIAN_POINT('',(3.781793454826,57.795567953486));
#8082 = CARTESIAN_POINT('',(3.777231336425,58.076464445842));
#8083 = CARTESIAN_POINT('',(3.764073406795,58.748299022364));
#8084 = CARTESIAN_POINT('',(3.754593501572,59.133490887814));
#8085 = CARTESIAN_POINT('',(3.743470505881,59.506448410929));
#8086 = CARTESIAN_POINT('',(3.730779614988,59.865583397193));
#8087 = CARTESIAN_POINT('',(3.716591704894,60.209068280329));
#8088 = CARTESIAN_POINT('',(3.70097499872,60.534760614264));
#8089 = CARTESIAN_POINT('',(3.683996815446,60.840128060535));
#8090 = ( GEOMETRIC_REPRESENTATION_CONTEXT(2) 
PARAMETRIC_REPRESENTATION_CONTEXT() REPRESENTATION_CONTEXT('2D SPACE',''
  ) );
#8091 = ORIENTED_EDGE('',*,*,#8092,.T.);
#8092 = EDGE_CURVE('',#7983,#8093,#8095,.T.);
#8093 = VERTEX_POINT('',#8094);
#8094 = CARTESIAN_POINT('',(-6.35,12.7,-20.01693033409));
#8095 = SURFACE_CURVE('',#8096,(#8109,#8125),.PCURVE_S1.);
#8096 = B_SPLINE_CURVE_WITH_KNOTS('',6,(#8097,#8098,#8099,#8100,#8101,
    #8102,#8103,#8104,#8105,#8106,#8107,#8108),.UNSPECIFIED.,.F.,.F.,(7,
    5,7),(0.,0.620148919206,1.),.UNSPECIFIED.);
#8097 = CARTESIAN_POINT('',(-10.84012806053,10.840128060535,
    -17.98587289044));
#8098 = CARTESIAN_POINT('',(-10.51180665517,11.16844946589,
    -18.1837529767));
#8099 = CARTESIAN_POINT('',(-10.14931697852,11.473321983091,
    -18.39242254959));
#8100 = CARTESIAN_POINT('',(-9.752296078598,11.751581908446,
    -18.60875500202));
#8101 = CARTESIAN_POINT('',(-9.320298612897,11.998918099099,
    -18.82937991727));
#8102 = CARTESIAN_POINT('',(-8.853260362872,12.209595465766,
    -19.05040430216));
#8103 = CARTESIAN_POINT('',(-8.04545000228,12.478009469982,
    -19.40058202289));
#8104 = CARTESIAN_POINT('',(-7.725429264269,12.563524068858,
    -19.53234177197));
#8105 = CARTESIAN_POINT('',(-7.393876193875,12.630284602305,
    -19.6612297377));
#8106 = CARTESIAN_POINT('',(-7.052681142655,12.676323640686,
    -19.78575101595));
#8107 = CARTESIAN_POINT('',(-6.703960114893,12.7,-19.90464305067));
#8108 = CARTESIAN_POINT('',(-6.349999999997,12.7,-20.01693033409));
#8109 = PCURVE('',#6975,#8110);
#8110 = DEFINITIONAL_REPRESENTATION('',(#8111),#8124);
#8111 = B_SPLINE_CURVE_WITH_KNOTS('',6,(#8112,#8113,#8114,#8115,#8116,
    #8117,#8118,#8119,#8120,#8121,#8122,#8123),.UNSPECIFIED.,.F.,.F.,(7,
    5,7),(0.,0.620148919206,1.),.UNSPECIFIED.);
#8112 = CARTESIAN_POINT('',(6.28318530718,113.23587289044));
#8113 = CARTESIAN_POINT('',(6.356306029112,113.4337529767));
#8114 = CARTESIAN_POINT('',(6.430620594923,113.64242254959));
#8115 = CARTESIAN_POINT('',(6.506519618592,113.85875500202));
#8116 = CARTESIAN_POINT('',(6.584395213057,114.07937991727));
#8117 = CARTESIAN_POINT('',(6.664654215017,114.30040430216));
#8118 = CARTESIAN_POINT('',(6.798707214303,114.65058202289));
#8119 = CARTESIAN_POINT('',(6.850779564911,114.78234177197));
#8120 = CARTESIAN_POINT('',(6.90388175775,114.9112297377));
#8121 = CARTESIAN_POINT('',(6.957925024587,115.03575101595));
#8122 = CARTESIAN_POINT('',(7.0128417202,115.15464305067));
#8123 = CARTESIAN_POINT('',(7.068583470577,115.26693033409));
#8124 = ( GEOMETRIC_REPRESENTATION_CONTEXT(2) 
PARAMETRIC_REPRESENTATION_CONTEXT() REPRESENTATION_CONTEXT('2D SPACE',''
  ) );
#8125 = PCURVE('',#7486,#8126);
#8126 = DEFINITIONAL_REPRESENTATION('',(#8127),#8140);
#8127 = B_SPLINE_CURVE_WITH_KNOTS('',6,(#8128,#8129,#8130,#8131,#8132,
    #8133,#8134,#8135,#8136,#8137,#8138,#8139),.UNSPECIFIED.,.F.,.F.,(7,
    5,7),(0.,0.620148919206,1.),.UNSPECIFIED.);
#8128 = CARTESIAN_POINT('',(3.683996815446,60.840128060535));
#8129 = CARTESIAN_POINT('',(3.665742410594,61.16844946589));
#8130 = CARTESIAN_POINT('',(3.645829278183,61.473321983091));
#8131 = CARTESIAN_POINT('',(3.624308418882,61.751581908446));
#8132 = CARTESIAN_POINT('',(3.601223953047,61.998918099099));
#8133 = CARTESIAN_POINT('',(3.576632692663,62.209595465766));
#8134 = CARTESIAN_POINT('',(3.534706777689,62.478009469982));
#8135 = CARTESIAN_POINT('',(3.518229412329,62.563524068858));
#8136 = CARTESIAN_POINT('',(3.50129531935,62.630284602305));
#8137 = CARTESIAN_POINT('',(3.484005582624,62.676323640686));
#8138 = CARTESIAN_POINT('',(3.466465243566,62.7));
#8139 = CARTESIAN_POINT('',(3.448782206808,62.7));
#8140 = ( GEOMETRIC_REPRESENTATION_CONTEXT(2) 
PARAMETRIC_REPRESENTATION_CONTEXT() REPRESENTATION_CONTEXT('2D SPACE',''
  ) );
#8141 = ORIENTED_EDGE('',*,*,#8142,.T.);
#8142 = EDGE_CURVE('',#8093,#7172,#8143,.T.);
#8143 = SURFACE_CURVE('',#8144,(#8148,#8155),.PCURVE_S1.);
#8144 = LINE('',#8145,#8146);
#8145 = CARTESIAN_POINT('',(-6.35,12.7,95.25));
#8146 = VECTOR('',#8147,1.);
#8147 = DIRECTION('',(2.22044604925E-16,2.465190328816E-32,-1.));
#8148 = PCURVE('',#6975,#8149);
#8149 = DEFINITIONAL_REPRESENTATION('',(#8150),#8154);
#8150 = LINE('',#8151,#8152);
#8151 = CARTESIAN_POINT('',(7.068583470577,0.));
#8152 = VECTOR('',#8153,1.);
#8153 = DIRECTION('',(0.,1.));
#8154 = ( GEOMETRIC_REPRESENTATION_CONTEXT(2) 
PARAMETRIC_REPRESENTATION_CONTEXT() REPRESENTATION_CONTEXT('2D SPACE',''
  ) );
#8155 = PCURVE('',#7156,#8156);
#8156 = DEFINITIONAL_REPRESENTATION('',(#8157),#8161);
#8157 = LINE('',#8158,#8159);
#8158 = CARTESIAN_POINT('',(95.25,6.35));
#8159 = VECTOR('',#8160,1.);
#8160 = DIRECTION('',(-1.,2.465190328816E-32));
#8161 = ( GEOMETRIC_REPRESENTATION_CONTEXT(2) 
PARAMETRIC_REPRESENTATION_CONTEXT() REPRESENTATION_CONTEXT('2D SPACE',''
  ) );
#8162 = ORIENTED_EDGE('',*,*,#7171,.T.);
#8163 = ORIENTED_EDGE('',*,*,#7380,.T.);
#8164 = ORIENTED_EDGE('',*,*,#7331,.F.);
#8165 = ADVANCED_FACE('',(#8166,#8197),#7156,.F.);
#8166 = FACE_BOUND('',#8167,.F.);
#8167 = EDGE_LOOP('',(#8168,#8194,#8195,#8196));
#8168 = ORIENTED_EDGE('',*,*,#8169,.T.);
#8169 = EDGE_CURVE('',#7430,#8093,#8170,.T.);
#8170 = SURFACE_CURVE('',#8171,(#8176,#8187),.PCURVE_S1.);
#8171 = CIRCLE('',#8172,21.);
#8172 = AXIS2_PLACEMENT_3D('',#8173,#8174,#8175);
#8173 = CARTESIAN_POINT('',(0.,12.7,0.));
#8174 = DIRECTION('',(0.,1.,0.));
#8175 = DIRECTION('',(0.,-0.,1.));
#8176 = PCURVE('',#7156,#8177);
#8177 = DEFINITIONAL_REPRESENTATION('',(#8178),#8186);
#8178 = ( BOUNDED_CURVE() B_SPLINE_CURVE(2,(#8179,#8180,#8181,#8182,
#8183,#8184,#8185),.UNSPECIFIED.,.T.,.F.) B_SPLINE_CURVE_WITH_KNOTS((1,2
    ,2,2,2,1),(-2.094395102393,0.,2.094395102393,4.188790204786,
6.28318530718,8.377580409573),.UNSPECIFIED.) CURVE() 
GEOMETRIC_REPRESENTATION_ITEM() RATIONAL_B_SPLINE_CURVE((1.,0.5,1.,0.5,
1.,0.5,1.)) REPRESENTATION_ITEM('') );
#8179 = CARTESIAN_POINT('',(21.,-1.798561299893E-14));
#8180 = CARTESIAN_POINT('',(21.,-36.37306695894));
#8181 = CARTESIAN_POINT('',(-10.5,-18.18653347947));
#8182 = CARTESIAN_POINT('',(-42.,-9.140319445069E-15));
#8183 = CARTESIAN_POINT('',(-10.5,18.186533479473));
#8184 = CARTESIAN_POINT('',(21.,36.373066958946));
#8185 = CARTESIAN_POINT('',(21.,-1.798561299893E-14));
#8186 = ( GEOMETRIC_REPRESENTATION_CONTEXT(2) 
PARAMETRIC_REPRESENTATION_CONTEXT() REPRESENTATION_CONTEXT('2D SPACE',''
  ) );
#8187 = PCURVE('',#7486,#8188);
#8188 = DEFINITIONAL_REPRESENTATION('',(#8189),#8193);
#8189 = LINE('',#8190,#8191);
#8190 = CARTESIAN_POINT('',(0.,62.7));
#8191 = VECTOR('',#8192,1.);
#8192 = DIRECTION('',(1.,0.));
#8193 = ( GEOMETRIC_REPRESENTATION_CONTEXT(2) 
PARAMETRIC_REPRESENTATION_CONTEXT() REPRESENTATION_CONTEXT('2D SPACE',''
  ) );
#8194 = ORIENTED_EDGE('',*,*,#8142,.T.);
#8195 = ORIENTED_EDGE('',*,*,#7201,.T.);
#8196 = ORIENTED_EDGE('',*,*,#7429,.T.);
#8197 = FACE_BOUND('',#8198,.F.);
#8198 = EDGE_LOOP('',(#8199));
#8199 = ORIENTED_EDGE('',*,*,#7141,.F.);
#8200 = ADVANCED_FACE('',(#8201),#7689,.T.);
#8201 = FACE_BOUND('',#8202,.T.);
#8202 = EDGE_LOOP('',(#8203,#8204,#8205,#8231));
#8203 = ORIENTED_EDGE('',*,*,#7816,.F.);
#8204 = ORIENTED_EDGE('',*,*,#7617,.T.);
#8205 = ORIENTED_EDGE('',*,*,#8206,.T.);
#8206 = EDGE_CURVE('',#7508,#8207,#8209,.T.);
#8207 = VERTEX_POINT('',#8208);
#8208 = CARTESIAN_POINT('',(12.696526613856,6.56,16.727169871844));
#8209 = SURFACE_CURVE('',#8210,(#8214,#8220),.PCURVE_S1.);
#8210 = LINE('',#8211,#8212);
#8211 = CARTESIAN_POINT('',(12.696526609099,6.56,-95.25));
#8212 = VECTOR('',#8213,1.);
#8213 = DIRECTION('',(-2.22044604925E-16,-2.465190328816E-32,1.));
#8214 = PCURVE('',#7689,#8215);
#8215 = DEFINITIONAL_REPRESENTATION('',(#8216),#8219);
#8216 = B_SPLINE_CURVE_WITH_KNOTS('',1,(#8217,#8218),.UNSPECIFIED.,.F.,
  .F.,(2,2),(75.233069065905,115.26693093409),.PIECEWISE_BEZIER_KNOTS.);
#8217 = CARTESIAN_POINT('',(5.530864041062,75.233069065905));
#8218 = CARTESIAN_POINT('',(5.530864041062,115.26693093409));
#8219 = ( GEOMETRIC_REPRESENTATION_CONTEXT(2) 
PARAMETRIC_REPRESENTATION_CONTEXT() REPRESENTATION_CONTEXT('2D SPACE',''
  ) );
#8220 = PCURVE('',#8221,#8226);
#8221 = PLANE('',#8222);
#8222 = AXIS2_PLACEMENT_3D('',#8223,#8224,#8225);
#8223 = CARTESIAN_POINT('',(-250.,6.56,-250.));
#8224 = DIRECTION('',(-0.,1.,0.));
#8225 = DIRECTION('',(0.,0.,1.));
#8226 = DEFINITIONAL_REPRESENTATION('',(#8227),#8230);
#8227 = B_SPLINE_CURVE_WITH_KNOTS('',1,(#8228,#8229),.UNSPECIFIED.,.F.,
  .F.,(2,2),(75.233069065905,115.26693093409),.PIECEWISE_BEZIER_KNOTS.);
#8228 = CARTESIAN_POINT('',(229.9830690659,262.69652660909));
#8229 = CARTESIAN_POINT('',(270.01693093409,262.69652660909));
#8230 = ( GEOMETRIC_REPRESENTATION_CONTEXT(2) 
PARAMETRIC_REPRESENTATION_CONTEXT() REPRESENTATION_CONTEXT('2D SPACE',''
  ) );
#8231 = ORIENTED_EDGE('',*,*,#8232,.F.);
#8232 = EDGE_CURVE('',#7793,#8207,#8233,.T.);
#8233 = SURFACE_CURVE('',#8234,(#8267,#8303),.PCURVE_S1.);
#8234 = B_SPLINE_CURVE_WITH_KNOTS('',7,(#8235,#8236,#8237,#8238,#8239,
    #8240,#8241,#8242,#8243,#8244,#8245,#8246,#8247,#8248,#8249,#8250,
    #8251,#8252,#8253,#8254,#8255,#8256,#8257,#8258,#8259,#8260,#8261,
    #8262,#8263,#8264,#8265,#8266),.UNSPECIFIED.,.F.,.F.,(8,6,6,6,6,8),(
    0.,0.233895976486,0.504444056069,0.652180103598,0.794983520777,1.),
  .UNSPECIFIED.);
#8235 = CARTESIAN_POINT('',(6.35,2.087219286295E-14,20.016930334095));
#8236 = CARTESIAN_POINT('',(6.967425062942,2.059728708363E-14,
    19.821063681004));
#8237 = CARTESIAN_POINT('',(7.563938509079,7.003894988746E-02,
    19.607376037641));
#8238 = CARTESIAN_POINT('',(8.132261869874,0.201579559856,
    19.380154233894));
#8239 = CARTESIAN_POINT('',(8.667040905363,0.386418373973,
    19.144697040599));
#8240 = CARTESIAN_POINT('',(9.164321548571,0.61646919904,18.90679021877)
  );
#8241 = CARTESIAN_POINT('',(9.621402031046,0.883669596324,
    18.672233280559));
#8242 = CARTESIAN_POINT('',(10.51735302061,1.52257909059,18.184734003925
    ));
#8243 = CARTESIAN_POINT('',(10.94830996917,1.908499096038,
    17.931316672618));
#8244 = CARTESIAN_POINT('',(11.329448819699,2.330189275625,
    17.691980958636));
#8245 = CARTESIAN_POINT('',(11.660932194573,2.782083402314,
    17.472321636395));
#8246 = CARTESIAN_POINT('',(11.942703533211,3.25996719806,
    17.277531090483));
#8247 = CARTESIAN_POINT('',(12.174132979473,3.760562068881,
    17.112559793804));
#8248 = CARTESIAN_POINT('',(12.451498981627,4.565448625568,
    16.910790894365));
#8249 = CARTESIAN_POINT('',(12.533818031239,4.855316405697,
    16.849900001493));
#8250 = CARTESIAN_POINT('',(12.6000682122,5.149651039833,16.800251960916
    ));
#8251 = CARTESIAN_POINT('',(12.649961656006,5.44735740731,16.76253019663
    ));
#8252 = CARTESIAN_POINT('',(12.683309090071,5.747358981726,
    16.737207335296));
#8253 = CARTESIAN_POINT('',(12.7,6.048592178882,16.72453287838));
#8254 = CARTESIAN_POINT('',(12.7,6.641344377626,16.72453287838));
#8255 = CARTESIAN_POINT('',(12.684405027139,6.932537892095,
    16.736375123089));
#8256 = CARTESIAN_POINT('',(12.653243823742,7.222619234553,
    16.760037832531));
#8257 = CARTESIAN_POINT('',(12.606613604231,7.510621761767,
    16.795302647143));
#8258 = CARTESIAN_POINT('',(12.544682147854,7.795567953485,
    16.841754849939));
#8259 = CARTESIAN_POINT('',(12.46770419118,8.076464445841,
    16.898793516269));
#8260 = CARTESIAN_POINT('',(12.244471341431,8.748299022349,
    17.061636739155));
#8261 = CARTESIAN_POINT('',(12.082770088183,9.133490887813,
    17.177770140213));
#8262 = CARTESIAN_POINT('',(11.891641971205,9.50644841094,
    17.312084790745));
#8263 = CARTESIAN_POINT('',(11.671529557162,9.865583397202,
    17.462428547591));
#8264 = CARTESIAN_POINT('',(11.422730027517,10.209068280328,
    17.626491258445));
#8265 = CARTESIAN_POINT('',(11.145495506817,10.534760614253,
    17.801827209516));
#8266 = CARTESIAN_POINT('',(10.840128060535,10.840128060535,
    17.985872890444));
#8267 = PCURVE('',#7689,#8268);
#8268 = DEFINITIONAL_REPRESENTATION('',(#8269),#8302);
#8269 = B_SPLINE_CURVE_WITH_KNOTS('',7,(#8270,#8271,#8272,#8273,#8274,
    #8275,#8276,#8277,#8278,#8279,#8280,#8281,#8282,#8283,#8284,#8285,
    #8286,#8287,#8288,#8289,#8290,#8291,#8292,#8293,#8294,#8295,#8296,
    #8297,#8298,#8299,#8300,#8301),.UNSPECIFIED.,.F.,.F.,(8,6,6,6,6,8),(
    0.,0.233895976486,0.504444056069,0.652180103598,0.794983520777,1.),
  .UNSPECIFIED.);
#8270 = CARTESIAN_POINT('',(3.926990816987,115.26693033409));
#8271 = CARTESIAN_POINT('',(4.024223110364,115.071063681));
#8272 = CARTESIAN_POINT('',(4.118162299157,114.85737603764));
#8273 = CARTESIAN_POINT('',(4.209163097772,114.63015423389));
#8274 = CARTESIAN_POINT('',(4.29742817843,114.39469704059));
#8275 = CARTESIAN_POINT('',(4.383070747215,114.15679021877));
#8276 = CARTESIAN_POINT('',(4.466107887917,113.92223328055));
#8277 = CARTESIAN_POINT('',(4.639403044508,113.43473400392));
#8278 = CARTESIAN_POINT('',(4.729945688048,113.18131667261));
#8279 = CARTESIAN_POINT('',(4.818682653103,112.94198095863));
#8280 = CARTESIAN_POINT('',(4.906132827281,112.72232163639));
#8281 = CARTESIAN_POINT('',(4.992805935908,112.52753109048));
#8282 = CARTESIAN_POINT('',(5.079212466935,112.3625597938));
#8283 = CARTESIAN_POINT('',(5.213281247053,112.16079089436));
#8284 = CARTESIAN_POINT('',(5.260662612183,112.09990000149));
#8285 = CARTESIAN_POINT('',(5.308058076562,112.05025196091));
#8286 = CARTESIAN_POINT('',(5.355463995254,112.01253019663));
#8287 = CARTESIAN_POINT('',(5.402883062765,111.98720733529));
#8288 = CARTESIAN_POINT('',(5.450321345181,111.97453287838));
#8289 = CARTESIAN_POINT('',(5.543668148133,111.97453287838));
#8290 = CARTESIAN_POINT('',(5.589525381372,111.98637512308));
#8291 = CARTESIAN_POINT('',(5.635365278748,112.01003783253));
#8292 = CARTESIAN_POINT('',(5.681192468762,112.04530264714));
#8293 = CARTESIAN_POINT('',(5.727008670332,112.09175484993));
#8294 = CARTESIAN_POINT('',(5.772810126793,112.14879351626));
#8295 = CARTESIAN_POINT('',(5.884298471581,112.31163673915));
#8296 = CARTESIAN_POINT('',(5.949893696743,112.42777014021));
#8297 = CARTESIAN_POINT('',(6.015584955405,112.56208479074));
#8298 = CARTESIAN_POINT('',(6.08156989317,112.71242854759));
#8299 = CARTESIAN_POINT('',(6.148037437154,112.87649125844));
#8300 = CARTESIAN_POINT('',(6.215176679772,113.05182720951));
#8301 = CARTESIAN_POINT('',(6.28318530718,113.23587289044));
#8302 = ( GEOMETRIC_REPRESENTATION_CONTEXT(2) 
PARAMETRIC_REPRESENTATION_CONTEXT() REPRESENTATION_CONTEXT('2D SPACE',''
  ) );
#8303 = PCURVE('',#8304,#8309);
#8304 = CYLINDRICAL_SURFACE('',#8305,6.35);
#8305 = AXIS2_PLACEMENT_3D('',#8306,#8307,#8308);
#8306 = CARTESIAN_POINT('',(6.35,6.35,-95.25));
#8307 = DIRECTION('',(-2.22044604925E-16,-2.465190328816E-32,1.));
#8308 = DIRECTION('',(0.707106781187,0.707106781187,1.570092458684E-16)
  );
#8309 = DEFINITIONAL_REPRESENTATION('',(#8310),#8343);
#8310 = B_SPLINE_CURVE_WITH_KNOTS('',7,(#8311,#8312,#8313,#8314,#8315,
    #8316,#8317,#8318,#8319,#8320,#8321,#8322,#8323,#8324,#8325,#8326,
    #8327,#8328,#8329,#8330,#8331,#8332,#8333,#8334,#8335,#8336,#8337,
    #8338,#8339,#8340,#8341,#8342),.UNSPECIFIED.,.F.,.F.,(8,6,6,6,6,8),(
    0.,0.233895976486,0.504444056069,0.652180103598,0.794983520777,1.),
  .UNSPECIFIED.);
#8311 = CARTESIAN_POINT('',(3.926990816987,115.26693033409));
#8312 = CARTESIAN_POINT('',(4.024223110364,115.071063681));
#8313 = CARTESIAN_POINT('',(4.118162299157,114.85737603764));
#8314 = CARTESIAN_POINT('',(4.209163097772,114.63015423389));
#8315 = CARTESIAN_POINT('',(4.29742817843,114.39469704059));
#8316 = CARTESIAN_POINT('',(4.383070747215,114.15679021877));
#8317 = CARTESIAN_POINT('',(4.466107887917,113.92223328055));
#8318 = CARTESIAN_POINT('',(4.639403044508,113.43473400392));
#8319 = CARTESIAN_POINT('',(4.729945688048,113.18131667261));
#8320 = CARTESIAN_POINT('',(4.818682653103,112.94198095863));
#8321 = CARTESIAN_POINT('',(4.906132827281,112.72232163639));
#8322 = CARTESIAN_POINT('',(4.992805935908,112.52753109048));
#8323 = CARTESIAN_POINT('',(5.079212466935,112.3625597938));
#8324 = CARTESIAN_POINT('',(5.213281247053,112.16079089436));
#8325 = CARTESIAN_POINT('',(5.260662612183,112.09990000149));
#8326 = CARTESIAN_POINT('',(5.308058076562,112.05025196091));
#8327 = CARTESIAN_POINT('',(5.355463995254,112.01253019663));
#8328 = CARTESIAN_POINT('',(5.402883062765,111.98720733529));
#8329 = CARTESIAN_POINT('',(5.450321345181,111.97453287838));
#8330 = CARTESIAN_POINT('',(5.543668148133,111.97453287838));
#8331 = CARTESIAN_POINT('',(5.589525381372,111.98637512308));
#8332 = CARTESIAN_POINT('',(5.635365278748,112.01003783253));
#8333 = CARTESIAN_POINT('',(5.681192468762,112.04530264714));
#8334 = CARTESIAN_POINT('',(5.727008670332,112.09175484993));
#8335 = CARTESIAN_POINT('',(5.772810126793,112.14879351626));
#8336 = CARTESIAN_POINT('',(5.884298471581,112.31163673915));
#8337 = CARTESIAN_POINT('',(5.949893696743,112.42777014021));
#8338 = CARTESIAN_POINT('',(6.015584955405,112.56208479074));
#8339 = CARTESIAN_POINT('',(6.08156989317,112.71242854759));
#8340 = CARTESIAN_POINT('',(6.148037437154,112.87649125844));
#8341 = CARTESIAN_POINT('',(6.215176679772,113.05182720951));
#8342 = CARTESIAN_POINT('',(6.28318530718,113.23587289044));
#8343 = ( GEOMETRIC_REPRESENTATION_CONTEXT(2) 
PARAMETRIC_REPRESENTATION_CONTEXT() REPRESENTATION_CONTEXT('2D SPACE',''
  ) );
#8344 = ADVANCED_FACE('',(#8345),#7486,.F.);
#8345 = FACE_BOUND('',#8346,.F.);
#8346 = EDGE_LOOP('',(#8347,#8348,#8370,#8371,#8372,#8373));
#8347 = ORIENTED_EDGE('',*,*,#7507,.F.);
#8348 = ORIENTED_EDGE('',*,*,#8349,.T.);
#8349 = EDGE_CURVE('',#7508,#7873,#8350,.T.);
#8350 = SURFACE_CURVE('',#8351,(#8356,#8363),.PCURVE_S1.);
#8351 = CIRCLE('',#8352,21.);
#8352 = AXIS2_PLACEMENT_3D('',#8353,#8354,#8355);
#8353 = CARTESIAN_POINT('',(0.,6.56,0.));
#8354 = DIRECTION('',(0.,1.,0.));
#8355 = DIRECTION('',(0.,-0.,1.));
#8356 = PCURVE('',#7486,#8357);
#8357 = DEFINITIONAL_REPRESENTATION('',(#8358),#8362);
#8358 = LINE('',#8359,#8360);
#8359 = CARTESIAN_POINT('',(0.,56.56));
#8360 = VECTOR('',#8361,1.);
#8361 = DIRECTION('',(1.,0.));
#8362 = ( GEOMETRIC_REPRESENTATION_CONTEXT(2) 
PARAMETRIC_REPRESENTATION_CONTEXT() REPRESENTATION_CONTEXT('2D SPACE',''
  ) );
#8363 = PCURVE('',#8221,#8364);
#8364 = DEFINITIONAL_REPRESENTATION('',(#8365),#8369);
#8365 = CIRCLE('',#8366,21.);
#8366 = AXIS2_PLACEMENT_2D('',#8367,#8368);
#8367 = CARTESIAN_POINT('',(250.,250.));
#8368 = DIRECTION('',(1.,0.));
#8369 = ( GEOMETRIC_REPRESENTATION_CONTEXT(2) 
PARAMETRIC_REPRESENTATION_CONTEXT() REPRESENTATION_CONTEXT('2D SPACE',''
  ) );
#8370 = ORIENTED_EDGE('',*,*,#7982,.T.);
#8371 = ORIENTED_EDGE('',*,*,#8092,.T.);
#8372 = ORIENTED_EDGE('',*,*,#8169,.F.);
#8373 = ORIENTED_EDGE('',*,*,#7452,.F.);
#8374 = ADVANCED_FACE('',(#8375),#7780,.F.);
#8375 = FACE_BOUND('',#8376,.F.);
#8376 = EDGE_LOOP('',(#8377,#8378,#8406,#8462,#8490,#8518,#8547,#8570,
    #8598,#8654,#8675));
#8377 = ORIENTED_EDGE('',*,*,#7763,.F.);
#8378 = ORIENTED_EDGE('',*,*,#8379,.F.);
#8379 = EDGE_CURVE('',#8380,#7736,#8382,.T.);
#8380 = VERTEX_POINT('',#8381);
#8381 = CARTESIAN_POINT('',(-12.7,6.35,43.179999427795));
#8382 = SURFACE_CURVE('',#8383,(#8387,#8394),.PCURVE_S1.);
#8383 = LINE('',#8384,#8385);
#8384 = CARTESIAN_POINT('',(-12.7,6.35,95.25));
#8385 = VECTOR('',#8386,1.);
#8386 = DIRECTION('',(2.22044604925E-16,2.465190328816E-32,-1.));
#8387 = PCURVE('',#7780,#8388);
#8388 = DEFINITIONAL_REPRESENTATION('',(#8389),#8393);
#8389 = LINE('',#8390,#8391);
#8390 = CARTESIAN_POINT('',(12.7,95.25));
#8391 = VECTOR('',#8392,1.);
#8392 = DIRECTION('',(2.465190328816E-32,-1.));
#8393 = ( GEOMETRIC_REPRESENTATION_CONTEXT(2) 
PARAMETRIC_REPRESENTATION_CONTEXT() REPRESENTATION_CONTEXT('2D SPACE',''
  ) );
#8394 = PCURVE('',#8395,#8400);
#8395 = CYLINDRICAL_SURFACE('',#8396,6.35);
#8396 = AXIS2_PLACEMENT_3D('',#8397,#8398,#8399);
#8397 = CARTESIAN_POINT('',(-6.35,6.35,95.25));
#8398 = DIRECTION('',(2.22044604925E-16,2.465190328816E-32,-1.));
#8399 = DIRECTION('',(-0.707106781187,0.707106781187,-1.570092458684E-16
    ));
#8400 = DEFINITIONAL_REPRESENTATION('',(#8401),#8405);
#8401 = LINE('',#8402,#8403);
#8402 = CARTESIAN_POINT('',(5.497787143782,0.));
#8403 = VECTOR('',#8404,1.);
#8404 = DIRECTION('',(0.,1.));
#8405 = ( GEOMETRIC_REPRESENTATION_CONTEXT(2) 
PARAMETRIC_REPRESENTATION_CONTEXT() REPRESENTATION_CONTEXT('2D SPACE',''
  ) );
#8406 = ORIENTED_EDGE('',*,*,#8407,.F.);
#8407 = EDGE_CURVE('',#8408,#8380,#8410,.T.);
#8408 = VERTEX_POINT('',#8409);
#8409 = CARTESIAN_POINT('',(-7.62,6.35,38.099999427795));
#8410 = SURFACE_CURVE('',#8411,(#8416,#8423),.PCURVE_S1.);
#8411 = CIRCLE('',#8412,5.08);
#8412 = AXIS2_PLACEMENT_3D('',#8413,#8414,#8415);
#8413 = CARTESIAN_POINT('',(-7.62,6.35,43.179999427795));
#8414 = DIRECTION('',(-1.224646799147E-16,1.,-2.540718180781E-33));
#8415 = DIRECTION('',(-1.,-1.224646799147E-16,-2.22044604925E-16));
#8416 = PCURVE('',#7780,#8417);
#8417 = DEFINITIONAL_REPRESENTATION('',(#8418),#8422);
#8418 = CIRCLE('',#8419,5.08);
#8419 = AXIS2_PLACEMENT_2D('',#8420,#8421);
#8420 = CARTESIAN_POINT('',(7.62,43.179999427795));
#8421 = DIRECTION('',(1.,0.));
#8422 = ( GEOMETRIC_REPRESENTATION_CONTEXT(2) 
PARAMETRIC_REPRESENTATION_CONTEXT() REPRESENTATION_CONTEXT('2D SPACE',''
  ) );
#8423 = PCURVE('',#8424,#8434);
#8424 = ( BOUNDED_SURFACE() B_SPLINE_SURFACE(2,2,(
    (#8425,#8426,#8427)
    ,(#8428,#8429,#8430)
    ,(#8431,#8432,#8433
)),.UNSPECIFIED.,.F.,.F.,.F.) B_SPLINE_SURFACE_WITH_KNOTS((3,3),(3,3),(
    -1.570796326795,1.789481336941E-15),(-3.14159265359,-1.570796326795)
,.PIECEWISE_BEZIER_KNOTS.) GEOMETRIC_REPRESENTATION_ITEM() 
RATIONAL_B_SPLINE_SURFACE((
    (1.,0.707106781187,1.)
    ,(0.707106781187,0.5,0.707106781187)
,(1.,0.707106781187,1.))) REPRESENTATION_ITEM('') SURFACE() );
#8425 = CARTESIAN_POINT('',(-7.62,6.35,38.099999427795));
#8426 = CARTESIAN_POINT('',(-7.62,5.08,38.099999427795));
#8427 = CARTESIAN_POINT('',(-6.35,5.08,38.099999427795));
#8428 = CARTESIAN_POINT('',(-12.7,6.35,38.099999427795));
#8429 = CARTESIAN_POINT('',(-12.7,8.992806499464E-14,38.099999427795));
#8430 = CARTESIAN_POINT('',(-6.35,-1.887379141863E-14,38.099999427795));
#8431 = CARTESIAN_POINT('',(-12.7,6.35,43.179999427795));
#8432 = CARTESIAN_POINT('',(-12.7,9.880984919164E-14,43.179999427795));
#8433 = CARTESIAN_POINT('',(-6.35,-9.992007221626E-15,43.179999427795));
#8434 = DEFINITIONAL_REPRESENTATION('',(#8435),#8461);
#8435 = B_SPLINE_CURVE_WITH_KNOTS('',3,(#8436,#8437,#8438,#8439,#8440,
    #8441,#8442,#8443,#8444,#8445,#8446,#8447,#8448,#8449,#8450,#8451,
    #8452,#8453,#8454,#8455,#8456,#8457,#8458,#8459,#8460),
  .UNSPECIFIED.,.F.,.F.,(4,1,1,1,1,1,1,1,1,1,1,1,1,1,1,1,1,1,1,1,1,1,4),
  (4.712388980385,4.783788813421,4.855188646457,4.926588479493,
    4.997988312529,5.069388145565,5.140787978601,5.212187811638,
    5.283587644674,5.35498747771,5.426387310746,5.497787143782,
    5.569186976818,5.640586809854,5.711986642891,5.783386475927,
    5.854786308963,5.926186141999,5.997585975035,6.068985808071,
    6.140385641107,6.211785474143,6.28318530718),.QUASI_UNIFORM_KNOTS.);
#8436 = CARTESIAN_POINT('',(-1.570796326795,-3.14159265359));
#8437 = CARTESIAN_POINT('',(-1.544363278267,-3.14159265359));
#8438 = CARTESIAN_POINT('',(-1.492271114166,-3.14159265359));
#8439 = CARTESIAN_POINT('',(-1.416189872242,-3.14159265359));
#8440 = CARTESIAN_POINT('',(-1.341892168614,-3.14159265359));
#8441 = CARTESIAN_POINT('',(-1.269134886861,-3.14159265359));
#8442 = CARTESIAN_POINT('',(-1.197690220556,-3.14159265359));
#8443 = CARTESIAN_POINT('',(-1.12734572285,-3.14159265359));
#8444 = CARTESIAN_POINT('',(-1.057900795762,-3.14159265359));
#8445 = CARTESIAN_POINT('',(-0.989164516627,-3.14159265359));
#8446 = CARTESIAN_POINT('',(-0.92095340603,-3.14159265359));
#8447 = CARTESIAN_POINT('',(-0.85308944002,-3.14159265359));
#8448 = CARTESIAN_POINT('',(-0.785398163397,-3.14159265359));
#8449 = CARTESIAN_POINT('',(-0.717706886775,-3.14159265359));
#8450 = CARTESIAN_POINT('',(-0.649842920765,-3.14159265359));
#8451 = CARTESIAN_POINT('',(-0.581631810168,-3.14159265359));
#8452 = CARTESIAN_POINT('',(-0.512895531033,-3.14159265359));
#8453 = CARTESIAN_POINT('',(-0.443450603945,-3.14159265359));
#8454 = CARTESIAN_POINT('',(-0.373106106239,-3.14159265359));
#8455 = CARTESIAN_POINT('',(-0.301661439934,-3.14159265359));
#8456 = CARTESIAN_POINT('',(-0.228904158181,-3.14159265359));
#8457 = CARTESIAN_POINT('',(-0.154606454553,-3.14159265359));
#8458 = CARTESIAN_POINT('',(-7.852521262872E-02,-3.14159265359));
#8459 = CARTESIAN_POINT('',(-2.643304852828E-02,-3.14159265359));
#8460 = CARTESIAN_POINT('',(1.789481336941E-15,-3.14159265359));
#8461 = ( GEOMETRIC_REPRESENTATION_CONTEXT(2) 
PARAMETRIC_REPRESENTATION_CONTEXT() REPRESENTATION_CONTEXT('2D SPACE',''
  ) );
#8462 = ORIENTED_EDGE('',*,*,#8463,.T.);
#8463 = EDGE_CURVE('',#8408,#8464,#8466,.T.);
#8464 = VERTEX_POINT('',#8465);
#8465 = CARTESIAN_POINT('',(-3.175,6.35,38.099999427795));
#8466 = SURFACE_CURVE('',#8467,(#8471,#8478),.PCURVE_S1.);
#8467 = LINE('',#8468,#8469);
#8468 = CARTESIAN_POINT('',(-2.100492489863E-14,6.35,38.099999427795));
#8469 = VECTOR('',#8470,1.);
#8470 = DIRECTION('',(1.,1.224646799147E-16,2.22044604925E-16));
#8471 = PCURVE('',#7780,#8472);
#8472 = DEFINITIONAL_REPRESENTATION('',(#8473),#8477);
#8473 = LINE('',#8474,#8475);
#8474 = CARTESIAN_POINT('',(5.99534287968E-29,38.099999427795));
#8475 = VECTOR('',#8476,1.);
#8476 = DIRECTION('',(-1.,-2.465190328816E-32));
#8477 = ( GEOMETRIC_REPRESENTATION_CONTEXT(2) 
PARAMETRIC_REPRESENTATION_CONTEXT() REPRESENTATION_CONTEXT('2D SPACE',''
  ) );
#8478 = PCURVE('',#8479,#8484);
#8479 = PLANE('',#8480);
#8480 = AXIS2_PLACEMENT_3D('',#8481,#8482,#8483);
#8481 = CARTESIAN_POINT('',(-12.7,1.998401444325E-14,38.099999427795));
#8482 = DIRECTION('',(-2.22044604925E-16,-2.465190328816E-32,1.));
#8483 = DIRECTION('',(1.,1.224646799147E-16,2.22044604925E-16));
#8484 = DEFINITIONAL_REPRESENTATION('',(#8485),#8489);
#8485 = LINE('',#8486,#8487);
#8486 = CARTESIAN_POINT('',(12.7,6.35));
#8487 = VECTOR('',#8488,1.);
#8488 = DIRECTION('',(1.,-5.641527646774E-49));
#8489 = ( GEOMETRIC_REPRESENTATION_CONTEXT(2) 
PARAMETRIC_REPRESENTATION_CONTEXT() REPRESENTATION_CONTEXT('2D SPACE',''
  ) );
#8490 = ORIENTED_EDGE('',*,*,#8491,.F.);
#8491 = EDGE_CURVE('',#8492,#8464,#8494,.T.);
#8492 = VERTEX_POINT('',#8493);
#8493 = CARTESIAN_POINT('',(-3.175,6.35,25.4));
#8494 = SURFACE_CURVE('',#8495,(#8499,#8506),.PCURVE_S1.);
#8495 = LINE('',#8496,#8497);
#8496 = CARTESIAN_POINT('',(-3.175,6.35,190.5));
#8497 = VECTOR('',#8498,1.);
#8498 = DIRECTION('',(-2.219101139469E-16,-4.438202278938E-16,1.));
#8499 = PCURVE('',#7780,#8500);
#8500 = DEFINITIONAL_REPRESENTATION('',(#8501),#8505);
#8501 = LINE('',#8502,#8503);
#8502 = CARTESIAN_POINT('',(3.175,190.5));
#8503 = VECTOR('',#8504,1.);
#8504 = DIRECTION('',(-1.34490978149E-19,1.));
#8505 = ( GEOMETRIC_REPRESENTATION_CONTEXT(2) 
PARAMETRIC_REPRESENTATION_CONTEXT() REPRESENTATION_CONTEXT('2D SPACE',''
  ) );
#8506 = PCURVE('',#8507,#8512);
#8507 = CYLINDRICAL_SURFACE('',#8508,3.175);
#8508 = AXIS2_PLACEMENT_3D('',#8509,#8510,#8511);
#8509 = CARTESIAN_POINT('',(-8.226752612472E-14,6.35,190.5));
#8510 = DIRECTION('',(2.219101139469E-16,4.438202278938E-16,-1.));
#8511 = DIRECTION('',(-1.,4.65414261379E-30,-2.219101139469E-16));
#8512 = DEFINITIONAL_REPRESENTATION('',(#8513),#8517);
#8513 = LINE('',#8514,#8515);
#8514 = CARTESIAN_POINT('',(6.28318530718,0.));
#8515 = VECTOR('',#8516,1.);
#8516 = DIRECTION('',(0.,-1.));
#8517 = ( GEOMETRIC_REPRESENTATION_CONTEXT(2) 
PARAMETRIC_REPRESENTATION_CONTEXT() REPRESENTATION_CONTEXT('2D SPACE',''
  ) );
#8518 = ORIENTED_EDGE('',*,*,#8519,.F.);
#8519 = EDGE_CURVE('',#8520,#8492,#8522,.T.);
#8520 = VERTEX_POINT('',#8521);
#8521 = CARTESIAN_POINT('',(3.175,6.35,25.4));
#8522 = SURFACE_CURVE('',#8523,(#8528,#8535),.PCURVE_S1.);
#8523 = CIRCLE('',#8524,3.175);
#8524 = AXIS2_PLACEMENT_3D('',#8525,#8526,#8527);
#8525 = CARTESIAN_POINT('',(-4.596422241992E-14,6.35,25.4));
#8526 = DIRECTION('',(-1.224646799147E-16,1.,-2.540718180781E-33));
#8527 = DIRECTION('',(-1.,-1.224646799147E-16,8.904085109465E-50));
#8528 = PCURVE('',#7780,#8529);
#8529 = DEFINITIONAL_REPRESENTATION('',(#8530),#8534);
#8530 = CIRCLE('',#8531,3.175);
#8531 = AXIS2_PLACEMENT_2D('',#8532,#8533);
#8532 = CARTESIAN_POINT('',(2.777926387678E-14,25.4));
#8533 = DIRECTION('',(1.,2.22044604925E-16));
#8534 = ( GEOMETRIC_REPRESENTATION_CONTEXT(2) 
PARAMETRIC_REPRESENTATION_CONTEXT() REPRESENTATION_CONTEXT('2D SPACE',''
  ) );
#8535 = PCURVE('',#8536,#8541);
#8536 = CYLINDRICAL_SURFACE('',#8537,3.175);
#8537 = AXIS2_PLACEMENT_3D('',#8538,#8539,#8540);
#8538 = CARTESIAN_POINT('',(-4.651933393224E-14,12.7,25.4));
#8539 = DIRECTION('',(8.741913579726E-17,-1.,0.));
#8540 = DIRECTION('',(-1.,-8.741913579726E-17,0.));
#8541 = DEFINITIONAL_REPRESENTATION('',(#8542),#8546);
#8542 = LINE('',#8543,#8544);
#8543 = CARTESIAN_POINT('',(12.566370614359,6.35));
#8544 = VECTOR('',#8545,1.);
#8545 = DIRECTION('',(-1.,0.));
#8546 = ( GEOMETRIC_REPRESENTATION_CONTEXT(2) 
PARAMETRIC_REPRESENTATION_CONTEXT() REPRESENTATION_CONTEXT('2D SPACE',''
  ) );
#8547 = ORIENTED_EDGE('',*,*,#8548,.F.);
#8548 = EDGE_CURVE('',#8549,#8520,#8551,.T.);
#8549 = VERTEX_POINT('',#8550);
#8550 = CARTESIAN_POINT('',(3.175,6.35,38.099999427795));
#8551 = SURFACE_CURVE('',#8552,(#8556,#8563),.PCURVE_S1.);
#8552 = LINE('',#8553,#8554);
#8553 = CARTESIAN_POINT('',(3.175,6.35,190.5));
#8554 = VECTOR('',#8555,1.);
#8555 = DIRECTION('',(2.219101139469E-16,4.438202278938E-16,-1.));
#8556 = PCURVE('',#7780,#8557);
#8557 = DEFINITIONAL_REPRESENTATION('',(#8558),#8562);
#8558 = LINE('',#8559,#8560);
#8559 = CARTESIAN_POINT('',(-3.175,190.5));
#8560 = VECTOR('',#8561,1.);
#8561 = DIRECTION('',(1.34490978149E-19,-1.));
#8562 = ( GEOMETRIC_REPRESENTATION_CONTEXT(2) 
PARAMETRIC_REPRESENTATION_CONTEXT() REPRESENTATION_CONTEXT('2D SPACE',''
  ) );
#8563 = PCURVE('',#8507,#8564);
#8564 = DEFINITIONAL_REPRESENTATION('',(#8565),#8569);
#8565 = LINE('',#8566,#8567);
#8566 = CARTESIAN_POINT('',(9.424777960769,0.));
#8567 = VECTOR('',#8568,1.);
#8568 = DIRECTION('',(0.,1.));
#8569 = ( GEOMETRIC_REPRESENTATION_CONTEXT(2) 
PARAMETRIC_REPRESENTATION_CONTEXT() REPRESENTATION_CONTEXT('2D SPACE',''
  ) );
#8570 = ORIENTED_EDGE('',*,*,#8571,.T.);
#8571 = EDGE_CURVE('',#8549,#8572,#8574,.T.);
#8572 = VERTEX_POINT('',#8573);
#8573 = CARTESIAN_POINT('',(7.62,6.35,38.099999427795));
#8574 = SURFACE_CURVE('',#8575,(#8579,#8586),.PCURVE_S1.);
#8575 = LINE('',#8576,#8577);
#8576 = CARTESIAN_POINT('',(-2.100492489863E-14,6.35,38.099999427795));
#8577 = VECTOR('',#8578,1.);
#8578 = DIRECTION('',(1.,1.224646799147E-16,2.22044604925E-16));
#8579 = PCURVE('',#7780,#8580);
#8580 = DEFINITIONAL_REPRESENTATION('',(#8581),#8585);
#8581 = LINE('',#8582,#8583);
#8582 = CARTESIAN_POINT('',(5.99534287968E-29,38.099999427795));
#8583 = VECTOR('',#8584,1.);
#8584 = DIRECTION('',(-1.,-2.465190328816E-32));
#8585 = ( GEOMETRIC_REPRESENTATION_CONTEXT(2) 
PARAMETRIC_REPRESENTATION_CONTEXT() REPRESENTATION_CONTEXT('2D SPACE',''
  ) );
#8586 = PCURVE('',#8587,#8592);
#8587 = PLANE('',#8588);
#8588 = AXIS2_PLACEMENT_3D('',#8589,#8590,#8591);
#8589 = CARTESIAN_POINT('',(-12.7,1.998401444325E-14,38.099999427795));
#8590 = DIRECTION('',(-2.22044604925E-16,-2.465190328816E-32,1.));
#8591 = DIRECTION('',(1.,1.224646799147E-16,2.22044604925E-16));
#8592 = DEFINITIONAL_REPRESENTATION('',(#8593),#8597);
#8593 = LINE('',#8594,#8595);
#8594 = CARTESIAN_POINT('',(12.7,6.35));
#8595 = VECTOR('',#8596,1.);
#8596 = DIRECTION('',(1.,-5.641527646774E-49));
#8597 = ( GEOMETRIC_REPRESENTATION_CONTEXT(2) 
PARAMETRIC_REPRESENTATION_CONTEXT() REPRESENTATION_CONTEXT('2D SPACE',''
  ) );
#8598 = ORIENTED_EDGE('',*,*,#8599,.F.);
#8599 = EDGE_CURVE('',#8600,#8572,#8602,.T.);
#8600 = VERTEX_POINT('',#8601);
#8601 = CARTESIAN_POINT('',(12.7,6.35,43.179999427795));
#8602 = SURFACE_CURVE('',#8603,(#8608,#8615),.PCURVE_S1.);
#8603 = CIRCLE('',#8604,5.08);
#8604 = AXIS2_PLACEMENT_3D('',#8605,#8606,#8607);
#8605 = CARTESIAN_POINT('',(7.62,6.35,43.179999427795));
#8606 = DIRECTION('',(-1.224646799147E-16,1.,-2.540718180781E-33));
#8607 = DIRECTION('',(1.,1.224646799147E-16,2.22044604925E-16));
#8608 = PCURVE('',#7780,#8609);
#8609 = DEFINITIONAL_REPRESENTATION('',(#8610),#8614);
#8610 = CIRCLE('',#8611,5.08);
#8611 = AXIS2_PLACEMENT_2D('',#8612,#8613);
#8612 = CARTESIAN_POINT('',(-7.62,43.179999427795));
#8613 = DIRECTION('',(-1.,0.));
#8614 = ( GEOMETRIC_REPRESENTATION_CONTEXT(2) 
PARAMETRIC_REPRESENTATION_CONTEXT() REPRESENTATION_CONTEXT('2D SPACE',''
  ) );
#8615 = PCURVE('',#8616,#8626);
#8616 = ( BOUNDED_SURFACE() B_SPLINE_SURFACE(2,2,(
    (#8617,#8618,#8619)
    ,(#8620,#8621,#8622)
    ,(#8623,#8624,#8625
)),.UNSPECIFIED.,.F.,.F.,.F.) B_SPLINE_SURFACE_WITH_KNOTS((3,3),(3,3),(
    -1.570796326795,1.482163061311E-14),(-1.570796326795,
    -1.468641481394E-14),.PIECEWISE_BEZIER_KNOTS.) 
GEOMETRIC_REPRESENTATION_ITEM() RATIONAL_B_SPLINE_SURFACE((
    (1.,0.707106781187,1.)
    ,(0.707106781187,0.5,0.707106781187)
,(1.,0.707106781187,1.))) REPRESENTATION_ITEM('') SURFACE() );
#8617 = CARTESIAN_POINT('',(6.35,5.08,38.099999427795));
#8618 = CARTESIAN_POINT('',(7.62,5.08,38.099999427795));
#8619 = CARTESIAN_POINT('',(7.62,6.35,38.099999427795));
#8620 = CARTESIAN_POINT('',(6.35,1.110223024625E-15,38.099999427795));
#8621 = CARTESIAN_POINT('',(12.7,7.993605777301E-14,38.099999427795));
#8622 = CARTESIAN_POINT('',(12.7,6.35,38.099999427795));
#8623 = CARTESIAN_POINT('',(6.35,7.771561172376E-15,43.179999427795));
#8624 = CARTESIAN_POINT('',(12.7,8.659739592076E-14,43.179999427795));
#8625 = CARTESIAN_POINT('',(12.7,6.35,43.179999427796));
#8626 = DEFINITIONAL_REPRESENTATION('',(#8627),#8653);
#8627 = B_SPLINE_CURVE_WITH_KNOTS('',3,(#8628,#8629,#8630,#8631,#8632,
    #8633,#8634,#8635,#8636,#8637,#8638,#8639,#8640,#8641,#8642,#8643,
    #8644,#8645,#8646,#8647,#8648,#8649,#8650,#8651,#8652),
  .UNSPECIFIED.,.F.,.F.,(4,1,1,1,1,1,1,1,1,1,1,1,1,1,1,1,1,1,1,1,1,1,4),
  (0.,7.139983303613E-02,0.142799666072,0.214199499108,0.285599332145,
    0.356999165181,0.428398998217,0.499798831253,0.571198664289,
    0.642598497325,0.713998330361,0.785398163397,0.856797996434,
    0.92819782947,0.999597662506,1.070997495542,1.142397328578,
    1.213797161614,1.28519699465,1.356596827687,1.427996660723,
    1.499396493759,1.570796326795),.QUASI_UNIFORM_KNOTS.);
#8628 = CARTESIAN_POINT('',(1.482163061311E-14,-1.468641481394E-14));
#8629 = CARTESIAN_POINT('',(-2.643304852828E-02,-1.468641481394E-14));
#8630 = CARTESIAN_POINT('',(-7.852521262873E-02,-1.468641481394E-14));
#8631 = CARTESIAN_POINT('',(-0.154606454553,-1.468641481394E-14));
#8632 = CARTESIAN_POINT('',(-0.228904158181,-1.468641481394E-14));
#8633 = CARTESIAN_POINT('',(-0.301661439934,-1.468641481394E-14));
#8634 = CARTESIAN_POINT('',(-0.373106106239,-1.468641481394E-14));
#8635 = CARTESIAN_POINT('',(-0.443450603945,-1.468641481394E-14));
#8636 = CARTESIAN_POINT('',(-0.512895531033,-1.468641481394E-14));
#8637 = CARTESIAN_POINT('',(-0.581631810168,-1.468641481394E-14));
#8638 = CARTESIAN_POINT('',(-0.649842920765,-1.468641481394E-14));
#8639 = CARTESIAN_POINT('',(-0.717706886775,-1.468641481394E-14));
#8640 = CARTESIAN_POINT('',(-0.785398163397,-1.468641481394E-14));
#8641 = CARTESIAN_POINT('',(-0.85308944002,-1.468641481394E-14));
#8642 = CARTESIAN_POINT('',(-0.92095340603,-1.468641481394E-14));
#8643 = CARTESIAN_POINT('',(-0.989164516627,-1.468641481394E-14));
#8644 = CARTESIAN_POINT('',(-1.057900795762,-1.468641481394E-14));
#8645 = CARTESIAN_POINT('',(-1.12734572285,-1.468641481394E-14));
#8646 = CARTESIAN_POINT('',(-1.197690220556,-1.468641481394E-14));
#8647 = CARTESIAN_POINT('',(-1.269134886861,-1.468641481394E-14));
#8648 = CARTESIAN_POINT('',(-1.341892168614,-1.468641481394E-14));
#8649 = CARTESIAN_POINT('',(-1.416189872242,-1.468641481394E-14));
#8650 = CARTESIAN_POINT('',(-1.492271114166,-1.468641481394E-14));
#8651 = CARTESIAN_POINT('',(-1.544363278267,-1.468641481394E-14));
#8652 = CARTESIAN_POINT('',(-1.570796326795,-1.468641481394E-14));
#8653 = ( GEOMETRIC_REPRESENTATION_CONTEXT(2) 
PARAMETRIC_REPRESENTATION_CONTEXT() REPRESENTATION_CONTEXT('2D SPACE',''
  ) );
#8654 = ORIENTED_EDGE('',*,*,#8655,.F.);
#8655 = EDGE_CURVE('',#7793,#8600,#8656,.T.);
#8656 = SURFACE_CURVE('',#8657,(#8661,#8668),.PCURVE_S1.);
#8657 = LINE('',#8658,#8659);
#8658 = CARTESIAN_POINT('',(12.7,6.35,-95.25));
#8659 = VECTOR('',#8660,1.);
#8660 = DIRECTION('',(-2.22044604925E-16,-2.465190328816E-32,1.));
#8661 = PCURVE('',#7780,#8662);
#8662 = DEFINITIONAL_REPRESENTATION('',(#8663),#8667);
#8663 = LINE('',#8664,#8665);
#8664 = CARTESIAN_POINT('',(-12.7,-95.25));
#8665 = VECTOR('',#8666,1.);
#8666 = DIRECTION('',(-2.465190328816E-32,1.));
#8667 = ( GEOMETRIC_REPRESENTATION_CONTEXT(2) 
PARAMETRIC_REPRESENTATION_CONTEXT() REPRESENTATION_CONTEXT('2D SPACE',''
  ) );
#8668 = PCURVE('',#8304,#8669);
#8669 = DEFINITIONAL_REPRESENTATION('',(#8670),#8674);
#8670 = LINE('',#8671,#8672);
#8671 = CARTESIAN_POINT('',(5.497787143782,0.));
#8672 = VECTOR('',#8673,1.);
#8673 = DIRECTION('',(0.,1.));
#8674 = ( GEOMETRIC_REPRESENTATION_CONTEXT(2) 
PARAMETRIC_REPRESENTATION_CONTEXT() REPRESENTATION_CONTEXT('2D SPACE',''
  ) );
#8675 = ORIENTED_EDGE('',*,*,#7792,.F.);
#8676 = ADVANCED_FACE('',(#8677),#7751,.T.);
#8677 = FACE_BOUND('',#8678,.T.);
#8678 = EDGE_LOOP('',(#8679,#8680,#8790,#8809));
#8679 = ORIENTED_EDGE('',*,*,#7735,.F.);
#8680 = ORIENTED_EDGE('',*,*,#8681,.T.);
#8681 = EDGE_CURVE('',#7736,#8682,#8684,.T.);
#8682 = VERTEX_POINT('',#8683);
#8683 = CARTESIAN_POINT('',(-12.69652661385,6.56,16.727169871844));
#8684 = SURFACE_CURVE('',#8685,(#8718,#8754),.PCURVE_S1.);
#8685 = B_SPLINE_CURVE_WITH_KNOTS('',7,(#8686,#8687,#8688,#8689,#8690,
    #8691,#8692,#8693,#8694,#8695,#8696,#8697,#8698,#8699,#8700,#8701,
    #8702,#8703,#8704,#8705,#8706,#8707,#8708,#8709,#8710,#8711,#8712,
    #8713,#8714,#8715,#8716,#8717),.UNSPECIFIED.,.F.,.F.,(8,6,6,6,6,8),(
    0.,0.233895456447,0.504442934504,0.652175247655,0.794980658522,1.),
  .UNSPECIFIED.);
#8686 = CARTESIAN_POINT('',(-6.35,2.087219286295E-14,20.016930334095));
#8687 = CARTESIAN_POINT('',(-6.967425062948,2.042383678562E-14,
    19.821063681002));
#8688 = CARTESIAN_POINT('',(-7.56393850908,7.003894988876E-02,
    19.60737603764));
#8689 = CARTESIAN_POINT('',(-8.13226186987,0.201579559856,
    19.380154233896));
#8690 = CARTESIAN_POINT('',(-8.667040905359,0.38641837397,
    19.144697040601));
#8691 = CARTESIAN_POINT('',(-9.164321548572,0.616469199039,
    18.90679021877));
#8692 = CARTESIAN_POINT('',(-9.621402031051,0.883669596328,
    18.672233280556));
#8693 = CARTESIAN_POINT('',(-10.51735302061,1.52257909059,
    18.184734003925));
#8694 = CARTESIAN_POINT('',(-10.94830996917,1.90849909604,
    17.931316672617));
#8695 = CARTESIAN_POINT('',(-11.32944881969,2.330189275623,
    17.691980958636));
#8696 = CARTESIAN_POINT('',(-11.66093219457,2.782083402316,
    17.472321636394));
#8697 = CARTESIAN_POINT('',(-11.94270353321,3.259967198059,
    17.277531090483));
#8698 = CARTESIAN_POINT('',(-12.17413297947,3.760562068882,
    17.112559793804));
#8699 = CARTESIAN_POINT('',(-12.45149672315,4.565442071711,
    16.910792537285));
#8700 = CARTESIAN_POINT('',(-12.53381712238,4.855311431444,
    16.849900710167));
#8701 = CARTESIAN_POINT('',(-12.60006922815,5.149652331222,
    16.800251213953));
#8702 = CARTESIAN_POINT('',(-12.64996354502,5.44736603886,
    16.762528761889));
#8703 = CARTESIAN_POINT('',(-12.68331038914,5.747372367894,
    16.737206350034));
#8704 = CARTESIAN_POINT('',(-12.7,6.048604005487,16.72453287838));
#8705 = CARTESIAN_POINT('',(-12.7,6.641344377626,16.72453287838));
#8706 = CARTESIAN_POINT('',(-12.68440502713,6.932537892095,
    16.736375123089));
#8707 = CARTESIAN_POINT('',(-12.65324382374,7.222619234552,
    16.760037832531));
#8708 = CARTESIAN_POINT('',(-12.60661360423,7.510621761767,
    16.795302647143));
#8709 = CARTESIAN_POINT('',(-12.54468214785,7.795567953486,
    16.841754849939));
#8710 = CARTESIAN_POINT('',(-12.46770419118,8.076464445842,
    16.898793516269));
#8711 = CARTESIAN_POINT('',(-12.24447134142,8.74829902236,
    17.061636739158));
#8712 = CARTESIAN_POINT('',(-12.08277008818,9.133490887814,
    17.177770140214));
#8713 = CARTESIAN_POINT('',(-11.8916419712,9.506448410932,
    17.312084790743));
#8714 = CARTESIAN_POINT('',(-11.67152955716,9.865583397196,
    17.462428547587));
#8715 = CARTESIAN_POINT('',(-11.42273002751,10.209068280329,
    17.626491258444));
#8716 = CARTESIAN_POINT('',(-11.1454955068,10.534760614261,
    17.801827209521));
#8717 = CARTESIAN_POINT('',(-10.84012806053,10.840128060535,
    17.985872890444));
#8718 = PCURVE('',#7751,#8719);
#8719 = DEFINITIONAL_REPRESENTATION('',(#8720),#8753);
#8720 = B_SPLINE_CURVE_WITH_KNOTS('',7,(#8721,#8722,#8723,#8724,#8725,
    #8726,#8727,#8728,#8729,#8730,#8731,#8732,#8733,#8734,#8735,#8736,
    #8737,#8738,#8739,#8740,#8741,#8742,#8743,#8744,#8745,#8746,#8747,
    #8748,#8749,#8750,#8751,#8752),.UNSPECIFIED.,.F.,.F.,(8,6,6,6,6,8),(
    0.,0.233895456447,0.504442934504,0.652175247655,0.794980658522,1.),
  .UNSPECIFIED.);
#8721 = CARTESIAN_POINT('',(3.926990816987,75.233069665905));
#8722 = CARTESIAN_POINT('',(4.024223110365,75.428936318998));
#8723 = CARTESIAN_POINT('',(4.118162299157,75.64262396236));
#8724 = CARTESIAN_POINT('',(4.209163097772,75.869845766104));
#8725 = CARTESIAN_POINT('',(4.297428178429,76.105302959398));
#8726 = CARTESIAN_POINT('',(4.383070747215,76.34320978123));
#8727 = CARTESIAN_POINT('',(4.466107887918,76.577766719444));
#8728 = CARTESIAN_POINT('',(4.639403044508,77.065265996075));
#8729 = CARTESIAN_POINT('',(4.729945688048,77.318683327383));
#8730 = CARTESIAN_POINT('',(4.818682653103,77.558019041364));
#8731 = CARTESIAN_POINT('',(4.906132827281,77.777678363606));
#8732 = CARTESIAN_POINT('',(4.992805935908,77.972468909517));
#8733 = CARTESIAN_POINT('',(5.079212466935,78.137440206196));
#8734 = CARTESIAN_POINT('',(5.213280155387,78.339207462715));
#8735 = CARTESIAN_POINT('',(5.260661823793,78.400099289833));
#8736 = CARTESIAN_POINT('',(5.308058310708,78.449748786047));
#8737 = CARTESIAN_POINT('',(5.35546537541,78.487471238111));
#8738 = CARTESIAN_POINT('',(5.402885169099,78.512793649966));
#8739 = CARTESIAN_POINT('',(5.450323207638,78.52546712162));
#8740 = CARTESIAN_POINT('',(5.543668148133,78.52546712162));
#8741 = CARTESIAN_POINT('',(5.589525381372,78.513624876911));
#8742 = CARTESIAN_POINT('',(5.635365278748,78.489962167469));
#8743 = CARTESIAN_POINT('',(5.681192468762,78.454697352857));
#8744 = CARTESIAN_POINT('',(5.727008670332,78.408245150061));
#8745 = CARTESIAN_POINT('',(5.772810126793,78.351206483731));
#8746 = CARTESIAN_POINT('',(5.884298471583,78.188363260842));
#8747 = CARTESIAN_POINT('',(5.949893696743,78.072229859786));
#8748 = CARTESIAN_POINT('',(6.015584955404,77.937915209257));
#8749 = CARTESIAN_POINT('',(6.081569893168,77.787571452413));
#8750 = CARTESIAN_POINT('',(6.148037437154,77.623508741556));
#8751 = CARTESIAN_POINT('',(6.215176679774,77.448172790479));
#8752 = CARTESIAN_POINT('',(6.28318530718,77.264127109556));
#8753 = ( GEOMETRIC_REPRESENTATION_CONTEXT(2) 
PARAMETRIC_REPRESENTATION_CONTEXT() REPRESENTATION_CONTEXT('2D SPACE',''
  ) );
#8754 = PCURVE('',#8395,#8755);
#8755 = DEFINITIONAL_REPRESENTATION('',(#8756),#8789);
#8756 = B_SPLINE_CURVE_WITH_KNOTS('',7,(#8757,#8758,#8759,#8760,#8761,
    #8762,#8763,#8764,#8765,#8766,#8767,#8768,#8769,#8770,#8771,#8772,
    #8773,#8774,#8775,#8776,#8777,#8778,#8779,#8780,#8781,#8782,#8783,
    #8784,#8785,#8786,#8787,#8788),.UNSPECIFIED.,.F.,.F.,(8,6,6,6,6,8),(
    0.,0.233895456447,0.504442934504,0.652175247655,0.794980658522,1.),
  .UNSPECIFIED.);
#8757 = CARTESIAN_POINT('',(3.926990816987,75.233069665905));
#8758 = CARTESIAN_POINT('',(4.024223110365,75.428936318998));
#8759 = CARTESIAN_POINT('',(4.118162299157,75.64262396236));
#8760 = CARTESIAN_POINT('',(4.209163097772,75.869845766104));
#8761 = CARTESIAN_POINT('',(4.297428178429,76.105302959398));
#8762 = CARTESIAN_POINT('',(4.383070747215,76.34320978123));
#8763 = CARTESIAN_POINT('',(4.466107887918,76.577766719444));
#8764 = CARTESIAN_POINT('',(4.639403044508,77.065265996075));
#8765 = CARTESIAN_POINT('',(4.729945688048,77.318683327383));
#8766 = CARTESIAN_POINT('',(4.818682653103,77.558019041364));
#8767 = CARTESIAN_POINT('',(4.906132827281,77.777678363606));
#8768 = CARTESIAN_POINT('',(4.992805935908,77.972468909517));
#8769 = CARTESIAN_POINT('',(5.079212466935,78.137440206196));
#8770 = CARTESIAN_POINT('',(5.213280155387,78.339207462715));
#8771 = CARTESIAN_POINT('',(5.260661823793,78.400099289833));
#8772 = CARTESIAN_POINT('',(5.308058310708,78.449748786047));
#8773 = CARTESIAN_POINT('',(5.35546537541,78.487471238111));
#8774 = CARTESIAN_POINT('',(5.402885169099,78.512793649966));
#8775 = CARTESIAN_POINT('',(5.450323207638,78.52546712162));
#8776 = CARTESIAN_POINT('',(5.543668148133,78.52546712162));
#8777 = CARTESIAN_POINT('',(5.589525381372,78.513624876911));
#8778 = CARTESIAN_POINT('',(5.635365278748,78.489962167469));
#8779 = CARTESIAN_POINT('',(5.681192468762,78.454697352857));
#8780 = CARTESIAN_POINT('',(5.727008670332,78.408245150061));
#8781 = CARTESIAN_POINT('',(5.772810126793,78.351206483731));
#8782 = CARTESIAN_POINT('',(5.884298471583,78.188363260842));
#8783 = CARTESIAN_POINT('',(5.949893696743,78.072229859786));
#8784 = CARTESIAN_POINT('',(6.015584955404,77.937915209257));
#8785 = CARTESIAN_POINT('',(6.081569893168,77.787571452413));
#8786 = CARTESIAN_POINT('',(6.148037437154,77.623508741556));
#8787 = CARTESIAN_POINT('',(6.215176679774,77.448172790479));
#8788 = CARTESIAN_POINT('',(6.28318530718,77.264127109556));
#8789 = ( GEOMETRIC_REPRESENTATION_CONTEXT(2) 
PARAMETRIC_REPRESENTATION_CONTEXT() REPRESENTATION_CONTEXT('2D SPACE',''
  ) );
#8790 = ORIENTED_EDGE('',*,*,#8791,.T.);
#8791 = EDGE_CURVE('',#8682,#7873,#8792,.T.);
#8792 = SURFACE_CURVE('',#8793,(#8797,#8803),.PCURVE_S1.);
#8793 = LINE('',#8794,#8795);
#8794 = CARTESIAN_POINT('',(-12.69652660909,6.56,95.25));
#8795 = VECTOR('',#8796,1.);
#8796 = DIRECTION('',(2.22044604925E-16,2.465190328816E-32,-1.));
#8797 = PCURVE('',#7751,#8798);
#8798 = DEFINITIONAL_REPRESENTATION('',(#8799),#8802);
#8799 = B_SPLINE_CURVE_WITH_KNOTS('',1,(#8800,#8801),.UNSPECIFIED.,.F.,
  .F.,(2,2),(75.233069065905,115.26693093409),.PIECEWISE_BEZIER_KNOTS.);
#8800 = CARTESIAN_POINT('',(5.530864041062,75.233069065905));
#8801 = CARTESIAN_POINT('',(5.530864041062,115.26693093409));
#8802 = ( GEOMETRIC_REPRESENTATION_CONTEXT(2) 
PARAMETRIC_REPRESENTATION_CONTEXT() REPRESENTATION_CONTEXT('2D SPACE',''
  ) );
#8803 = PCURVE('',#8221,#8804);
#8804 = DEFINITIONAL_REPRESENTATION('',(#8805),#8808);
#8805 = B_SPLINE_CURVE_WITH_KNOTS('',1,(#8806,#8807),.UNSPECIFIED.,.F.,
  .F.,(2,2),(75.233069065905,115.26693093409),.PIECEWISE_BEZIER_KNOTS.);
#8806 = CARTESIAN_POINT('',(270.01693093409,237.3034733909));
#8807 = CARTESIAN_POINT('',(229.9830690659,237.3034733909));
#8808 = ( GEOMETRIC_REPRESENTATION_CONTEXT(2) 
PARAMETRIC_REPRESENTATION_CONTEXT() REPRESENTATION_CONTEXT('2D SPACE',''
  ) );
#8809 = ORIENTED_EDGE('',*,*,#7872,.F.);
#8810 = ADVANCED_FACE('',(#8811),#7856,.F.);
#8811 = FACE_BOUND('',#8812,.F.);
#8812 = EDGE_LOOP('',(#8813,#8814,#8837,#8859));
#8813 = ORIENTED_EDGE('',*,*,#7839,.T.);
#8814 = ORIENTED_EDGE('',*,*,#8815,.T.);
#8815 = EDGE_CURVE('',#7840,#8816,#8818,.T.);
#8816 = VERTEX_POINT('',#8817);
#8817 = CARTESIAN_POINT('',(-6.477,6.56,2.249816340116E-15));
#8818 = SEAM_CURVE('',#8819,(#8823,#8830),.PCURVE_S1.);
#8819 = LINE('',#8820,#8821);
#8820 = CARTESIAN_POINT('',(-6.477,6.35,2.203186973082E-15));
#8821 = VECTOR('',#8822,1.);
#8822 = DIRECTION('',(0.,1.,2.22044604925E-16));
#8823 = PCURVE('',#7856,#8824);
#8824 = DEFINITIONAL_REPRESENTATION('',(#8825),#8829);
#8825 = LINE('',#8826,#8827);
#8826 = CARTESIAN_POINT('',(3.14159265359,0.));
#8827 = VECTOR('',#8828,1.);
#8828 = DIRECTION('',(0.,1.));
#8829 = ( GEOMETRIC_REPRESENTATION_CONTEXT(2) 
PARAMETRIC_REPRESENTATION_CONTEXT() REPRESENTATION_CONTEXT('2D SPACE',''
  ) );
#8830 = PCURVE('',#7856,#8831);
#8831 = DEFINITIONAL_REPRESENTATION('',(#8832),#8836);
#8832 = LINE('',#8833,#8834);
#8833 = CARTESIAN_POINT('',(9.424777960769,0.));
#8834 = VECTOR('',#8835,1.);
#8835 = DIRECTION('',(0.,1.));
#8836 = ( GEOMETRIC_REPRESENTATION_CONTEXT(2) 
PARAMETRIC_REPRESENTATION_CONTEXT() REPRESENTATION_CONTEXT('2D SPACE',''
  ) );
#8837 = ORIENTED_EDGE('',*,*,#8838,.F.);
#8838 = EDGE_CURVE('',#8816,#8816,#8839,.T.);
#8839 = SURFACE_CURVE('',#8840,(#8845,#8852),.PCURVE_S1.);
#8840 = CIRCLE('',#8841,6.477);
#8841 = AXIS2_PLACEMENT_3D('',#8842,#8843,#8844);
#8842 = CARTESIAN_POINT('',(0.,6.56,1.456612608308E-15));
#8843 = DIRECTION('',(0.,1.,2.22044604925E-16));
#8844 = DIRECTION('',(1.,0.,-0.));
#8845 = PCURVE('',#7856,#8846);
#8846 = DEFINITIONAL_REPRESENTATION('',(#8847),#8851);
#8847 = LINE('',#8848,#8849);
#8848 = CARTESIAN_POINT('',(0.,0.21));
#8849 = VECTOR('',#8850,1.);
#8850 = DIRECTION('',(1.,0.));
#8851 = ( GEOMETRIC_REPRESENTATION_CONTEXT(2) 
PARAMETRIC_REPRESENTATION_CONTEXT() REPRESENTATION_CONTEXT('2D SPACE',''
  ) );
#8852 = PCURVE('',#8221,#8853);
#8853 = DEFINITIONAL_REPRESENTATION('',(#8854),#8858);
#8854 = CIRCLE('',#8855,6.477);
#8855 = AXIS2_PLACEMENT_2D('',#8856,#8857);
#8856 = CARTESIAN_POINT('',(250.,250.));
#8857 = DIRECTION('',(0.,1.));
#8858 = ( GEOMETRIC_REPRESENTATION_CONTEXT(2) 
PARAMETRIC_REPRESENTATION_CONTEXT() REPRESENTATION_CONTEXT('2D SPACE',''
  ) );
#8859 = ORIENTED_EDGE('',*,*,#8815,.F.);
#8860 = ADVANCED_FACE('',(#8861),#8304,.T.);
#8861 = FACE_BOUND('',#8862,.T.);
#8862 = EDGE_LOOP('',(#8863,#8864,#8865,#8980,#9030,#9058,#9091,#9119));
#8863 = ORIENTED_EDGE('',*,*,#8655,.F.);
#8864 = ORIENTED_EDGE('',*,*,#8232,.T.);
#8865 = ORIENTED_EDGE('',*,*,#8866,.T.);
#8866 = EDGE_CURVE('',#8207,#8867,#8869,.T.);
#8867 = VERTEX_POINT('',#8868);
#8868 = CARTESIAN_POINT('',(10.840128060535,10.840128060535,
    17.985872890444));
#8869 = SURFACE_CURVE('',#8870,(#8903,#8939),.PCURVE_S1.);
#8870 = B_SPLINE_CURVE_WITH_KNOTS('',7,(#8871,#8872,#8873,#8874,#8875,
    #8876,#8877,#8878,#8879,#8880,#8881,#8882,#8883,#8884,#8885,#8886,
    #8887,#8888,#8889,#8890,#8891,#8892,#8893,#8894,#8895,#8896,#8897,
    #8898,#8899,#8900,#8901,#8902),.UNSPECIFIED.,.F.,.F.,(8,6,6,6,6,8),(
    0.,0.233895976486,0.504444056069,0.652180103598,0.794983520777,1.),
  .UNSPECIFIED.);
#8871 = CARTESIAN_POINT('',(6.35,2.087219286295E-14,20.016930334095));
#8872 = CARTESIAN_POINT('',(6.967425062942,2.059728708363E-14,
    19.821063681004));
#8873 = CARTESIAN_POINT('',(7.563938509079,7.003894988746E-02,
    19.607376037641));
#8874 = CARTESIAN_POINT('',(8.132261869874,0.201579559856,
    19.380154233894));
#8875 = CARTESIAN_POINT('',(8.667040905363,0.386418373973,
    19.144697040599));
#8876 = CARTESIAN_POINT('',(9.164321548571,0.61646919904,18.90679021877)
  );
#8877 = CARTESIAN_POINT('',(9.621402031046,0.883669596324,
    18.672233280559));
#8878 = CARTESIAN_POINT('',(10.51735302061,1.52257909059,18.184734003925
    ));
#8879 = CARTESIAN_POINT('',(10.94830996917,1.908499096038,
    17.931316672618));
#8880 = CARTESIAN_POINT('',(11.329448819699,2.330189275625,
    17.691980958636));
#8881 = CARTESIAN_POINT('',(11.660932194573,2.782083402314,
    17.472321636395));
#8882 = CARTESIAN_POINT('',(11.942703533211,3.25996719806,
    17.277531090483));
#8883 = CARTESIAN_POINT('',(12.174132979473,3.760562068881,
    17.112559793804));
#8884 = CARTESIAN_POINT('',(12.451498981627,4.565448625568,
    16.910790894365));
#8885 = CARTESIAN_POINT('',(12.533818031239,4.855316405697,
    16.849900001493));
#8886 = CARTESIAN_POINT('',(12.6000682122,5.149651039833,16.800251960916
    ));
#8887 = CARTESIAN_POINT('',(12.649961656006,5.44735740731,16.76253019663
    ));
#8888 = CARTESIAN_POINT('',(12.683309090071,5.747358981726,
    16.737207335296));
#8889 = CARTESIAN_POINT('',(12.7,6.048592178882,16.72453287838));
#8890 = CARTESIAN_POINT('',(12.7,6.641344377626,16.72453287838));
#8891 = CARTESIAN_POINT('',(12.684405027139,6.932537892095,
    16.736375123089));
#8892 = CARTESIAN_POINT('',(12.653243823742,7.222619234553,
    16.760037832531));
#8893 = CARTESIAN_POINT('',(12.606613604231,7.510621761767,
    16.795302647143));
#8894 = CARTESIAN_POINT('',(12.544682147854,7.795567953485,
    16.841754849939));
#8895 = CARTESIAN_POINT('',(12.46770419118,8.076464445841,
    16.898793516269));
#8896 = CARTESIAN_POINT('',(12.244471341431,8.748299022349,
    17.061636739155));
#8897 = CARTESIAN_POINT('',(12.082770088183,9.133490887813,
    17.177770140213));
#8898 = CARTESIAN_POINT('',(11.891641971205,9.50644841094,
    17.312084790745));
#8899 = CARTESIAN_POINT('',(11.671529557162,9.865583397202,
    17.462428547591));
#8900 = CARTESIAN_POINT('',(11.422730027517,10.209068280328,
    17.626491258445));
#8901 = CARTESIAN_POINT('',(11.145495506817,10.534760614253,
    17.801827209516));
#8902 = CARTESIAN_POINT('',(10.840128060535,10.840128060535,
    17.985872890444));
#8903 = PCURVE('',#8304,#8904);
#8904 = DEFINITIONAL_REPRESENTATION('',(#8905),#8938);
#8905 = B_SPLINE_CURVE_WITH_KNOTS('',7,(#8906,#8907,#8908,#8909,#8910,
    #8911,#8912,#8913,#8914,#8915,#8916,#8917,#8918,#8919,#8920,#8921,
    #8922,#8923,#8924,#8925,#8926,#8927,#8928,#8929,#8930,#8931,#8932,
    #8933,#8934,#8935,#8936,#8937),.UNSPECIFIED.,.F.,.F.,(8,6,6,6,6,8),(
    0.,0.233895976486,0.504444056069,0.652180103598,0.794983520777,1.),
  .UNSPECIFIED.);
#8906 = CARTESIAN_POINT('',(3.926990816987,115.26693033409));
#8907 = CARTESIAN_POINT('',(4.024223110364,115.071063681));
#8908 = CARTESIAN_POINT('',(4.118162299157,114.85737603764));
#8909 = CARTESIAN_POINT('',(4.209163097772,114.63015423389));
#8910 = CARTESIAN_POINT('',(4.29742817843,114.39469704059));
#8911 = CARTESIAN_POINT('',(4.383070747215,114.15679021877));
#8912 = CARTESIAN_POINT('',(4.466107887917,113.92223328055));
#8913 = CARTESIAN_POINT('',(4.639403044508,113.43473400392));
#8914 = CARTESIAN_POINT('',(4.729945688048,113.18131667261));
#8915 = CARTESIAN_POINT('',(4.818682653103,112.94198095863));
#8916 = CARTESIAN_POINT('',(4.906132827281,112.72232163639));
#8917 = CARTESIAN_POINT('',(4.992805935908,112.52753109048));
#8918 = CARTESIAN_POINT('',(5.079212466935,112.3625597938));
#8919 = CARTESIAN_POINT('',(5.213281247053,112.16079089436));
#8920 = CARTESIAN_POINT('',(5.260662612183,112.09990000149));
#8921 = CARTESIAN_POINT('',(5.308058076562,112.05025196091));
#8922 = CARTESIAN_POINT('',(5.355463995254,112.01253019663));
#8923 = CARTESIAN_POINT('',(5.402883062765,111.98720733529));
#8924 = CARTESIAN_POINT('',(5.450321345181,111.97453287838));
#8925 = CARTESIAN_POINT('',(5.543668148133,111.97453287838));
#8926 = CARTESIAN_POINT('',(5.589525381372,111.98637512308));
#8927 = CARTESIAN_POINT('',(5.635365278748,112.01003783253));
#8928 = CARTESIAN_POINT('',(5.681192468762,112.04530264714));
#8929 = CARTESIAN_POINT('',(5.727008670332,112.09175484993));
#8930 = CARTESIAN_POINT('',(5.772810126793,112.14879351626));
#8931 = CARTESIAN_POINT('',(5.884298471581,112.31163673915));
#8932 = CARTESIAN_POINT('',(5.949893696743,112.42777014021));
#8933 = CARTESIAN_POINT('',(6.015584955405,112.56208479074));
#8934 = CARTESIAN_POINT('',(6.08156989317,112.71242854759));
#8935 = CARTESIAN_POINT('',(6.148037437154,112.87649125844));
#8936 = CARTESIAN_POINT('',(6.215176679772,113.05182720951));
#8937 = CARTESIAN_POINT('',(6.28318530718,113.23587289044));
#8938 = ( GEOMETRIC_REPRESENTATION_CONTEXT(2) 
PARAMETRIC_REPRESENTATION_CONTEXT() REPRESENTATION_CONTEXT('2D SPACE',''
  ) );
#8939 = PCURVE('',#8940,#8945);
#8940 = CYLINDRICAL_SURFACE('',#8941,21.);
#8941 = AXIS2_PLACEMENT_3D('',#8942,#8943,#8944);
#8942 = CARTESIAN_POINT('',(0.,-50.,0.));
#8943 = DIRECTION('',(0.,1.,0.));
#8944 = DIRECTION('',(0.,-0.,1.));
#8945 = DEFINITIONAL_REPRESENTATION('',(#8946),#8979);
#8946 = B_SPLINE_CURVE_WITH_KNOTS('',7,(#8947,#8948,#8949,#8950,#8951,
    #8952,#8953,#8954,#8955,#8956,#8957,#8958,#8959,#8960,#8961,#8962,
    #8963,#8964,#8965,#8966,#8967,#8968,#8969,#8970,#8971,#8972,#8973,
    #8974,#8975,#8976,#8977,#8978),.UNSPECIFIED.,.F.,.F.,(8,6,6,6,6,8),(
    0.,0.233895976486,0.504444056069,0.652180103598,0.794983520777,1.),
  .UNSPECIFIED.);
#8947 = CARTESIAN_POINT('',(0.307189553218,50.));
#8948 = CARTESIAN_POINT('',(0.338034695437,50.));
#8949 = CARTESIAN_POINT('',(0.368187268617,50.070038949887));
#8950 = CARTESIAN_POINT('',(0.397303108967,50.201579559856));
#8951 = CARTESIAN_POINT('',(0.425101139453,50.386418373973));
#8952 = CARTESIAN_POINT('',(0.451334680944,50.61646919904));
#8953 = CARTESIAN_POINT('',(0.475791831236,50.883669596324));
#8954 = CARTESIAN_POINT('',(0.524362879797,51.52257909059));
#8955 = CARTESIAN_POINT('',(0.548156577499,51.908499096038));
#8956 = CARTESIAN_POINT('',(0.569574882281,52.330189275625));
#8957 = CARTESIAN_POINT('',(0.588503548854,52.782083402314));
#8958 = CARTESIAN_POINT('',(0.604812513423,53.25996719806));
#8959 = CARTESIAN_POINT('',(0.618345681115,53.760562068881));
#8960 = CARTESIAN_POINT('',(0.634678569345,54.565448625568));
#8961 = CARTESIAN_POINT('',(0.639554224062,54.855316405697));
#8962 = CARTESIAN_POINT('',(0.643496477028,55.149651039833));
#8963 = CARTESIAN_POINT('',(0.646474955153,55.44735740731));
#8964 = CARTESIAN_POINT('',(0.648468883366,55.747358981726));
#8965 = CARTESIAN_POINT('',(0.649466871465,56.048592178882));
#8966 = CARTESIAN_POINT('',(0.649466871465,56.641344377626));
#8967 = CARTESIAN_POINT('',(0.64853441174,56.932537892095));
#8968 = CARTESIAN_POINT('',(0.646671204639,57.222619234553));
#8969 = CARTESIAN_POINT('',(0.643887236004,57.510621761767));
#8970 = CARTESIAN_POINT('',(0.640200801237,57.795567953485));
#8971 = CARTESIAN_POINT('',(0.635638682835,58.076464445841));
#8972 = CARTESIAN_POINT('',(0.622480753206,58.748299022349));
#8973 = CARTESIAN_POINT('',(0.613000847982,59.133490887813));
#8974 = CARTESIAN_POINT('',(0.601877852291,59.50644841094));
#8975 = CARTESIAN_POINT('',(0.589186961398,59.865583397202));
#8976 = CARTESIAN_POINT('',(0.574999051304,60.209068280328));
#8977 = CARTESIAN_POINT('',(0.55938234513,60.534760614253));
#8978 = CARTESIAN_POINT('',(0.542404161856,60.840128060535));
#8979 = ( GEOMETRIC_REPRESENTATION_CONTEXT(2) 
PARAMETRIC_REPRESENTATION_CONTEXT() REPRESENTATION_CONTEXT('2D SPACE',''
  ) );
#8980 = ORIENTED_EDGE('',*,*,#8981,.T.);
#8981 = EDGE_CURVE('',#8867,#8982,#8984,.T.);
#8982 = VERTEX_POINT('',#8983);
#8983 = CARTESIAN_POINT('',(6.35,12.7,20.016930334095));
#8984 = SURFACE_CURVE('',#8985,(#8998,#9014),.PCURVE_S1.);
#8985 = B_SPLINE_CURVE_WITH_KNOTS('',6,(#8986,#8987,#8988,#8989,#8990,
    #8991,#8992,#8993,#8994,#8995,#8996,#8997),.UNSPECIFIED.,.F.,.F.,(7,
    5,7),(0.,0.620148919206,1.),.UNSPECIFIED.);
#8986 = CARTESIAN_POINT('',(10.840128060535,10.840128060535,
    17.985872890444));
#8987 = CARTESIAN_POINT('',(10.511806655179,11.16844946589,
    18.183752976706));
#8988 = CARTESIAN_POINT('',(10.149316978524,11.473321983091,
    18.392422549598));
#8989 = CARTESIAN_POINT('',(9.752296078598,11.751581908446,
    18.608755002025));
#8990 = CARTESIAN_POINT('',(9.320298612897,11.998918099099,
    18.829379917272));
#8991 = CARTESIAN_POINT('',(8.853260362872,12.209595465765,
    19.050404302162));
#8992 = CARTESIAN_POINT('',(8.045450002281,12.478009469982,
    19.400582022891));
#8993 = CARTESIAN_POINT('',(7.725429264271,12.563524068857,
    19.532341771979));
#8994 = CARTESIAN_POINT('',(7.393876193876,12.630284602305,19.6612297377
    ));
#8995 = CARTESIAN_POINT('',(7.052681142657,12.676323640686,
    19.785751015955));
#8996 = CARTESIAN_POINT('',(6.703960114895,12.7,19.904643050677));
#8997 = CARTESIAN_POINT('',(6.35,12.7,20.016930334095));
#8998 = PCURVE('',#8304,#8999);
#8999 = DEFINITIONAL_REPRESENTATION('',(#9000),#9013);
#9000 = B_SPLINE_CURVE_WITH_KNOTS('',6,(#9001,#9002,#9003,#9004,#9005,
    #9006,#9007,#9008,#9009,#9010,#9011,#9012),.UNSPECIFIED.,.F.,.F.,(7,
    5,7),(0.,0.620148919206,1.),.UNSPECIFIED.);
#9001 = CARTESIAN_POINT('',(6.28318530718,113.23587289044));
#9002 = CARTESIAN_POINT('',(6.356306029112,113.4337529767));
#9003 = CARTESIAN_POINT('',(6.430620594923,113.64242254959));
#9004 = CARTESIAN_POINT('',(6.506519618592,113.85875500202));
#9005 = CARTESIAN_POINT('',(6.584395213057,114.07937991727));
#9006 = CARTESIAN_POINT('',(6.664654215016,114.30040430216));
#9007 = CARTESIAN_POINT('',(6.798707214303,114.65058202289));
#9008 = CARTESIAN_POINT('',(6.85077956491,114.78234177197));
#9009 = CARTESIAN_POINT('',(6.90388175775,114.9112297377));
#9010 = CARTESIAN_POINT('',(6.957925024587,115.03575101595));
#9011 = CARTESIAN_POINT('',(7.0128417202,115.15464305067));
#9012 = CARTESIAN_POINT('',(7.068583470577,115.26693033409));
#9013 = ( GEOMETRIC_REPRESENTATION_CONTEXT(2) 
PARAMETRIC_REPRESENTATION_CONTEXT() REPRESENTATION_CONTEXT('2D SPACE',''
  ) );
#9014 = PCURVE('',#8940,#9015);
#9015 = DEFINITIONAL_REPRESENTATION('',(#9016),#9029);
#9016 = B_SPLINE_CURVE_WITH_KNOTS('',6,(#9017,#9018,#9019,#9020,#9021,
    #9022,#9023,#9024,#9025,#9026,#9027,#9028),.UNSPECIFIED.,.F.,.F.,(7,
    5,7),(0.,0.620148919206,1.),.UNSPECIFIED.);
#9017 = CARTESIAN_POINT('',(0.542404161856,60.840128060535));
#9018 = CARTESIAN_POINT('',(0.524149757004,61.16844946589));
#9019 = CARTESIAN_POINT('',(0.504236624593,61.473321983091));
#9020 = CARTESIAN_POINT('',(0.482715765293,61.751581908446));
#9021 = CARTESIAN_POINT('',(0.459631299457,61.998918099099));
#9022 = CARTESIAN_POINT('',(0.435040039073,62.209595465765));
#9023 = CARTESIAN_POINT('',(0.393114124099,62.478009469982));
#9024 = CARTESIAN_POINT('',(0.37663675874,62.563524068857));
#9025 = CARTESIAN_POINT('',(0.35970266576,62.630284602305));
#9026 = CARTESIAN_POINT('',(0.342412929034,62.676323640686));
#9027 = CARTESIAN_POINT('',(0.324872589977,62.7));
#9028 = CARTESIAN_POINT('',(0.307189553218,62.7));
#9029 = ( GEOMETRIC_REPRESENTATION_CONTEXT(2) 
PARAMETRIC_REPRESENTATION_CONTEXT() REPRESENTATION_CONTEXT('2D SPACE',''
  ) );
#9030 = ORIENTED_EDGE('',*,*,#9031,.T.);
#9031 = EDGE_CURVE('',#8982,#9032,#9034,.T.);
#9032 = VERTEX_POINT('',#9033);
#9033 = CARTESIAN_POINT('',(6.35,12.7,190.5));
#9034 = SURFACE_CURVE('',#9035,(#9039,#9046),.PCURVE_S1.);
#9035 = LINE('',#9036,#9037);
#9036 = CARTESIAN_POINT('',(6.35,12.7,-95.25));
#9037 = VECTOR('',#9038,1.);
#9038 = DIRECTION('',(-2.22044604925E-16,-2.465190328816E-32,1.));
#9039 = PCURVE('',#8304,#9040);
#9040 = DEFINITIONAL_REPRESENTATION('',(#9041),#9045);
#9041 = LINE('',#9042,#9043);
#9042 = CARTESIAN_POINT('',(7.068583470577,0.));
#9043 = VECTOR('',#9044,1.);
#9044 = DIRECTION('',(0.,1.));
#9045 = ( GEOMETRIC_REPRESENTATION_CONTEXT(2) 
PARAMETRIC_REPRESENTATION_CONTEXT() REPRESENTATION_CONTEXT('2D SPACE',''
  ) );
#9046 = PCURVE('',#9047,#9052);
#9047 = PLANE('',#9048);
#9048 = AXIS2_PLACEMENT_3D('',#9049,#9050,#9051);
#9049 = CARTESIAN_POINT('',(-1.33226762955E-14,12.7,0.));
#9050 = DIRECTION('',(1.224646799147E-16,-1.,2.540718180781E-33));
#9051 = DIRECTION('',(-2.22044604925E-16,-2.465190328816E-32,1.));
#9052 = DEFINITIONAL_REPRESENTATION('',(#9053),#9057);
#9053 = LINE('',#9054,#9055);
#9054 = CARTESIAN_POINT('',(-95.25,-6.35));
#9055 = VECTOR('',#9056,1.);
#9056 = DIRECTION('',(1.,-2.465190328816E-32));
#9057 = ( GEOMETRIC_REPRESENTATION_CONTEXT(2) 
PARAMETRIC_REPRESENTATION_CONTEXT() REPRESENTATION_CONTEXT('2D SPACE',''
  ) );
#9058 = ORIENTED_EDGE('',*,*,#9059,.T.);
#9059 = EDGE_CURVE('',#9032,#9060,#9062,.T.);
#9060 = VERTEX_POINT('',#9061);
#9061 = CARTESIAN_POINT('',(6.35,2.364725582429E-14,190.5));
#9062 = SURFACE_CURVE('',#9063,(#9068,#9075),.PCURVE_S1.);
#9063 = CIRCLE('',#9064,6.35);
#9064 = AXIS2_PLACEMENT_3D('',#9065,#9066,#9067);
#9065 = CARTESIAN_POINT('',(6.35,6.35,190.5));
#9066 = DIRECTION('',(2.22044604925E-16,3.697785493223E-32,-1.));
#9067 = DIRECTION('',(0.707106781187,-0.707106781187,1.570092458684E-16)
  );
#9068 = PCURVE('',#8304,#9069);
#9069 = DEFINITIONAL_REPRESENTATION('',(#9070),#9074);
#9070 = LINE('',#9071,#9072);
#9071 = CARTESIAN_POINT('',(10.995574287564,285.75));
#9072 = VECTOR('',#9073,1.);
#9073 = DIRECTION('',(-1.,0.));
#9074 = ( GEOMETRIC_REPRESENTATION_CONTEXT(2) 
PARAMETRIC_REPRESENTATION_CONTEXT() REPRESENTATION_CONTEXT('2D SPACE',''
  ) );
#9075 = PCURVE('',#9076,#9081);
#9076 = PLANE('',#9077);
#9077 = AXIS2_PLACEMENT_3D('',#9078,#9079,#9080);
#9078 = CARTESIAN_POINT('',(12.7,12.7,190.5));
#9079 = DIRECTION('',(-2.22044604925E-16,-2.465190328816E-32,1.));
#9080 = DIRECTION('',(-1.,-1.224646799147E-16,-2.22044604925E-16));
#9081 = DEFINITIONAL_REPRESENTATION('',(#9082),#9090);
#9082 = ( BOUNDED_CURVE() B_SPLINE_CURVE(2,(#9083,#9084,#9085,#9086,
#9087,#9088,#9089),.UNSPECIFIED.,.T.,.F.) B_SPLINE_CURVE_WITH_KNOTS((1,2
    ,2,2,2,1),(-2.094395102393,0.,2.094395102393,4.188790204786,
6.28318530718,8.377580409573),.UNSPECIFIED.) CURVE() 
GEOMETRIC_REPRESENTATION_ITEM() RATIONAL_B_SPLINE_CURVE((1.,0.5,1.,0.5,
1.,0.5,1.)) REPRESENTATION_ITEM('') );
#9083 = CARTESIAN_POINT('',(1.859871939465,10.840128060535));
#9084 = CARTESIAN_POINT('',(9.637001872802,18.617257993871));
#9085 = CARTESIAN_POINT('',(12.483628996936,7.993500936401));
#9086 = CARTESIAN_POINT('',(15.330256121069,-2.630256121069));
#9087 = CARTESIAN_POINT('',(4.706499063599,0.216371003064));
#9088 = CARTESIAN_POINT('',(-5.917257993871,3.062998127198));
#9089 = CARTESIAN_POINT('',(1.859871939465,10.840128060535));
#9090 = ( GEOMETRIC_REPRESENTATION_CONTEXT(2) 
PARAMETRIC_REPRESENTATION_CONTEXT() REPRESENTATION_CONTEXT('2D SPACE',''
  ) );
#9091 = ORIENTED_EDGE('',*,*,#9092,.T.);
#9092 = EDGE_CURVE('',#9060,#9093,#9095,.T.);
#9093 = VERTEX_POINT('',#9094);
#9094 = CARTESIAN_POINT('',(6.35,2.331468351713E-14,43.179999427795));
#9095 = SURFACE_CURVE('',#9096,(#9100,#9107),.PCURVE_S1.);
#9096 = LINE('',#9097,#9098);
#9097 = CARTESIAN_POINT('',(6.35,2.331468351713E-14,-95.25));
#9098 = VECTOR('',#9099,1.);
#9099 = DIRECTION('',(2.22044604925E-16,2.465190328816E-32,-1.));
#9100 = PCURVE('',#8304,#9101);
#9101 = DEFINITIONAL_REPRESENTATION('',(#9102),#9106);
#9102 = LINE('',#9103,#9104);
#9103 = CARTESIAN_POINT('',(3.926990816987,0.));
#9104 = VECTOR('',#9105,1.);
#9105 = DIRECTION('',(0.,-1.));
#9106 = ( GEOMETRIC_REPRESENTATION_CONTEXT(2) 
PARAMETRIC_REPRESENTATION_CONTEXT() REPRESENTATION_CONTEXT('2D SPACE',''
  ) );
#9107 = PCURVE('',#9108,#9113);
#9108 = PLANE('',#9109);
#9109 = AXIS2_PLACEMENT_3D('',#9110,#9111,#9112);
#9110 = CARTESIAN_POINT('',(-1.176737486058E-14,2.22044604925E-14,
    3.226712089592E-32));
#9111 = DIRECTION('',(1.224646799147E-16,-1.,2.540718180781E-33));
#9112 = DIRECTION('',(1.,1.224646799147E-16,2.22044604925E-16));
#9113 = DEFINITIONAL_REPRESENTATION('',(#9114),#9118);
#9114 = LINE('',#9115,#9116);
#9115 = CARTESIAN_POINT('',(6.35,-95.25));
#9116 = VECTOR('',#9117,1.);
#9117 = DIRECTION('',(-2.465190328816E-32,-1.));
#9118 = ( GEOMETRIC_REPRESENTATION_CONTEXT(2) 
PARAMETRIC_REPRESENTATION_CONTEXT() REPRESENTATION_CONTEXT('2D SPACE',''
  ) );
#9119 = ORIENTED_EDGE('',*,*,#9120,.F.);
#9120 = EDGE_CURVE('',#8600,#9093,#9121,.T.);
#9121 = SURFACE_CURVE('',#9122,(#9127,#9134),.PCURVE_S1.);
#9122 = CIRCLE('',#9123,6.35);
#9123 = AXIS2_PLACEMENT_3D('',#9124,#9125,#9126);
#9124 = CARTESIAN_POINT('',(6.35,6.35,43.179999427795));
#9125 = DIRECTION('',(2.22044604925E-16,3.697785493223E-32,-1.));
#9126 = DIRECTION('',(0.707106781187,-0.707106781187,1.570092458684E-16)
  );
#9127 = PCURVE('',#8304,#9128);
#9128 = DEFINITIONAL_REPRESENTATION('',(#9129),#9133);
#9129 = LINE('',#9130,#9131);
#9130 = CARTESIAN_POINT('',(10.995574287564,138.42999942779));
#9131 = VECTOR('',#9132,1.);
#9132 = DIRECTION('',(-1.,0.));
#9133 = ( GEOMETRIC_REPRESENTATION_CONTEXT(2) 
PARAMETRIC_REPRESENTATION_CONTEXT() REPRESENTATION_CONTEXT('2D SPACE',''
  ) );
#9134 = PCURVE('',#8616,#9135);
#9135 = DEFINITIONAL_REPRESENTATION('',(#9136),#9162);
#9136 = B_SPLINE_CURVE_WITH_KNOTS('',3,(#9137,#9138,#9139,#9140,#9141,
    #9142,#9143,#9144,#9145,#9146,#9147,#9148,#9149,#9150,#9151,#9152,
    #9153,#9154,#9155,#9156,#9157,#9158,#9159,#9160,#9161),
  .UNSPECIFIED.,.F.,.F.,(4,1,1,1,1,1,1,1,1,1,1,1,1,1,1,1,1,1,1,1,1,1,4),
  (5.497787143782,5.569186976818,5.640586809854,5.711986642891,
    5.783386475927,5.854786308963,5.926186141999,5.997585975035,
    6.068985808071,6.140385641107,6.211785474143,6.28318530718,
    6.354585140216,6.425984973252,6.497384806288,6.568784639324,
    6.64018447236,6.711584305396,6.782984138433,6.854383971469,
    6.925783804505,6.997183637541,7.068583470577),
  .QUASI_UNIFORM_KNOTS.);
#9137 = CARTESIAN_POINT('',(1.482163061311E-14,-1.468641481394E-14));
#9138 = CARTESIAN_POINT('',(1.482163061311E-14,-2.64330485283E-02));
#9139 = CARTESIAN_POINT('',(1.482163061311E-14,-7.852521262875E-02));
#9140 = CARTESIAN_POINT('',(1.482163061311E-14,-0.154606454553));
#9141 = CARTESIAN_POINT('',(1.482163061311E-14,-0.228904158181));
#9142 = CARTESIAN_POINT('',(1.482163061311E-14,-0.301661439934));
#9143 = CARTESIAN_POINT('',(1.482163061311E-14,-0.373106106239));
#9144 = CARTESIAN_POINT('',(1.482163061311E-14,-0.443450603945));
#9145 = CARTESIAN_POINT('',(1.482163061311E-14,-0.512895531033));
#9146 = CARTESIAN_POINT('',(1.482163061311E-14,-0.581631810168));
#9147 = CARTESIAN_POINT('',(1.482163061311E-14,-0.649842920765));
#9148 = CARTESIAN_POINT('',(1.482163061311E-14,-0.717706886775));
#9149 = CARTESIAN_POINT('',(1.482163061311E-14,-0.785398163397));
#9150 = CARTESIAN_POINT('',(1.482163061311E-14,-0.85308944002));
#9151 = CARTESIAN_POINT('',(1.482163061311E-14,-0.92095340603));
#9152 = CARTESIAN_POINT('',(1.482163061311E-14,-0.989164516627));
#9153 = CARTESIAN_POINT('',(1.482163061311E-14,-1.057900795762));
#9154 = CARTESIAN_POINT('',(1.482163061311E-14,-1.12734572285));
#9155 = CARTESIAN_POINT('',(1.482163061311E-14,-1.197690220556));
#9156 = CARTESIAN_POINT('',(1.482163061311E-14,-1.269134886861));
#9157 = CARTESIAN_POINT('',(1.482163061311E-14,-1.341892168614));
#9158 = CARTESIAN_POINT('',(1.482163061311E-14,-1.416189872242));
#9159 = CARTESIAN_POINT('',(1.482163061311E-14,-1.492271114166));
#9160 = CARTESIAN_POINT('',(1.482163061311E-14,-1.544363278267));
#9161 = CARTESIAN_POINT('',(1.482163061311E-14,-1.570796326795));
#9162 = ( GEOMETRIC_REPRESENTATION_CONTEXT(2) 
PARAMETRIC_REPRESENTATION_CONTEXT() REPRESENTATION_CONTEXT('2D SPACE',''
  ) );
#9163 = ADVANCED_FACE('',(#9164,#9220),#8221,.T.);
#9164 = FACE_BOUND('',#9165,.T.);
#9165 = EDGE_LOOP('',(#9166,#9167,#9168,#9169,#9198));
#9166 = ORIENTED_EDGE('',*,*,#8206,.F.);
#9167 = ORIENTED_EDGE('',*,*,#8349,.T.);
#9168 = ORIENTED_EDGE('',*,*,#8791,.F.);
#9169 = ORIENTED_EDGE('',*,*,#9170,.T.);
#9170 = EDGE_CURVE('',#8682,#9171,#9173,.T.);
#9171 = VERTEX_POINT('',#9172);
#9172 = CARTESIAN_POINT('',(-5.143516556419E-15,6.56,21.));
#9173 = SURFACE_CURVE('',#9174,(#9179,#9186),.PCURVE_S1.);
#9174 = CIRCLE('',#9175,21.);
#9175 = AXIS2_PLACEMENT_3D('',#9176,#9177,#9178);
#9176 = CARTESIAN_POINT('',(0.,6.56,0.));
#9177 = DIRECTION('',(0.,1.,0.));
#9178 = DIRECTION('',(0.,-0.,1.));
#9179 = PCURVE('',#8221,#9180);
#9180 = DEFINITIONAL_REPRESENTATION('',(#9181),#9185);
#9181 = CIRCLE('',#9182,21.);
#9182 = AXIS2_PLACEMENT_2D('',#9183,#9184);
#9183 = CARTESIAN_POINT('',(250.,250.));
#9184 = DIRECTION('',(1.,0.));
#9185 = ( GEOMETRIC_REPRESENTATION_CONTEXT(2) 
PARAMETRIC_REPRESENTATION_CONTEXT() REPRESENTATION_CONTEXT('2D SPACE',''
  ) );
#9186 = PCURVE('',#9187,#9192);
#9187 = CYLINDRICAL_SURFACE('',#9188,21.);
#9188 = AXIS2_PLACEMENT_3D('',#9189,#9190,#9191);
#9189 = CARTESIAN_POINT('',(0.,-50.,0.));
#9190 = DIRECTION('',(0.,1.,0.));
#9191 = DIRECTION('',(0.,-0.,1.));
#9192 = DEFINITIONAL_REPRESENTATION('',(#9193),#9197);
#9193 = LINE('',#9194,#9195);
#9194 = CARTESIAN_POINT('',(0.,56.56));
#9195 = VECTOR('',#9196,1.);
#9196 = DIRECTION('',(1.,0.));
#9197 = ( GEOMETRIC_REPRESENTATION_CONTEXT(2) 
PARAMETRIC_REPRESENTATION_CONTEXT() REPRESENTATION_CONTEXT('2D SPACE',''
  ) );
#9198 = ORIENTED_EDGE('',*,*,#9199,.T.);
#9199 = EDGE_CURVE('',#9171,#8207,#9200,.T.);
#9200 = SURFACE_CURVE('',#9201,(#9206,#9213),.PCURVE_S1.);
#9201 = CIRCLE('',#9202,21.);
#9202 = AXIS2_PLACEMENT_3D('',#9203,#9204,#9205);
#9203 = CARTESIAN_POINT('',(0.,6.56,0.));
#9204 = DIRECTION('',(0.,1.,0.));
#9205 = DIRECTION('',(0.,-0.,1.));
#9206 = PCURVE('',#8221,#9207);
#9207 = DEFINITIONAL_REPRESENTATION('',(#9208),#9212);
#9208 = CIRCLE('',#9209,21.);
#9209 = AXIS2_PLACEMENT_2D('',#9210,#9211);
#9210 = CARTESIAN_POINT('',(250.,250.));
#9211 = DIRECTION('',(1.,0.));
#9212 = ( GEOMETRIC_REPRESENTATION_CONTEXT(2) 
PARAMETRIC_REPRESENTATION_CONTEXT() REPRESENTATION_CONTEXT('2D SPACE',''
  ) );
#9213 = PCURVE('',#8940,#9214);
#9214 = DEFINITIONAL_REPRESENTATION('',(#9215),#9219);
#9215 = LINE('',#9216,#9217);
#9216 = CARTESIAN_POINT('',(0.,56.56));
#9217 = VECTOR('',#9218,1.);
#9218 = DIRECTION('',(1.,0.));
#9219 = ( GEOMETRIC_REPRESENTATION_CONTEXT(2) 
PARAMETRIC_REPRESENTATION_CONTEXT() REPRESENTATION_CONTEXT('2D SPACE',''
  ) );
#9220 = FACE_BOUND('',#9221,.T.);
#9221 = EDGE_LOOP('',(#9222));
#9222 = ORIENTED_EDGE('',*,*,#8838,.F.);
#9223 = ADVANCED_FACE('',(#9224),#8616,.F.);
#9224 = FACE_BOUND('',#9225,.F.);
#9225 = EDGE_LOOP('',(#9226,#9272,#9321,#9322));
#9226 = ORIENTED_EDGE('',*,*,#9227,.F.);
#9227 = EDGE_CURVE('',#9228,#8572,#9230,.T.);
#9228 = VERTEX_POINT('',#9229);
#9229 = CARTESIAN_POINT('',(6.35,5.08,38.099999427795));
#9230 = SURFACE_CURVE('',#9231,(#9236,#9265),.PCURVE_S1.);
#9231 = CIRCLE('',#9232,1.27);
#9232 = AXIS2_PLACEMENT_3D('',#9233,#9234,#9235);
#9233 = CARTESIAN_POINT('',(6.35,6.35,38.099999427795));
#9234 = DIRECTION('',(-2.22044604925E-16,-3.697785493223E-32,1.));
#9235 = DIRECTION('',(0.707106781187,-0.707106781187,1.570092458684E-16)
  );
#9236 = PCURVE('',#8616,#9237);
#9237 = DEFINITIONAL_REPRESENTATION('',(#9238),#9264);
#9238 = B_SPLINE_CURVE_WITH_KNOTS('',3,(#9239,#9240,#9241,#9242,#9243,
    #9244,#9245,#9246,#9247,#9248,#9249,#9250,#9251,#9252,#9253,#9254,
    #9255,#9256,#9257,#9258,#9259,#9260,#9261,#9262,#9263),
  .UNSPECIFIED.,.F.,.F.,(4,1,1,1,1,1,1,1,1,1,1,1,1,1,1,1,1,1,1,1,1,1,4),
  (5.497787143782,5.569186976818,5.640586809854,5.711986642891,
    5.783386475927,5.854786308963,5.926186141999,5.997585975035,
    6.068985808071,6.140385641107,6.211785474143,6.28318530718,
    6.354585140216,6.425984973252,6.497384806288,6.568784639324,
    6.64018447236,6.711584305396,6.782984138433,6.854383971469,
    6.925783804505,6.997183637541,7.068583470577),
  .QUASI_UNIFORM_KNOTS.);
#9239 = CARTESIAN_POINT('',(-1.570796326795,-1.570796326795));
#9240 = CARTESIAN_POINT('',(-1.570796326795,-1.544363278267));
#9241 = CARTESIAN_POINT('',(-1.570796326795,-1.492271114166));
#9242 = CARTESIAN_POINT('',(-1.570796326795,-1.416189872242));
#9243 = CARTESIAN_POINT('',(-1.570796326795,-1.341892168614));
#9244 = CARTESIAN_POINT('',(-1.570796326795,-1.269134886861));
#9245 = CARTESIAN_POINT('',(-1.570796326795,-1.197690220556));
#9246 = CARTESIAN_POINT('',(-1.570796326795,-1.12734572285));
#9247 = CARTESIAN_POINT('',(-1.570796326795,-1.057900795762));
#9248 = CARTESIAN_POINT('',(-1.570796326795,-0.989164516627));
#9249 = CARTESIAN_POINT('',(-1.570796326795,-0.92095340603));
#9250 = CARTESIAN_POINT('',(-1.570796326795,-0.85308944002));
#9251 = CARTESIAN_POINT('',(-1.570796326795,-0.785398163397));
#9252 = CARTESIAN_POINT('',(-1.570796326795,-0.717706886775));
#9253 = CARTESIAN_POINT('',(-1.570796326795,-0.649842920765));
#9254 = CARTESIAN_POINT('',(-1.570796326795,-0.581631810168));
#9255 = CARTESIAN_POINT('',(-1.570796326795,-0.512895531033));
#9256 = CARTESIAN_POINT('',(-1.570796326795,-0.443450603945));
#9257 = CARTESIAN_POINT('',(-1.570796326795,-0.373106106239));
#9258 = CARTESIAN_POINT('',(-1.570796326795,-0.301661439934));
#9259 = CARTESIAN_POINT('',(-1.570796326795,-0.228904158181));
#9260 = CARTESIAN_POINT('',(-1.570796326795,-0.154606454553));
#9261 = CARTESIAN_POINT('',(-1.570796326795,-7.852521262889E-02));
#9262 = CARTESIAN_POINT('',(-1.570796326795,-2.643304852838E-02));
#9263 = CARTESIAN_POINT('',(-1.570796326795,-1.468641481394E-14));
#9264 = ( GEOMETRIC_REPRESENTATION_CONTEXT(2) 
PARAMETRIC_REPRESENTATION_CONTEXT() REPRESENTATION_CONTEXT('2D SPACE',''
  ) );
#9265 = PCURVE('',#8587,#9266);
#9266 = DEFINITIONAL_REPRESENTATION('',(#9267),#9271);
#9267 = CIRCLE('',#9268,1.27);
#9268 = AXIS2_PLACEMENT_2D('',#9269,#9270);
#9269 = CARTESIAN_POINT('',(19.05,6.35));
#9270 = DIRECTION('',(0.707106781187,-0.707106781187));
#9271 = ( GEOMETRIC_REPRESENTATION_CONTEXT(2) 
PARAMETRIC_REPRESENTATION_CONTEXT() REPRESENTATION_CONTEXT('2D SPACE',''
  ) );
#9272 = ORIENTED_EDGE('',*,*,#9273,.T.);
#9273 = EDGE_CURVE('',#9228,#9093,#9274,.T.);
#9274 = SURFACE_CURVE('',#9275,(#9280,#9309),.PCURVE_S1.);
#9275 = CIRCLE('',#9276,5.08);
#9276 = AXIS2_PLACEMENT_3D('',#9277,#9278,#9279);
#9277 = CARTESIAN_POINT('',(6.35,5.08,43.179999427795));
#9278 = DIRECTION('',(-1.,-2.185478394931E-16,-2.185478394931E-16));
#9279 = DIRECTION('',(2.185478394931E-16,0.,-1.));
#9280 = PCURVE('',#8616,#9281);
#9281 = DEFINITIONAL_REPRESENTATION('',(#9282),#9308);
#9282 = B_SPLINE_CURVE_WITH_KNOTS('',3,(#9283,#9284,#9285,#9286,#9287,
    #9288,#9289,#9290,#9291,#9292,#9293,#9294,#9295,#9296,#9297,#9298,
    #9299,#9300,#9301,#9302,#9303,#9304,#9305,#9306,#9307),
  .UNSPECIFIED.,.F.,.F.,(4,1,1,1,1,1,1,1,1,1,1,1,1,1,1,1,1,1,1,1,1,1,4),
  (0.,7.139983303613E-02,0.142799666072,0.214199499108,0.285599332145,
    0.356999165181,0.428398998217,0.499798831253,0.571198664289,
    0.642598497325,0.713998330361,0.785398163397,0.856797996434,
    0.92819782947,0.999597662506,1.070997495542,1.142397328578,
    1.213797161614,1.28519699465,1.356596827687,1.427996660723,
    1.499396493759,1.570796326795),.QUASI_UNIFORM_KNOTS.);
#9283 = CARTESIAN_POINT('',(-1.570796326795,-1.570796326795));
#9284 = CARTESIAN_POINT('',(-1.544363278267,-1.570796326795));
#9285 = CARTESIAN_POINT('',(-1.492271114166,-1.570796326795));
#9286 = CARTESIAN_POINT('',(-1.416189872242,-1.570796326795));
#9287 = CARTESIAN_POINT('',(-1.341892168614,-1.570796326795));
#9288 = CARTESIAN_POINT('',(-1.269134886861,-1.570796326795));
#9289 = CARTESIAN_POINT('',(-1.197690220556,-1.570796326795));
#9290 = CARTESIAN_POINT('',(-1.12734572285,-1.570796326795));
#9291 = CARTESIAN_POINT('',(-1.057900795762,-1.570796326795));
#9292 = CARTESIAN_POINT('',(-0.989164516627,-1.570796326795));
#9293 = CARTESIAN_POINT('',(-0.92095340603,-1.570796326795));
#9294 = CARTESIAN_POINT('',(-0.85308944002,-1.570796326795));
#9295 = CARTESIAN_POINT('',(-0.785398163397,-1.570796326795));
#9296 = CARTESIAN_POINT('',(-0.717706886775,-1.570796326795));
#9297 = CARTESIAN_POINT('',(-0.649842920765,-1.570796326795));
#9298 = CARTESIAN_POINT('',(-0.581631810168,-1.570796326795));
#9299 = CARTESIAN_POINT('',(-0.512895531033,-1.570796326795));
#9300 = CARTESIAN_POINT('',(-0.443450603945,-1.570796326795));
#9301 = CARTESIAN_POINT('',(-0.373106106239,-1.570796326795));
#9302 = CARTESIAN_POINT('',(-0.301661439934,-1.570796326795));
#9303 = CARTESIAN_POINT('',(-0.228904158181,-1.570796326795));
#9304 = CARTESIAN_POINT('',(-0.154606454553,-1.570796326795));
#9305 = CARTESIAN_POINT('',(-7.85252126287E-02,-1.570796326795));
#9306 = CARTESIAN_POINT('',(-2.643304852826E-02,-1.570796326795));
#9307 = CARTESIAN_POINT('',(1.482163061311E-14,-1.570796326795));
#9308 = ( GEOMETRIC_REPRESENTATION_CONTEXT(2) 
PARAMETRIC_REPRESENTATION_CONTEXT() REPRESENTATION_CONTEXT('2D SPACE',''
  ) );
#9309 = PCURVE('',#9310,#9315);
#9310 = CYLINDRICAL_SURFACE('',#9311,5.08);
#9311 = AXIS2_PLACEMENT_3D('',#9312,#9313,#9314);
#9312 = CARTESIAN_POINT('',(-6.35,5.08,43.179999427795));
#9313 = DIRECTION('',(1.,1.224646799147E-16,2.22044604925E-16));
#9314 = DIRECTION('',(2.436048514919E-16,-0.707106781187,-0.707106781187
    ));
#9315 = DEFINITIONAL_REPRESENTATION('',(#9316),#9320);
#9316 = LINE('',#9317,#9318);
#9317 = CARTESIAN_POINT('',(0.785398163397,12.7));
#9318 = VECTOR('',#9319,1.);
#9319 = DIRECTION('',(-1.,0.));
#9320 = ( GEOMETRIC_REPRESENTATION_CONTEXT(2) 
PARAMETRIC_REPRESENTATION_CONTEXT() REPRESENTATION_CONTEXT('2D SPACE',''
  ) );
#9321 = ORIENTED_EDGE('',*,*,#9120,.F.);
#9322 = ORIENTED_EDGE('',*,*,#8599,.T.);
#9323 = ADVANCED_FACE('',(#9324),#8587,.F.);
#9324 = FACE_BOUND('',#9325,.T.);
#9325 = EDGE_LOOP('',(#9326,#9327,#9350,#9372));
#9326 = ORIENTED_EDGE('',*,*,#9227,.F.);
#9327 = ORIENTED_EDGE('',*,*,#9328,.F.);
#9328 = EDGE_CURVE('',#9329,#9228,#9331,.T.);
#9329 = VERTEX_POINT('',#9330);
#9330 = CARTESIAN_POINT('',(2.909935566297,5.08,38.099999427795));
#9331 = SURFACE_CURVE('',#9332,(#9336,#9343),.PCURVE_S1.);
#9332 = LINE('',#9333,#9334);
#9333 = CARTESIAN_POINT('',(-6.35,5.08,38.099999427795));
#9334 = VECTOR('',#9335,1.);
#9335 = DIRECTION('',(1.,1.224646799147E-16,2.22044604925E-16));
#9336 = PCURVE('',#8587,#9337);
#9337 = DEFINITIONAL_REPRESENTATION('',(#9338),#9342);
#9338 = LINE('',#9339,#9340);
#9339 = CARTESIAN_POINT('',(6.35,5.08));
#9340 = VECTOR('',#9341,1.);
#9341 = DIRECTION('',(1.,-5.641527646774E-49));
#9342 = ( GEOMETRIC_REPRESENTATION_CONTEXT(2) 
PARAMETRIC_REPRESENTATION_CONTEXT() REPRESENTATION_CONTEXT('2D SPACE',''
  ) );
#9343 = PCURVE('',#9310,#9344);
#9344 = DEFINITIONAL_REPRESENTATION('',(#9345),#9349);
#9345 = LINE('',#9346,#9347);
#9346 = CARTESIAN_POINT('',(0.785398163397,-1.7763568394E-15));
#9347 = VECTOR('',#9348,1.);
#9348 = DIRECTION('',(0.,1.));
#9349 = ( GEOMETRIC_REPRESENTATION_CONTEXT(2) 
PARAMETRIC_REPRESENTATION_CONTEXT() REPRESENTATION_CONTEXT('2D SPACE',''
  ) );
#9350 = ORIENTED_EDGE('',*,*,#9351,.T.);
#9351 = EDGE_CURVE('',#9329,#8549,#9352,.T.);
#9352 = SURFACE_CURVE('',#9353,(#9358,#9365),.PCURVE_S1.);
#9353 = CIRCLE('',#9354,3.175);
#9354 = AXIS2_PLACEMENT_3D('',#9355,#9356,#9357);
#9355 = CARTESIAN_POINT('',(-4.844842463224E-14,6.35,38.099999427795));
#9356 = DIRECTION('',(-2.22044604925E-16,-2.465190328816E-32,1.));
#9357 = DIRECTION('',(-1.,4.65414261379E-30,-2.22044604925E-16));
#9358 = PCURVE('',#8587,#9359);
#9359 = DEFINITIONAL_REPRESENTATION('',(#9360),#9364);
#9360 = CIRCLE('',#9361,3.175);
#9361 = AXIS2_PLACEMENT_2D('',#9362,#9363);
#9362 = CARTESIAN_POINT('',(12.7,6.35));
#9363 = DIRECTION('',(-1.,1.224646799147E-16));
#9364 = ( GEOMETRIC_REPRESENTATION_CONTEXT(2) 
PARAMETRIC_REPRESENTATION_CONTEXT() REPRESENTATION_CONTEXT('2D SPACE',''
  ) );
#9365 = PCURVE('',#8507,#9366);
#9366 = DEFINITIONAL_REPRESENTATION('',(#9367),#9371);
#9367 = LINE('',#9368,#9369);
#9368 = CARTESIAN_POINT('',(6.28318530718,152.4000005722));
#9369 = VECTOR('',#9370,1.);
#9370 = DIRECTION('',(-1.,0.));
#9371 = ( GEOMETRIC_REPRESENTATION_CONTEXT(2) 
PARAMETRIC_REPRESENTATION_CONTEXT() REPRESENTATION_CONTEXT('2D SPACE',''
  ) );
#9372 = ORIENTED_EDGE('',*,*,#8571,.T.);
#9373 = ADVANCED_FACE('',(#9374),#8507,.F.);
#9374 = FACE_BOUND('',#9375,.F.);
#9375 = EDGE_LOOP('',(#9376,#9399,#9400,#9466,#9467,#9491,#9611,#9612,
    #9613));
#9376 = ORIENTED_EDGE('',*,*,#9377,.T.);
#9377 = EDGE_CURVE('',#9378,#8549,#9380,.T.);
#9378 = VERTEX_POINT('',#9379);
#9379 = CARTESIAN_POINT('',(3.175,6.35,190.5));
#9380 = SEAM_CURVE('',#9381,(#9385,#9392),.PCURVE_S1.);
#9381 = LINE('',#9382,#9383);
#9382 = CARTESIAN_POINT('',(3.175,6.35,190.5));
#9383 = VECTOR('',#9384,1.);
#9384 = DIRECTION('',(2.219101139469E-16,4.438202278938E-16,-1.));
#9385 = PCURVE('',#8507,#9386);
#9386 = DEFINITIONAL_REPRESENTATION('',(#9387),#9391);
#9387 = LINE('',#9388,#9389);
#9388 = CARTESIAN_POINT('',(9.424777960769,0.));
#9389 = VECTOR('',#9390,1.);
#9390 = DIRECTION('',(0.,1.));
#9391 = ( GEOMETRIC_REPRESENTATION_CONTEXT(2) 
PARAMETRIC_REPRESENTATION_CONTEXT() REPRESENTATION_CONTEXT('2D SPACE',''
  ) );
#9392 = PCURVE('',#8507,#9393);
#9393 = DEFINITIONAL_REPRESENTATION('',(#9394),#9398);
#9394 = LINE('',#9395,#9396);
#9395 = CARTESIAN_POINT('',(3.14159265359,0.));
#9396 = VECTOR('',#9397,1.);
#9397 = DIRECTION('',(0.,1.));
#9398 = ( GEOMETRIC_REPRESENTATION_CONTEXT(2) 
PARAMETRIC_REPRESENTATION_CONTEXT() REPRESENTATION_CONTEXT('2D SPACE',''
  ) );
#9399 = ORIENTED_EDGE('',*,*,#8548,.T.);
#9400 = ORIENTED_EDGE('',*,*,#9401,.F.);
#9401 = EDGE_CURVE('',#8492,#8520,#9402,.T.);
#9402 = SURFACE_CURVE('',#9403,(#9408,#9437),.PCURVE_S1.);
#9403 = ELLIPSE('',#9404,4.490128060535,3.175);
#9404 = AXIS2_PLACEMENT_3D('',#9405,#9406,#9407);
#9405 = CARTESIAN_POINT('',(-4.596422241992E-14,6.35,25.4));
#9406 = DIRECTION('',(0.,0.707106781187,-0.707106781187));
#9407 = DIRECTION('',(6.181466372771E-17,-0.707106781187,-0.707106781187
    ));
#9408 = PCURVE('',#8507,#9409);
#9409 = DEFINITIONAL_REPRESENTATION('',(#9410),#9436);
#9410 = B_SPLINE_CURVE_WITH_KNOTS('',3,(#9411,#9412,#9413,#9414,#9415,
    #9416,#9417,#9418,#9419,#9420,#9421,#9422,#9423,#9424,#9425,#9426,
    #9427,#9428,#9429,#9430,#9431,#9432,#9433,#9434,#9435),
  .UNSPECIFIED.,.F.,.F.,(4,1,1,1,1,1,1,1,1,1,1,1,1,1,1,1,1,1,1,1,1,1,4),
  (1.570796326795,1.713595992867,1.856395658939,1.999195325012,
    2.141994991084,2.284794657156,2.427594323228,2.570393989301,
    2.713193655373,2.855993321445,2.998792987518,3.14159265359,
    3.284392319662,3.427191985734,3.569991651807,3.712791317879,
    3.855590983951,3.998390650023,4.141190316096,4.283989982168,
    4.42678964824,4.569589314312,4.712388980385),.QUASI_UNIFORM_KNOTS.);
#9411 = CARTESIAN_POINT('',(6.28318530718,165.1));
#9412 = CARTESIAN_POINT('',(6.33078519587,164.94885163732));
#9413 = CARTESIAN_POINT('',(6.425984973252,164.64662095874));
#9414 = CARTESIAN_POINT('',(6.568784639324,164.2024515193));
#9415 = CARTESIAN_POINT('',(6.711584305396,163.77656775619));
#9416 = CARTESIAN_POINT('',(6.854383971469,163.37762145823));
#9417 = CARTESIAN_POINT('',(6.997183637541,163.01373883835));
#9418 = CARTESIAN_POINT('',(7.139983303613,162.69232620669));
#9419 = CARTESIAN_POINT('',(7.282782969685,162.4199269434));
#9420 = CARTESIAN_POINT('',(7.425582635758,162.20208621926));
#9421 = CARTESIAN_POINT('',(7.56838230183,162.04323866805));
#9422 = CARTESIAN_POINT('',(7.711181967902,161.94661796117));
#9423 = CARTESIAN_POINT('',(7.853981633974,161.91419101941));
#9424 = CARTESIAN_POINT('',(7.996781300047,161.94661796117));
#9425 = CARTESIAN_POINT('',(8.139580966119,162.04323866805));
#9426 = CARTESIAN_POINT('',(8.282380632191,162.20208621926));
#9427 = CARTESIAN_POINT('',(8.425180298264,162.4199269434));
#9428 = CARTESIAN_POINT('',(8.567979964336,162.69232620669));
#9429 = CARTESIAN_POINT('',(8.710779630408,163.01373883835));
#9430 = CARTESIAN_POINT('',(8.85357929648,163.37762145823));
#9431 = CARTESIAN_POINT('',(8.996378962553,163.77656775619));
#9432 = CARTESIAN_POINT('',(9.139178628625,164.2024515193));
#9433 = CARTESIAN_POINT('',(9.281978294697,164.64662095874));
#9434 = CARTESIAN_POINT('',(9.377178072079,164.94885163732));
#9435 = CARTESIAN_POINT('',(9.424777960769,165.1));
#9436 = ( GEOMETRIC_REPRESENTATION_CONTEXT(2) 
PARAMETRIC_REPRESENTATION_CONTEXT() REPRESENTATION_CONTEXT('2D SPACE',''
  ) );
#9437 = PCURVE('',#8536,#9438);
#9438 = DEFINITIONAL_REPRESENTATION('',(#9439),#9465);
#9439 = B_SPLINE_CURVE_WITH_KNOTS('',3,(#9440,#9441,#9442,#9443,#9444,
    #9445,#9446,#9447,#9448,#9449,#9450,#9451,#9452,#9453,#9454,#9455,
    #9456,#9457,#9458,#9459,#9460,#9461,#9462,#9463,#9464),
  .UNSPECIFIED.,.F.,.F.,(4,1,1,1,1,1,1,1,1,1,1,1,1,1,1,1,1,1,1,1,1,1,4),
  (1.570796326795,1.713595992867,1.856395658939,1.999195325012,
    2.141994991084,2.284794657156,2.427594323228,2.570393989301,
    2.713193655373,2.855993321445,2.998792987518,3.14159265359,
    3.284392319662,3.427191985734,3.569991651807,3.712791317879,
    3.855590983951,3.998390650023,4.141190316096,4.283989982168,
    4.42678964824,4.569589314312,4.712388980385),.QUASI_UNIFORM_KNOTS.);
#9440 = CARTESIAN_POINT('',(6.28318530718,6.35));
#9441 = CARTESIAN_POINT('',(6.235585418489,6.198851637326));
#9442 = CARTESIAN_POINT('',(6.140385641107,5.896620958742));
#9443 = CARTESIAN_POINT('',(5.997585975035,5.452451519309));
#9444 = CARTESIAN_POINT('',(5.854786308963,5.026567756193));
#9445 = CARTESIAN_POINT('',(5.711986642891,4.627621458231));
#9446 = CARTESIAN_POINT('',(5.569186976818,4.263738838353));
#9447 = CARTESIAN_POINT('',(5.426387310746,3.942326206699));
#9448 = CARTESIAN_POINT('',(5.283587644674,3.669926943401));
#9449 = CARTESIAN_POINT('',(5.140787978601,3.452086219261));
#9450 = CARTESIAN_POINT('',(4.997988312529,3.293238668052));
#9451 = CARTESIAN_POINT('',(4.855188646457,3.196617961176));
#9452 = CARTESIAN_POINT('',(4.712388980385,3.164191019412));
#9453 = CARTESIAN_POINT('',(4.569589314312,3.196617961176));
#9454 = CARTESIAN_POINT('',(4.42678964824,3.293238668052));
#9455 = CARTESIAN_POINT('',(4.283989982168,3.452086219261));
#9456 = CARTESIAN_POINT('',(4.141190316096,3.669926943401));
#9457 = CARTESIAN_POINT('',(3.998390650023,3.942326206699));
#9458 = CARTESIAN_POINT('',(3.855590983951,4.263738838353));
#9459 = CARTESIAN_POINT('',(3.712791317879,4.627621458231));
#9460 = CARTESIAN_POINT('',(3.569991651807,5.026567756193));
#9461 = CARTESIAN_POINT('',(3.427191985734,5.452451519309));
#9462 = CARTESIAN_POINT('',(3.284392319662,5.896620958742));
#9463 = CARTESIAN_POINT('',(3.189192542281,6.198851637326));
#9464 = CARTESIAN_POINT('',(3.14159265359,6.35));
#9465 = ( GEOMETRIC_REPRESENTATION_CONTEXT(2) 
PARAMETRIC_REPRESENTATION_CONTEXT() REPRESENTATION_CONTEXT('2D SPACE',''
  ) );
#9466 = ORIENTED_EDGE('',*,*,#8491,.T.);
#9467 = ORIENTED_EDGE('',*,*,#9468,.T.);
#9468 = EDGE_CURVE('',#8464,#9469,#9471,.T.);
#9469 = VERTEX_POINT('',#9470);
#9470 = CARTESIAN_POINT('',(-2.909935566297,5.08,38.099999427795));
#9471 = SURFACE_CURVE('',#9472,(#9477,#9484),.PCURVE_S1.);
#9472 = CIRCLE('',#9473,3.175);
#9473 = AXIS2_PLACEMENT_3D('',#9474,#9475,#9476);
#9474 = CARTESIAN_POINT('',(-4.844842463224E-14,6.35,38.099999427795));
#9475 = DIRECTION('',(-2.22044604925E-16,-2.465190328816E-32,1.));
#9476 = DIRECTION('',(-1.,4.65414261379E-30,-2.22044604925E-16));
#9477 = PCURVE('',#8507,#9478);
#9478 = DEFINITIONAL_REPRESENTATION('',(#9479),#9483);
#9479 = LINE('',#9480,#9481);
#9480 = CARTESIAN_POINT('',(6.28318530718,152.4000005722));
#9481 = VECTOR('',#9482,1.);
#9482 = DIRECTION('',(-1.,0.));
#9483 = ( GEOMETRIC_REPRESENTATION_CONTEXT(2) 
PARAMETRIC_REPRESENTATION_CONTEXT() REPRESENTATION_CONTEXT('2D SPACE',''
  ) );
#9484 = PCURVE('',#8479,#9485);
#9485 = DEFINITIONAL_REPRESENTATION('',(#9486),#9490);
#9486 = CIRCLE('',#9487,3.175);
#9487 = AXIS2_PLACEMENT_2D('',#9488,#9489);
#9488 = CARTESIAN_POINT('',(12.7,6.35));
#9489 = DIRECTION('',(-1.,1.224646799147E-16));
#9490 = ( GEOMETRIC_REPRESENTATION_CONTEXT(2) 
PARAMETRIC_REPRESENTATION_CONTEXT() REPRESENTATION_CONTEXT('2D SPACE',''
  ) );
#9491 = ORIENTED_EDGE('',*,*,#9492,.T.);
#9492 = EDGE_CURVE('',#9469,#9329,#9493,.T.);
#9493 = SURFACE_CURVE('',#9494,(#9509,#9560),.PCURVE_S1.);
#9494 = B_SPLINE_CURVE_WITH_KNOTS('',3,(#9495,#9496,#9497,#9498,#9499,
    #9500,#9501,#9502,#9503,#9504,#9505,#9506,#9507,#9508),
  .UNSPECIFIED.,.F.,.F.,(4,2,2,2,2,2,4),(-1.385981664144,-1.27410018718,
    -1.151916498844,-1.029732810507,-0.90754912217,-0.785365433834,
    -0.67348395687),.UNSPECIFIED.);
#9495 = CARTESIAN_POINT('',(-2.909935566297,5.08,38.099999427795));
#9496 = CARTESIAN_POINT('',(-2.752753804527,4.719851339411,
    38.099999427795));
#9497 = CARTESIAN_POINT('',(-2.525008257358,4.390025553791,38.1399161663
    ));
#9498 = CARTESIAN_POINT('',(-1.983571573732,3.838244843243,
    38.24538308926));
#9499 = CARTESIAN_POINT('',(-1.625912803903,3.589615406181,
    38.32037700558));
#9500 = CARTESIAN_POINT('',(-0.838048317952,3.257915406373,
    38.434771623054));
#9501 = CARTESIAN_POINT('',(-0.407278961122,3.175,38.47071338849));
#9502 = CARTESIAN_POINT('',(0.407278961122,3.175,38.47071338849));
#9503 = CARTESIAN_POINT('',(0.838048317952,3.257915406373,
    38.434771623054));
#9504 = CARTESIAN_POINT('',(1.625912803903,3.589615406181,38.32037700558
    ));
#9505 = CARTESIAN_POINT('',(1.983571573732,3.838244843243,38.24538308926
    ));
#9506 = CARTESIAN_POINT('',(2.525008257358,4.390025553791,38.1399161663)
  );
#9507 = CARTESIAN_POINT('',(2.752753804527,4.719851339411,
    38.099999427795));
#9508 = CARTESIAN_POINT('',(2.909935566297,5.08,38.099999427795));
#9509 = PCURVE('',#8507,#9510);
#9510 = DEFINITIONAL_REPRESENTATION('',(#9511),#9559);
#9511 = B_SPLINE_CURVE_WITH_KNOTS('',3,(#9512,#9513,#9514,#9515,#9516,
    #9517,#9518,#9519,#9520,#9521,#9522,#9523,#9524,#9525,#9526,#9527,
    #9528,#9529,#9530,#9531,#9532,#9533,#9534,#9535,#9536,#9537,#9538,
    #9539,#9540,#9541,#9542,#9543,#9544,#9545,#9546,#9547,#9548,#9549,
    #9550,#9551,#9552,#9553,#9554,#9555,#9556,#9557,#9558),
  .UNSPECIFIED.,.F.,.F.,(4,1,1,1,1,1,1,1,1,1,1,1,1,1,1,1,1,1,1,1,1,1,1,1
    ,1,1,1,1,1,1,1,1,1,1,1,1,1,1,1,1,1,1,1,1,4),(-1.385981664144,
    -1.369788534434,-1.353595404723,-1.337402275012,-1.321209145301,
    -1.30501601559,-1.28882288588,-1.272629756169,-1.256436626458,
    -1.240243496747,-1.224050367036,-1.207857237326,-1.191664107615,
    -1.175470977904,-1.159277848193,-1.143084718483,-1.126891588772,
    -1.110698459061,-1.09450532935,-1.078312199639,-1.062119069929,
    -1.045925940218,-1.029732810507,-1.013539680796,-0.997346551085,
    -0.981153421375,-0.964960291664,-0.948767161953,-0.932574032242,
    -0.916380902531,-0.900187772821,-0.88399464311,-0.867801513399,
    -0.851608383688,-0.835415253978,-0.819222124267,-0.803028994556,
    -0.786835864845,-0.770642735134,-0.754449605424,-0.738256475713,
    -0.722063346002,-0.705870216291,-0.68967708658,-0.67348395687),
  .QUASI_UNIFORM_KNOTS.);
#9512 = CARTESIAN_POINT('',(5.871668461112,152.4000005722));
#9513 = CARTESIAN_POINT('',(5.853757089108,152.4000005722));
#9514 = CARTESIAN_POINT('',(5.817921938685,152.39832824262));
#9515 = CARTESIAN_POINT('',(5.764265875441,152.39133768263));
#9516 = CARTESIAN_POINT('',(5.710836183005,152.38040114182));
#9517 = CARTESIAN_POINT('',(5.657777176069,152.36605063919));
#9518 = CARTESIAN_POINT('',(5.605276537172,152.34883329527));
#9519 = CARTESIAN_POINT('',(5.553395637222,152.32923989021));
#9520 = CARTESIAN_POINT('',(5.502683450822,152.30797146422));
#9521 = CARTESIAN_POINT('',(5.451811151705,152.28492500307));
#9522 = CARTESIAN_POINT('',(5.400075572939,152.26027830167));
#9523 = CARTESIAN_POINT('',(5.347810463296,152.23465199813));
#9524 = CARTESIAN_POINT('',(5.295074365623,152.20854810638));
#9525 = CARTESIAN_POINT('',(5.241996629907,152.18250029383));
#9526 = CARTESIAN_POINT('',(5.188678775827,152.15703423812));
#9527 = CARTESIAN_POINT('',(5.135215409216,152.13267592248));
#9528 = CARTESIAN_POINT('',(5.081681727536,152.10995809766));
#9529 = CARTESIAN_POINT('',(5.028125485815,152.08965920889));
#9530 = CARTESIAN_POINT('',(4.974638961135,152.07189941762));
#9531 = CARTESIAN_POINT('',(4.921328726837,152.05690661206));
#9532 = CARTESIAN_POINT('',(4.868307486717,152.04487981505));
#9533 = CARTESIAN_POINT('',(4.8157184243,152.03602578408));
#9534 = CARTESIAN_POINT('',(4.763616302849,152.03054920342));
#9535 = CARTESIAN_POINT('',(4.712388980385,152.02865531555));
#9536 = CARTESIAN_POINT('',(4.66116165792,152.03054920342));
#9537 = CARTESIAN_POINT('',(4.609059536469,152.03602578408));
#9538 = CARTESIAN_POINT('',(4.556470474052,152.04487981505));
#9539 = CARTESIAN_POINT('',(4.503449233932,152.05690661206));
#9540 = CARTESIAN_POINT('',(4.450138999634,152.07189941762));
#9541 = CARTESIAN_POINT('',(4.396652474954,152.08965920889));
#9542 = CARTESIAN_POINT('',(4.343096233234,152.10995809766));
#9543 = CARTESIAN_POINT('',(4.289562551554,152.13267592248));
#9544 = CARTESIAN_POINT('',(4.236099184942,152.15703423812));
#9545 = CARTESIAN_POINT('',(4.182781330863,152.18250029383));
#9546 = CARTESIAN_POINT('',(4.129703595146,152.20854810638));
#9547 = CARTESIAN_POINT('',(4.076967497474,152.23465199813));
#9548 = CARTESIAN_POINT('',(4.024702387831,152.26027830167));
#9549 = CARTESIAN_POINT('',(3.972966809065,152.28492500307));
#9550 = CARTESIAN_POINT('',(3.922094509948,152.30797146422));
#9551 = CARTESIAN_POINT('',(3.871382323548,152.32923989021));
#9552 = CARTESIAN_POINT('',(3.819501423597,152.34883329527));
#9553 = CARTESIAN_POINT('',(3.7670007847,152.36605063919));
#9554 = CARTESIAN_POINT('',(3.713941777764,152.38040114182));
#9555 = CARTESIAN_POINT('',(3.660512085329,152.39133768263));
#9556 = CARTESIAN_POINT('',(3.606856022084,152.39832824262));
#9557 = CARTESIAN_POINT('',(3.571020871661,152.4000005722));
#9558 = CARTESIAN_POINT('',(3.553109499657,152.4000005722));
#9559 = ( GEOMETRIC_REPRESENTATION_CONTEXT(2) 
PARAMETRIC_REPRESENTATION_CONTEXT() REPRESENTATION_CONTEXT('2D SPACE',''
  ) );
#9560 = PCURVE('',#9310,#9561);
#9561 = DEFINITIONAL_REPRESENTATION('',(#9562),#9610);
#9562 = B_SPLINE_CURVE_WITH_KNOTS('',3,(#9563,#9564,#9565,#9566,#9567,
    #9568,#9569,#9570,#9571,#9572,#9573,#9574,#9575,#9576,#9577,#9578,
    #9579,#9580,#9581,#9582,#9583,#9584,#9585,#9586,#9587,#9588,#9589,
    #9590,#9591,#9592,#9593,#9594,#9595,#9596,#9597,#9598,#9599,#9600,
    #9601,#9602,#9603,#9604,#9605,#9606,#9607,#9608,#9609),
  .UNSPECIFIED.,.F.,.F.,(4,1,1,1,1,1,1,1,1,1,1,1,1,1,1,1,1,1,1,1,1,1,1,1
    ,1,1,1,1,1,1,1,1,1,1,1,1,1,1,1,1,1,1,1,1,4),(-1.385981664144,
    -1.369788534434,-1.353595404723,-1.337402275012,-1.321209145301,
    -1.30501601559,-1.28882288588,-1.272629756169,-1.256436626458,
    -1.240243496747,-1.224050367036,-1.207857237326,-1.191664107615,
    -1.175470977904,-1.159277848193,-1.143084718483,-1.126891588772,
    -1.110698459061,-1.09450532935,-1.078312199639,-1.062119069929,
    -1.045925940218,-1.029732810507,-1.013539680796,-0.997346551085,
    -0.981153421375,-0.964960291664,-0.948767161953,-0.932574032242,
    -0.916380902531,-0.900187772821,-0.88399464311,-0.867801513399,
    -0.851608383688,-0.835415253978,-0.819222124267,-0.803028994556,
    -0.786835864845,-0.770642735134,-0.754449605424,-0.738256475713,
    -0.722063346002,-0.705870216291,-0.68967708658,-0.67348395687),
  .QUASI_UNIFORM_KNOTS.);
#9563 = CARTESIAN_POINT('',(0.785398163397,3.440064433703));
#9564 = CARTESIAN_POINT('',(0.775137755912,3.462814085617));
#9565 = CARTESIAN_POINT('',(0.754864683228,3.511269582174));
#9566 = CARTESIAN_POINT('',(0.725305596079,3.59210421291));
#9567 = CARTESIAN_POINT('',(0.696702937267,3.680367075293));
#9568 = CARTESIAN_POINT('',(0.669167473221,3.77535588195));
#9569 = CARTESIAN_POINT('',(0.642830633466,3.876290839945));
#9570 = CARTESIAN_POINT('',(0.617768492753,3.982681311712));
#9571 = CARTESIAN_POINT('',(0.594284318694,4.092957543774));
#9572 = CARTESIAN_POINT('',(0.571829157364,4.20967624858));
#9573 = CARTESIAN_POINT('',(0.550156618044,4.334090366407));
#9574 = CARTESIAN_POINT('',(0.529495679583,4.465177869596));
#9575 = CARTESIAN_POINT('',(0.509952643698,4.602526470929));
#9576 = CARTESIAN_POINT('',(0.491670182191,4.745559889359));
#9577 = CARTESIAN_POINT('',(0.47478526475,4.893748078712));
#9578 = CARTESIAN_POINT('',(0.459435211015,5.046540047156));
#9579 = CARTESIAN_POINT('',(0.445773195086,5.203422350616));
#9580 = CARTESIAN_POINT('',(0.433901007872,5.363756417191));
#9581 = CARTESIAN_POINT('',(0.423814589131,5.526663514824));
#9582 = CARTESIAN_POINT('',(0.415530899905,5.69130670603));
#9583 = CARTESIAN_POINT('',(0.409062002386,5.856856897436));
#9584 = CARTESIAN_POINT('',(0.404422204414,6.022411824655));
#9585 = CARTESIAN_POINT('',(0.401626131482,6.187354063237));
#9586 = CARTESIAN_POINT('',(0.400689017612,6.35));
#9587 = CARTESIAN_POINT('',(0.401626131482,6.512645936762));
#9588 = CARTESIAN_POINT('',(0.404422204414,6.677588175345));
#9589 = CARTESIAN_POINT('',(0.409062002386,6.843143102564));
#9590 = CARTESIAN_POINT('',(0.415530899905,7.00869329397));
#9591 = CARTESIAN_POINT('',(0.423814589131,7.173336485176));
#9592 = CARTESIAN_POINT('',(0.433901007872,7.336243582809));
#9593 = CARTESIAN_POINT('',(0.445773195086,7.496577649384));
#9594 = CARTESIAN_POINT('',(0.459435211015,7.653459952844));
#9595 = CARTESIAN_POINT('',(0.47478526475,7.806251921288));
#9596 = CARTESIAN_POINT('',(0.491670182191,7.954440110641));
#9597 = CARTESIAN_POINT('',(0.509952643698,8.097473529071));
#9598 = CARTESIAN_POINT('',(0.529495679583,8.234822130404));
#9599 = CARTESIAN_POINT('',(0.550156618044,8.365909633593));
#9600 = CARTESIAN_POINT('',(0.571829157364,8.49032375142));
#9601 = CARTESIAN_POINT('',(0.594284318694,8.607042456226));
#9602 = CARTESIAN_POINT('',(0.617768492753,8.717318688288));
#9603 = CARTESIAN_POINT('',(0.642830633466,8.823709160055));
#9604 = CARTESIAN_POINT('',(0.669167473221,8.92464411805));
#9605 = CARTESIAN_POINT('',(0.696702937267,9.019632924707));
#9606 = CARTESIAN_POINT('',(0.725305596079,9.10789578709));
#9607 = CARTESIAN_POINT('',(0.754864683228,9.188730417826));
#9608 = CARTESIAN_POINT('',(0.775137755912,9.237185914383));
#9609 = CARTESIAN_POINT('',(0.785398163397,9.259935566297));
#9610 = ( GEOMETRIC_REPRESENTATION_CONTEXT(2) 
PARAMETRIC_REPRESENTATION_CONTEXT() REPRESENTATION_CONTEXT('2D SPACE',''
  ) );
#9611 = ORIENTED_EDGE('',*,*,#9351,.T.);
#9612 = ORIENTED_EDGE('',*,*,#9377,.F.);
#9613 = ORIENTED_EDGE('',*,*,#9614,.T.);
#9614 = EDGE_CURVE('',#9378,#9378,#9615,.T.);
#9615 = SURFACE_CURVE('',#9616,(#9621,#9628),.PCURVE_S1.);
#9616 = CIRCLE('',#9617,3.175);
#9617 = AXIS2_PLACEMENT_3D('',#9618,#9619,#9620);
#9618 = CARTESIAN_POINT('',(-8.226752612472E-14,6.35,190.5));
#9619 = DIRECTION('',(2.22044604925E-16,2.465190328816E-32,-1.));
#9620 = DIRECTION('',(-1.,4.65414261379E-30,-2.22044604925E-16));
#9621 = PCURVE('',#8507,#9622);
#9622 = DEFINITIONAL_REPRESENTATION('',(#9623),#9627);
#9623 = LINE('',#9624,#9625);
#9624 = CARTESIAN_POINT('',(0.,0.));
#9625 = VECTOR('',#9626,1.);
#9626 = DIRECTION('',(1.,0.));
#9627 = ( GEOMETRIC_REPRESENTATION_CONTEXT(2) 
PARAMETRIC_REPRESENTATION_CONTEXT() REPRESENTATION_CONTEXT('2D SPACE',''
  ) );
#9628 = PCURVE('',#9076,#9629);
#9629 = DEFINITIONAL_REPRESENTATION('',(#9630),#9638);
#9630 = ( BOUNDED_CURVE() B_SPLINE_CURVE(2,(#9631,#9632,#9633,#9634,
#9635,#9636,#9637),.UNSPECIFIED.,.T.,.F.) B_SPLINE_CURVE_WITH_KNOTS((1,2
    ,2,2,2,1),(-2.094395102393,0.,2.094395102393,4.188790204786,
6.28318530718,8.377580409573),.UNSPECIFIED.) CURVE() 
GEOMETRIC_REPRESENTATION_ITEM() RATIONAL_B_SPLINE_CURVE((1.,0.5,1.,0.5,
1.,0.5,1.)) REPRESENTATION_ITEM('') );
#9631 = CARTESIAN_POINT('',(15.875,6.35));
#9632 = CARTESIAN_POINT('',(15.875,0.850738685969));
#9633 = CARTESIAN_POINT('',(11.1125,3.600369342984));
#9634 = CARTESIAN_POINT('',(6.35,6.35));
#9635 = CARTESIAN_POINT('',(11.1125,9.099630657016));
#9636 = CARTESIAN_POINT('',(15.875,11.849261314031));
#9637 = CARTESIAN_POINT('',(15.875,6.35));
#9638 = ( GEOMETRIC_REPRESENTATION_CONTEXT(2) 
PARAMETRIC_REPRESENTATION_CONTEXT() REPRESENTATION_CONTEXT('2D SPACE',''
  ) );
#9639 = ADVANCED_FACE('',(#9640),#8536,.F.);
#9640 = FACE_BOUND('',#9641,.F.);
#9641 = EDGE_LOOP('',(#9642,#9665,#9666,#9667,#9668));
#9642 = ORIENTED_EDGE('',*,*,#9643,.T.);
#9643 = EDGE_CURVE('',#9644,#8520,#9646,.T.);
#9644 = VERTEX_POINT('',#9645);
#9645 = CARTESIAN_POINT('',(3.175,12.7,25.4));
#9646 = SEAM_CURVE('',#9647,(#9651,#9658),.PCURVE_S1.);
#9647 = LINE('',#9648,#9649);
#9648 = CARTESIAN_POINT('',(3.175,12.7,25.4));
#9649 = VECTOR('',#9650,1.);
#9650 = DIRECTION('',(8.741913579726E-17,-1.,0.));
#9651 = PCURVE('',#8536,#9652);
#9652 = DEFINITIONAL_REPRESENTATION('',(#9653),#9657);
#9653 = LINE('',#9654,#9655);
#9654 = CARTESIAN_POINT('',(9.424777960769,0.));
#9655 = VECTOR('',#9656,1.);
#9656 = DIRECTION('',(0.,1.));
#9657 = ( GEOMETRIC_REPRESENTATION_CONTEXT(2) 
PARAMETRIC_REPRESENTATION_CONTEXT() REPRESENTATION_CONTEXT('2D SPACE',''
  ) );
#9658 = PCURVE('',#8536,#9659);
#9659 = DEFINITIONAL_REPRESENTATION('',(#9660),#9664);
#9660 = LINE('',#9661,#9662);
#9661 = CARTESIAN_POINT('',(3.14159265359,0.));
#9662 = VECTOR('',#9663,1.);
#9663 = DIRECTION('',(0.,1.));
#9664 = ( GEOMETRIC_REPRESENTATION_CONTEXT(2) 
PARAMETRIC_REPRESENTATION_CONTEXT() REPRESENTATION_CONTEXT('2D SPACE',''
  ) );
#9665 = ORIENTED_EDGE('',*,*,#8519,.T.);
#9666 = ORIENTED_EDGE('',*,*,#9401,.T.);
#9667 = ORIENTED_EDGE('',*,*,#9643,.F.);
#9668 = ORIENTED_EDGE('',*,*,#9669,.T.);
#9669 = EDGE_CURVE('',#9644,#9644,#9670,.T.);
#9670 = SURFACE_CURVE('',#9671,(#9676,#9683),.PCURVE_S1.);
#9671 = CIRCLE('',#9672,3.175);
#9672 = AXIS2_PLACEMENT_3D('',#9673,#9674,#9675);
#9673 = CARTESIAN_POINT('',(-4.651933393224E-14,12.7,25.4));
#9674 = DIRECTION('',(1.224646799147E-16,-1.,2.540718180781E-33));
#9675 = DIRECTION('',(-1.,-1.224646799147E-16,8.904085109465E-50));
#9676 = PCURVE('',#8536,#9677);
#9677 = DEFINITIONAL_REPRESENTATION('',(#9678),#9682);
#9678 = LINE('',#9679,#9680);
#9679 = CARTESIAN_POINT('',(0.,0.));
#9680 = VECTOR('',#9681,1.);
#9681 = DIRECTION('',(1.,0.));
#9682 = ( GEOMETRIC_REPRESENTATION_CONTEXT(2) 
PARAMETRIC_REPRESENTATION_CONTEXT() REPRESENTATION_CONTEXT('2D SPACE',''
  ) );
#9683 = PCURVE('',#9047,#9684);
#9684 = DEFINITIONAL_REPRESENTATION('',(#9685),#9689);
#9685 = CIRCLE('',#9686,3.175);
#9686 = AXIS2_PLACEMENT_2D('',#9687,#9688);
#9687 = CARTESIAN_POINT('',(25.4,2.755672467164E-14));
#9688 = DIRECTION('',(2.22044604925E-16,1.));
#9689 = ( GEOMETRIC_REPRESENTATION_CONTEXT(2) 
PARAMETRIC_REPRESENTATION_CONTEXT() REPRESENTATION_CONTEXT('2D SPACE',''
  ) );
#9690 = ADVANCED_FACE('',(#9691),#8479,.F.);
#9691 = FACE_BOUND('',#9692,.T.);
#9692 = EDGE_LOOP('',(#9693,#9739,#9740,#9741));
#9693 = ORIENTED_EDGE('',*,*,#9694,.F.);
#9694 = EDGE_CURVE('',#8408,#9695,#9697,.T.);
#9695 = VERTEX_POINT('',#9696);
#9696 = CARTESIAN_POINT('',(-6.35,5.08,38.099999427795));
#9697 = SURFACE_CURVE('',#9698,(#9703,#9710),.PCURVE_S1.);
#9698 = CIRCLE('',#9699,1.27);
#9699 = AXIS2_PLACEMENT_3D('',#9700,#9701,#9702);
#9700 = CARTESIAN_POINT('',(-6.35,6.35,38.099999427795));
#9701 = DIRECTION('',(-2.22044604925E-16,-3.697785493223E-32,1.));
#9702 = DIRECTION('',(-0.707106781187,-0.707106781187,
    -1.570092458684E-16));
#9703 = PCURVE('',#8479,#9704);
#9704 = DEFINITIONAL_REPRESENTATION('',(#9705),#9709);
#9705 = CIRCLE('',#9706,1.27);
#9706 = AXIS2_PLACEMENT_2D('',#9707,#9708);
#9707 = CARTESIAN_POINT('',(6.35,6.35));
#9708 = DIRECTION('',(-0.707106781187,-0.707106781187));
#9709 = ( GEOMETRIC_REPRESENTATION_CONTEXT(2) 
PARAMETRIC_REPRESENTATION_CONTEXT() REPRESENTATION_CONTEXT('2D SPACE',''
  ) );
#9710 = PCURVE('',#8424,#9711);
#9711 = DEFINITIONAL_REPRESENTATION('',(#9712),#9738);
#9712 = B_SPLINE_CURVE_WITH_KNOTS('',3,(#9713,#9714,#9715,#9716,#9717,
    #9718,#9719,#9720,#9721,#9722,#9723,#9724,#9725,#9726,#9727,#9728,
    #9729,#9730,#9731,#9732,#9733,#9734,#9735,#9736,#9737),
  .UNSPECIFIED.,.F.,.F.,(4,1,1,1,1,1,1,1,1,1,1,1,1,1,1,1,1,1,1,1,1,1,4),
  (5.497787143782,5.569186976818,5.640586809854,5.711986642891,
    5.783386475927,5.854786308963,5.926186141999,5.997585975035,
    6.068985808071,6.140385641107,6.211785474143,6.28318530718,
    6.354585140216,6.425984973252,6.497384806288,6.568784639324,
    6.64018447236,6.711584305396,6.782984138433,6.854383971469,
    6.925783804505,6.997183637541,7.068583470577),
  .QUASI_UNIFORM_KNOTS.);
#9713 = CARTESIAN_POINT('',(-1.570796326795,-3.14159265359));
#9714 = CARTESIAN_POINT('',(-1.570796326795,-3.115159605061));
#9715 = CARTESIAN_POINT('',(-1.570796326795,-3.063067440961));
#9716 = CARTESIAN_POINT('',(-1.570796326795,-2.986986199037));
#9717 = CARTESIAN_POINT('',(-1.570796326795,-2.912688495408));
#9718 = CARTESIAN_POINT('',(-1.570796326795,-2.839931213656));
#9719 = CARTESIAN_POINT('',(-1.570796326795,-2.768486547351));
#9720 = CARTESIAN_POINT('',(-1.570796326795,-2.698142049645));
#9721 = CARTESIAN_POINT('',(-1.570796326795,-2.628697122557));
#9722 = CARTESIAN_POINT('',(-1.570796326795,-2.559960843422));
#9723 = CARTESIAN_POINT('',(-1.570796326795,-2.491749732825));
#9724 = CARTESIAN_POINT('',(-1.570796326795,-2.423885766815));
#9725 = CARTESIAN_POINT('',(-1.570796326795,-2.356194490192));
#9726 = CARTESIAN_POINT('',(-1.570796326795,-2.28850321357));
#9727 = CARTESIAN_POINT('',(-1.570796326795,-2.22063924756));
#9728 = CARTESIAN_POINT('',(-1.570796326795,-2.152428136963));
#9729 = CARTESIAN_POINT('',(-1.570796326795,-2.083691857828));
#9730 = CARTESIAN_POINT('',(-1.570796326795,-2.01424693074));
#9731 = CARTESIAN_POINT('',(-1.570796326795,-1.943902433034));
#9732 = CARTESIAN_POINT('',(-1.570796326795,-1.872457766729));
#9733 = CARTESIAN_POINT('',(-1.570796326795,-1.799700484976));
#9734 = CARTESIAN_POINT('',(-1.570796326795,-1.725402781348));
#9735 = CARTESIAN_POINT('',(-1.570796326795,-1.649321539424));
#9736 = CARTESIAN_POINT('',(-1.570796326795,-1.597229375323));
#9737 = CARTESIAN_POINT('',(-1.570796326795,-1.570796326795));
#9738 = ( GEOMETRIC_REPRESENTATION_CONTEXT(2) 
PARAMETRIC_REPRESENTATION_CONTEXT() REPRESENTATION_CONTEXT('2D SPACE',''
  ) );
#9739 = ORIENTED_EDGE('',*,*,#8463,.T.);
#9740 = ORIENTED_EDGE('',*,*,#9468,.T.);
#9741 = ORIENTED_EDGE('',*,*,#9742,.F.);
#9742 = EDGE_CURVE('',#9695,#9469,#9743,.T.);
#9743 = SURFACE_CURVE('',#9744,(#9748,#9755),.PCURVE_S1.);
#9744 = LINE('',#9745,#9746);
#9745 = CARTESIAN_POINT('',(-6.35,5.08,38.099999427795));
#9746 = VECTOR('',#9747,1.);
#9747 = DIRECTION('',(1.,1.224646799147E-16,2.22044604925E-16));
#9748 = PCURVE('',#8479,#9749);
#9749 = DEFINITIONAL_REPRESENTATION('',(#9750),#9754);
#9750 = LINE('',#9751,#9752);
#9751 = CARTESIAN_POINT('',(6.35,5.08));
#9752 = VECTOR('',#9753,1.);
#9753 = DIRECTION('',(1.,-5.641527646774E-49));
#9754 = ( GEOMETRIC_REPRESENTATION_CONTEXT(2) 
PARAMETRIC_REPRESENTATION_CONTEXT() REPRESENTATION_CONTEXT('2D SPACE',''
  ) );
#9755 = PCURVE('',#9310,#9756);
#9756 = DEFINITIONAL_REPRESENTATION('',(#9757),#9761);
#9757 = LINE('',#9758,#9759);
#9758 = CARTESIAN_POINT('',(0.785398163397,-8.881784197001E-16));
#9759 = VECTOR('',#9760,1.);
#9760 = DIRECTION('',(1.290932825267E-16,1.));
#9761 = ( GEOMETRIC_REPRESENTATION_CONTEXT(2) 
PARAMETRIC_REPRESENTATION_CONTEXT() REPRESENTATION_CONTEXT('2D SPACE',''
  ) );
#9762 = ADVANCED_FACE('',(#9763),#8424,.F.);
#9763 = FACE_BOUND('',#9764,.F.);
#9764 = EDGE_LOOP('',(#9765,#9766,#9767,#9813));
#9765 = ORIENTED_EDGE('',*,*,#9694,.F.);
#9766 = ORIENTED_EDGE('',*,*,#8407,.T.);
#9767 = ORIENTED_EDGE('',*,*,#9768,.F.);
#9768 = EDGE_CURVE('',#9769,#8380,#9771,.T.);
#9769 = VERTEX_POINT('',#9770);
#9770 = CARTESIAN_POINT('',(-6.35,2.109423746788E-14,43.179999427795));
#9771 = SURFACE_CURVE('',#9772,(#9777,#9806),.PCURVE_S1.);
#9772 = CIRCLE('',#9773,6.35);
#9773 = AXIS2_PLACEMENT_3D('',#9774,#9775,#9776);
#9774 = CARTESIAN_POINT('',(-6.35,6.35,43.179999427795));
#9775 = DIRECTION('',(2.22044604925E-16,3.697785493223E-32,-1.));
#9776 = DIRECTION('',(-0.707106781187,-0.707106781187,
    -1.570092458684E-16));
#9777 = PCURVE('',#8424,#9778);
#9778 = DEFINITIONAL_REPRESENTATION('',(#9779),#9805);
#9779 = B_SPLINE_CURVE_WITH_KNOTS('',3,(#9780,#9781,#9782,#9783,#9784,
    #9785,#9786,#9787,#9788,#9789,#9790,#9791,#9792,#9793,#9794,#9795,
    #9796,#9797,#9798,#9799,#9800,#9801,#9802,#9803,#9804),
  .UNSPECIFIED.,.F.,.F.,(4,1,1,1,1,1,1,1,1,1,1,1,1,1,1,1,1,1,1,1,1,1,4),
  (5.497787143782,5.569186976818,5.640586809854,5.711986642891,
    5.783386475927,5.854786308963,5.926186141999,5.997585975035,
    6.068985808071,6.140385641107,6.211785474143,6.28318530718,
    6.354585140216,6.425984973252,6.497384806288,6.568784639324,
    6.64018447236,6.711584305396,6.782984138433,6.854383971469,
    6.925783804505,6.997183637541,7.068583470577),
  .QUASI_UNIFORM_KNOTS.);
#9780 = CARTESIAN_POINT('',(1.789481336941E-15,-1.570796326795));
#9781 = CARTESIAN_POINT('',(1.789481336941E-15,-1.597229375323));
#9782 = CARTESIAN_POINT('',(1.789481336941E-15,-1.649321539424));
#9783 = CARTESIAN_POINT('',(1.789481336941E-15,-1.725402781348));
#9784 = CARTESIAN_POINT('',(1.789481336941E-15,-1.799700484976));
#9785 = CARTESIAN_POINT('',(1.789481336941E-15,-1.872457766729));
#9786 = CARTESIAN_POINT('',(1.789481336941E-15,-1.943902433034));
#9787 = CARTESIAN_POINT('',(1.789481336941E-15,-2.014246930739));
#9788 = CARTESIAN_POINT('',(1.789481336941E-15,-2.083691857828));
#9789 = CARTESIAN_POINT('',(1.789481336941E-15,-2.152428136962));
#9790 = CARTESIAN_POINT('',(1.789481336941E-15,-2.22063924756));
#9791 = CARTESIAN_POINT('',(1.789481336941E-15,-2.28850321357));
#9792 = CARTESIAN_POINT('',(1.789481336941E-15,-2.356194490192));
#9793 = CARTESIAN_POINT('',(1.789481336941E-15,-2.423885766815));
#9794 = CARTESIAN_POINT('',(1.789481336941E-15,-2.491749732825));
#9795 = CARTESIAN_POINT('',(1.789481336941E-15,-2.559960843422));
#9796 = CARTESIAN_POINT('',(1.789481336941E-15,-2.628697122557));
#9797 = CARTESIAN_POINT('',(1.789481336941E-15,-2.698142049645));
#9798 = CARTESIAN_POINT('',(1.789481336941E-15,-2.768486547351));
#9799 = CARTESIAN_POINT('',(1.789481336941E-15,-2.839931213656));
#9800 = CARTESIAN_POINT('',(1.789481336941E-15,-2.912688495409));
#9801 = CARTESIAN_POINT('',(1.789481336941E-15,-2.986986199037));
#9802 = CARTESIAN_POINT('',(1.789481336941E-15,-3.063067440961));
#9803 = CARTESIAN_POINT('',(1.789481336941E-15,-3.115159605061));
#9804 = CARTESIAN_POINT('',(1.789481336941E-15,-3.14159265359));
#9805 = ( GEOMETRIC_REPRESENTATION_CONTEXT(2) 
PARAMETRIC_REPRESENTATION_CONTEXT() REPRESENTATION_CONTEXT('2D SPACE',''
  ) );
#9806 = PCURVE('',#8395,#9807);
#9807 = DEFINITIONAL_REPRESENTATION('',(#9808),#9812);
#9808 = LINE('',#9809,#9810);
#9809 = CARTESIAN_POINT('',(-1.570796326795,52.070000572205));
#9810 = VECTOR('',#9811,1.);
#9811 = DIRECTION('',(1.,0.));
#9812 = ( GEOMETRIC_REPRESENTATION_CONTEXT(2) 
PARAMETRIC_REPRESENTATION_CONTEXT() REPRESENTATION_CONTEXT('2D SPACE',''
  ) );
#9813 = ORIENTED_EDGE('',*,*,#9814,.F.);
#9814 = EDGE_CURVE('',#9695,#9769,#9815,.T.);
#9815 = SURFACE_CURVE('',#9816,(#9821,#9850),.PCURVE_S1.);
#9816 = CIRCLE('',#9817,5.08);
#9817 = AXIS2_PLACEMENT_3D('',#9818,#9819,#9820);
#9818 = CARTESIAN_POINT('',(-6.35,5.08,43.179999427795));
#9819 = DIRECTION('',(-1.,-2.185478394931E-16,-2.185478394931E-16));
#9820 = DIRECTION('',(2.185478394931E-16,0.,-1.));
#9821 = PCURVE('',#8424,#9822);
#9822 = DEFINITIONAL_REPRESENTATION('',(#9823),#9849);
#9823 = B_SPLINE_CURVE_WITH_KNOTS('',3,(#9824,#9825,#9826,#9827,#9828,
    #9829,#9830,#9831,#9832,#9833,#9834,#9835,#9836,#9837,#9838,#9839,
    #9840,#9841,#9842,#9843,#9844,#9845,#9846,#9847,#9848),
  .UNSPECIFIED.,.F.,.F.,(4,1,1,1,1,1,1,1,1,1,1,1,1,1,1,1,1,1,1,1,1,1,4),
  (0.,7.139983303613E-02,0.142799666072,0.214199499108,0.285599332145,
    0.356999165181,0.428398998217,0.499798831253,0.571198664289,
    0.642598497325,0.713998330361,0.785398163397,0.856797996434,
    0.92819782947,0.999597662506,1.070997495542,1.142397328578,
    1.213797161614,1.28519699465,1.356596827687,1.427996660723,
    1.499396493759,1.570796326795),.QUASI_UNIFORM_KNOTS.);
#9824 = CARTESIAN_POINT('',(-1.570796326795,-1.570796326795));
#9825 = CARTESIAN_POINT('',(-1.544363278267,-1.570796326795));
#9826 = CARTESIAN_POINT('',(-1.492271114166,-1.570796326795));
#9827 = CARTESIAN_POINT('',(-1.416189872242,-1.570796326795));
#9828 = CARTESIAN_POINT('',(-1.341892168614,-1.570796326795));
#9829 = CARTESIAN_POINT('',(-1.269134886861,-1.570796326795));
#9830 = CARTESIAN_POINT('',(-1.197690220556,-1.570796326795));
#9831 = CARTESIAN_POINT('',(-1.12734572285,-1.570796326795));
#9832 = CARTESIAN_POINT('',(-1.057900795762,-1.570796326795));
#9833 = CARTESIAN_POINT('',(-0.989164516627,-1.570796326795));
#9834 = CARTESIAN_POINT('',(-0.92095340603,-1.570796326795));
#9835 = CARTESIAN_POINT('',(-0.85308944002,-1.570796326795));
#9836 = CARTESIAN_POINT('',(-0.785398163397,-1.570796326795));
#9837 = CARTESIAN_POINT('',(-0.717706886775,-1.570796326795));
#9838 = CARTESIAN_POINT('',(-0.649842920765,-1.570796326795));
#9839 = CARTESIAN_POINT('',(-0.581631810168,-1.570796326795));
#9840 = CARTESIAN_POINT('',(-0.512895531033,-1.570796326795));
#9841 = CARTESIAN_POINT('',(-0.443450603945,-1.570796326795));
#9842 = CARTESIAN_POINT('',(-0.373106106239,-1.570796326795));
#9843 = CARTESIAN_POINT('',(-0.301661439934,-1.570796326795));
#9844 = CARTESIAN_POINT('',(-0.228904158181,-1.570796326795));
#9845 = CARTESIAN_POINT('',(-0.154606454553,-1.570796326795));
#9846 = CARTESIAN_POINT('',(-7.852521262872E-02,-1.570796326795));
#9847 = CARTESIAN_POINT('',(-2.643304852828E-02,-1.570796326795));
#9848 = CARTESIAN_POINT('',(1.789481336941E-15,-1.570796326795));
#9849 = ( GEOMETRIC_REPRESENTATION_CONTEXT(2) 
PARAMETRIC_REPRESENTATION_CONTEXT() REPRESENTATION_CONTEXT('2D SPACE',''
  ) );
#9850 = PCURVE('',#9310,#9851);
#9851 = DEFINITIONAL_REPRESENTATION('',(#9852),#9856);
#9852 = LINE('',#9853,#9854);
#9853 = CARTESIAN_POINT('',(0.785398163397,0.));
#9854 = VECTOR('',#9855,1.);
#9855 = DIRECTION('',(-1.,0.));
#9856 = ( GEOMETRIC_REPRESENTATION_CONTEXT(2) 
PARAMETRIC_REPRESENTATION_CONTEXT() REPRESENTATION_CONTEXT('2D SPACE',''
  ) );
#9857 = ADVANCED_FACE('',(#9858),#8395,.T.);
#9858 = FACE_BOUND('',#9859,.T.);
#9859 = EDGE_LOOP('',(#9860,#9861,#9862,#9885,#9913,#9936,#9986,#10094)
  );
#9860 = ORIENTED_EDGE('',*,*,#8379,.F.);
#9861 = ORIENTED_EDGE('',*,*,#9768,.F.);
#9862 = ORIENTED_EDGE('',*,*,#9863,.T.);
#9863 = EDGE_CURVE('',#9769,#9864,#9866,.T.);
#9864 = VERTEX_POINT('',#9865);
#9865 = CARTESIAN_POINT('',(-6.35,2.209195438938E-14,190.5));
#9866 = SURFACE_CURVE('',#9867,(#9871,#9878),.PCURVE_S1.);
#9867 = LINE('',#9868,#9869);
#9868 = CARTESIAN_POINT('',(-6.35,2.109423746788E-14,95.25));
#9869 = VECTOR('',#9870,1.);
#9870 = DIRECTION('',(-2.22044604925E-16,-2.465190328816E-32,1.));
#9871 = PCURVE('',#8395,#9872);
#9872 = DEFINITIONAL_REPRESENTATION('',(#9873),#9877);
#9873 = LINE('',#9874,#9875);
#9874 = CARTESIAN_POINT('',(3.926990816987,0.));
#9875 = VECTOR('',#9876,1.);
#9876 = DIRECTION('',(0.,-1.));
#9877 = ( GEOMETRIC_REPRESENTATION_CONTEXT(2) 
PARAMETRIC_REPRESENTATION_CONTEXT() REPRESENTATION_CONTEXT('2D SPACE',''
  ) );
#9878 = PCURVE('',#9108,#9879);
#9879 = DEFINITIONAL_REPRESENTATION('',(#9880),#9884);
#9880 = LINE('',#9881,#9882);
#9881 = CARTESIAN_POINT('',(-6.35,95.25));
#9882 = VECTOR('',#9883,1.);
#9883 = DIRECTION('',(2.465190328816E-32,1.));
#9884 = ( GEOMETRIC_REPRESENTATION_CONTEXT(2) 
PARAMETRIC_REPRESENTATION_CONTEXT() REPRESENTATION_CONTEXT('2D SPACE',''
  ) );
#9885 = ORIENTED_EDGE('',*,*,#9886,.T.);
#9886 = EDGE_CURVE('',#9864,#9887,#9889,.T.);
#9887 = VERTEX_POINT('',#9888);
#9888 = CARTESIAN_POINT('',(-6.35,12.7,190.5));
#9889 = SURFACE_CURVE('',#9890,(#9895,#9902),.PCURVE_S1.);
#9890 = CIRCLE('',#9891,6.35);
#9891 = AXIS2_PLACEMENT_3D('',#9892,#9893,#9894);
#9892 = CARTESIAN_POINT('',(-6.35,6.35,190.5));
#9893 = DIRECTION('',(2.22044604925E-16,3.697785493223E-32,-1.));
#9894 = DIRECTION('',(-0.707106781187,-0.707106781187,
    -1.570092458684E-16));
#9895 = PCURVE('',#8395,#9896);
#9896 = DEFINITIONAL_REPRESENTATION('',(#9897),#9901);
#9897 = LINE('',#9898,#9899);
#9898 = CARTESIAN_POINT('',(-1.570796326795,-95.25));
#9899 = VECTOR('',#9900,1.);
#9900 = DIRECTION('',(1.,0.));
#9901 = ( GEOMETRIC_REPRESENTATION_CONTEXT(2) 
PARAMETRIC_REPRESENTATION_CONTEXT() REPRESENTATION_CONTEXT('2D SPACE',''
  ) );
#9902 = PCURVE('',#9076,#9903);
#9903 = DEFINITIONAL_REPRESENTATION('',(#9904),#9912);
#9904 = ( BOUNDED_CURVE() B_SPLINE_CURVE(2,(#9905,#9906,#9907,#9908,
#9909,#9910,#9911),.UNSPECIFIED.,.T.,.F.) B_SPLINE_CURVE_WITH_KNOTS((1,2
    ,2,2,2,1),(-2.094395102393,0.,2.094395102393,4.188790204786,
6.28318530718,8.377580409573),.UNSPECIFIED.) CURVE() 
GEOMETRIC_REPRESENTATION_ITEM() RATIONAL_B_SPLINE_CURVE((1.,0.5,1.,0.5,
1.,0.5,1.)) REPRESENTATION_ITEM('') );
#9905 = CARTESIAN_POINT('',(23.540128060535,10.840128060535));
#9906 = CARTESIAN_POINT('',(31.317257993871,3.062998127198));
#9907 = CARTESIAN_POINT('',(20.693500936401,0.216371003064));
#9908 = CARTESIAN_POINT('',(10.069743878931,-2.630256121069));
#9909 = CARTESIAN_POINT('',(12.916371003064,7.993500936401));
#9910 = CARTESIAN_POINT('',(15.762998127198,18.617257993871));
#9911 = CARTESIAN_POINT('',(23.540128060535,10.840128060535));
#9912 = ( GEOMETRIC_REPRESENTATION_CONTEXT(2) 
PARAMETRIC_REPRESENTATION_CONTEXT() REPRESENTATION_CONTEXT('2D SPACE',''
  ) );
#9913 = ORIENTED_EDGE('',*,*,#9914,.T.);
#9914 = EDGE_CURVE('',#9887,#9915,#9917,.T.);
#9915 = VERTEX_POINT('',#9916);
#9916 = CARTESIAN_POINT('',(-6.35,12.7,20.016930334095));
#9917 = SURFACE_CURVE('',#9918,(#9922,#9929),.PCURVE_S1.);
#9918 = LINE('',#9919,#9920);
#9919 = CARTESIAN_POINT('',(-6.35,12.7,95.25));
#9920 = VECTOR('',#9921,1.);
#9921 = DIRECTION('',(2.22044604925E-16,2.465190328816E-32,-1.));
#9922 = PCURVE('',#8395,#9923);
#9923 = DEFINITIONAL_REPRESENTATION('',(#9924),#9928);
#9924 = LINE('',#9925,#9926);
#9925 = CARTESIAN_POINT('',(7.068583470577,0.));
#9926 = VECTOR('',#9927,1.);
#9927 = DIRECTION('',(0.,1.));
#9928 = ( GEOMETRIC_REPRESENTATION_CONTEXT(2) 
PARAMETRIC_REPRESENTATION_CONTEXT() REPRESENTATION_CONTEXT('2D SPACE',''
  ) );
#9929 = PCURVE('',#9047,#9930);
#9930 = DEFINITIONAL_REPRESENTATION('',(#9931),#9935);
#9931 = LINE('',#9932,#9933);
#9932 = CARTESIAN_POINT('',(95.25,6.35));
#9933 = VECTOR('',#9934,1.);
#9934 = DIRECTION('',(-1.,2.465190328816E-32));
#9935 = ( GEOMETRIC_REPRESENTATION_CONTEXT(2) 
PARAMETRIC_REPRESENTATION_CONTEXT() REPRESENTATION_CONTEXT('2D SPACE',''
  ) );
#9936 = ORIENTED_EDGE('',*,*,#9937,.F.);
#9937 = EDGE_CURVE('',#9938,#9915,#9940,.T.);
#9938 = VERTEX_POINT('',#9939);
#9939 = CARTESIAN_POINT('',(-10.84012806053,10.840128060535,
    17.985872890444));
#9940 = SURFACE_CURVE('',#9941,(#9954,#9970),.PCURVE_S1.);
#9941 = B_SPLINE_CURVE_WITH_KNOTS('',6,(#9942,#9943,#9944,#9945,#9946,
    #9947,#9948,#9949,#9950,#9951,#9952,#9953),.UNSPECIFIED.,.F.,.F.,(7,
    5,7),(0.,0.620148919206,1.),.UNSPECIFIED.);
#9942 = CARTESIAN_POINT('',(-10.84012806053,10.840128060535,
    17.985872890444));
#9943 = CARTESIAN_POINT('',(-10.51180665517,11.16844946589,
    18.183752976707));
#9944 = CARTESIAN_POINT('',(-10.14931697852,11.473321983091,
    18.392422549598));
#9945 = CARTESIAN_POINT('',(-9.752296078598,11.751581908446,
    18.608755002025));
#9946 = CARTESIAN_POINT('',(-9.320298612897,11.998918099099,
    18.829379917272));
#9947 = CARTESIAN_POINT('',(-8.853260362872,12.209595465766,
    19.050404302162));
#9948 = CARTESIAN_POINT('',(-8.04545000228,12.478009469982,
    19.400582022891));
#9949 = CARTESIAN_POINT('',(-7.72542926427,12.563524068858,
    19.532341771979));
#9950 = CARTESIAN_POINT('',(-7.393876193874,12.630284602305,
    19.661229737701));
#9951 = CARTESIAN_POINT('',(-7.052681142656,12.676323640686,
    19.785751015955));
#9952 = CARTESIAN_POINT('',(-6.703960114893,12.7,19.904643050677));
#9953 = CARTESIAN_POINT('',(-6.349999999997,12.7,20.016930334095));
#9954 = PCURVE('',#8395,#9955);
#9955 = DEFINITIONAL_REPRESENTATION('',(#9956),#9969);
#9956 = B_SPLINE_CURVE_WITH_KNOTS('',6,(#9957,#9958,#9959,#9960,#9961,
    #9962,#9963,#9964,#9965,#9966,#9967,#9968),.UNSPECIFIED.,.F.,.F.,(7,
    5,7),(0.,0.620148919206,1.),.UNSPECIFIED.);
#9957 = CARTESIAN_POINT('',(6.28318530718,77.264127109556));
#9958 = CARTESIAN_POINT('',(6.356306029112,77.066247023293));
#9959 = CARTESIAN_POINT('',(6.430620594923,76.857577450402));
#9960 = CARTESIAN_POINT('',(6.506519618592,76.641244997975));
#9961 = CARTESIAN_POINT('',(6.584395213057,76.420620082728));
#9962 = CARTESIAN_POINT('',(6.664654215017,76.199595697838));
#9963 = CARTESIAN_POINT('',(6.798707214303,75.849417977109));
#9964 = CARTESIAN_POINT('',(6.850779564911,75.717658228021));
#9965 = CARTESIAN_POINT('',(6.90388175775,75.588770262299));
#9966 = CARTESIAN_POINT('',(6.957925024587,75.464248984045));
#9967 = CARTESIAN_POINT('',(7.0128417202,75.345356949323));
#9968 = CARTESIAN_POINT('',(7.068583470577,75.233069665905));
#9969 = ( GEOMETRIC_REPRESENTATION_CONTEXT(2) 
PARAMETRIC_REPRESENTATION_CONTEXT() REPRESENTATION_CONTEXT('2D SPACE',''
  ) );
#9970 = PCURVE('',#9187,#9971);
#9971 = DEFINITIONAL_REPRESENTATION('',(#9972),#9985);
#9972 = B_SPLINE_CURVE_WITH_KNOTS('',6,(#9973,#9974,#9975,#9976,#9977,
    #9978,#9979,#9980,#9981,#9982,#9983,#9984),.UNSPECIFIED.,.F.,.F.,(7,
    5,7),(0.,0.620148919206,1.),.UNSPECIFIED.);
#9973 = CARTESIAN_POINT('',(5.740781145324,60.840128060535));
#9974 = CARTESIAN_POINT('',(5.759035550175,61.16844946589));
#9975 = CARTESIAN_POINT('',(5.778948682586,61.473321983091));
#9976 = CARTESIAN_POINT('',(5.800469541887,61.751581908446));
#9977 = CARTESIAN_POINT('',(5.823554007722,61.998918099099));
#9978 = CARTESIAN_POINT('',(5.848145268107,62.209595465766));
#9979 = CARTESIAN_POINT('',(5.890071183081,62.478009469982));
#9980 = CARTESIAN_POINT('',(5.90654854844,62.563524068858));
#9981 = CARTESIAN_POINT('',(5.923482641419,62.630284602305));
#9982 = CARTESIAN_POINT('',(5.940772378146,62.676323640686));
#9983 = CARTESIAN_POINT('',(5.958312717203,62.7));
#9984 = CARTESIAN_POINT('',(5.975995753962,62.7));
#9985 = ( GEOMETRIC_REPRESENTATION_CONTEXT(2) 
PARAMETRIC_REPRESENTATION_CONTEXT() REPRESENTATION_CONTEXT('2D SPACE',''
  ) );
#9986 = ORIENTED_EDGE('',*,*,#9987,.F.);
#9987 = EDGE_CURVE('',#8682,#9938,#9988,.T.);
#9988 = SURFACE_CURVE('',#9989,(#10022,#10058),.PCURVE_S1.);
#9989 = B_SPLINE_CURVE_WITH_KNOTS('',7,(#9990,#9991,#9992,#9993,#9994,
    #9995,#9996,#9997,#9998,#9999,#10000,#10001,#10002,#10003,#10004,
    #10005,#10006,#10007,#10008,#10009,#10010,#10011,#10012,#10013,
    #10014,#10015,#10016,#10017,#10018,#10019,#10020,#10021),
  .UNSPECIFIED.,.F.,.F.,(8,6,6,6,6,8),(0.,0.233895456447,0.504442934504,
    0.652175247655,0.794980658522,1.),.UNSPECIFIED.);
#9990 = CARTESIAN_POINT('',(-6.35,2.087219286295E-14,20.016930334095));
#9991 = CARTESIAN_POINT('',(-6.967425062948,2.042383678562E-14,
    19.821063681002));
#9992 = CARTESIAN_POINT('',(-7.56393850908,7.003894988876E-02,
    19.60737603764));
#9993 = CARTESIAN_POINT('',(-8.13226186987,0.201579559856,
    19.380154233896));
#9994 = CARTESIAN_POINT('',(-8.667040905359,0.38641837397,
    19.144697040601));
#9995 = CARTESIAN_POINT('',(-9.164321548572,0.616469199039,
    18.90679021877));
#9996 = CARTESIAN_POINT('',(-9.621402031051,0.883669596328,
    18.672233280556));
#9997 = CARTESIAN_POINT('',(-10.51735302061,1.52257909059,
    18.184734003925));
#9998 = CARTESIAN_POINT('',(-10.94830996917,1.90849909604,
    17.931316672617));
#9999 = CARTESIAN_POINT('',(-11.32944881969,2.330189275623,
    17.691980958636));
#10000 = CARTESIAN_POINT('',(-11.66093219457,2.782083402316,
    17.472321636394));
#10001 = CARTESIAN_POINT('',(-11.94270353321,3.259967198059,
    17.277531090483));
#10002 = CARTESIAN_POINT('',(-12.17413297947,3.760562068882,
    17.112559793804));
#10003 = CARTESIAN_POINT('',(-12.45149672315,4.565442071711,
    16.910792537285));
#10004 = CARTESIAN_POINT('',(-12.53381712238,4.855311431444,
    16.849900710167));
#10005 = CARTESIAN_POINT('',(-12.60006922815,5.149652331222,
    16.800251213953));
#10006 = CARTESIAN_POINT('',(-12.64996354502,5.44736603886,
    16.762528761889));
#10007 = CARTESIAN_POINT('',(-12.68331038914,5.747372367894,
    16.737206350034));
#10008 = CARTESIAN_POINT('',(-12.7,6.048604005487,16.72453287838));
#10009 = CARTESIAN_POINT('',(-12.7,6.641344377626,16.72453287838));
#10010 = CARTESIAN_POINT('',(-12.68440502713,6.932537892095,
    16.736375123089));
#10011 = CARTESIAN_POINT('',(-12.65324382374,7.222619234552,
    16.760037832531));
#10012 = CARTESIAN_POINT('',(-12.60661360423,7.510621761767,
    16.795302647143));
#10013 = CARTESIAN_POINT('',(-12.54468214785,7.795567953486,
    16.841754849939));
#10014 = CARTESIAN_POINT('',(-12.46770419118,8.076464445842,
    16.898793516269));
#10015 = CARTESIAN_POINT('',(-12.24447134142,8.74829902236,
    17.061636739158));
#10016 = CARTESIAN_POINT('',(-12.08277008818,9.133490887814,
    17.177770140214));
#10017 = CARTESIAN_POINT('',(-11.8916419712,9.506448410932,
    17.312084790743));
#10018 = CARTESIAN_POINT('',(-11.67152955716,9.865583397196,
    17.462428547587));
#10019 = CARTESIAN_POINT('',(-11.42273002751,10.209068280329,
    17.626491258444));
#10020 = CARTESIAN_POINT('',(-11.1454955068,10.534760614261,
    17.801827209521));
#10021 = CARTESIAN_POINT('',(-10.84012806053,10.840128060535,
    17.985872890444));
#10022 = PCURVE('',#8395,#10023);
#10023 = DEFINITIONAL_REPRESENTATION('',(#10024),#10057);
#10024 = B_SPLINE_CURVE_WITH_KNOTS('',7,(#10025,#10026,#10027,#10028,
    #10029,#10030,#10031,#10032,#10033,#10034,#10035,#10036,#10037,
    #10038,#10039,#10040,#10041,#10042,#10043,#10044,#10045,#10046,
    #10047,#10048,#10049,#10050,#10051,#10052,#10053,#10054,#10055,
    #10056),.UNSPECIFIED.,.F.,.F.,(8,6,6,6,6,8),(0.,0.233895456447,
    0.504442934504,0.652175247655,0.794980658522,1.),.UNSPECIFIED.);
#10025 = CARTESIAN_POINT('',(3.926990816987,75.233069665905));
#10026 = CARTESIAN_POINT('',(4.024223110365,75.428936318998));
#10027 = CARTESIAN_POINT('',(4.118162299157,75.64262396236));
#10028 = CARTESIAN_POINT('',(4.209163097772,75.869845766104));
#10029 = CARTESIAN_POINT('',(4.297428178429,76.105302959398));
#10030 = CARTESIAN_POINT('',(4.383070747215,76.34320978123));
#10031 = CARTESIAN_POINT('',(4.466107887918,76.577766719444));
#10032 = CARTESIAN_POINT('',(4.639403044508,77.065265996075));
#10033 = CARTESIAN_POINT('',(4.729945688048,77.318683327383));
#10034 = CARTESIAN_POINT('',(4.818682653103,77.558019041364));
#10035 = CARTESIAN_POINT('',(4.906132827281,77.777678363606));
#10036 = CARTESIAN_POINT('',(4.992805935908,77.972468909517));
#10037 = CARTESIAN_POINT('',(5.079212466935,78.137440206196));
#10038 = CARTESIAN_POINT('',(5.213280155387,78.339207462715));
#10039 = CARTESIAN_POINT('',(5.260661823793,78.400099289833));
#10040 = CARTESIAN_POINT('',(5.308058310708,78.449748786047));
#10041 = CARTESIAN_POINT('',(5.35546537541,78.487471238111));
#10042 = CARTESIAN_POINT('',(5.402885169099,78.512793649966));
#10043 = CARTESIAN_POINT('',(5.450323207638,78.52546712162));
#10044 = CARTESIAN_POINT('',(5.543668148133,78.52546712162));
#10045 = CARTESIAN_POINT('',(5.589525381372,78.513624876911));
#10046 = CARTESIAN_POINT('',(5.635365278748,78.489962167469));
#10047 = CARTESIAN_POINT('',(5.681192468762,78.454697352857));
#10048 = CARTESIAN_POINT('',(5.727008670332,78.408245150061));
#10049 = CARTESIAN_POINT('',(5.772810126793,78.351206483731));
#10050 = CARTESIAN_POINT('',(5.884298471583,78.188363260842));
#10051 = CARTESIAN_POINT('',(5.949893696743,78.072229859786));
#10052 = CARTESIAN_POINT('',(6.015584955404,77.937915209257));
#10053 = CARTESIAN_POINT('',(6.081569893168,77.787571452413));
#10054 = CARTESIAN_POINT('',(6.148037437154,77.623508741556));
#10055 = CARTESIAN_POINT('',(6.215176679774,77.448172790479));
#10056 = CARTESIAN_POINT('',(6.28318530718,77.264127109556));
#10057 = ( GEOMETRIC_REPRESENTATION_CONTEXT(2) 
PARAMETRIC_REPRESENTATION_CONTEXT() REPRESENTATION_CONTEXT('2D SPACE',''
  ) );
#10058 = PCURVE('',#9187,#10059);
#10059 = DEFINITIONAL_REPRESENTATION('',(#10060),#10093);
#10060 = B_SPLINE_CURVE_WITH_KNOTS('',7,(#10061,#10062,#10063,#10064,
    #10065,#10066,#10067,#10068,#10069,#10070,#10071,#10072,#10073,
    #10074,#10075,#10076,#10077,#10078,#10079,#10080,#10081,#10082,
    #10083,#10084,#10085,#10086,#10087,#10088,#10089,#10090,#10091,
    #10092),.UNSPECIFIED.,.F.,.F.,(8,6,6,6,6,8),(0.,0.233895456447,
    0.504442934504,0.652175247655,0.794980658522,1.),.UNSPECIFIED.);
#10061 = CARTESIAN_POINT('',(5.975995753962,50.));
#10062 = CARTESIAN_POINT('',(5.945150611742,50.));
#10063 = CARTESIAN_POINT('',(5.914998038562,50.070038949889));
#10064 = CARTESIAN_POINT('',(5.885882198213,50.201579559856));
#10065 = CARTESIAN_POINT('',(5.858084167727,50.38641837397));
#10066 = CARTESIAN_POINT('',(5.831850626236,50.616469199039));
#10067 = CARTESIAN_POINT('',(5.807393475943,50.883669596328));
#10068 = CARTESIAN_POINT('',(5.758822427382,51.52257909059));
#10069 = CARTESIAN_POINT('',(5.735028729681,51.90849909604));
#10070 = CARTESIAN_POINT('',(5.713610424899,52.330189275623));
#10071 = CARTESIAN_POINT('',(5.694681758325,52.782083402316));
#10072 = CARTESIAN_POINT('',(5.678372793756,53.259967198059));
#10073 = CARTESIAN_POINT('',(5.664839626065,53.760562068882));
#10074 = CARTESIAN_POINT('',(5.648506870826,54.565442071711));
#10075 = CARTESIAN_POINT('',(5.64363113806,54.855311431444));
#10076 = CARTESIAN_POINT('',(5.639688770003,55.149652331222));
#10077 = CARTESIAN_POINT('',(5.636710239011,55.44736603886));
#10078 = CARTESIAN_POINT('',(5.634716346312,55.747372367894));
#10079 = CARTESIAN_POINT('',(5.633718435715,56.048604005487));
#10080 = CARTESIAN_POINT('',(5.633718435715,56.641344377626));
#10081 = CARTESIAN_POINT('',(5.634650895439,56.932537892095));
#10082 = CARTESIAN_POINT('',(5.63651410254,57.222619234553));
#10083 = CARTESIAN_POINT('',(5.639298071175,57.510621761767));
#10084 = CARTESIAN_POINT('',(5.642984505943,57.795567953486));
#10085 = CARTESIAN_POINT('',(5.647546624345,58.076464445842));
#10086 = CARTESIAN_POINT('',(5.660704553974,58.74829902236));
#10087 = CARTESIAN_POINT('',(5.670184459198,59.133490887814));
#10088 = CARTESIAN_POINT('',(5.681307454888,59.506448410932));
#10089 = CARTESIAN_POINT('',(5.693998345781,59.865583397196));
#10090 = CARTESIAN_POINT('',(5.708186255875,60.209068280329));
#10091 = CARTESIAN_POINT('',(5.72380296205,60.534760614261));
#10092 = CARTESIAN_POINT('',(5.740781145324,60.840128060535));
#10093 = ( GEOMETRIC_REPRESENTATION_CONTEXT(2) 
PARAMETRIC_REPRESENTATION_CONTEXT() REPRESENTATION_CONTEXT('2D SPACE',''
  ) );
#10094 = ORIENTED_EDGE('',*,*,#8681,.F.);
#10095 = ADVANCED_FACE('',(#10096),#9108,.T.);
#10096 = FACE_BOUND('',#10097,.T.);
#10097 = EDGE_LOOP('',(#10098,#10119,#10120,#10141));
#10098 = ORIENTED_EDGE('',*,*,#10099,.F.);
#10099 = EDGE_CURVE('',#9093,#9769,#10100,.T.);
#10100 = SURFACE_CURVE('',#10101,(#10105,#10112),.PCURVE_S1.);
#10101 = LINE('',#10102,#10103);
#10102 = CARTESIAN_POINT('',(-6.35,2.109423746788E-14,43.179999427795));
#10103 = VECTOR('',#10104,1.);
#10104 = DIRECTION('',(-1.,-1.224646799147E-16,-2.22044604925E-16));
#10105 = PCURVE('',#9108,#10106);
#10106 = DEFINITIONAL_REPRESENTATION('',(#10107),#10111);
#10107 = LINE('',#10108,#10109);
#10108 = CARTESIAN_POINT('',(-6.35,43.179999427795));
#10109 = VECTOR('',#10110,1.);
#10110 = DIRECTION('',(-1.,2.465190328816E-32));
#10111 = ( GEOMETRIC_REPRESENTATION_CONTEXT(2) 
PARAMETRIC_REPRESENTATION_CONTEXT() REPRESENTATION_CONTEXT('2D SPACE',''
  ) );
#10112 = PCURVE('',#9310,#10113);
#10113 = DEFINITIONAL_REPRESENTATION('',(#10114),#10118);
#10114 = LINE('',#10115,#10116);
#10115 = CARTESIAN_POINT('',(-0.785398163397,0.));
#10116 = VECTOR('',#10117,1.);
#10117 = DIRECTION('',(-6.993530863781E-17,-1.));
#10118 = ( GEOMETRIC_REPRESENTATION_CONTEXT(2) 
PARAMETRIC_REPRESENTATION_CONTEXT() REPRESENTATION_CONTEXT('2D SPACE',''
  ) );
#10119 = ORIENTED_EDGE('',*,*,#9092,.F.);
#10120 = ORIENTED_EDGE('',*,*,#10121,.T.);
#10121 = EDGE_CURVE('',#9060,#9864,#10122,.T.);
#10122 = SURFACE_CURVE('',#10123,(#10127,#10134),.PCURVE_S1.);
#10123 = LINE('',#10124,#10125);
#10124 = CARTESIAN_POINT('',(12.7,2.442490654175E-14,190.5));
#10125 = VECTOR('',#10126,1.);
#10126 = DIRECTION('',(-1.,-1.224646799147E-16,-2.22044604925E-16));
#10127 = PCURVE('',#9108,#10128);
#10128 = DEFINITIONAL_REPRESENTATION('',(#10129),#10133);
#10129 = LINE('',#10130,#10131);
#10130 = CARTESIAN_POINT('',(12.7,190.5));
#10131 = VECTOR('',#10132,1.);
#10132 = DIRECTION('',(-1.,2.465190328816E-32));
#10133 = ( GEOMETRIC_REPRESENTATION_CONTEXT(2) 
PARAMETRIC_REPRESENTATION_CONTEXT() REPRESENTATION_CONTEXT('2D SPACE',''
  ) );
#10134 = PCURVE('',#9076,#10135);
#10135 = DEFINITIONAL_REPRESENTATION('',(#10136),#10140);
#10136 = LINE('',#10137,#10138);
#10137 = CARTESIAN_POINT('',(1.555301434917E-15,12.7));
#10138 = VECTOR('',#10139,1.);
#10139 = DIRECTION('',(1.,-5.641527646774E-49));
#10140 = ( GEOMETRIC_REPRESENTATION_CONTEXT(2) 
PARAMETRIC_REPRESENTATION_CONTEXT() REPRESENTATION_CONTEXT('2D SPACE',''
  ) );
#10141 = ORIENTED_EDGE('',*,*,#9863,.F.);
#10142 = ADVANCED_FACE('',(#10143,#10169),#9076,.T.);
#10143 = FACE_BOUND('',#10144,.T.);
#10144 = EDGE_LOOP('',(#10145,#10146,#10167,#10168));
#10145 = ORIENTED_EDGE('',*,*,#9059,.F.);
#10146 = ORIENTED_EDGE('',*,*,#10147,.T.);
#10147 = EDGE_CURVE('',#9032,#9887,#10148,.T.);
#10148 = SURFACE_CURVE('',#10149,(#10153,#10160),.PCURVE_S1.);
#10149 = LINE('',#10150,#10151);
#10150 = CARTESIAN_POINT('',(12.7,12.7,190.5));
#10151 = VECTOR('',#10152,1.);
#10152 = DIRECTION('',(-1.,-1.224646799147E-16,-2.22044604925E-16));
#10153 = PCURVE('',#9076,#10154);
#10154 = DEFINITIONAL_REPRESENTATION('',(#10155),#10159);
#10155 = LINE('',#10156,#10157);
#10156 = CARTESIAN_POINT('',(-0.,0.));
#10157 = VECTOR('',#10158,1.);
#10158 = DIRECTION('',(1.,-5.641527646774E-49));
#10159 = ( GEOMETRIC_REPRESENTATION_CONTEXT(2) 
PARAMETRIC_REPRESENTATION_CONTEXT() REPRESENTATION_CONTEXT('2D SPACE',''
  ) );
#10160 = PCURVE('',#9047,#10161);
#10161 = DEFINITIONAL_REPRESENTATION('',(#10162),#10166);
#10162 = LINE('',#10163,#10164);
#10163 = CARTESIAN_POINT('',(190.5,-12.7));
#10164 = VECTOR('',#10165,1.);
#10165 = DIRECTION('',(2.465190328816E-32,1.));
#10166 = ( GEOMETRIC_REPRESENTATION_CONTEXT(2) 
PARAMETRIC_REPRESENTATION_CONTEXT() REPRESENTATION_CONTEXT('2D SPACE',''
  ) );
#10167 = ORIENTED_EDGE('',*,*,#9886,.F.);
#10168 = ORIENTED_EDGE('',*,*,#10121,.F.);
#10169 = FACE_BOUND('',#10170,.T.);
#10170 = EDGE_LOOP('',(#10171));
#10171 = ORIENTED_EDGE('',*,*,#9614,.T.);
#10172 = ADVANCED_FACE('',(#10173,#10232),#9047,.F.);
#10173 = FACE_BOUND('',#10174,.F.);
#10174 = EDGE_LOOP('',(#10175,#10176,#10177,#10205,#10231));
#10175 = ORIENTED_EDGE('',*,*,#10147,.T.);
#10176 = ORIENTED_EDGE('',*,*,#9914,.T.);
#10177 = ORIENTED_EDGE('',*,*,#10178,.T.);
#10178 = EDGE_CURVE('',#9915,#10179,#10181,.T.);
#10179 = VERTEX_POINT('',#10180);
#10180 = CARTESIAN_POINT('',(-5.143516556419E-15,12.7,21.));
#10181 = SURFACE_CURVE('',#10182,(#10187,#10198),.PCURVE_S1.);
#10182 = CIRCLE('',#10183,21.);
#10183 = AXIS2_PLACEMENT_3D('',#10184,#10185,#10186);
#10184 = CARTESIAN_POINT('',(0.,12.7,0.));
#10185 = DIRECTION('',(0.,1.,0.));
#10186 = DIRECTION('',(0.,-0.,1.));
#10187 = PCURVE('',#9047,#10188);
#10188 = DEFINITIONAL_REPRESENTATION('',(#10189),#10197);
#10189 = ( BOUNDED_CURVE() B_SPLINE_CURVE(2,(#10190,#10191,#10192,#10193
    ,#10194,#10195,#10196),.UNSPECIFIED.,.T.,.F.) 
B_SPLINE_CURVE_WITH_KNOTS((1,2,2,2,2,1),(-2.094395102393,0.,
    2.094395102393,4.188790204786,6.28318530718,8.377580409573),
.UNSPECIFIED.) CURVE() GEOMETRIC_REPRESENTATION_ITEM() 
RATIONAL_B_SPLINE_CURVE((1.,0.5,1.,0.5,1.,0.5,1.)) REPRESENTATION_ITEM(
  '') );
#10190 = CARTESIAN_POINT('',(21.,-1.798561299893E-14));
#10191 = CARTESIAN_POINT('',(21.,-36.37306695894));
#10192 = CARTESIAN_POINT('',(-10.5,-18.18653347947));
#10193 = CARTESIAN_POINT('',(-42.,-9.140319445069E-15));
#10194 = CARTESIAN_POINT('',(-10.5,18.186533479473));
#10195 = CARTESIAN_POINT('',(21.,36.373066958946));
#10196 = CARTESIAN_POINT('',(21.,-1.798561299893E-14));
#10197 = ( GEOMETRIC_REPRESENTATION_CONTEXT(2) 
PARAMETRIC_REPRESENTATION_CONTEXT() REPRESENTATION_CONTEXT('2D SPACE',''
  ) );
#10198 = PCURVE('',#9187,#10199);
#10199 = DEFINITIONAL_REPRESENTATION('',(#10200),#10204);
#10200 = LINE('',#10201,#10202);
#10201 = CARTESIAN_POINT('',(0.,62.7));
#10202 = VECTOR('',#10203,1.);
#10203 = DIRECTION('',(1.,0.));
#10204 = ( GEOMETRIC_REPRESENTATION_CONTEXT(2) 
PARAMETRIC_REPRESENTATION_CONTEXT() REPRESENTATION_CONTEXT('2D SPACE',''
  ) );
#10205 = ORIENTED_EDGE('',*,*,#10206,.T.);
#10206 = EDGE_CURVE('',#10179,#8982,#10207,.T.);
#10207 = SURFACE_CURVE('',#10208,(#10213,#10224),.PCURVE_S1.);
#10208 = CIRCLE('',#10209,21.);
#10209 = AXIS2_PLACEMENT_3D('',#10210,#10211,#10212);
#10210 = CARTESIAN_POINT('',(0.,12.7,0.));
#10211 = DIRECTION('',(0.,1.,0.));
#10212 = DIRECTION('',(0.,-0.,1.));
#10213 = PCURVE('',#9047,#10214);
#10214 = DEFINITIONAL_REPRESENTATION('',(#10215),#10223);
#10215 = ( BOUNDED_CURVE() B_SPLINE_CURVE(2,(#10216,#10217,#10218,#10219
    ,#10220,#10221,#10222),.UNSPECIFIED.,.T.,.F.) 
B_SPLINE_CURVE_WITH_KNOTS((1,2,2,2,2,1),(-2.094395102393,0.,
    2.094395102393,4.188790204786,6.28318530718,8.377580409573),
.UNSPECIFIED.) CURVE() GEOMETRIC_REPRESENTATION_ITEM() 
RATIONAL_B_SPLINE_CURVE((1.,0.5,1.,0.5,1.,0.5,1.)) REPRESENTATION_ITEM(
  '') );
#10216 = CARTESIAN_POINT('',(21.,-1.798561299893E-14));
#10217 = CARTESIAN_POINT('',(21.,-36.37306695894));
#10218 = CARTESIAN_POINT('',(-10.5,-18.18653347947));
#10219 = CARTESIAN_POINT('',(-42.,-9.140319445069E-15));
#10220 = CARTESIAN_POINT('',(-10.5,18.186533479473));
#10221 = CARTESIAN_POINT('',(21.,36.373066958946));
#10222 = CARTESIAN_POINT('',(21.,-1.798561299893E-14));
#10223 = ( GEOMETRIC_REPRESENTATION_CONTEXT(2) 
PARAMETRIC_REPRESENTATION_CONTEXT() REPRESENTATION_CONTEXT('2D SPACE',''
  ) );
#10224 = PCURVE('',#8940,#10225);
#10225 = DEFINITIONAL_REPRESENTATION('',(#10226),#10230);
#10226 = LINE('',#10227,#10228);
#10227 = CARTESIAN_POINT('',(0.,62.7));
#10228 = VECTOR('',#10229,1.);
#10229 = DIRECTION('',(1.,0.));
#10230 = ( GEOMETRIC_REPRESENTATION_CONTEXT(2) 
PARAMETRIC_REPRESENTATION_CONTEXT() REPRESENTATION_CONTEXT('2D SPACE',''
  ) );
#10231 = ORIENTED_EDGE('',*,*,#9031,.T.);
#10232 = FACE_BOUND('',#10233,.F.);
#10233 = EDGE_LOOP('',(#10234));
#10234 = ORIENTED_EDGE('',*,*,#9669,.F.);
#10235 = ADVANCED_FACE('',(#10236),#8940,.F.);
#10236 = FACE_BOUND('',#10237,.F.);
#10237 = EDGE_LOOP('',(#10238,#10239,#10260,#10261,#10262));
#10238 = ORIENTED_EDGE('',*,*,#10206,.F.);
#10239 = ORIENTED_EDGE('',*,*,#10240,.F.);
#10240 = EDGE_CURVE('',#9171,#10179,#10241,.T.);
#10241 = SURFACE_CURVE('',#10242,(#10246,#10253),.PCURVE_S1.);
#10242 = LINE('',#10243,#10244);
#10243 = CARTESIAN_POINT('',(-5.143516556419E-15,-50.,21.));
#10244 = VECTOR('',#10245,1.);
#10245 = DIRECTION('',(0.,1.,0.));
#10246 = PCURVE('',#8940,#10247);
#10247 = DEFINITIONAL_REPRESENTATION('',(#10248),#10252);
#10248 = LINE('',#10249,#10250);
#10249 = CARTESIAN_POINT('',(0.,-0.));
#10250 = VECTOR('',#10251,1.);
#10251 = DIRECTION('',(0.,1.));
#10252 = ( GEOMETRIC_REPRESENTATION_CONTEXT(2) 
PARAMETRIC_REPRESENTATION_CONTEXT() REPRESENTATION_CONTEXT('2D SPACE',''
  ) );
#10253 = PCURVE('',#9187,#10254);
#10254 = DEFINITIONAL_REPRESENTATION('',(#10255),#10259);
#10255 = LINE('',#10256,#10257);
#10256 = CARTESIAN_POINT('',(6.28318530718,-0.));
#10257 = VECTOR('',#10258,1.);
#10258 = DIRECTION('',(0.,1.));
#10259 = ( GEOMETRIC_REPRESENTATION_CONTEXT(2) 
PARAMETRIC_REPRESENTATION_CONTEXT() REPRESENTATION_CONTEXT('2D SPACE',''
  ) );
#10260 = ORIENTED_EDGE('',*,*,#9199,.T.);
#10261 = ORIENTED_EDGE('',*,*,#8866,.T.);
#10262 = ORIENTED_EDGE('',*,*,#8981,.T.);
#10263 = ADVANCED_FACE('',(#10264),#9187,.F.);
#10264 = FACE_BOUND('',#10265,.F.);
#10265 = EDGE_LOOP('',(#10266,#10267,#10268,#10269,#10270));
#10266 = ORIENTED_EDGE('',*,*,#9170,.T.);
#10267 = ORIENTED_EDGE('',*,*,#10240,.T.);
#10268 = ORIENTED_EDGE('',*,*,#10178,.F.);
#10269 = ORIENTED_EDGE('',*,*,#9937,.F.);
#10270 = ORIENTED_EDGE('',*,*,#9987,.F.);
#10271 = ADVANCED_FACE('',(#10272),#9310,.T.);
#10272 = FACE_BOUND('',#10273,.T.);
#10273 = EDGE_LOOP('',(#10274,#10275,#10276,#10277,#10278,#10279));
#10274 = ORIENTED_EDGE('',*,*,#9492,.T.);
#10275 = ORIENTED_EDGE('',*,*,#9328,.T.);
#10276 = ORIENTED_EDGE('',*,*,#9273,.T.);
#10277 = ORIENTED_EDGE('',*,*,#10099,.T.);
#10278 = ORIENTED_EDGE('',*,*,#9814,.F.);
#10279 = ORIENTED_EDGE('',*,*,#9742,.T.);
#10280 = ( GEOMETRIC_REPRESENTATION_CONTEXT(3) 
GLOBAL_UNCERTAINTY_ASSIGNED_CONTEXT((#10284)) 
GLOBAL_UNIT_ASSIGNED_CONTEXT((#10281,#10282,#10283)) 
REPRESENTATION_CONTEXT('Context #1',
  '3D Context with UNIT and UNCERTAINTY') );
#10281 = ( LENGTH_UNIT() NAMED_UNIT(*) SI_UNIT(.MILLI.,.METRE.) );
#10282 = ( NAMED_UNIT(*) PLANE_ANGLE_UNIT() SI_UNIT($,.RADIAN.) );
#10283 = ( NAMED_UNIT(*) SI_UNIT($,.STERADIAN.) SOLID_ANGLE_UNIT() );
#10284 = UNCERTAINTY_MEASURE_WITH_UNIT(LENGTH_MEASURE(5.E-05),#10281,
  'distance_accuracy_value','confusion accuracy');
#10285 = CONTEXT_DEPENDENT_SHAPE_REPRESENTATION(#10286,#10288);
#10286 = ( REPRESENTATION_RELATIONSHIP('','',#6200,#10) 
REPRESENTATION_RELATIONSHIP_WITH_TRANSFORMATION(#10287) 
SHAPE_REPRESENTATION_RELATIONSHIP() );
#10287 = ITEM_DEFINED_TRANSFORMATION('','',#11,#23);
#10288 = PRODUCT_DEFINITION_SHAPE('Placement','Placement of an item',
  #10289);
#10289 = NEXT_ASSEMBLY_USAGE_OCCURRENCE('3','','',#5,#6195,$);
#10290 = PRODUCT_RELATED_PRODUCT_CATEGORY('part',$,(#6197));
#10291 = SHAPE_DEFINITION_REPRESENTATION(#10292,#10298);
#10292 = PRODUCT_DEFINITION_SHAPE('','',#10293);
#10293 = PRODUCT_DEFINITION('design','',#10294,#10297);
#10294 = PRODUCT_DEFINITION_FORMATION('','',#10295);
#10295 = PRODUCT('Open CASCADE STEP translator 7.9 1.4',
  'Open CASCADE STEP translator 7.9 1.4','',(#10296));
#10296 = PRODUCT_CONTEXT('',#2,'mechanical');
#10297 = PRODUCT_DEFINITION_CONTEXT('part definition',#2,'design');
#10298 = SHAPE_REPRESENTATION('',(#11,#10299,#10303),#10307);
#10299 = AXIS2_PLACEMENT_3D('',#10300,#10301,#10302);
#10300 = CARTESIAN_POINT('',(0.,0.,0.));
#10301 = DIRECTION('',(0.,0.,1.));
#10302 = DIRECTION('',(1.,0.,-0.));
#10303 = AXIS2_PLACEMENT_3D('',#10304,#10305,#10306);
#10304 = CARTESIAN_POINT('',(0.,0.,0.));
#10305 = DIRECTION('',(0.,0.,1.));
#10306 = DIRECTION('',(1.,0.,-0.));
#10307 = ( GEOMETRIC_REPRESENTATION_CONTEXT(3) 
GLOBAL_UNCERTAINTY_ASSIGNED_CONTEXT((#10311)) 
GLOBAL_UNIT_ASSIGNED_CONTEXT((#10308,#10309,#10310)) 
REPRESENTATION_CONTEXT('Context #1',
  '3D Context with UNIT and UNCERTAINTY') );
#10308 = ( LENGTH_UNIT() NAMED_UNIT(*) SI_UNIT(.MILLI.,.METRE.) );
#10309 = ( NAMED_UNIT(*) PLANE_ANGLE_UNIT() SI_UNIT($,.RADIAN.) );
#10310 = ( NAMED_UNIT(*) SI_UNIT($,.STERADIAN.) SOLID_ANGLE_UNIT() );
#10311 = UNCERTAINTY_MEASURE_WITH_UNIT(LENGTH_MEASURE(1.E-07),#10308,
  'distance_accuracy_value','confusion accuracy');
#10312 = CONTEXT_DEPENDENT_SHAPE_REPRESENTATION(#10313,#10315);
#10313 = ( REPRESENTATION_RELATIONSHIP('','',#10298,#10) 
REPRESENTATION_RELATIONSHIP_WITH_TRANSFORMATION(#10314) 
SHAPE_REPRESENTATION_RELATIONSHIP() );
#10314 = ITEM_DEFINED_TRANSFORMATION('','',#11,#27);
#10315 = PRODUCT_DEFINITION_SHAPE('Placement','Placement of an item',
  #10316);
#10316 = NEXT_ASSEMBLY_USAGE_OCCURRENCE('6','','',#5,#10293,$);
#10317 = PRODUCT_RELATED_PRODUCT_CATEGORY('part',$,(#10295));
#10318 = SHAPE_DEFINITION_REPRESENTATION(#10319,#10325);
#10319 = PRODUCT_DEFINITION_SHAPE('','',#10320);
#10320 = PRODUCT_DEFINITION('design','',#10321,#10324);
#10321 = PRODUCT_DEFINITION_FORMATION('','',#10322);
#10322 = PRODUCT('Open CASCADE STEP translator 7.9 1.4.1',
  'Open CASCADE STEP translator 7.9 1.4.1','',(#10323));
#10323 = PRODUCT_CONTEXT('',#2,'mechanical');
#10324 = PRODUCT_DEFINITION_CONTEXT('part definition',#2,'design');
#10325 = ADVANCED_BREP_SHAPE_REPRESENTATION('',(#11,#10326),#11910);
#10326 = MANIFOLD_SOLID_BREP('',#10327);
#10327 = CLOSED_SHELL('',(#10328,#10548,#10680,#10762,#10928,#10978,
    #11028,#11179,#11239,#11356,#11437,#11544,#11598,#11679,#11707,
    #11715,#11742,#11776,#11826,#11876,#11903));
#10328 = ADVANCED_FACE('',(#10329),#10343,.F.);
#10329 = FACE_BOUND('',#10330,.F.);
#10330 = EDGE_LOOP('',(#10331,#10366,#10399,#10427,#10460,#10493,#10521)
  );
#10331 = ORIENTED_EDGE('',*,*,#10332,.F.);
#10332 = EDGE_CURVE('',#10333,#10335,#10337,.T.);
#10333 = VERTEX_POINT('',#10334);
#10334 = CARTESIAN_POINT('',(-94.10766739736,-0.3875,-47.00073868596));
#10335 = VERTEX_POINT('',#10336);
#10336 = CARTESIAN_POINT('',(-94.10766739736,0.3875,-47.00073868596));
#10337 = SURFACE_CURVE('',#10338,(#10342,#10354),.PCURVE_S1.);
#10338 = LINE('',#10339,#10340);
#10339 = CARTESIAN_POINT('',(-94.10766739736,-1.5875,-47.00073868596));
#10340 = VECTOR('',#10341,1.);
#10341 = DIRECTION('',(0.,1.,0.));
#10342 = PCURVE('',#10343,#10348);
#10343 = PLANE('',#10344);
#10344 = AXIS2_PLACEMENT_3D('',#10345,#10346,#10347);
#10345 = CARTESIAN_POINT('',(-94.10766739736,0.,-47.00073868596));
#10346 = DIRECTION('',(0.866025403784,0.,0.5));
#10347 = DIRECTION('',(0.5,0.,-0.866025403784));
#10348 = DEFINITIONAL_REPRESENTATION('',(#10349),#10353);
#10349 = LINE('',#10350,#10351);
#10350 = CARTESIAN_POINT('',(0.,-1.5875));
#10351 = VECTOR('',#10352,1.);
#10352 = DIRECTION('',(0.,1.));
#10353 = ( GEOMETRIC_REPRESENTATION_CONTEXT(2) 
PARAMETRIC_REPRESENTATION_CONTEXT() REPRESENTATION_CONTEXT('2D SPACE',''
  ) );
#10354 = PCURVE('',#10355,#10360);
#10355 = PLANE('',#10356);
#10356 = AXIS2_PLACEMENT_3D('',#10357,#10358,#10359);
#10357 = CARTESIAN_POINT('',(87.757667397366,0.,57.999261314031));
#10358 = DIRECTION('',(0.5,0.,-0.866025403784));
#10359 = DIRECTION('',(-0.866025403784,0.,-0.5));
#10360 = DEFINITIONAL_REPRESENTATION('',(#10361),#10365);
#10361 = LINE('',#10362,#10363);
#10362 = CARTESIAN_POINT('',(210.,-1.5875));
#10363 = VECTOR('',#10364,1.);
#10364 = DIRECTION('',(0.,1.));
#10365 = ( GEOMETRIC_REPRESENTATION_CONTEXT(2) 
PARAMETRIC_REPRESENTATION_CONTEXT() REPRESENTATION_CONTEXT('2D SPACE',''
  ) );
#10366 = ORIENTED_EDGE('',*,*,#10367,.F.);
#10367 = EDGE_CURVE('',#10368,#10333,#10370,.T.);
#10368 = VERTEX_POINT('',#10369);
#10369 = CARTESIAN_POINT('',(-93.50766739736,-1.5875,-48.03996917051));
#10370 = SURFACE_CURVE('',#10371,(#10376,#10387),.PCURVE_S1.);
#10371 = CIRCLE('',#10372,1.2);
#10372 = AXIS2_PLACEMENT_3D('',#10373,#10374,#10375);
#10373 = CARTESIAN_POINT('',(-93.50766739736,-0.3875,-48.03996917051));
#10374 = DIRECTION('',(-0.866025403784,0.,-0.5));
#10375 = DIRECTION('',(0.,1.,0.));
#10376 = PCURVE('',#10343,#10377);
#10377 = DEFINITIONAL_REPRESENTATION('',(#10378),#10386);
#10378 = ( BOUNDED_CURVE() B_SPLINE_CURVE(2,(#10379,#10380,#10381,#10382
    ,#10383,#10384,#10385),.UNSPECIFIED.,.T.,.F.) 
B_SPLINE_CURVE_WITH_KNOTS((1,2,2,2,2,1),(-2.094395102393,0.,
    2.094395102393,4.188790204786,6.28318530718,8.377580409573),
.UNSPECIFIED.) CURVE() GEOMETRIC_REPRESENTATION_ITEM() 
RATIONAL_B_SPLINE_CURVE((1.,0.5,1.,0.5,1.,0.5,1.)) REPRESENTATION_ITEM(
  '') );
#10379 = CARTESIAN_POINT('',(1.2,0.8125));
#10380 = CARTESIAN_POINT('',(3.278460969083,0.8125));
#10381 = CARTESIAN_POINT('',(2.239230484541,-0.9875));
#10382 = CARTESIAN_POINT('',(1.2,-2.7875));
#10383 = CARTESIAN_POINT('',(0.160769515459,-0.9875));
#10384 = CARTESIAN_POINT('',(-0.878460969083,0.8125));
#10385 = CARTESIAN_POINT('',(1.2,0.8125));
#10386 = ( GEOMETRIC_REPRESENTATION_CONTEXT(2) 
PARAMETRIC_REPRESENTATION_CONTEXT() REPRESENTATION_CONTEXT('2D SPACE',''
  ) );
#10387 = PCURVE('',#10388,#10393);
#10388 = CYLINDRICAL_SURFACE('',#10389,1.2);
#10389 = AXIS2_PLACEMENT_3D('',#10390,#10391,#10392);
#10390 = CARTESIAN_POINT('',(88.357667397366,-0.3875,56.96003082949));
#10391 = DIRECTION('',(-0.866025403784,0.,-0.5));
#10392 = DIRECTION('',(0.,-1.,0.));
#10393 = DEFINITIONAL_REPRESENTATION('',(#10394),#10398);
#10394 = LINE('',#10395,#10396);
#10395 = CARTESIAN_POINT('',(-3.14159265359,210.));
#10396 = VECTOR('',#10397,1.);
#10397 = DIRECTION('',(1.,0.));
#10398 = ( GEOMETRIC_REPRESENTATION_CONTEXT(2) 
PARAMETRIC_REPRESENTATION_CONTEXT() REPRESENTATION_CONTEXT('2D SPACE',''
  ) );
#10399 = ORIENTED_EDGE('',*,*,#10400,.T.);
#10400 = EDGE_CURVE('',#10368,#10401,#10403,.T.);
#10401 = VERTEX_POINT('',#10402);
#10402 = CARTESIAN_POINT('',(-92.30748272587,-1.5875,-50.11875));
#10403 = SURFACE_CURVE('',#10404,(#10408,#10415),.PCURVE_S1.);
#10404 = LINE('',#10405,#10406);
#10405 = CARTESIAN_POINT('',(-94.10766739736,-1.5875,-47.00073868596));
#10406 = VECTOR('',#10407,1.);
#10407 = DIRECTION('',(0.5,0.,-0.866025403784));
#10408 = PCURVE('',#10343,#10409);
#10409 = DEFINITIONAL_REPRESENTATION('',(#10410),#10414);
#10410 = LINE('',#10411,#10412);
#10411 = CARTESIAN_POINT('',(0.,-1.5875));
#10412 = VECTOR('',#10413,1.);
#10413 = DIRECTION('',(1.,0.));
#10414 = ( GEOMETRIC_REPRESENTATION_CONTEXT(2) 
PARAMETRIC_REPRESENTATION_CONTEXT() REPRESENTATION_CONTEXT('2D SPACE',''
  ) );
#10415 = PCURVE('',#10416,#10421);
#10416 = PLANE('',#10417);
#10417 = AXIS2_PLACEMENT_3D('',#10418,#10419,#10420);
#10418 = CARTESIAN_POINT('',(0.,-1.5875,0.));
#10419 = DIRECTION('',(-0.,-1.,0.));
#10420 = DIRECTION('',(-0.866025403784,0.,-0.5));
#10421 = DEFINITIONAL_REPRESENTATION('',(#10422),#10426);
#10422 = LINE('',#10423,#10424);
#10423 = CARTESIAN_POINT('',(105.,-6.35));
#10424 = VECTOR('',#10425,1.);
#10425 = DIRECTION('',(0.,1.));
#10426 = ( GEOMETRIC_REPRESENTATION_CONTEXT(2) 
PARAMETRIC_REPRESENTATION_CONTEXT() REPRESENTATION_CONTEXT('2D SPACE',''
  ) );
#10427 = ORIENTED_EDGE('',*,*,#10428,.T.);
#10428 = EDGE_CURVE('',#10401,#10429,#10431,.T.);
#10429 = VERTEX_POINT('',#10430);
#10430 = CARTESIAN_POINT('',(-92.52016739736,-7.776507174586E-16,
    -49.75036934298));
#10431 = SURFACE_CURVE('',#10432,(#10437,#10448),.PCURVE_S1.);
#10432 = CIRCLE('',#10433,3.175);
#10433 = AXIS2_PLACEMENT_3D('',#10434,#10435,#10436);
#10434 = CARTESIAN_POINT('',(-90.93266739736,0.,-52.5));
#10435 = DIRECTION('',(-0.866025403784,0.,-0.5));
#10436 = DIRECTION('',(-0.5,0.,0.866025403784));
#10437 = PCURVE('',#10343,#10438);
#10438 = DEFINITIONAL_REPRESENTATION('',(#10439),#10447);
#10439 = ( BOUNDED_CURVE() B_SPLINE_CURVE(2,(#10440,#10441,#10442,#10443
    ,#10444,#10445,#10446),.UNSPECIFIED.,.T.,.F.) 
B_SPLINE_CURVE_WITH_KNOTS((1,2,2,2,2,1),(-2.094395102393,0.,
    2.094395102393,4.188790204786,6.28318530718,8.377580409573),
.UNSPECIFIED.) CURVE() GEOMETRIC_REPRESENTATION_ITEM() 
RATIONAL_B_SPLINE_CURVE((1.,0.5,1.,0.5,1.,0.5,1.)) REPRESENTATION_ITEM(
  '') );
#10440 = CARTESIAN_POINT('',(3.175,0.));
#10441 = CARTESIAN_POINT('',(3.175,5.499261314031));
#10442 = CARTESIAN_POINT('',(7.9375,2.749630657016));
#10443 = CARTESIAN_POINT('',(12.7,7.776507174586E-16));
#10444 = CARTESIAN_POINT('',(7.9375,-2.749630657016));
#10445 = CARTESIAN_POINT('',(3.175,-5.499261314031));
#10446 = CARTESIAN_POINT('',(3.175,0.));
#10447 = ( GEOMETRIC_REPRESENTATION_CONTEXT(2) 
PARAMETRIC_REPRESENTATION_CONTEXT() REPRESENTATION_CONTEXT('2D SPACE',''
  ) );
#10448 = PCURVE('',#10449,#10454);
#10449 = CYLINDRICAL_SURFACE('',#10450,3.175);
#10450 = AXIS2_PLACEMENT_3D('',#10451,#10452,#10453);
#10451 = CARTESIAN_POINT('',(-43.30127018922,0.,-25.));
#10452 = DIRECTION('',(-0.866025403784,0.,-0.5));
#10453 = DIRECTION('',(-0.5,0.,0.866025403784));
#10454 = DEFINITIONAL_REPRESENTATION('',(#10455),#10459);
#10455 = LINE('',#10456,#10457);
#10456 = CARTESIAN_POINT('',(0.,55.));
#10457 = VECTOR('',#10458,1.);
#10458 = DIRECTION('',(1.,0.));
#10459 = ( GEOMETRIC_REPRESENTATION_CONTEXT(2) 
PARAMETRIC_REPRESENTATION_CONTEXT() REPRESENTATION_CONTEXT('2D SPACE',''
  ) );
#10460 = ORIENTED_EDGE('',*,*,#10461,.T.);
#10461 = EDGE_CURVE('',#10429,#10462,#10464,.T.);
#10462 = VERTEX_POINT('',#10463);
#10463 = CARTESIAN_POINT('',(-92.30748272587,1.5875,-50.11875));
#10464 = SURFACE_CURVE('',#10465,(#10470,#10481),.PCURVE_S1.);
#10465 = CIRCLE('',#10466,3.175);
#10466 = AXIS2_PLACEMENT_3D('',#10467,#10468,#10469);
#10467 = CARTESIAN_POINT('',(-90.93266739736,0.,-52.5));
#10468 = DIRECTION('',(-0.866025403784,0.,-0.5));
#10469 = DIRECTION('',(-0.5,0.,0.866025403784));
#10470 = PCURVE('',#10343,#10471);
#10471 = DEFINITIONAL_REPRESENTATION('',(#10472),#10480);
#10472 = ( BOUNDED_CURVE() B_SPLINE_CURVE(2,(#10473,#10474,#10475,#10476
    ,#10477,#10478,#10479),.UNSPECIFIED.,.T.,.F.) 
B_SPLINE_CURVE_WITH_KNOTS((1,2,2,2,2,1),(-2.094395102393,0.,
    2.094395102393,4.188790204786,6.28318530718,8.377580409573),
.UNSPECIFIED.) CURVE() GEOMETRIC_REPRESENTATION_ITEM() 
RATIONAL_B_SPLINE_CURVE((1.,0.5,1.,0.5,1.,0.5,1.)) REPRESENTATION_ITEM(
  '') );
#10473 = CARTESIAN_POINT('',(3.175,0.));
#10474 = CARTESIAN_POINT('',(3.175,5.499261314031));
#10475 = CARTESIAN_POINT('',(7.9375,2.749630657016));
#10476 = CARTESIAN_POINT('',(12.7,7.776507174586E-16));
#10477 = CARTESIAN_POINT('',(7.9375,-2.749630657016));
#10478 = CARTESIAN_POINT('',(3.175,-5.499261314031));
#10479 = CARTESIAN_POINT('',(3.175,0.));
#10480 = ( GEOMETRIC_REPRESENTATION_CONTEXT(2) 
PARAMETRIC_REPRESENTATION_CONTEXT() REPRESENTATION_CONTEXT('2D SPACE',''
  ) );
#10481 = PCURVE('',#10482,#10487);
#10482 = CYLINDRICAL_SURFACE('',#10483,3.175);
#10483 = AXIS2_PLACEMENT_3D('',#10484,#10485,#10486);
#10484 = CARTESIAN_POINT('',(-43.30127018922,0.,-25.));
#10485 = DIRECTION('',(-0.866025403784,0.,-0.5));
#10486 = DIRECTION('',(-0.5,0.,0.866025403784));
#10487 = DEFINITIONAL_REPRESENTATION('',(#10488),#10492);
#10488 = LINE('',#10489,#10490);
#10489 = CARTESIAN_POINT('',(0.,55.));
#10490 = VECTOR('',#10491,1.);
#10491 = DIRECTION('',(1.,0.));
#10492 = ( GEOMETRIC_REPRESENTATION_CONTEXT(2) 
PARAMETRIC_REPRESENTATION_CONTEXT() REPRESENTATION_CONTEXT('2D SPACE',''
  ) );
#10493 = ORIENTED_EDGE('',*,*,#10494,.F.);
#10494 = EDGE_CURVE('',#10495,#10462,#10497,.T.);
#10495 = VERTEX_POINT('',#10496);
#10496 = CARTESIAN_POINT('',(-93.50766739736,1.5875,-48.03996917051));
#10497 = SURFACE_CURVE('',#10498,(#10502,#10509),.PCURVE_S1.);
#10498 = LINE('',#10499,#10500);
#10499 = CARTESIAN_POINT('',(-94.10766739736,1.5875,-47.00073868596));
#10500 = VECTOR('',#10501,1.);
#10501 = DIRECTION('',(0.5,0.,-0.866025403784));
#10502 = PCURVE('',#10343,#10503);
#10503 = DEFINITIONAL_REPRESENTATION('',(#10504),#10508);
#10504 = LINE('',#10505,#10506);
#10505 = CARTESIAN_POINT('',(0.,1.5875));
#10506 = VECTOR('',#10507,1.);
#10507 = DIRECTION('',(1.,0.));
#10508 = ( GEOMETRIC_REPRESENTATION_CONTEXT(2) 
PARAMETRIC_REPRESENTATION_CONTEXT() REPRESENTATION_CONTEXT('2D SPACE',''
  ) );
#10509 = PCURVE('',#10510,#10515);
#10510 = PLANE('',#10511);
#10511 = AXIS2_PLACEMENT_3D('',#10512,#10513,#10514);
#10512 = CARTESIAN_POINT('',(0.,1.5875,0.));
#10513 = DIRECTION('',(-0.,-1.,0.));
#10514 = DIRECTION('',(-0.866025403784,0.,-0.5));
#10515 = DEFINITIONAL_REPRESENTATION('',(#10516),#10520);
#10516 = LINE('',#10517,#10518);
#10517 = CARTESIAN_POINT('',(105.,-6.35));
#10518 = VECTOR('',#10519,1.);
#10519 = DIRECTION('',(0.,1.));
#10520 = ( GEOMETRIC_REPRESENTATION_CONTEXT(2) 
PARAMETRIC_REPRESENTATION_CONTEXT() REPRESENTATION_CONTEXT('2D SPACE',''
  ) );
#10521 = ORIENTED_EDGE('',*,*,#10522,.T.);
#10522 = EDGE_CURVE('',#10495,#10335,#10523,.T.);
#10523 = SURFACE_CURVE('',#10524,(#10529,#10536),.PCURVE_S1.);
#10524 = CIRCLE('',#10525,1.2);
#10525 = AXIS2_PLACEMENT_3D('',#10526,#10527,#10528);
#10526 = CARTESIAN_POINT('',(-93.50766739736,0.3875,-48.03996917051));
#10527 = DIRECTION('',(0.866025403784,-0.,0.5));
#10528 = DIRECTION('',(0.,1.,0.));
#10529 = PCURVE('',#10343,#10530);
#10530 = DEFINITIONAL_REPRESENTATION('',(#10531),#10535);
#10531 = CIRCLE('',#10532,1.2);
#10532 = AXIS2_PLACEMENT_2D('',#10533,#10534);
#10533 = CARTESIAN_POINT('',(1.2,0.3875));
#10534 = DIRECTION('',(0.,1.));
#10535 = ( GEOMETRIC_REPRESENTATION_CONTEXT(2) 
PARAMETRIC_REPRESENTATION_CONTEXT() REPRESENTATION_CONTEXT('2D SPACE',''
  ) );
#10536 = PCURVE('',#10537,#10542);
#10537 = CYLINDRICAL_SURFACE('',#10538,1.2);
#10538 = AXIS2_PLACEMENT_3D('',#10539,#10540,#10541);
#10539 = CARTESIAN_POINT('',(88.357667397366,0.3875,56.96003082949));
#10540 = DIRECTION('',(-0.866025403784,0.,-0.5));
#10541 = DIRECTION('',(0.,1.,0.));
#10542 = DEFINITIONAL_REPRESENTATION('',(#10543),#10547);
#10543 = LINE('',#10544,#10545);
#10544 = CARTESIAN_POINT('',(-0.,210.));
#10545 = VECTOR('',#10546,1.);
#10546 = DIRECTION('',(-1.,0.));
#10547 = ( GEOMETRIC_REPRESENTATION_CONTEXT(2) 
PARAMETRIC_REPRESENTATION_CONTEXT() REPRESENTATION_CONTEXT('2D SPACE',''
  ) );
#10548 = ADVANCED_FACE('',(#10549),#10355,.F.);
#10549 = FACE_BOUND('',#10550,.F.);
#10550 = EDGE_LOOP('',(#10551,#10581,#10602,#10603,#10626,#10654));
#10551 = ORIENTED_EDGE('',*,*,#10552,.F.);
#10552 = EDGE_CURVE('',#10553,#10555,#10557,.T.);
#10553 = VERTEX_POINT('',#10554);
#10554 = CARTESIAN_POINT('',(-20.5101701751,-0.3875,-4.509203853016));
#10555 = VERTEX_POINT('',#10556);
#10556 = CARTESIAN_POINT('',(-20.5101701751,-0.21,-4.509203853016));
#10557 = SURFACE_CURVE('',#10558,(#10562,#10569),.PCURVE_S1.);
#10558 = LINE('',#10559,#10560);
#10559 = CARTESIAN_POINT('',(-20.5101701751,-50.,-4.509203853016));
#10560 = VECTOR('',#10561,1.);
#10561 = DIRECTION('',(0.,1.,0.));
#10562 = PCURVE('',#10355,#10563);
#10563 = DEFINITIONAL_REPRESENTATION('',(#10564),#10568);
#10564 = LINE('',#10565,#10566);
#10565 = CARTESIAN_POINT('',(125.01693033409,-50.));
#10566 = VECTOR('',#10567,1.);
#10567 = DIRECTION('',(0.,1.));
#10568 = ( GEOMETRIC_REPRESENTATION_CONTEXT(2) 
PARAMETRIC_REPRESENTATION_CONTEXT() REPRESENTATION_CONTEXT('2D SPACE',''
  ) );
#10569 = PCURVE('',#10570,#10575);
#10570 = CYLINDRICAL_SURFACE('',#10571,21.);
#10571 = AXIS2_PLACEMENT_3D('',#10572,#10573,#10574);
#10572 = CARTESIAN_POINT('',(0.,-50.,0.));
#10573 = DIRECTION('',(0.,1.,0.));
#10574 = DIRECTION('',(0.866025403784,0.,0.5));
#10575 = DEFINITIONAL_REPRESENTATION('',(#10576),#10580);
#10576 = LINE('',#10577,#10578);
#10577 = CARTESIAN_POINT('',(3.448782206808,0.));
#10578 = VECTOR('',#10579,1.);
#10579 = DIRECTION('',(0.,1.));
#10580 = ( GEOMETRIC_REPRESENTATION_CONTEXT(2) 
PARAMETRIC_REPRESENTATION_CONTEXT() REPRESENTATION_CONTEXT('2D SPACE',''
  ) );
#10581 = ORIENTED_EDGE('',*,*,#10582,.T.);
#10582 = EDGE_CURVE('',#10553,#10333,#10583,.T.);
#10583 = SURFACE_CURVE('',#10584,(#10588,#10595),.PCURVE_S1.);
#10584 = LINE('',#10585,#10586);
#10585 = CARTESIAN_POINT('',(87.757667397366,-0.3875,57.999261314031));
#10586 = VECTOR('',#10587,1.);
#10587 = DIRECTION('',(-0.866025403784,0.,-0.5));
#10588 = PCURVE('',#10355,#10589);
#10589 = DEFINITIONAL_REPRESENTATION('',(#10590),#10594);
#10590 = LINE('',#10591,#10592);
#10591 = CARTESIAN_POINT('',(-0.,-0.3875));
#10592 = VECTOR('',#10593,1.);
#10593 = DIRECTION('',(1.,0.));
#10594 = ( GEOMETRIC_REPRESENTATION_CONTEXT(2) 
PARAMETRIC_REPRESENTATION_CONTEXT() REPRESENTATION_CONTEXT('2D SPACE',''
  ) );
#10595 = PCURVE('',#10388,#10596);
#10596 = DEFINITIONAL_REPRESENTATION('',(#10597),#10601);
#10597 = LINE('',#10598,#10599);
#10598 = CARTESIAN_POINT('',(1.570796326795,0.));
#10599 = VECTOR('',#10600,1.);
#10600 = DIRECTION('',(0.,1.));
#10601 = ( GEOMETRIC_REPRESENTATION_CONTEXT(2) 
PARAMETRIC_REPRESENTATION_CONTEXT() REPRESENTATION_CONTEXT('2D SPACE',''
  ) );
#10602 = ORIENTED_EDGE('',*,*,#10332,.T.);
#10603 = ORIENTED_EDGE('',*,*,#10604,.F.);
#10604 = EDGE_CURVE('',#10605,#10335,#10607,.T.);
#10605 = VERTEX_POINT('',#10606);
#10606 = CARTESIAN_POINT('',(-20.5101701751,0.3875,-4.509203853016));
#10607 = SURFACE_CURVE('',#10608,(#10612,#10619),.PCURVE_S1.);
#10608 = LINE('',#10609,#10610);
#10609 = CARTESIAN_POINT('',(87.757667397366,0.3875,57.999261314031));
#10610 = VECTOR('',#10611,1.);
#10611 = DIRECTION('',(-0.866025403784,0.,-0.5));
#10612 = PCURVE('',#10355,#10613);
#10613 = DEFINITIONAL_REPRESENTATION('',(#10614),#10618);
#10614 = LINE('',#10615,#10616);
#10615 = CARTESIAN_POINT('',(0.,0.3875));
#10616 = VECTOR('',#10617,1.);
#10617 = DIRECTION('',(1.,0.));
#10618 = ( GEOMETRIC_REPRESENTATION_CONTEXT(2) 
PARAMETRIC_REPRESENTATION_CONTEXT() REPRESENTATION_CONTEXT('2D SPACE',''
  ) );
#10619 = PCURVE('',#10537,#10620);
#10620 = DEFINITIONAL_REPRESENTATION('',(#10621),#10625);
#10621 = LINE('',#10622,#10623);
#10622 = CARTESIAN_POINT('',(-1.570796326795,0.));
#10623 = VECTOR('',#10624,1.);
#10624 = DIRECTION('',(-0.,1.));
#10625 = ( GEOMETRIC_REPRESENTATION_CONTEXT(2) 
PARAMETRIC_REPRESENTATION_CONTEXT() REPRESENTATION_CONTEXT('2D SPACE',''
  ) );
#10626 = ORIENTED_EDGE('',*,*,#10627,.F.);
#10627 = EDGE_CURVE('',#10628,#10605,#10630,.T.);
#10628 = VERTEX_POINT('',#10629);
#10629 = CARTESIAN_POINT('',(-20.5101701751,0.21,-4.509203853016));
#10630 = SURFACE_CURVE('',#10631,(#10635,#10642),.PCURVE_S1.);
#10631 = LINE('',#10632,#10633);
#10632 = CARTESIAN_POINT('',(-20.5101701751,-50.,-4.509203853016));
#10633 = VECTOR('',#10634,1.);
#10634 = DIRECTION('',(0.,1.,0.));
#10635 = PCURVE('',#10355,#10636);
#10636 = DEFINITIONAL_REPRESENTATION('',(#10637),#10641);
#10637 = LINE('',#10638,#10639);
#10638 = CARTESIAN_POINT('',(125.01693033409,-50.));
#10639 = VECTOR('',#10640,1.);
#10640 = DIRECTION('',(0.,1.));
#10641 = ( GEOMETRIC_REPRESENTATION_CONTEXT(2) 
PARAMETRIC_REPRESENTATION_CONTEXT() REPRESENTATION_CONTEXT('2D SPACE',''
  ) );
#10642 = PCURVE('',#10643,#10648);
#10643 = CYLINDRICAL_SURFACE('',#10644,21.);
#10644 = AXIS2_PLACEMENT_3D('',#10645,#10646,#10647);
#10645 = CARTESIAN_POINT('',(0.,-50.,0.));
#10646 = DIRECTION('',(0.,1.,0.));
#10647 = DIRECTION('',(0.866025403784,0.,0.5));
#10648 = DEFINITIONAL_REPRESENTATION('',(#10649),#10653);
#10649 = LINE('',#10650,#10651);
#10650 = CARTESIAN_POINT('',(3.448782206808,0.));
#10651 = VECTOR('',#10652,1.);
#10652 = DIRECTION('',(0.,1.));
#10653 = ( GEOMETRIC_REPRESENTATION_CONTEXT(2) 
PARAMETRIC_REPRESENTATION_CONTEXT() REPRESENTATION_CONTEXT('2D SPACE',''
  ) );
#10654 = ORIENTED_EDGE('',*,*,#10655,.F.);
#10655 = EDGE_CURVE('',#10555,#10628,#10656,.T.);
#10656 = SURFACE_CURVE('',#10657,(#10661,#10668),.PCURVE_S1.);
#10657 = LINE('',#10658,#10659);
#10658 = CARTESIAN_POINT('',(-20.5101701751,-50.,-4.509203853016));
#10659 = VECTOR('',#10660,1.);
#10660 = DIRECTION('',(0.,1.,0.));
#10661 = PCURVE('',#10355,#10662);
#10662 = DEFINITIONAL_REPRESENTATION('',(#10663),#10667);
#10663 = LINE('',#10664,#10665);
#10664 = CARTESIAN_POINT('',(125.01693033409,-50.));
#10665 = VECTOR('',#10666,1.);
#10666 = DIRECTION('',(0.,1.));
#10667 = ( GEOMETRIC_REPRESENTATION_CONTEXT(2) 
PARAMETRIC_REPRESENTATION_CONTEXT() REPRESENTATION_CONTEXT('2D SPACE',''
  ) );
#10668 = PCURVE('',#10669,#10674);
#10669 = PLANE('',#10670);
#10670 = AXIS2_PLACEMENT_3D('',#10671,#10672,#10673);
#10671 = CARTESIAN_POINT('',(87.757667397366,0.,57.999261314031));
#10672 = DIRECTION('',(0.5,0.,-0.866025403784));
#10673 = DIRECTION('',(-0.866025403784,0.,-0.5));
#10674 = DEFINITIONAL_REPRESENTATION('',(#10675),#10679);
#10675 = LINE('',#10676,#10677);
#10676 = CARTESIAN_POINT('',(125.01693033409,-50.));
#10677 = VECTOR('',#10678,1.);
#10678 = DIRECTION('',(0.,1.));
#10679 = ( GEOMETRIC_REPRESENTATION_CONTEXT(2) 
PARAMETRIC_REPRESENTATION_CONTEXT() REPRESENTATION_CONTEXT('2D SPACE',''
  ) );
#10680 = ADVANCED_FACE('',(#10681),#10537,.T.);
#10681 = FACE_BOUND('',#10682,.F.);
#10682 = EDGE_LOOP('',(#10683,#10706,#10760,#10761));
#10683 = ORIENTED_EDGE('',*,*,#10684,.F.);
#10684 = EDGE_CURVE('',#10685,#10495,#10687,.T.);
#10685 = VERTEX_POINT('',#10686);
#10686 = CARTESIAN_POINT('',(-20.2061691331,1.5875,-5.719329415634));
#10687 = SURFACE_CURVE('',#10688,(#10692,#10699),.PCURVE_S1.);
#10688 = LINE('',#10689,#10690);
#10689 = CARTESIAN_POINT('',(88.357667397366,1.5875,56.96003082949));
#10690 = VECTOR('',#10691,1.);
#10691 = DIRECTION('',(-0.866025403784,0.,-0.5));
#10692 = PCURVE('',#10537,#10693);
#10693 = DEFINITIONAL_REPRESENTATION('',(#10694),#10698);
#10694 = LINE('',#10695,#10696);
#10695 = CARTESIAN_POINT('',(-0.,0.));
#10696 = VECTOR('',#10697,1.);
#10697 = DIRECTION('',(-0.,1.));
#10698 = ( GEOMETRIC_REPRESENTATION_CONTEXT(2) 
PARAMETRIC_REPRESENTATION_CONTEXT() REPRESENTATION_CONTEXT('2D SPACE',''
  ) );
#10699 = PCURVE('',#10510,#10700);
#10700 = DEFINITIONAL_REPRESENTATION('',(#10701),#10705);
#10701 = LINE('',#10702,#10703);
#10702 = CARTESIAN_POINT('',(-105.,-5.15));
#10703 = VECTOR('',#10704,1.);
#10704 = DIRECTION('',(1.,0.));
#10705 = ( GEOMETRIC_REPRESENTATION_CONTEXT(2) 
PARAMETRIC_REPRESENTATION_CONTEXT() REPRESENTATION_CONTEXT('2D SPACE',''
  ) );
#10706 = ORIENTED_EDGE('',*,*,#10707,.T.);
#10707 = EDGE_CURVE('',#10685,#10605,#10708,.T.);
#10708 = SURFACE_CURVE('',#10709,(#10724,#10742),.PCURVE_S1.);
#10709 = B_SPLINE_CURVE_WITH_KNOTS('',7,(#10710,#10711,#10712,#10713,
    #10714,#10715,#10716,#10717,#10718,#10719,#10720,#10721,#10722,
    #10723),.UNSPECIFIED.,.F.,.F.,(8,6,8),(0.,0.467996521509,1.),
  .UNSPECIFIED.);
#10710 = CARTESIAN_POINT('',(-20.2061691331,1.5875,-5.719329415634));
#10711 = CARTESIAN_POINT('',(-20.24600082684,1.5875,-5.578605585588));
#10712 = CARTESIAN_POINT('',(-20.28423690443,1.567955078386,
    -5.439157737947));
#10713 = CARTESIAN_POINT('',(-20.31996582479,1.529809619862,
    -5.304374213236));
#10714 = CARTESIAN_POINT('',(-20.35252110619,1.474786529007,
    -5.177435789267));
#10715 = CARTESIAN_POINT('',(-20.38148401508,1.405326444202,
    -5.061105139692));
#10716 = CARTESIAN_POINT('',(-20.40666574834,1.324519285639,
    -4.957471069786));
#10717 = CARTESIAN_POINT('',(-20.45239976525,1.135434230199,
    -4.76553900145));
#10718 = CARTESIAN_POINT('',(-20.47213397502,1.023731116705,
    -4.680079534967));
#10719 = CARTESIAN_POINT('',(-20.48755268119,0.90390152932,
    -4.611653853165));
#10720 = CARTESIAN_POINT('',(-20.49891945989,0.778358728339,
    -4.560378080895));
#10721 = CARTESIAN_POINT('',(-20.50642302551,0.649194492221,
    -4.526247760629));
#10722 = CARTESIAN_POINT('',(-20.5101701751,0.518302987492,
    -4.509203853016));
#10723 = CARTESIAN_POINT('',(-20.5101701751,0.3875,-4.509203853016));
#10724 = PCURVE('',#10537,#10725);
#10725 = DEFINITIONAL_REPRESENTATION('',(#10726),#10741);
#10726 = B_SPLINE_CURVE_WITH_KNOTS('',7,(#10727,#10728,#10729,#10730,
    #10731,#10732,#10733,#10734,#10735,#10736,#10737,#10738,#10739,
    #10740),.UNSPECIFIED.,.F.,.F.,(8,6,8),(0.,0.467996521509,1.),
  .UNSPECIFIED.);
#10727 = CARTESIAN_POINT('',(0.,125.35872049024));
#10728 = CARTESIAN_POINT('',(-0.118155215508,125.32285383388));
#10729 = CARTESIAN_POINT('',(-0.234724088423,125.2862433246));
#10730 = CARTESIAN_POINT('',(-0.34957928146,125.24979371492));
#10731 = CARTESIAN_POINT('',(-0.462507787099,125.21451820366));
#10732 = CARTESIAN_POINT('',(-0.573190061809,125.18143549373));
#10733 = CARTESIAN_POINT('',(-0.681110345101,125.15142647949));
#10734 = CARTESIAN_POINT('',(-0.903949219972,125.09506726579));
#10735 = CARTESIAN_POINT('',(-1.019196130496,125.06942785953));
#10736 = CARTESIAN_POINT('',(-1.131988122165,125.04856800987));
#10737 = CARTESIAN_POINT('',(-1.242964900181,125.03277404284));
#10738 = CARTESIAN_POINT('',(-1.352717709054,125.02220716115));
#10739 = CARTESIAN_POINT('',(-1.461793837219,125.01693033409));
#10740 = CARTESIAN_POINT('',(-1.570796326795,125.01693033409));
#10741 = ( GEOMETRIC_REPRESENTATION_CONTEXT(2) 
PARAMETRIC_REPRESENTATION_CONTEXT() REPRESENTATION_CONTEXT('2D SPACE',''
  ) );
#10742 = PCURVE('',#10643,#10743);
#10743 = DEFINITIONAL_REPRESENTATION('',(#10744),#10759);
#10744 = B_SPLINE_CURVE_WITH_KNOTS('',7,(#10745,#10746,#10747,#10748,
    #10749,#10750,#10751,#10752,#10753,#10754,#10755,#10756,#10757,
    #10758),.UNSPECIFIED.,.F.,.F.,(8,6,8),(0.,0.467996521509,1.),
  .UNSPECIFIED.);
#10745 = CARTESIAN_POINT('',(3.3893579335,51.5875));
#10746 = CARTESIAN_POINT('',(3.396322332794,51.5875));
#10747 = CARTESIAN_POINT('',(3.403207574504,51.567955078386));
#10748 = CARTESIAN_POINT('',(3.409847136218,51.529809619862));
#10749 = CARTESIAN_POINT('',(3.416087140186,51.474786529007));
#10750 = CARTESIAN_POINT('',(3.421795650725,51.405326444202));
#10751 = CARTESIAN_POINT('',(3.426874153744,51.324519285639));
#10752 = CARTESIAN_POINT('',(3.436269660843,51.135434230199));
#10753 = CARTESIAN_POINT('',(3.440446148419,51.023731116705));
#10754 = CARTESIAN_POINT('',(3.443786165625,50.90390152932));
#10755 = CARTESIAN_POINT('',(3.446287141644,50.778358728339));
#10756 = CARTESIAN_POINT('',(3.447951208748,50.649194492221));
#10757 = CARTESIAN_POINT('',(3.448782206808,50.518302987492));
#10758 = CARTESIAN_POINT('',(3.448782206808,50.3875));
#10759 = ( GEOMETRIC_REPRESENTATION_CONTEXT(2) 
PARAMETRIC_REPRESENTATION_CONTEXT() REPRESENTATION_CONTEXT('2D SPACE',''
  ) );
#10760 = ORIENTED_EDGE('',*,*,#10604,.T.);
#10761 = ORIENTED_EDGE('',*,*,#10522,.F.);
#10762 = ADVANCED_FACE('',(#10763),#10510,.F.);
#10763 = FACE_BOUND('',#10764,.F.);
#10764 = EDGE_LOOP('',(#10765,#10793,#10794,#10795,#10818,#10846,#10874,
    #10902));
#10765 = ORIENTED_EDGE('',*,*,#10766,.T.);
#10766 = EDGE_CURVE('',#10767,#10685,#10769,.T.);
#10767 = VERTEX_POINT('',#10768);
#10768 = CARTESIAN_POINT('',(-15.0561691331,1.5875,-14.63939107461));
#10769 = SURFACE_CURVE('',#10770,(#10775,#10786),.PCURVE_S1.);
#10770 = CIRCLE('',#10771,21.);
#10771 = AXIS2_PLACEMENT_3D('',#10772,#10773,#10774);
#10772 = CARTESIAN_POINT('',(0.,1.5875,0.));
#10773 = DIRECTION('',(-0.,1.,0.));
#10774 = DIRECTION('',(0.866025403784,0.,0.5));
#10775 = PCURVE('',#10510,#10776);
#10776 = DEFINITIONAL_REPRESENTATION('',(#10777),#10785);
#10777 = ( BOUNDED_CURVE() B_SPLINE_CURVE(2,(#10778,#10779,#10780,#10781
    ,#10782,#10783,#10784),.UNSPECIFIED.,.T.,.F.) 
B_SPLINE_CURVE_WITH_KNOTS((1,2,2,2,2,1),(-2.094395102393,0.,
    2.094395102393,4.188790204786,6.28318530718,8.377580409573),
.UNSPECIFIED.) CURVE() GEOMETRIC_REPRESENTATION_ITEM() 
RATIONAL_B_SPLINE_CURVE((1.,0.5,1.,0.5,1.,0.5,1.)) REPRESENTATION_ITEM(
  '') );
#10778 = CARTESIAN_POINT('',(-21.,0.));
#10779 = CARTESIAN_POINT('',(-21.,36.373066958946));
#10780 = CARTESIAN_POINT('',(10.5,18.186533479473));
#10781 = CARTESIAN_POINT('',(42.,5.143516556419E-15));
#10782 = CARTESIAN_POINT('',(10.5,-18.18653347947));
#10783 = CARTESIAN_POINT('',(-21.,-36.37306695894));
#10784 = CARTESIAN_POINT('',(-21.,0.));
#10785 = ( GEOMETRIC_REPRESENTATION_CONTEXT(2) 
PARAMETRIC_REPRESENTATION_CONTEXT() REPRESENTATION_CONTEXT('2D SPACE',''
  ) );
#10786 = PCURVE('',#10643,#10787);
#10787 = DEFINITIONAL_REPRESENTATION('',(#10788),#10792);
#10788 = LINE('',#10789,#10790);
#10789 = CARTESIAN_POINT('',(0.,51.5875));
#10790 = VECTOR('',#10791,1.);
#10791 = DIRECTION('',(1.,0.));
#10792 = ( GEOMETRIC_REPRESENTATION_CONTEXT(2) 
PARAMETRIC_REPRESENTATION_CONTEXT() REPRESENTATION_CONTEXT('2D SPACE',''
  ) );
#10793 = ORIENTED_EDGE('',*,*,#10684,.T.);
#10794 = ORIENTED_EDGE('',*,*,#10494,.T.);
#10795 = ORIENTED_EDGE('',*,*,#10796,.F.);
#10796 = EDGE_CURVE('',#10797,#10462,#10799,.T.);
#10797 = VERTEX_POINT('',#10798);
#10798 = CARTESIAN_POINT('',(-44.67608551773,1.5875,-22.61875));
#10799 = SURFACE_CURVE('',#10800,(#10804,#10811),.PCURVE_S1.);
#10800 = LINE('',#10801,#10802);
#10801 = CARTESIAN_POINT('',(-44.67608551773,1.5875,-22.61875));
#10802 = VECTOR('',#10803,1.);
#10803 = DIRECTION('',(-0.866025403784,0.,-0.5));
#10804 = PCURVE('',#10510,#10805);
#10805 = DEFINITIONAL_REPRESENTATION('',(#10806),#10810);
#10806 = LINE('',#10807,#10808);
#10807 = CARTESIAN_POINT('',(50.,-2.749630657016));
#10808 = VECTOR('',#10809,1.);
#10809 = DIRECTION('',(1.,0.));
#10810 = ( GEOMETRIC_REPRESENTATION_CONTEXT(2) 
PARAMETRIC_REPRESENTATION_CONTEXT() REPRESENTATION_CONTEXT('2D SPACE',''
  ) );
#10811 = PCURVE('',#10482,#10812);
#10812 = DEFINITIONAL_REPRESENTATION('',(#10813),#10817);
#10813 = LINE('',#10814,#10815);
#10814 = CARTESIAN_POINT('',(0.523598775598,0.));
#10815 = VECTOR('',#10816,1.);
#10816 = DIRECTION('',(0.,1.));
#10817 = ( GEOMETRIC_REPRESENTATION_CONTEXT(2) 
PARAMETRIC_REPRESENTATION_CONTEXT() REPRESENTATION_CONTEXT('2D SPACE',''
  ) );
#10818 = ORIENTED_EDGE('',*,*,#10819,.T.);
#10819 = EDGE_CURVE('',#10797,#10820,#10822,.T.);
#10820 = VERTEX_POINT('',#10821);
#10821 = CARTESIAN_POINT('',(-41.92645486071,1.5875,-27.38125));
#10822 = SURFACE_CURVE('',#10823,(#10827,#10834),.PCURVE_S1.);
#10823 = LINE('',#10824,#10825);
#10824 = CARTESIAN_POINT('',(-43.30127018922,1.5875,-25.));
#10825 = VECTOR('',#10826,1.);
#10826 = DIRECTION('',(0.5,0.,-0.866025403784));
#10827 = PCURVE('',#10510,#10828);
#10828 = DEFINITIONAL_REPRESENTATION('',(#10829),#10833);
#10829 = LINE('',#10830,#10831);
#10830 = CARTESIAN_POINT('',(50.,3.552713678801E-15));
#10831 = VECTOR('',#10832,1.);
#10832 = DIRECTION('',(0.,1.));
#10833 = ( GEOMETRIC_REPRESENTATION_CONTEXT(2) 
PARAMETRIC_REPRESENTATION_CONTEXT() REPRESENTATION_CONTEXT('2D SPACE',''
  ) );
#10834 = PCURVE('',#10835,#10840);
#10835 = PLANE('',#10836);
#10836 = AXIS2_PLACEMENT_3D('',#10837,#10838,#10839);
#10837 = CARTESIAN_POINT('',(-43.30127018922,0.,-25.));
#10838 = DIRECTION('',(-0.866025403784,0.,-0.5));
#10839 = DIRECTION('',(-0.5,0.,0.866025403784));
#10840 = DEFINITIONAL_REPRESENTATION('',(#10841),#10845);
#10841 = LINE('',#10842,#10843);
#10842 = CARTESIAN_POINT('',(0.,1.5875));
#10843 = VECTOR('',#10844,1.);
#10844 = DIRECTION('',(-1.,0.));
#10845 = ( GEOMETRIC_REPRESENTATION_CONTEXT(2) 
PARAMETRIC_REPRESENTATION_CONTEXT() REPRESENTATION_CONTEXT('2D SPACE',''
  ) );
#10846 = ORIENTED_EDGE('',*,*,#10847,.T.);
#10847 = EDGE_CURVE('',#10820,#10848,#10850,.T.);
#10848 = VERTEX_POINT('',#10849);
#10849 = CARTESIAN_POINT('',(-89.55785206885,1.5875,-54.88125));
#10850 = SURFACE_CURVE('',#10851,(#10855,#10862),.PCURVE_S1.);
#10851 = LINE('',#10852,#10853);
#10852 = CARTESIAN_POINT('',(-41.92645486071,1.5875,-27.38125));
#10853 = VECTOR('',#10854,1.);
#10854 = DIRECTION('',(-0.866025403784,0.,-0.5));
#10855 = PCURVE('',#10510,#10856);
#10856 = DEFINITIONAL_REPRESENTATION('',(#10857),#10861);
#10857 = LINE('',#10858,#10859);
#10858 = CARTESIAN_POINT('',(50.,2.749630657016));
#10859 = VECTOR('',#10860,1.);
#10860 = DIRECTION('',(1.,0.));
#10861 = ( GEOMETRIC_REPRESENTATION_CONTEXT(2) 
PARAMETRIC_REPRESENTATION_CONTEXT() REPRESENTATION_CONTEXT('2D SPACE',''
  ) );
#10862 = PCURVE('',#10863,#10868);
#10863 = CYLINDRICAL_SURFACE('',#10864,3.175);
#10864 = AXIS2_PLACEMENT_3D('',#10865,#10866,#10867);
#10865 = CARTESIAN_POINT('',(-43.30127018922,0.,-25.));
#10866 = DIRECTION('',(-0.866025403784,0.,-0.5));
#10867 = DIRECTION('',(-0.5,0.,0.866025403784));
#10868 = DEFINITIONAL_REPRESENTATION('',(#10869),#10873);
#10869 = LINE('',#10870,#10871);
#10870 = CARTESIAN_POINT('',(2.617993877991,0.));
#10871 = VECTOR('',#10872,1.);
#10872 = DIRECTION('',(0.,1.));
#10873 = ( GEOMETRIC_REPRESENTATION_CONTEXT(2) 
PARAMETRIC_REPRESENTATION_CONTEXT() REPRESENTATION_CONTEXT('2D SPACE',''
  ) );
#10874 = ORIENTED_EDGE('',*,*,#10875,.T.);
#10875 = EDGE_CURVE('',#10848,#10876,#10878,.T.);
#10876 = VERTEX_POINT('',#10877);
#10877 = CARTESIAN_POINT('',(-88.35766739736,1.5875,-56.96003082949));
#10878 = SURFACE_CURVE('',#10879,(#10883,#10890),.PCURVE_S1.);
#10879 = LINE('',#10880,#10881);
#10880 = CARTESIAN_POINT('',(-94.10766739736,1.5875,-47.00073868596));
#10881 = VECTOR('',#10882,1.);
#10882 = DIRECTION('',(0.5,0.,-0.866025403784));
#10883 = PCURVE('',#10510,#10884);
#10884 = DEFINITIONAL_REPRESENTATION('',(#10885),#10889);
#10885 = LINE('',#10886,#10887);
#10886 = CARTESIAN_POINT('',(105.,-6.35));
#10887 = VECTOR('',#10888,1.);
#10888 = DIRECTION('',(0.,1.));
#10889 = ( GEOMETRIC_REPRESENTATION_CONTEXT(2) 
PARAMETRIC_REPRESENTATION_CONTEXT() REPRESENTATION_CONTEXT('2D SPACE',''
  ) );
#10890 = PCURVE('',#10891,#10896);
#10891 = PLANE('',#10892);
#10892 = AXIS2_PLACEMENT_3D('',#10893,#10894,#10895);
#10893 = CARTESIAN_POINT('',(-94.10766739736,0.,-47.00073868596));
#10894 = DIRECTION('',(0.866025403784,0.,0.5));
#10895 = DIRECTION('',(0.5,0.,-0.866025403784));
#10896 = DEFINITIONAL_REPRESENTATION('',(#10897),#10901);
#10897 = LINE('',#10898,#10899);
#10898 = CARTESIAN_POINT('',(0.,1.5875));
#10899 = VECTOR('',#10900,1.);
#10900 = DIRECTION('',(1.,0.));
#10901 = ( GEOMETRIC_REPRESENTATION_CONTEXT(2) 
PARAMETRIC_REPRESENTATION_CONTEXT() REPRESENTATION_CONTEXT('2D SPACE',''
  ) );
#10902 = ORIENTED_EDGE('',*,*,#10903,.T.);
#10903 = EDGE_CURVE('',#10876,#10767,#10904,.T.);
#10904 = SURFACE_CURVE('',#10905,(#10909,#10916),.PCURVE_S1.);
#10905 = LINE('',#10906,#10907);
#10906 = CARTESIAN_POINT('',(-88.35766739736,1.5875,-56.96003082949));
#10907 = VECTOR('',#10908,1.);
#10908 = DIRECTION('',(0.866025403784,0.,0.5));
#10909 = PCURVE('',#10510,#10910);
#10910 = DEFINITIONAL_REPRESENTATION('',(#10911),#10915);
#10911 = LINE('',#10912,#10913);
#10912 = CARTESIAN_POINT('',(105.,5.15));
#10913 = VECTOR('',#10914,1.);
#10914 = DIRECTION('',(-1.,0.));
#10915 = ( GEOMETRIC_REPRESENTATION_CONTEXT(2) 
PARAMETRIC_REPRESENTATION_CONTEXT() REPRESENTATION_CONTEXT('2D SPACE',''
  ) );
#10916 = PCURVE('',#10917,#10922);
#10917 = CYLINDRICAL_SURFACE('',#10918,1.2);
#10918 = AXIS2_PLACEMENT_3D('',#10919,#10920,#10921);
#10919 = CARTESIAN_POINT('',(-88.35766739736,0.3875,-56.96003082949));
#10920 = DIRECTION('',(0.866025403784,0.,0.5));
#10921 = DIRECTION('',(0.,1.,0.));
#10922 = DEFINITIONAL_REPRESENTATION('',(#10923),#10927);
#10923 = LINE('',#10924,#10925);
#10924 = CARTESIAN_POINT('',(-0.,0.));
#10925 = VECTOR('',#10926,1.);
#10926 = DIRECTION('',(-0.,1.));
#10927 = ( GEOMETRIC_REPRESENTATION_CONTEXT(2) 
PARAMETRIC_REPRESENTATION_CONTEXT() REPRESENTATION_CONTEXT('2D SPACE',''
  ) );
#10928 = ADVANCED_FACE('',(#10929),#10482,.F.);
#10929 = FACE_BOUND('',#10930,.F.);
#10930 = EDGE_LOOP('',(#10931,#10932,#10955,#10977));
#10931 = ORIENTED_EDGE('',*,*,#10461,.F.);
#10932 = ORIENTED_EDGE('',*,*,#10933,.F.);
#10933 = EDGE_CURVE('',#10934,#10429,#10936,.T.);
#10934 = VERTEX_POINT('',#10935);
#10935 = CARTESIAN_POINT('',(-44.88877018922,-7.776507174586E-16,
    -22.25036934298));
#10936 = SURFACE_CURVE('',#10937,(#10941,#10948),.PCURVE_S1.);
#10937 = LINE('',#10938,#10939);
#10938 = CARTESIAN_POINT('',(-44.88877018922,-7.776507174586E-16,
    -22.25036934298));
#10939 = VECTOR('',#10940,1.);
#10940 = DIRECTION('',(-0.866025403784,0.,-0.5));
#10941 = PCURVE('',#10482,#10942);
#10942 = DEFINITIONAL_REPRESENTATION('',(#10943),#10947);
#10943 = LINE('',#10944,#10945);
#10944 = CARTESIAN_POINT('',(0.,-0.));
#10945 = VECTOR('',#10946,1.);
#10946 = DIRECTION('',(0.,1.));
#10947 = ( GEOMETRIC_REPRESENTATION_CONTEXT(2) 
PARAMETRIC_REPRESENTATION_CONTEXT() REPRESENTATION_CONTEXT('2D SPACE',''
  ) );
#10948 = PCURVE('',#10449,#10949);
#10949 = DEFINITIONAL_REPRESENTATION('',(#10950),#10954);
#10950 = LINE('',#10951,#10952);
#10951 = CARTESIAN_POINT('',(6.28318530718,-0.));
#10952 = VECTOR('',#10953,1.);
#10953 = DIRECTION('',(0.,1.));
#10954 = ( GEOMETRIC_REPRESENTATION_CONTEXT(2) 
PARAMETRIC_REPRESENTATION_CONTEXT() REPRESENTATION_CONTEXT('2D SPACE',''
  ) );
#10955 = ORIENTED_EDGE('',*,*,#10956,.T.);
#10956 = EDGE_CURVE('',#10934,#10797,#10957,.T.);
#10957 = SURFACE_CURVE('',#10958,(#10963,#10970),.PCURVE_S1.);
#10958 = CIRCLE('',#10959,3.175);
#10959 = AXIS2_PLACEMENT_3D('',#10960,#10961,#10962);
#10960 = CARTESIAN_POINT('',(-43.30127018922,0.,-25.));
#10961 = DIRECTION('',(-0.866025403784,0.,-0.5));
#10962 = DIRECTION('',(-0.5,0.,0.866025403784));
#10963 = PCURVE('',#10482,#10964);
#10964 = DEFINITIONAL_REPRESENTATION('',(#10965),#10969);
#10965 = LINE('',#10966,#10967);
#10966 = CARTESIAN_POINT('',(0.,0.));
#10967 = VECTOR('',#10968,1.);
#10968 = DIRECTION('',(1.,0.));
#10969 = ( GEOMETRIC_REPRESENTATION_CONTEXT(2) 
PARAMETRIC_REPRESENTATION_CONTEXT() REPRESENTATION_CONTEXT('2D SPACE',''
  ) );
#10970 = PCURVE('',#10835,#10971);
#10971 = DEFINITIONAL_REPRESENTATION('',(#10972),#10976);
#10972 = CIRCLE('',#10973,3.175);
#10973 = AXIS2_PLACEMENT_2D('',#10974,#10975);
#10974 = CARTESIAN_POINT('',(0.,0.));
#10975 = DIRECTION('',(1.,0.));
#10976 = ( GEOMETRIC_REPRESENTATION_CONTEXT(2) 
PARAMETRIC_REPRESENTATION_CONTEXT() REPRESENTATION_CONTEXT('2D SPACE',''
  ) );
#10977 = ORIENTED_EDGE('',*,*,#10796,.T.);
#10978 = ADVANCED_FACE('',(#10979),#10449,.F.);
#10979 = FACE_BOUND('',#10980,.F.);
#10980 = EDGE_LOOP('',(#10981,#10982,#10983,#11006));
#10981 = ORIENTED_EDGE('',*,*,#10933,.T.);
#10982 = ORIENTED_EDGE('',*,*,#10428,.F.);
#10983 = ORIENTED_EDGE('',*,*,#10984,.F.);
#10984 = EDGE_CURVE('',#10985,#10401,#10987,.T.);
#10985 = VERTEX_POINT('',#10986);
#10986 = CARTESIAN_POINT('',(-44.67608551773,-1.5875,-22.61875));
#10987 = SURFACE_CURVE('',#10988,(#10992,#10999),.PCURVE_S1.);
#10988 = LINE('',#10989,#10990);
#10989 = CARTESIAN_POINT('',(-44.67608551773,-1.5875,-22.61875));
#10990 = VECTOR('',#10991,1.);
#10991 = DIRECTION('',(-0.866025403784,0.,-0.5));
#10992 = PCURVE('',#10449,#10993);
#10993 = DEFINITIONAL_REPRESENTATION('',(#10994),#10998);
#10994 = LINE('',#10995,#10996);
#10995 = CARTESIAN_POINT('',(5.759586531581,0.));
#10996 = VECTOR('',#10997,1.);
#10997 = DIRECTION('',(0.,1.));
#10998 = ( GEOMETRIC_REPRESENTATION_CONTEXT(2) 
PARAMETRIC_REPRESENTATION_CONTEXT() REPRESENTATION_CONTEXT('2D SPACE',''
  ) );
#10999 = PCURVE('',#10416,#11000);
#11000 = DEFINITIONAL_REPRESENTATION('',(#11001),#11005);
#11001 = LINE('',#11002,#11003);
#11002 = CARTESIAN_POINT('',(50.,-2.749630657016));
#11003 = VECTOR('',#11004,1.);
#11004 = DIRECTION('',(1.,0.));
#11005 = ( GEOMETRIC_REPRESENTATION_CONTEXT(2) 
PARAMETRIC_REPRESENTATION_CONTEXT() REPRESENTATION_CONTEXT('2D SPACE',''
  ) );
#11006 = ORIENTED_EDGE('',*,*,#11007,.T.);
#11007 = EDGE_CURVE('',#10985,#10934,#11008,.T.);
#11008 = SURFACE_CURVE('',#11009,(#11014,#11021),.PCURVE_S1.);
#11009 = CIRCLE('',#11010,3.175);
#11010 = AXIS2_PLACEMENT_3D('',#11011,#11012,#11013);
#11011 = CARTESIAN_POINT('',(-43.30127018922,0.,-25.));
#11012 = DIRECTION('',(-0.866025403784,0.,-0.5));
#11013 = DIRECTION('',(-0.5,0.,0.866025403784));
#11014 = PCURVE('',#10449,#11015);
#11015 = DEFINITIONAL_REPRESENTATION('',(#11016),#11020);
#11016 = LINE('',#11017,#11018);
#11017 = CARTESIAN_POINT('',(0.,0.));
#11018 = VECTOR('',#11019,1.);
#11019 = DIRECTION('',(1.,0.));
#11020 = ( GEOMETRIC_REPRESENTATION_CONTEXT(2) 
PARAMETRIC_REPRESENTATION_CONTEXT() REPRESENTATION_CONTEXT('2D SPACE',''
  ) );
#11021 = PCURVE('',#10835,#11022);
#11022 = DEFINITIONAL_REPRESENTATION('',(#11023),#11027);
#11023 = CIRCLE('',#11024,3.175);
#11024 = AXIS2_PLACEMENT_2D('',#11025,#11026);
#11025 = CARTESIAN_POINT('',(0.,0.));
#11026 = DIRECTION('',(1.,0.));
#11027 = ( GEOMETRIC_REPRESENTATION_CONTEXT(2) 
PARAMETRIC_REPRESENTATION_CONTEXT() REPRESENTATION_CONTEXT('2D SPACE',''
  ) );
#11028 = ADVANCED_FACE('',(#11029),#10416,.T.);
#11029 = FACE_BOUND('',#11030,.T.);
#11030 = EDGE_LOOP('',(#11031,#11061,#11082,#11083,#11084,#11107,#11130,
    #11153));
#11031 = ORIENTED_EDGE('',*,*,#11032,.T.);
#11032 = EDGE_CURVE('',#11033,#11035,#11037,.T.);
#11033 = VERTEX_POINT('',#11034);
#11034 = CARTESIAN_POINT('',(-15.0561691331,-1.5875,-14.63939107461));
#11035 = VERTEX_POINT('',#11036);
#11036 = CARTESIAN_POINT('',(-20.2061691331,-1.5875,-5.719329415634));
#11037 = SURFACE_CURVE('',#11038,(#11043,#11054),.PCURVE_S1.);
#11038 = CIRCLE('',#11039,21.);
#11039 = AXIS2_PLACEMENT_3D('',#11040,#11041,#11042);
#11040 = CARTESIAN_POINT('',(0.,-1.5875,0.));
#11041 = DIRECTION('',(-0.,1.,0.));
#11042 = DIRECTION('',(0.866025403784,0.,0.5));
#11043 = PCURVE('',#10416,#11044);
#11044 = DEFINITIONAL_REPRESENTATION('',(#11045),#11053);
#11045 = ( BOUNDED_CURVE() B_SPLINE_CURVE(2,(#11046,#11047,#11048,#11049
    ,#11050,#11051,#11052),.UNSPECIFIED.,.T.,.F.) 
B_SPLINE_CURVE_WITH_KNOTS((1,2,2,2,2,1),(-2.094395102393,0.,
    2.094395102393,4.188790204786,6.28318530718,8.377580409573),
.UNSPECIFIED.) CURVE() GEOMETRIC_REPRESENTATION_ITEM() 
RATIONAL_B_SPLINE_CURVE((1.,0.5,1.,0.5,1.,0.5,1.)) REPRESENTATION_ITEM(
  '') );
#11046 = CARTESIAN_POINT('',(-21.,0.));
#11047 = CARTESIAN_POINT('',(-21.,36.373066958946));
#11048 = CARTESIAN_POINT('',(10.5,18.186533479473));
#11049 = CARTESIAN_POINT('',(42.,5.143516556419E-15));
#11050 = CARTESIAN_POINT('',(10.5,-18.18653347947));
#11051 = CARTESIAN_POINT('',(-21.,-36.37306695894));
#11052 = CARTESIAN_POINT('',(-21.,0.));
#11053 = ( GEOMETRIC_REPRESENTATION_CONTEXT(2) 
PARAMETRIC_REPRESENTATION_CONTEXT() REPRESENTATION_CONTEXT('2D SPACE',''
  ) );
#11054 = PCURVE('',#10570,#11055);
#11055 = DEFINITIONAL_REPRESENTATION('',(#11056),#11060);
#11056 = LINE('',#11057,#11058);
#11057 = CARTESIAN_POINT('',(0.,48.4125));
#11058 = VECTOR('',#11059,1.);
#11059 = DIRECTION('',(1.,0.));
#11060 = ( GEOMETRIC_REPRESENTATION_CONTEXT(2) 
PARAMETRIC_REPRESENTATION_CONTEXT() REPRESENTATION_CONTEXT('2D SPACE',''
  ) );
#11061 = ORIENTED_EDGE('',*,*,#11062,.T.);
#11062 = EDGE_CURVE('',#11035,#10368,#11063,.T.);
#11063 = SURFACE_CURVE('',#11064,(#11068,#11075),.PCURVE_S1.);
#11064 = LINE('',#11065,#11066);
#11065 = CARTESIAN_POINT('',(88.357667397366,-1.5875,56.96003082949));
#11066 = VECTOR('',#11067,1.);
#11067 = DIRECTION('',(-0.866025403784,0.,-0.5));
#11068 = PCURVE('',#10416,#11069);
#11069 = DEFINITIONAL_REPRESENTATION('',(#11070),#11074);
#11070 = LINE('',#11071,#11072);
#11071 = CARTESIAN_POINT('',(-105.,-5.15));
#11072 = VECTOR('',#11073,1.);
#11073 = DIRECTION('',(1.,0.));
#11074 = ( GEOMETRIC_REPRESENTATION_CONTEXT(2) 
PARAMETRIC_REPRESENTATION_CONTEXT() REPRESENTATION_CONTEXT('2D SPACE',''
  ) );
#11075 = PCURVE('',#10388,#11076);
#11076 = DEFINITIONAL_REPRESENTATION('',(#11077),#11081);
#11077 = LINE('',#11078,#11079);
#11078 = CARTESIAN_POINT('',(0.,0.));
#11079 = VECTOR('',#11080,1.);
#11080 = DIRECTION('',(0.,1.));
#11081 = ( GEOMETRIC_REPRESENTATION_CONTEXT(2) 
PARAMETRIC_REPRESENTATION_CONTEXT() REPRESENTATION_CONTEXT('2D SPACE',''
  ) );
#11082 = ORIENTED_EDGE('',*,*,#10400,.T.);
#11083 = ORIENTED_EDGE('',*,*,#10984,.F.);
#11084 = ORIENTED_EDGE('',*,*,#11085,.T.);
#11085 = EDGE_CURVE('',#10985,#11086,#11088,.T.);
#11086 = VERTEX_POINT('',#11087);
#11087 = CARTESIAN_POINT('',(-41.92645486071,-1.5875,-27.38125));
#11088 = SURFACE_CURVE('',#11089,(#11093,#11100),.PCURVE_S1.);
#11089 = LINE('',#11090,#11091);
#11090 = CARTESIAN_POINT('',(-43.30127018922,-1.5875,-25.));
#11091 = VECTOR('',#11092,1.);
#11092 = DIRECTION('',(0.5,0.,-0.866025403784));
#11093 = PCURVE('',#10416,#11094);
#11094 = DEFINITIONAL_REPRESENTATION('',(#11095),#11099);
#11095 = LINE('',#11096,#11097);
#11096 = CARTESIAN_POINT('',(50.,3.552713678801E-15));
#11097 = VECTOR('',#11098,1.);
#11098 = DIRECTION('',(0.,1.));
#11099 = ( GEOMETRIC_REPRESENTATION_CONTEXT(2) 
PARAMETRIC_REPRESENTATION_CONTEXT() REPRESENTATION_CONTEXT('2D SPACE',''
  ) );
#11100 = PCURVE('',#10835,#11101);
#11101 = DEFINITIONAL_REPRESENTATION('',(#11102),#11106);
#11102 = LINE('',#11103,#11104);
#11103 = CARTESIAN_POINT('',(0.,-1.5875));
#11104 = VECTOR('',#11105,1.);
#11105 = DIRECTION('',(-1.,0.));
#11106 = ( GEOMETRIC_REPRESENTATION_CONTEXT(2) 
PARAMETRIC_REPRESENTATION_CONTEXT() REPRESENTATION_CONTEXT('2D SPACE',''
  ) );
#11107 = ORIENTED_EDGE('',*,*,#11108,.T.);
#11108 = EDGE_CURVE('',#11086,#11109,#11111,.T.);
#11109 = VERTEX_POINT('',#11110);
#11110 = CARTESIAN_POINT('',(-89.55785206885,-1.5875,-54.88125));
#11111 = SURFACE_CURVE('',#11112,(#11116,#11123),.PCURVE_S1.);
#11112 = LINE('',#11113,#11114);
#11113 = CARTESIAN_POINT('',(-41.92645486071,-1.5875,-27.38125));
#11114 = VECTOR('',#11115,1.);
#11115 = DIRECTION('',(-0.866025403784,0.,-0.5));
#11116 = PCURVE('',#10416,#11117);
#11117 = DEFINITIONAL_REPRESENTATION('',(#11118),#11122);
#11118 = LINE('',#11119,#11120);
#11119 = CARTESIAN_POINT('',(50.,2.749630657016));
#11120 = VECTOR('',#11121,1.);
#11121 = DIRECTION('',(1.,0.));
#11122 = ( GEOMETRIC_REPRESENTATION_CONTEXT(2) 
PARAMETRIC_REPRESENTATION_CONTEXT() REPRESENTATION_CONTEXT('2D SPACE',''
  ) );
#11123 = PCURVE('',#10863,#11124);
#11124 = DEFINITIONAL_REPRESENTATION('',(#11125),#11129);
#11125 = LINE('',#11126,#11127);
#11126 = CARTESIAN_POINT('',(3.665191429188,0.));
#11127 = VECTOR('',#11128,1.);
#11128 = DIRECTION('',(0.,1.));
#11129 = ( GEOMETRIC_REPRESENTATION_CONTEXT(2) 
PARAMETRIC_REPRESENTATION_CONTEXT() REPRESENTATION_CONTEXT('2D SPACE',''
  ) );
#11130 = ORIENTED_EDGE('',*,*,#11131,.T.);
#11131 = EDGE_CURVE('',#11109,#11132,#11134,.T.);
#11132 = VERTEX_POINT('',#11133);
#11133 = CARTESIAN_POINT('',(-88.35766739736,-1.5875,-56.96003082949));
#11134 = SURFACE_CURVE('',#11135,(#11139,#11146),.PCURVE_S1.);
#11135 = LINE('',#11136,#11137);
#11136 = CARTESIAN_POINT('',(-94.10766739736,-1.5875,-47.00073868596));
#11137 = VECTOR('',#11138,1.);
#11138 = DIRECTION('',(0.5,0.,-0.866025403784));
#11139 = PCURVE('',#10416,#11140);
#11140 = DEFINITIONAL_REPRESENTATION('',(#11141),#11145);
#11141 = LINE('',#11142,#11143);
#11142 = CARTESIAN_POINT('',(105.,-6.35));
#11143 = VECTOR('',#11144,1.);
#11144 = DIRECTION('',(0.,1.));
#11145 = ( GEOMETRIC_REPRESENTATION_CONTEXT(2) 
PARAMETRIC_REPRESENTATION_CONTEXT() REPRESENTATION_CONTEXT('2D SPACE',''
  ) );
#11146 = PCURVE('',#10891,#11147);
#11147 = DEFINITIONAL_REPRESENTATION('',(#11148),#11152);
#11148 = LINE('',#11149,#11150);
#11149 = CARTESIAN_POINT('',(0.,-1.5875));
#11150 = VECTOR('',#11151,1.);
#11151 = DIRECTION('',(1.,0.));
#11152 = ( GEOMETRIC_REPRESENTATION_CONTEXT(2) 
PARAMETRIC_REPRESENTATION_CONTEXT() REPRESENTATION_CONTEXT('2D SPACE',''
  ) );
#11153 = ORIENTED_EDGE('',*,*,#11154,.T.);
#11154 = EDGE_CURVE('',#11132,#11033,#11155,.T.);
#11155 = SURFACE_CURVE('',#11156,(#11160,#11167),.PCURVE_S1.);
#11156 = LINE('',#11157,#11158);
#11157 = CARTESIAN_POINT('',(-88.35766739736,-1.5875,-56.96003082949));
#11158 = VECTOR('',#11159,1.);
#11159 = DIRECTION('',(0.866025403784,0.,0.5));
#11160 = PCURVE('',#10416,#11161);
#11161 = DEFINITIONAL_REPRESENTATION('',(#11162),#11166);
#11162 = LINE('',#11163,#11164);
#11163 = CARTESIAN_POINT('',(105.,5.15));
#11164 = VECTOR('',#11165,1.);
#11165 = DIRECTION('',(-1.,0.));
#11166 = ( GEOMETRIC_REPRESENTATION_CONTEXT(2) 
PARAMETRIC_REPRESENTATION_CONTEXT() REPRESENTATION_CONTEXT('2D SPACE',''
  ) );
#11167 = PCURVE('',#11168,#11173);
#11168 = CYLINDRICAL_SURFACE('',#11169,1.2);
#11169 = AXIS2_PLACEMENT_3D('',#11170,#11171,#11172);
#11170 = CARTESIAN_POINT('',(-88.35766739736,-0.3875,-56.96003082949));
#11171 = DIRECTION('',(0.866025403784,0.,0.5));
#11172 = DIRECTION('',(0.5,0.,-0.866025403784));
#11173 = DEFINITIONAL_REPRESENTATION('',(#11174),#11178);
#11174 = LINE('',#11175,#11176);
#11175 = CARTESIAN_POINT('',(-1.570796326795,0.));
#11176 = VECTOR('',#11177,1.);
#11177 = DIRECTION('',(-0.,1.));
#11178 = ( GEOMETRIC_REPRESENTATION_CONTEXT(2) 
PARAMETRIC_REPRESENTATION_CONTEXT() REPRESENTATION_CONTEXT('2D SPACE',''
  ) );
#11179 = ADVANCED_FACE('',(#11180),#10388,.T.);
#11180 = FACE_BOUND('',#11181,.T.);
#11181 = EDGE_LOOP('',(#11182,#11183,#11237,#11238));
#11182 = ORIENTED_EDGE('',*,*,#11062,.F.);
#11183 = ORIENTED_EDGE('',*,*,#11184,.T.);
#11184 = EDGE_CURVE('',#11035,#10553,#11185,.T.);
#11185 = SURFACE_CURVE('',#11186,(#11201,#11219),.PCURVE_S1.);
#11186 = B_SPLINE_CURVE_WITH_KNOTS('',7,(#11187,#11188,#11189,#11190,
    #11191,#11192,#11193,#11194,#11195,#11196,#11197,#11198,#11199,
    #11200),.UNSPECIFIED.,.F.,.F.,(8,6,8),(0.,0.467996521509,1.),
  .UNSPECIFIED.);
#11187 = CARTESIAN_POINT('',(-20.2061691331,-1.5875,-5.719329415634));
#11188 = CARTESIAN_POINT('',(-20.24600082684,-1.5875,-5.578605585588));
#11189 = CARTESIAN_POINT('',(-20.28423690443,-1.567955078386,
    -5.439157737947));
#11190 = CARTESIAN_POINT('',(-20.31996582479,-1.529809619862,
    -5.304374213236));
#11191 = CARTESIAN_POINT('',(-20.35252110619,-1.474786529007,
    -5.177435789267));
#11192 = CARTESIAN_POINT('',(-20.38148401508,-1.405326444202,
    -5.061105139692));
#11193 = CARTESIAN_POINT('',(-20.40666574834,-1.324519285639,
    -4.957471069786));
#11194 = CARTESIAN_POINT('',(-20.45239976525,-1.135434230199,
    -4.76553900145));
#11195 = CARTESIAN_POINT('',(-20.47213397502,-1.023731116705,
    -4.680079534967));
#11196 = CARTESIAN_POINT('',(-20.48755268119,-0.90390152932,
    -4.611653853164));
#11197 = CARTESIAN_POINT('',(-20.49891945989,-0.778358728339,
    -4.560378080895));
#11198 = CARTESIAN_POINT('',(-20.50642302551,-0.649194492221,
    -4.526247760629));
#11199 = CARTESIAN_POINT('',(-20.5101701751,-0.518302987492,
    -4.509203853016));
#11200 = CARTESIAN_POINT('',(-20.5101701751,-0.3875,-4.509203853016));
#11201 = PCURVE('',#10388,#11202);
#11202 = DEFINITIONAL_REPRESENTATION('',(#11203),#11218);
#11203 = B_SPLINE_CURVE_WITH_KNOTS('',7,(#11204,#11205,#11206,#11207,
    #11208,#11209,#11210,#11211,#11212,#11213,#11214,#11215,#11216,
    #11217),.UNSPECIFIED.,.F.,.F.,(8,6,8),(0.,0.467996521509,1.),
  .UNSPECIFIED.);
#11204 = CARTESIAN_POINT('',(0.,125.35872049024));
#11205 = CARTESIAN_POINT('',(0.118155215508,125.32285383388));
#11206 = CARTESIAN_POINT('',(0.234724088423,125.2862433246));
#11207 = CARTESIAN_POINT('',(0.34957928146,125.24979371492));
#11208 = CARTESIAN_POINT('',(0.462507787099,125.21451820366));
#11209 = CARTESIAN_POINT('',(0.573190061809,125.18143549373));
#11210 = CARTESIAN_POINT('',(0.681110345101,125.15142647949));
#11211 = CARTESIAN_POINT('',(0.903949219972,125.09506726579));
#11212 = CARTESIAN_POINT('',(1.019196130496,125.06942785953));
#11213 = CARTESIAN_POINT('',(1.131988122165,125.04856800987));
#11214 = CARTESIAN_POINT('',(1.242964900181,125.03277404284));
#11215 = CARTESIAN_POINT('',(1.352717709054,125.02220716115));
#11216 = CARTESIAN_POINT('',(1.461793837219,125.01693033409));
#11217 = CARTESIAN_POINT('',(1.570796326795,125.01693033409));
#11218 = ( GEOMETRIC_REPRESENTATION_CONTEXT(2) 
PARAMETRIC_REPRESENTATION_CONTEXT() REPRESENTATION_CONTEXT('2D SPACE',''
  ) );
#11219 = PCURVE('',#10570,#11220);
#11220 = DEFINITIONAL_REPRESENTATION('',(#11221),#11236);
#11221 = B_SPLINE_CURVE_WITH_KNOTS('',7,(#11222,#11223,#11224,#11225,
    #11226,#11227,#11228,#11229,#11230,#11231,#11232,#11233,#11234,
    #11235),.UNSPECIFIED.,.F.,.F.,(8,6,8),(0.,0.467996521509,1.),
  .UNSPECIFIED.);
#11222 = CARTESIAN_POINT('',(3.3893579335,48.4125));
#11223 = CARTESIAN_POINT('',(3.396322332794,48.4125));
#11224 = CARTESIAN_POINT('',(3.403207574504,48.432044921614));
#11225 = CARTESIAN_POINT('',(3.409847136218,48.470190380138));
#11226 = CARTESIAN_POINT('',(3.416087140186,48.525213470993));
#11227 = CARTESIAN_POINT('',(3.421795650725,48.594673555798));
#11228 = CARTESIAN_POINT('',(3.426874153744,48.675480714361));
#11229 = CARTESIAN_POINT('',(3.436269660843,48.864565769801));
#11230 = CARTESIAN_POINT('',(3.440446148419,48.976268883295));
#11231 = CARTESIAN_POINT('',(3.443786165625,49.09609847068));
#11232 = CARTESIAN_POINT('',(3.446287141644,49.221641271661));
#11233 = CARTESIAN_POINT('',(3.447951208748,49.350805507779));
#11234 = CARTESIAN_POINT('',(3.448782206808,49.481697012508));
#11235 = CARTESIAN_POINT('',(3.448782206808,49.6125));
#11236 = ( GEOMETRIC_REPRESENTATION_CONTEXT(2) 
PARAMETRIC_REPRESENTATION_CONTEXT() REPRESENTATION_CONTEXT('2D SPACE',''
  ) );
#11237 = ORIENTED_EDGE('',*,*,#10582,.T.);
#11238 = ORIENTED_EDGE('',*,*,#10367,.F.);
#11239 = ADVANCED_FACE('',(#11240),#10570,.F.);
#11240 = FACE_BOUND('',#11241,.F.);
#11241 = EDGE_LOOP('',(#11242,#11243,#11244,#11245,#11274,#11302));
#11242 = ORIENTED_EDGE('',*,*,#11032,.T.);
#11243 = ORIENTED_EDGE('',*,*,#11184,.T.);
#11244 = ORIENTED_EDGE('',*,*,#10552,.T.);
#11245 = ORIENTED_EDGE('',*,*,#11246,.F.);
#11246 = EDGE_CURVE('',#11247,#10555,#11249,.T.);
#11247 = VERTEX_POINT('',#11248);
#11248 = CARTESIAN_POINT('',(-14.1601701751,-0.21,-15.50772648107));
#11249 = SURFACE_CURVE('',#11250,(#11255,#11262),.PCURVE_S1.);
#11250 = CIRCLE('',#11251,21.);
#11251 = AXIS2_PLACEMENT_3D('',#11252,#11253,#11254);
#11252 = CARTESIAN_POINT('',(0.,-0.21,0.));
#11253 = DIRECTION('',(-0.,1.,0.));
#11254 = DIRECTION('',(0.866025403784,0.,0.5));
#11255 = PCURVE('',#10570,#11256);
#11256 = DEFINITIONAL_REPRESENTATION('',(#11257),#11261);
#11257 = LINE('',#11258,#11259);
#11258 = CARTESIAN_POINT('',(0.,49.79));
#11259 = VECTOR('',#11260,1.);
#11260 = DIRECTION('',(1.,0.));
#11261 = ( GEOMETRIC_REPRESENTATION_CONTEXT(2) 
PARAMETRIC_REPRESENTATION_CONTEXT() REPRESENTATION_CONTEXT('2D SPACE',''
  ) );
#11262 = PCURVE('',#11263,#11268);
#11263 = PLANE('',#11264);
#11264 = AXIS2_PLACEMENT_3D('',#11265,#11266,#11267);
#11265 = CARTESIAN_POINT('',(-341.5063509461,-0.21,91.50635094611));
#11266 = DIRECTION('',(0.,1.,0.));
#11267 = DIRECTION('',(0.866025403784,0.,0.5));
#11268 = DEFINITIONAL_REPRESENTATION('',(#11269),#11273);
#11269 = CIRCLE('',#11270,21.);
#11270 = AXIS2_PLACEMENT_2D('',#11271,#11272);
#11271 = CARTESIAN_POINT('',(250.,250.));
#11272 = DIRECTION('',(1.,0.));
#11273 = ( GEOMETRIC_REPRESENTATION_CONTEXT(2) 
PARAMETRIC_REPRESENTATION_CONTEXT() REPRESENTATION_CONTEXT('2D SPACE',''
  ) );
#11274 = ORIENTED_EDGE('',*,*,#11275,.F.);
#11275 = EDGE_CURVE('',#11276,#11247,#11278,.T.);
#11276 = VERTEX_POINT('',#11277);
#11277 = CARTESIAN_POINT('',(-14.1601701751,-0.3875,-15.50772648107));
#11278 = SURFACE_CURVE('',#11279,(#11283,#11290),.PCURVE_S1.);
#11279 = LINE('',#11280,#11281);
#11280 = CARTESIAN_POINT('',(-14.1601701751,-50.,-15.50772648107));
#11281 = VECTOR('',#11282,1.);
#11282 = DIRECTION('',(0.,1.,0.));
#11283 = PCURVE('',#10570,#11284);
#11284 = DEFINITIONAL_REPRESENTATION('',(#11285),#11289);
#11285 = LINE('',#11286,#11287);
#11286 = CARTESIAN_POINT('',(2.834403100372,0.));
#11287 = VECTOR('',#11288,1.);
#11288 = DIRECTION('',(0.,1.));
#11289 = ( GEOMETRIC_REPRESENTATION_CONTEXT(2) 
PARAMETRIC_REPRESENTATION_CONTEXT() REPRESENTATION_CONTEXT('2D SPACE',''
  ) );
#11290 = PCURVE('',#11291,#11296);
#11291 = PLANE('',#11292);
#11292 = AXIS2_PLACEMENT_3D('',#11293,#11294,#11295);
#11293 = CARTESIAN_POINT('',(-87.75766739736,0.,-57.99926131403));
#11294 = DIRECTION('',(-0.5,0.,0.866025403784));
#11295 = DIRECTION('',(0.866025403784,0.,0.5));
#11296 = DEFINITIONAL_REPRESENTATION('',(#11297),#11301);
#11297 = LINE('',#11298,#11299);
#11298 = CARTESIAN_POINT('',(84.983069665905,-50.));
#11299 = VECTOR('',#11300,1.);
#11300 = DIRECTION('',(0.,1.));
#11301 = ( GEOMETRIC_REPRESENTATION_CONTEXT(2) 
PARAMETRIC_REPRESENTATION_CONTEXT() REPRESENTATION_CONTEXT('2D SPACE',''
  ) );
#11302 = ORIENTED_EDGE('',*,*,#11303,.T.);
#11303 = EDGE_CURVE('',#11276,#11033,#11304,.T.);
#11304 = SURFACE_CURVE('',#11305,(#11320,#11338),.PCURVE_S1.);
#11305 = B_SPLINE_CURVE_WITH_KNOTS('',7,(#11306,#11307,#11308,#11309,
    #11310,#11311,#11312,#11313,#11314,#11315,#11316,#11317,#11318,
    #11319),.UNSPECIFIED.,.F.,.F.,(8,6,8),(0.,0.451255718442,1.),
  .UNSPECIFIED.);
#11306 = CARTESIAN_POINT('',(-14.1601701751,-0.3875,-15.50772648107));
#11307 = CARTESIAN_POINT('',(-14.1601701751,-0.498281595251,
    -15.50772648107));
#11308 = CARTESIAN_POINT('',(-14.16941410977,-0.609095724627,
    -15.49928585975));
#11309 = CARTESIAN_POINT('',(-14.18791123416,-0.718845708431,
    -15.48239586953));
#11310 = CARTESIAN_POINT('',(-14.2156592087,-0.826407638131,
    -15.45699567943));
#11311 = CARTESIAN_POINT('',(-14.25262346737,-0.930570448352,
    -15.42298832511));
#11312 = CARTESIAN_POINT('',(-14.29871325465,-1.029965898553,
    -15.38026284489));
#11313 = CARTESIAN_POINT('',(-14.42068639412,-1.236107476441,
    -15.26604768656));
#11314 = CARTESIAN_POINT('',(-14.50193601085,-1.3416287884,
    -15.18932589309));
#11315 = CARTESIAN_POINT('',(-14.59669314317,-1.433968365901,
    -15.09881224465));
#11316 = CARTESIAN_POINT('',(-14.70278469763,-1.508243385312,
    -14.99590358964));
#11317 = CARTESIAN_POINT('',(-14.81713269481,-1.560432065485,
    -14.88287196028));
#11318 = CARTESIAN_POINT('',(-14.93618639126,-1.5875,-14.7627896808));
#11319 = CARTESIAN_POINT('',(-15.0561691331,-1.5875,-14.63939107461));
#11320 = PCURVE('',#10570,#11321);
#11321 = DEFINITIONAL_REPRESENTATION('',(#11322),#11337);
#11322 = B_SPLINE_CURVE_WITH_KNOTS('',7,(#11323,#11324,#11325,#11326,
    #11327,#11328,#11329,#11330,#11331,#11332,#11333,#11334,#11335,
    #11336),.UNSPECIFIED.,.F.,.F.,(8,6,8),(0.,0.451255718442,1.),
  .UNSPECIFIED.);
#11323 = CARTESIAN_POINT('',(2.834403100372,49.6125));
#11324 = CARTESIAN_POINT('',(2.834403100372,49.501718404749));
#11325 = CARTESIAN_POINT('',(2.834999184354,49.390904275373));
#11326 = CARTESIAN_POINT('',(2.836191958739,49.281154291569));
#11327 = CARTESIAN_POINT('',(2.837983294364,49.173592361869));
#11328 = CARTESIAN_POINT('',(2.840375089087,49.069429551648));
#11329 = CARTESIAN_POINT('',(2.843367761652,48.970034101447));
#11330 = CARTESIAN_POINT('',(2.851324924335,48.763892523559));
#11331 = CARTESIAN_POINT('',(2.856646235073,48.6583712116));
#11332 = CARTESIAN_POINT('',(2.862886097786,48.566031634099));
#11333 = CARTESIAN_POINT('',(2.8699238833,48.491756614688));
#11334 = CARTESIAN_POINT('',(2.877579668574,48.439567934515));
#11335 = CARTESIAN_POINT('',(2.885631490311,48.4125));
#11336 = CARTESIAN_POINT('',(2.89382737368,48.4125));
#11337 = ( GEOMETRIC_REPRESENTATION_CONTEXT(2) 
PARAMETRIC_REPRESENTATION_CONTEXT() REPRESENTATION_CONTEXT('2D SPACE',''
  ) );
#11338 = PCURVE('',#11168,#11339);
#11339 = DEFINITIONAL_REPRESENTATION('',(#11340),#11355);
#11340 = B_SPLINE_CURVE_WITH_KNOTS('',7,(#11341,#11342,#11343,#11344,
    #11345,#11346,#11347,#11348,#11349,#11350,#11351,#11352,#11353,
    #11354),.UNSPECIFIED.,.F.,.F.,(8,6,8),(0.,0.451255718442,1.),
  .UNSPECIFIED.);
#11341 = CARTESIAN_POINT('',(0.,84.983069665905));
#11342 = CARTESIAN_POINT('',(-9.231799604212E-02,84.983069665905));
#11343 = CARTESIAN_POINT('',(-0.184663628909,84.979284494316));
#11344 = CARTESIAN_POINT('',(-0.277405286559,84.971710509812));
#11345 = CARTESIAN_POINT('',(-0.370901117742,84.960380154006));
#11346 = CARTESIAN_POINT('',(-0.465510968318,84.945371844121));
#11347 = CARTESIAN_POINT('',(-0.56162863796,84.926819657594));
#11348 = CARTESIAN_POINT('',(-0.779034900717,84.878295399401));
#11349 = CARTESIAN_POINT('',(-0.903202144804,84.846292063994));
#11350 = CARTESIAN_POINT('',(-1.031013633695,84.809486804436));
#11351 = CARTESIAN_POINT('',(-1.161871456008,84.769063150655));
#11352 = CARTESIAN_POINT('',(-1.295480540868,84.726550694904));
#11353 = CARTESIAN_POINT('',(-1.431748244569,84.683488309101));
#11354 = CARTESIAN_POINT('',(-1.570796326795,84.641279509753));
#11355 = ( GEOMETRIC_REPRESENTATION_CONTEXT(2) 
PARAMETRIC_REPRESENTATION_CONTEXT() REPRESENTATION_CONTEXT('2D SPACE',''
  ) );
#11356 = ADVANCED_FACE('',(#11357),#10669,.F.);
#11357 = FACE_BOUND('',#11358,.F.);
#11358 = EDGE_LOOP('',(#11359,#11389,#11410,#11411));
#11359 = ORIENTED_EDGE('',*,*,#11360,.F.);
#11360 = EDGE_CURVE('',#11361,#11363,#11365,.T.);
#11361 = VERTEX_POINT('',#11362);
#11362 = CARTESIAN_POINT('',(-4.280337844281,-0.21,4.86109421209));
#11363 = VERTEX_POINT('',#11364);
#11364 = CARTESIAN_POINT('',(-4.280337844281,0.21,4.86109421209));
#11365 = SURFACE_CURVE('',#11366,(#11370,#11377),.PCURVE_S1.);
#11366 = LINE('',#11367,#11368);
#11367 = CARTESIAN_POINT('',(-4.280337844281,-50.,4.86109421209));
#11368 = VECTOR('',#11369,1.);
#11369 = DIRECTION('',(0.,1.,0.));
#11370 = PCURVE('',#10669,#11371);
#11371 = DEFINITIONAL_REPRESENTATION('',(#11372),#11376);
#11372 = LINE('',#11373,#11374);
#11373 = CARTESIAN_POINT('',(106.27633420388,-50.));
#11374 = VECTOR('',#11375,1.);
#11375 = DIRECTION('',(0.,1.));
#11376 = ( GEOMETRIC_REPRESENTATION_CONTEXT(2) 
PARAMETRIC_REPRESENTATION_CONTEXT() REPRESENTATION_CONTEXT('2D SPACE',''
  ) );
#11377 = PCURVE('',#11378,#11383);
#11378 = CYLINDRICAL_SURFACE('',#11379,6.477);
#11379 = AXIS2_PLACEMENT_3D('',#11380,#11381,#11382);
#11380 = CARTESIAN_POINT('',(0.,-50.,0.));
#11381 = DIRECTION('',(0.,1.,0.));
#11382 = DIRECTION('',(0.866025403784,0.,0.5));
#11383 = DEFINITIONAL_REPRESENTATION('',(#11384),#11388);
#11384 = LINE('',#11385,#11386);
#11385 = CARTESIAN_POINT('',(4.514034458226,0.));
#11386 = VECTOR('',#11387,1.);
#11387 = DIRECTION('',(0.,1.));
#11388 = ( GEOMETRIC_REPRESENTATION_CONTEXT(2) 
PARAMETRIC_REPRESENTATION_CONTEXT() REPRESENTATION_CONTEXT('2D SPACE',''
  ) );
#11389 = ORIENTED_EDGE('',*,*,#11390,.F.);
#11390 = EDGE_CURVE('',#10555,#11361,#11391,.T.);
#11391 = SURFACE_CURVE('',#11392,(#11396,#11403),.PCURVE_S1.);
#11392 = LINE('',#11393,#11394);
#11393 = CARTESIAN_POINT('',(-65.96184177437,-0.21,-30.75073868596));
#11394 = VECTOR('',#11395,1.);
#11395 = DIRECTION('',(0.866025403784,0.,0.5));
#11396 = PCURVE('',#10669,#11397);
#11397 = DEFINITIONAL_REPRESENTATION('',(#11398),#11402);
#11398 = LINE('',#11399,#11400);
#11399 = CARTESIAN_POINT('',(177.5,-0.21));
#11400 = VECTOR('',#11401,1.);
#11401 = DIRECTION('',(-1.,0.));
#11402 = ( GEOMETRIC_REPRESENTATION_CONTEXT(2) 
PARAMETRIC_REPRESENTATION_CONTEXT() REPRESENTATION_CONTEXT('2D SPACE',''
  ) );
#11403 = PCURVE('',#11263,#11404);
#11404 = DEFINITIONAL_REPRESENTATION('',(#11405),#11409);
#11405 = LINE('',#11406,#11407);
#11406 = CARTESIAN_POINT('',(177.5,243.65));
#11407 = VECTOR('',#11408,1.);
#11408 = DIRECTION('',(1.,0.));
#11409 = ( GEOMETRIC_REPRESENTATION_CONTEXT(2) 
PARAMETRIC_REPRESENTATION_CONTEXT() REPRESENTATION_CONTEXT('2D SPACE',''
  ) );
#11410 = ORIENTED_EDGE('',*,*,#10655,.T.);
#11411 = ORIENTED_EDGE('',*,*,#11412,.T.);
#11412 = EDGE_CURVE('',#10628,#11363,#11413,.T.);
#11413 = SURFACE_CURVE('',#11414,(#11418,#11425),.PCURVE_S1.);
#11414 = LINE('',#11415,#11416);
#11415 = CARTESIAN_POINT('',(-65.96184177437,0.21,-30.75073868596));
#11416 = VECTOR('',#11417,1.);
#11417 = DIRECTION('',(0.866025403784,0.,0.5));
#11418 = PCURVE('',#10669,#11419);
#11419 = DEFINITIONAL_REPRESENTATION('',(#11420),#11424);
#11420 = LINE('',#11421,#11422);
#11421 = CARTESIAN_POINT('',(177.5,0.21));
#11422 = VECTOR('',#11423,1.);
#11423 = DIRECTION('',(-1.,0.));
#11424 = ( GEOMETRIC_REPRESENTATION_CONTEXT(2) 
PARAMETRIC_REPRESENTATION_CONTEXT() REPRESENTATION_CONTEXT('2D SPACE',''
  ) );
#11425 = PCURVE('',#11426,#11431);
#11426 = PLANE('',#11427);
#11427 = AXIS2_PLACEMENT_3D('',#11428,#11429,#11430);
#11428 = CARTESIAN_POINT('',(-341.5063509461,0.21,91.50635094611));
#11429 = DIRECTION('',(0.,1.,0.));
#11430 = DIRECTION('',(0.866025403784,0.,0.5));
#11431 = DEFINITIONAL_REPRESENTATION('',(#11432),#11436);
#11432 = LINE('',#11433,#11434);
#11433 = CARTESIAN_POINT('',(177.5,243.65));
#11434 = VECTOR('',#11435,1.);
#11435 = DIRECTION('',(1.,0.));
#11436 = ( GEOMETRIC_REPRESENTATION_CONTEXT(2) 
PARAMETRIC_REPRESENTATION_CONTEXT() REPRESENTATION_CONTEXT('2D SPACE',''
  ) );
#11437 = ADVANCED_FACE('',(#11438),#10643,.F.);
#11438 = FACE_BOUND('',#11439,.F.);
#11439 = EDGE_LOOP('',(#11440,#11464,#11465,#11466,#11467,#11523));
#11440 = ORIENTED_EDGE('',*,*,#11441,.T.);
#11441 = EDGE_CURVE('',#11442,#10628,#11444,.T.);
#11442 = VERTEX_POINT('',#11443);
#11443 = CARTESIAN_POINT('',(-14.1601701751,0.21,-15.50772648107));
#11444 = SURFACE_CURVE('',#11445,(#11450,#11457),.PCURVE_S1.);
#11445 = CIRCLE('',#11446,21.);
#11446 = AXIS2_PLACEMENT_3D('',#11447,#11448,#11449);
#11447 = CARTESIAN_POINT('',(0.,0.21,0.));
#11448 = DIRECTION('',(-0.,1.,0.));
#11449 = DIRECTION('',(0.866025403784,0.,0.5));
#11450 = PCURVE('',#10643,#11451);
#11451 = DEFINITIONAL_REPRESENTATION('',(#11452),#11456);
#11452 = LINE('',#11453,#11454);
#11453 = CARTESIAN_POINT('',(0.,50.21));
#11454 = VECTOR('',#11455,1.);
#11455 = DIRECTION('',(1.,0.));
#11456 = ( GEOMETRIC_REPRESENTATION_CONTEXT(2) 
PARAMETRIC_REPRESENTATION_CONTEXT() REPRESENTATION_CONTEXT('2D SPACE',''
  ) );
#11457 = PCURVE('',#11426,#11458);
#11458 = DEFINITIONAL_REPRESENTATION('',(#11459),#11463);
#11459 = CIRCLE('',#11460,21.);
#11460 = AXIS2_PLACEMENT_2D('',#11461,#11462);
#11461 = CARTESIAN_POINT('',(250.,250.));
#11462 = DIRECTION('',(1.,0.));
#11463 = ( GEOMETRIC_REPRESENTATION_CONTEXT(2) 
PARAMETRIC_REPRESENTATION_CONTEXT() REPRESENTATION_CONTEXT('2D SPACE',''
  ) );
#11464 = ORIENTED_EDGE('',*,*,#10627,.T.);
#11465 = ORIENTED_EDGE('',*,*,#10707,.F.);
#11466 = ORIENTED_EDGE('',*,*,#10766,.F.);
#11467 = ORIENTED_EDGE('',*,*,#11468,.T.);
#11468 = EDGE_CURVE('',#10767,#11469,#11471,.T.);
#11469 = VERTEX_POINT('',#11470);
#11470 = CARTESIAN_POINT('',(-14.1601701751,0.3875,-15.50772648107));
#11471 = SURFACE_CURVE('',#11472,(#11487,#11505),.PCURVE_S1.);
#11472 = B_SPLINE_CURVE_WITH_KNOTS('',7,(#11473,#11474,#11475,#11476,
    #11477,#11478,#11479,#11480,#11481,#11482,#11483,#11484,#11485,
    #11486),.UNSPECIFIED.,.F.,.F.,(8,6,8),(0.,0.467996526441,1.),
  .UNSPECIFIED.);
#11473 = CARTESIAN_POINT('',(-15.0561691331,1.5875,-14.63939107461));
#11474 = CARTESIAN_POINT('',(-14.95421456823,1.5875,-14.74424824829));
#11475 = CARTESIAN_POINT('',(-14.85256722847,1.567955078386,
    -14.84708558665));
#11476 = CARTESIAN_POINT('',(-14.75370573223,1.529809619862,
    -14.94541950168));
#11477 = CARTESIAN_POINT('',(-14.66005147306,1.474786529007,
    -15.03708241439));
#11478 = CARTESIAN_POINT('',(-14.57378762973,1.405326444202,
    -15.12033035404));
#11479 = CARTESIAN_POINT('',(-14.49662875913,1.324519285639,
    -15.1939554097));
#11480 = CARTESIAN_POINT('',(-14.35327772212,1.135434232192,
    -15.32952826291));
#11481 = CARTESIAN_POINT('',(-14.28913475261,1.023731112399,
    -15.38934832826));
#11482 = CARTESIAN_POINT('',(-14.23758573517,0.903901530863,
    -15.43691415266));
#11483 = CARTESIAN_POINT('',(-14.19886299665,0.778358732895,
    -15.47239596405));
#11484 = CARTESIAN_POINT('',(-14.17305705772,0.649194486415,
    -15.49595940009));
#11485 = CARTESIAN_POINT('',(-14.1601701751,0.518302989785,
    -15.50772648107));
#11486 = CARTESIAN_POINT('',(-14.1601701751,0.3875,-15.50772648107));
#11487 = PCURVE('',#10643,#11488);
#11488 = DEFINITIONAL_REPRESENTATION('',(#11489),#11504);
#11489 = B_SPLINE_CURVE_WITH_KNOTS('',7,(#11490,#11491,#11492,#11493,
    #11494,#11495,#11496,#11497,#11498,#11499,#11500,#11501,#11502,
    #11503),.UNSPECIFIED.,.F.,.F.,(8,6,8),(0.,0.467996526441,1.),
  .UNSPECIFIED.);
#11490 = CARTESIAN_POINT('',(2.89382737368,51.5875));
#11491 = CARTESIAN_POINT('',(2.886862974386,51.5875));
#11492 = CARTESIAN_POINT('',(2.879977732675,51.567955078386));
#11493 = CARTESIAN_POINT('',(2.873338170962,51.529809619862));
#11494 = CARTESIAN_POINT('',(2.867098166994,51.474786529007));
#11495 = CARTESIAN_POINT('',(2.861389656454,51.405326444202));
#11496 = CARTESIAN_POINT('',(2.856311153436,51.324519285639));
#11497 = CARTESIAN_POINT('',(2.846915646436,51.135434232192));
#11498 = CARTESIAN_POINT('',(2.842739158504,51.023731112399));
#11499 = CARTESIAN_POINT('',(2.839399141834,50.903901530863));
#11500 = CARTESIAN_POINT('',(2.83689816539,50.778358732895));
#11501 = CARTESIAN_POINT('',(2.835234098461,50.649194486415));
#11502 = CARTESIAN_POINT('',(2.834403100372,50.518302989785));
#11503 = CARTESIAN_POINT('',(2.834403100372,50.3875));
#11504 = ( GEOMETRIC_REPRESENTATION_CONTEXT(2) 
PARAMETRIC_REPRESENTATION_CONTEXT() REPRESENTATION_CONTEXT('2D SPACE',''
  ) );
#11505 = PCURVE('',#10917,#11506);
#11506 = DEFINITIONAL_REPRESENTATION('',(#11507),#11522);
#11507 = B_SPLINE_CURVE_WITH_KNOTS('',7,(#11508,#11509,#11510,#11511,
    #11512,#11513,#11514,#11515,#11516,#11517,#11518,#11519,#11520,
    #11521),.UNSPECIFIED.,.F.,.F.,(8,6,8),(0.,0.467996526441,1.),
  .UNSPECIFIED.);
#11508 = CARTESIAN_POINT('',(0.,84.641279509753));
#11509 = CARTESIAN_POINT('',(-0.118155215508,84.677146166117));
#11510 = CARTESIAN_POINT('',(-0.234724088423,84.7137566754));
#11511 = CARTESIAN_POINT('',(-0.34957928146,84.750206285079));
#11512 = CARTESIAN_POINT('',(-0.462507787099,84.78548179634));
#11513 = CARTESIAN_POINT('',(-0.573190061809,84.818564506265));
#11514 = CARTESIAN_POINT('',(-0.681110345101,84.848573520506));
#11515 = CARTESIAN_POINT('',(-0.903949217623,84.904932733612));
#11516 = CARTESIAN_POINT('',(-1.019196135823,84.930572142006));
#11517 = CARTESIAN_POINT('',(-1.131988118931,84.951431988451));
#11518 = CARTESIAN_POINT('',(-1.242964897502,84.967225958019));
#11519 = CARTESIAN_POINT('',(-1.352717713609,84.977792838672));
#11520 = CARTESIAN_POINT('',(-1.461793835307,84.983069665905));
#11521 = CARTESIAN_POINT('',(-1.570796326795,84.983069665905));
#11522 = ( GEOMETRIC_REPRESENTATION_CONTEXT(2) 
PARAMETRIC_REPRESENTATION_CONTEXT() REPRESENTATION_CONTEXT('2D SPACE',''
  ) );
#11523 = ORIENTED_EDGE('',*,*,#11524,.F.);
#11524 = EDGE_CURVE('',#11442,#11469,#11525,.T.);
#11525 = SURFACE_CURVE('',#11526,(#11530,#11537),.PCURVE_S1.);
#11526 = LINE('',#11527,#11528);
#11527 = CARTESIAN_POINT('',(-14.1601701751,-50.,-15.50772648107));
#11528 = VECTOR('',#11529,1.);
#11529 = DIRECTION('',(0.,1.,0.));
#11530 = PCURVE('',#10643,#11531);
#11531 = DEFINITIONAL_REPRESENTATION('',(#11532),#11536);
#11532 = LINE('',#11533,#11534);
#11533 = CARTESIAN_POINT('',(2.834403100372,0.));
#11534 = VECTOR('',#11535,1.);
#11535 = DIRECTION('',(0.,1.));
#11536 = ( GEOMETRIC_REPRESENTATION_CONTEXT(2) 
PARAMETRIC_REPRESENTATION_CONTEXT() REPRESENTATION_CONTEXT('2D SPACE',''
  ) );
#11537 = PCURVE('',#11291,#11538);
#11538 = DEFINITIONAL_REPRESENTATION('',(#11539),#11543);
#11539 = LINE('',#11540,#11541);
#11540 = CARTESIAN_POINT('',(84.983069665905,-50.));
#11541 = VECTOR('',#11542,1.);
#11542 = DIRECTION('',(0.,1.));
#11543 = ( GEOMETRIC_REPRESENTATION_CONTEXT(2) 
PARAMETRIC_REPRESENTATION_CONTEXT() REPRESENTATION_CONTEXT('2D SPACE',''
  ) );
#11544 = ADVANCED_FACE('',(#11545),#10917,.T.);
#11545 = FACE_BOUND('',#11546,.F.);
#11546 = EDGE_LOOP('',(#11547,#11548,#11576,#11597));
#11547 = ORIENTED_EDGE('',*,*,#10903,.F.);
#11548 = ORIENTED_EDGE('',*,*,#11549,.T.);
#11549 = EDGE_CURVE('',#10876,#11550,#11552,.T.);
#11550 = VERTEX_POINT('',#11551);
#11551 = CARTESIAN_POINT('',(-87.75766739736,0.3875,-57.99926131403));
#11552 = SURFACE_CURVE('',#11553,(#11558,#11565),.PCURVE_S1.);
#11553 = CIRCLE('',#11554,1.2);
#11554 = AXIS2_PLACEMENT_3D('',#11555,#11556,#11557);
#11555 = CARTESIAN_POINT('',(-88.35766739736,0.3875,-56.96003082949));
#11556 = DIRECTION('',(-0.866025403784,-0.,-0.5));
#11557 = DIRECTION('',(0.,-1.,0.));
#11558 = PCURVE('',#10917,#11559);
#11559 = DEFINITIONAL_REPRESENTATION('',(#11560),#11564);
#11560 = LINE('',#11561,#11562);
#11561 = CARTESIAN_POINT('',(3.14159265359,-0.));
#11562 = VECTOR('',#11563,1.);
#11563 = DIRECTION('',(-1.,0.));
#11564 = ( GEOMETRIC_REPRESENTATION_CONTEXT(2) 
PARAMETRIC_REPRESENTATION_CONTEXT() REPRESENTATION_CONTEXT('2D SPACE',''
  ) );
#11565 = PCURVE('',#10891,#11566);
#11566 = DEFINITIONAL_REPRESENTATION('',(#11567),#11575);
#11567 = ( BOUNDED_CURVE() B_SPLINE_CURVE(2,(#11568,#11569,#11570,#11571
    ,#11572,#11573,#11574),.UNSPECIFIED.,.T.,.F.) 
B_SPLINE_CURVE_WITH_KNOTS((1,2,2,2,2,1),(-2.094395102393,0.,
    2.094395102393,4.188790204786,6.28318530718,8.377580409573),
.UNSPECIFIED.) CURVE() GEOMETRIC_REPRESENTATION_ITEM() 
RATIONAL_B_SPLINE_CURVE((1.,0.5,1.,0.5,1.,0.5,1.)) REPRESENTATION_ITEM(
  '') );
#11568 = CARTESIAN_POINT('',(11.5,-0.8125));
#11569 = CARTESIAN_POINT('',(9.421539030917,-0.8125));
#11570 = CARTESIAN_POINT('',(10.460769515459,0.9875));
#11571 = CARTESIAN_POINT('',(11.5,2.7875));
#11572 = CARTESIAN_POINT('',(12.539230484541,0.9875));
#11573 = CARTESIAN_POINT('',(13.578460969083,-0.8125));
#11574 = CARTESIAN_POINT('',(11.5,-0.8125));
#11575 = ( GEOMETRIC_REPRESENTATION_CONTEXT(2) 
PARAMETRIC_REPRESENTATION_CONTEXT() REPRESENTATION_CONTEXT('2D SPACE',''
  ) );
#11576 = ORIENTED_EDGE('',*,*,#11577,.T.);
#11577 = EDGE_CURVE('',#11550,#11469,#11578,.T.);
#11578 = SURFACE_CURVE('',#11579,(#11583,#11590),.PCURVE_S1.);
#11579 = LINE('',#11580,#11581);
#11580 = CARTESIAN_POINT('',(-87.75766739736,0.3875,-57.99926131403));
#11581 = VECTOR('',#11582,1.);
#11582 = DIRECTION('',(0.866025403784,0.,0.5));
#11583 = PCURVE('',#10917,#11584);
#11584 = DEFINITIONAL_REPRESENTATION('',(#11585),#11589);
#11585 = LINE('',#11586,#11587);
#11586 = CARTESIAN_POINT('',(-1.570796326795,0.));
#11587 = VECTOR('',#11588,1.);
#11588 = DIRECTION('',(-0.,1.));
#11589 = ( GEOMETRIC_REPRESENTATION_CONTEXT(2) 
PARAMETRIC_REPRESENTATION_CONTEXT() REPRESENTATION_CONTEXT('2D SPACE',''
  ) );
#11590 = PCURVE('',#11291,#11591);
#11591 = DEFINITIONAL_REPRESENTATION('',(#11592),#11596);
#11592 = LINE('',#11593,#11594);
#11593 = CARTESIAN_POINT('',(0.,0.3875));
#11594 = VECTOR('',#11595,1.);
#11595 = DIRECTION('',(1.,0.));
#11596 = ( GEOMETRIC_REPRESENTATION_CONTEXT(2) 
PARAMETRIC_REPRESENTATION_CONTEXT() REPRESENTATION_CONTEXT('2D SPACE',''
  ) );
#11597 = ORIENTED_EDGE('',*,*,#11468,.F.);
#11598 = ADVANCED_FACE('',(#11599),#10891,.F.);
#11599 = FACE_BOUND('',#11600,.F.);
#11600 = EDGE_LOOP('',(#11601,#11627,#11628,#11656,#11677,#11678));
#11601 = ORIENTED_EDGE('',*,*,#11602,.T.);
#11602 = EDGE_CURVE('',#10848,#11109,#11603,.T.);
#11603 = SURFACE_CURVE('',#11604,(#11609,#11620),.PCURVE_S1.);
#11604 = CIRCLE('',#11605,3.175);
#11605 = AXIS2_PLACEMENT_3D('',#11606,#11607,#11608);
#11606 = CARTESIAN_POINT('',(-90.93266739736,0.,-52.5));
#11607 = DIRECTION('',(-0.866025403784,0.,-0.5));
#11608 = DIRECTION('',(-0.5,0.,0.866025403784));
#11609 = PCURVE('',#10891,#11610);
#11610 = DEFINITIONAL_REPRESENTATION('',(#11611),#11619);
#11611 = ( BOUNDED_CURVE() B_SPLINE_CURVE(2,(#11612,#11613,#11614,#11615
    ,#11616,#11617,#11618),.UNSPECIFIED.,.T.,.F.) 
B_SPLINE_CURVE_WITH_KNOTS((1,2,2,2,2,1),(-2.094395102393,0.,
    2.094395102393,4.188790204786,6.28318530718,8.377580409573),
.UNSPECIFIED.) CURVE() GEOMETRIC_REPRESENTATION_ITEM() 
RATIONAL_B_SPLINE_CURVE((1.,0.5,1.,0.5,1.,0.5,1.)) REPRESENTATION_ITEM(
  '') );
#11612 = CARTESIAN_POINT('',(3.175,0.));
#11613 = CARTESIAN_POINT('',(3.175,5.499261314031));
#11614 = CARTESIAN_POINT('',(7.9375,2.749630657016));
#11615 = CARTESIAN_POINT('',(12.7,7.776507174586E-16));
#11616 = CARTESIAN_POINT('',(7.9375,-2.749630657016));
#11617 = CARTESIAN_POINT('',(3.175,-5.499261314031));
#11618 = CARTESIAN_POINT('',(3.175,0.));
#11619 = ( GEOMETRIC_REPRESENTATION_CONTEXT(2) 
PARAMETRIC_REPRESENTATION_CONTEXT() REPRESENTATION_CONTEXT('2D SPACE',''
  ) );
#11620 = PCURVE('',#10863,#11621);
#11621 = DEFINITIONAL_REPRESENTATION('',(#11622),#11626);
#11622 = LINE('',#11623,#11624);
#11623 = CARTESIAN_POINT('',(0.,55.));
#11624 = VECTOR('',#11625,1.);
#11625 = DIRECTION('',(1.,0.));
#11626 = ( GEOMETRIC_REPRESENTATION_CONTEXT(2) 
PARAMETRIC_REPRESENTATION_CONTEXT() REPRESENTATION_CONTEXT('2D SPACE',''
  ) );
#11627 = ORIENTED_EDGE('',*,*,#11131,.T.);
#11628 = ORIENTED_EDGE('',*,*,#11629,.F.);
#11629 = EDGE_CURVE('',#11630,#11132,#11632,.T.);
#11630 = VERTEX_POINT('',#11631);
#11631 = CARTESIAN_POINT('',(-87.75766739736,-0.3875,-57.99926131403));
#11632 = SURFACE_CURVE('',#11633,(#11638,#11649),.PCURVE_S1.);
#11633 = CIRCLE('',#11634,1.2);
#11634 = AXIS2_PLACEMENT_3D('',#11635,#11636,#11637);
#11635 = CARTESIAN_POINT('',(-88.35766739736,-0.3875,-56.96003082949));
#11636 = DIRECTION('',(-0.866025403784,-0.,-0.5));
#11637 = DIRECTION('',(0.,-1.,0.));
#11638 = PCURVE('',#10891,#11639);
#11639 = DEFINITIONAL_REPRESENTATION('',(#11640),#11648);
#11640 = ( BOUNDED_CURVE() B_SPLINE_CURVE(2,(#11641,#11642,#11643,#11644
    ,#11645,#11646,#11647),.UNSPECIFIED.,.T.,.F.) 
B_SPLINE_CURVE_WITH_KNOTS((1,2,2,2,2,1),(-2.094395102393,0.,
    2.094395102393,4.188790204786,6.28318530718,8.377580409573),
.UNSPECIFIED.) CURVE() GEOMETRIC_REPRESENTATION_ITEM() 
RATIONAL_B_SPLINE_CURVE((1.,0.5,1.,0.5,1.,0.5,1.)) REPRESENTATION_ITEM(
  '') );
#11641 = CARTESIAN_POINT('',(11.5,-1.5875));
#11642 = CARTESIAN_POINT('',(9.421539030917,-1.5875));
#11643 = CARTESIAN_POINT('',(10.460769515459,0.2125));
#11644 = CARTESIAN_POINT('',(11.5,2.0125));
#11645 = CARTESIAN_POINT('',(12.539230484541,0.2125));
#11646 = CARTESIAN_POINT('',(13.578460969083,-1.5875));
#11647 = CARTESIAN_POINT('',(11.5,-1.5875));
#11648 = ( GEOMETRIC_REPRESENTATION_CONTEXT(2) 
PARAMETRIC_REPRESENTATION_CONTEXT() REPRESENTATION_CONTEXT('2D SPACE',''
  ) );
#11649 = PCURVE('',#11168,#11650);
#11650 = DEFINITIONAL_REPRESENTATION('',(#11651),#11655);
#11651 = LINE('',#11652,#11653);
#11652 = CARTESIAN_POINT('',(4.712388980385,-0.));
#11653 = VECTOR('',#11654,1.);
#11654 = DIRECTION('',(-1.,0.));
#11655 = ( GEOMETRIC_REPRESENTATION_CONTEXT(2) 
PARAMETRIC_REPRESENTATION_CONTEXT() REPRESENTATION_CONTEXT('2D SPACE',''
  ) );
#11656 = ORIENTED_EDGE('',*,*,#11657,.F.);
#11657 = EDGE_CURVE('',#11550,#11630,#11658,.T.);
#11658 = SURFACE_CURVE('',#11659,(#11663,#11670),.PCURVE_S1.);
#11659 = LINE('',#11660,#11661);
#11660 = CARTESIAN_POINT('',(-87.75766739736,1.5875,-57.99926131403));
#11661 = VECTOR('',#11662,1.);
#11662 = DIRECTION('',(0.,-1.,0.));
#11663 = PCURVE('',#10891,#11664);
#11664 = DEFINITIONAL_REPRESENTATION('',(#11665),#11669);
#11665 = LINE('',#11666,#11667);
#11666 = CARTESIAN_POINT('',(12.7,1.5875));
#11667 = VECTOR('',#11668,1.);
#11668 = DIRECTION('',(0.,-1.));
#11669 = ( GEOMETRIC_REPRESENTATION_CONTEXT(2) 
PARAMETRIC_REPRESENTATION_CONTEXT() REPRESENTATION_CONTEXT('2D SPACE',''
  ) );
#11670 = PCURVE('',#11291,#11671);
#11671 = DEFINITIONAL_REPRESENTATION('',(#11672),#11676);
#11672 = LINE('',#11673,#11674);
#11673 = CARTESIAN_POINT('',(0.,1.5875));
#11674 = VECTOR('',#11675,1.);
#11675 = DIRECTION('',(0.,-1.));
#11676 = ( GEOMETRIC_REPRESENTATION_CONTEXT(2) 
PARAMETRIC_REPRESENTATION_CONTEXT() REPRESENTATION_CONTEXT('2D SPACE',''
  ) );
#11677 = ORIENTED_EDGE('',*,*,#11549,.F.);
#11678 = ORIENTED_EDGE('',*,*,#10875,.F.);
#11679 = ADVANCED_FACE('',(#11680),#10863,.F.);
#11680 = FACE_BOUND('',#11681,.F.);
#11681 = EDGE_LOOP('',(#11682,#11683,#11684,#11706));
#11682 = ORIENTED_EDGE('',*,*,#11602,.F.);
#11683 = ORIENTED_EDGE('',*,*,#10847,.F.);
#11684 = ORIENTED_EDGE('',*,*,#11685,.T.);
#11685 = EDGE_CURVE('',#10820,#11086,#11686,.T.);
#11686 = SURFACE_CURVE('',#11687,(#11692,#11699),.PCURVE_S1.);
#11687 = CIRCLE('',#11688,3.175);
#11688 = AXIS2_PLACEMENT_3D('',#11689,#11690,#11691);
#11689 = CARTESIAN_POINT('',(-43.30127018922,0.,-25.));
#11690 = DIRECTION('',(-0.866025403784,0.,-0.5));
#11691 = DIRECTION('',(-0.5,0.,0.866025403784));
#11692 = PCURVE('',#10863,#11693);
#11693 = DEFINITIONAL_REPRESENTATION('',(#11694),#11698);
#11694 = LINE('',#11695,#11696);
#11695 = CARTESIAN_POINT('',(0.,0.));
#11696 = VECTOR('',#11697,1.);
#11697 = DIRECTION('',(1.,0.));
#11698 = ( GEOMETRIC_REPRESENTATION_CONTEXT(2) 
PARAMETRIC_REPRESENTATION_CONTEXT() REPRESENTATION_CONTEXT('2D SPACE',''
  ) );
#11699 = PCURVE('',#10835,#11700);
#11700 = DEFINITIONAL_REPRESENTATION('',(#11701),#11705);
#11701 = CIRCLE('',#11702,3.175);
#11702 = AXIS2_PLACEMENT_2D('',#11703,#11704);
#11703 = CARTESIAN_POINT('',(0.,0.));
#11704 = DIRECTION('',(1.,0.));
#11705 = ( GEOMETRIC_REPRESENTATION_CONTEXT(2) 
PARAMETRIC_REPRESENTATION_CONTEXT() REPRESENTATION_CONTEXT('2D SPACE',''
  ) );
#11706 = ORIENTED_EDGE('',*,*,#11108,.T.);
#11707 = ADVANCED_FACE('',(#11708),#10835,.T.);
#11708 = FACE_BOUND('',#11709,.T.);
#11709 = EDGE_LOOP('',(#11710,#11711,#11712,#11713,#11714));
#11710 = ORIENTED_EDGE('',*,*,#11007,.T.);
#11711 = ORIENTED_EDGE('',*,*,#10956,.T.);
#11712 = ORIENTED_EDGE('',*,*,#10819,.T.);
#11713 = ORIENTED_EDGE('',*,*,#11685,.T.);
#11714 = ORIENTED_EDGE('',*,*,#11085,.F.);
#11715 = ADVANCED_FACE('',(#11716),#11168,.T.);
#11716 = FACE_BOUND('',#11717,.F.);
#11717 = EDGE_LOOP('',(#11718,#11739,#11740,#11741));
#11718 = ORIENTED_EDGE('',*,*,#11719,.F.);
#11719 = EDGE_CURVE('',#11630,#11276,#11720,.T.);
#11720 = SURFACE_CURVE('',#11721,(#11725,#11732),.PCURVE_S1.);
#11721 = LINE('',#11722,#11723);
#11722 = CARTESIAN_POINT('',(-87.75766739736,-0.3875,-57.99926131403));
#11723 = VECTOR('',#11724,1.);
#11724 = DIRECTION('',(0.866025403784,0.,0.5));
#11725 = PCURVE('',#11168,#11726);
#11726 = DEFINITIONAL_REPRESENTATION('',(#11727),#11731);
#11727 = LINE('',#11728,#11729);
#11728 = CARTESIAN_POINT('',(-0.,0.));
#11729 = VECTOR('',#11730,1.);
#11730 = DIRECTION('',(-0.,1.));
#11731 = ( GEOMETRIC_REPRESENTATION_CONTEXT(2) 
PARAMETRIC_REPRESENTATION_CONTEXT() REPRESENTATION_CONTEXT('2D SPACE',''
  ) );
#11732 = PCURVE('',#11291,#11733);
#11733 = DEFINITIONAL_REPRESENTATION('',(#11734),#11738);
#11734 = LINE('',#11735,#11736);
#11735 = CARTESIAN_POINT('',(0.,-0.3875));
#11736 = VECTOR('',#11737,1.);
#11737 = DIRECTION('',(1.,0.));
#11738 = ( GEOMETRIC_REPRESENTATION_CONTEXT(2) 
PARAMETRIC_REPRESENTATION_CONTEXT() REPRESENTATION_CONTEXT('2D SPACE',''
  ) );
#11739 = ORIENTED_EDGE('',*,*,#11629,.T.);
#11740 = ORIENTED_EDGE('',*,*,#11154,.T.);
#11741 = ORIENTED_EDGE('',*,*,#11303,.F.);
#11742 = ADVANCED_FACE('',(#11743),#11291,.F.);
#11743 = FACE_BOUND('',#11744,.F.);
#11744 = EDGE_LOOP('',(#11745,#11746,#11772,#11773,#11774,#11775));
#11745 = ORIENTED_EDGE('',*,*,#11275,.T.);
#11746 = ORIENTED_EDGE('',*,*,#11747,.T.);
#11747 = EDGE_CURVE('',#11247,#11442,#11748,.T.);
#11748 = SURFACE_CURVE('',#11749,(#11753,#11760),.PCURVE_S1.);
#11749 = LINE('',#11750,#11751);
#11750 = CARTESIAN_POINT('',(-14.1601701751,-50.,-15.50772648107));
#11751 = VECTOR('',#11752,1.);
#11752 = DIRECTION('',(0.,1.,0.));
#11753 = PCURVE('',#11291,#11754);
#11754 = DEFINITIONAL_REPRESENTATION('',(#11755),#11759);
#11755 = LINE('',#11756,#11757);
#11756 = CARTESIAN_POINT('',(84.983069665905,-50.));
#11757 = VECTOR('',#11758,1.);
#11758 = DIRECTION('',(0.,1.));
#11759 = ( GEOMETRIC_REPRESENTATION_CONTEXT(2) 
PARAMETRIC_REPRESENTATION_CONTEXT() REPRESENTATION_CONTEXT('2D SPACE',''
  ) );
#11760 = PCURVE('',#11761,#11766);
#11761 = PLANE('',#11762);
#11762 = AXIS2_PLACEMENT_3D('',#11763,#11764,#11765);
#11763 = CARTESIAN_POINT('',(-87.75766739736,0.,-57.99926131403));
#11764 = DIRECTION('',(-0.5,0.,0.866025403784));
#11765 = DIRECTION('',(0.866025403784,0.,0.5));
#11766 = DEFINITIONAL_REPRESENTATION('',(#11767),#11771);
#11767 = LINE('',#11768,#11769);
#11768 = CARTESIAN_POINT('',(84.983069665905,-50.));
#11769 = VECTOR('',#11770,1.);
#11770 = DIRECTION('',(0.,1.));
#11771 = ( GEOMETRIC_REPRESENTATION_CONTEXT(2) 
PARAMETRIC_REPRESENTATION_CONTEXT() REPRESENTATION_CONTEXT('2D SPACE',''
  ) );
#11772 = ORIENTED_EDGE('',*,*,#11524,.T.);
#11773 = ORIENTED_EDGE('',*,*,#11577,.F.);
#11774 = ORIENTED_EDGE('',*,*,#11657,.T.);
#11775 = ORIENTED_EDGE('',*,*,#11719,.T.);
#11776 = ADVANCED_FACE('',(#11777),#11263,.F.);
#11777 = FACE_BOUND('',#11778,.F.);
#11778 = EDGE_LOOP('',(#11779,#11802,#11803,#11804));
#11779 = ORIENTED_EDGE('',*,*,#11780,.T.);
#11780 = EDGE_CURVE('',#11781,#11247,#11783,.T.);
#11781 = VERTEX_POINT('',#11782);
#11782 = CARTESIAN_POINT('',(2.069662155719,-0.21,-6.137428415972));
#11783 = SURFACE_CURVE('',#11784,(#11788,#11795),.PCURVE_S1.);
#11784 = LINE('',#11785,#11786);
#11785 = CARTESIAN_POINT('',(-150.5445091717,-0.21,-94.24926131403));
#11786 = VECTOR('',#11787,1.);
#11787 = DIRECTION('',(-0.866025403784,0.,-0.5));
#11788 = PCURVE('',#11263,#11789);
#11789 = DEFINITIONAL_REPRESENTATION('',(#11790),#11794);
#11790 = LINE('',#11791,#11792);
#11791 = CARTESIAN_POINT('',(72.5,256.35));
#11792 = VECTOR('',#11793,1.);
#11793 = DIRECTION('',(-1.,0.));
#11794 = ( GEOMETRIC_REPRESENTATION_CONTEXT(2) 
PARAMETRIC_REPRESENTATION_CONTEXT() REPRESENTATION_CONTEXT('2D SPACE',''
  ) );
#11795 = PCURVE('',#11761,#11796);
#11796 = DEFINITIONAL_REPRESENTATION('',(#11797),#11801);
#11797 = LINE('',#11798,#11799);
#11798 = CARTESIAN_POINT('',(-72.5,-0.21));
#11799 = VECTOR('',#11800,1.);
#11800 = DIRECTION('',(-1.,0.));
#11801 = ( GEOMETRIC_REPRESENTATION_CONTEXT(2) 
PARAMETRIC_REPRESENTATION_CONTEXT() REPRESENTATION_CONTEXT('2D SPACE',''
  ) );
#11802 = ORIENTED_EDGE('',*,*,#11246,.T.);
#11803 = ORIENTED_EDGE('',*,*,#11390,.T.);
#11804 = ORIENTED_EDGE('',*,*,#11805,.F.);
#11805 = EDGE_CURVE('',#11781,#11361,#11806,.T.);
#11806 = SURFACE_CURVE('',#11807,(#11812,#11819),.PCURVE_S1.);
#11807 = CIRCLE('',#11808,6.477);
#11808 = AXIS2_PLACEMENT_3D('',#11809,#11810,#11811);
#11809 = CARTESIAN_POINT('',(0.,-0.21,0.));
#11810 = DIRECTION('',(-0.,1.,0.));
#11811 = DIRECTION('',(0.866025403784,0.,0.5));
#11812 = PCURVE('',#11263,#11813);
#11813 = DEFINITIONAL_REPRESENTATION('',(#11814),#11818);
#11814 = CIRCLE('',#11815,6.477);
#11815 = AXIS2_PLACEMENT_2D('',#11816,#11817);
#11816 = CARTESIAN_POINT('',(250.,250.));
#11817 = DIRECTION('',(1.,0.));
#11818 = ( GEOMETRIC_REPRESENTATION_CONTEXT(2) 
PARAMETRIC_REPRESENTATION_CONTEXT() REPRESENTATION_CONTEXT('2D SPACE',''
  ) );
#11819 = PCURVE('',#11378,#11820);
#11820 = DEFINITIONAL_REPRESENTATION('',(#11821),#11825);
#11821 = LINE('',#11822,#11823);
#11822 = CARTESIAN_POINT('',(0.,49.79));
#11823 = VECTOR('',#11824,1.);
#11824 = DIRECTION('',(1.,0.));
#11825 = ( GEOMETRIC_REPRESENTATION_CONTEXT(2) 
PARAMETRIC_REPRESENTATION_CONTEXT() REPRESENTATION_CONTEXT('2D SPACE',''
  ) );
#11826 = ADVANCED_FACE('',(#11827),#11378,.F.);
#11827 = FACE_BOUND('',#11828,.F.);
#11828 = EDGE_LOOP('',(#11829,#11830,#11831,#11855));
#11829 = ORIENTED_EDGE('',*,*,#11805,.T.);
#11830 = ORIENTED_EDGE('',*,*,#11360,.T.);
#11831 = ORIENTED_EDGE('',*,*,#11832,.F.);
#11832 = EDGE_CURVE('',#11833,#11363,#11835,.T.);
#11833 = VERTEX_POINT('',#11834);
#11834 = CARTESIAN_POINT('',(2.069662155719,0.21,-6.137428415972));
#11835 = SURFACE_CURVE('',#11836,(#11841,#11848),.PCURVE_S1.);
#11836 = CIRCLE('',#11837,6.477);
#11837 = AXIS2_PLACEMENT_3D('',#11838,#11839,#11840);
#11838 = CARTESIAN_POINT('',(0.,0.21,0.));
#11839 = DIRECTION('',(-0.,1.,0.));
#11840 = DIRECTION('',(0.866025403784,0.,0.5));
#11841 = PCURVE('',#11378,#11842);
#11842 = DEFINITIONAL_REPRESENTATION('',(#11843),#11847);
#11843 = LINE('',#11844,#11845);
#11844 = CARTESIAN_POINT('',(0.,50.21));
#11845 = VECTOR('',#11846,1.);
#11846 = DIRECTION('',(1.,0.));
#11847 = ( GEOMETRIC_REPRESENTATION_CONTEXT(2) 
PARAMETRIC_REPRESENTATION_CONTEXT() REPRESENTATION_CONTEXT('2D SPACE',''
  ) );
#11848 = PCURVE('',#11426,#11849);
#11849 = DEFINITIONAL_REPRESENTATION('',(#11850),#11854);
#11850 = CIRCLE('',#11851,6.477);
#11851 = AXIS2_PLACEMENT_2D('',#11852,#11853);
#11852 = CARTESIAN_POINT('',(250.,250.));
#11853 = DIRECTION('',(1.,0.));
#11854 = ( GEOMETRIC_REPRESENTATION_CONTEXT(2) 
PARAMETRIC_REPRESENTATION_CONTEXT() REPRESENTATION_CONTEXT('2D SPACE',''
  ) );
#11855 = ORIENTED_EDGE('',*,*,#11856,.F.);
#11856 = EDGE_CURVE('',#11781,#11833,#11857,.T.);
#11857 = SURFACE_CURVE('',#11858,(#11862,#11869),.PCURVE_S1.);
#11858 = LINE('',#11859,#11860);
#11859 = CARTESIAN_POINT('',(2.069662155719,-50.,-6.137428415972));
#11860 = VECTOR('',#11861,1.);
#11861 = DIRECTION('',(0.,1.,0.));
#11862 = PCURVE('',#11378,#11863);
#11863 = DEFINITIONAL_REPRESENTATION('',(#11864),#11868);
#11864 = LINE('',#11865,#11866);
#11865 = CARTESIAN_POINT('',(1.769150848954,0.));
#11866 = VECTOR('',#11867,1.);
#11867 = DIRECTION('',(0.,1.));
#11868 = ( GEOMETRIC_REPRESENTATION_CONTEXT(2) 
PARAMETRIC_REPRESENTATION_CONTEXT() REPRESENTATION_CONTEXT('2D SPACE',''
  ) );
#11869 = PCURVE('',#11761,#11870);
#11870 = DEFINITIONAL_REPRESENTATION('',(#11871),#11875);
#11871 = LINE('',#11872,#11873);
#11872 = CARTESIAN_POINT('',(103.72366579611,-50.));
#11873 = VECTOR('',#11874,1.);
#11874 = DIRECTION('',(0.,1.));
#11875 = ( GEOMETRIC_REPRESENTATION_CONTEXT(2) 
PARAMETRIC_REPRESENTATION_CONTEXT() REPRESENTATION_CONTEXT('2D SPACE',''
  ) );
#11876 = ADVANCED_FACE('',(#11877),#11426,.T.);
#11877 = FACE_BOUND('',#11878,.T.);
#11878 = EDGE_LOOP('',(#11879,#11900,#11901,#11902));
#11879 = ORIENTED_EDGE('',*,*,#11880,.T.);
#11880 = EDGE_CURVE('',#11833,#11442,#11881,.T.);
#11881 = SURFACE_CURVE('',#11882,(#11886,#11893),.PCURVE_S1.);
#11882 = LINE('',#11883,#11884);
#11883 = CARTESIAN_POINT('',(-150.5445091717,0.21,-94.24926131403));
#11884 = VECTOR('',#11885,1.);
#11885 = DIRECTION('',(-0.866025403784,0.,-0.5));
#11886 = PCURVE('',#11426,#11887);
#11887 = DEFINITIONAL_REPRESENTATION('',(#11888),#11892);
#11888 = LINE('',#11889,#11890);
#11889 = CARTESIAN_POINT('',(72.5,256.35));
#11890 = VECTOR('',#11891,1.);
#11891 = DIRECTION('',(-1.,0.));
#11892 = ( GEOMETRIC_REPRESENTATION_CONTEXT(2) 
PARAMETRIC_REPRESENTATION_CONTEXT() REPRESENTATION_CONTEXT('2D SPACE',''
  ) );
#11893 = PCURVE('',#11761,#11894);
#11894 = DEFINITIONAL_REPRESENTATION('',(#11895),#11899);
#11895 = LINE('',#11896,#11897);
#11896 = CARTESIAN_POINT('',(-72.5,0.21));
#11897 = VECTOR('',#11898,1.);
#11898 = DIRECTION('',(-1.,0.));
#11899 = ( GEOMETRIC_REPRESENTATION_CONTEXT(2) 
PARAMETRIC_REPRESENTATION_CONTEXT() REPRESENTATION_CONTEXT('2D SPACE',''
  ) );
#11900 = ORIENTED_EDGE('',*,*,#11441,.T.);
#11901 = ORIENTED_EDGE('',*,*,#11412,.T.);
#11902 = ORIENTED_EDGE('',*,*,#11832,.F.);
#11903 = ADVANCED_FACE('',(#11904),#11761,.F.);
#11904 = FACE_BOUND('',#11905,.F.);
#11905 = EDGE_LOOP('',(#11906,#11907,#11908,#11909));
#11906 = ORIENTED_EDGE('',*,*,#11780,.F.);
#11907 = ORIENTED_EDGE('',*,*,#11856,.T.);
#11908 = ORIENTED_EDGE('',*,*,#11880,.T.);
#11909 = ORIENTED_EDGE('',*,*,#11747,.F.);
#11910 = ( GEOMETRIC_REPRESENTATION_CONTEXT(3) 
GLOBAL_UNCERTAINTY_ASSIGNED_CONTEXT((#11914)) 
GLOBAL_UNIT_ASSIGNED_CONTEXT((#11911,#11912,#11913)) 
REPRESENTATION_CONTEXT('Context #1',
  '3D Context with UNIT and UNCERTAINTY') );
#11911 = ( LENGTH_UNIT() NAMED_UNIT(*) SI_UNIT(.MILLI.,.METRE.) );
#11912 = ( NAMED_UNIT(*) PLANE_ANGLE_UNIT() SI_UNIT($,.RADIAN.) );
#11913 = ( NAMED_UNIT(*) SI_UNIT($,.STERADIAN.) SOLID_ANGLE_UNIT() );
#11914 = UNCERTAINTY_MEASURE_WITH_UNIT(LENGTH_MEASURE(1.E-07),#11911,
  'distance_accuracy_value','confusion accuracy');
#11915 = CONTEXT_DEPENDENT_SHAPE_REPRESENTATION(#11916,#11918);
#11916 = ( REPRESENTATION_RELATIONSHIP('','',#10325,#10298) 
REPRESENTATION_RELATIONSHIP_WITH_TRANSFORMATION(#11917) 
SHAPE_REPRESENTATION_RELATIONSHIP() );
#11917 = ITEM_DEFINED_TRANSFORMATION('','',#11,#10299);
#11918 = PRODUCT_DEFINITION_SHAPE('Placement','Placement of an item',
  #11919);
#11919 = NEXT_ASSEMBLY_USAGE_OCCURRENCE('4','','',#10293,#10320,$);
#11920 = PRODUCT_RELATED_PRODUCT_CATEGORY('part',$,(#10322));
#11921 = SHAPE_DEFINITION_REPRESENTATION(#11922,#11928);
#11922 = PRODUCT_DEFINITION_SHAPE('','',#11923);
#11923 = PRODUCT_DEFINITION('design','',#11924,#11927);
#11924 = PRODUCT_DEFINITION_FORMATION('','',#11925);
#11925 = PRODUCT('Open CASCADE STEP translator 7.9 1.4.2',
  'Open CASCADE STEP translator 7.9 1.4.2','',(#11926));
#11926 = PRODUCT_CONTEXT('',#2,'mechanical');
#11927 = PRODUCT_DEFINITION_CONTEXT('part definition',#2,'design');
#11928 = ADVANCED_BREP_SHAPE_REPRESENTATION('',(#11,#11929),#13753);
#11929 = MANIFOLD_SOLID_BREP('',#11930);
#11930 = CLOSED_SHELL('',(#11931,#12051,#12193,#12329,#12379,#12482,
    #12625,#12707,#12817,#12872,#12899,#12951,#13066,#13073,#13188,
    #13265,#13373,#13476,#13549,#13577,#13605,#13657,#13711,#13746));
#11931 = ADVANCED_FACE('',(#11932),#11946,.F.);
#11932 = FACE_BOUND('',#11933,.F.);
#11933 = EDGE_LOOP('',(#11934,#11969,#11997,#12025));
#11934 = ORIENTED_EDGE('',*,*,#11935,.F.);
#11935 = EDGE_CURVE('',#11936,#11938,#11940,.T.);
#11936 = VERTEX_POINT('',#11937);
#11937 = CARTESIAN_POINT('',(14.160170175109,-0.21,15.507726481079));
#11938 = VERTEX_POINT('',#11939);
#11939 = CARTESIAN_POINT('',(14.160170175109,0.21,15.507726481079));
#11940 = SURFACE_CURVE('',#11941,(#11945,#11957),.PCURVE_S1.);
#11941 = LINE('',#11942,#11943);
#11942 = CARTESIAN_POINT('',(14.160170175109,-50.,15.507726481079));
#11943 = VECTOR('',#11944,1.);
#11944 = DIRECTION('',(0.,1.,0.));
#11945 = PCURVE('',#11946,#11951);
#11946 = PLANE('',#11947);
#11947 = AXIS2_PLACEMENT_3D('',#11948,#11949,#11950);
#11948 = CARTESIAN_POINT('',(87.757667397366,0.,57.999261314031));
#11949 = DIRECTION('',(0.5,0.,-0.866025403784));
#11950 = DIRECTION('',(-0.866025403784,0.,-0.5));
#11951 = DEFINITIONAL_REPRESENTATION('',(#11952),#11956);
#11952 = LINE('',#11953,#11954);
#11953 = CARTESIAN_POINT('',(84.983069665905,-50.));
#11954 = VECTOR('',#11955,1.);
#11955 = DIRECTION('',(0.,1.));
#11956 = ( GEOMETRIC_REPRESENTATION_CONTEXT(2) 
PARAMETRIC_REPRESENTATION_CONTEXT() REPRESENTATION_CONTEXT('2D SPACE',''
  ) );
#11957 = PCURVE('',#11958,#11963);
#11958 = PLANE('',#11959);
#11959 = AXIS2_PLACEMENT_3D('',#11960,#11961,#11962);
#11960 = CARTESIAN_POINT('',(87.757667397366,0.,57.999261314031));
#11961 = DIRECTION('',(0.5,0.,-0.866025403784));
#11962 = DIRECTION('',(-0.866025403784,0.,-0.5));
#11963 = DEFINITIONAL_REPRESENTATION('',(#11964),#11968);
#11964 = LINE('',#11965,#11966);
#11965 = CARTESIAN_POINT('',(84.983069665905,-50.));
#11966 = VECTOR('',#11967,1.);
#11967 = DIRECTION('',(0.,1.));
#11968 = ( GEOMETRIC_REPRESENTATION_CONTEXT(2) 
PARAMETRIC_REPRESENTATION_CONTEXT() REPRESENTATION_CONTEXT('2D SPACE',''
  ) );
#11969 = ORIENTED_EDGE('',*,*,#11970,.F.);
#11970 = EDGE_CURVE('',#11971,#11936,#11973,.T.);
#11971 = VERTEX_POINT('',#11972);
#11972 = CARTESIAN_POINT('',(-2.069662155719,-0.21,6.137428415972));
#11973 = SURFACE_CURVE('',#11974,(#11978,#11985),.PCURVE_S1.);
#11974 = LINE('',#11975,#11976);
#11975 = CARTESIAN_POINT('',(-65.96184177437,-0.21,-30.75073868596));
#11976 = VECTOR('',#11977,1.);
#11977 = DIRECTION('',(0.866025403784,0.,0.5));
#11978 = PCURVE('',#11946,#11979);
#11979 = DEFINITIONAL_REPRESENTATION('',(#11980),#11984);
#11980 = LINE('',#11981,#11982);
#11981 = CARTESIAN_POINT('',(177.5,-0.21));
#11982 = VECTOR('',#11983,1.);
#11983 = DIRECTION('',(-1.,0.));
#11984 = ( GEOMETRIC_REPRESENTATION_CONTEXT(2) 
PARAMETRIC_REPRESENTATION_CONTEXT() REPRESENTATION_CONTEXT('2D SPACE',''
  ) );
#11985 = PCURVE('',#11986,#11991);
#11986 = PLANE('',#11987);
#11987 = AXIS2_PLACEMENT_3D('',#11988,#11989,#11990);
#11988 = CARTESIAN_POINT('',(-341.5063509461,-0.21,91.50635094611));
#11989 = DIRECTION('',(0.,1.,0.));
#11990 = DIRECTION('',(0.866025403784,0.,0.5));
#11991 = DEFINITIONAL_REPRESENTATION('',(#11992),#11996);
#11992 = LINE('',#11993,#11994);
#11993 = CARTESIAN_POINT('',(177.5,243.65));
#11994 = VECTOR('',#11995,1.);
#11995 = DIRECTION('',(1.,0.));
#11996 = ( GEOMETRIC_REPRESENTATION_CONTEXT(2) 
PARAMETRIC_REPRESENTATION_CONTEXT() REPRESENTATION_CONTEXT('2D SPACE',''
  ) );
#11997 = ORIENTED_EDGE('',*,*,#11998,.T.);
#11998 = EDGE_CURVE('',#11971,#11999,#12001,.T.);
#11999 = VERTEX_POINT('',#12000);
#12000 = CARTESIAN_POINT('',(-2.069662155719,0.21,6.137428415972));
#12001 = SURFACE_CURVE('',#12002,(#12006,#12013),.PCURVE_S1.);
#12002 = LINE('',#12003,#12004);
#12003 = CARTESIAN_POINT('',(-2.069662155719,-50.,6.137428415972));
#12004 = VECTOR('',#12005,1.);
#12005 = DIRECTION('',(0.,1.,0.));
#12006 = PCURVE('',#11946,#12007);
#12007 = DEFINITIONAL_REPRESENTATION('',(#12008),#12012);
#12008 = LINE('',#12009,#12010);
#12009 = CARTESIAN_POINT('',(103.72366579611,-50.));
#12010 = VECTOR('',#12011,1.);
#12011 = DIRECTION('',(0.,1.));
#12012 = ( GEOMETRIC_REPRESENTATION_CONTEXT(2) 
PARAMETRIC_REPRESENTATION_CONTEXT() REPRESENTATION_CONTEXT('2D SPACE',''
  ) );
#12013 = PCURVE('',#12014,#12019);
#12014 = CYLINDRICAL_SURFACE('',#12015,6.477);
#12015 = AXIS2_PLACEMENT_3D('',#12016,#12017,#12018);
#12016 = CARTESIAN_POINT('',(0.,-50.,0.));
#12017 = DIRECTION('',(0.,1.,0.));
#12018 = DIRECTION('',(0.866025403784,0.,0.5));
#12019 = DEFINITIONAL_REPRESENTATION('',(#12020),#12024);
#12020 = LINE('',#12021,#12022);
#12021 = CARTESIAN_POINT('',(4.910743502543,0.));
#12022 = VECTOR('',#12023,1.);
#12023 = DIRECTION('',(0.,1.));
#12024 = ( GEOMETRIC_REPRESENTATION_CONTEXT(2) 
PARAMETRIC_REPRESENTATION_CONTEXT() REPRESENTATION_CONTEXT('2D SPACE',''
  ) );
#12025 = ORIENTED_EDGE('',*,*,#12026,.T.);
#12026 = EDGE_CURVE('',#11999,#11938,#12027,.T.);
#12027 = SURFACE_CURVE('',#12028,(#12032,#12039),.PCURVE_S1.);
#12028 = LINE('',#12029,#12030);
#12029 = CARTESIAN_POINT('',(-65.96184177437,0.21,-30.75073868596));
#12030 = VECTOR('',#12031,1.);
#12031 = DIRECTION('',(0.866025403784,0.,0.5));
#12032 = PCURVE('',#11946,#12033);
#12033 = DEFINITIONAL_REPRESENTATION('',(#12034),#12038);
#12034 = LINE('',#12035,#12036);
#12035 = CARTESIAN_POINT('',(177.5,0.21));
#12036 = VECTOR('',#12037,1.);
#12037 = DIRECTION('',(-1.,0.));
#12038 = ( GEOMETRIC_REPRESENTATION_CONTEXT(2) 
PARAMETRIC_REPRESENTATION_CONTEXT() REPRESENTATION_CONTEXT('2D SPACE',''
  ) );
#12039 = PCURVE('',#12040,#12045);
#12040 = PLANE('',#12041);
#12041 = AXIS2_PLACEMENT_3D('',#12042,#12043,#12044);
#12042 = CARTESIAN_POINT('',(-341.5063509461,0.21,91.50635094611));
#12043 = DIRECTION('',(0.,1.,0.));
#12044 = DIRECTION('',(0.866025403784,0.,0.5));
#12045 = DEFINITIONAL_REPRESENTATION('',(#12046),#12050);
#12046 = LINE('',#12047,#12048);
#12047 = CARTESIAN_POINT('',(177.5,243.65));
#12048 = VECTOR('',#12049,1.);
#12049 = DIRECTION('',(1.,0.));
#12050 = ( GEOMETRIC_REPRESENTATION_CONTEXT(2) 
PARAMETRIC_REPRESENTATION_CONTEXT() REPRESENTATION_CONTEXT('2D SPACE',''
  ) );
#12051 = ADVANCED_FACE('',(#12052),#11958,.F.);
#12052 = FACE_BOUND('',#12053,.F.);
#12053 = EDGE_LOOP('',(#12054,#12084,#12112,#12138,#12139,#12167));
#12054 = ORIENTED_EDGE('',*,*,#12055,.F.);
#12055 = EDGE_CURVE('',#12056,#12058,#12060,.T.);
#12056 = VERTEX_POINT('',#12057);
#12057 = CARTESIAN_POINT('',(87.757667397366,-0.3875,57.999261314031));
#12058 = VERTEX_POINT('',#12059);
#12059 = CARTESIAN_POINT('',(87.757667397366,0.3875,57.999261314031));
#12060 = SURFACE_CURVE('',#12061,(#12065,#12072),.PCURVE_S1.);
#12061 = LINE('',#12062,#12063);
#12062 = CARTESIAN_POINT('',(87.757667397366,-1.5875,57.999261314031));
#12063 = VECTOR('',#12064,1.);
#12064 = DIRECTION('',(0.,1.,0.));
#12065 = PCURVE('',#11958,#12066);
#12066 = DEFINITIONAL_REPRESENTATION('',(#12067),#12071);
#12067 = LINE('',#12068,#12069);
#12068 = CARTESIAN_POINT('',(-0.,-1.5875));
#12069 = VECTOR('',#12070,1.);
#12070 = DIRECTION('',(0.,1.));
#12071 = ( GEOMETRIC_REPRESENTATION_CONTEXT(2) 
PARAMETRIC_REPRESENTATION_CONTEXT() REPRESENTATION_CONTEXT('2D SPACE',''
  ) );
#12072 = PCURVE('',#12073,#12078);
#12073 = PLANE('',#12074);
#12074 = AXIS2_PLACEMENT_3D('',#12075,#12076,#12077);
#12075 = CARTESIAN_POINT('',(94.107667397366,0.,47.000738685969));
#12076 = DIRECTION('',(-0.866025403784,-0.,-0.5));
#12077 = DIRECTION('',(-0.5,0.,0.866025403784));
#12078 = DEFINITIONAL_REPRESENTATION('',(#12079),#12083);
#12079 = LINE('',#12080,#12081);
#12080 = CARTESIAN_POINT('',(12.7,-1.5875));
#12081 = VECTOR('',#12082,1.);
#12082 = DIRECTION('',(0.,1.));
#12083 = ( GEOMETRIC_REPRESENTATION_CONTEXT(2) 
PARAMETRIC_REPRESENTATION_CONTEXT() REPRESENTATION_CONTEXT('2D SPACE',''
  ) );
#12084 = ORIENTED_EDGE('',*,*,#12085,.T.);
#12085 = EDGE_CURVE('',#12056,#12086,#12088,.T.);
#12086 = VERTEX_POINT('',#12087);
#12087 = CARTESIAN_POINT('',(14.160170175109,-0.3875,15.507726481079));
#12088 = SURFACE_CURVE('',#12089,(#12093,#12100),.PCURVE_S1.);
#12089 = LINE('',#12090,#12091);
#12090 = CARTESIAN_POINT('',(87.757667397366,-0.3875,57.999261314031));
#12091 = VECTOR('',#12092,1.);
#12092 = DIRECTION('',(-0.866025403784,0.,-0.5));
#12093 = PCURVE('',#11958,#12094);
#12094 = DEFINITIONAL_REPRESENTATION('',(#12095),#12099);
#12095 = LINE('',#12096,#12097);
#12096 = CARTESIAN_POINT('',(-0.,-0.3875));
#12097 = VECTOR('',#12098,1.);
#12098 = DIRECTION('',(1.,0.));
#12099 = ( GEOMETRIC_REPRESENTATION_CONTEXT(2) 
PARAMETRIC_REPRESENTATION_CONTEXT() REPRESENTATION_CONTEXT('2D SPACE',''
  ) );
#12100 = PCURVE('',#12101,#12106);
#12101 = CYLINDRICAL_SURFACE('',#12102,1.2);
#12102 = AXIS2_PLACEMENT_3D('',#12103,#12104,#12105);
#12103 = CARTESIAN_POINT('',(88.357667397366,-0.3875,56.96003082949));
#12104 = DIRECTION('',(-0.866025403784,0.,-0.5));
#12105 = DIRECTION('',(0.,-1.,0.));
#12106 = DEFINITIONAL_REPRESENTATION('',(#12107),#12111);
#12107 = LINE('',#12108,#12109);
#12108 = CARTESIAN_POINT('',(1.570796326795,0.));
#12109 = VECTOR('',#12110,1.);
#12110 = DIRECTION('',(0.,1.));
#12111 = ( GEOMETRIC_REPRESENTATION_CONTEXT(2) 
PARAMETRIC_REPRESENTATION_CONTEXT() REPRESENTATION_CONTEXT('2D SPACE',''
  ) );
#12112 = ORIENTED_EDGE('',*,*,#12113,.T.);
#12113 = EDGE_CURVE('',#12086,#11936,#12114,.T.);
#12114 = SURFACE_CURVE('',#12115,(#12119,#12126),.PCURVE_S1.);
#12115 = LINE('',#12116,#12117);
#12116 = CARTESIAN_POINT('',(14.160170175109,-50.,15.507726481079));
#12117 = VECTOR('',#12118,1.);
#12118 = DIRECTION('',(0.,1.,0.));
#12119 = PCURVE('',#11958,#12120);
#12120 = DEFINITIONAL_REPRESENTATION('',(#12121),#12125);
#12121 = LINE('',#12122,#12123);
#12122 = CARTESIAN_POINT('',(84.983069665905,-50.));
#12123 = VECTOR('',#12124,1.);
#12124 = DIRECTION('',(0.,1.));
#12125 = ( GEOMETRIC_REPRESENTATION_CONTEXT(2) 
PARAMETRIC_REPRESENTATION_CONTEXT() REPRESENTATION_CONTEXT('2D SPACE',''
  ) );
#12126 = PCURVE('',#12127,#12132);
#12127 = CYLINDRICAL_SURFACE('',#12128,21.);
#12128 = AXIS2_PLACEMENT_3D('',#12129,#12130,#12131);
#12129 = CARTESIAN_POINT('',(0.,-50.,0.));
#12130 = DIRECTION('',(0.,1.,0.));
#12131 = DIRECTION('',(0.866025403784,0.,0.5));
#12132 = DEFINITIONAL_REPRESENTATION('',(#12133),#12137);
#12133 = LINE('',#12134,#12135);
#12134 = CARTESIAN_POINT('',(5.975995753962,0.));
#12135 = VECTOR('',#12136,1.);
#12136 = DIRECTION('',(0.,1.));
#12137 = ( GEOMETRIC_REPRESENTATION_CONTEXT(2) 
PARAMETRIC_REPRESENTATION_CONTEXT() REPRESENTATION_CONTEXT('2D SPACE',''
  ) );
#12138 = ORIENTED_EDGE('',*,*,#11935,.T.);
#12139 = ORIENTED_EDGE('',*,*,#12140,.T.);
#12140 = EDGE_CURVE('',#11938,#12141,#12143,.T.);
#12141 = VERTEX_POINT('',#12142);
#12142 = CARTESIAN_POINT('',(14.160170175109,0.3875,15.507726481079));
#12143 = SURFACE_CURVE('',#12144,(#12148,#12155),.PCURVE_S1.);
#12144 = LINE('',#12145,#12146);
#12145 = CARTESIAN_POINT('',(14.160170175109,-50.,15.507726481079));
#12146 = VECTOR('',#12147,1.);
#12147 = DIRECTION('',(0.,1.,0.));
#12148 = PCURVE('',#11958,#12149);
#12149 = DEFINITIONAL_REPRESENTATION('',(#12150),#12154);
#12150 = LINE('',#12151,#12152);
#12151 = CARTESIAN_POINT('',(84.983069665905,-50.));
#12152 = VECTOR('',#12153,1.);
#12153 = DIRECTION('',(0.,1.));
#12154 = ( GEOMETRIC_REPRESENTATION_CONTEXT(2) 
PARAMETRIC_REPRESENTATION_CONTEXT() REPRESENTATION_CONTEXT('2D SPACE',''
  ) );
#12155 = PCURVE('',#12156,#12161);
#12156 = CYLINDRICAL_SURFACE('',#12157,21.);
#12157 = AXIS2_PLACEMENT_3D('',#12158,#12159,#12160);
#12158 = CARTESIAN_POINT('',(0.,-50.,0.));
#12159 = DIRECTION('',(0.,1.,0.));
#12160 = DIRECTION('',(0.866025403784,0.,0.5));
#12161 = DEFINITIONAL_REPRESENTATION('',(#12162),#12166);
#12162 = LINE('',#12163,#12164);
#12163 = CARTESIAN_POINT('',(5.975995753962,0.));
#12164 = VECTOR('',#12165,1.);
#12165 = DIRECTION('',(0.,1.));
#12166 = ( GEOMETRIC_REPRESENTATION_CONTEXT(2) 
PARAMETRIC_REPRESENTATION_CONTEXT() REPRESENTATION_CONTEXT('2D SPACE',''
  ) );
#12167 = ORIENTED_EDGE('',*,*,#12168,.F.);
#12168 = EDGE_CURVE('',#12058,#12141,#12169,.T.);
#12169 = SURFACE_CURVE('',#12170,(#12174,#12181),.PCURVE_S1.);
#12170 = LINE('',#12171,#12172);
#12171 = CARTESIAN_POINT('',(87.757667397366,0.3875,57.999261314031));
#12172 = VECTOR('',#12173,1.);
#12173 = DIRECTION('',(-0.866025403784,0.,-0.5));
#12174 = PCURVE('',#11958,#12175);
#12175 = DEFINITIONAL_REPRESENTATION('',(#12176),#12180);
#12176 = LINE('',#12177,#12178);
#12177 = CARTESIAN_POINT('',(0.,0.3875));
#12178 = VECTOR('',#12179,1.);
#12179 = DIRECTION('',(1.,0.));
#12180 = ( GEOMETRIC_REPRESENTATION_CONTEXT(2) 
PARAMETRIC_REPRESENTATION_CONTEXT() REPRESENTATION_CONTEXT('2D SPACE',''
  ) );
#12181 = PCURVE('',#12182,#12187);
#12182 = CYLINDRICAL_SURFACE('',#12183,1.2);
#12183 = AXIS2_PLACEMENT_3D('',#12184,#12185,#12186);
#12184 = CARTESIAN_POINT('',(88.357667397366,0.3875,56.96003082949));
#12185 = DIRECTION('',(-0.866025403784,0.,-0.5));
#12186 = DIRECTION('',(0.,1.,0.));
#12187 = DEFINITIONAL_REPRESENTATION('',(#12188),#12192);
#12188 = LINE('',#12189,#12190);
#12189 = CARTESIAN_POINT('',(-1.570796326795,0.));
#12190 = VECTOR('',#12191,1.);
#12191 = DIRECTION('',(-0.,1.));
#12192 = ( GEOMETRIC_REPRESENTATION_CONTEXT(2) 
PARAMETRIC_REPRESENTATION_CONTEXT() REPRESENTATION_CONTEXT('2D SPACE',''
  ) );
#12193 = ADVANCED_FACE('',(#12194),#12040,.T.);
#12194 = FACE_BOUND('',#12195,.T.);
#12195 = EDGE_LOOP('',(#12196,#12226,#12255,#12277,#12278,#12302));
#12196 = ORIENTED_EDGE('',*,*,#12197,.T.);
#12197 = EDGE_CURVE('',#12198,#12200,#12202,.T.);
#12198 = VERTEX_POINT('',#12199);
#12199 = CARTESIAN_POINT('',(20.510170175109,0.21,4.509203853016));
#12200 = VERTEX_POINT('',#12201);
#12201 = CARTESIAN_POINT('',(4.280337844281,0.21,-4.86109421209));
#12202 = SURFACE_CURVE('',#12203,(#12207,#12214),.PCURVE_S1.);
#12203 = LINE('',#12204,#12205);
#12204 = CARTESIAN_POINT('',(-150.5445091717,0.21,-94.24926131403));
#12205 = VECTOR('',#12206,1.);
#12206 = DIRECTION('',(-0.866025403784,0.,-0.5));
#12207 = PCURVE('',#12040,#12208);
#12208 = DEFINITIONAL_REPRESENTATION('',(#12209),#12213);
#12209 = LINE('',#12210,#12211);
#12210 = CARTESIAN_POINT('',(72.5,256.35));
#12211 = VECTOR('',#12212,1.);
#12212 = DIRECTION('',(-1.,0.));
#12213 = ( GEOMETRIC_REPRESENTATION_CONTEXT(2) 
PARAMETRIC_REPRESENTATION_CONTEXT() REPRESENTATION_CONTEXT('2D SPACE',''
  ) );
#12214 = PCURVE('',#12215,#12220);
#12215 = PLANE('',#12216);
#12216 = AXIS2_PLACEMENT_3D('',#12217,#12218,#12219);
#12217 = CARTESIAN_POINT('',(-87.75766739736,0.,-57.99926131403));
#12218 = DIRECTION('',(-0.5,0.,0.866025403784));
#12219 = DIRECTION('',(0.866025403784,0.,0.5));
#12220 = DEFINITIONAL_REPRESENTATION('',(#12221),#12225);
#12221 = LINE('',#12222,#12223);
#12222 = CARTESIAN_POINT('',(-72.5,0.21));
#12223 = VECTOR('',#12224,1.);
#12224 = DIRECTION('',(-1.,0.));
#12225 = ( GEOMETRIC_REPRESENTATION_CONTEXT(2) 
PARAMETRIC_REPRESENTATION_CONTEXT() REPRESENTATION_CONTEXT('2D SPACE',''
  ) );
#12226 = ORIENTED_EDGE('',*,*,#12227,.F.);
#12227 = EDGE_CURVE('',#12228,#12200,#12230,.T.);
#12228 = VERTEX_POINT('',#12229);
#12229 = CARTESIAN_POINT('',(5.609246540312,0.21,3.2385));
#12230 = SURFACE_CURVE('',#12231,(#12236,#12243),.PCURVE_S1.);
#12231 = CIRCLE('',#12232,6.477);
#12232 = AXIS2_PLACEMENT_3D('',#12233,#12234,#12235);
#12233 = CARTESIAN_POINT('',(0.,0.21,0.));
#12234 = DIRECTION('',(-0.,1.,0.));
#12235 = DIRECTION('',(0.866025403784,0.,0.5));
#12236 = PCURVE('',#12040,#12237);
#12237 = DEFINITIONAL_REPRESENTATION('',(#12238),#12242);
#12238 = CIRCLE('',#12239,6.477);
#12239 = AXIS2_PLACEMENT_2D('',#12240,#12241);
#12240 = CARTESIAN_POINT('',(250.,250.));
#12241 = DIRECTION('',(1.,0.));
#12242 = ( GEOMETRIC_REPRESENTATION_CONTEXT(2) 
PARAMETRIC_REPRESENTATION_CONTEXT() REPRESENTATION_CONTEXT('2D SPACE',''
  ) );
#12243 = PCURVE('',#12244,#12249);
#12244 = CYLINDRICAL_SURFACE('',#12245,6.477);
#12245 = AXIS2_PLACEMENT_3D('',#12246,#12247,#12248);
#12246 = CARTESIAN_POINT('',(0.,-50.,0.));
#12247 = DIRECTION('',(0.,1.,0.));
#12248 = DIRECTION('',(0.866025403784,0.,0.5));
#12249 = DEFINITIONAL_REPRESENTATION('',(#12250),#12254);
#12250 = LINE('',#12251,#12252);
#12251 = CARTESIAN_POINT('',(0.,50.21));
#12252 = VECTOR('',#12253,1.);
#12253 = DIRECTION('',(1.,0.));
#12254 = ( GEOMETRIC_REPRESENTATION_CONTEXT(2) 
PARAMETRIC_REPRESENTATION_CONTEXT() REPRESENTATION_CONTEXT('2D SPACE',''
  ) );
#12255 = ORIENTED_EDGE('',*,*,#12256,.F.);
#12256 = EDGE_CURVE('',#11999,#12228,#12257,.T.);
#12257 = SURFACE_CURVE('',#12258,(#12263,#12270),.PCURVE_S1.);
#12258 = CIRCLE('',#12259,6.477);
#12259 = AXIS2_PLACEMENT_3D('',#12260,#12261,#12262);
#12260 = CARTESIAN_POINT('',(0.,0.21,0.));
#12261 = DIRECTION('',(-0.,1.,0.));
#12262 = DIRECTION('',(0.866025403784,0.,0.5));
#12263 = PCURVE('',#12040,#12264);
#12264 = DEFINITIONAL_REPRESENTATION('',(#12265),#12269);
#12265 = CIRCLE('',#12266,6.477);
#12266 = AXIS2_PLACEMENT_2D('',#12267,#12268);
#12267 = CARTESIAN_POINT('',(250.,250.));
#12268 = DIRECTION('',(1.,0.));
#12269 = ( GEOMETRIC_REPRESENTATION_CONTEXT(2) 
PARAMETRIC_REPRESENTATION_CONTEXT() REPRESENTATION_CONTEXT('2D SPACE',''
  ) );
#12270 = PCURVE('',#12014,#12271);
#12271 = DEFINITIONAL_REPRESENTATION('',(#12272),#12276);
#12272 = LINE('',#12273,#12274);
#12273 = CARTESIAN_POINT('',(0.,50.21));
#12274 = VECTOR('',#12275,1.);
#12275 = DIRECTION('',(1.,0.));
#12276 = ( GEOMETRIC_REPRESENTATION_CONTEXT(2) 
PARAMETRIC_REPRESENTATION_CONTEXT() REPRESENTATION_CONTEXT('2D SPACE',''
  ) );
#12277 = ORIENTED_EDGE('',*,*,#12026,.T.);
#12278 = ORIENTED_EDGE('',*,*,#12279,.T.);
#12279 = EDGE_CURVE('',#11938,#12280,#12282,.T.);
#12280 = VERTEX_POINT('',#12281);
#12281 = CARTESIAN_POINT('',(18.186533479473,0.21,10.5));
#12282 = SURFACE_CURVE('',#12283,(#12288,#12295),.PCURVE_S1.);
#12283 = CIRCLE('',#12284,21.);
#12284 = AXIS2_PLACEMENT_3D('',#12285,#12286,#12287);
#12285 = CARTESIAN_POINT('',(0.,0.21,0.));
#12286 = DIRECTION('',(-0.,1.,0.));
#12287 = DIRECTION('',(0.866025403784,0.,0.5));
#12288 = PCURVE('',#12040,#12289);
#12289 = DEFINITIONAL_REPRESENTATION('',(#12290),#12294);
#12290 = CIRCLE('',#12291,21.);
#12291 = AXIS2_PLACEMENT_2D('',#12292,#12293);
#12292 = CARTESIAN_POINT('',(250.,250.));
#12293 = DIRECTION('',(1.,0.));
#12294 = ( GEOMETRIC_REPRESENTATION_CONTEXT(2) 
PARAMETRIC_REPRESENTATION_CONTEXT() REPRESENTATION_CONTEXT('2D SPACE',''
  ) );
#12295 = PCURVE('',#12156,#12296);
#12296 = DEFINITIONAL_REPRESENTATION('',(#12297),#12301);
#12297 = LINE('',#12298,#12299);
#12298 = CARTESIAN_POINT('',(0.,50.21));
#12299 = VECTOR('',#12300,1.);
#12300 = DIRECTION('',(1.,0.));
#12301 = ( GEOMETRIC_REPRESENTATION_CONTEXT(2) 
PARAMETRIC_REPRESENTATION_CONTEXT() REPRESENTATION_CONTEXT('2D SPACE',''
  ) );
#12302 = ORIENTED_EDGE('',*,*,#12303,.T.);
#12303 = EDGE_CURVE('',#12280,#12198,#12304,.T.);
#12304 = SURFACE_CURVE('',#12305,(#12310,#12317),.PCURVE_S1.);
#12305 = CIRCLE('',#12306,21.);
#12306 = AXIS2_PLACEMENT_3D('',#12307,#12308,#12309);
#12307 = CARTESIAN_POINT('',(0.,0.21,0.));
#12308 = DIRECTION('',(-0.,1.,0.));
#12309 = DIRECTION('',(0.866025403784,0.,0.5));
#12310 = PCURVE('',#12040,#12311);
#12311 = DEFINITIONAL_REPRESENTATION('',(#12312),#12316);
#12312 = CIRCLE('',#12313,21.);
#12313 = AXIS2_PLACEMENT_2D('',#12314,#12315);
#12314 = CARTESIAN_POINT('',(250.,250.));
#12315 = DIRECTION('',(1.,0.));
#12316 = ( GEOMETRIC_REPRESENTATION_CONTEXT(2) 
PARAMETRIC_REPRESENTATION_CONTEXT() REPRESENTATION_CONTEXT('2D SPACE',''
  ) );
#12317 = PCURVE('',#12318,#12323);
#12318 = CYLINDRICAL_SURFACE('',#12319,21.);
#12319 = AXIS2_PLACEMENT_3D('',#12320,#12321,#12322);
#12320 = CARTESIAN_POINT('',(0.,-50.,0.));
#12321 = DIRECTION('',(0.,1.,0.));
#12322 = DIRECTION('',(0.866025403784,0.,0.5));
#12323 = DEFINITIONAL_REPRESENTATION('',(#12324),#12328);
#12324 = LINE('',#12325,#12326);
#12325 = CARTESIAN_POINT('',(0.,50.21));
#12326 = VECTOR('',#12327,1.);
#12327 = DIRECTION('',(1.,0.));
#12328 = ( GEOMETRIC_REPRESENTATION_CONTEXT(2) 
PARAMETRIC_REPRESENTATION_CONTEXT() REPRESENTATION_CONTEXT('2D SPACE',''
  ) );
#12329 = ADVANCED_FACE('',(#12330),#12014,.F.);
#12330 = FACE_BOUND('',#12331,.F.);
#12331 = EDGE_LOOP('',(#12332,#12355,#12356,#12357));
#12332 = ORIENTED_EDGE('',*,*,#12333,.T.);
#12333 = EDGE_CURVE('',#12334,#12228,#12336,.T.);
#12334 = VERTEX_POINT('',#12335);
#12335 = CARTESIAN_POINT('',(5.609246540312,-0.21,3.2385));
#12336 = SURFACE_CURVE('',#12337,(#12341,#12348),.PCURVE_S1.);
#12337 = LINE('',#12338,#12339);
#12338 = CARTESIAN_POINT('',(5.609246540312,-50.,3.2385));
#12339 = VECTOR('',#12340,1.);
#12340 = DIRECTION('',(0.,1.,0.));
#12341 = PCURVE('',#12014,#12342);
#12342 = DEFINITIONAL_REPRESENTATION('',(#12343),#12347);
#12343 = LINE('',#12344,#12345);
#12344 = CARTESIAN_POINT('',(6.28318530718,-0.));
#12345 = VECTOR('',#12346,1.);
#12346 = DIRECTION('',(0.,1.));
#12347 = ( GEOMETRIC_REPRESENTATION_CONTEXT(2) 
PARAMETRIC_REPRESENTATION_CONTEXT() REPRESENTATION_CONTEXT('2D SPACE',''
  ) );
#12348 = PCURVE('',#12244,#12349);
#12349 = DEFINITIONAL_REPRESENTATION('',(#12350),#12354);
#12350 = LINE('',#12351,#12352);
#12351 = CARTESIAN_POINT('',(0.,-0.));
#12352 = VECTOR('',#12353,1.);
#12353 = DIRECTION('',(0.,1.));
#12354 = ( GEOMETRIC_REPRESENTATION_CONTEXT(2) 
PARAMETRIC_REPRESENTATION_CONTEXT() REPRESENTATION_CONTEXT('2D SPACE',''
  ) );
#12355 = ORIENTED_EDGE('',*,*,#12256,.F.);
#12356 = ORIENTED_EDGE('',*,*,#11998,.F.);
#12357 = ORIENTED_EDGE('',*,*,#12358,.T.);
#12358 = EDGE_CURVE('',#11971,#12334,#12359,.T.);
#12359 = SURFACE_CURVE('',#12360,(#12365,#12372),.PCURVE_S1.);
#12360 = CIRCLE('',#12361,6.477);
#12361 = AXIS2_PLACEMENT_3D('',#12362,#12363,#12364);
#12362 = CARTESIAN_POINT('',(0.,-0.21,0.));
#12363 = DIRECTION('',(-0.,1.,0.));
#12364 = DIRECTION('',(0.866025403784,0.,0.5));
#12365 = PCURVE('',#12014,#12366);
#12366 = DEFINITIONAL_REPRESENTATION('',(#12367),#12371);
#12367 = LINE('',#12368,#12369);
#12368 = CARTESIAN_POINT('',(0.,49.79));
#12369 = VECTOR('',#12370,1.);
#12370 = DIRECTION('',(1.,0.));
#12371 = ( GEOMETRIC_REPRESENTATION_CONTEXT(2) 
PARAMETRIC_REPRESENTATION_CONTEXT() REPRESENTATION_CONTEXT('2D SPACE',''
  ) );
#12372 = PCURVE('',#11986,#12373);
#12373 = DEFINITIONAL_REPRESENTATION('',(#12374),#12378);
#12374 = CIRCLE('',#12375,6.477);
#12375 = AXIS2_PLACEMENT_2D('',#12376,#12377);
#12376 = CARTESIAN_POINT('',(250.,250.));
#12377 = DIRECTION('',(1.,0.));
#12378 = ( GEOMETRIC_REPRESENTATION_CONTEXT(2) 
PARAMETRIC_REPRESENTATION_CONTEXT() REPRESENTATION_CONTEXT('2D SPACE',''
  ) );
#12379 = ADVANCED_FACE('',(#12380),#11986,.F.);
#12380 = FACE_BOUND('',#12381,.F.);
#12381 = EDGE_LOOP('',(#12382,#12407,#12429,#12430,#12431,#12455));
#12382 = ORIENTED_EDGE('',*,*,#12383,.T.);
#12383 = EDGE_CURVE('',#12384,#12386,#12388,.T.);
#12384 = VERTEX_POINT('',#12385);
#12385 = CARTESIAN_POINT('',(20.510170175109,-0.21,4.509203853016));
#12386 = VERTEX_POINT('',#12387);
#12387 = CARTESIAN_POINT('',(4.280337844281,-0.21,-4.86109421209));
#12388 = SURFACE_CURVE('',#12389,(#12393,#12400),.PCURVE_S1.);
#12389 = LINE('',#12390,#12391);
#12390 = CARTESIAN_POINT('',(-150.5445091717,-0.21,-94.24926131403));
#12391 = VECTOR('',#12392,1.);
#12392 = DIRECTION('',(-0.866025403784,0.,-0.5));
#12393 = PCURVE('',#11986,#12394);
#12394 = DEFINITIONAL_REPRESENTATION('',(#12395),#12399);
#12395 = LINE('',#12396,#12397);
#12396 = CARTESIAN_POINT('',(72.5,256.35));
#12397 = VECTOR('',#12398,1.);
#12398 = DIRECTION('',(-1.,0.));
#12399 = ( GEOMETRIC_REPRESENTATION_CONTEXT(2) 
PARAMETRIC_REPRESENTATION_CONTEXT() REPRESENTATION_CONTEXT('2D SPACE',''
  ) );
#12400 = PCURVE('',#12215,#12401);
#12401 = DEFINITIONAL_REPRESENTATION('',(#12402),#12406);
#12402 = LINE('',#12403,#12404);
#12403 = CARTESIAN_POINT('',(-72.5,-0.21));
#12404 = VECTOR('',#12405,1.);
#12405 = DIRECTION('',(-1.,0.));
#12406 = ( GEOMETRIC_REPRESENTATION_CONTEXT(2) 
PARAMETRIC_REPRESENTATION_CONTEXT() REPRESENTATION_CONTEXT('2D SPACE',''
  ) );
#12407 = ORIENTED_EDGE('',*,*,#12408,.F.);
#12408 = EDGE_CURVE('',#12334,#12386,#12409,.T.);
#12409 = SURFACE_CURVE('',#12410,(#12415,#12422),.PCURVE_S1.);
#12410 = CIRCLE('',#12411,6.477);
#12411 = AXIS2_PLACEMENT_3D('',#12412,#12413,#12414);
#12412 = CARTESIAN_POINT('',(0.,-0.21,0.));
#12413 = DIRECTION('',(-0.,1.,0.));
#12414 = DIRECTION('',(0.866025403784,0.,0.5));
#12415 = PCURVE('',#11986,#12416);
#12416 = DEFINITIONAL_REPRESENTATION('',(#12417),#12421);
#12417 = CIRCLE('',#12418,6.477);
#12418 = AXIS2_PLACEMENT_2D('',#12419,#12420);
#12419 = CARTESIAN_POINT('',(250.,250.));
#12420 = DIRECTION('',(1.,0.));
#12421 = ( GEOMETRIC_REPRESENTATION_CONTEXT(2) 
PARAMETRIC_REPRESENTATION_CONTEXT() REPRESENTATION_CONTEXT('2D SPACE',''
  ) );
#12422 = PCURVE('',#12244,#12423);
#12423 = DEFINITIONAL_REPRESENTATION('',(#12424),#12428);
#12424 = LINE('',#12425,#12426);
#12425 = CARTESIAN_POINT('',(0.,49.79));
#12426 = VECTOR('',#12427,1.);
#12427 = DIRECTION('',(1.,0.));
#12428 = ( GEOMETRIC_REPRESENTATION_CONTEXT(2) 
PARAMETRIC_REPRESENTATION_CONTEXT() REPRESENTATION_CONTEXT('2D SPACE',''
  ) );
#12429 = ORIENTED_EDGE('',*,*,#12358,.F.);
#12430 = ORIENTED_EDGE('',*,*,#11970,.T.);
#12431 = ORIENTED_EDGE('',*,*,#12432,.T.);
#12432 = EDGE_CURVE('',#11936,#12433,#12435,.T.);
#12433 = VERTEX_POINT('',#12434);
#12434 = CARTESIAN_POINT('',(18.186533479473,-0.21,10.5));
#12435 = SURFACE_CURVE('',#12436,(#12441,#12448),.PCURVE_S1.);
#12436 = CIRCLE('',#12437,21.);
#12437 = AXIS2_PLACEMENT_3D('',#12438,#12439,#12440);
#12438 = CARTESIAN_POINT('',(0.,-0.21,0.));
#12439 = DIRECTION('',(-0.,1.,0.));
#12440 = DIRECTION('',(0.866025403784,0.,0.5));
#12441 = PCURVE('',#11986,#12442);
#12442 = DEFINITIONAL_REPRESENTATION('',(#12443),#12447);
#12443 = CIRCLE('',#12444,21.);
#12444 = AXIS2_PLACEMENT_2D('',#12445,#12446);
#12445 = CARTESIAN_POINT('',(250.,250.));
#12446 = DIRECTION('',(1.,0.));
#12447 = ( GEOMETRIC_REPRESENTATION_CONTEXT(2) 
PARAMETRIC_REPRESENTATION_CONTEXT() REPRESENTATION_CONTEXT('2D SPACE',''
  ) );
#12448 = PCURVE('',#12127,#12449);
#12449 = DEFINITIONAL_REPRESENTATION('',(#12450),#12454);
#12450 = LINE('',#12451,#12452);
#12451 = CARTESIAN_POINT('',(0.,49.79));
#12452 = VECTOR('',#12453,1.);
#12453 = DIRECTION('',(1.,0.));
#12454 = ( GEOMETRIC_REPRESENTATION_CONTEXT(2) 
PARAMETRIC_REPRESENTATION_CONTEXT() REPRESENTATION_CONTEXT('2D SPACE',''
  ) );
#12455 = ORIENTED_EDGE('',*,*,#12456,.T.);
#12456 = EDGE_CURVE('',#12433,#12384,#12457,.T.);
#12457 = SURFACE_CURVE('',#12458,(#12463,#12470),.PCURVE_S1.);
#12458 = CIRCLE('',#12459,21.);
#12459 = AXIS2_PLACEMENT_3D('',#12460,#12461,#12462);
#12460 = CARTESIAN_POINT('',(0.,-0.21,0.));
#12461 = DIRECTION('',(-0.,1.,0.));
#12462 = DIRECTION('',(0.866025403784,0.,0.5));
#12463 = PCURVE('',#11986,#12464);
#12464 = DEFINITIONAL_REPRESENTATION('',(#12465),#12469);
#12465 = CIRCLE('',#12466,21.);
#12466 = AXIS2_PLACEMENT_2D('',#12467,#12468);
#12467 = CARTESIAN_POINT('',(250.,250.));
#12468 = DIRECTION('',(1.,0.));
#12469 = ( GEOMETRIC_REPRESENTATION_CONTEXT(2) 
PARAMETRIC_REPRESENTATION_CONTEXT() REPRESENTATION_CONTEXT('2D SPACE',''
  ) );
#12470 = PCURVE('',#12471,#12476);
#12471 = CYLINDRICAL_SURFACE('',#12472,21.);
#12472 = AXIS2_PLACEMENT_3D('',#12473,#12474,#12475);
#12473 = CARTESIAN_POINT('',(0.,-50.,0.));
#12474 = DIRECTION('',(0.,1.,0.));
#12475 = DIRECTION('',(0.866025403784,0.,0.5));
#12476 = DEFINITIONAL_REPRESENTATION('',(#12477),#12481);
#12477 = LINE('',#12478,#12479);
#12478 = CARTESIAN_POINT('',(0.,49.79));
#12479 = VECTOR('',#12480,1.);
#12480 = DIRECTION('',(1.,0.));
#12481 = ( GEOMETRIC_REPRESENTATION_CONTEXT(2) 
PARAMETRIC_REPRESENTATION_CONTEXT() REPRESENTATION_CONTEXT('2D SPACE',''
  ) );
#12482 = ADVANCED_FACE('',(#12483),#12073,.F.);
#12483 = FACE_BOUND('',#12484,.F.);
#12484 = EDGE_LOOP('',(#12485,#12520,#12548,#12570,#12571,#12599));
#12485 = ORIENTED_EDGE('',*,*,#12486,.T.);
#12486 = EDGE_CURVE('',#12487,#12489,#12491,.T.);
#12487 = VERTEX_POINT('',#12488);
#12488 = CARTESIAN_POINT('',(89.557852068858,1.5875,54.88125));
#12489 = VERTEX_POINT('',#12490);
#12490 = CARTESIAN_POINT('',(89.557852068858,-1.5875,54.88125));
#12491 = SURFACE_CURVE('',#12492,(#12497,#12508),.PCURVE_S1.);
#12492 = CIRCLE('',#12493,3.175);
#12493 = AXIS2_PLACEMENT_3D('',#12494,#12495,#12496);
#12494 = CARTESIAN_POINT('',(90.932667397366,0.,52.5));
#12495 = DIRECTION('',(0.866025403784,-0.,0.5));
#12496 = DIRECTION('',(0.5,0.,-0.866025403784));
#12497 = PCURVE('',#12073,#12498);
#12498 = DEFINITIONAL_REPRESENTATION('',(#12499),#12507);
#12499 = ( BOUNDED_CURVE() B_SPLINE_CURVE(2,(#12500,#12501,#12502,#12503
    ,#12504,#12505,#12506),.UNSPECIFIED.,.T.,.F.) 
B_SPLINE_CURVE_WITH_KNOTS((1,2,2,2,2,1),(-2.094395102393,0.,
    2.094395102393,4.188790204786,6.28318530718,8.377580409573),
.UNSPECIFIED.) CURVE() GEOMETRIC_REPRESENTATION_ITEM() 
RATIONAL_B_SPLINE_CURVE((1.,0.5,1.,0.5,1.,0.5,1.)) REPRESENTATION_ITEM(
  '') );
#12500 = CARTESIAN_POINT('',(3.175,0.));
#12501 = CARTESIAN_POINT('',(3.175,5.499261314031));
#12502 = CARTESIAN_POINT('',(7.9375,2.749630657016));
#12503 = CARTESIAN_POINT('',(12.7,7.776507174586E-16));
#12504 = CARTESIAN_POINT('',(7.9375,-2.749630657016));
#12505 = CARTESIAN_POINT('',(3.175,-5.499261314031));
#12506 = CARTESIAN_POINT('',(3.175,0.));
#12507 = ( GEOMETRIC_REPRESENTATION_CONTEXT(2) 
PARAMETRIC_REPRESENTATION_CONTEXT() REPRESENTATION_CONTEXT('2D SPACE',''
  ) );
#12508 = PCURVE('',#12509,#12514);
#12509 = CYLINDRICAL_SURFACE('',#12510,3.175);
#12510 = AXIS2_PLACEMENT_3D('',#12511,#12512,#12513);
#12511 = CARTESIAN_POINT('',(43.301270189222,0.,25.));
#12512 = DIRECTION('',(0.866025403784,0.,0.5));
#12513 = DIRECTION('',(0.5,0.,-0.866025403784));
#12514 = DEFINITIONAL_REPRESENTATION('',(#12515),#12519);
#12515 = LINE('',#12516,#12517);
#12516 = CARTESIAN_POINT('',(0.,55.));
#12517 = VECTOR('',#12518,1.);
#12518 = DIRECTION('',(1.,0.));
#12519 = ( GEOMETRIC_REPRESENTATION_CONTEXT(2) 
PARAMETRIC_REPRESENTATION_CONTEXT() REPRESENTATION_CONTEXT('2D SPACE',''
  ) );
#12520 = ORIENTED_EDGE('',*,*,#12521,.T.);
#12521 = EDGE_CURVE('',#12489,#12522,#12524,.T.);
#12522 = VERTEX_POINT('',#12523);
#12523 = CARTESIAN_POINT('',(88.357667397366,-1.5875,56.96003082949));
#12524 = SURFACE_CURVE('',#12525,(#12529,#12536),.PCURVE_S1.);
#12525 = LINE('',#12526,#12527);
#12526 = CARTESIAN_POINT('',(94.107667397366,-1.5875,47.000738685969));
#12527 = VECTOR('',#12528,1.);
#12528 = DIRECTION('',(-0.5,0.,0.866025403784));
#12529 = PCURVE('',#12073,#12530);
#12530 = DEFINITIONAL_REPRESENTATION('',(#12531),#12535);
#12531 = LINE('',#12532,#12533);
#12532 = CARTESIAN_POINT('',(0.,-1.5875));
#12533 = VECTOR('',#12534,1.);
#12534 = DIRECTION('',(1.,0.));
#12535 = ( GEOMETRIC_REPRESENTATION_CONTEXT(2) 
PARAMETRIC_REPRESENTATION_CONTEXT() REPRESENTATION_CONTEXT('2D SPACE',''
  ) );
#12536 = PCURVE('',#12537,#12542);
#12537 = PLANE('',#12538);
#12538 = AXIS2_PLACEMENT_3D('',#12539,#12540,#12541);
#12539 = CARTESIAN_POINT('',(0.,-1.5875,0.));
#12540 = DIRECTION('',(-0.,-1.,0.));
#12541 = DIRECTION('',(-0.866025403784,0.,-0.5));
#12542 = DEFINITIONAL_REPRESENTATION('',(#12543),#12547);
#12543 = LINE('',#12544,#12545);
#12544 = CARTESIAN_POINT('',(-105.,6.35));
#12545 = VECTOR('',#12546,1.);
#12546 = DIRECTION('',(0.,-1.));
#12547 = ( GEOMETRIC_REPRESENTATION_CONTEXT(2) 
PARAMETRIC_REPRESENTATION_CONTEXT() REPRESENTATION_CONTEXT('2D SPACE',''
  ) );
#12548 = ORIENTED_EDGE('',*,*,#12549,.T.);
#12549 = EDGE_CURVE('',#12522,#12056,#12550,.T.);
#12550 = SURFACE_CURVE('',#12551,(#12556,#12563),.PCURVE_S1.);
#12551 = CIRCLE('',#12552,1.2);
#12552 = AXIS2_PLACEMENT_3D('',#12553,#12554,#12555);
#12553 = CARTESIAN_POINT('',(88.357667397366,-0.3875,56.96003082949));
#12554 = DIRECTION('',(-0.866025403784,0.,-0.5));
#12555 = DIRECTION('',(0.,1.,0.));
#12556 = PCURVE('',#12073,#12557);
#12557 = DEFINITIONAL_REPRESENTATION('',(#12558),#12562);
#12558 = CIRCLE('',#12559,1.2);
#12559 = AXIS2_PLACEMENT_2D('',#12560,#12561);
#12560 = CARTESIAN_POINT('',(11.5,-0.3875));
#12561 = DIRECTION('',(0.,1.));
#12562 = ( GEOMETRIC_REPRESENTATION_CONTEXT(2) 
PARAMETRIC_REPRESENTATION_CONTEXT() REPRESENTATION_CONTEXT('2D SPACE',''
  ) );
#12563 = PCURVE('',#12101,#12564);
#12564 = DEFINITIONAL_REPRESENTATION('',(#12565),#12569);
#12565 = LINE('',#12566,#12567);
#12566 = CARTESIAN_POINT('',(-3.14159265359,0.));
#12567 = VECTOR('',#12568,1.);
#12568 = DIRECTION('',(1.,0.));
#12569 = ( GEOMETRIC_REPRESENTATION_CONTEXT(2) 
PARAMETRIC_REPRESENTATION_CONTEXT() REPRESENTATION_CONTEXT('2D SPACE',''
  ) );
#12570 = ORIENTED_EDGE('',*,*,#12055,.T.);
#12571 = ORIENTED_EDGE('',*,*,#12572,.F.);
#12572 = EDGE_CURVE('',#12573,#12058,#12575,.T.);
#12573 = VERTEX_POINT('',#12574);
#12574 = CARTESIAN_POINT('',(88.357667397366,1.5875,56.96003082949));
#12575 = SURFACE_CURVE('',#12576,(#12581,#12592),.PCURVE_S1.);
#12576 = CIRCLE('',#12577,1.2);
#12577 = AXIS2_PLACEMENT_3D('',#12578,#12579,#12580);
#12578 = CARTESIAN_POINT('',(88.357667397366,0.3875,56.96003082949));
#12579 = DIRECTION('',(0.866025403784,-0.,0.5));
#12580 = DIRECTION('',(0.,1.,0.));
#12581 = PCURVE('',#12073,#12582);
#12582 = DEFINITIONAL_REPRESENTATION('',(#12583),#12591);
#12583 = ( BOUNDED_CURVE() B_SPLINE_CURVE(2,(#12584,#12585,#12586,#12587
    ,#12588,#12589,#12590),.UNSPECIFIED.,.T.,.F.) 
B_SPLINE_CURVE_WITH_KNOTS((1,2,2,2,2,1),(-2.094395102393,0.,
    2.094395102393,4.188790204786,6.28318530718,8.377580409573),
.UNSPECIFIED.) CURVE() GEOMETRIC_REPRESENTATION_ITEM() 
RATIONAL_B_SPLINE_CURVE((1.,0.5,1.,0.5,1.,0.5,1.)) REPRESENTATION_ITEM(
  '') );
#12584 = CARTESIAN_POINT('',(11.5,1.5875));
#12585 = CARTESIAN_POINT('',(13.578460969083,1.5875));
#12586 = CARTESIAN_POINT('',(12.539230484541,-0.2125));
#12587 = CARTESIAN_POINT('',(11.5,-2.0125));
#12588 = CARTESIAN_POINT('',(10.460769515459,-0.2125));
#12589 = CARTESIAN_POINT('',(9.421539030917,1.5875));
#12590 = CARTESIAN_POINT('',(11.5,1.5875));
#12591 = ( GEOMETRIC_REPRESENTATION_CONTEXT(2) 
PARAMETRIC_REPRESENTATION_CONTEXT() REPRESENTATION_CONTEXT('2D SPACE',''
  ) );
#12592 = PCURVE('',#12182,#12593);
#12593 = DEFINITIONAL_REPRESENTATION('',(#12594),#12598);
#12594 = LINE('',#12595,#12596);
#12595 = CARTESIAN_POINT('',(-0.,0.));
#12596 = VECTOR('',#12597,1.);
#12597 = DIRECTION('',(-1.,0.));
#12598 = ( GEOMETRIC_REPRESENTATION_CONTEXT(2) 
PARAMETRIC_REPRESENTATION_CONTEXT() REPRESENTATION_CONTEXT('2D SPACE',''
  ) );
#12599 = ORIENTED_EDGE('',*,*,#12600,.F.);
#12600 = EDGE_CURVE('',#12487,#12573,#12601,.T.);
#12601 = SURFACE_CURVE('',#12602,(#12606,#12613),.PCURVE_S1.);
#12602 = LINE('',#12603,#12604);
#12603 = CARTESIAN_POINT('',(94.107667397366,1.5875,47.000738685969));
#12604 = VECTOR('',#12605,1.);
#12605 = DIRECTION('',(-0.5,0.,0.866025403784));
#12606 = PCURVE('',#12073,#12607);
#12607 = DEFINITIONAL_REPRESENTATION('',(#12608),#12612);
#12608 = LINE('',#12609,#12610);
#12609 = CARTESIAN_POINT('',(0.,1.5875));
#12610 = VECTOR('',#12611,1.);
#12611 = DIRECTION('',(1.,0.));
#12612 = ( GEOMETRIC_REPRESENTATION_CONTEXT(2) 
PARAMETRIC_REPRESENTATION_CONTEXT() REPRESENTATION_CONTEXT('2D SPACE',''
  ) );
#12613 = PCURVE('',#12614,#12619);
#12614 = PLANE('',#12615);
#12615 = AXIS2_PLACEMENT_3D('',#12616,#12617,#12618);
#12616 = CARTESIAN_POINT('',(0.,1.5875,0.));
#12617 = DIRECTION('',(-0.,-1.,0.));
#12618 = DIRECTION('',(-0.866025403784,0.,-0.5));
#12619 = DEFINITIONAL_REPRESENTATION('',(#12620),#12624);
#12620 = LINE('',#12621,#12622);
#12621 = CARTESIAN_POINT('',(-105.,6.35));
#12622 = VECTOR('',#12623,1.);
#12623 = DIRECTION('',(0.,-1.));
#12624 = ( GEOMETRIC_REPRESENTATION_CONTEXT(2) 
PARAMETRIC_REPRESENTATION_CONTEXT() REPRESENTATION_CONTEXT('2D SPACE',''
  ) );
#12625 = ADVANCED_FACE('',(#12626),#12182,.T.);
#12626 = FACE_BOUND('',#12627,.F.);
#12627 = EDGE_LOOP('',(#12628,#12651,#12652,#12653));
#12628 = ORIENTED_EDGE('',*,*,#12629,.F.);
#12629 = EDGE_CURVE('',#12573,#12630,#12632,.T.);
#12630 = VERTEX_POINT('',#12631);
#12631 = CARTESIAN_POINT('',(15.056169133101,1.5875,14.639391074613));
#12632 = SURFACE_CURVE('',#12633,(#12637,#12644),.PCURVE_S1.);
#12633 = LINE('',#12634,#12635);
#12634 = CARTESIAN_POINT('',(88.357667397366,1.5875,56.96003082949));
#12635 = VECTOR('',#12636,1.);
#12636 = DIRECTION('',(-0.866025403784,0.,-0.5));
#12637 = PCURVE('',#12182,#12638);
#12638 = DEFINITIONAL_REPRESENTATION('',(#12639),#12643);
#12639 = LINE('',#12640,#12641);
#12640 = CARTESIAN_POINT('',(-0.,0.));
#12641 = VECTOR('',#12642,1.);
#12642 = DIRECTION('',(-0.,1.));
#12643 = ( GEOMETRIC_REPRESENTATION_CONTEXT(2) 
PARAMETRIC_REPRESENTATION_CONTEXT() REPRESENTATION_CONTEXT('2D SPACE',''
  ) );
#12644 = PCURVE('',#12614,#12645);
#12645 = DEFINITIONAL_REPRESENTATION('',(#12646),#12650);
#12646 = LINE('',#12647,#12648);
#12647 = CARTESIAN_POINT('',(-105.,-5.15));
#12648 = VECTOR('',#12649,1.);
#12649 = DIRECTION('',(1.,0.));
#12650 = ( GEOMETRIC_REPRESENTATION_CONTEXT(2) 
PARAMETRIC_REPRESENTATION_CONTEXT() REPRESENTATION_CONTEXT('2D SPACE',''
  ) );
#12651 = ORIENTED_EDGE('',*,*,#12572,.T.);
#12652 = ORIENTED_EDGE('',*,*,#12168,.T.);
#12653 = ORIENTED_EDGE('',*,*,#12654,.F.);
#12654 = EDGE_CURVE('',#12630,#12141,#12655,.T.);
#12655 = SURFACE_CURVE('',#12656,(#12671,#12689),.PCURVE_S1.);
#12656 = B_SPLINE_CURVE_WITH_KNOTS('',7,(#12657,#12658,#12659,#12660,
    #12661,#12662,#12663,#12664,#12665,#12666,#12667,#12668,#12669,
    #12670),.UNSPECIFIED.,.F.,.F.,(8,6,8),(0.,0.467996526441,1.),
  .UNSPECIFIED.);
#12657 = CARTESIAN_POINT('',(15.056169133101,1.5875,14.639391074613));
#12658 = CARTESIAN_POINT('',(14.954214568236,1.5875,14.744248248294));
#12659 = CARTESIAN_POINT('',(14.852567228472,1.567955078386,
    14.847085586653));
#12660 = CARTESIAN_POINT('',(14.753705732239,1.529809619862,
    14.945419501685));
#12661 = CARTESIAN_POINT('',(14.660051473067,1.474786529007,
    15.037082414393));
#12662 = CARTESIAN_POINT('',(14.573787629739,1.405326444202,
    15.120330354043));
#12663 = CARTESIAN_POINT('',(14.496628759132,1.324519285639,
    15.193955409707));
#12664 = CARTESIAN_POINT('',(14.353277722121,1.135434232192,
    15.329528262916));
#12665 = CARTESIAN_POINT('',(14.289134752614,1.023731112399,
    15.389348328264));
#12666 = CARTESIAN_POINT('',(14.237585735171,0.903901530863,
    15.436914152665));
#12667 = CARTESIAN_POINT('',(14.198862996652,0.778358732895,
    15.472395964051));
#12668 = CARTESIAN_POINT('',(14.173057057729,0.649194486415,
    15.495959400096));
#12669 = CARTESIAN_POINT('',(14.160170175109,0.518302989785,
    15.507726481079));
#12670 = CARTESIAN_POINT('',(14.160170175109,0.3875,15.507726481079));
#12671 = PCURVE('',#12182,#12672);
#12672 = DEFINITIONAL_REPRESENTATION('',(#12673),#12688);
#12673 = B_SPLINE_CURVE_WITH_KNOTS('',7,(#12674,#12675,#12676,#12677,
    #12678,#12679,#12680,#12681,#12682,#12683,#12684,#12685,#12686,
    #12687),.UNSPECIFIED.,.F.,.F.,(8,6,8),(0.,0.467996526441,1.),
  .UNSPECIFIED.);
#12674 = CARTESIAN_POINT('',(0.,84.641279509753));
#12675 = CARTESIAN_POINT('',(-0.118155215508,84.677146166117));
#12676 = CARTESIAN_POINT('',(-0.234724088423,84.7137566754));
#12677 = CARTESIAN_POINT('',(-0.34957928146,84.750206285079));
#12678 = CARTESIAN_POINT('',(-0.462507787099,84.78548179634));
#12679 = CARTESIAN_POINT('',(-0.573190061809,84.818564506265));
#12680 = CARTESIAN_POINT('',(-0.681110345101,84.848573520506));
#12681 = CARTESIAN_POINT('',(-0.903949217623,84.904932733612));
#12682 = CARTESIAN_POINT('',(-1.019196135823,84.930572142006));
#12683 = CARTESIAN_POINT('',(-1.131988118931,84.951431988451));
#12684 = CARTESIAN_POINT('',(-1.242964897502,84.967225958019));
#12685 = CARTESIAN_POINT('',(-1.352717713609,84.977792838672));
#12686 = CARTESIAN_POINT('',(-1.461793835307,84.983069665905));
#12687 = CARTESIAN_POINT('',(-1.570796326795,84.983069665905));
#12688 = ( GEOMETRIC_REPRESENTATION_CONTEXT(2) 
PARAMETRIC_REPRESENTATION_CONTEXT() REPRESENTATION_CONTEXT('2D SPACE',''
  ) );
#12689 = PCURVE('',#12156,#12690);
#12690 = DEFINITIONAL_REPRESENTATION('',(#12691),#12706);
#12691 = B_SPLINE_CURVE_WITH_KNOTS('',7,(#12692,#12693,#12694,#12695,
    #12696,#12697,#12698,#12699,#12700,#12701,#12702,#12703,#12704,
    #12705),.UNSPECIFIED.,.F.,.F.,(8,6,8),(0.,0.467996526441,1.),
  .UNSPECIFIED.);
#12692 = CARTESIAN_POINT('',(6.03542002727,51.5875));
#12693 = CARTESIAN_POINT('',(6.028455627976,51.5875));
#12694 = CARTESIAN_POINT('',(6.021570386265,51.567955078386));
#12695 = CARTESIAN_POINT('',(6.014930824552,51.529809619862));
#12696 = CARTESIAN_POINT('',(6.008690820584,51.474786529007));
#12697 = CARTESIAN_POINT('',(6.002982310044,51.405326444202));
#12698 = CARTESIAN_POINT('',(5.997903807026,51.324519285639));
#12699 = CARTESIAN_POINT('',(5.988508300026,51.135434232192));
#12700 = CARTESIAN_POINT('',(5.984331812094,51.023731112399));
#12701 = CARTESIAN_POINT('',(5.980991795424,50.903901530863));
#12702 = CARTESIAN_POINT('',(5.97849081898,50.778358732895));
#12703 = CARTESIAN_POINT('',(5.976826752051,50.649194486415));
#12704 = CARTESIAN_POINT('',(5.975995753962,50.518302989785));
#12705 = CARTESIAN_POINT('',(5.975995753962,50.3875));
#12706 = ( GEOMETRIC_REPRESENTATION_CONTEXT(2) 
PARAMETRIC_REPRESENTATION_CONTEXT() REPRESENTATION_CONTEXT('2D SPACE',''
  ) );
#12707 = ADVANCED_FACE('',(#12708),#12127,.F.);
#12708 = FACE_BOUND('',#12709,.F.);
#12709 = EDGE_LOOP('',(#12710,#12740,#12761,#12762,#12763));
#12710 = ORIENTED_EDGE('',*,*,#12711,.T.);
#12711 = EDGE_CURVE('',#12712,#12714,#12716,.T.);
#12712 = VERTEX_POINT('',#12713);
#12713 = CARTESIAN_POINT('',(15.056169133101,-1.5875,14.639391074613));
#12714 = VERTEX_POINT('',#12715);
#12715 = CARTESIAN_POINT('',(18.186533479473,-1.5875,10.5));
#12716 = SURFACE_CURVE('',#12717,(#12722,#12729),.PCURVE_S1.);
#12717 = CIRCLE('',#12718,21.);
#12718 = AXIS2_PLACEMENT_3D('',#12719,#12720,#12721);
#12719 = CARTESIAN_POINT('',(0.,-1.5875,0.));
#12720 = DIRECTION('',(-0.,1.,0.));
#12721 = DIRECTION('',(0.866025403784,0.,0.5));
#12722 = PCURVE('',#12127,#12723);
#12723 = DEFINITIONAL_REPRESENTATION('',(#12724),#12728);
#12724 = LINE('',#12725,#12726);
#12725 = CARTESIAN_POINT('',(0.,48.4125));
#12726 = VECTOR('',#12727,1.);
#12727 = DIRECTION('',(1.,0.));
#12728 = ( GEOMETRIC_REPRESENTATION_CONTEXT(2) 
PARAMETRIC_REPRESENTATION_CONTEXT() REPRESENTATION_CONTEXT('2D SPACE',''
  ) );
#12729 = PCURVE('',#12537,#12730);
#12730 = DEFINITIONAL_REPRESENTATION('',(#12731),#12739);
#12731 = ( BOUNDED_CURVE() B_SPLINE_CURVE(2,(#12732,#12733,#12734,#12735
    ,#12736,#12737,#12738),.UNSPECIFIED.,.T.,.F.) 
B_SPLINE_CURVE_WITH_KNOTS((1,2,2,2,2,1),(-2.094395102393,0.,
    2.094395102393,4.188790204786,6.28318530718,8.377580409573),
.UNSPECIFIED.) CURVE() GEOMETRIC_REPRESENTATION_ITEM() 
RATIONAL_B_SPLINE_CURVE((1.,0.5,1.,0.5,1.,0.5,1.)) REPRESENTATION_ITEM(
  '') );
#12732 = CARTESIAN_POINT('',(-21.,0.));
#12733 = CARTESIAN_POINT('',(-21.,36.373066958946));
#12734 = CARTESIAN_POINT('',(10.5,18.186533479473));
#12735 = CARTESIAN_POINT('',(42.,5.143516556419E-15));
#12736 = CARTESIAN_POINT('',(10.5,-18.18653347947));
#12737 = CARTESIAN_POINT('',(-21.,-36.37306695894));
#12738 = CARTESIAN_POINT('',(-21.,0.));
#12739 = ( GEOMETRIC_REPRESENTATION_CONTEXT(2) 
PARAMETRIC_REPRESENTATION_CONTEXT() REPRESENTATION_CONTEXT('2D SPACE',''
  ) );
#12740 = ORIENTED_EDGE('',*,*,#12741,.T.);
#12741 = EDGE_CURVE('',#12714,#12433,#12742,.T.);
#12742 = SURFACE_CURVE('',#12743,(#12747,#12754),.PCURVE_S1.);
#12743 = LINE('',#12744,#12745);
#12744 = CARTESIAN_POINT('',(18.186533479473,-50.,10.5));
#12745 = VECTOR('',#12746,1.);
#12746 = DIRECTION('',(0.,1.,0.));
#12747 = PCURVE('',#12127,#12748);
#12748 = DEFINITIONAL_REPRESENTATION('',(#12749),#12753);
#12749 = LINE('',#12750,#12751);
#12750 = CARTESIAN_POINT('',(6.28318530718,-0.));
#12751 = VECTOR('',#12752,1.);
#12752 = DIRECTION('',(0.,1.));
#12753 = ( GEOMETRIC_REPRESENTATION_CONTEXT(2) 
PARAMETRIC_REPRESENTATION_CONTEXT() REPRESENTATION_CONTEXT('2D SPACE',''
  ) );
#12754 = PCURVE('',#12471,#12755);
#12755 = DEFINITIONAL_REPRESENTATION('',(#12756),#12760);
#12756 = LINE('',#12757,#12758);
#12757 = CARTESIAN_POINT('',(0.,-0.));
#12758 = VECTOR('',#12759,1.);
#12759 = DIRECTION('',(0.,1.));
#12760 = ( GEOMETRIC_REPRESENTATION_CONTEXT(2) 
PARAMETRIC_REPRESENTATION_CONTEXT() REPRESENTATION_CONTEXT('2D SPACE',''
  ) );
#12761 = ORIENTED_EDGE('',*,*,#12432,.F.);
#12762 = ORIENTED_EDGE('',*,*,#12113,.F.);
#12763 = ORIENTED_EDGE('',*,*,#12764,.F.);
#12764 = EDGE_CURVE('',#12712,#12086,#12765,.T.);
#12765 = SURFACE_CURVE('',#12766,(#12781,#12799),.PCURVE_S1.);
#12766 = B_SPLINE_CURVE_WITH_KNOTS('',7,(#12767,#12768,#12769,#12770,
    #12771,#12772,#12773,#12774,#12775,#12776,#12777,#12778,#12779,
    #12780),.UNSPECIFIED.,.F.,.F.,(8,6,8),(0.,0.467996521509,1.),
  .UNSPECIFIED.);
#12767 = CARTESIAN_POINT('',(15.056169133101,-1.5875,14.639391074613));
#12768 = CARTESIAN_POINT('',(14.954214568236,-1.5875,14.744248248294));
#12769 = CARTESIAN_POINT('',(14.852567228472,-1.567955078386,
    14.847085586653));
#12770 = CARTESIAN_POINT('',(14.753705732239,-1.529809619862,
    14.945419501685));
#12771 = CARTESIAN_POINT('',(14.660051473067,-1.474786529007,
    15.037082414393));
#12772 = CARTESIAN_POINT('',(14.573787629739,-1.405326444202,
    15.120330354043));
#12773 = CARTESIAN_POINT('',(14.496628759132,-1.324519285639,
    15.193955409707));
#12774 = CARTESIAN_POINT('',(14.353277720611,-1.135434230199,
    15.329528264344));
#12775 = CARTESIAN_POINT('',(14.289134756526,-1.023731116705,
    15.389348324568));
#12776 = CARTESIAN_POINT('',(14.237585730899,-0.90390152932,
    15.436914156706));
#12777 = CARTESIAN_POINT('',(14.198862998862,-0.778358728339,
    15.472395961949));
#12778 = CARTESIAN_POINT('',(14.173057057282,-0.649194492221,
    15.495959400527));
#12779 = CARTESIAN_POINT('',(14.160170175109,-0.518302987492,
    15.507726481079));
#12780 = CARTESIAN_POINT('',(14.160170175109,-0.3875,15.507726481079));
#12781 = PCURVE('',#12127,#12782);
#12782 = DEFINITIONAL_REPRESENTATION('',(#12783),#12798);
#12783 = B_SPLINE_CURVE_WITH_KNOTS('',7,(#12784,#12785,#12786,#12787,
    #12788,#12789,#12790,#12791,#12792,#12793,#12794,#12795,#12796,
    #12797),.UNSPECIFIED.,.F.,.F.,(8,6,8),(0.,0.467996521509,1.),
  .UNSPECIFIED.);
#12784 = CARTESIAN_POINT('',(6.03542002727,48.4125));
#12785 = CARTESIAN_POINT('',(6.028455627976,48.4125));
#12786 = CARTESIAN_POINT('',(6.021570386265,48.432044921614));
#12787 = CARTESIAN_POINT('',(6.014930824552,48.470190380138));
#12788 = CARTESIAN_POINT('',(6.008690820584,48.525213470993));
#12789 = CARTESIAN_POINT('',(6.002982310044,48.594673555798));
#12790 = CARTESIAN_POINT('',(5.997903807026,48.675480714361));
#12791 = CARTESIAN_POINT('',(5.988508299927,48.864565769801));
#12792 = CARTESIAN_POINT('',(5.98433181235,48.976268883295));
#12793 = CARTESIAN_POINT('',(5.980991795144,49.09609847068));
#12794 = CARTESIAN_POINT('',(5.978490819125,49.221641271661));
#12795 = CARTESIAN_POINT('',(5.976826752021,49.350805507779));
#12796 = CARTESIAN_POINT('',(5.975995753962,49.481697012508));
#12797 = CARTESIAN_POINT('',(5.975995753962,49.6125));
#12798 = ( GEOMETRIC_REPRESENTATION_CONTEXT(2) 
PARAMETRIC_REPRESENTATION_CONTEXT() REPRESENTATION_CONTEXT('2D SPACE',''
  ) );
#12799 = PCURVE('',#12101,#12800);
#12800 = DEFINITIONAL_REPRESENTATION('',(#12801),#12816);
#12801 = B_SPLINE_CURVE_WITH_KNOTS('',7,(#12802,#12803,#12804,#12805,
    #12806,#12807,#12808,#12809,#12810,#12811,#12812,#12813,#12814,
    #12815),.UNSPECIFIED.,.F.,.F.,(8,6,8),(0.,0.467996521509,1.),
  .UNSPECIFIED.);
#12802 = CARTESIAN_POINT('',(0.,84.641279509753));
#12803 = CARTESIAN_POINT('',(0.118155215508,84.677146166117));
#12804 = CARTESIAN_POINT('',(0.234724088423,84.7137566754));
#12805 = CARTESIAN_POINT('',(0.34957928146,84.750206285079));
#12806 = CARTESIAN_POINT('',(0.462507787099,84.78548179634));
#12807 = CARTESIAN_POINT('',(0.573190061809,84.818564506265));
#12808 = CARTESIAN_POINT('',(0.681110345101,84.848573520506));
#12809 = CARTESIAN_POINT('',(0.903949219972,84.904932734206));
#12810 = CARTESIAN_POINT('',(1.019196130496,84.930572140465));
#12811 = CARTESIAN_POINT('',(1.131988122165,84.95143199013));
#12812 = CARTESIAN_POINT('',(1.242964900181,84.967225957156));
#12813 = CARTESIAN_POINT('',(1.352717709054,84.977792838844));
#12814 = CARTESIAN_POINT('',(1.461793837219,84.983069665905));
#12815 = CARTESIAN_POINT('',(1.570796326795,84.983069665905));
#12816 = ( GEOMETRIC_REPRESENTATION_CONTEXT(2) 
PARAMETRIC_REPRESENTATION_CONTEXT() REPRESENTATION_CONTEXT('2D SPACE',''
  ) );
#12817 = ADVANCED_FACE('',(#12818),#12156,.F.);
#12818 = FACE_BOUND('',#12819,.F.);
#12819 = EDGE_LOOP('',(#12820,#12821,#12844,#12870,#12871));
#12820 = ORIENTED_EDGE('',*,*,#12279,.T.);
#12821 = ORIENTED_EDGE('',*,*,#12822,.T.);
#12822 = EDGE_CURVE('',#12280,#12823,#12825,.T.);
#12823 = VERTEX_POINT('',#12824);
#12824 = CARTESIAN_POINT('',(18.186533479473,1.5875,10.5));
#12825 = SURFACE_CURVE('',#12826,(#12830,#12837),.PCURVE_S1.);
#12826 = LINE('',#12827,#12828);
#12827 = CARTESIAN_POINT('',(18.186533479473,-50.,10.5));
#12828 = VECTOR('',#12829,1.);
#12829 = DIRECTION('',(0.,1.,0.));
#12830 = PCURVE('',#12156,#12831);
#12831 = DEFINITIONAL_REPRESENTATION('',(#12832),#12836);
#12832 = LINE('',#12833,#12834);
#12833 = CARTESIAN_POINT('',(6.28318530718,-0.));
#12834 = VECTOR('',#12835,1.);
#12835 = DIRECTION('',(0.,1.));
#12836 = ( GEOMETRIC_REPRESENTATION_CONTEXT(2) 
PARAMETRIC_REPRESENTATION_CONTEXT() REPRESENTATION_CONTEXT('2D SPACE',''
  ) );
#12837 = PCURVE('',#12318,#12838);
#12838 = DEFINITIONAL_REPRESENTATION('',(#12839),#12843);
#12839 = LINE('',#12840,#12841);
#12840 = CARTESIAN_POINT('',(0.,-0.));
#12841 = VECTOR('',#12842,1.);
#12842 = DIRECTION('',(0.,1.));
#12843 = ( GEOMETRIC_REPRESENTATION_CONTEXT(2) 
PARAMETRIC_REPRESENTATION_CONTEXT() REPRESENTATION_CONTEXT('2D SPACE',''
  ) );
#12844 = ORIENTED_EDGE('',*,*,#12845,.F.);
#12845 = EDGE_CURVE('',#12630,#12823,#12846,.T.);
#12846 = SURFACE_CURVE('',#12847,(#12852,#12859),.PCURVE_S1.);
#12847 = CIRCLE('',#12848,21.);
#12848 = AXIS2_PLACEMENT_3D('',#12849,#12850,#12851);
#12849 = CARTESIAN_POINT('',(0.,1.5875,0.));
#12850 = DIRECTION('',(-0.,1.,0.));
#12851 = DIRECTION('',(0.866025403784,0.,0.5));
#12852 = PCURVE('',#12156,#12853);
#12853 = DEFINITIONAL_REPRESENTATION('',(#12854),#12858);
#12854 = LINE('',#12855,#12856);
#12855 = CARTESIAN_POINT('',(0.,51.5875));
#12856 = VECTOR('',#12857,1.);
#12857 = DIRECTION('',(1.,0.));
#12858 = ( GEOMETRIC_REPRESENTATION_CONTEXT(2) 
PARAMETRIC_REPRESENTATION_CONTEXT() REPRESENTATION_CONTEXT('2D SPACE',''
  ) );
#12859 = PCURVE('',#12614,#12860);
#12860 = DEFINITIONAL_REPRESENTATION('',(#12861),#12869);
#12861 = ( BOUNDED_CURVE() B_SPLINE_CURVE(2,(#12862,#12863,#12864,#12865
    ,#12866,#12867,#12868),.UNSPECIFIED.,.T.,.F.) 
B_SPLINE_CURVE_WITH_KNOTS((1,2,2,2,2,1),(-2.094395102393,0.,
    2.094395102393,4.188790204786,6.28318530718,8.377580409573),
.UNSPECIFIED.) CURVE() GEOMETRIC_REPRESENTATION_ITEM() 
RATIONAL_B_SPLINE_CURVE((1.,0.5,1.,0.5,1.,0.5,1.)) REPRESENTATION_ITEM(
  '') );
#12862 = CARTESIAN_POINT('',(-21.,0.));
#12863 = CARTESIAN_POINT('',(-21.,36.373066958946));
#12864 = CARTESIAN_POINT('',(10.5,18.186533479473));
#12865 = CARTESIAN_POINT('',(42.,5.143516556419E-15));
#12866 = CARTESIAN_POINT('',(10.5,-18.18653347947));
#12867 = CARTESIAN_POINT('',(-21.,-36.37306695894));
#12868 = CARTESIAN_POINT('',(-21.,0.));
#12869 = ( GEOMETRIC_REPRESENTATION_CONTEXT(2) 
PARAMETRIC_REPRESENTATION_CONTEXT() REPRESENTATION_CONTEXT('2D SPACE',''
  ) );
#12870 = ORIENTED_EDGE('',*,*,#12654,.T.);
#12871 = ORIENTED_EDGE('',*,*,#12140,.F.);
#12872 = ADVANCED_FACE('',(#12873),#12101,.T.);
#12873 = FACE_BOUND('',#12874,.T.);
#12874 = EDGE_LOOP('',(#12875,#12896,#12897,#12898));
#12875 = ORIENTED_EDGE('',*,*,#12876,.F.);
#12876 = EDGE_CURVE('',#12522,#12712,#12877,.T.);
#12877 = SURFACE_CURVE('',#12878,(#12882,#12889),.PCURVE_S1.);
#12878 = LINE('',#12879,#12880);
#12879 = CARTESIAN_POINT('',(88.357667397366,-1.5875,56.96003082949));
#12880 = VECTOR('',#12881,1.);
#12881 = DIRECTION('',(-0.866025403784,0.,-0.5));
#12882 = PCURVE('',#12101,#12883);
#12883 = DEFINITIONAL_REPRESENTATION('',(#12884),#12888);
#12884 = LINE('',#12885,#12886);
#12885 = CARTESIAN_POINT('',(0.,0.));
#12886 = VECTOR('',#12887,1.);
#12887 = DIRECTION('',(0.,1.));
#12888 = ( GEOMETRIC_REPRESENTATION_CONTEXT(2) 
PARAMETRIC_REPRESENTATION_CONTEXT() REPRESENTATION_CONTEXT('2D SPACE',''
  ) );
#12889 = PCURVE('',#12537,#12890);
#12890 = DEFINITIONAL_REPRESENTATION('',(#12891),#12895);
#12891 = LINE('',#12892,#12893);
#12892 = CARTESIAN_POINT('',(-105.,-5.15));
#12893 = VECTOR('',#12894,1.);
#12894 = DIRECTION('',(1.,0.));
#12895 = ( GEOMETRIC_REPRESENTATION_CONTEXT(2) 
PARAMETRIC_REPRESENTATION_CONTEXT() REPRESENTATION_CONTEXT('2D SPACE',''
  ) );
#12896 = ORIENTED_EDGE('',*,*,#12549,.T.);
#12897 = ORIENTED_EDGE('',*,*,#12085,.T.);
#12898 = ORIENTED_EDGE('',*,*,#12764,.F.);
#12899 = ADVANCED_FACE('',(#12900),#12215,.F.);
#12900 = FACE_BOUND('',#12901,.F.);
#12901 = EDGE_LOOP('',(#12902,#12903,#12929,#12930));
#12902 = ORIENTED_EDGE('',*,*,#12383,.F.);
#12903 = ORIENTED_EDGE('',*,*,#12904,.T.);
#12904 = EDGE_CURVE('',#12384,#12198,#12905,.T.);
#12905 = SURFACE_CURVE('',#12906,(#12910,#12917),.PCURVE_S1.);
#12906 = LINE('',#12907,#12908);
#12907 = CARTESIAN_POINT('',(20.510170175109,-50.,4.509203853016));
#12908 = VECTOR('',#12909,1.);
#12909 = DIRECTION('',(0.,1.,0.));
#12910 = PCURVE('',#12215,#12911);
#12911 = DEFINITIONAL_REPRESENTATION('',(#12912),#12916);
#12912 = LINE('',#12913,#12914);
#12913 = CARTESIAN_POINT('',(125.01693033409,-50.));
#12914 = VECTOR('',#12915,1.);
#12915 = DIRECTION('',(0.,1.));
#12916 = ( GEOMETRIC_REPRESENTATION_CONTEXT(2) 
PARAMETRIC_REPRESENTATION_CONTEXT() REPRESENTATION_CONTEXT('2D SPACE',''
  ) );
#12917 = PCURVE('',#12918,#12923);
#12918 = PLANE('',#12919);
#12919 = AXIS2_PLACEMENT_3D('',#12920,#12921,#12922);
#12920 = CARTESIAN_POINT('',(-87.75766739736,0.,-57.99926131403));
#12921 = DIRECTION('',(-0.5,0.,0.866025403784));
#12922 = DIRECTION('',(0.866025403784,0.,0.5));
#12923 = DEFINITIONAL_REPRESENTATION('',(#12924),#12928);
#12924 = LINE('',#12925,#12926);
#12925 = CARTESIAN_POINT('',(125.01693033409,-50.));
#12926 = VECTOR('',#12927,1.);
#12927 = DIRECTION('',(0.,1.));
#12928 = ( GEOMETRIC_REPRESENTATION_CONTEXT(2) 
PARAMETRIC_REPRESENTATION_CONTEXT() REPRESENTATION_CONTEXT('2D SPACE',''
  ) );
#12929 = ORIENTED_EDGE('',*,*,#12197,.T.);
#12930 = ORIENTED_EDGE('',*,*,#12931,.F.);
#12931 = EDGE_CURVE('',#12386,#12200,#12932,.T.);
#12932 = SURFACE_CURVE('',#12933,(#12937,#12944),.PCURVE_S1.);
#12933 = LINE('',#12934,#12935);
#12934 = CARTESIAN_POINT('',(4.280337844281,-50.,-4.86109421209));
#12935 = VECTOR('',#12936,1.);
#12936 = DIRECTION('',(0.,1.,0.));
#12937 = PCURVE('',#12215,#12938);
#12938 = DEFINITIONAL_REPRESENTATION('',(#12939),#12943);
#12939 = LINE('',#12940,#12941);
#12940 = CARTESIAN_POINT('',(106.27633420388,-50.));
#12941 = VECTOR('',#12942,1.);
#12942 = DIRECTION('',(0.,1.));
#12943 = ( GEOMETRIC_REPRESENTATION_CONTEXT(2) 
PARAMETRIC_REPRESENTATION_CONTEXT() REPRESENTATION_CONTEXT('2D SPACE',''
  ) );
#12944 = PCURVE('',#12244,#12945);
#12945 = DEFINITIONAL_REPRESENTATION('',(#12946),#12950);
#12946 = LINE('',#12947,#12948);
#12947 = CARTESIAN_POINT('',(1.372441804636,0.));
#12948 = VECTOR('',#12949,1.);
#12949 = DIRECTION('',(0.,1.));
#12950 = ( GEOMETRIC_REPRESENTATION_CONTEXT(2) 
PARAMETRIC_REPRESENTATION_CONTEXT() REPRESENTATION_CONTEXT('2D SPACE',''
  ) );
#12951 = ADVANCED_FACE('',(#12952),#12318,.F.);
#12952 = FACE_BOUND('',#12953,.F.);
#12953 = EDGE_LOOP('',(#12954,#12982,#12983,#12984,#13007));
#12954 = ORIENTED_EDGE('',*,*,#12955,.F.);
#12955 = EDGE_CURVE('',#12823,#12956,#12958,.T.);
#12956 = VERTEX_POINT('',#12957);
#12957 = CARTESIAN_POINT('',(20.206169133101,1.5875,5.719329415634));
#12958 = SURFACE_CURVE('',#12959,(#12964,#12971),.PCURVE_S1.);
#12959 = CIRCLE('',#12960,21.);
#12960 = AXIS2_PLACEMENT_3D('',#12961,#12962,#12963);
#12961 = CARTESIAN_POINT('',(0.,1.5875,0.));
#12962 = DIRECTION('',(-0.,1.,0.));
#12963 = DIRECTION('',(0.866025403784,0.,0.5));
#12964 = PCURVE('',#12318,#12965);
#12965 = DEFINITIONAL_REPRESENTATION('',(#12966),#12970);
#12966 = LINE('',#12967,#12968);
#12967 = CARTESIAN_POINT('',(0.,51.5875));
#12968 = VECTOR('',#12969,1.);
#12969 = DIRECTION('',(1.,0.));
#12970 = ( GEOMETRIC_REPRESENTATION_CONTEXT(2) 
PARAMETRIC_REPRESENTATION_CONTEXT() REPRESENTATION_CONTEXT('2D SPACE',''
  ) );
#12971 = PCURVE('',#12614,#12972);
#12972 = DEFINITIONAL_REPRESENTATION('',(#12973),#12981);
#12973 = ( BOUNDED_CURVE() B_SPLINE_CURVE(2,(#12974,#12975,#12976,#12977
    ,#12978,#12979,#12980),.UNSPECIFIED.,.T.,.F.) 
B_SPLINE_CURVE_WITH_KNOTS((1,2,2,2,2,1),(-2.094395102393,0.,
    2.094395102393,4.188790204786,6.28318530718,8.377580409573),
.UNSPECIFIED.) CURVE() GEOMETRIC_REPRESENTATION_ITEM() 
RATIONAL_B_SPLINE_CURVE((1.,0.5,1.,0.5,1.,0.5,1.)) REPRESENTATION_ITEM(
  '') );
#12974 = CARTESIAN_POINT('',(-21.,0.));
#12975 = CARTESIAN_POINT('',(-21.,36.373066958946));
#12976 = CARTESIAN_POINT('',(10.5,18.186533479473));
#12977 = CARTESIAN_POINT('',(42.,5.143516556419E-15));
#12978 = CARTESIAN_POINT('',(10.5,-18.18653347947));
#12979 = CARTESIAN_POINT('',(-21.,-36.37306695894));
#12980 = CARTESIAN_POINT('',(-21.,0.));
#12981 = ( GEOMETRIC_REPRESENTATION_CONTEXT(2) 
PARAMETRIC_REPRESENTATION_CONTEXT() REPRESENTATION_CONTEXT('2D SPACE',''
  ) );
#12982 = ORIENTED_EDGE('',*,*,#12822,.F.);
#12983 = ORIENTED_EDGE('',*,*,#12303,.T.);
#12984 = ORIENTED_EDGE('',*,*,#12985,.T.);
#12985 = EDGE_CURVE('',#12198,#12986,#12988,.T.);
#12986 = VERTEX_POINT('',#12987);
#12987 = CARTESIAN_POINT('',(20.510170175109,0.3875,4.509203853016));
#12988 = SURFACE_CURVE('',#12989,(#12993,#13000),.PCURVE_S1.);
#12989 = LINE('',#12990,#12991);
#12990 = CARTESIAN_POINT('',(20.510170175109,-50.,4.509203853016));
#12991 = VECTOR('',#12992,1.);
#12992 = DIRECTION('',(0.,1.,0.));
#12993 = PCURVE('',#12318,#12994);
#12994 = DEFINITIONAL_REPRESENTATION('',(#12995),#12999);
#12995 = LINE('',#12996,#12997);
#12996 = CARTESIAN_POINT('',(0.307189553218,0.));
#12997 = VECTOR('',#12998,1.);
#12998 = DIRECTION('',(0.,1.));
#12999 = ( GEOMETRIC_REPRESENTATION_CONTEXT(2) 
PARAMETRIC_REPRESENTATION_CONTEXT() REPRESENTATION_CONTEXT('2D SPACE',''
  ) );
#13000 = PCURVE('',#12918,#13001);
#13001 = DEFINITIONAL_REPRESENTATION('',(#13002),#13006);
#13002 = LINE('',#13003,#13004);
#13003 = CARTESIAN_POINT('',(125.01693033409,-50.));
#13004 = VECTOR('',#13005,1.);
#13005 = DIRECTION('',(0.,1.));
#13006 = ( GEOMETRIC_REPRESENTATION_CONTEXT(2) 
PARAMETRIC_REPRESENTATION_CONTEXT() REPRESENTATION_CONTEXT('2D SPACE',''
  ) );
#13007 = ORIENTED_EDGE('',*,*,#13008,.F.);
#13008 = EDGE_CURVE('',#12956,#12986,#13009,.T.);
#13009 = SURFACE_CURVE('',#13010,(#13025,#13043),.PCURVE_S1.);
#13010 = B_SPLINE_CURVE_WITH_KNOTS('',7,(#13011,#13012,#13013,#13014,
    #13015,#13016,#13017,#13018,#13019,#13020,#13021,#13022,#13023,
    #13024),.UNSPECIFIED.,.F.,.F.,(8,6,8),(0.,0.467996521509,1.),
  .UNSPECIFIED.);
#13011 = CARTESIAN_POINT('',(20.206169133101,1.5875,5.719329415634));
#13012 = CARTESIAN_POINT('',(20.246000826845,1.5875,5.578605585588));
#13013 = CARTESIAN_POINT('',(20.284236904439,1.567955078386,
    5.439157737947));
#13014 = CARTESIAN_POINT('',(20.319965824794,1.529809619862,
    5.304374213236));
#13015 = CARTESIAN_POINT('',(20.352521106198,1.474786529007,
    5.177435789267));
#13016 = CARTESIAN_POINT('',(20.381484015084,1.405326444202,
    5.061105139692));
#13017 = CARTESIAN_POINT('',(20.40666574834,1.324519285639,
    4.957471069786));
#13018 = CARTESIAN_POINT('',(20.452399765259,1.135434230199,
    4.76553900145));
#13019 = CARTESIAN_POINT('',(20.472133975026,1.023731116705,
    4.680079534967));
#13020 = CARTESIAN_POINT('',(20.487552681196,0.90390152932,
    4.611653853165));
#13021 = CARTESIAN_POINT('',(20.498919459891,0.778358728339,
    4.560378080895));
#13022 = CARTESIAN_POINT('',(20.50642302551,0.649194492221,
    4.526247760629));
#13023 = CARTESIAN_POINT('',(20.510170175109,0.518302987492,
    4.509203853016));
#13024 = CARTESIAN_POINT('',(20.510170175109,0.3875,4.509203853016));
#13025 = PCURVE('',#12318,#13026);
#13026 = DEFINITIONAL_REPRESENTATION('',(#13027),#13042);
#13027 = B_SPLINE_CURVE_WITH_KNOTS('',7,(#13028,#13029,#13030,#13031,
    #13032,#13033,#13034,#13035,#13036,#13037,#13038,#13039,#13040,
    #13041),.UNSPECIFIED.,.F.,.F.,(8,6,8),(0.,0.467996521509,1.),
  .UNSPECIFIED.);
#13028 = CARTESIAN_POINT('',(0.24776527991,51.5875));
#13029 = CARTESIAN_POINT('',(0.254729679204,51.5875));
#13030 = CARTESIAN_POINT('',(0.261614920914,51.567955078386));
#13031 = CARTESIAN_POINT('',(0.268254482628,51.529809619862));
#13032 = CARTESIAN_POINT('',(0.274494486596,51.474786529007));
#13033 = CARTESIAN_POINT('',(0.280202997135,51.405326444202));
#13034 = CARTESIAN_POINT('',(0.285281500154,51.324519285639));
#13035 = CARTESIAN_POINT('',(0.294677007253,51.135434230199));
#13036 = CARTESIAN_POINT('',(0.29885349483,51.023731116705));
#13037 = CARTESIAN_POINT('',(0.302193512036,50.90390152932));
#13038 = CARTESIAN_POINT('',(0.304694488054,50.778358728339));
#13039 = CARTESIAN_POINT('',(0.306358555158,50.649194492221));
#13040 = CARTESIAN_POINT('',(0.307189553218,50.518302987492));
#13041 = CARTESIAN_POINT('',(0.307189553218,50.3875));
#13042 = ( GEOMETRIC_REPRESENTATION_CONTEXT(2) 
PARAMETRIC_REPRESENTATION_CONTEXT() REPRESENTATION_CONTEXT('2D SPACE',''
  ) );
#13043 = PCURVE('',#13044,#13049);
#13044 = CYLINDRICAL_SURFACE('',#13045,1.2);
#13045 = AXIS2_PLACEMENT_3D('',#13046,#13047,#13048);
#13046 = CARTESIAN_POINT('',(-88.35766739736,0.3875,-56.96003082949));
#13047 = DIRECTION('',(0.866025403784,0.,0.5));
#13048 = DIRECTION('',(0.,1.,0.));
#13049 = DEFINITIONAL_REPRESENTATION('',(#13050),#13065);
#13050 = B_SPLINE_CURVE_WITH_KNOTS('',7,(#13051,#13052,#13053,#13054,
    #13055,#13056,#13057,#13058,#13059,#13060,#13061,#13062,#13063,
    #13064),.UNSPECIFIED.,.F.,.F.,(8,6,8),(0.,0.467996521509,1.),
  .UNSPECIFIED.);
#13051 = CARTESIAN_POINT('',(0.,125.35872049024));
#13052 = CARTESIAN_POINT('',(-0.118155215508,125.32285383388));
#13053 = CARTESIAN_POINT('',(-0.234724088423,125.2862433246));
#13054 = CARTESIAN_POINT('',(-0.34957928146,125.24979371492));
#13055 = CARTESIAN_POINT('',(-0.462507787099,125.21451820366));
#13056 = CARTESIAN_POINT('',(-0.573190061809,125.18143549373));
#13057 = CARTESIAN_POINT('',(-0.681110345101,125.15142647949));
#13058 = CARTESIAN_POINT('',(-0.903949219972,125.09506726579));
#13059 = CARTESIAN_POINT('',(-1.019196130496,125.06942785953));
#13060 = CARTESIAN_POINT('',(-1.131988122165,125.04856800987));
#13061 = CARTESIAN_POINT('',(-1.242964900181,125.03277404284));
#13062 = CARTESIAN_POINT('',(-1.352717709054,125.02220716115));
#13063 = CARTESIAN_POINT('',(-1.461793837219,125.01693033409));
#13064 = CARTESIAN_POINT('',(-1.570796326795,125.01693033409));
#13065 = ( GEOMETRIC_REPRESENTATION_CONTEXT(2) 
PARAMETRIC_REPRESENTATION_CONTEXT() REPRESENTATION_CONTEXT('2D SPACE',''
  ) );
#13066 = ADVANCED_FACE('',(#13067),#12244,.F.);
#13067 = FACE_BOUND('',#13068,.F.);
#13068 = EDGE_LOOP('',(#13069,#13070,#13071,#13072));
#13069 = ORIENTED_EDGE('',*,*,#12227,.F.);
#13070 = ORIENTED_EDGE('',*,*,#12333,.F.);
#13071 = ORIENTED_EDGE('',*,*,#12408,.T.);
#13072 = ORIENTED_EDGE('',*,*,#12931,.T.);
#13073 = ADVANCED_FACE('',(#13074),#12471,.F.);
#13074 = FACE_BOUND('',#13075,.F.);
#13075 = EDGE_LOOP('',(#13076,#13077,#13078,#13106,#13167));
#13076 = ORIENTED_EDGE('',*,*,#12456,.F.);
#13077 = ORIENTED_EDGE('',*,*,#12741,.F.);
#13078 = ORIENTED_EDGE('',*,*,#13079,.T.);
#13079 = EDGE_CURVE('',#12714,#13080,#13082,.T.);
#13080 = VERTEX_POINT('',#13081);
#13081 = CARTESIAN_POINT('',(20.206169133101,-1.5875,5.719329415634));
#13082 = SURFACE_CURVE('',#13083,(#13088,#13095),.PCURVE_S1.);
#13083 = CIRCLE('',#13084,21.);
#13084 = AXIS2_PLACEMENT_3D('',#13085,#13086,#13087);
#13085 = CARTESIAN_POINT('',(0.,-1.5875,0.));
#13086 = DIRECTION('',(-0.,1.,0.));
#13087 = DIRECTION('',(0.866025403784,0.,0.5));
#13088 = PCURVE('',#12471,#13089);
#13089 = DEFINITIONAL_REPRESENTATION('',(#13090),#13094);
#13090 = LINE('',#13091,#13092);
#13091 = CARTESIAN_POINT('',(0.,48.4125));
#13092 = VECTOR('',#13093,1.);
#13093 = DIRECTION('',(1.,0.));
#13094 = ( GEOMETRIC_REPRESENTATION_CONTEXT(2) 
PARAMETRIC_REPRESENTATION_CONTEXT() REPRESENTATION_CONTEXT('2D SPACE',''
  ) );
#13095 = PCURVE('',#12537,#13096);
#13096 = DEFINITIONAL_REPRESENTATION('',(#13097),#13105);
#13097 = ( BOUNDED_CURVE() B_SPLINE_CURVE(2,(#13098,#13099,#13100,#13101
    ,#13102,#13103,#13104),.UNSPECIFIED.,.T.,.F.) 
B_SPLINE_CURVE_WITH_KNOTS((1,2,2,2,2,1),(-2.094395102393,0.,
    2.094395102393,4.188790204786,6.28318530718,8.377580409573),
.UNSPECIFIED.) CURVE() GEOMETRIC_REPRESENTATION_ITEM() 
RATIONAL_B_SPLINE_CURVE((1.,0.5,1.,0.5,1.,0.5,1.)) REPRESENTATION_ITEM(
  '') );
#13098 = CARTESIAN_POINT('',(-21.,0.));
#13099 = CARTESIAN_POINT('',(-21.,36.373066958946));
#13100 = CARTESIAN_POINT('',(10.5,18.186533479473));
#13101 = CARTESIAN_POINT('',(42.,5.143516556419E-15));
#13102 = CARTESIAN_POINT('',(10.5,-18.18653347947));
#13103 = CARTESIAN_POINT('',(-21.,-36.37306695894));
#13104 = CARTESIAN_POINT('',(-21.,0.));
#13105 = ( GEOMETRIC_REPRESENTATION_CONTEXT(2) 
PARAMETRIC_REPRESENTATION_CONTEXT() REPRESENTATION_CONTEXT('2D SPACE',''
  ) );
#13106 = ORIENTED_EDGE('',*,*,#13107,.F.);
#13107 = EDGE_CURVE('',#13108,#13080,#13110,.T.);
#13108 = VERTEX_POINT('',#13109);
#13109 = CARTESIAN_POINT('',(20.510170175109,-0.3875,4.509203853016));
#13110 = SURFACE_CURVE('',#13111,(#13126,#13144),.PCURVE_S1.);
#13111 = B_SPLINE_CURVE_WITH_KNOTS('',7,(#13112,#13113,#13114,#13115,
    #13116,#13117,#13118,#13119,#13120,#13121,#13122,#13123,#13124,
    #13125),.UNSPECIFIED.,.F.,.F.,(8,6,8),(0.,0.451255718442,1.),
  .UNSPECIFIED.);
#13112 = CARTESIAN_POINT('',(20.510170175109,-0.3875,4.509203853016));
#13113 = CARTESIAN_POINT('',(20.510170175109,-0.498281595251,
    4.509203853016));
#13114 = CARTESIAN_POINT('',(20.507482349952,-0.609095724627,
    4.521429645929));
#13115 = CARTESIAN_POINT('',(20.502103751543,-0.718845708431,
    4.545893620655));
#13116 = CARTESIAN_POINT('',(20.493980528925,-0.826407638131,
    4.582624166563));
#13117 = CARTESIAN_POINT('',(20.48301142551,-0.930570448352,
    4.631639830761));
#13118 = CARTESIAN_POINT('',(20.469054967886,-1.029965898553,
    4.692917497515));
#13119 = CARTESIAN_POINT('',(20.431128309009,-1.236107476441,
    4.855656914036));
#13120 = CARTESIAN_POINT('',(20.40531009521,-1.3416287884,4.964382042911
    ));
#13121 = CARTESIAN_POINT('',(20.374301542432,-1.433968365901,
    5.091700950906));
#13122 = CARTESIAN_POINT('',(20.338225810153,-1.508243385312,
    5.235033259698));
#13123 = CARTESIAN_POINT('',(20.297511546286,-1.560432065485,
    5.390577344808));
#13124 = CARTESIAN_POINT('',(20.253044089937,-1.5875,5.553722010094));
#13125 = CARTESIAN_POINT('',(20.206169133101,-1.5875,5.719329415634));
#13126 = PCURVE('',#12471,#13127);
#13127 = DEFINITIONAL_REPRESENTATION('',(#13128),#13143);
#13128 = B_SPLINE_CURVE_WITH_KNOTS('',7,(#13129,#13130,#13131,#13132,
    #13133,#13134,#13135,#13136,#13137,#13138,#13139,#13140,#13141,
    #13142),.UNSPECIFIED.,.F.,.F.,(8,6,8),(0.,0.451255718442,1.),
  .UNSPECIFIED.);
#13129 = CARTESIAN_POINT('',(0.307189553218,49.6125));
#13130 = CARTESIAN_POINT('',(0.307189553218,49.501718404749));
#13131 = CARTESIAN_POINT('',(0.306593469236,49.390904275373));
#13132 = CARTESIAN_POINT('',(0.305400694851,49.281154291569));
#13133 = CARTESIAN_POINT('',(0.303609359226,49.173592361869));
#13134 = CARTESIAN_POINT('',(0.301217564502,49.069429551648));
#13135 = CARTESIAN_POINT('',(0.298224891938,48.970034101447));
#13136 = CARTESIAN_POINT('',(0.290267729254,48.763892523559));
#13137 = CARTESIAN_POINT('',(0.284946418517,48.6583712116));
#13138 = CARTESIAN_POINT('',(0.278706555804,48.566031634099));
#13139 = CARTESIAN_POINT('',(0.27166877029,48.491756614688));
#13140 = CARTESIAN_POINT('',(0.264012985016,48.439567934515));
#13141 = CARTESIAN_POINT('',(0.255961163278,48.4125));
#13142 = CARTESIAN_POINT('',(0.24776527991,48.4125));
#13143 = ( GEOMETRIC_REPRESENTATION_CONTEXT(2) 
PARAMETRIC_REPRESENTATION_CONTEXT() REPRESENTATION_CONTEXT('2D SPACE',''
  ) );
#13144 = PCURVE('',#13145,#13150);
#13145 = CYLINDRICAL_SURFACE('',#13146,1.2);
#13146 = AXIS2_PLACEMENT_3D('',#13147,#13148,#13149);
#13147 = CARTESIAN_POINT('',(-88.35766739736,-0.3875,-56.96003082949));
#13148 = DIRECTION('',(0.866025403784,0.,0.5));
#13149 = DIRECTION('',(0.5,0.,-0.866025403784));
#13150 = DEFINITIONAL_REPRESENTATION('',(#13151),#13166);
#13151 = B_SPLINE_CURVE_WITH_KNOTS('',7,(#13152,#13153,#13154,#13155,
    #13156,#13157,#13158,#13159,#13160,#13161,#13162,#13163,#13164,
    #13165),.UNSPECIFIED.,.F.,.F.,(8,6,8),(0.,0.451255718442,1.),
  .UNSPECIFIED.);
#13152 = CARTESIAN_POINT('',(0.,125.01693033409));
#13153 = CARTESIAN_POINT('',(-9.23179960421E-02,125.01693033409));
#13154 = CARTESIAN_POINT('',(-0.184663628909,125.02071550568));
#13155 = CARTESIAN_POINT('',(-0.277405286559,125.02828949018));
#13156 = CARTESIAN_POINT('',(-0.370901117742,125.03961984599));
#13157 = CARTESIAN_POINT('',(-0.465510968318,125.05462815587));
#13158 = CARTESIAN_POINT('',(-0.56162863796,125.0731803424));
#13159 = CARTESIAN_POINT('',(-0.779034900717,125.12170460059));
#13160 = CARTESIAN_POINT('',(-0.903202144804,125.153707936));
#13161 = CARTESIAN_POINT('',(-1.031013633695,125.19051319556));
#13162 = CARTESIAN_POINT('',(-1.161871456008,125.23093684934));
#13163 = CARTESIAN_POINT('',(-1.295480540868,125.27344930509));
#13164 = CARTESIAN_POINT('',(-1.431748244569,125.31651169089));
#13165 = CARTESIAN_POINT('',(-1.570796326795,125.35872049024));
#13166 = ( GEOMETRIC_REPRESENTATION_CONTEXT(2) 
PARAMETRIC_REPRESENTATION_CONTEXT() REPRESENTATION_CONTEXT('2D SPACE',''
  ) );
#13167 = ORIENTED_EDGE('',*,*,#13168,.T.);
#13168 = EDGE_CURVE('',#13108,#12384,#13169,.T.);
#13169 = SURFACE_CURVE('',#13170,(#13174,#13181),.PCURVE_S1.);
#13170 = LINE('',#13171,#13172);
#13171 = CARTESIAN_POINT('',(20.510170175109,-50.,4.509203853016));
#13172 = VECTOR('',#13173,1.);
#13173 = DIRECTION('',(0.,1.,0.));
#13174 = PCURVE('',#12471,#13175);
#13175 = DEFINITIONAL_REPRESENTATION('',(#13176),#13180);
#13176 = LINE('',#13177,#13178);
#13177 = CARTESIAN_POINT('',(0.307189553218,0.));
#13178 = VECTOR('',#13179,1.);
#13179 = DIRECTION('',(0.,1.));
#13180 = ( GEOMETRIC_REPRESENTATION_CONTEXT(2) 
PARAMETRIC_REPRESENTATION_CONTEXT() REPRESENTATION_CONTEXT('2D SPACE',''
  ) );
#13181 = PCURVE('',#12918,#13182);
#13182 = DEFINITIONAL_REPRESENTATION('',(#13183),#13187);
#13183 = LINE('',#13184,#13185);
#13184 = CARTESIAN_POINT('',(125.01693033409,-50.));
#13185 = VECTOR('',#13186,1.);
#13186 = DIRECTION('',(0.,1.));
#13187 = ( GEOMETRIC_REPRESENTATION_CONTEXT(2) 
PARAMETRIC_REPRESENTATION_CONTEXT() REPRESENTATION_CONTEXT('2D SPACE',''
  ) );
#13188 = ADVANCED_FACE('',(#13189),#12509,.F.);
#13189 = FACE_BOUND('',#13190,.F.);
#13190 = EDGE_LOOP('',(#13191,#13192,#13215,#13244));
#13191 = ORIENTED_EDGE('',*,*,#12486,.F.);
#13192 = ORIENTED_EDGE('',*,*,#13193,.F.);
#13193 = EDGE_CURVE('',#13194,#12487,#13196,.T.);
#13194 = VERTEX_POINT('',#13195);
#13195 = CARTESIAN_POINT('',(41.926454860714,1.5875,27.38125));
#13196 = SURFACE_CURVE('',#13197,(#13201,#13208),.PCURVE_S1.);
#13197 = LINE('',#13198,#13199);
#13198 = CARTESIAN_POINT('',(41.926454860714,1.5875,27.38125));
#13199 = VECTOR('',#13200,1.);
#13200 = DIRECTION('',(0.866025403784,0.,0.5));
#13201 = PCURVE('',#12509,#13202);
#13202 = DEFINITIONAL_REPRESENTATION('',(#13203),#13207);
#13203 = LINE('',#13204,#13205);
#13204 = CARTESIAN_POINT('',(2.617993877991,0.));
#13205 = VECTOR('',#13206,1.);
#13206 = DIRECTION('',(0.,1.));
#13207 = ( GEOMETRIC_REPRESENTATION_CONTEXT(2) 
PARAMETRIC_REPRESENTATION_CONTEXT() REPRESENTATION_CONTEXT('2D SPACE',''
  ) );
#13208 = PCURVE('',#12614,#13209);
#13209 = DEFINITIONAL_REPRESENTATION('',(#13210),#13214);
#13210 = LINE('',#13211,#13212);
#13211 = CARTESIAN_POINT('',(-50.,-2.749630657016));
#13212 = VECTOR('',#13213,1.);
#13213 = DIRECTION('',(-1.,0.));
#13214 = ( GEOMETRIC_REPRESENTATION_CONTEXT(2) 
PARAMETRIC_REPRESENTATION_CONTEXT() REPRESENTATION_CONTEXT('2D SPACE',''
  ) );
#13215 = ORIENTED_EDGE('',*,*,#13216,.T.);
#13216 = EDGE_CURVE('',#13194,#13217,#13219,.T.);
#13217 = VERTEX_POINT('',#13218);
#13218 = CARTESIAN_POINT('',(41.926454860714,-1.5875,27.38125));
#13219 = SURFACE_CURVE('',#13220,(#13225,#13232),.PCURVE_S1.);
#13220 = CIRCLE('',#13221,3.175);
#13221 = AXIS2_PLACEMENT_3D('',#13222,#13223,#13224);
#13222 = CARTESIAN_POINT('',(43.301270189222,0.,25.));
#13223 = DIRECTION('',(0.866025403784,-0.,0.5));
#13224 = DIRECTION('',(0.5,0.,-0.866025403784));
#13225 = PCURVE('',#12509,#13226);
#13226 = DEFINITIONAL_REPRESENTATION('',(#13227),#13231);
#13227 = LINE('',#13228,#13229);
#13228 = CARTESIAN_POINT('',(0.,0.));
#13229 = VECTOR('',#13230,1.);
#13230 = DIRECTION('',(1.,0.));
#13231 = ( GEOMETRIC_REPRESENTATION_CONTEXT(2) 
PARAMETRIC_REPRESENTATION_CONTEXT() REPRESENTATION_CONTEXT('2D SPACE',''
  ) );
#13232 = PCURVE('',#13233,#13238);
#13233 = PLANE('',#13234);
#13234 = AXIS2_PLACEMENT_3D('',#13235,#13236,#13237);
#13235 = CARTESIAN_POINT('',(43.301270189222,0.,25.));
#13236 = DIRECTION('',(0.866025403784,0.,0.5));
#13237 = DIRECTION('',(0.5,0.,-0.866025403784));
#13238 = DEFINITIONAL_REPRESENTATION('',(#13239),#13243);
#13239 = CIRCLE('',#13240,3.175);
#13240 = AXIS2_PLACEMENT_2D('',#13241,#13242);
#13241 = CARTESIAN_POINT('',(0.,0.));
#13242 = DIRECTION('',(1.,0.));
#13243 = ( GEOMETRIC_REPRESENTATION_CONTEXT(2) 
PARAMETRIC_REPRESENTATION_CONTEXT() REPRESENTATION_CONTEXT('2D SPACE',''
  ) );
#13244 = ORIENTED_EDGE('',*,*,#13245,.T.);
#13245 = EDGE_CURVE('',#13217,#12489,#13246,.T.);
#13246 = SURFACE_CURVE('',#13247,(#13251,#13258),.PCURVE_S1.);
#13247 = LINE('',#13248,#13249);
#13248 = CARTESIAN_POINT('',(41.926454860714,-1.5875,27.38125));
#13249 = VECTOR('',#13250,1.);
#13250 = DIRECTION('',(0.866025403784,0.,0.5));
#13251 = PCURVE('',#12509,#13252);
#13252 = DEFINITIONAL_REPRESENTATION('',(#13253),#13257);
#13253 = LINE('',#13254,#13255);
#13254 = CARTESIAN_POINT('',(3.665191429188,0.));
#13255 = VECTOR('',#13256,1.);
#13256 = DIRECTION('',(0.,1.));
#13257 = ( GEOMETRIC_REPRESENTATION_CONTEXT(2) 
PARAMETRIC_REPRESENTATION_CONTEXT() REPRESENTATION_CONTEXT('2D SPACE',''
  ) );
#13258 = PCURVE('',#12537,#13259);
#13259 = DEFINITIONAL_REPRESENTATION('',(#13260),#13264);
#13260 = LINE('',#13261,#13262);
#13261 = CARTESIAN_POINT('',(-50.,-2.749630657016));
#13262 = VECTOR('',#13263,1.);
#13263 = DIRECTION('',(-1.,0.));
#13264 = ( GEOMETRIC_REPRESENTATION_CONTEXT(2) 
PARAMETRIC_REPRESENTATION_CONTEXT() REPRESENTATION_CONTEXT('2D SPACE',''
  ) );
#13265 = ADVANCED_FACE('',(#13266),#12614,.F.);
#13266 = FACE_BOUND('',#13267,.F.);
#13267 = EDGE_LOOP('',(#13268,#13269,#13270,#13271,#13272,#13273,#13296,
    #13324,#13352));
#13268 = ORIENTED_EDGE('',*,*,#13193,.T.);
#13269 = ORIENTED_EDGE('',*,*,#12600,.T.);
#13270 = ORIENTED_EDGE('',*,*,#12629,.T.);
#13271 = ORIENTED_EDGE('',*,*,#12845,.T.);
#13272 = ORIENTED_EDGE('',*,*,#12955,.T.);
#13273 = ORIENTED_EDGE('',*,*,#13274,.T.);
#13274 = EDGE_CURVE('',#12956,#13275,#13277,.T.);
#13275 = VERTEX_POINT('',#13276);
#13276 = CARTESIAN_POINT('',(93.507667397366,1.5875,48.03996917051));
#13277 = SURFACE_CURVE('',#13278,(#13282,#13289),.PCURVE_S1.);
#13278 = LINE('',#13279,#13280);
#13279 = CARTESIAN_POINT('',(-88.35766739736,1.5875,-56.96003082949));
#13280 = VECTOR('',#13281,1.);
#13281 = DIRECTION('',(0.866025403784,0.,0.5));
#13282 = PCURVE('',#12614,#13283);
#13283 = DEFINITIONAL_REPRESENTATION('',(#13284),#13288);
#13284 = LINE('',#13285,#13286);
#13285 = CARTESIAN_POINT('',(105.,5.15));
#13286 = VECTOR('',#13287,1.);
#13287 = DIRECTION('',(-1.,0.));
#13288 = ( GEOMETRIC_REPRESENTATION_CONTEXT(2) 
PARAMETRIC_REPRESENTATION_CONTEXT() REPRESENTATION_CONTEXT('2D SPACE',''
  ) );
#13289 = PCURVE('',#13044,#13290);
#13290 = DEFINITIONAL_REPRESENTATION('',(#13291),#13295);
#13291 = LINE('',#13292,#13293);
#13292 = CARTESIAN_POINT('',(-0.,0.));
#13293 = VECTOR('',#13294,1.);
#13294 = DIRECTION('',(-0.,1.));
#13295 = ( GEOMETRIC_REPRESENTATION_CONTEXT(2) 
PARAMETRIC_REPRESENTATION_CONTEXT() REPRESENTATION_CONTEXT('2D SPACE',''
  ) );
#13296 = ORIENTED_EDGE('',*,*,#13297,.T.);
#13297 = EDGE_CURVE('',#13275,#13298,#13300,.T.);
#13298 = VERTEX_POINT('',#13299);
#13299 = CARTESIAN_POINT('',(92.307482725874,1.5875,50.11875));
#13300 = SURFACE_CURVE('',#13301,(#13305,#13312),.PCURVE_S1.);
#13301 = LINE('',#13302,#13303);
#13302 = CARTESIAN_POINT('',(94.107667397366,1.5875,47.000738685969));
#13303 = VECTOR('',#13304,1.);
#13304 = DIRECTION('',(-0.5,0.,0.866025403784));
#13305 = PCURVE('',#12614,#13306);
#13306 = DEFINITIONAL_REPRESENTATION('',(#13307),#13311);
#13307 = LINE('',#13308,#13309);
#13308 = CARTESIAN_POINT('',(-105.,6.35));
#13309 = VECTOR('',#13310,1.);
#13310 = DIRECTION('',(0.,-1.));
#13311 = ( GEOMETRIC_REPRESENTATION_CONTEXT(2) 
PARAMETRIC_REPRESENTATION_CONTEXT() REPRESENTATION_CONTEXT('2D SPACE',''
  ) );
#13312 = PCURVE('',#13313,#13318);
#13313 = PLANE('',#13314);
#13314 = AXIS2_PLACEMENT_3D('',#13315,#13316,#13317);
#13315 = CARTESIAN_POINT('',(94.107667397366,0.,47.000738685969));
#13316 = DIRECTION('',(-0.866025403784,-0.,-0.5));
#13317 = DIRECTION('',(-0.5,0.,0.866025403784));
#13318 = DEFINITIONAL_REPRESENTATION('',(#13319),#13323);
#13319 = LINE('',#13320,#13321);
#13320 = CARTESIAN_POINT('',(0.,1.5875));
#13321 = VECTOR('',#13322,1.);
#13322 = DIRECTION('',(1.,0.));
#13323 = ( GEOMETRIC_REPRESENTATION_CONTEXT(2) 
PARAMETRIC_REPRESENTATION_CONTEXT() REPRESENTATION_CONTEXT('2D SPACE',''
  ) );
#13324 = ORIENTED_EDGE('',*,*,#13325,.F.);
#13325 = EDGE_CURVE('',#13326,#13298,#13328,.T.);
#13326 = VERTEX_POINT('',#13327);
#13327 = CARTESIAN_POINT('',(44.67608551773,1.5875,22.61875));
#13328 = SURFACE_CURVE('',#13329,(#13333,#13340),.PCURVE_S1.);
#13329 = LINE('',#13330,#13331);
#13330 = CARTESIAN_POINT('',(44.67608551773,1.5875,22.61875));
#13331 = VECTOR('',#13332,1.);
#13332 = DIRECTION('',(0.866025403784,0.,0.5));
#13333 = PCURVE('',#12614,#13334);
#13334 = DEFINITIONAL_REPRESENTATION('',(#13335),#13339);
#13335 = LINE('',#13336,#13337);
#13336 = CARTESIAN_POINT('',(-50.,2.749630657016));
#13337 = VECTOR('',#13338,1.);
#13338 = DIRECTION('',(-1.,0.));
#13339 = ( GEOMETRIC_REPRESENTATION_CONTEXT(2) 
PARAMETRIC_REPRESENTATION_CONTEXT() REPRESENTATION_CONTEXT('2D SPACE',''
  ) );
#13340 = PCURVE('',#13341,#13346);
#13341 = CYLINDRICAL_SURFACE('',#13342,3.175);
#13342 = AXIS2_PLACEMENT_3D('',#13343,#13344,#13345);
#13343 = CARTESIAN_POINT('',(43.301270189222,0.,25.));
#13344 = DIRECTION('',(0.866025403784,0.,0.5));
#13345 = DIRECTION('',(0.5,0.,-0.866025403784));
#13346 = DEFINITIONAL_REPRESENTATION('',(#13347),#13351);
#13347 = LINE('',#13348,#13349);
#13348 = CARTESIAN_POINT('',(0.523598775598,0.));
#13349 = VECTOR('',#13350,1.);
#13350 = DIRECTION('',(0.,1.));
#13351 = ( GEOMETRIC_REPRESENTATION_CONTEXT(2) 
PARAMETRIC_REPRESENTATION_CONTEXT() REPRESENTATION_CONTEXT('2D SPACE',''
  ) );
#13352 = ORIENTED_EDGE('',*,*,#13353,.T.);
#13353 = EDGE_CURVE('',#13326,#13194,#13354,.T.);
#13354 = SURFACE_CURVE('',#13355,(#13359,#13366),.PCURVE_S1.);
#13355 = LINE('',#13356,#13357);
#13356 = CARTESIAN_POINT('',(43.301270189222,1.5875,25.));
#13357 = VECTOR('',#13358,1.);
#13358 = DIRECTION('',(-0.5,0.,0.866025403784));
#13359 = PCURVE('',#12614,#13360);
#13360 = DEFINITIONAL_REPRESENTATION('',(#13361),#13365);
#13361 = LINE('',#13362,#13363);
#13362 = CARTESIAN_POINT('',(-50.,-3.552713678801E-15));
#13363 = VECTOR('',#13364,1.);
#13364 = DIRECTION('',(0.,-1.));
#13365 = ( GEOMETRIC_REPRESENTATION_CONTEXT(2) 
PARAMETRIC_REPRESENTATION_CONTEXT() REPRESENTATION_CONTEXT('2D SPACE',''
  ) );
#13366 = PCURVE('',#13233,#13367);
#13367 = DEFINITIONAL_REPRESENTATION('',(#13368),#13372);
#13368 = LINE('',#13369,#13370);
#13369 = CARTESIAN_POINT('',(0.,1.5875));
#13370 = VECTOR('',#13371,1.);
#13371 = DIRECTION('',(-1.,0.));
#13372 = ( GEOMETRIC_REPRESENTATION_CONTEXT(2) 
PARAMETRIC_REPRESENTATION_CONTEXT() REPRESENTATION_CONTEXT('2D SPACE',''
  ) );
#13373 = ADVANCED_FACE('',(#13374),#12537,.T.);
#13374 = FACE_BOUND('',#13375,.T.);
#13375 = EDGE_LOOP('',(#13376,#13377,#13378,#13379,#13380,#13381,#13404,
    #13427,#13455));
#13376 = ORIENTED_EDGE('',*,*,#13245,.T.);
#13377 = ORIENTED_EDGE('',*,*,#12521,.T.);
#13378 = ORIENTED_EDGE('',*,*,#12876,.T.);
#13379 = ORIENTED_EDGE('',*,*,#12711,.T.);
#13380 = ORIENTED_EDGE('',*,*,#13079,.T.);
#13381 = ORIENTED_EDGE('',*,*,#13382,.T.);
#13382 = EDGE_CURVE('',#13080,#13383,#13385,.T.);
#13383 = VERTEX_POINT('',#13384);
#13384 = CARTESIAN_POINT('',(93.507667397366,-1.5875,48.03996917051));
#13385 = SURFACE_CURVE('',#13386,(#13390,#13397),.PCURVE_S1.);
#13386 = LINE('',#13387,#13388);
#13387 = CARTESIAN_POINT('',(-88.35766739736,-1.5875,-56.96003082949));
#13388 = VECTOR('',#13389,1.);
#13389 = DIRECTION('',(0.866025403784,0.,0.5));
#13390 = PCURVE('',#12537,#13391);
#13391 = DEFINITIONAL_REPRESENTATION('',(#13392),#13396);
#13392 = LINE('',#13393,#13394);
#13393 = CARTESIAN_POINT('',(105.,5.15));
#13394 = VECTOR('',#13395,1.);
#13395 = DIRECTION('',(-1.,0.));
#13396 = ( GEOMETRIC_REPRESENTATION_CONTEXT(2) 
PARAMETRIC_REPRESENTATION_CONTEXT() REPRESENTATION_CONTEXT('2D SPACE',''
  ) );
#13397 = PCURVE('',#13145,#13398);
#13398 = DEFINITIONAL_REPRESENTATION('',(#13399),#13403);
#13399 = LINE('',#13400,#13401);
#13400 = CARTESIAN_POINT('',(-1.570796326795,0.));
#13401 = VECTOR('',#13402,1.);
#13402 = DIRECTION('',(-0.,1.));
#13403 = ( GEOMETRIC_REPRESENTATION_CONTEXT(2) 
PARAMETRIC_REPRESENTATION_CONTEXT() REPRESENTATION_CONTEXT('2D SPACE',''
  ) );
#13404 = ORIENTED_EDGE('',*,*,#13405,.T.);
#13405 = EDGE_CURVE('',#13383,#13406,#13408,.T.);
#13406 = VERTEX_POINT('',#13407);
#13407 = CARTESIAN_POINT('',(92.307482725874,-1.5875,50.11875));
#13408 = SURFACE_CURVE('',#13409,(#13413,#13420),.PCURVE_S1.);
#13409 = LINE('',#13410,#13411);
#13410 = CARTESIAN_POINT('',(94.107667397366,-1.5875,47.000738685969));
#13411 = VECTOR('',#13412,1.);
#13412 = DIRECTION('',(-0.5,0.,0.866025403784));
#13413 = PCURVE('',#12537,#13414);
#13414 = DEFINITIONAL_REPRESENTATION('',(#13415),#13419);
#13415 = LINE('',#13416,#13417);
#13416 = CARTESIAN_POINT('',(-105.,6.35));
#13417 = VECTOR('',#13418,1.);
#13418 = DIRECTION('',(0.,-1.));
#13419 = ( GEOMETRIC_REPRESENTATION_CONTEXT(2) 
PARAMETRIC_REPRESENTATION_CONTEXT() REPRESENTATION_CONTEXT('2D SPACE',''
  ) );
#13420 = PCURVE('',#13313,#13421);
#13421 = DEFINITIONAL_REPRESENTATION('',(#13422),#13426);
#13422 = LINE('',#13423,#13424);
#13423 = CARTESIAN_POINT('',(0.,-1.5875));
#13424 = VECTOR('',#13425,1.);
#13425 = DIRECTION('',(1.,0.));
#13426 = ( GEOMETRIC_REPRESENTATION_CONTEXT(2) 
PARAMETRIC_REPRESENTATION_CONTEXT() REPRESENTATION_CONTEXT('2D SPACE',''
  ) );
#13427 = ORIENTED_EDGE('',*,*,#13428,.F.);
#13428 = EDGE_CURVE('',#13429,#13406,#13431,.T.);
#13429 = VERTEX_POINT('',#13430);
#13430 = CARTESIAN_POINT('',(44.67608551773,-1.5875,22.61875));
#13431 = SURFACE_CURVE('',#13432,(#13436,#13443),.PCURVE_S1.);
#13432 = LINE('',#13433,#13434);
#13433 = CARTESIAN_POINT('',(44.67608551773,-1.5875,22.61875));
#13434 = VECTOR('',#13435,1.);
#13435 = DIRECTION('',(0.866025403784,0.,0.5));
#13436 = PCURVE('',#12537,#13437);
#13437 = DEFINITIONAL_REPRESENTATION('',(#13438),#13442);
#13438 = LINE('',#13439,#13440);
#13439 = CARTESIAN_POINT('',(-50.,2.749630657016));
#13440 = VECTOR('',#13441,1.);
#13441 = DIRECTION('',(-1.,0.));
#13442 = ( GEOMETRIC_REPRESENTATION_CONTEXT(2) 
PARAMETRIC_REPRESENTATION_CONTEXT() REPRESENTATION_CONTEXT('2D SPACE',''
  ) );
#13443 = PCURVE('',#13444,#13449);
#13444 = CYLINDRICAL_SURFACE('',#13445,3.175);
#13445 = AXIS2_PLACEMENT_3D('',#13446,#13447,#13448);
#13446 = CARTESIAN_POINT('',(43.301270189222,0.,25.));
#13447 = DIRECTION('',(0.866025403784,0.,0.5));
#13448 = DIRECTION('',(0.5,0.,-0.866025403784));
#13449 = DEFINITIONAL_REPRESENTATION('',(#13450),#13454);
#13450 = LINE('',#13451,#13452);
#13451 = CARTESIAN_POINT('',(5.759586531581,0.));
#13452 = VECTOR('',#13453,1.);
#13453 = DIRECTION('',(0.,1.));
#13454 = ( GEOMETRIC_REPRESENTATION_CONTEXT(2) 
PARAMETRIC_REPRESENTATION_CONTEXT() REPRESENTATION_CONTEXT('2D SPACE',''
  ) );
#13455 = ORIENTED_EDGE('',*,*,#13456,.T.);
#13456 = EDGE_CURVE('',#13429,#13217,#13457,.T.);
#13457 = SURFACE_CURVE('',#13458,(#13462,#13469),.PCURVE_S1.);
#13458 = LINE('',#13459,#13460);
#13459 = CARTESIAN_POINT('',(43.301270189222,-1.5875,25.));
#13460 = VECTOR('',#13461,1.);
#13461 = DIRECTION('',(-0.5,0.,0.866025403784));
#13462 = PCURVE('',#12537,#13463);
#13463 = DEFINITIONAL_REPRESENTATION('',(#13464),#13468);
#13464 = LINE('',#13465,#13466);
#13465 = CARTESIAN_POINT('',(-50.,-3.552713678801E-15));
#13466 = VECTOR('',#13467,1.);
#13467 = DIRECTION('',(0.,-1.));
#13468 = ( GEOMETRIC_REPRESENTATION_CONTEXT(2) 
PARAMETRIC_REPRESENTATION_CONTEXT() REPRESENTATION_CONTEXT('2D SPACE',''
  ) );
#13469 = PCURVE('',#13233,#13470);
#13470 = DEFINITIONAL_REPRESENTATION('',(#13471),#13475);
#13471 = LINE('',#13472,#13473);
#13472 = CARTESIAN_POINT('',(0.,-1.5875));
#13473 = VECTOR('',#13474,1.);
#13474 = DIRECTION('',(-1.,0.));
#13475 = ( GEOMETRIC_REPRESENTATION_CONTEXT(2) 
PARAMETRIC_REPRESENTATION_CONTEXT() REPRESENTATION_CONTEXT('2D SPACE',''
  ) );
#13476 = ADVANCED_FACE('',(#13477),#12918,.F.);
#13477 = FACE_BOUND('',#13478,.F.);
#13478 = EDGE_LOOP('',(#13479,#13504,#13525,#13526,#13527,#13528));
#13479 = ORIENTED_EDGE('',*,*,#13480,.F.);
#13480 = EDGE_CURVE('',#13481,#13483,#13485,.T.);
#13481 = VERTEX_POINT('',#13482);
#13482 = CARTESIAN_POINT('',(94.107667397366,0.3875,47.000738685969));
#13483 = VERTEX_POINT('',#13484);
#13484 = CARTESIAN_POINT('',(94.107667397366,-0.3875,47.000738685969));
#13485 = SURFACE_CURVE('',#13486,(#13490,#13497),.PCURVE_S1.);
#13486 = LINE('',#13487,#13488);
#13487 = CARTESIAN_POINT('',(94.107667397366,1.5875,47.000738685969));
#13488 = VECTOR('',#13489,1.);
#13489 = DIRECTION('',(0.,-1.,0.));
#13490 = PCURVE('',#12918,#13491);
#13491 = DEFINITIONAL_REPRESENTATION('',(#13492),#13496);
#13492 = LINE('',#13493,#13494);
#13493 = CARTESIAN_POINT('',(210.,1.5875));
#13494 = VECTOR('',#13495,1.);
#13495 = DIRECTION('',(0.,-1.));
#13496 = ( GEOMETRIC_REPRESENTATION_CONTEXT(2) 
PARAMETRIC_REPRESENTATION_CONTEXT() REPRESENTATION_CONTEXT('2D SPACE',''
  ) );
#13497 = PCURVE('',#13313,#13498);
#13498 = DEFINITIONAL_REPRESENTATION('',(#13499),#13503);
#13499 = LINE('',#13500,#13501);
#13500 = CARTESIAN_POINT('',(0.,1.5875));
#13501 = VECTOR('',#13502,1.);
#13502 = DIRECTION('',(0.,-1.));
#13503 = ( GEOMETRIC_REPRESENTATION_CONTEXT(2) 
PARAMETRIC_REPRESENTATION_CONTEXT() REPRESENTATION_CONTEXT('2D SPACE',''
  ) );
#13504 = ORIENTED_EDGE('',*,*,#13505,.F.);
#13505 = EDGE_CURVE('',#12986,#13481,#13506,.T.);
#13506 = SURFACE_CURVE('',#13507,(#13511,#13518),.PCURVE_S1.);
#13507 = LINE('',#13508,#13509);
#13508 = CARTESIAN_POINT('',(-87.75766739736,0.3875,-57.99926131403));
#13509 = VECTOR('',#13510,1.);
#13510 = DIRECTION('',(0.866025403784,0.,0.5));
#13511 = PCURVE('',#12918,#13512);
#13512 = DEFINITIONAL_REPRESENTATION('',(#13513),#13517);
#13513 = LINE('',#13514,#13515);
#13514 = CARTESIAN_POINT('',(0.,0.3875));
#13515 = VECTOR('',#13516,1.);
#13516 = DIRECTION('',(1.,0.));
#13517 = ( GEOMETRIC_REPRESENTATION_CONTEXT(2) 
PARAMETRIC_REPRESENTATION_CONTEXT() REPRESENTATION_CONTEXT('2D SPACE',''
  ) );
#13518 = PCURVE('',#13044,#13519);
#13519 = DEFINITIONAL_REPRESENTATION('',(#13520),#13524);
#13520 = LINE('',#13521,#13522);
#13521 = CARTESIAN_POINT('',(-1.570796326795,0.));
#13522 = VECTOR('',#13523,1.);
#13523 = DIRECTION('',(-0.,1.));
#13524 = ( GEOMETRIC_REPRESENTATION_CONTEXT(2) 
PARAMETRIC_REPRESENTATION_CONTEXT() REPRESENTATION_CONTEXT('2D SPACE',''
  ) );
#13525 = ORIENTED_EDGE('',*,*,#12985,.F.);
#13526 = ORIENTED_EDGE('',*,*,#12904,.F.);
#13527 = ORIENTED_EDGE('',*,*,#13168,.F.);
#13528 = ORIENTED_EDGE('',*,*,#13529,.T.);
#13529 = EDGE_CURVE('',#13108,#13483,#13530,.T.);
#13530 = SURFACE_CURVE('',#13531,(#13535,#13542),.PCURVE_S1.);
#13531 = LINE('',#13532,#13533);
#13532 = CARTESIAN_POINT('',(-87.75766739736,-0.3875,-57.99926131403));
#13533 = VECTOR('',#13534,1.);
#13534 = DIRECTION('',(0.866025403784,0.,0.5));
#13535 = PCURVE('',#12918,#13536);
#13536 = DEFINITIONAL_REPRESENTATION('',(#13537),#13541);
#13537 = LINE('',#13538,#13539);
#13538 = CARTESIAN_POINT('',(0.,-0.3875));
#13539 = VECTOR('',#13540,1.);
#13540 = DIRECTION('',(1.,0.));
#13541 = ( GEOMETRIC_REPRESENTATION_CONTEXT(2) 
PARAMETRIC_REPRESENTATION_CONTEXT() REPRESENTATION_CONTEXT('2D SPACE',''
  ) );
#13542 = PCURVE('',#13145,#13543);
#13543 = DEFINITIONAL_REPRESENTATION('',(#13544),#13548);
#13544 = LINE('',#13545,#13546);
#13545 = CARTESIAN_POINT('',(-0.,0.));
#13546 = VECTOR('',#13547,1.);
#13547 = DIRECTION('',(-0.,1.));
#13548 = ( GEOMETRIC_REPRESENTATION_CONTEXT(2) 
PARAMETRIC_REPRESENTATION_CONTEXT() REPRESENTATION_CONTEXT('2D SPACE',''
  ) );
#13549 = ADVANCED_FACE('',(#13550),#13044,.T.);
#13550 = FACE_BOUND('',#13551,.F.);
#13551 = EDGE_LOOP('',(#13552,#13553,#13554,#13555));
#13552 = ORIENTED_EDGE('',*,*,#13274,.F.);
#13553 = ORIENTED_EDGE('',*,*,#13008,.T.);
#13554 = ORIENTED_EDGE('',*,*,#13505,.T.);
#13555 = ORIENTED_EDGE('',*,*,#13556,.F.);
#13556 = EDGE_CURVE('',#13275,#13481,#13557,.T.);
#13557 = SURFACE_CURVE('',#13558,(#13563,#13570),.PCURVE_S1.);
#13558 = CIRCLE('',#13559,1.2);
#13559 = AXIS2_PLACEMENT_3D('',#13560,#13561,#13562);
#13560 = CARTESIAN_POINT('',(93.507667397366,0.3875,48.03996917051));
#13561 = DIRECTION('',(-0.866025403784,-0.,-0.5));
#13562 = DIRECTION('',(0.,-1.,0.));
#13563 = PCURVE('',#13044,#13564);
#13564 = DEFINITIONAL_REPRESENTATION('',(#13565),#13569);
#13565 = LINE('',#13566,#13567);
#13566 = CARTESIAN_POINT('',(3.14159265359,210.));
#13567 = VECTOR('',#13568,1.);
#13568 = DIRECTION('',(-1.,0.));
#13569 = ( GEOMETRIC_REPRESENTATION_CONTEXT(2) 
PARAMETRIC_REPRESENTATION_CONTEXT() REPRESENTATION_CONTEXT('2D SPACE',''
  ) );
#13570 = PCURVE('',#13313,#13571);
#13571 = DEFINITIONAL_REPRESENTATION('',(#13572),#13576);
#13572 = CIRCLE('',#13573,1.2);
#13573 = AXIS2_PLACEMENT_2D('',#13574,#13575);
#13574 = CARTESIAN_POINT('',(1.2,0.3875));
#13575 = DIRECTION('',(0.,-1.));
#13576 = ( GEOMETRIC_REPRESENTATION_CONTEXT(2) 
PARAMETRIC_REPRESENTATION_CONTEXT() REPRESENTATION_CONTEXT('2D SPACE',''
  ) );
#13577 = ADVANCED_FACE('',(#13578),#13145,.T.);
#13578 = FACE_BOUND('',#13579,.F.);
#13579 = EDGE_LOOP('',(#13580,#13581,#13582,#13583));
#13580 = ORIENTED_EDGE('',*,*,#13529,.F.);
#13581 = ORIENTED_EDGE('',*,*,#13107,.T.);
#13582 = ORIENTED_EDGE('',*,*,#13382,.T.);
#13583 = ORIENTED_EDGE('',*,*,#13584,.F.);
#13584 = EDGE_CURVE('',#13483,#13383,#13585,.T.);
#13585 = SURFACE_CURVE('',#13586,(#13591,#13598),.PCURVE_S1.);
#13586 = CIRCLE('',#13587,1.2);
#13587 = AXIS2_PLACEMENT_3D('',#13588,#13589,#13590);
#13588 = CARTESIAN_POINT('',(93.507667397366,-0.3875,48.03996917051));
#13589 = DIRECTION('',(-0.866025403784,-0.,-0.5));
#13590 = DIRECTION('',(0.,-1.,0.));
#13591 = PCURVE('',#13145,#13592);
#13592 = DEFINITIONAL_REPRESENTATION('',(#13593),#13597);
#13593 = LINE('',#13594,#13595);
#13594 = CARTESIAN_POINT('',(4.712388980385,210.));
#13595 = VECTOR('',#13596,1.);
#13596 = DIRECTION('',(-1.,0.));
#13597 = ( GEOMETRIC_REPRESENTATION_CONTEXT(2) 
PARAMETRIC_REPRESENTATION_CONTEXT() REPRESENTATION_CONTEXT('2D SPACE',''
  ) );
#13598 = PCURVE('',#13313,#13599);
#13599 = DEFINITIONAL_REPRESENTATION('',(#13600),#13604);
#13600 = CIRCLE('',#13601,1.2);
#13601 = AXIS2_PLACEMENT_2D('',#13602,#13603);
#13602 = CARTESIAN_POINT('',(1.2,-0.3875));
#13603 = DIRECTION('',(0.,-1.));
#13604 = ( GEOMETRIC_REPRESENTATION_CONTEXT(2) 
PARAMETRIC_REPRESENTATION_CONTEXT() REPRESENTATION_CONTEXT('2D SPACE',''
  ) );
#13605 = ADVANCED_FACE('',(#13606),#13233,.T.);
#13606 = FACE_BOUND('',#13607,.T.);
#13607 = EDGE_LOOP('',(#13608,#13632,#13654,#13655,#13656));
#13608 = ORIENTED_EDGE('',*,*,#13609,.T.);
#13609 = EDGE_CURVE('',#13429,#13610,#13612,.T.);
#13610 = VERTEX_POINT('',#13611);
#13611 = CARTESIAN_POINT('',(44.888770189222,-7.776507174586E-16,
    22.250369342984));
#13612 = SURFACE_CURVE('',#13613,(#13618,#13625),.PCURVE_S1.);
#13613 = CIRCLE('',#13614,3.175);
#13614 = AXIS2_PLACEMENT_3D('',#13615,#13616,#13617);
#13615 = CARTESIAN_POINT('',(43.301270189222,0.,25.));
#13616 = DIRECTION('',(0.866025403784,-0.,0.5));
#13617 = DIRECTION('',(0.5,0.,-0.866025403784));
#13618 = PCURVE('',#13233,#13619);
#13619 = DEFINITIONAL_REPRESENTATION('',(#13620),#13624);
#13620 = CIRCLE('',#13621,3.175);
#13621 = AXIS2_PLACEMENT_2D('',#13622,#13623);
#13622 = CARTESIAN_POINT('',(0.,0.));
#13623 = DIRECTION('',(1.,0.));
#13624 = ( GEOMETRIC_REPRESENTATION_CONTEXT(2) 
PARAMETRIC_REPRESENTATION_CONTEXT() REPRESENTATION_CONTEXT('2D SPACE',''
  ) );
#13625 = PCURVE('',#13444,#13626);
#13626 = DEFINITIONAL_REPRESENTATION('',(#13627),#13631);
#13627 = LINE('',#13628,#13629);
#13628 = CARTESIAN_POINT('',(0.,0.));
#13629 = VECTOR('',#13630,1.);
#13630 = DIRECTION('',(1.,0.));
#13631 = ( GEOMETRIC_REPRESENTATION_CONTEXT(2) 
PARAMETRIC_REPRESENTATION_CONTEXT() REPRESENTATION_CONTEXT('2D SPACE',''
  ) );
#13632 = ORIENTED_EDGE('',*,*,#13633,.T.);
#13633 = EDGE_CURVE('',#13610,#13326,#13634,.T.);
#13634 = SURFACE_CURVE('',#13635,(#13640,#13647),.PCURVE_S1.);
#13635 = CIRCLE('',#13636,3.175);
#13636 = AXIS2_PLACEMENT_3D('',#13637,#13638,#13639);
#13637 = CARTESIAN_POINT('',(43.301270189222,0.,25.));
#13638 = DIRECTION('',(0.866025403784,-0.,0.5));
#13639 = DIRECTION('',(0.5,0.,-0.866025403784));
#13640 = PCURVE('',#13233,#13641);
#13641 = DEFINITIONAL_REPRESENTATION('',(#13642),#13646);
#13642 = CIRCLE('',#13643,3.175);
#13643 = AXIS2_PLACEMENT_2D('',#13644,#13645);
#13644 = CARTESIAN_POINT('',(0.,0.));
#13645 = DIRECTION('',(1.,0.));
#13646 = ( GEOMETRIC_REPRESENTATION_CONTEXT(2) 
PARAMETRIC_REPRESENTATION_CONTEXT() REPRESENTATION_CONTEXT('2D SPACE',''
  ) );
#13647 = PCURVE('',#13341,#13648);
#13648 = DEFINITIONAL_REPRESENTATION('',(#13649),#13653);
#13649 = LINE('',#13650,#13651);
#13650 = CARTESIAN_POINT('',(0.,0.));
#13651 = VECTOR('',#13652,1.);
#13652 = DIRECTION('',(1.,0.));
#13653 = ( GEOMETRIC_REPRESENTATION_CONTEXT(2) 
PARAMETRIC_REPRESENTATION_CONTEXT() REPRESENTATION_CONTEXT('2D SPACE',''
  ) );
#13654 = ORIENTED_EDGE('',*,*,#13353,.T.);
#13655 = ORIENTED_EDGE('',*,*,#13216,.T.);
#13656 = ORIENTED_EDGE('',*,*,#13456,.F.);
#13657 = ADVANCED_FACE('',(#13658),#13341,.F.);
#13658 = FACE_BOUND('',#13659,.F.);
#13659 = EDGE_LOOP('',(#13660,#13688,#13709,#13710));
#13660 = ORIENTED_EDGE('',*,*,#13661,.F.);
#13661 = EDGE_CURVE('',#13662,#13298,#13664,.T.);
#13662 = VERTEX_POINT('',#13663);
#13663 = CARTESIAN_POINT('',(92.520167397366,-7.776507174586E-16,
    49.750369342984));
#13664 = SURFACE_CURVE('',#13665,(#13670,#13677),.PCURVE_S1.);
#13665 = CIRCLE('',#13666,3.175);
#13666 = AXIS2_PLACEMENT_3D('',#13667,#13668,#13669);
#13667 = CARTESIAN_POINT('',(90.932667397366,0.,52.5));
#13668 = DIRECTION('',(0.866025403784,-0.,0.5));
#13669 = DIRECTION('',(0.5,0.,-0.866025403784));
#13670 = PCURVE('',#13341,#13671);
#13671 = DEFINITIONAL_REPRESENTATION('',(#13672),#13676);
#13672 = LINE('',#13673,#13674);
#13673 = CARTESIAN_POINT('',(0.,55.));
#13674 = VECTOR('',#13675,1.);
#13675 = DIRECTION('',(1.,0.));
#13676 = ( GEOMETRIC_REPRESENTATION_CONTEXT(2) 
PARAMETRIC_REPRESENTATION_CONTEXT() REPRESENTATION_CONTEXT('2D SPACE',''
  ) );
#13677 = PCURVE('',#13313,#13678);
#13678 = DEFINITIONAL_REPRESENTATION('',(#13679),#13687);
#13679 = ( BOUNDED_CURVE() B_SPLINE_CURVE(2,(#13680,#13681,#13682,#13683
    ,#13684,#13685,#13686),.UNSPECIFIED.,.T.,.F.) 
B_SPLINE_CURVE_WITH_KNOTS((1,2,2,2,2,1),(-2.094395102393,0.,
    2.094395102393,4.188790204786,6.28318530718,8.377580409573),
.UNSPECIFIED.) CURVE() GEOMETRIC_REPRESENTATION_ITEM() 
RATIONAL_B_SPLINE_CURVE((1.,0.5,1.,0.5,1.,0.5,1.)) REPRESENTATION_ITEM(
  '') );
#13680 = CARTESIAN_POINT('',(3.175,0.));
#13681 = CARTESIAN_POINT('',(3.175,5.499261314031));
#13682 = CARTESIAN_POINT('',(7.9375,2.749630657016));
#13683 = CARTESIAN_POINT('',(12.7,7.776507174586E-16));
#13684 = CARTESIAN_POINT('',(7.9375,-2.749630657016));
#13685 = CARTESIAN_POINT('',(3.175,-5.499261314031));
#13686 = CARTESIAN_POINT('',(3.175,0.));
#13687 = ( GEOMETRIC_REPRESENTATION_CONTEXT(2) 
PARAMETRIC_REPRESENTATION_CONTEXT() REPRESENTATION_CONTEXT('2D SPACE',''
  ) );
#13688 = ORIENTED_EDGE('',*,*,#13689,.F.);
#13689 = EDGE_CURVE('',#13610,#13662,#13690,.T.);
#13690 = SURFACE_CURVE('',#13691,(#13695,#13702),.PCURVE_S1.);
#13691 = LINE('',#13692,#13693);
#13692 = CARTESIAN_POINT('',(44.888770189222,-7.776507174586E-16,
    22.250369342984));
#13693 = VECTOR('',#13694,1.);
#13694 = DIRECTION('',(0.866025403784,0.,0.5));
#13695 = PCURVE('',#13341,#13696);
#13696 = DEFINITIONAL_REPRESENTATION('',(#13697),#13701);
#13697 = LINE('',#13698,#13699);
#13698 = CARTESIAN_POINT('',(0.,-0.));
#13699 = VECTOR('',#13700,1.);
#13700 = DIRECTION('',(0.,1.));
#13701 = ( GEOMETRIC_REPRESENTATION_CONTEXT(2) 
PARAMETRIC_REPRESENTATION_CONTEXT() REPRESENTATION_CONTEXT('2D SPACE',''
  ) );
#13702 = PCURVE('',#13444,#13703);
#13703 = DEFINITIONAL_REPRESENTATION('',(#13704),#13708);
#13704 = LINE('',#13705,#13706);
#13705 = CARTESIAN_POINT('',(6.28318530718,-0.));
#13706 = VECTOR('',#13707,1.);
#13707 = DIRECTION('',(0.,1.));
#13708 = ( GEOMETRIC_REPRESENTATION_CONTEXT(2) 
PARAMETRIC_REPRESENTATION_CONTEXT() REPRESENTATION_CONTEXT('2D SPACE',''
  ) );
#13709 = ORIENTED_EDGE('',*,*,#13633,.T.);
#13710 = ORIENTED_EDGE('',*,*,#13325,.T.);
#13711 = ADVANCED_FACE('',(#13712),#13313,.F.);
#13712 = FACE_BOUND('',#13713,.F.);
#13713 = EDGE_LOOP('',(#13714,#13715,#13716,#13742,#13743,#13744,#13745)
  );
#13714 = ORIENTED_EDGE('',*,*,#13584,.T.);
#13715 = ORIENTED_EDGE('',*,*,#13405,.T.);
#13716 = ORIENTED_EDGE('',*,*,#13717,.T.);
#13717 = EDGE_CURVE('',#13406,#13662,#13718,.T.);
#13718 = SURFACE_CURVE('',#13719,(#13724,#13735),.PCURVE_S1.);
#13719 = CIRCLE('',#13720,3.175);
#13720 = AXIS2_PLACEMENT_3D('',#13721,#13722,#13723);
#13721 = CARTESIAN_POINT('',(90.932667397366,0.,52.5));
#13722 = DIRECTION('',(0.866025403784,-0.,0.5));
#13723 = DIRECTION('',(0.5,0.,-0.866025403784));
#13724 = PCURVE('',#13313,#13725);
#13725 = DEFINITIONAL_REPRESENTATION('',(#13726),#13734);
#13726 = ( BOUNDED_CURVE() B_SPLINE_CURVE(2,(#13727,#13728,#13729,#13730
    ,#13731,#13732,#13733),.UNSPECIFIED.,.T.,.F.) 
B_SPLINE_CURVE_WITH_KNOTS((1,2,2,2,2,1),(-2.094395102393,0.,
    2.094395102393,4.188790204786,6.28318530718,8.377580409573),
.UNSPECIFIED.) CURVE() GEOMETRIC_REPRESENTATION_ITEM() 
RATIONAL_B_SPLINE_CURVE((1.,0.5,1.,0.5,1.,0.5,1.)) REPRESENTATION_ITEM(
  '') );
#13727 = CARTESIAN_POINT('',(3.175,0.));
#13728 = CARTESIAN_POINT('',(3.175,5.499261314031));
#13729 = CARTESIAN_POINT('',(7.9375,2.749630657016));
#13730 = CARTESIAN_POINT('',(12.7,7.776507174586E-16));
#13731 = CARTESIAN_POINT('',(7.9375,-2.749630657016));
#13732 = CARTESIAN_POINT('',(3.175,-5.499261314031));
#13733 = CARTESIAN_POINT('',(3.175,0.));
#13734 = ( GEOMETRIC_REPRESENTATION_CONTEXT(2) 
PARAMETRIC_REPRESENTATION_CONTEXT() REPRESENTATION_CONTEXT('2D SPACE',''
  ) );
#13735 = PCURVE('',#13444,#13736);
#13736 = DEFINITIONAL_REPRESENTATION('',(#13737),#13741);
#13737 = LINE('',#13738,#13739);
#13738 = CARTESIAN_POINT('',(0.,55.));
#13739 = VECTOR('',#13740,1.);
#13740 = DIRECTION('',(1.,0.));
#13741 = ( GEOMETRIC_REPRESENTATION_CONTEXT(2) 
PARAMETRIC_REPRESENTATION_CONTEXT() REPRESENTATION_CONTEXT('2D SPACE',''
  ) );
#13742 = ORIENTED_EDGE('',*,*,#13661,.T.);
#13743 = ORIENTED_EDGE('',*,*,#13297,.F.);
#13744 = ORIENTED_EDGE('',*,*,#13556,.T.);
#13745 = ORIENTED_EDGE('',*,*,#13480,.T.);
#13746 = ADVANCED_FACE('',(#13747),#13444,.F.);
#13747 = FACE_BOUND('',#13748,.F.);
#13748 = EDGE_LOOP('',(#13749,#13750,#13751,#13752));
#13749 = ORIENTED_EDGE('',*,*,#13689,.T.);
#13750 = ORIENTED_EDGE('',*,*,#13717,.F.);
#13751 = ORIENTED_EDGE('',*,*,#13428,.F.);
#13752 = ORIENTED_EDGE('',*,*,#13609,.T.);
#13753 = ( GEOMETRIC_REPRESENTATION_CONTEXT(3) 
GLOBAL_UNCERTAINTY_ASSIGNED_CONTEXT((#13757)) 
GLOBAL_UNIT_ASSIGNED_CONTEXT((#13754,#13755,#13756)) 
REPRESENTATION_CONTEXT('Context #1',
  '3D Context with UNIT and UNCERTAINTY') );
#13754 = ( LENGTH_UNIT() NAMED_UNIT(*) SI_UNIT(.MILLI.,.METRE.) );
#13755 = ( NAMED_UNIT(*) PLANE_ANGLE_UNIT() SI_UNIT($,.RADIAN.) );
#13756 = ( NAMED_UNIT(*) SI_UNIT($,.STERADIAN.) SOLID_ANGLE_UNIT() );
#13757 = UNCERTAINTY_MEASURE_WITH_UNIT(LENGTH_MEASURE(1.E-07),#13754,
  'distance_accuracy_value','confusion accuracy');
#13758 = CONTEXT_DEPENDENT_SHAPE_REPRESENTATION(#13759,#13761);
#13759 = ( REPRESENTATION_RELATIONSHIP('','',#11928,#10298) 
REPRESENTATION_RELATIONSHIP_WITH_TRANSFORMATION(#13760) 
SHAPE_REPRESENTATION_RELATIONSHIP() );
#13760 = ITEM_DEFINED_TRANSFORMATION('','',#11,#10303);
#13761 = PRODUCT_DEFINITION_SHAPE('Placement','Placement of an item',
  #13762);
#13762 = NEXT_ASSEMBLY_USAGE_OCCURRENCE('5','','',#10293,#11923,$);
#13763 = PRODUCT_RELATED_PRODUCT_CATEGORY('part',$,(#11925));
ENDSEC;
END-ISO-10303-21;
