ISO-10303-21;
HEADER;
FILE_DESCRIPTION(('Open CASCADE Model'),'2;1');
FILE_NAME('Open CASCADE Shape Model','2026-08-19T03:53:11',('Author'),(
    'Open CASCADE'),'Open CASCADE STEP processor 7.9','Open CASCADE 7.9'
  ,'Unknown');
FILE_SCHEMA(('AUTOMOTIVE_DESIGN { 1 0 10303 214 1 1 1 1 }'));
ENDSEC;
DATA;
#1 = APPLICATION_PROTOCOL_DEFINITION('international standard',
  'automotive_design',2000,#2);
#2 = APPLICATION_CONTEXT(
  'core data for automotive mechanical design processes');
#3 = SHAPE_DEFINITION_REPRESENTATION(#4,#10);
#4 = PRODUCT_DEFINITION_SHAPE('','',#5);
#5 = PRODUCT_DEFINITION('design','',#6,#9);
#6 = PRODUCT_DEFINITION_FORMATION('','',#7);
#7 = PRODUCT('Open CASCADE STEP translator 7.9 1',
  'Open CASCADE STEP translator 7.9 1','',(#8));
#8 = PRODUCT_CONTEXT('',#2,'mechanical');
#9 = PRODUCT_DEFINITION_CONTEXT('part definition',#2,'design');
#10 = ADVANCED_BREP_SHAPE_REPRESENTATION('',(#11,#15),#4513);
#11 = AXIS2_PLACEMENT_3D('',#12,#13,#14);
#12 = CARTESIAN_POINT('',(0.,0.,0.));
#13 = DIRECTION('',(0.,0.,1.));
#14 = DIRECTION('',(1.,0.,-0.));
#15 = MANIFOLD_SOLID_BREP('',#16);
#16 = CLOSED_SHELL('',(#17,#137,#225,#304,#383,#461,#547,#572,#597,#856,
    #881,#1140,#1165,#1241,#1329,#1355,#1381,#1407,#1479,#1528,#1602,
    #1660,#1714,#1793,#1846,#1872,#1944,#1993,#2062,#2115,#2164,#2238,
    #2286,#2313,#2345,#2351,#2357,#2384,#2431,#2685,#2712,#2739,#2875,
    #2902,#2929,#2956,#2983,#3010,#3017,#3024,#3101,#3155,#3210,#3317,
    #3453,#3500,#3636,#3716,#3892,#3945,#3991,#4044,#4069,#4205,#4419,
    #4446,#4453,#4509));
#17 = ADVANCED_FACE('',(#18),#32,.F.);
#18 = FACE_BOUND('',#19,.F.);
#19 = EDGE_LOOP('',(#20,#55,#83,#111));
#20 = ORIENTED_EDGE('',*,*,#21,.T.);
#21 = EDGE_CURVE('',#22,#24,#26,.T.);
#22 = VERTEX_POINT('',#23);
#23 = CARTESIAN_POINT('',(5.,200.,-440.));
#24 = VERTEX_POINT('',#25);
#25 = CARTESIAN_POINT('',(5.,200.,-345.));
#26 = SURFACE_CURVE('',#27,(#31,#43),.PCURVE_S1.);
#27 = LINE('',#28,#29);
#28 = CARTESIAN_POINT('',(5.,200.,-445.));
#29 = VECTOR('',#30,1.);
#30 = DIRECTION('',(0.,0.,1.));
#31 = PCURVE('',#32,#37);
#32 = PLANE('',#33);
#33 = AXIS2_PLACEMENT_3D('',#34,#35,#36);
#34 = CARTESIAN_POINT('',(5.,200.,-445.));
#35 = DIRECTION('',(0.,1.,0.));
#36 = DIRECTION('',(1.,0.,0.));
#37 = DEFINITIONAL_REPRESENTATION('',(#38),#42);
#38 = LINE('',#39,#40);
#39 = CARTESIAN_POINT('',(0.,0.));
#40 = VECTOR('',#41,1.);
#41 = DIRECTION('',(0.,-1.));
#42 = ( GEOMETRIC_REPRESENTATION_CONTEXT(2) 
PARAMETRIC_REPRESENTATION_CONTEXT() REPRESENTATION_CONTEXT('2D SPACE',''
  ) );
#43 = PCURVE('',#44,#49);
#44 = CYLINDRICAL_SURFACE('',#45,4.99999999977);
#45 = AXIS2_PLACEMENT_3D('',#46,#47,#48);
#46 = CARTESIAN_POINT('',(4.99999999977,204.99999999977,-445.));
#47 = DIRECTION('',(-0.,-0.,-1.));
#48 = DIRECTION('',(-1.,4.593516678353E-11,0.));
#49 = DEFINITIONAL_REPRESENTATION('',(#50),#54);
#50 = LINE('',#51,#52);
#51 = CARTESIAN_POINT('',(-1.570796326887,0.));
#52 = VECTOR('',#53,1.);
#53 = DIRECTION('',(-0.,-1.));
#54 = ( GEOMETRIC_REPRESENTATION_CONTEXT(2) 
PARAMETRIC_REPRESENTATION_CONTEXT() REPRESENTATION_CONTEXT('2D SPACE',''
  ) );
#55 = ORIENTED_EDGE('',*,*,#56,.T.);
#56 = EDGE_CURVE('',#24,#57,#59,.T.);
#57 = VERTEX_POINT('',#58);
#58 = CARTESIAN_POINT('',(95.,200.,-345.));
#59 = SURFACE_CURVE('',#60,(#64,#71),.PCURVE_S1.);
#60 = LINE('',#61,#62);
#61 = CARTESIAN_POINT('',(5.,200.,-345.));
#62 = VECTOR('',#63,1.);
#63 = DIRECTION('',(1.,0.,0.));
#64 = PCURVE('',#32,#65);
#65 = DEFINITIONAL_REPRESENTATION('',(#66),#70);
#66 = LINE('',#67,#68);
#67 = CARTESIAN_POINT('',(0.,-100.));
#68 = VECTOR('',#69,1.);
#69 = DIRECTION('',(1.,0.));
#70 = ( GEOMETRIC_REPRESENTATION_CONTEXT(2) 
PARAMETRIC_REPRESENTATION_CONTEXT() REPRESENTATION_CONTEXT('2D SPACE',''
  ) );
#71 = PCURVE('',#72,#77);
#72 = CYLINDRICAL_SURFACE('',#73,5.);
#73 = AXIS2_PLACEMENT_3D('',#74,#75,#76);
#74 = CARTESIAN_POINT('',(5.,205.,-345.));
#75 = DIRECTION('',(1.,0.,0.));
#76 = DIRECTION('',(0.,-1.,-0.));
#77 = DEFINITIONAL_REPRESENTATION('',(#78),#82);
#78 = LINE('',#79,#80);
#79 = CARTESIAN_POINT('',(-0.,0.));
#80 = VECTOR('',#81,1.);
#81 = DIRECTION('',(-0.,1.));
#82 = ( GEOMETRIC_REPRESENTATION_CONTEXT(2) 
PARAMETRIC_REPRESENTATION_CONTEXT() REPRESENTATION_CONTEXT('2D SPACE',''
  ) );
#83 = ORIENTED_EDGE('',*,*,#84,.F.);
#84 = EDGE_CURVE('',#85,#57,#87,.T.);
#85 = VERTEX_POINT('',#86);
#86 = CARTESIAN_POINT('',(95.,200.,-440.));
#87 = SURFACE_CURVE('',#88,(#92,#99),.PCURVE_S1.);
#88 = LINE('',#89,#90);
#89 = CARTESIAN_POINT('',(95.,200.,-445.));
#90 = VECTOR('',#91,1.);
#91 = DIRECTION('',(0.,0.,1.));
#92 = PCURVE('',#32,#93);
#93 = DEFINITIONAL_REPRESENTATION('',(#94),#98);
#94 = LINE('',#95,#96);
#95 = CARTESIAN_POINT('',(90.,0.));
#96 = VECTOR('',#97,1.);
#97 = DIRECTION('',(0.,-1.));
#98 = ( GEOMETRIC_REPRESENTATION_CONTEXT(2) 
PARAMETRIC_REPRESENTATION_CONTEXT() REPRESENTATION_CONTEXT('2D SPACE',''
  ) );
#99 = PCURVE('',#100,#105);
#100 = CYLINDRICAL_SURFACE('',#101,4.99999999977);
#101 = AXIS2_PLACEMENT_3D('',#102,#103,#104);
#102 = CARTESIAN_POINT('',(95.00000000023,204.99999999977,-445.));
#103 = DIRECTION('',(-0.,-0.,-1.));
#104 = DIRECTION('',(-4.593516678353E-11,-1.,0.));
#105 = DEFINITIONAL_REPRESENTATION('',(#106),#110);
#106 = LINE('',#107,#108);
#107 = CARTESIAN_POINT('',(-0.,0.));
#108 = VECTOR('',#109,1.);
#109 = DIRECTION('',(-0.,-1.));
#110 = ( GEOMETRIC_REPRESENTATION_CONTEXT(2) 
PARAMETRIC_REPRESENTATION_CONTEXT() REPRESENTATION_CONTEXT('2D SPACE',''
  ) );
#111 = ORIENTED_EDGE('',*,*,#112,.F.);
#112 = EDGE_CURVE('',#22,#85,#113,.T.);
#113 = SURFACE_CURVE('',#114,(#118,#125),.PCURVE_S1.);
#114 = LINE('',#115,#116);
#115 = CARTESIAN_POINT('',(5.,200.,-440.));
#116 = VECTOR('',#117,1.);
#117 = DIRECTION('',(1.,0.,0.));
#118 = PCURVE('',#32,#119);
#119 = DEFINITIONAL_REPRESENTATION('',(#120),#124);
#120 = LINE('',#121,#122);
#121 = CARTESIAN_POINT('',(0.,-5.));
#122 = VECTOR('',#123,1.);
#123 = DIRECTION('',(1.,0.));
#124 = ( GEOMETRIC_REPRESENTATION_CONTEXT(2) 
PARAMETRIC_REPRESENTATION_CONTEXT() REPRESENTATION_CONTEXT('2D SPACE',''
  ) );
#125 = PCURVE('',#126,#131);
#126 = CYLINDRICAL_SURFACE('',#127,5.);
#127 = AXIS2_PLACEMENT_3D('',#128,#129,#130);
#128 = CARTESIAN_POINT('',(5.,205.,-440.));
#129 = DIRECTION('',(1.,0.,0.));
#130 = DIRECTION('',(0.,-1.,-0.));
#131 = DEFINITIONAL_REPRESENTATION('',(#132),#136);
#132 = LINE('',#133,#134);
#133 = CARTESIAN_POINT('',(0.,0.));
#134 = VECTOR('',#135,1.);
#135 = DIRECTION('',(0.,1.));
#136 = ( GEOMETRIC_REPRESENTATION_CONTEXT(2) 
PARAMETRIC_REPRESENTATION_CONTEXT() REPRESENTATION_CONTEXT('2D SPACE',''
  ) );
#137 = ADVANCED_FACE('',(#138),#44,.T.);
#138 = FACE_BOUND('',#139,.F.);
#139 = EDGE_LOOP('',(#140,#170,#197,#198));
#140 = ORIENTED_EDGE('',*,*,#141,.T.);
#141 = EDGE_CURVE('',#142,#144,#146,.T.);
#142 = VERTEX_POINT('',#143);
#143 = CARTESIAN_POINT('',(1.7763568394E-15,205.,-440.));
#144 = VERTEX_POINT('',#145);
#145 = CARTESIAN_POINT('',(1.7763568394E-15,205.,-345.));
#146 = SURFACE_CURVE('',#147,(#151,#158),.PCURVE_S1.);
#147 = LINE('',#148,#149);
#148 = CARTESIAN_POINT('',(2.22044604925E-15,205.,-445.));
#149 = VECTOR('',#150,1.);
#150 = DIRECTION('',(0.,0.,1.));
#151 = PCURVE('',#44,#152);
#152 = DEFINITIONAL_REPRESENTATION('',(#153),#157);
#153 = LINE('',#154,#155);
#154 = CARTESIAN_POINT('',(-0.,0.));
#155 = VECTOR('',#156,1.);
#156 = DIRECTION('',(-0.,-1.));
#157 = ( GEOMETRIC_REPRESENTATION_CONTEXT(2) 
PARAMETRIC_REPRESENTATION_CONTEXT() REPRESENTATION_CONTEXT('2D SPACE',''
  ) );
#158 = PCURVE('',#159,#164);
#159 = PLANE('',#160);
#160 = AXIS2_PLACEMENT_3D('',#161,#162,#163);
#161 = CARTESIAN_POINT('',(-1.15463194561E-14,315.,-445.));
#162 = DIRECTION('',(1.,1.0496654051E-16,-0.));
#163 = DIRECTION('',(1.0496654051E-16,-1.,0.));
#164 = DEFINITIONAL_REPRESENTATION('',(#165),#169);
#165 = LINE('',#166,#167);
#166 = CARTESIAN_POINT('',(110.,0.));
#167 = VECTOR('',#168,1.);
#168 = DIRECTION('',(0.,-1.));
#169 = ( GEOMETRIC_REPRESENTATION_CONTEXT(2) 
PARAMETRIC_REPRESENTATION_CONTEXT() REPRESENTATION_CONTEXT('2D SPACE',''
  ) );
#170 = ORIENTED_EDGE('',*,*,#171,.T.);
#171 = EDGE_CURVE('',#144,#24,#172,.T.);
#172 = SURFACE_CURVE('',#173,(#178,#185),.PCURVE_S1.);
#173 = CIRCLE('',#174,4.99999999977);
#174 = AXIS2_PLACEMENT_3D('',#175,#176,#177);
#175 = CARTESIAN_POINT('',(4.99999999977,204.99999999977,-345.));
#176 = DIRECTION('',(0.,0.,1.));
#177 = DIRECTION('',(-1.,4.593516678353E-11,0.));
#178 = PCURVE('',#44,#179);
#179 = DEFINITIONAL_REPRESENTATION('',(#180),#184);
#180 = LINE('',#181,#182);
#181 = CARTESIAN_POINT('',(-0.,-100.));
#182 = VECTOR('',#183,1.);
#183 = DIRECTION('',(-1.,0.));
#184 = ( GEOMETRIC_REPRESENTATION_CONTEXT(2) 
PARAMETRIC_REPRESENTATION_CONTEXT() REPRESENTATION_CONTEXT('2D SPACE',''
  ) );
#185 = PCURVE('',#186,#191);
#186 = SPHERICAL_SURFACE('',#187,5.);
#187 = AXIS2_PLACEMENT_3D('',#188,#189,#190);
#188 = CARTESIAN_POINT('',(4.99999999977,204.99999999977,-345.));
#189 = DIRECTION('',(0.,0.,1.));
#190 = DIRECTION('',(-1.,4.593516678353E-11,0.));
#191 = DEFINITIONAL_REPRESENTATION('',(#192),#196);
#192 = LINE('',#193,#194);
#193 = CARTESIAN_POINT('',(0.,0.));
#194 = VECTOR('',#195,1.);
#195 = DIRECTION('',(1.,0.));
#196 = ( GEOMETRIC_REPRESENTATION_CONTEXT(2) 
PARAMETRIC_REPRESENTATION_CONTEXT() REPRESENTATION_CONTEXT('2D SPACE',''
  ) );
#197 = ORIENTED_EDGE('',*,*,#21,.F.);
#198 = ORIENTED_EDGE('',*,*,#199,.F.);
#199 = EDGE_CURVE('',#142,#22,#200,.T.);
#200 = SURFACE_CURVE('',#201,(#206,#213),.PCURVE_S1.);
#201 = CIRCLE('',#202,4.99999999977);
#202 = AXIS2_PLACEMENT_3D('',#203,#204,#205);
#203 = CARTESIAN_POINT('',(4.99999999977,204.99999999977,-440.));
#204 = DIRECTION('',(0.,0.,1.));
#205 = DIRECTION('',(-1.,4.593516678353E-11,0.));
#206 = PCURVE('',#44,#207);
#207 = DEFINITIONAL_REPRESENTATION('',(#208),#212);
#208 = LINE('',#209,#210);
#209 = CARTESIAN_POINT('',(-0.,-5.));
#210 = VECTOR('',#211,1.);
#211 = DIRECTION('',(-1.,0.));
#212 = ( GEOMETRIC_REPRESENTATION_CONTEXT(2) 
PARAMETRIC_REPRESENTATION_CONTEXT() REPRESENTATION_CONTEXT('2D SPACE',''
  ) );
#213 = PCURVE('',#214,#219);
#214 = SPHERICAL_SURFACE('',#215,5.);
#215 = AXIS2_PLACEMENT_3D('',#216,#217,#218);
#216 = CARTESIAN_POINT('',(4.99999999977,204.99999999977,-440.));
#217 = DIRECTION('',(-0.,-0.,-1.));
#218 = DIRECTION('',(-1.,4.593516678353E-11,0.));
#219 = DEFINITIONAL_REPRESENTATION('',(#220),#224);
#220 = LINE('',#221,#222);
#221 = CARTESIAN_POINT('',(-0.,0.));
#222 = VECTOR('',#223,1.);
#223 = DIRECTION('',(-1.,0.));
#224 = ( GEOMETRIC_REPRESENTATION_CONTEXT(2) 
PARAMETRIC_REPRESENTATION_CONTEXT() REPRESENTATION_CONTEXT('2D SPACE',''
  ) );
#225 = ADVANCED_FACE('',(#226),#126,.T.);
#226 = FACE_BOUND('',#227,.T.);
#227 = EDGE_LOOP('',(#228,#250,#278,#303));
#228 = ORIENTED_EDGE('',*,*,#229,.T.);
#229 = EDGE_CURVE('',#22,#230,#232,.T.);
#230 = VERTEX_POINT('',#231);
#231 = CARTESIAN_POINT('',(5.,205.,-445.));
#232 = SURFACE_CURVE('',#233,(#238,#244),.PCURVE_S1.);
#233 = CIRCLE('',#234,5.);
#234 = AXIS2_PLACEMENT_3D('',#235,#236,#237);
#235 = CARTESIAN_POINT('',(5.,205.,-440.));
#236 = DIRECTION('',(1.,0.,0.));
#237 = DIRECTION('',(0.,-1.,-0.));
#238 = PCURVE('',#126,#239);
#239 = DEFINITIONAL_REPRESENTATION('',(#240),#243);
#240 = B_SPLINE_CURVE_WITH_KNOTS('',1,(#241,#242),.UNSPECIFIED.,.F.,.F.,
  (2,2),(0.,1.570796326795),.PIECEWISE_BEZIER_KNOTS.);
#241 = CARTESIAN_POINT('',(0.,0.));
#242 = CARTESIAN_POINT('',(1.570796326795,0.));
#243 = ( GEOMETRIC_REPRESENTATION_CONTEXT(2) 
PARAMETRIC_REPRESENTATION_CONTEXT() REPRESENTATION_CONTEXT('2D SPACE',''
  ) );
#244 = PCURVE('',#214,#245);
#245 = DEFINITIONAL_REPRESENTATION('',(#246),#249);
#246 = B_SPLINE_CURVE_WITH_KNOTS('',1,(#247,#248),.UNSPECIFIED.,.F.,.F.,
  (2,2),(0.,1.570796326795),.PIECEWISE_BEZIER_KNOTS.);
#247 = CARTESIAN_POINT('',(-1.570796326887,0.));
#248 = CARTESIAN_POINT('',(-1.570796326887,1.570796326795));
#249 = ( GEOMETRIC_REPRESENTATION_CONTEXT(2) 
PARAMETRIC_REPRESENTATION_CONTEXT() REPRESENTATION_CONTEXT('2D SPACE',''
  ) );
#250 = ORIENTED_EDGE('',*,*,#251,.T.);
#251 = EDGE_CURVE('',#230,#252,#254,.T.);
#252 = VERTEX_POINT('',#253);
#253 = CARTESIAN_POINT('',(95.,205.,-445.));
#254 = SURFACE_CURVE('',#255,(#259,#266),.PCURVE_S1.);
#255 = LINE('',#256,#257);
#256 = CARTESIAN_POINT('',(5.,205.,-445.));
#257 = VECTOR('',#258,1.);
#258 = DIRECTION('',(1.,0.,0.));
#259 = PCURVE('',#126,#260);
#260 = DEFINITIONAL_REPRESENTATION('',(#261),#265);
#261 = LINE('',#262,#263);
#262 = CARTESIAN_POINT('',(1.570796326795,0.));
#263 = VECTOR('',#264,1.);
#264 = DIRECTION('',(0.,1.));
#265 = ( GEOMETRIC_REPRESENTATION_CONTEXT(2) 
PARAMETRIC_REPRESENTATION_CONTEXT() REPRESENTATION_CONTEXT('2D SPACE',''
  ) );
#266 = PCURVE('',#267,#272);
#267 = PLANE('',#268);
#268 = AXIS2_PLACEMENT_3D('',#269,#270,#271);
#269 = CARTESIAN_POINT('',(136.62422300685,260.,-445.));
#270 = DIRECTION('',(0.,0.,1.));
#271 = DIRECTION('',(1.,0.,-0.));
#272 = DEFINITIONAL_REPRESENTATION('',(#273),#277);
#273 = LINE('',#274,#275);
#274 = CARTESIAN_POINT('',(-131.6242230068,-55.));
#275 = VECTOR('',#276,1.);
#276 = DIRECTION('',(1.,0.));
#277 = ( GEOMETRIC_REPRESENTATION_CONTEXT(2) 
PARAMETRIC_REPRESENTATION_CONTEXT() REPRESENTATION_CONTEXT('2D SPACE',''
  ) );
#278 = ORIENTED_EDGE('',*,*,#279,.F.);
#279 = EDGE_CURVE('',#85,#252,#280,.T.);
#280 = SURFACE_CURVE('',#281,(#286,#292),.PCURVE_S1.);
#281 = CIRCLE('',#282,5.);
#282 = AXIS2_PLACEMENT_3D('',#283,#284,#285);
#283 = CARTESIAN_POINT('',(95.,205.,-440.));
#284 = DIRECTION('',(1.,0.,0.));
#285 = DIRECTION('',(0.,-1.,-0.));
#286 = PCURVE('',#126,#287);
#287 = DEFINITIONAL_REPRESENTATION('',(#288),#291);
#288 = B_SPLINE_CURVE_WITH_KNOTS('',1,(#289,#290),.UNSPECIFIED.,.F.,.F.,
  (2,2),(0.,1.570796326795),.PIECEWISE_BEZIER_KNOTS.);
#289 = CARTESIAN_POINT('',(0.,90.));
#290 = CARTESIAN_POINT('',(1.570796326795,90.));
#291 = ( GEOMETRIC_REPRESENTATION_CONTEXT(2) 
PARAMETRIC_REPRESENTATION_CONTEXT() REPRESENTATION_CONTEXT('2D SPACE',''
  ) );
#292 = PCURVE('',#293,#298);
#293 = SPHERICAL_SURFACE('',#294,5.);
#294 = AXIS2_PLACEMENT_3D('',#295,#296,#297);
#295 = CARTESIAN_POINT('',(95.00000000023,204.99999999977,-440.));
#296 = DIRECTION('',(-0.,-0.,-1.));
#297 = DIRECTION('',(-4.593516678353E-11,-1.,0.));
#298 = DEFINITIONAL_REPRESENTATION('',(#299),#302);
#299 = B_SPLINE_CURVE_WITH_KNOTS('',1,(#300,#301),.UNSPECIFIED.,.F.,.F.,
  (2,2),(0.,1.570796326795),.PIECEWISE_BEZIER_KNOTS.);
#300 = CARTESIAN_POINT('',(0.,0.));
#301 = CARTESIAN_POINT('',(0.,1.570796326795));
#302 = ( GEOMETRIC_REPRESENTATION_CONTEXT(2) 
PARAMETRIC_REPRESENTATION_CONTEXT() REPRESENTATION_CONTEXT('2D SPACE',''
  ) );
#303 = ORIENTED_EDGE('',*,*,#112,.F.);
#304 = ADVANCED_FACE('',(#305),#72,.T.);
#305 = FACE_BOUND('',#306,.F.);
#306 = EDGE_LOOP('',(#307,#329,#357,#382));
#307 = ORIENTED_EDGE('',*,*,#308,.T.);
#308 = EDGE_CURVE('',#24,#309,#311,.T.);
#309 = VERTEX_POINT('',#310);
#310 = CARTESIAN_POINT('',(5.,205.,-340.));
#311 = SURFACE_CURVE('',#312,(#317,#323),.PCURVE_S1.);
#312 = CIRCLE('',#313,5.);
#313 = AXIS2_PLACEMENT_3D('',#314,#315,#316);
#314 = CARTESIAN_POINT('',(5.,205.,-345.));
#315 = DIRECTION('',(-1.,-0.,0.));
#316 = DIRECTION('',(0.,-1.,0.));
#317 = PCURVE('',#72,#318);
#318 = DEFINITIONAL_REPRESENTATION('',(#319),#322);
#319 = B_SPLINE_CURVE_WITH_KNOTS('',1,(#320,#321),.UNSPECIFIED.,.F.,.F.,
  (2,2),(0.,1.570796326795),.PIECEWISE_BEZIER_KNOTS.);
#320 = CARTESIAN_POINT('',(0.,0.));
#321 = CARTESIAN_POINT('',(-1.570796326795,0.));
#322 = ( GEOMETRIC_REPRESENTATION_CONTEXT(2) 
PARAMETRIC_REPRESENTATION_CONTEXT() REPRESENTATION_CONTEXT('2D SPACE',''
  ) );
#323 = PCURVE('',#186,#324);
#324 = DEFINITIONAL_REPRESENTATION('',(#325),#328);
#325 = B_SPLINE_CURVE_WITH_KNOTS('',1,(#326,#327),.UNSPECIFIED.,.F.,.F.,
  (2,2),(0.,1.570796326795),.PIECEWISE_BEZIER_KNOTS.);
#326 = CARTESIAN_POINT('',(1.570796326887,0.));
#327 = CARTESIAN_POINT('',(1.570796326887,1.570796326795));
#328 = ( GEOMETRIC_REPRESENTATION_CONTEXT(2) 
PARAMETRIC_REPRESENTATION_CONTEXT() REPRESENTATION_CONTEXT('2D SPACE',''
  ) );
#329 = ORIENTED_EDGE('',*,*,#330,.T.);
#330 = EDGE_CURVE('',#309,#331,#333,.T.);
#331 = VERTEX_POINT('',#332);
#332 = CARTESIAN_POINT('',(95.,205.,-340.));
#333 = SURFACE_CURVE('',#334,(#338,#345),.PCURVE_S1.);
#334 = LINE('',#335,#336);
#335 = CARTESIAN_POINT('',(5.,205.,-340.));
#336 = VECTOR('',#337,1.);
#337 = DIRECTION('',(1.,0.,0.));
#338 = PCURVE('',#72,#339);
#339 = DEFINITIONAL_REPRESENTATION('',(#340),#344);
#340 = LINE('',#341,#342);
#341 = CARTESIAN_POINT('',(-1.570796326795,0.));
#342 = VECTOR('',#343,1.);
#343 = DIRECTION('',(-0.,1.));
#344 = ( GEOMETRIC_REPRESENTATION_CONTEXT(2) 
PARAMETRIC_REPRESENTATION_CONTEXT() REPRESENTATION_CONTEXT('2D SPACE',''
  ) );
#345 = PCURVE('',#346,#351);
#346 = PLANE('',#347);
#347 = AXIS2_PLACEMENT_3D('',#348,#349,#350);
#348 = CARTESIAN_POINT('',(136.62422300685,260.,-340.));
#349 = DIRECTION('',(0.,0.,1.));
#350 = DIRECTION('',(1.,0.,-0.));
#351 = DEFINITIONAL_REPRESENTATION('',(#352),#356);
#352 = LINE('',#353,#354);
#353 = CARTESIAN_POINT('',(-131.6242230068,-55.));
#354 = VECTOR('',#355,1.);
#355 = DIRECTION('',(1.,0.));
#356 = ( GEOMETRIC_REPRESENTATION_CONTEXT(2) 
PARAMETRIC_REPRESENTATION_CONTEXT() REPRESENTATION_CONTEXT('2D SPACE',''
  ) );
#357 = ORIENTED_EDGE('',*,*,#358,.F.);
#358 = EDGE_CURVE('',#57,#331,#359,.T.);
#359 = SURFACE_CURVE('',#360,(#365,#371),.PCURVE_S1.);
#360 = CIRCLE('',#361,5.);
#361 = AXIS2_PLACEMENT_3D('',#362,#363,#364);
#362 = CARTESIAN_POINT('',(95.,205.,-345.));
#363 = DIRECTION('',(-1.,-0.,0.));
#364 = DIRECTION('',(0.,-1.,0.));
#365 = PCURVE('',#72,#366);
#366 = DEFINITIONAL_REPRESENTATION('',(#367),#370);
#367 = B_SPLINE_CURVE_WITH_KNOTS('',1,(#368,#369),.UNSPECIFIED.,.F.,.F.,
  (2,2),(0.,1.570796326795),.PIECEWISE_BEZIER_KNOTS.);
#368 = CARTESIAN_POINT('',(0.,90.));
#369 = CARTESIAN_POINT('',(-1.570796326795,90.));
#370 = ( GEOMETRIC_REPRESENTATION_CONTEXT(2) 
PARAMETRIC_REPRESENTATION_CONTEXT() REPRESENTATION_CONTEXT('2D SPACE',''
  ) );
#371 = PCURVE('',#372,#377);
#372 = SPHERICAL_SURFACE('',#373,5.);
#373 = AXIS2_PLACEMENT_3D('',#374,#375,#376);
#374 = CARTESIAN_POINT('',(95.00000000023,204.99999999977,-345.));
#375 = DIRECTION('',(0.,0.,1.));
#376 = DIRECTION('',(-4.593516678353E-11,-1.,0.));
#377 = DEFINITIONAL_REPRESENTATION('',(#378),#381);
#378 = B_SPLINE_CURVE_WITH_KNOTS('',1,(#379,#380),.UNSPECIFIED.,.F.,.F.,
  (2,2),(0.,1.570796326795),.PIECEWISE_BEZIER_KNOTS.);
#379 = CARTESIAN_POINT('',(0.,0.));
#380 = CARTESIAN_POINT('',(0.,1.570796326795));
#381 = ( GEOMETRIC_REPRESENTATION_CONTEXT(2) 
PARAMETRIC_REPRESENTATION_CONTEXT() REPRESENTATION_CONTEXT('2D SPACE',''
  ) );
#382 = ORIENTED_EDGE('',*,*,#56,.F.);
#383 = ADVANCED_FACE('',(#384),#100,.T.);
#384 = FACE_BOUND('',#385,.F.);
#385 = EDGE_LOOP('',(#386,#387,#411,#439));
#386 = ORIENTED_EDGE('',*,*,#84,.T.);
#387 = ORIENTED_EDGE('',*,*,#388,.T.);
#388 = EDGE_CURVE('',#57,#389,#391,.T.);
#389 = VERTEX_POINT('',#390);
#390 = CARTESIAN_POINT('',(100.00000000023,205.,-345.));
#391 = SURFACE_CURVE('',#392,(#397,#404),.PCURVE_S1.);
#392 = CIRCLE('',#393,4.99999999977);
#393 = AXIS2_PLACEMENT_3D('',#394,#395,#396);
#394 = CARTESIAN_POINT('',(95.00000000023,204.99999999977,-345.));
#395 = DIRECTION('',(0.,0.,1.));
#396 = DIRECTION('',(-4.593516678353E-11,-1.,0.));
#397 = PCURVE('',#100,#398);
#398 = DEFINITIONAL_REPRESENTATION('',(#399),#403);
#399 = LINE('',#400,#401);
#400 = CARTESIAN_POINT('',(-0.,-100.));
#401 = VECTOR('',#402,1.);
#402 = DIRECTION('',(-1.,0.));
#403 = ( GEOMETRIC_REPRESENTATION_CONTEXT(2) 
PARAMETRIC_REPRESENTATION_CONTEXT() REPRESENTATION_CONTEXT('2D SPACE',''
  ) );
#404 = PCURVE('',#372,#405);
#405 = DEFINITIONAL_REPRESENTATION('',(#406),#410);
#406 = LINE('',#407,#408);
#407 = CARTESIAN_POINT('',(0.,0.));
#408 = VECTOR('',#409,1.);
#409 = DIRECTION('',(1.,0.));
#410 = ( GEOMETRIC_REPRESENTATION_CONTEXT(2) 
PARAMETRIC_REPRESENTATION_CONTEXT() REPRESENTATION_CONTEXT('2D SPACE',''
  ) );
#411 = ORIENTED_EDGE('',*,*,#412,.F.);
#412 = EDGE_CURVE('',#413,#389,#415,.T.);
#413 = VERTEX_POINT('',#414);
#414 = CARTESIAN_POINT('',(100.00000000023,205.,-440.));
#415 = SURFACE_CURVE('',#416,(#420,#427),.PCURVE_S1.);
#416 = LINE('',#417,#418);
#417 = CARTESIAN_POINT('',(100.,205.,-445.));
#418 = VECTOR('',#419,1.);
#419 = DIRECTION('',(0.,0.,1.));
#420 = PCURVE('',#100,#421);
#421 = DEFINITIONAL_REPRESENTATION('',(#422),#426);
#422 = LINE('',#423,#424);
#423 = CARTESIAN_POINT('',(-1.570796326887,0.));
#424 = VECTOR('',#425,1.);
#425 = DIRECTION('',(-0.,-1.));
#426 = ( GEOMETRIC_REPRESENTATION_CONTEXT(2) 
PARAMETRIC_REPRESENTATION_CONTEXT() REPRESENTATION_CONTEXT('2D SPACE',''
  ) );
#427 = PCURVE('',#428,#433);
#428 = PLANE('',#429);
#429 = AXIS2_PLACEMENT_3D('',#430,#431,#432);
#430 = CARTESIAN_POINT('',(100.,205.,-445.));
#431 = DIRECTION('',(-1.,0.,0.));
#432 = DIRECTION('',(0.,1.,0.));
#433 = DEFINITIONAL_REPRESENTATION('',(#434),#438);
#434 = LINE('',#435,#436);
#435 = CARTESIAN_POINT('',(0.,0.));
#436 = VECTOR('',#437,1.);
#437 = DIRECTION('',(0.,-1.));
#438 = ( GEOMETRIC_REPRESENTATION_CONTEXT(2) 
PARAMETRIC_REPRESENTATION_CONTEXT() REPRESENTATION_CONTEXT('2D SPACE',''
  ) );
#439 = ORIENTED_EDGE('',*,*,#440,.F.);
#440 = EDGE_CURVE('',#85,#413,#441,.T.);
#441 = SURFACE_CURVE('',#442,(#447,#454),.PCURVE_S1.);
#442 = CIRCLE('',#443,4.99999999977);
#443 = AXIS2_PLACEMENT_3D('',#444,#445,#446);
#444 = CARTESIAN_POINT('',(95.00000000023,204.99999999977,-440.));
#445 = DIRECTION('',(0.,0.,1.));
#446 = DIRECTION('',(-4.593516678353E-11,-1.,0.));
#447 = PCURVE('',#100,#448);
#448 = DEFINITIONAL_REPRESENTATION('',(#449),#453);
#449 = LINE('',#450,#451);
#450 = CARTESIAN_POINT('',(-0.,-5.));
#451 = VECTOR('',#452,1.);
#452 = DIRECTION('',(-1.,0.));
#453 = ( GEOMETRIC_REPRESENTATION_CONTEXT(2) 
PARAMETRIC_REPRESENTATION_CONTEXT() REPRESENTATION_CONTEXT('2D SPACE',''
  ) );
#454 = PCURVE('',#293,#455);
#455 = DEFINITIONAL_REPRESENTATION('',(#456),#460);
#456 = LINE('',#457,#458);
#457 = CARTESIAN_POINT('',(-0.,0.));
#458 = VECTOR('',#459,1.);
#459 = DIRECTION('',(-1.,0.));
#460 = ( GEOMETRIC_REPRESENTATION_CONTEXT(2) 
PARAMETRIC_REPRESENTATION_CONTEXT() REPRESENTATION_CONTEXT('2D SPACE',''
  ) );
#461 = ADVANCED_FACE('',(#462),#159,.F.);
#462 = FACE_BOUND('',#463,.F.);
#463 = EDGE_LOOP('',(#464,#494,#520,#521));
#464 = ORIENTED_EDGE('',*,*,#465,.T.);
#465 = EDGE_CURVE('',#466,#468,#470,.T.);
#466 = VERTEX_POINT('',#467);
#467 = CARTESIAN_POINT('',(-2.296758339071E-10,315.,-440.));
#468 = VERTEX_POINT('',#469);
#469 = CARTESIAN_POINT('',(-2.296758339071E-10,315.,-345.));
#470 = SURFACE_CURVE('',#471,(#475,#482),.PCURVE_S1.);
#471 = LINE('',#472,#473);
#472 = CARTESIAN_POINT('',(-1.15463194561E-14,315.,-445.));
#473 = VECTOR('',#474,1.);
#474 = DIRECTION('',(0.,0.,1.));
#475 = PCURVE('',#159,#476);
#476 = DEFINITIONAL_REPRESENTATION('',(#477),#481);
#477 = LINE('',#478,#479);
#478 = CARTESIAN_POINT('',(0.,0.));
#479 = VECTOR('',#480,1.);
#480 = DIRECTION('',(0.,-1.));
#481 = ( GEOMETRIC_REPRESENTATION_CONTEXT(2) 
PARAMETRIC_REPRESENTATION_CONTEXT() REPRESENTATION_CONTEXT('2D SPACE',''
  ) );
#482 = PCURVE('',#483,#488);
#483 = CYLINDRICAL_SURFACE('',#484,4.99999999977);
#484 = AXIS2_PLACEMENT_3D('',#485,#486,#487);
#485 = CARTESIAN_POINT('',(4.99999999977,315.00000000023,-445.));
#486 = DIRECTION('',(-0.,-0.,-1.));
#487 = DIRECTION('',(4.593339042669E-11,1.,-0.));
#488 = DEFINITIONAL_REPRESENTATION('',(#489),#493);
#489 = LINE('',#490,#491);
#490 = CARTESIAN_POINT('',(-1.570796326887,0.));
#491 = VECTOR('',#492,1.);
#492 = DIRECTION('',(-0.,-1.));
#493 = ( GEOMETRIC_REPRESENTATION_CONTEXT(2) 
PARAMETRIC_REPRESENTATION_CONTEXT() REPRESENTATION_CONTEXT('2D SPACE',''
  ) );
#494 = ORIENTED_EDGE('',*,*,#495,.T.);
#495 = EDGE_CURVE('',#468,#144,#496,.T.);
#496 = SURFACE_CURVE('',#497,(#501,#508),.PCURVE_S1.);
#497 = LINE('',#498,#499);
#498 = CARTESIAN_POINT('',(-9.769962616701E-15,315.,-345.));
#499 = VECTOR('',#500,1.);
#500 = DIRECTION('',(1.0496654051E-16,-1.,0.));
#501 = PCURVE('',#159,#502);
#502 = DEFINITIONAL_REPRESENTATION('',(#503),#507);
#503 = LINE('',#504,#505);
#504 = CARTESIAN_POINT('',(0.,-100.));
#505 = VECTOR('',#506,1.);
#506 = DIRECTION('',(1.,0.));
#507 = ( GEOMETRIC_REPRESENTATION_CONTEXT(2) 
PARAMETRIC_REPRESENTATION_CONTEXT() REPRESENTATION_CONTEXT('2D SPACE',''
  ) );
#508 = PCURVE('',#509,#514);
#509 = CYLINDRICAL_SURFACE('',#510,5.);
#510 = AXIS2_PLACEMENT_3D('',#511,#512,#513);
#511 = CARTESIAN_POINT('',(5.,315.,-345.));
#512 = DIRECTION('',(1.0496654051E-16,-1.,0.));
#513 = DIRECTION('',(-1.,-1.0496654051E-16,0.));
#514 = DEFINITIONAL_REPRESENTATION('',(#515),#519);
#515 = LINE('',#516,#517);
#516 = CARTESIAN_POINT('',(-0.,0.));
#517 = VECTOR('',#518,1.);
#518 = DIRECTION('',(-0.,1.));
#519 = ( GEOMETRIC_REPRESENTATION_CONTEXT(2) 
PARAMETRIC_REPRESENTATION_CONTEXT() REPRESENTATION_CONTEXT('2D SPACE',''
  ) );
#520 = ORIENTED_EDGE('',*,*,#141,.F.);
#521 = ORIENTED_EDGE('',*,*,#522,.F.);
#522 = EDGE_CURVE('',#466,#142,#523,.T.);
#523 = SURFACE_CURVE('',#524,(#528,#535),.PCURVE_S1.);
#524 = LINE('',#525,#526);
#525 = CARTESIAN_POINT('',(-9.769962616701E-15,315.,-440.));
#526 = VECTOR('',#527,1.);
#527 = DIRECTION('',(1.0496654051E-16,-1.,0.));
#528 = PCURVE('',#159,#529);
#529 = DEFINITIONAL_REPRESENTATION('',(#530),#534);
#530 = LINE('',#531,#532);
#531 = CARTESIAN_POINT('',(0.,-5.));
#532 = VECTOR('',#533,1.);
#533 = DIRECTION('',(1.,0.));
#534 = ( GEOMETRIC_REPRESENTATION_CONTEXT(2) 
PARAMETRIC_REPRESENTATION_CONTEXT() REPRESENTATION_CONTEXT('2D SPACE',''
  ) );
#535 = PCURVE('',#536,#541);
#536 = CYLINDRICAL_SURFACE('',#537,5.);
#537 = AXIS2_PLACEMENT_3D('',#538,#539,#540);
#538 = CARTESIAN_POINT('',(5.,315.,-440.));
#539 = DIRECTION('',(1.0496654051E-16,-1.,0.));
#540 = DIRECTION('',(-1.,-1.0496654051E-16,0.));
#541 = DEFINITIONAL_REPRESENTATION('',(#542),#546);
#542 = LINE('',#543,#544);
#543 = CARTESIAN_POINT('',(0.,0.));
#544 = VECTOR('',#545,1.);
#545 = DIRECTION('',(0.,1.));
#546 = ( GEOMETRIC_REPRESENTATION_CONTEXT(2) 
PARAMETRIC_REPRESENTATION_CONTEXT() REPRESENTATION_CONTEXT('2D SPACE',''
  ) );
#547 = ADVANCED_FACE('',(#548),#214,.T.);
#548 = FACE_BOUND('',#549,.F.);
#549 = EDGE_LOOP('',(#550,#570,#571));
#550 = ORIENTED_EDGE('',*,*,#551,.F.);
#551 = EDGE_CURVE('',#142,#230,#552,.T.);
#552 = SURFACE_CURVE('',#553,(#558,#564),.PCURVE_S1.);
#553 = CIRCLE('',#554,5.);
#554 = AXIS2_PLACEMENT_3D('',#555,#556,#557);
#555 = CARTESIAN_POINT('',(5.,205.,-440.));
#556 = DIRECTION('',(1.0496654051E-16,-1.,0.));
#557 = DIRECTION('',(-1.,-1.0496654051E-16,0.));
#558 = PCURVE('',#214,#559);
#559 = DEFINITIONAL_REPRESENTATION('',(#560),#563);
#560 = B_SPLINE_CURVE_WITH_KNOTS('',1,(#561,#562),.UNSPECIFIED.,.F.,.F.,
  (2,2),(0.,1.570796326795),.PIECEWISE_BEZIER_KNOTS.);
#561 = CARTESIAN_POINT('',(0.,0.));
#562 = CARTESIAN_POINT('',(0.,1.570796326795));
#563 = ( GEOMETRIC_REPRESENTATION_CONTEXT(2) 
PARAMETRIC_REPRESENTATION_CONTEXT() REPRESENTATION_CONTEXT('2D SPACE',''
  ) );
#564 = PCURVE('',#536,#565);
#565 = DEFINITIONAL_REPRESENTATION('',(#566),#569);
#566 = B_SPLINE_CURVE_WITH_KNOTS('',1,(#567,#568),.UNSPECIFIED.,.F.,.F.,
  (2,2),(0.,1.570796326795),.PIECEWISE_BEZIER_KNOTS.);
#567 = CARTESIAN_POINT('',(0.,110.));
#568 = CARTESIAN_POINT('',(1.570796326795,110.));
#569 = ( GEOMETRIC_REPRESENTATION_CONTEXT(2) 
PARAMETRIC_REPRESENTATION_CONTEXT() REPRESENTATION_CONTEXT('2D SPACE',''
  ) );
#570 = ORIENTED_EDGE('',*,*,#199,.T.);
#571 = ORIENTED_EDGE('',*,*,#229,.T.);
#572 = ADVANCED_FACE('',(#573),#186,.T.);
#573 = FACE_BOUND('',#574,.T.);
#574 = EDGE_LOOP('',(#575,#595,#596));
#575 = ORIENTED_EDGE('',*,*,#576,.F.);
#576 = EDGE_CURVE('',#144,#309,#577,.T.);
#577 = SURFACE_CURVE('',#578,(#583,#589),.PCURVE_S1.);
#578 = CIRCLE('',#579,5.);
#579 = AXIS2_PLACEMENT_3D('',#580,#581,#582);
#580 = CARTESIAN_POINT('',(5.,205.,-345.));
#581 = DIRECTION('',(-1.0496654051E-16,1.,0.));
#582 = DIRECTION('',(-1.,-1.0496654051E-16,0.));
#583 = PCURVE('',#186,#584);
#584 = DEFINITIONAL_REPRESENTATION('',(#585),#588);
#585 = B_SPLINE_CURVE_WITH_KNOTS('',1,(#586,#587),.UNSPECIFIED.,.F.,.F.,
  (2,2),(0.,1.570796326795),.PIECEWISE_BEZIER_KNOTS.);
#586 = CARTESIAN_POINT('',(0.,0.));
#587 = CARTESIAN_POINT('',(0.,1.570796326795));
#588 = ( GEOMETRIC_REPRESENTATION_CONTEXT(2) 
PARAMETRIC_REPRESENTATION_CONTEXT() REPRESENTATION_CONTEXT('2D SPACE',''
  ) );
#589 = PCURVE('',#509,#590);
#590 = DEFINITIONAL_REPRESENTATION('',(#591),#594);
#591 = B_SPLINE_CURVE_WITH_KNOTS('',1,(#592,#593),.UNSPECIFIED.,.F.,.F.,
  (2,2),(0.,1.570796326795),.PIECEWISE_BEZIER_KNOTS.);
#592 = CARTESIAN_POINT('',(0.,110.));
#593 = CARTESIAN_POINT('',(-1.570796326795,110.));
#594 = ( GEOMETRIC_REPRESENTATION_CONTEXT(2) 
PARAMETRIC_REPRESENTATION_CONTEXT() REPRESENTATION_CONTEXT('2D SPACE',''
  ) );
#595 = ORIENTED_EDGE('',*,*,#171,.T.);
#596 = ORIENTED_EDGE('',*,*,#308,.T.);
#597 = ADVANCED_FACE('',(#598),#267,.F.);
#598 = FACE_BOUND('',#599,.F.);
#599 = EDGE_LOOP('',(#600,#601,#629,#662,#690,#718,#746,#779,#807,#835)
  );
#600 = ORIENTED_EDGE('',*,*,#251,.T.);
#601 = ORIENTED_EDGE('',*,*,#602,.T.);
#602 = EDGE_CURVE('',#252,#603,#605,.T.);
#603 = VERTEX_POINT('',#604);
#604 = CARTESIAN_POINT('',(95.,210.,-445.));
#605 = SURFACE_CURVE('',#606,(#610,#617),.PCURVE_S1.);
#606 = LINE('',#607,#608);
#607 = CARTESIAN_POINT('',(95.,205.,-445.));
#608 = VECTOR('',#609,1.);
#609 = DIRECTION('',(0.,1.,0.));
#610 = PCURVE('',#267,#611);
#611 = DEFINITIONAL_REPRESENTATION('',(#612),#616);
#612 = LINE('',#613,#614);
#613 = CARTESIAN_POINT('',(-41.62422300685,-55.));
#614 = VECTOR('',#615,1.);
#615 = DIRECTION('',(0.,1.));
#616 = ( GEOMETRIC_REPRESENTATION_CONTEXT(2) 
PARAMETRIC_REPRESENTATION_CONTEXT() REPRESENTATION_CONTEXT('2D SPACE',''
  ) );
#617 = PCURVE('',#618,#623);
#618 = CYLINDRICAL_SURFACE('',#619,5.);
#619 = AXIS2_PLACEMENT_3D('',#620,#621,#622);
#620 = CARTESIAN_POINT('',(95.,205.,-440.));
#621 = DIRECTION('',(0.,1.,0.));
#622 = DIRECTION('',(1.,0.,-0.));
#623 = DEFINITIONAL_REPRESENTATION('',(#624),#628);
#624 = LINE('',#625,#626);
#625 = CARTESIAN_POINT('',(1.570796326795,0.));
#626 = VECTOR('',#627,1.);
#627 = DIRECTION('',(0.,1.));
#628 = ( GEOMETRIC_REPRESENTATION_CONTEXT(2) 
PARAMETRIC_REPRESENTATION_CONTEXT() REPRESENTATION_CONTEXT('2D SPACE',''
  ) );
#629 = ORIENTED_EDGE('',*,*,#630,.T.);
#630 = EDGE_CURVE('',#603,#631,#633,.T.);
#631 = VERTEX_POINT('',#632);
#632 = CARTESIAN_POINT('',(120.00000000023,235.,-445.));
#633 = SURFACE_CURVE('',#634,(#639,#650),.PCURVE_S1.);
#634 = CIRCLE('',#635,24.999999999081);
#635 = AXIS2_PLACEMENT_3D('',#636,#637,#638);
#636 = CARTESIAN_POINT('',(119.99999999908,210.00000000091,-445.));
#637 = DIRECTION('',(-0.,0.,-1.));
#638 = DIRECTION('',(-1.,-4.592948244164E-11,0.));
#639 = PCURVE('',#267,#640);
#640 = DEFINITIONAL_REPRESENTATION('',(#641),#649);
#641 = ( BOUNDED_CURVE() B_SPLINE_CURVE(2,(#642,#643,#644,#645,#646,#647
,#648),.UNSPECIFIED.,.T.,.F.) B_SPLINE_CURVE_WITH_KNOTS((1,2,2,2,2,1),(
    -2.094395102393,0.,2.094395102393,4.188790204786,6.28318530718,
8.377580409573),.UNSPECIFIED.) CURVE() GEOMETRIC_REPRESENTATION_ITEM() 
RATIONAL_B_SPLINE_CURVE((1.,0.5,1.,0.5,1.,0.5,1.)) REPRESENTATION_ITEM(
  '') );
#642 = CARTESIAN_POINT('',(-41.62422300685,-50.00000000023));
#643 = CARTESIAN_POINT('',(-41.62422300884,-6.698729812599));
#644 = CARTESIAN_POINT('',(-4.12422300923,-28.34936490469));
#645 = CARTESIAN_POINT('',(33.375776990387,-49.99999999678));
#646 = CARTESIAN_POINT('',(-4.124223007241,-71.65063509232));
#647 = CARTESIAN_POINT('',(-41.62422300486,-93.30127018786));
#648 = CARTESIAN_POINT('',(-41.62422300685,-50.00000000023));
#649 = ( GEOMETRIC_REPRESENTATION_CONTEXT(2) 
PARAMETRIC_REPRESENTATION_CONTEXT() REPRESENTATION_CONTEXT('2D SPACE',''
  ) );
#650 = PCURVE('',#651,#656);
#651 = TOROIDAL_SURFACE('',#652,24.999999999081,5.);
#652 = AXIS2_PLACEMENT_3D('',#653,#654,#655);
#653 = CARTESIAN_POINT('',(119.99999999908,210.00000000091,-440.));
#654 = DIRECTION('',(0.,0.,1.));
#655 = DIRECTION('',(-1.,-4.592948244164E-11,0.));
#656 = DEFINITIONAL_REPRESENTATION('',(#657),#661);
#657 = LINE('',#658,#659);
#658 = CARTESIAN_POINT('',(-0.,4.712388980385));
#659 = VECTOR('',#660,1.);
#660 = DIRECTION('',(-1.,0.));
#661 = ( GEOMETRIC_REPRESENTATION_CONTEXT(2) 
PARAMETRIC_REPRESENTATION_CONTEXT() REPRESENTATION_CONTEXT('2D SPACE',''
  ) );
#662 = ORIENTED_EDGE('',*,*,#663,.T.);
#663 = EDGE_CURVE('',#631,#664,#666,.T.);
#664 = VERTEX_POINT('',#665);
#665 = CARTESIAN_POINT('',(295.,235.,-445.));
#666 = SURFACE_CURVE('',#667,(#671,#678),.PCURVE_S1.);
#667 = LINE('',#668,#669);
#668 = CARTESIAN_POINT('',(120.,235.,-445.));
#669 = VECTOR('',#670,1.);
#670 = DIRECTION('',(1.,0.,0.));
#671 = PCURVE('',#267,#672);
#672 = DEFINITIONAL_REPRESENTATION('',(#673),#677);
#673 = LINE('',#674,#675);
#674 = CARTESIAN_POINT('',(-16.62422300685,-25.));
#675 = VECTOR('',#676,1.);
#676 = DIRECTION('',(1.,0.));
#677 = ( GEOMETRIC_REPRESENTATION_CONTEXT(2) 
PARAMETRIC_REPRESENTATION_CONTEXT() REPRESENTATION_CONTEXT('2D SPACE',''
  ) );
#678 = PCURVE('',#679,#684);
#679 = CYLINDRICAL_SURFACE('',#680,5.);
#680 = AXIS2_PLACEMENT_3D('',#681,#682,#683);
#681 = CARTESIAN_POINT('',(120.,235.,-440.));
#682 = DIRECTION('',(1.,0.,0.));
#683 = DIRECTION('',(0.,-1.,-0.));
#684 = DEFINITIONAL_REPRESENTATION('',(#685),#689);
#685 = LINE('',#686,#687);
#686 = CARTESIAN_POINT('',(1.570796326795,0.));
#687 = VECTOR('',#688,1.);
#688 = DIRECTION('',(0.,1.));
#689 = ( GEOMETRIC_REPRESENTATION_CONTEXT(2) 
PARAMETRIC_REPRESENTATION_CONTEXT() REPRESENTATION_CONTEXT('2D SPACE',''
  ) );
#690 = ORIENTED_EDGE('',*,*,#691,.T.);
#691 = EDGE_CURVE('',#664,#692,#694,.T.);
#692 = VERTEX_POINT('',#693);
#693 = CARTESIAN_POINT('',(295.,285.,-445.));
#694 = SURFACE_CURVE('',#695,(#699,#706),.PCURVE_S1.);
#695 = LINE('',#696,#697);
#696 = CARTESIAN_POINT('',(295.,235.,-445.));
#697 = VECTOR('',#698,1.);
#698 = DIRECTION('',(0.,1.,0.));
#699 = PCURVE('',#267,#700);
#700 = DEFINITIONAL_REPRESENTATION('',(#701),#705);
#701 = LINE('',#702,#703);
#702 = CARTESIAN_POINT('',(158.37577699314,-25.));
#703 = VECTOR('',#704,1.);
#704 = DIRECTION('',(0.,1.));
#705 = ( GEOMETRIC_REPRESENTATION_CONTEXT(2) 
PARAMETRIC_REPRESENTATION_CONTEXT() REPRESENTATION_CONTEXT('2D SPACE',''
  ) );
#706 = PCURVE('',#707,#712);
#707 = CYLINDRICAL_SURFACE('',#708,5.);
#708 = AXIS2_PLACEMENT_3D('',#709,#710,#711);
#709 = CARTESIAN_POINT('',(295.,235.,-440.));
#710 = DIRECTION('',(0.,1.,0.));
#711 = DIRECTION('',(1.,0.,-0.));
#712 = DEFINITIONAL_REPRESENTATION('',(#713),#717);
#713 = LINE('',#714,#715);
#714 = CARTESIAN_POINT('',(1.570796326795,0.));
#715 = VECTOR('',#716,1.);
#716 = DIRECTION('',(0.,1.));
#717 = ( GEOMETRIC_REPRESENTATION_CONTEXT(2) 
PARAMETRIC_REPRESENTATION_CONTEXT() REPRESENTATION_CONTEXT('2D SPACE',''
  ) );
#718 = ORIENTED_EDGE('',*,*,#719,.T.);
#719 = EDGE_CURVE('',#692,#720,#722,.T.);
#720 = VERTEX_POINT('',#721);
#721 = CARTESIAN_POINT('',(120.,285.,-445.));
#722 = SURFACE_CURVE('',#723,(#727,#734),.PCURVE_S1.);
#723 = LINE('',#724,#725);
#724 = CARTESIAN_POINT('',(295.,285.,-445.));
#725 = VECTOR('',#726,1.);
#726 = DIRECTION('',(-1.,0.,0.));
#727 = PCURVE('',#267,#728);
#728 = DEFINITIONAL_REPRESENTATION('',(#729),#733);
#729 = LINE('',#730,#731);
#730 = CARTESIAN_POINT('',(158.37577699314,25.));
#731 = VECTOR('',#732,1.);
#732 = DIRECTION('',(-1.,0.));
#733 = ( GEOMETRIC_REPRESENTATION_CONTEXT(2) 
PARAMETRIC_REPRESENTATION_CONTEXT() REPRESENTATION_CONTEXT('2D SPACE',''
  ) );
#734 = PCURVE('',#735,#740);
#735 = CYLINDRICAL_SURFACE('',#736,5.);
#736 = AXIS2_PLACEMENT_3D('',#737,#738,#739);
#737 = CARTESIAN_POINT('',(295.,285.,-440.));
#738 = DIRECTION('',(-1.,0.,0.));
#739 = DIRECTION('',(0.,1.,-0.));
#740 = DEFINITIONAL_REPRESENTATION('',(#741),#745);
#741 = LINE('',#742,#743);
#742 = CARTESIAN_POINT('',(1.570796326795,0.));
#743 = VECTOR('',#744,1.);
#744 = DIRECTION('',(0.,1.));
#745 = ( GEOMETRIC_REPRESENTATION_CONTEXT(2) 
PARAMETRIC_REPRESENTATION_CONTEXT() REPRESENTATION_CONTEXT('2D SPACE',''
  ) );
#746 = ORIENTED_EDGE('',*,*,#747,.T.);
#747 = EDGE_CURVE('',#720,#748,#750,.T.);
#748 = VERTEX_POINT('',#749);
#749 = CARTESIAN_POINT('',(95.,310.00000000023,-445.));
#750 = SURFACE_CURVE('',#751,(#756,#767),.PCURVE_S1.);
#751 = CIRCLE('',#752,24.999999999081);
#752 = AXIS2_PLACEMENT_3D('',#753,#754,#755);
#753 = CARTESIAN_POINT('',(119.99999999908,309.99999999908,-445.));
#754 = DIRECTION('',(0.,-0.,-1.));
#755 = DIRECTION('',(4.592806135617E-11,-1.,0.));
#756 = PCURVE('',#267,#757);
#757 = DEFINITIONAL_REPRESENTATION('',(#758),#766);
#758 = ( BOUNDED_CURVE() B_SPLINE_CURVE(2,(#759,#760,#761,#762,#763,#764
,#765),.UNSPECIFIED.,.T.,.F.) B_SPLINE_CURVE_WITH_KNOTS((1,2,2,2,2,1),(
    -2.094395102393,0.,2.094395102393,4.188790204786,6.28318530718,
8.377580409573),.UNSPECIFIED.) CURVE() GEOMETRIC_REPRESENTATION_ITEM() 
RATIONAL_B_SPLINE_CURVE((1.,0.5,1.,0.5,1.,0.5,1.)) REPRESENTATION_ITEM(
  '') );
#759 = CARTESIAN_POINT('',(-16.62422300662,25.));
#760 = CARTESIAN_POINT('',(-59.92549319425,24.999999998011));
#761 = CARTESIAN_POINT('',(-38.27485810216,62.499999997628));
#762 = CARTESIAN_POINT('',(-16.62422301007,99.999999997244));
#763 = CARTESIAN_POINT('',(5.026412085465,62.499999999617));
#764 = CARTESIAN_POINT('',(26.677047181003,25.000000001989));
#765 = CARTESIAN_POINT('',(-16.62422300662,25.));
#766 = ( GEOMETRIC_REPRESENTATION_CONTEXT(2) 
PARAMETRIC_REPRESENTATION_CONTEXT() REPRESENTATION_CONTEXT('2D SPACE',''
  ) );
#767 = PCURVE('',#768,#773);
#768 = TOROIDAL_SURFACE('',#769,24.999999999081,5.);
#769 = AXIS2_PLACEMENT_3D('',#770,#771,#772);
#770 = CARTESIAN_POINT('',(119.99999999908,309.99999999908,-440.));
#771 = DIRECTION('',(0.,0.,1.));
#772 = DIRECTION('',(4.592806135617E-11,-1.,0.));
#773 = DEFINITIONAL_REPRESENTATION('',(#774),#778);
#774 = LINE('',#775,#776);
#775 = CARTESIAN_POINT('',(-0.,4.712388980385));
#776 = VECTOR('',#777,1.);
#777 = DIRECTION('',(-1.,0.));
#778 = ( GEOMETRIC_REPRESENTATION_CONTEXT(2) 
PARAMETRIC_REPRESENTATION_CONTEXT() REPRESENTATION_CONTEXT('2D SPACE',''
  ) );
#779 = ORIENTED_EDGE('',*,*,#780,.T.);
#780 = EDGE_CURVE('',#748,#781,#783,.T.);
#781 = VERTEX_POINT('',#782);
#782 = CARTESIAN_POINT('',(95.,315.,-445.));
#783 = SURFACE_CURVE('',#784,(#788,#795),.PCURVE_S1.);
#784 = LINE('',#785,#786);
#785 = CARTESIAN_POINT('',(95.,310.,-445.));
#786 = VECTOR('',#787,1.);
#787 = DIRECTION('',(-2.84217094304E-15,1.,0.));
#788 = PCURVE('',#267,#789);
#789 = DEFINITIONAL_REPRESENTATION('',(#790),#794);
#790 = LINE('',#791,#792);
#791 = CARTESIAN_POINT('',(-41.62422300685,50.));
#792 = VECTOR('',#793,1.);
#793 = DIRECTION('',(-2.84217094304E-15,1.));
#794 = ( GEOMETRIC_REPRESENTATION_CONTEXT(2) 
PARAMETRIC_REPRESENTATION_CONTEXT() REPRESENTATION_CONTEXT('2D SPACE',''
  ) );
#795 = PCURVE('',#796,#801);
#796 = CYLINDRICAL_SURFACE('',#797,5.);
#797 = AXIS2_PLACEMENT_3D('',#798,#799,#800);
#798 = CARTESIAN_POINT('',(95.,310.,-440.));
#799 = DIRECTION('',(-2.84217094304E-15,1.,0.));
#800 = DIRECTION('',(1.,2.84217094304E-15,-0.));
#801 = DEFINITIONAL_REPRESENTATION('',(#802),#806);
#802 = LINE('',#803,#804);
#803 = CARTESIAN_POINT('',(1.570796326795,0.));
#804 = VECTOR('',#805,1.);
#805 = DIRECTION('',(0.,1.));
#806 = ( GEOMETRIC_REPRESENTATION_CONTEXT(2) 
PARAMETRIC_REPRESENTATION_CONTEXT() REPRESENTATION_CONTEXT('2D SPACE',''
  ) );
#807 = ORIENTED_EDGE('',*,*,#808,.T.);
#808 = EDGE_CURVE('',#781,#809,#811,.T.);
#809 = VERTEX_POINT('',#810);
#810 = CARTESIAN_POINT('',(5.,315.,-445.));
#811 = SURFACE_CURVE('',#812,(#816,#823),.PCURVE_S1.);
#812 = LINE('',#813,#814);
#813 = CARTESIAN_POINT('',(95.,315.,-445.));
#814 = VECTOR('',#815,1.);
#815 = DIRECTION('',(-1.,0.,0.));
#816 = PCURVE('',#267,#817);
#817 = DEFINITIONAL_REPRESENTATION('',(#818),#822);
#818 = LINE('',#819,#820);
#819 = CARTESIAN_POINT('',(-41.62422300685,55.));
#820 = VECTOR('',#821,1.);
#821 = DIRECTION('',(-1.,0.));
#822 = ( GEOMETRIC_REPRESENTATION_CONTEXT(2) 
PARAMETRIC_REPRESENTATION_CONTEXT() REPRESENTATION_CONTEXT('2D SPACE',''
  ) );
#823 = PCURVE('',#824,#829);
#824 = CYLINDRICAL_SURFACE('',#825,5.);
#825 = AXIS2_PLACEMENT_3D('',#826,#827,#828);
#826 = CARTESIAN_POINT('',(95.,315.,-440.));
#827 = DIRECTION('',(-1.,0.,0.));
#828 = DIRECTION('',(0.,1.,-0.));
#829 = DEFINITIONAL_REPRESENTATION('',(#830),#834);
#830 = LINE('',#831,#832);
#831 = CARTESIAN_POINT('',(1.570796326795,0.));
#832 = VECTOR('',#833,1.);
#833 = DIRECTION('',(0.,1.));
#834 = ( GEOMETRIC_REPRESENTATION_CONTEXT(2) 
PARAMETRIC_REPRESENTATION_CONTEXT() REPRESENTATION_CONTEXT('2D SPACE',''
  ) );
#835 = ORIENTED_EDGE('',*,*,#836,.T.);
#836 = EDGE_CURVE('',#809,#230,#837,.T.);
#837 = SURFACE_CURVE('',#838,(#842,#849),.PCURVE_S1.);
#838 = LINE('',#839,#840);
#839 = CARTESIAN_POINT('',(5.,315.,-445.));
#840 = VECTOR('',#841,1.);
#841 = DIRECTION('',(1.0496654051E-16,-1.,0.));
#842 = PCURVE('',#267,#843);
#843 = DEFINITIONAL_REPRESENTATION('',(#844),#848);
#844 = LINE('',#845,#846);
#845 = CARTESIAN_POINT('',(-131.6242230068,55.));
#846 = VECTOR('',#847,1.);
#847 = DIRECTION('',(1.0496654051E-16,-1.));
#848 = ( GEOMETRIC_REPRESENTATION_CONTEXT(2) 
PARAMETRIC_REPRESENTATION_CONTEXT() REPRESENTATION_CONTEXT('2D SPACE',''
  ) );
#849 = PCURVE('',#536,#850);
#850 = DEFINITIONAL_REPRESENTATION('',(#851),#855);
#851 = LINE('',#852,#853);
#852 = CARTESIAN_POINT('',(1.570796326795,0.));
#853 = VECTOR('',#854,1.);
#854 = DIRECTION('',(0.,1.));
#855 = ( GEOMETRIC_REPRESENTATION_CONTEXT(2) 
PARAMETRIC_REPRESENTATION_CONTEXT() REPRESENTATION_CONTEXT('2D SPACE',''
  ) );
#856 = ADVANCED_FACE('',(#857),#293,.T.);
#857 = FACE_BOUND('',#858,.F.);
#858 = EDGE_LOOP('',(#859,#860,#861));
#859 = ORIENTED_EDGE('',*,*,#279,.F.);
#860 = ORIENTED_EDGE('',*,*,#440,.T.);
#861 = ORIENTED_EDGE('',*,*,#862,.T.);
#862 = EDGE_CURVE('',#413,#252,#863,.T.);
#863 = SURFACE_CURVE('',#864,(#869,#875),.PCURVE_S1.);
#864 = CIRCLE('',#865,5.);
#865 = AXIS2_PLACEMENT_3D('',#866,#867,#868);
#866 = CARTESIAN_POINT('',(95.00000000023,204.99999999977,-440.));
#867 = DIRECTION('',(-4.593506113805E-11,1.,0.));
#868 = DIRECTION('',(1.,4.593506113805E-11,-0.));
#869 = PCURVE('',#293,#870);
#870 = DEFINITIONAL_REPRESENTATION('',(#871),#874);
#871 = B_SPLINE_CURVE_WITH_KNOTS('',1,(#872,#873),.UNSPECIFIED.,.F.,.F.,
  (2,2),(0.,1.570796326795),.PIECEWISE_BEZIER_KNOTS.);
#872 = CARTESIAN_POINT('',(-1.570796326887,0.));
#873 = CARTESIAN_POINT('',(-1.570796326887,1.570796326795));
#874 = ( GEOMETRIC_REPRESENTATION_CONTEXT(2) 
PARAMETRIC_REPRESENTATION_CONTEXT() REPRESENTATION_CONTEXT('2D SPACE',''
  ) );
#875 = PCURVE('',#618,#876);
#876 = DEFINITIONAL_REPRESENTATION('',(#877),#880);
#877 = B_SPLINE_CURVE_WITH_KNOTS('',1,(#878,#879),.UNSPECIFIED.,.F.,.F.,
  (2,2),(0.,1.570796326795),.PIECEWISE_BEZIER_KNOTS.);
#878 = CARTESIAN_POINT('',(0.,0.));
#879 = CARTESIAN_POINT('',(1.570796326795,0.));
#880 = ( GEOMETRIC_REPRESENTATION_CONTEXT(2) 
PARAMETRIC_REPRESENTATION_CONTEXT() REPRESENTATION_CONTEXT('2D SPACE',''
  ) );
#881 = ADVANCED_FACE('',(#882),#346,.T.);
#882 = FACE_BOUND('',#883,.T.);
#883 = EDGE_LOOP('',(#884,#885,#913,#946,#974,#1002,#1030,#1063,#1091,
    #1119));
#884 = ORIENTED_EDGE('',*,*,#330,.T.);
#885 = ORIENTED_EDGE('',*,*,#886,.T.);
#886 = EDGE_CURVE('',#331,#887,#889,.T.);
#887 = VERTEX_POINT('',#888);
#888 = CARTESIAN_POINT('',(95.,210.,-340.));
#889 = SURFACE_CURVE('',#890,(#894,#901),.PCURVE_S1.);
#890 = LINE('',#891,#892);
#891 = CARTESIAN_POINT('',(95.,205.,-340.));
#892 = VECTOR('',#893,1.);
#893 = DIRECTION('',(0.,1.,0.));
#894 = PCURVE('',#346,#895);
#895 = DEFINITIONAL_REPRESENTATION('',(#896),#900);
#896 = LINE('',#897,#898);
#897 = CARTESIAN_POINT('',(-41.62422300685,-55.));
#898 = VECTOR('',#899,1.);
#899 = DIRECTION('',(0.,1.));
#900 = ( GEOMETRIC_REPRESENTATION_CONTEXT(2) 
PARAMETRIC_REPRESENTATION_CONTEXT() REPRESENTATION_CONTEXT('2D SPACE',''
  ) );
#901 = PCURVE('',#902,#907);
#902 = CYLINDRICAL_SURFACE('',#903,5.);
#903 = AXIS2_PLACEMENT_3D('',#904,#905,#906);
#904 = CARTESIAN_POINT('',(95.,205.,-345.));
#905 = DIRECTION('',(0.,1.,0.));
#906 = DIRECTION('',(1.,0.,-0.));
#907 = DEFINITIONAL_REPRESENTATION('',(#908),#912);
#908 = LINE('',#909,#910);
#909 = CARTESIAN_POINT('',(-1.570796326795,0.));
#910 = VECTOR('',#911,1.);
#911 = DIRECTION('',(-0.,1.));
#912 = ( GEOMETRIC_REPRESENTATION_CONTEXT(2) 
PARAMETRIC_REPRESENTATION_CONTEXT() REPRESENTATION_CONTEXT('2D SPACE',''
  ) );
#913 = ORIENTED_EDGE('',*,*,#914,.T.);
#914 = EDGE_CURVE('',#887,#915,#917,.T.);
#915 = VERTEX_POINT('',#916);
#916 = CARTESIAN_POINT('',(120.00000000023,235.,-340.));
#917 = SURFACE_CURVE('',#918,(#923,#934),.PCURVE_S1.);
#918 = CIRCLE('',#919,24.999999999081);
#919 = AXIS2_PLACEMENT_3D('',#920,#921,#922);
#920 = CARTESIAN_POINT('',(119.99999999908,210.00000000091,-340.));
#921 = DIRECTION('',(-0.,0.,-1.));
#922 = DIRECTION('',(-1.,-4.592948244164E-11,0.));
#923 = PCURVE('',#346,#924);
#924 = DEFINITIONAL_REPRESENTATION('',(#925),#933);
#925 = ( BOUNDED_CURVE() B_SPLINE_CURVE(2,(#926,#927,#928,#929,#930,#931
,#932),.UNSPECIFIED.,.T.,.F.) B_SPLINE_CURVE_WITH_KNOTS((1,2,2,2,2,1),(
    -2.094395102393,0.,2.094395102393,4.188790204786,6.28318530718,
8.377580409573),.UNSPECIFIED.) CURVE() GEOMETRIC_REPRESENTATION_ITEM() 
RATIONAL_B_SPLINE_CURVE((1.,0.5,1.,0.5,1.,0.5,1.)) REPRESENTATION_ITEM(
  '') );
#926 = CARTESIAN_POINT('',(-41.62422300685,-50.00000000023));
#927 = CARTESIAN_POINT('',(-41.62422300884,-6.698729812599));
#928 = CARTESIAN_POINT('',(-4.12422300923,-28.34936490469));
#929 = CARTESIAN_POINT('',(33.375776990387,-49.99999999678));
#930 = CARTESIAN_POINT('',(-4.124223007241,-71.65063509232));
#931 = CARTESIAN_POINT('',(-41.62422300486,-93.30127018786));
#932 = CARTESIAN_POINT('',(-41.62422300685,-50.00000000023));
#933 = ( GEOMETRIC_REPRESENTATION_CONTEXT(2) 
PARAMETRIC_REPRESENTATION_CONTEXT() REPRESENTATION_CONTEXT('2D SPACE',''
  ) );
#934 = PCURVE('',#935,#940);
#935 = TOROIDAL_SURFACE('',#936,24.999999999081,5.);
#936 = AXIS2_PLACEMENT_3D('',#937,#938,#939);
#937 = CARTESIAN_POINT('',(119.99999999908,210.00000000091,-345.));
#938 = DIRECTION('',(-0.,-0.,-1.));
#939 = DIRECTION('',(-1.,-4.592948244164E-11,0.));
#940 = DEFINITIONAL_REPRESENTATION('',(#941),#945);
#941 = LINE('',#942,#943);
#942 = CARTESIAN_POINT('',(0.,4.712388980385));
#943 = VECTOR('',#944,1.);
#944 = DIRECTION('',(1.,0.));
#945 = ( GEOMETRIC_REPRESENTATION_CONTEXT(2) 
PARAMETRIC_REPRESENTATION_CONTEXT() REPRESENTATION_CONTEXT('2D SPACE',''
  ) );
#946 = ORIENTED_EDGE('',*,*,#947,.T.);
#947 = EDGE_CURVE('',#915,#948,#950,.T.);
#948 = VERTEX_POINT('',#949);
#949 = CARTESIAN_POINT('',(295.,235.,-340.));
#950 = SURFACE_CURVE('',#951,(#955,#962),.PCURVE_S1.);
#951 = LINE('',#952,#953);
#952 = CARTESIAN_POINT('',(120.,235.,-340.));
#953 = VECTOR('',#954,1.);
#954 = DIRECTION('',(1.,0.,0.));
#955 = PCURVE('',#346,#956);
#956 = DEFINITIONAL_REPRESENTATION('',(#957),#961);
#957 = LINE('',#958,#959);
#958 = CARTESIAN_POINT('',(-16.62422300685,-25.));
#959 = VECTOR('',#960,1.);
#960 = DIRECTION('',(1.,0.));
#961 = ( GEOMETRIC_REPRESENTATION_CONTEXT(2) 
PARAMETRIC_REPRESENTATION_CONTEXT() REPRESENTATION_CONTEXT('2D SPACE',''
  ) );
#962 = PCURVE('',#963,#968);
#963 = CYLINDRICAL_SURFACE('',#964,5.);
#964 = AXIS2_PLACEMENT_3D('',#965,#966,#967);
#965 = CARTESIAN_POINT('',(120.,235.,-345.));
#966 = DIRECTION('',(1.,0.,0.));
#967 = DIRECTION('',(0.,-1.,-0.));
#968 = DEFINITIONAL_REPRESENTATION('',(#969),#973);
#969 = LINE('',#970,#971);
#970 = CARTESIAN_POINT('',(-1.570796326795,0.));
#971 = VECTOR('',#972,1.);
#972 = DIRECTION('',(-0.,1.));
#973 = ( GEOMETRIC_REPRESENTATION_CONTEXT(2) 
PARAMETRIC_REPRESENTATION_CONTEXT() REPRESENTATION_CONTEXT('2D SPACE',''
  ) );
#974 = ORIENTED_EDGE('',*,*,#975,.T.);
#975 = EDGE_CURVE('',#948,#976,#978,.T.);
#976 = VERTEX_POINT('',#977);
#977 = CARTESIAN_POINT('',(295.,285.,-340.));
#978 = SURFACE_CURVE('',#979,(#983,#990),.PCURVE_S1.);
#979 = LINE('',#980,#981);
#980 = CARTESIAN_POINT('',(295.,235.,-340.));
#981 = VECTOR('',#982,1.);
#982 = DIRECTION('',(0.,1.,0.));
#983 = PCURVE('',#346,#984);
#984 = DEFINITIONAL_REPRESENTATION('',(#985),#989);
#985 = LINE('',#986,#987);
#986 = CARTESIAN_POINT('',(158.37577699314,-25.));
#987 = VECTOR('',#988,1.);
#988 = DIRECTION('',(0.,1.));
#989 = ( GEOMETRIC_REPRESENTATION_CONTEXT(2) 
PARAMETRIC_REPRESENTATION_CONTEXT() REPRESENTATION_CONTEXT('2D SPACE',''
  ) );
#990 = PCURVE('',#991,#996);
#991 = CYLINDRICAL_SURFACE('',#992,5.);
#992 = AXIS2_PLACEMENT_3D('',#993,#994,#995);
#993 = CARTESIAN_POINT('',(295.,235.,-345.));
#994 = DIRECTION('',(0.,1.,0.));
#995 = DIRECTION('',(1.,0.,-0.));
#996 = DEFINITIONAL_REPRESENTATION('',(#997),#1001);
#997 = LINE('',#998,#999);
#998 = CARTESIAN_POINT('',(-1.570796326795,0.));
#999 = VECTOR('',#1000,1.);
#1000 = DIRECTION('',(-0.,1.));
#1001 = ( GEOMETRIC_REPRESENTATION_CONTEXT(2) 
PARAMETRIC_REPRESENTATION_CONTEXT() REPRESENTATION_CONTEXT('2D SPACE',''
  ) );
#1002 = ORIENTED_EDGE('',*,*,#1003,.T.);
#1003 = EDGE_CURVE('',#976,#1004,#1006,.T.);
#1004 = VERTEX_POINT('',#1005);
#1005 = CARTESIAN_POINT('',(120.,285.,-340.));
#1006 = SURFACE_CURVE('',#1007,(#1011,#1018),.PCURVE_S1.);
#1007 = LINE('',#1008,#1009);
#1008 = CARTESIAN_POINT('',(295.,285.,-340.));
#1009 = VECTOR('',#1010,1.);
#1010 = DIRECTION('',(-1.,0.,0.));
#1011 = PCURVE('',#346,#1012);
#1012 = DEFINITIONAL_REPRESENTATION('',(#1013),#1017);
#1013 = LINE('',#1014,#1015);
#1014 = CARTESIAN_POINT('',(158.37577699314,25.));
#1015 = VECTOR('',#1016,1.);
#1016 = DIRECTION('',(-1.,0.));
#1017 = ( GEOMETRIC_REPRESENTATION_CONTEXT(2) 
PARAMETRIC_REPRESENTATION_CONTEXT() REPRESENTATION_CONTEXT('2D SPACE',''
  ) );
#1018 = PCURVE('',#1019,#1024);
#1019 = CYLINDRICAL_SURFACE('',#1020,5.);
#1020 = AXIS2_PLACEMENT_3D('',#1021,#1022,#1023);
#1021 = CARTESIAN_POINT('',(295.,285.,-345.));
#1022 = DIRECTION('',(-1.,0.,0.));
#1023 = DIRECTION('',(0.,1.,-0.));
#1024 = DEFINITIONAL_REPRESENTATION('',(#1025),#1029);
#1025 = LINE('',#1026,#1027);
#1026 = CARTESIAN_POINT('',(-1.570796326795,0.));
#1027 = VECTOR('',#1028,1.);
#1028 = DIRECTION('',(-0.,1.));
#1029 = ( GEOMETRIC_REPRESENTATION_CONTEXT(2) 
PARAMETRIC_REPRESENTATION_CONTEXT() REPRESENTATION_CONTEXT('2D SPACE',''
  ) );
#1030 = ORIENTED_EDGE('',*,*,#1031,.T.);
#1031 = EDGE_CURVE('',#1004,#1032,#1034,.T.);
#1032 = VERTEX_POINT('',#1033);
#1033 = CARTESIAN_POINT('',(95.,310.00000000023,-340.));
#1034 = SURFACE_CURVE('',#1035,(#1040,#1051),.PCURVE_S1.);
#1035 = CIRCLE('',#1036,24.999999999081);
#1036 = AXIS2_PLACEMENT_3D('',#1037,#1038,#1039);
#1037 = CARTESIAN_POINT('',(119.99999999908,309.99999999908,-340.));
#1038 = DIRECTION('',(0.,-0.,-1.));
#1039 = DIRECTION('',(4.592806135617E-11,-1.,0.));
#1040 = PCURVE('',#346,#1041);
#1041 = DEFINITIONAL_REPRESENTATION('',(#1042),#1050);
#1042 = ( BOUNDED_CURVE() B_SPLINE_CURVE(2,(#1043,#1044,#1045,#1046,
#1047,#1048,#1049),.UNSPECIFIED.,.T.,.F.) B_SPLINE_CURVE_WITH_KNOTS((1,2
    ,2,2,2,1),(-2.094395102393,0.,2.094395102393,4.188790204786,
6.28318530718,8.377580409573),.UNSPECIFIED.) CURVE() 
GEOMETRIC_REPRESENTATION_ITEM() RATIONAL_B_SPLINE_CURVE((1.,0.5,1.,0.5,
1.,0.5,1.)) REPRESENTATION_ITEM('') );
#1043 = CARTESIAN_POINT('',(-16.62422300662,25.));
#1044 = CARTESIAN_POINT('',(-59.92549319425,24.999999998011));
#1045 = CARTESIAN_POINT('',(-38.27485810216,62.499999997628));
#1046 = CARTESIAN_POINT('',(-16.62422301007,99.999999997244));
#1047 = CARTESIAN_POINT('',(5.026412085465,62.499999999617));
#1048 = CARTESIAN_POINT('',(26.677047181003,25.000000001989));
#1049 = CARTESIAN_POINT('',(-16.62422300662,25.));
#1050 = ( GEOMETRIC_REPRESENTATION_CONTEXT(2) 
PARAMETRIC_REPRESENTATION_CONTEXT() REPRESENTATION_CONTEXT('2D SPACE',''
  ) );
#1051 = PCURVE('',#1052,#1057);
#1052 = TOROIDAL_SURFACE('',#1053,24.999999999081,5.);
#1053 = AXIS2_PLACEMENT_3D('',#1054,#1055,#1056);
#1054 = CARTESIAN_POINT('',(119.99999999908,309.99999999908,-345.));
#1055 = DIRECTION('',(-0.,-0.,-1.));
#1056 = DIRECTION('',(4.592806135617E-11,-1.,0.));
#1057 = DEFINITIONAL_REPRESENTATION('',(#1058),#1062);
#1058 = LINE('',#1059,#1060);
#1059 = CARTESIAN_POINT('',(0.,4.712388980385));
#1060 = VECTOR('',#1061,1.);
#1061 = DIRECTION('',(1.,0.));
#1062 = ( GEOMETRIC_REPRESENTATION_CONTEXT(2) 
PARAMETRIC_REPRESENTATION_CONTEXT() REPRESENTATION_CONTEXT('2D SPACE',''
  ) );
#1063 = ORIENTED_EDGE('',*,*,#1064,.T.);
#1064 = EDGE_CURVE('',#1032,#1065,#1067,.T.);
#1065 = VERTEX_POINT('',#1066);
#1066 = CARTESIAN_POINT('',(95.,315.,-340.));
#1067 = SURFACE_CURVE('',#1068,(#1072,#1079),.PCURVE_S1.);
#1068 = LINE('',#1069,#1070);
#1069 = CARTESIAN_POINT('',(95.,310.,-340.));
#1070 = VECTOR('',#1071,1.);
#1071 = DIRECTION('',(-2.84217094304E-15,1.,0.));
#1072 = PCURVE('',#346,#1073);
#1073 = DEFINITIONAL_REPRESENTATION('',(#1074),#1078);
#1074 = LINE('',#1075,#1076);
#1075 = CARTESIAN_POINT('',(-41.62422300685,50.));
#1076 = VECTOR('',#1077,1.);
#1077 = DIRECTION('',(-2.84217094304E-15,1.));
#1078 = ( GEOMETRIC_REPRESENTATION_CONTEXT(2) 
PARAMETRIC_REPRESENTATION_CONTEXT() REPRESENTATION_CONTEXT('2D SPACE',''
  ) );
#1079 = PCURVE('',#1080,#1085);
#1080 = CYLINDRICAL_SURFACE('',#1081,5.);
#1081 = AXIS2_PLACEMENT_3D('',#1082,#1083,#1084);
#1082 = CARTESIAN_POINT('',(95.,310.,-345.));
#1083 = DIRECTION('',(-2.84217094304E-15,1.,0.));
#1084 = DIRECTION('',(1.,2.84217094304E-15,-0.));
#1085 = DEFINITIONAL_REPRESENTATION('',(#1086),#1090);
#1086 = LINE('',#1087,#1088);
#1087 = CARTESIAN_POINT('',(-1.570796326795,0.));
#1088 = VECTOR('',#1089,1.);
#1089 = DIRECTION('',(-0.,1.));
#1090 = ( GEOMETRIC_REPRESENTATION_CONTEXT(2) 
PARAMETRIC_REPRESENTATION_CONTEXT() REPRESENTATION_CONTEXT('2D SPACE',''
  ) );
#1091 = ORIENTED_EDGE('',*,*,#1092,.T.);
#1092 = EDGE_CURVE('',#1065,#1093,#1095,.T.);
#1093 = VERTEX_POINT('',#1094);
#1094 = CARTESIAN_POINT('',(5.,315.,-340.));
#1095 = SURFACE_CURVE('',#1096,(#1100,#1107),.PCURVE_S1.);
#1096 = LINE('',#1097,#1098);
#1097 = CARTESIAN_POINT('',(95.,315.,-340.));
#1098 = VECTOR('',#1099,1.);
#1099 = DIRECTION('',(-1.,0.,0.));
#1100 = PCURVE('',#346,#1101);
#1101 = DEFINITIONAL_REPRESENTATION('',(#1102),#1106);
#1102 = LINE('',#1103,#1104);
#1103 = CARTESIAN_POINT('',(-41.62422300685,55.));
#1104 = VECTOR('',#1105,1.);
#1105 = DIRECTION('',(-1.,0.));
#1106 = ( GEOMETRIC_REPRESENTATION_CONTEXT(2) 
PARAMETRIC_REPRESENTATION_CONTEXT() REPRESENTATION_CONTEXT('2D SPACE',''
  ) );
#1107 = PCURVE('',#1108,#1113);
#1108 = CYLINDRICAL_SURFACE('',#1109,5.);
#1109 = AXIS2_PLACEMENT_3D('',#1110,#1111,#1112);
#1110 = CARTESIAN_POINT('',(95.,315.,-345.));
#1111 = DIRECTION('',(-1.,0.,0.));
#1112 = DIRECTION('',(0.,1.,-0.));
#1113 = DEFINITIONAL_REPRESENTATION('',(#1114),#1118);
#1114 = LINE('',#1115,#1116);
#1115 = CARTESIAN_POINT('',(-1.570796326795,0.));
#1116 = VECTOR('',#1117,1.);
#1117 = DIRECTION('',(-0.,1.));
#1118 = ( GEOMETRIC_REPRESENTATION_CONTEXT(2) 
PARAMETRIC_REPRESENTATION_CONTEXT() REPRESENTATION_CONTEXT('2D SPACE',''
  ) );
#1119 = ORIENTED_EDGE('',*,*,#1120,.T.);
#1120 = EDGE_CURVE('',#1093,#309,#1121,.T.);
#1121 = SURFACE_CURVE('',#1122,(#1126,#1133),.PCURVE_S1.);
#1122 = LINE('',#1123,#1124);
#1123 = CARTESIAN_POINT('',(5.,315.,-340.));
#1124 = VECTOR('',#1125,1.);
#1125 = DIRECTION('',(1.0496654051E-16,-1.,0.));
#1126 = PCURVE('',#346,#1127);
#1127 = DEFINITIONAL_REPRESENTATION('',(#1128),#1132);
#1128 = LINE('',#1129,#1130);
#1129 = CARTESIAN_POINT('',(-131.6242230068,55.));
#1130 = VECTOR('',#1131,1.);
#1131 = DIRECTION('',(1.0496654051E-16,-1.));
#1132 = ( GEOMETRIC_REPRESENTATION_CONTEXT(2) 
PARAMETRIC_REPRESENTATION_CONTEXT() REPRESENTATION_CONTEXT('2D SPACE',''
  ) );
#1133 = PCURVE('',#509,#1134);
#1134 = DEFINITIONAL_REPRESENTATION('',(#1135),#1139);
#1135 = LINE('',#1136,#1137);
#1136 = CARTESIAN_POINT('',(-1.570796326795,0.));
#1137 = VECTOR('',#1138,1.);
#1138 = DIRECTION('',(-0.,1.));
#1139 = ( GEOMETRIC_REPRESENTATION_CONTEXT(2) 
PARAMETRIC_REPRESENTATION_CONTEXT() REPRESENTATION_CONTEXT('2D SPACE',''
  ) );
#1140 = ADVANCED_FACE('',(#1141),#372,.T.);
#1141 = FACE_BOUND('',#1142,.T.);
#1142 = EDGE_LOOP('',(#1143,#1144,#1145));
#1143 = ORIENTED_EDGE('',*,*,#358,.F.);
#1144 = ORIENTED_EDGE('',*,*,#388,.T.);
#1145 = ORIENTED_EDGE('',*,*,#1146,.T.);
#1146 = EDGE_CURVE('',#389,#331,#1147,.T.);
#1147 = SURFACE_CURVE('',#1148,(#1153,#1159),.PCURVE_S1.);
#1148 = CIRCLE('',#1149,5.);
#1149 = AXIS2_PLACEMENT_3D('',#1150,#1151,#1152);
#1150 = CARTESIAN_POINT('',(95.00000000023,204.99999999977,-345.));
#1151 = DIRECTION('',(4.593506113805E-11,-1.,0.));
#1152 = DIRECTION('',(1.,4.593506113805E-11,0.));
#1153 = PCURVE('',#372,#1154);
#1154 = DEFINITIONAL_REPRESENTATION('',(#1155),#1158);
#1155 = B_SPLINE_CURVE_WITH_KNOTS('',1,(#1156,#1157),.UNSPECIFIED.,.F.,
  .F.,(2,2),(0.,1.570796326795),.PIECEWISE_BEZIER_KNOTS.);
#1156 = CARTESIAN_POINT('',(1.570796326887,0.));
#1157 = CARTESIAN_POINT('',(1.570796326887,1.570796326795));
#1158 = ( GEOMETRIC_REPRESENTATION_CONTEXT(2) 
PARAMETRIC_REPRESENTATION_CONTEXT() REPRESENTATION_CONTEXT('2D SPACE',''
  ) );
#1159 = PCURVE('',#902,#1160);
#1160 = DEFINITIONAL_REPRESENTATION('',(#1161),#1164);
#1161 = B_SPLINE_CURVE_WITH_KNOTS('',1,(#1162,#1163),.UNSPECIFIED.,.F.,
  .F.,(2,2),(0.,1.570796326795),.PIECEWISE_BEZIER_KNOTS.);
#1162 = CARTESIAN_POINT('',(0.,0.));
#1163 = CARTESIAN_POINT('',(-1.570796326795,0.));
#1164 = ( GEOMETRIC_REPRESENTATION_CONTEXT(2) 
PARAMETRIC_REPRESENTATION_CONTEXT() REPRESENTATION_CONTEXT('2D SPACE',''
  ) );
#1165 = ADVANCED_FACE('',(#1166),#428,.F.);
#1166 = FACE_BOUND('',#1167,.F.);
#1167 = EDGE_LOOP('',(#1168,#1169,#1192,#1220));
#1168 = ORIENTED_EDGE('',*,*,#412,.T.);
#1169 = ORIENTED_EDGE('',*,*,#1170,.T.);
#1170 = EDGE_CURVE('',#389,#1171,#1173,.T.);
#1171 = VERTEX_POINT('',#1172);
#1172 = CARTESIAN_POINT('',(100.,210.,-345.));
#1173 = SURFACE_CURVE('',#1174,(#1178,#1185),.PCURVE_S1.);
#1174 = LINE('',#1175,#1176);
#1175 = CARTESIAN_POINT('',(100.,205.,-345.));
#1176 = VECTOR('',#1177,1.);
#1177 = DIRECTION('',(0.,1.,0.));
#1178 = PCURVE('',#428,#1179);
#1179 = DEFINITIONAL_REPRESENTATION('',(#1180),#1184);
#1180 = LINE('',#1181,#1182);
#1181 = CARTESIAN_POINT('',(0.,-100.));
#1182 = VECTOR('',#1183,1.);
#1183 = DIRECTION('',(1.,0.));
#1184 = ( GEOMETRIC_REPRESENTATION_CONTEXT(2) 
PARAMETRIC_REPRESENTATION_CONTEXT() REPRESENTATION_CONTEXT('2D SPACE',''
  ) );
#1185 = PCURVE('',#902,#1186);
#1186 = DEFINITIONAL_REPRESENTATION('',(#1187),#1191);
#1187 = LINE('',#1188,#1189);
#1188 = CARTESIAN_POINT('',(-0.,0.));
#1189 = VECTOR('',#1190,1.);
#1190 = DIRECTION('',(-0.,1.));
#1191 = ( GEOMETRIC_REPRESENTATION_CONTEXT(2) 
PARAMETRIC_REPRESENTATION_CONTEXT() REPRESENTATION_CONTEXT('2D SPACE',''
  ) );
#1192 = ORIENTED_EDGE('',*,*,#1193,.F.);
#1193 = EDGE_CURVE('',#1194,#1171,#1196,.T.);
#1194 = VERTEX_POINT('',#1195);
#1195 = CARTESIAN_POINT('',(100.,210.,-440.));
#1196 = SURFACE_CURVE('',#1197,(#1201,#1208),.PCURVE_S1.);
#1197 = LINE('',#1198,#1199);
#1198 = CARTESIAN_POINT('',(100.,210.,-445.));
#1199 = VECTOR('',#1200,1.);
#1200 = DIRECTION('',(0.,0.,1.));
#1201 = PCURVE('',#428,#1202);
#1202 = DEFINITIONAL_REPRESENTATION('',(#1203),#1207);
#1203 = LINE('',#1204,#1205);
#1204 = CARTESIAN_POINT('',(5.,0.));
#1205 = VECTOR('',#1206,1.);
#1206 = DIRECTION('',(0.,-1.));
#1207 = ( GEOMETRIC_REPRESENTATION_CONTEXT(2) 
PARAMETRIC_REPRESENTATION_CONTEXT() REPRESENTATION_CONTEXT('2D SPACE',''
  ) );
#1208 = PCURVE('',#1209,#1214);
#1209 = CYLINDRICAL_SURFACE('',#1210,19.999999999081);
#1210 = AXIS2_PLACEMENT_3D('',#1211,#1212,#1213);
#1211 = CARTESIAN_POINT('',(119.99999999908,210.00000000091,-445.));
#1212 = DIRECTION('',(0.,0.,-1.));
#1213 = DIRECTION('',(-1.,-4.592948244164E-11,-0.));
#1214 = DEFINITIONAL_REPRESENTATION('',(#1215),#1219);
#1215 = LINE('',#1216,#1217);
#1216 = CARTESIAN_POINT('',(0.,0.));
#1217 = VECTOR('',#1218,1.);
#1218 = DIRECTION('',(0.,-1.));
#1219 = ( GEOMETRIC_REPRESENTATION_CONTEXT(2) 
PARAMETRIC_REPRESENTATION_CONTEXT() REPRESENTATION_CONTEXT('2D SPACE',''
  ) );
#1220 = ORIENTED_EDGE('',*,*,#1221,.F.);
#1221 = EDGE_CURVE('',#413,#1194,#1222,.T.);
#1222 = SURFACE_CURVE('',#1223,(#1227,#1234),.PCURVE_S1.);
#1223 = LINE('',#1224,#1225);
#1224 = CARTESIAN_POINT('',(100.,205.,-440.));
#1225 = VECTOR('',#1226,1.);
#1226 = DIRECTION('',(0.,1.,0.));
#1227 = PCURVE('',#428,#1228);
#1228 = DEFINITIONAL_REPRESENTATION('',(#1229),#1233);
#1229 = LINE('',#1230,#1231);
#1230 = CARTESIAN_POINT('',(0.,-5.));
#1231 = VECTOR('',#1232,1.);
#1232 = DIRECTION('',(1.,0.));
#1233 = ( GEOMETRIC_REPRESENTATION_CONTEXT(2) 
PARAMETRIC_REPRESENTATION_CONTEXT() REPRESENTATION_CONTEXT('2D SPACE',''
  ) );
#1234 = PCURVE('',#618,#1235);
#1235 = DEFINITIONAL_REPRESENTATION('',(#1236),#1240);
#1236 = LINE('',#1237,#1238);
#1237 = CARTESIAN_POINT('',(0.,0.));
#1238 = VECTOR('',#1239,1.);
#1239 = DIRECTION('',(0.,1.));
#1240 = ( GEOMETRIC_REPRESENTATION_CONTEXT(2) 
PARAMETRIC_REPRESENTATION_CONTEXT() REPRESENTATION_CONTEXT('2D SPACE',''
  ) );
#1241 = ADVANCED_FACE('',(#1242),#483,.T.);
#1242 = FACE_BOUND('',#1243,.F.);
#1243 = EDGE_LOOP('',(#1244,#1274,#1301,#1302));
#1244 = ORIENTED_EDGE('',*,*,#1245,.T.);
#1245 = EDGE_CURVE('',#1246,#1248,#1250,.T.);
#1246 = VERTEX_POINT('',#1247);
#1247 = CARTESIAN_POINT('',(5.,320.,-440.));
#1248 = VERTEX_POINT('',#1249);
#1249 = CARTESIAN_POINT('',(5.,320.,-345.));
#1250 = SURFACE_CURVE('',#1251,(#1255,#1262),.PCURVE_S1.);
#1251 = LINE('',#1252,#1253);
#1252 = CARTESIAN_POINT('',(5.,320.,-445.));
#1253 = VECTOR('',#1254,1.);
#1254 = DIRECTION('',(0.,0.,1.));
#1255 = PCURVE('',#483,#1256);
#1256 = DEFINITIONAL_REPRESENTATION('',(#1257),#1261);
#1257 = LINE('',#1258,#1259);
#1258 = CARTESIAN_POINT('',(-0.,0.));
#1259 = VECTOR('',#1260,1.);
#1260 = DIRECTION('',(-0.,-1.));
#1261 = ( GEOMETRIC_REPRESENTATION_CONTEXT(2) 
PARAMETRIC_REPRESENTATION_CONTEXT() REPRESENTATION_CONTEXT('2D SPACE',''
  ) );
#1262 = PCURVE('',#1263,#1268);
#1263 = PLANE('',#1264);
#1264 = AXIS2_PLACEMENT_3D('',#1265,#1266,#1267);
#1265 = CARTESIAN_POINT('',(95.,320.,-445.));
#1266 = DIRECTION('',(0.,-1.,0.));
#1267 = DIRECTION('',(-1.,0.,0.));
#1268 = DEFINITIONAL_REPRESENTATION('',(#1269),#1273);
#1269 = LINE('',#1270,#1271);
#1270 = CARTESIAN_POINT('',(90.,0.));
#1271 = VECTOR('',#1272,1.);
#1272 = DIRECTION('',(0.,-1.));
#1273 = ( GEOMETRIC_REPRESENTATION_CONTEXT(2) 
PARAMETRIC_REPRESENTATION_CONTEXT() REPRESENTATION_CONTEXT('2D SPACE',''
  ) );
#1274 = ORIENTED_EDGE('',*,*,#1275,.T.);
#1275 = EDGE_CURVE('',#1248,#468,#1276,.T.);
#1276 = SURFACE_CURVE('',#1277,(#1282,#1289),.PCURVE_S1.);
#1277 = CIRCLE('',#1278,4.99999999977);
#1278 = AXIS2_PLACEMENT_3D('',#1279,#1280,#1281);
#1279 = CARTESIAN_POINT('',(4.99999999977,315.00000000023,-345.));
#1280 = DIRECTION('',(0.,0.,1.));
#1281 = DIRECTION('',(4.593516678353E-11,1.,-0.));
#1282 = PCURVE('',#483,#1283);
#1283 = DEFINITIONAL_REPRESENTATION('',(#1284),#1288);
#1284 = LINE('',#1285,#1286);
#1285 = CARTESIAN_POINT('',(-0.,-100.));
#1286 = VECTOR('',#1287,1.);
#1287 = DIRECTION('',(-1.,0.));
#1288 = ( GEOMETRIC_REPRESENTATION_CONTEXT(2) 
PARAMETRIC_REPRESENTATION_CONTEXT() REPRESENTATION_CONTEXT('2D SPACE',''
  ) );
#1289 = PCURVE('',#1290,#1295);
#1290 = SPHERICAL_SURFACE('',#1291,5.);
#1291 = AXIS2_PLACEMENT_3D('',#1292,#1293,#1294);
#1292 = CARTESIAN_POINT('',(4.99999999977,315.00000000023,-345.));
#1293 = DIRECTION('',(0.,0.,1.));
#1294 = DIRECTION('',(4.593516678353E-11,1.,-0.));
#1295 = DEFINITIONAL_REPRESENTATION('',(#1296),#1300);
#1296 = LINE('',#1297,#1298);
#1297 = CARTESIAN_POINT('',(0.,0.));
#1298 = VECTOR('',#1299,1.);
#1299 = DIRECTION('',(1.,0.));
#1300 = ( GEOMETRIC_REPRESENTATION_CONTEXT(2) 
PARAMETRIC_REPRESENTATION_CONTEXT() REPRESENTATION_CONTEXT('2D SPACE',''
  ) );
#1301 = ORIENTED_EDGE('',*,*,#465,.F.);
#1302 = ORIENTED_EDGE('',*,*,#1303,.F.);
#1303 = EDGE_CURVE('',#1246,#466,#1304,.T.);
#1304 = SURFACE_CURVE('',#1305,(#1310,#1317),.PCURVE_S1.);
#1305 = CIRCLE('',#1306,4.99999999977);
#1306 = AXIS2_PLACEMENT_3D('',#1307,#1308,#1309);
#1307 = CARTESIAN_POINT('',(4.99999999977,315.00000000023,-440.));
#1308 = DIRECTION('',(0.,0.,1.));
#1309 = DIRECTION('',(4.593516678353E-11,1.,-0.));
#1310 = PCURVE('',#483,#1311);
#1311 = DEFINITIONAL_REPRESENTATION('',(#1312),#1316);
#1312 = LINE('',#1313,#1314);
#1313 = CARTESIAN_POINT('',(-0.,-5.));
#1314 = VECTOR('',#1315,1.);
#1315 = DIRECTION('',(-1.,0.));
#1316 = ( GEOMETRIC_REPRESENTATION_CONTEXT(2) 
PARAMETRIC_REPRESENTATION_CONTEXT() REPRESENTATION_CONTEXT('2D SPACE',''
  ) );
#1317 = PCURVE('',#1318,#1323);
#1318 = SPHERICAL_SURFACE('',#1319,5.);
#1319 = AXIS2_PLACEMENT_3D('',#1320,#1321,#1322);
#1320 = CARTESIAN_POINT('',(4.99999999977,315.00000000023,-440.));
#1321 = DIRECTION('',(-0.,-0.,-1.));
#1322 = DIRECTION('',(4.593516678353E-11,1.,-0.));
#1323 = DEFINITIONAL_REPRESENTATION('',(#1324),#1328);
#1324 = LINE('',#1325,#1326);
#1325 = CARTESIAN_POINT('',(-0.,0.));
#1326 = VECTOR('',#1327,1.);
#1327 = DIRECTION('',(-1.,0.));
#1328 = ( GEOMETRIC_REPRESENTATION_CONTEXT(2) 
PARAMETRIC_REPRESENTATION_CONTEXT() REPRESENTATION_CONTEXT('2D SPACE',''
  ) );
#1329 = ADVANCED_FACE('',(#1330),#536,.T.);
#1330 = FACE_BOUND('',#1331,.T.);
#1331 = EDGE_LOOP('',(#1332,#1352,#1353,#1354));
#1332 = ORIENTED_EDGE('',*,*,#1333,.T.);
#1333 = EDGE_CURVE('',#466,#809,#1334,.T.);
#1334 = SURFACE_CURVE('',#1335,(#1340,#1346),.PCURVE_S1.);
#1335 = CIRCLE('',#1336,5.);
#1336 = AXIS2_PLACEMENT_3D('',#1337,#1338,#1339);
#1337 = CARTESIAN_POINT('',(4.99999999977,315.00000000023,-440.));
#1338 = DIRECTION('',(4.592773366609E-11,-1.,0.));
#1339 = DIRECTION('',(-1.,-4.592773366609E-11,0.));
#1340 = PCURVE('',#536,#1341);
#1341 = DEFINITIONAL_REPRESENTATION('',(#1342),#1345);
#1342 = B_SPLINE_CURVE_WITH_KNOTS('',1,(#1343,#1344),.UNSPECIFIED.,.F.,
  .F.,(2,2),(0.,1.570796326795),.PIECEWISE_BEZIER_KNOTS.);
#1343 = CARTESIAN_POINT('',(0.,0.));
#1344 = CARTESIAN_POINT('',(1.570796326795,0.));
#1345 = ( GEOMETRIC_REPRESENTATION_CONTEXT(2) 
PARAMETRIC_REPRESENTATION_CONTEXT() REPRESENTATION_CONTEXT('2D SPACE',''
  ) );
#1346 = PCURVE('',#1318,#1347);
#1347 = DEFINITIONAL_REPRESENTATION('',(#1348),#1351);
#1348 = B_SPLINE_CURVE_WITH_KNOTS('',1,(#1349,#1350),.UNSPECIFIED.,.F.,
  .F.,(2,2),(0.,1.570796326795),.PIECEWISE_BEZIER_KNOTS.);
#1349 = CARTESIAN_POINT('',(-1.570796326887,0.));
#1350 = CARTESIAN_POINT('',(-1.570796326887,1.570796326795));
#1351 = ( GEOMETRIC_REPRESENTATION_CONTEXT(2) 
PARAMETRIC_REPRESENTATION_CONTEXT() REPRESENTATION_CONTEXT('2D SPACE',''
  ) );
#1352 = ORIENTED_EDGE('',*,*,#836,.T.);
#1353 = ORIENTED_EDGE('',*,*,#551,.F.);
#1354 = ORIENTED_EDGE('',*,*,#522,.F.);
#1355 = ADVANCED_FACE('',(#1356),#509,.T.);
#1356 = FACE_BOUND('',#1357,.F.);
#1357 = EDGE_LOOP('',(#1358,#1378,#1379,#1380));
#1358 = ORIENTED_EDGE('',*,*,#1359,.T.);
#1359 = EDGE_CURVE('',#468,#1093,#1360,.T.);
#1360 = SURFACE_CURVE('',#1361,(#1366,#1372),.PCURVE_S1.);
#1361 = CIRCLE('',#1362,5.);
#1362 = AXIS2_PLACEMENT_3D('',#1363,#1364,#1365);
#1363 = CARTESIAN_POINT('',(4.99999999977,315.00000000023,-345.));
#1364 = DIRECTION('',(-4.592773366609E-11,1.,0.));
#1365 = DIRECTION('',(-1.,-4.592773366609E-11,0.));
#1366 = PCURVE('',#509,#1367);
#1367 = DEFINITIONAL_REPRESENTATION('',(#1368),#1371);
#1368 = B_SPLINE_CURVE_WITH_KNOTS('',1,(#1369,#1370),.UNSPECIFIED.,.F.,
  .F.,(2,2),(0.,1.570796326795),.PIECEWISE_BEZIER_KNOTS.);
#1369 = CARTESIAN_POINT('',(0.,0.));
#1370 = CARTESIAN_POINT('',(-1.570796326795,0.));
#1371 = ( GEOMETRIC_REPRESENTATION_CONTEXT(2) 
PARAMETRIC_REPRESENTATION_CONTEXT() REPRESENTATION_CONTEXT('2D SPACE',''
  ) );
#1372 = PCURVE('',#1290,#1373);
#1373 = DEFINITIONAL_REPRESENTATION('',(#1374),#1377);
#1374 = B_SPLINE_CURVE_WITH_KNOTS('',1,(#1375,#1376),.UNSPECIFIED.,.F.,
  .F.,(2,2),(0.,1.570796326795),.PIECEWISE_BEZIER_KNOTS.);
#1375 = CARTESIAN_POINT('',(1.570796326887,0.));
#1376 = CARTESIAN_POINT('',(1.570796326887,1.570796326795));
#1377 = ( GEOMETRIC_REPRESENTATION_CONTEXT(2) 
PARAMETRIC_REPRESENTATION_CONTEXT() REPRESENTATION_CONTEXT('2D SPACE',''
  ) );
#1378 = ORIENTED_EDGE('',*,*,#1120,.T.);
#1379 = ORIENTED_EDGE('',*,*,#576,.F.);
#1380 = ORIENTED_EDGE('',*,*,#495,.F.);
#1381 = ADVANCED_FACE('',(#1382),#618,.T.);
#1382 = FACE_BOUND('',#1383,.T.);
#1383 = EDGE_LOOP('',(#1384,#1385,#1386,#1406));
#1384 = ORIENTED_EDGE('',*,*,#862,.T.);
#1385 = ORIENTED_EDGE('',*,*,#602,.T.);
#1386 = ORIENTED_EDGE('',*,*,#1387,.F.);
#1387 = EDGE_CURVE('',#1194,#603,#1388,.T.);
#1388 = SURFACE_CURVE('',#1389,(#1394,#1400),.PCURVE_S1.);
#1389 = CIRCLE('',#1390,5.);
#1390 = AXIS2_PLACEMENT_3D('',#1391,#1392,#1393);
#1391 = CARTESIAN_POINT('',(95.,210.,-440.));
#1392 = DIRECTION('',(0.,1.,0.));
#1393 = DIRECTION('',(1.,0.,-0.));
#1394 = PCURVE('',#618,#1395);
#1395 = DEFINITIONAL_REPRESENTATION('',(#1396),#1399);
#1396 = B_SPLINE_CURVE_WITH_KNOTS('',1,(#1397,#1398),.UNSPECIFIED.,.F.,
  .F.,(2,2),(0.,1.570796326795),.PIECEWISE_BEZIER_KNOTS.);
#1397 = CARTESIAN_POINT('',(0.,5.));
#1398 = CARTESIAN_POINT('',(1.570796326795,5.));
#1399 = ( GEOMETRIC_REPRESENTATION_CONTEXT(2) 
PARAMETRIC_REPRESENTATION_CONTEXT() REPRESENTATION_CONTEXT('2D SPACE',''
  ) );
#1400 = PCURVE('',#651,#1401);
#1401 = DEFINITIONAL_REPRESENTATION('',(#1402),#1405);
#1402 = B_SPLINE_CURVE_WITH_KNOTS('',1,(#1403,#1404),.UNSPECIFIED.,.F.,
  .F.,(2,2),(0.,1.570796326795),.PIECEWISE_BEZIER_KNOTS.);
#1403 = CARTESIAN_POINT('',(0.,3.14159265359));
#1404 = CARTESIAN_POINT('',(0.,4.712388980385));
#1405 = ( GEOMETRIC_REPRESENTATION_CONTEXT(2) 
PARAMETRIC_REPRESENTATION_CONTEXT() REPRESENTATION_CONTEXT('2D SPACE',''
  ) );
#1406 = ORIENTED_EDGE('',*,*,#1221,.F.);
#1407 = ADVANCED_FACE('',(#1408),#824,.T.);
#1408 = FACE_BOUND('',#1409,.T.);
#1409 = EDGE_LOOP('',(#1410,#1437,#1438,#1458));
#1410 = ORIENTED_EDGE('',*,*,#1411,.T.);
#1411 = EDGE_CURVE('',#1412,#781,#1414,.T.);
#1412 = VERTEX_POINT('',#1413);
#1413 = CARTESIAN_POINT('',(95.,320.00000000023,-440.));
#1414 = SURFACE_CURVE('',#1415,(#1420,#1426),.PCURVE_S1.);
#1415 = CIRCLE('',#1416,5.);
#1416 = AXIS2_PLACEMENT_3D('',#1417,#1418,#1419);
#1417 = CARTESIAN_POINT('',(95.00000000023,315.00000000023,-440.));
#1418 = DIRECTION('',(-1.,-4.593519436481E-11,0.));
#1419 = DIRECTION('',(-4.593519436481E-11,1.,0.));
#1420 = PCURVE('',#824,#1421);
#1421 = DEFINITIONAL_REPRESENTATION('',(#1422),#1425);
#1422 = B_SPLINE_CURVE_WITH_KNOTS('',1,(#1423,#1424),.UNSPECIFIED.,.F.,
  .F.,(2,2),(0.,1.570796326795),.PIECEWISE_BEZIER_KNOTS.);
#1423 = CARTESIAN_POINT('',(0.,0.));
#1424 = CARTESIAN_POINT('',(1.570796326795,0.));
#1425 = ( GEOMETRIC_REPRESENTATION_CONTEXT(2) 
PARAMETRIC_REPRESENTATION_CONTEXT() REPRESENTATION_CONTEXT('2D SPACE',''
  ) );
#1426 = PCURVE('',#1427,#1432);
#1427 = SPHERICAL_SURFACE('',#1428,5.);
#1428 = AXIS2_PLACEMENT_3D('',#1429,#1430,#1431);
#1429 = CARTESIAN_POINT('',(95.00000000023,315.00000000023,-440.));
#1430 = DIRECTION('',(-0.,-0.,-1.));
#1431 = DIRECTION('',(1.,-4.592948244164E-11,0.));
#1432 = DEFINITIONAL_REPRESENTATION('',(#1433),#1436);
#1433 = B_SPLINE_CURVE_WITH_KNOTS('',1,(#1434,#1435),.UNSPECIFIED.,.F.,
  .F.,(2,2),(0.,1.570796326795),.PIECEWISE_BEZIER_KNOTS.);
#1434 = CARTESIAN_POINT('',(-1.570796326887,0.));
#1435 = CARTESIAN_POINT('',(-1.570796326887,1.570796326795));
#1436 = ( GEOMETRIC_REPRESENTATION_CONTEXT(2) 
PARAMETRIC_REPRESENTATION_CONTEXT() REPRESENTATION_CONTEXT('2D SPACE',''
  ) );
#1437 = ORIENTED_EDGE('',*,*,#808,.T.);
#1438 = ORIENTED_EDGE('',*,*,#1439,.F.);
#1439 = EDGE_CURVE('',#1246,#809,#1440,.T.);
#1440 = SURFACE_CURVE('',#1441,(#1446,#1452),.PCURVE_S1.);
#1441 = CIRCLE('',#1442,5.);
#1442 = AXIS2_PLACEMENT_3D('',#1443,#1444,#1445);
#1443 = CARTESIAN_POINT('',(5.,315.,-440.));
#1444 = DIRECTION('',(-1.,0.,0.));
#1445 = DIRECTION('',(0.,1.,-0.));
#1446 = PCURVE('',#824,#1447);
#1447 = DEFINITIONAL_REPRESENTATION('',(#1448),#1451);
#1448 = B_SPLINE_CURVE_WITH_KNOTS('',1,(#1449,#1450),.UNSPECIFIED.,.F.,
  .F.,(2,2),(0.,1.570796326795),.PIECEWISE_BEZIER_KNOTS.);
#1449 = CARTESIAN_POINT('',(0.,90.));
#1450 = CARTESIAN_POINT('',(1.570796326795,90.));
#1451 = ( GEOMETRIC_REPRESENTATION_CONTEXT(2) 
PARAMETRIC_REPRESENTATION_CONTEXT() REPRESENTATION_CONTEXT('2D SPACE',''
  ) );
#1452 = PCURVE('',#1318,#1453);
#1453 = DEFINITIONAL_REPRESENTATION('',(#1454),#1457);
#1454 = B_SPLINE_CURVE_WITH_KNOTS('',1,(#1455,#1456),.UNSPECIFIED.,.F.,
  .F.,(2,2),(0.,1.570796326795),.PIECEWISE_BEZIER_KNOTS.);
#1455 = CARTESIAN_POINT('',(0.,0.));
#1456 = CARTESIAN_POINT('',(0.,1.570796326795));
#1457 = ( GEOMETRIC_REPRESENTATION_CONTEXT(2) 
PARAMETRIC_REPRESENTATION_CONTEXT() REPRESENTATION_CONTEXT('2D SPACE',''
  ) );
#1458 = ORIENTED_EDGE('',*,*,#1459,.F.);
#1459 = EDGE_CURVE('',#1412,#1246,#1460,.T.);
#1460 = SURFACE_CURVE('',#1461,(#1465,#1472),.PCURVE_S1.);
#1461 = LINE('',#1462,#1463);
#1462 = CARTESIAN_POINT('',(95.,320.,-440.));
#1463 = VECTOR('',#1464,1.);
#1464 = DIRECTION('',(-1.,0.,0.));
#1465 = PCURVE('',#824,#1466);
#1466 = DEFINITIONAL_REPRESENTATION('',(#1467),#1471);
#1467 = LINE('',#1468,#1469);
#1468 = CARTESIAN_POINT('',(0.,0.));
#1469 = VECTOR('',#1470,1.);
#1470 = DIRECTION('',(0.,1.));
#1471 = ( GEOMETRIC_REPRESENTATION_CONTEXT(2) 
PARAMETRIC_REPRESENTATION_CONTEXT() REPRESENTATION_CONTEXT('2D SPACE',''
  ) );
#1472 = PCURVE('',#1263,#1473);
#1473 = DEFINITIONAL_REPRESENTATION('',(#1474),#1478);
#1474 = LINE('',#1475,#1476);
#1475 = CARTESIAN_POINT('',(0.,-5.));
#1476 = VECTOR('',#1477,1.);
#1477 = DIRECTION('',(1.,0.));
#1478 = ( GEOMETRIC_REPRESENTATION_CONTEXT(2) 
PARAMETRIC_REPRESENTATION_CONTEXT() REPRESENTATION_CONTEXT('2D SPACE',''
  ) );
#1479 = ADVANCED_FACE('',(#1480),#651,.T.);
#1480 = FACE_BOUND('',#1481,.F.);
#1481 = EDGE_LOOP('',(#1482,#1483,#1507,#1527));
#1482 = ORIENTED_EDGE('',*,*,#1387,.F.);
#1483 = ORIENTED_EDGE('',*,*,#1484,.T.);
#1484 = EDGE_CURVE('',#1194,#1485,#1487,.T.);
#1485 = VERTEX_POINT('',#1486);
#1486 = CARTESIAN_POINT('',(120.,230.,-440.));
#1487 = SURFACE_CURVE('',#1488,(#1493,#1500),.PCURVE_S1.);
#1488 = CIRCLE('',#1489,19.999999999081);
#1489 = AXIS2_PLACEMENT_3D('',#1490,#1491,#1492);
#1490 = CARTESIAN_POINT('',(119.99999999908,210.00000000091,-440.));
#1491 = DIRECTION('',(-0.,0.,-1.));
#1492 = DIRECTION('',(-1.,-4.592948244164E-11,0.));
#1493 = PCURVE('',#651,#1494);
#1494 = DEFINITIONAL_REPRESENTATION('',(#1495),#1499);
#1495 = LINE('',#1496,#1497);
#1496 = CARTESIAN_POINT('',(-0.,3.14159265359));
#1497 = VECTOR('',#1498,1.);
#1498 = DIRECTION('',(-1.,0.));
#1499 = ( GEOMETRIC_REPRESENTATION_CONTEXT(2) 
PARAMETRIC_REPRESENTATION_CONTEXT() REPRESENTATION_CONTEXT('2D SPACE',''
  ) );
#1500 = PCURVE('',#1209,#1501);
#1501 = DEFINITIONAL_REPRESENTATION('',(#1502),#1506);
#1502 = LINE('',#1503,#1504);
#1503 = CARTESIAN_POINT('',(0.,-5.));
#1504 = VECTOR('',#1505,1.);
#1505 = DIRECTION('',(1.,0.));
#1506 = ( GEOMETRIC_REPRESENTATION_CONTEXT(2) 
PARAMETRIC_REPRESENTATION_CONTEXT() REPRESENTATION_CONTEXT('2D SPACE',''
  ) );
#1507 = ORIENTED_EDGE('',*,*,#1508,.T.);
#1508 = EDGE_CURVE('',#1485,#631,#1509,.T.);
#1509 = SURFACE_CURVE('',#1510,(#1515,#1521),.PCURVE_S1.);
#1510 = CIRCLE('',#1511,5.);
#1511 = AXIS2_PLACEMENT_3D('',#1512,#1513,#1514);
#1512 = CARTESIAN_POINT('',(120.00000000023,235.,-440.));
#1513 = DIRECTION('',(1.,-4.592808893745E-11,0.));
#1514 = DIRECTION('',(4.592808893745E-11,1.,0.));
#1515 = PCURVE('',#651,#1516);
#1516 = DEFINITIONAL_REPRESENTATION('',(#1517),#1520);
#1517 = B_SPLINE_CURVE_WITH_KNOTS('',1,(#1518,#1519),.UNSPECIFIED.,.F.,
  .F.,(2,2),(3.14159265359,4.712388980385),.PIECEWISE_BEZIER_KNOTS.);
#1518 = CARTESIAN_POINT('',(-1.570796326887,3.14159265359));
#1519 = CARTESIAN_POINT('',(-1.570796326887,4.712388980385));
#1520 = ( GEOMETRIC_REPRESENTATION_CONTEXT(2) 
PARAMETRIC_REPRESENTATION_CONTEXT() REPRESENTATION_CONTEXT('2D SPACE',''
  ) );
#1521 = PCURVE('',#679,#1522);
#1522 = DEFINITIONAL_REPRESENTATION('',(#1523),#1526);
#1523 = B_SPLINE_CURVE_WITH_KNOTS('',1,(#1524,#1525),.UNSPECIFIED.,.F.,
  .F.,(2,2),(3.14159265359,4.712388980385),.PIECEWISE_BEZIER_KNOTS.);
#1524 = CARTESIAN_POINT('',(0.,0.));
#1525 = CARTESIAN_POINT('',(1.570796326795,0.));
#1526 = ( GEOMETRIC_REPRESENTATION_CONTEXT(2) 
PARAMETRIC_REPRESENTATION_CONTEXT() REPRESENTATION_CONTEXT('2D SPACE',''
  ) );
#1527 = ORIENTED_EDGE('',*,*,#630,.F.);
#1528 = ADVANCED_FACE('',(#1529),#796,.T.);
#1529 = FACE_BOUND('',#1530,.T.);
#1530 = EDGE_LOOP('',(#1531,#1553,#1554,#1576));
#1531 = ORIENTED_EDGE('',*,*,#1532,.T.);
#1532 = EDGE_CURVE('',#1533,#748,#1535,.T.);
#1533 = VERTEX_POINT('',#1534);
#1534 = CARTESIAN_POINT('',(100.,310.,-440.));
#1535 = SURFACE_CURVE('',#1536,(#1541,#1547),.PCURVE_S1.);
#1536 = CIRCLE('',#1537,5.);
#1537 = AXIS2_PLACEMENT_3D('',#1538,#1539,#1540);
#1538 = CARTESIAN_POINT('',(95.,310.00000000023,-440.));
#1539 = DIRECTION('',(4.592951002293E-11,1.,-0.));
#1540 = DIRECTION('',(-1.,4.592951002293E-11,0.));
#1541 = PCURVE('',#796,#1542);
#1542 = DEFINITIONAL_REPRESENTATION('',(#1543),#1546);
#1543 = B_SPLINE_CURVE_WITH_KNOTS('',1,(#1544,#1545),.UNSPECIFIED.,.F.,
  .F.,(2,2),(3.14159265359,4.712388980385),.PIECEWISE_BEZIER_KNOTS.);
#1544 = CARTESIAN_POINT('',(0.,0.));
#1545 = CARTESIAN_POINT('',(1.570796326795,0.));
#1546 = ( GEOMETRIC_REPRESENTATION_CONTEXT(2) 
PARAMETRIC_REPRESENTATION_CONTEXT() REPRESENTATION_CONTEXT('2D SPACE',''
  ) );
#1547 = PCURVE('',#768,#1548);
#1548 = DEFINITIONAL_REPRESENTATION('',(#1549),#1552);
#1549 = B_SPLINE_CURVE_WITH_KNOTS('',1,(#1550,#1551),.UNSPECIFIED.,.F.,
  .F.,(2,2),(3.14159265359,4.712388980385),.PIECEWISE_BEZIER_KNOTS.);
#1550 = CARTESIAN_POINT('',(-1.570796326887,3.14159265359));
#1551 = CARTESIAN_POINT('',(-1.570796326887,4.712388980385));
#1552 = ( GEOMETRIC_REPRESENTATION_CONTEXT(2) 
PARAMETRIC_REPRESENTATION_CONTEXT() REPRESENTATION_CONTEXT('2D SPACE',''
  ) );
#1553 = ORIENTED_EDGE('',*,*,#780,.T.);
#1554 = ORIENTED_EDGE('',*,*,#1555,.F.);
#1555 = EDGE_CURVE('',#1556,#781,#1558,.T.);
#1556 = VERTEX_POINT('',#1557);
#1557 = CARTESIAN_POINT('',(100.,315.,-440.));
#1558 = SURFACE_CURVE('',#1559,(#1564,#1570),.PCURVE_S1.);
#1559 = CIRCLE('',#1560,5.);
#1560 = AXIS2_PLACEMENT_3D('',#1561,#1562,#1563);
#1561 = CARTESIAN_POINT('',(95.,315.,-440.));
#1562 = DIRECTION('',(-2.84217094304E-15,1.,0.));
#1563 = DIRECTION('',(1.,2.84217094304E-15,-0.));
#1564 = PCURVE('',#796,#1565);
#1565 = DEFINITIONAL_REPRESENTATION('',(#1566),#1569);
#1566 = B_SPLINE_CURVE_WITH_KNOTS('',1,(#1567,#1568),.UNSPECIFIED.,.F.,
  .F.,(2,2),(0.,1.570796326795),.PIECEWISE_BEZIER_KNOTS.);
#1567 = CARTESIAN_POINT('',(0.,5.));
#1568 = CARTESIAN_POINT('',(1.570796326795,5.));
#1569 = ( GEOMETRIC_REPRESENTATION_CONTEXT(2) 
PARAMETRIC_REPRESENTATION_CONTEXT() REPRESENTATION_CONTEXT('2D SPACE',''
  ) );
#1570 = PCURVE('',#1427,#1571);
#1571 = DEFINITIONAL_REPRESENTATION('',(#1572),#1575);
#1572 = B_SPLINE_CURVE_WITH_KNOTS('',1,(#1573,#1574),.UNSPECIFIED.,.F.,
  .F.,(2,2),(0.,1.570796326795),.PIECEWISE_BEZIER_KNOTS.);
#1573 = CARTESIAN_POINT('',(0.,0.));
#1574 = CARTESIAN_POINT('',(0.,1.570796326795));
#1575 = ( GEOMETRIC_REPRESENTATION_CONTEXT(2) 
PARAMETRIC_REPRESENTATION_CONTEXT() REPRESENTATION_CONTEXT('2D SPACE',''
  ) );
#1576 = ORIENTED_EDGE('',*,*,#1577,.F.);
#1577 = EDGE_CURVE('',#1533,#1556,#1578,.T.);
#1578 = SURFACE_CURVE('',#1579,(#1583,#1590),.PCURVE_S1.);
#1579 = LINE('',#1580,#1581);
#1580 = CARTESIAN_POINT('',(100.,310.,-440.));
#1581 = VECTOR('',#1582,1.);
#1582 = DIRECTION('',(-2.84217094304E-15,1.,0.));
#1583 = PCURVE('',#796,#1584);
#1584 = DEFINITIONAL_REPRESENTATION('',(#1585),#1589);
#1585 = LINE('',#1586,#1587);
#1586 = CARTESIAN_POINT('',(0.,0.));
#1587 = VECTOR('',#1588,1.);
#1588 = DIRECTION('',(0.,1.));
#1589 = ( GEOMETRIC_REPRESENTATION_CONTEXT(2) 
PARAMETRIC_REPRESENTATION_CONTEXT() REPRESENTATION_CONTEXT('2D SPACE',''
  ) );
#1590 = PCURVE('',#1591,#1596);
#1591 = PLANE('',#1592);
#1592 = AXIS2_PLACEMENT_3D('',#1593,#1594,#1595);
#1593 = CARTESIAN_POINT('',(100.,310.,-445.));
#1594 = DIRECTION('',(-1.,-2.84217094304E-15,0.));
#1595 = DIRECTION('',(-2.84217094304E-15,1.,0.));
#1596 = DEFINITIONAL_REPRESENTATION('',(#1597),#1601);
#1597 = LINE('',#1598,#1599);
#1598 = CARTESIAN_POINT('',(0.,-5.));
#1599 = VECTOR('',#1600,1.);
#1600 = DIRECTION('',(1.,0.));
#1601 = ( GEOMETRIC_REPRESENTATION_CONTEXT(2) 
PARAMETRIC_REPRESENTATION_CONTEXT() REPRESENTATION_CONTEXT('2D SPACE',''
  ) );
#1602 = ADVANCED_FACE('',(#1603),#679,.T.);
#1603 = FACE_BOUND('',#1604,.T.);
#1604 = EDGE_LOOP('',(#1605,#1606,#1607,#1634));
#1605 = ORIENTED_EDGE('',*,*,#1508,.T.);
#1606 = ORIENTED_EDGE('',*,*,#663,.T.);
#1607 = ORIENTED_EDGE('',*,*,#1608,.F.);
#1608 = EDGE_CURVE('',#1609,#664,#1611,.T.);
#1609 = VERTEX_POINT('',#1610);
#1610 = CARTESIAN_POINT('',(295.,230.,-440.));
#1611 = SURFACE_CURVE('',#1612,(#1617,#1623),.PCURVE_S1.);
#1612 = CIRCLE('',#1613,5.);
#1613 = AXIS2_PLACEMENT_3D('',#1614,#1615,#1616);
#1614 = CARTESIAN_POINT('',(295.,235.,-440.));
#1615 = DIRECTION('',(1.,0.,0.));
#1616 = DIRECTION('',(0.,-1.,-0.));
#1617 = PCURVE('',#679,#1618);
#1618 = DEFINITIONAL_REPRESENTATION('',(#1619),#1622);
#1619 = B_SPLINE_CURVE_WITH_KNOTS('',1,(#1620,#1621),.UNSPECIFIED.,.F.,
  .F.,(2,2),(0.,1.570796326795),.PIECEWISE_BEZIER_KNOTS.);
#1620 = CARTESIAN_POINT('',(0.,175.));
#1621 = CARTESIAN_POINT('',(1.570796326795,175.));
#1622 = ( GEOMETRIC_REPRESENTATION_CONTEXT(2) 
PARAMETRIC_REPRESENTATION_CONTEXT() REPRESENTATION_CONTEXT('2D SPACE',''
  ) );
#1623 = PCURVE('',#1624,#1629);
#1624 = SPHERICAL_SURFACE('',#1625,5.);
#1625 = AXIS2_PLACEMENT_3D('',#1626,#1627,#1628);
#1626 = CARTESIAN_POINT('',(295.00000000023,234.99999999977,-440.));
#1627 = DIRECTION('',(-0.,-0.,-1.));
#1628 = DIRECTION('',(-4.592948244164E-11,-1.,0.));
#1629 = DEFINITIONAL_REPRESENTATION('',(#1630),#1633);
#1630 = B_SPLINE_CURVE_WITH_KNOTS('',1,(#1631,#1632),.UNSPECIFIED.,.F.,
  .F.,(2,2),(0.,1.570796326795),.PIECEWISE_BEZIER_KNOTS.);
#1631 = CARTESIAN_POINT('',(0.,0.));
#1632 = CARTESIAN_POINT('',(0.,1.570796326795));
#1633 = ( GEOMETRIC_REPRESENTATION_CONTEXT(2) 
PARAMETRIC_REPRESENTATION_CONTEXT() REPRESENTATION_CONTEXT('2D SPACE',''
  ) );
#1634 = ORIENTED_EDGE('',*,*,#1635,.F.);
#1635 = EDGE_CURVE('',#1485,#1609,#1636,.T.);
#1636 = SURFACE_CURVE('',#1637,(#1641,#1648),.PCURVE_S1.);
#1637 = LINE('',#1638,#1639);
#1638 = CARTESIAN_POINT('',(120.,230.,-440.));
#1639 = VECTOR('',#1640,1.);
#1640 = DIRECTION('',(1.,0.,0.));
#1641 = PCURVE('',#679,#1642);
#1642 = DEFINITIONAL_REPRESENTATION('',(#1643),#1647);
#1643 = LINE('',#1644,#1645);
#1644 = CARTESIAN_POINT('',(0.,0.));
#1645 = VECTOR('',#1646,1.);
#1646 = DIRECTION('',(0.,1.));
#1647 = ( GEOMETRIC_REPRESENTATION_CONTEXT(2) 
PARAMETRIC_REPRESENTATION_CONTEXT() REPRESENTATION_CONTEXT('2D SPACE',''
  ) );
#1648 = PCURVE('',#1649,#1654);
#1649 = PLANE('',#1650);
#1650 = AXIS2_PLACEMENT_3D('',#1651,#1652,#1653);
#1651 = CARTESIAN_POINT('',(120.,230.,-445.));
#1652 = DIRECTION('',(0.,1.,0.));
#1653 = DIRECTION('',(1.,0.,0.));
#1654 = DEFINITIONAL_REPRESENTATION('',(#1655),#1659);
#1655 = LINE('',#1656,#1657);
#1656 = CARTESIAN_POINT('',(0.,-5.));
#1657 = VECTOR('',#1658,1.);
#1658 = DIRECTION('',(1.,0.));
#1659 = ( GEOMETRIC_REPRESENTATION_CONTEXT(2) 
PARAMETRIC_REPRESENTATION_CONTEXT() REPRESENTATION_CONTEXT('2D SPACE',''
  ) );
#1660 = ADVANCED_FACE('',(#1661),#768,.T.);
#1661 = FACE_BOUND('',#1662,.F.);
#1662 = EDGE_LOOP('',(#1663,#1685,#1712,#1713));
#1663 = ORIENTED_EDGE('',*,*,#1664,.F.);
#1664 = EDGE_CURVE('',#1665,#720,#1667,.T.);
#1665 = VERTEX_POINT('',#1666);
#1666 = CARTESIAN_POINT('',(120.,290.,-440.));
#1667 = SURFACE_CURVE('',#1668,(#1673,#1679),.PCURVE_S1.);
#1668 = CIRCLE('',#1669,5.);
#1669 = AXIS2_PLACEMENT_3D('',#1670,#1671,#1672);
#1670 = CARTESIAN_POINT('',(120.,285.,-440.));
#1671 = DIRECTION('',(-1.,0.,0.));
#1672 = DIRECTION('',(0.,1.,-0.));
#1673 = PCURVE('',#768,#1674);
#1674 = DEFINITIONAL_REPRESENTATION('',(#1675),#1678);
#1675 = B_SPLINE_CURVE_WITH_KNOTS('',1,(#1676,#1677),.UNSPECIFIED.,.F.,
  .F.,(2,2),(0.,1.570796326795),.PIECEWISE_BEZIER_KNOTS.);
#1676 = CARTESIAN_POINT('',(0.,3.14159265359));
#1677 = CARTESIAN_POINT('',(0.,4.712388980385));
#1678 = ( GEOMETRIC_REPRESENTATION_CONTEXT(2) 
PARAMETRIC_REPRESENTATION_CONTEXT() REPRESENTATION_CONTEXT('2D SPACE',''
  ) );
#1679 = PCURVE('',#735,#1680);
#1680 = DEFINITIONAL_REPRESENTATION('',(#1681),#1684);
#1681 = B_SPLINE_CURVE_WITH_KNOTS('',1,(#1682,#1683),.UNSPECIFIED.,.F.,
  .F.,(2,2),(0.,1.570796326795),.PIECEWISE_BEZIER_KNOTS.);
#1682 = CARTESIAN_POINT('',(0.,175.));
#1683 = CARTESIAN_POINT('',(1.570796326795,175.));
#1684 = ( GEOMETRIC_REPRESENTATION_CONTEXT(2) 
PARAMETRIC_REPRESENTATION_CONTEXT() REPRESENTATION_CONTEXT('2D SPACE',''
  ) );
#1685 = ORIENTED_EDGE('',*,*,#1686,.T.);
#1686 = EDGE_CURVE('',#1665,#1533,#1687,.T.);
#1687 = SURFACE_CURVE('',#1688,(#1693,#1700),.PCURVE_S1.);
#1688 = CIRCLE('',#1689,19.999999999081);
#1689 = AXIS2_PLACEMENT_3D('',#1690,#1691,#1692);
#1690 = CARTESIAN_POINT('',(119.99999999908,309.99999999908,-440.));
#1691 = DIRECTION('',(0.,-0.,-1.));
#1692 = DIRECTION('',(4.592806135617E-11,-1.,0.));
#1693 = PCURVE('',#768,#1694);
#1694 = DEFINITIONAL_REPRESENTATION('',(#1695),#1699);
#1695 = LINE('',#1696,#1697);
#1696 = CARTESIAN_POINT('',(-0.,3.14159265359));
#1697 = VECTOR('',#1698,1.);
#1698 = DIRECTION('',(-1.,0.));
#1699 = ( GEOMETRIC_REPRESENTATION_CONTEXT(2) 
PARAMETRIC_REPRESENTATION_CONTEXT() REPRESENTATION_CONTEXT('2D SPACE',''
  ) );
#1700 = PCURVE('',#1701,#1706);
#1701 = CYLINDRICAL_SURFACE('',#1702,19.999999999081);
#1702 = AXIS2_PLACEMENT_3D('',#1703,#1704,#1705);
#1703 = CARTESIAN_POINT('',(119.99999999908,309.99999999908,-445.));
#1704 = DIRECTION('',(0.,0.,-1.));
#1705 = DIRECTION('',(4.592806135617E-11,-1.,0.));
#1706 = DEFINITIONAL_REPRESENTATION('',(#1707),#1711);
#1707 = LINE('',#1708,#1709);
#1708 = CARTESIAN_POINT('',(0.,-5.));
#1709 = VECTOR('',#1710,1.);
#1710 = DIRECTION('',(1.,0.));
#1711 = ( GEOMETRIC_REPRESENTATION_CONTEXT(2) 
PARAMETRIC_REPRESENTATION_CONTEXT() REPRESENTATION_CONTEXT('2D SPACE',''
  ) );
#1712 = ORIENTED_EDGE('',*,*,#1532,.T.);
#1713 = ORIENTED_EDGE('',*,*,#747,.F.);
#1714 = ADVANCED_FACE('',(#1715),#707,.T.);
#1715 = FACE_BOUND('',#1716,.T.);
#1716 = EDGE_LOOP('',(#1717,#1739,#1740,#1767));
#1717 = ORIENTED_EDGE('',*,*,#1718,.T.);
#1718 = EDGE_CURVE('',#1719,#664,#1721,.T.);
#1719 = VERTEX_POINT('',#1720);
#1720 = CARTESIAN_POINT('',(300.00000000023,235.,-440.));
#1721 = SURFACE_CURVE('',#1722,(#1727,#1733),.PCURVE_S1.);
#1722 = CIRCLE('',#1723,5.);
#1723 = AXIS2_PLACEMENT_3D('',#1724,#1725,#1726);
#1724 = CARTESIAN_POINT('',(295.00000000023,234.99999999977,-440.));
#1725 = DIRECTION('',(-4.593519436481E-11,1.,0.));
#1726 = DIRECTION('',(1.,4.593519436481E-11,-0.));
#1727 = PCURVE('',#707,#1728);
#1728 = DEFINITIONAL_REPRESENTATION('',(#1729),#1732);
#1729 = B_SPLINE_CURVE_WITH_KNOTS('',1,(#1730,#1731),.UNSPECIFIED.,.F.,
  .F.,(2,2),(0.,1.570796326795),.PIECEWISE_BEZIER_KNOTS.);
#1730 = CARTESIAN_POINT('',(0.,0.));
#1731 = CARTESIAN_POINT('',(1.570796326795,0.));
#1732 = ( GEOMETRIC_REPRESENTATION_CONTEXT(2) 
PARAMETRIC_REPRESENTATION_CONTEXT() REPRESENTATION_CONTEXT('2D SPACE',''
  ) );
#1733 = PCURVE('',#1624,#1734);
#1734 = DEFINITIONAL_REPRESENTATION('',(#1735),#1738);
#1735 = B_SPLINE_CURVE_WITH_KNOTS('',1,(#1736,#1737),.UNSPECIFIED.,.F.,
  .F.,(2,2),(0.,1.570796326795),.PIECEWISE_BEZIER_KNOTS.);
#1736 = CARTESIAN_POINT('',(-1.570796326887,0.));
#1737 = CARTESIAN_POINT('',(-1.570796326887,1.570796326795));
#1738 = ( GEOMETRIC_REPRESENTATION_CONTEXT(2) 
PARAMETRIC_REPRESENTATION_CONTEXT() REPRESENTATION_CONTEXT('2D SPACE',''
  ) );
#1739 = ORIENTED_EDGE('',*,*,#691,.T.);
#1740 = ORIENTED_EDGE('',*,*,#1741,.F.);
#1741 = EDGE_CURVE('',#1742,#692,#1744,.T.);
#1742 = VERTEX_POINT('',#1743);
#1743 = CARTESIAN_POINT('',(300.,285.,-440.));
#1744 = SURFACE_CURVE('',#1745,(#1750,#1756),.PCURVE_S1.);
#1745 = CIRCLE('',#1746,5.);
#1746 = AXIS2_PLACEMENT_3D('',#1747,#1748,#1749);
#1747 = CARTESIAN_POINT('',(295.,285.,-440.));
#1748 = DIRECTION('',(0.,1.,0.));
#1749 = DIRECTION('',(1.,0.,-0.));
#1750 = PCURVE('',#707,#1751);
#1751 = DEFINITIONAL_REPRESENTATION('',(#1752),#1755);
#1752 = B_SPLINE_CURVE_WITH_KNOTS('',1,(#1753,#1754),.UNSPECIFIED.,.F.,
  .F.,(2,2),(0.,1.570796326795),.PIECEWISE_BEZIER_KNOTS.);
#1753 = CARTESIAN_POINT('',(0.,50.));
#1754 = CARTESIAN_POINT('',(1.570796326795,50.));
#1755 = ( GEOMETRIC_REPRESENTATION_CONTEXT(2) 
PARAMETRIC_REPRESENTATION_CONTEXT() REPRESENTATION_CONTEXT('2D SPACE',''
  ) );
#1756 = PCURVE('',#1757,#1762);
#1757 = SPHERICAL_SURFACE('',#1758,5.);
#1758 = AXIS2_PLACEMENT_3D('',#1759,#1760,#1761);
#1759 = CARTESIAN_POINT('',(295.00000000023,285.00000000023,-440.));
#1760 = DIRECTION('',(-0.,-0.,-1.));
#1761 = DIRECTION('',(1.,-4.592948244164E-11,0.));
#1762 = DEFINITIONAL_REPRESENTATION('',(#1763),#1766);
#1763 = B_SPLINE_CURVE_WITH_KNOTS('',1,(#1764,#1765),.UNSPECIFIED.,.F.,
  .F.,(2,2),(0.,1.570796326795),.PIECEWISE_BEZIER_KNOTS.);
#1764 = CARTESIAN_POINT('',(0.,0.));
#1765 = CARTESIAN_POINT('',(0.,1.570796326795));
#1766 = ( GEOMETRIC_REPRESENTATION_CONTEXT(2) 
PARAMETRIC_REPRESENTATION_CONTEXT() REPRESENTATION_CONTEXT('2D SPACE',''
  ) );
#1767 = ORIENTED_EDGE('',*,*,#1768,.F.);
#1768 = EDGE_CURVE('',#1719,#1742,#1769,.T.);
#1769 = SURFACE_CURVE('',#1770,(#1774,#1781),.PCURVE_S1.);
#1770 = LINE('',#1771,#1772);
#1771 = CARTESIAN_POINT('',(300.,235.,-440.));
#1772 = VECTOR('',#1773,1.);
#1773 = DIRECTION('',(0.,1.,0.));
#1774 = PCURVE('',#707,#1775);
#1775 = DEFINITIONAL_REPRESENTATION('',(#1776),#1780);
#1776 = LINE('',#1777,#1778);
#1777 = CARTESIAN_POINT('',(0.,0.));
#1778 = VECTOR('',#1779,1.);
#1779 = DIRECTION('',(0.,1.));
#1780 = ( GEOMETRIC_REPRESENTATION_CONTEXT(2) 
PARAMETRIC_REPRESENTATION_CONTEXT() REPRESENTATION_CONTEXT('2D SPACE',''
  ) );
#1781 = PCURVE('',#1782,#1787);
#1782 = PLANE('',#1783);
#1783 = AXIS2_PLACEMENT_3D('',#1784,#1785,#1786);
#1784 = CARTESIAN_POINT('',(300.,235.,-445.));
#1785 = DIRECTION('',(-1.,0.,0.));
#1786 = DIRECTION('',(0.,1.,0.));
#1787 = DEFINITIONAL_REPRESENTATION('',(#1788),#1792);
#1788 = LINE('',#1789,#1790);
#1789 = CARTESIAN_POINT('',(0.,-5.));
#1790 = VECTOR('',#1791,1.);
#1791 = DIRECTION('',(1.,0.));
#1792 = ( GEOMETRIC_REPRESENTATION_CONTEXT(2) 
PARAMETRIC_REPRESENTATION_CONTEXT() REPRESENTATION_CONTEXT('2D SPACE',''
  ) );
#1793 = ADVANCED_FACE('',(#1794),#735,.T.);
#1794 = FACE_BOUND('',#1795,.T.);
#1795 = EDGE_LOOP('',(#1796,#1818,#1819,#1820));
#1796 = ORIENTED_EDGE('',*,*,#1797,.T.);
#1797 = EDGE_CURVE('',#1798,#692,#1800,.T.);
#1798 = VERTEX_POINT('',#1799);
#1799 = CARTESIAN_POINT('',(295.,290.00000000023,-440.));
#1800 = SURFACE_CURVE('',#1801,(#1806,#1812),.PCURVE_S1.);
#1801 = CIRCLE('',#1802,5.);
#1802 = AXIS2_PLACEMENT_3D('',#1803,#1804,#1805);
#1803 = CARTESIAN_POINT('',(295.00000000023,285.00000000023,-440.));
#1804 = DIRECTION('',(-1.,-4.592942120508E-11,0.));
#1805 = DIRECTION('',(-4.592942120508E-11,1.,0.));
#1806 = PCURVE('',#735,#1807);
#1807 = DEFINITIONAL_REPRESENTATION('',(#1808),#1811);
#1808 = B_SPLINE_CURVE_WITH_KNOTS('',1,(#1809,#1810),.UNSPECIFIED.,.F.,
  .F.,(2,2),(0.,1.570796326795),.PIECEWISE_BEZIER_KNOTS.);
#1809 = CARTESIAN_POINT('',(0.,0.));
#1810 = CARTESIAN_POINT('',(1.570796326795,0.));
#1811 = ( GEOMETRIC_REPRESENTATION_CONTEXT(2) 
PARAMETRIC_REPRESENTATION_CONTEXT() REPRESENTATION_CONTEXT('2D SPACE',''
  ) );
#1812 = PCURVE('',#1757,#1813);
#1813 = DEFINITIONAL_REPRESENTATION('',(#1814),#1817);
#1814 = B_SPLINE_CURVE_WITH_KNOTS('',1,(#1815,#1816),.UNSPECIFIED.,.F.,
  .F.,(2,2),(0.,1.570796326795),.PIECEWISE_BEZIER_KNOTS.);
#1815 = CARTESIAN_POINT('',(-1.570796326887,0.));
#1816 = CARTESIAN_POINT('',(-1.570796326887,1.570796326795));
#1817 = ( GEOMETRIC_REPRESENTATION_CONTEXT(2) 
PARAMETRIC_REPRESENTATION_CONTEXT() REPRESENTATION_CONTEXT('2D SPACE',''
  ) );
#1818 = ORIENTED_EDGE('',*,*,#719,.T.);
#1819 = ORIENTED_EDGE('',*,*,#1664,.F.);
#1820 = ORIENTED_EDGE('',*,*,#1821,.F.);
#1821 = EDGE_CURVE('',#1798,#1665,#1822,.T.);
#1822 = SURFACE_CURVE('',#1823,(#1827,#1834),.PCURVE_S1.);
#1823 = LINE('',#1824,#1825);
#1824 = CARTESIAN_POINT('',(295.,290.,-440.));
#1825 = VECTOR('',#1826,1.);
#1826 = DIRECTION('',(-1.,0.,0.));
#1827 = PCURVE('',#735,#1828);
#1828 = DEFINITIONAL_REPRESENTATION('',(#1829),#1833);
#1829 = LINE('',#1830,#1831);
#1830 = CARTESIAN_POINT('',(0.,0.));
#1831 = VECTOR('',#1832,1.);
#1832 = DIRECTION('',(0.,1.));
#1833 = ( GEOMETRIC_REPRESENTATION_CONTEXT(2) 
PARAMETRIC_REPRESENTATION_CONTEXT() REPRESENTATION_CONTEXT('2D SPACE',''
  ) );
#1834 = PCURVE('',#1835,#1840);
#1835 = PLANE('',#1836);
#1836 = AXIS2_PLACEMENT_3D('',#1837,#1838,#1839);
#1837 = CARTESIAN_POINT('',(295.,290.,-445.));
#1838 = DIRECTION('',(0.,-1.,0.));
#1839 = DIRECTION('',(-1.,0.,0.));
#1840 = DEFINITIONAL_REPRESENTATION('',(#1841),#1845);
#1841 = LINE('',#1842,#1843);
#1842 = CARTESIAN_POINT('',(0.,-5.));
#1843 = VECTOR('',#1844,1.);
#1844 = DIRECTION('',(1.,0.));
#1845 = ( GEOMETRIC_REPRESENTATION_CONTEXT(2) 
PARAMETRIC_REPRESENTATION_CONTEXT() REPRESENTATION_CONTEXT('2D SPACE',''
  ) );
#1846 = ADVANCED_FACE('',(#1847),#902,.T.);
#1847 = FACE_BOUND('',#1848,.F.);
#1848 = EDGE_LOOP('',(#1849,#1850,#1851,#1871));
#1849 = ORIENTED_EDGE('',*,*,#1146,.T.);
#1850 = ORIENTED_EDGE('',*,*,#886,.T.);
#1851 = ORIENTED_EDGE('',*,*,#1852,.F.);
#1852 = EDGE_CURVE('',#1171,#887,#1853,.T.);
#1853 = SURFACE_CURVE('',#1854,(#1859,#1865),.PCURVE_S1.);
#1854 = CIRCLE('',#1855,5.);
#1855 = AXIS2_PLACEMENT_3D('',#1856,#1857,#1858);
#1856 = CARTESIAN_POINT('',(95.,210.,-345.));
#1857 = DIRECTION('',(0.,-1.,-0.));
#1858 = DIRECTION('',(1.,0.,-0.));
#1859 = PCURVE('',#902,#1860);
#1860 = DEFINITIONAL_REPRESENTATION('',(#1861),#1864);
#1861 = B_SPLINE_CURVE_WITH_KNOTS('',1,(#1862,#1863),.UNSPECIFIED.,.F.,
  .F.,(2,2),(0.,1.570796326795),.PIECEWISE_BEZIER_KNOTS.);
#1862 = CARTESIAN_POINT('',(0.,5.));
#1863 = CARTESIAN_POINT('',(-1.570796326795,5.));
#1864 = ( GEOMETRIC_REPRESENTATION_CONTEXT(2) 
PARAMETRIC_REPRESENTATION_CONTEXT() REPRESENTATION_CONTEXT('2D SPACE',''
  ) );
#1865 = PCURVE('',#935,#1866);
#1866 = DEFINITIONAL_REPRESENTATION('',(#1867),#1870);
#1867 = B_SPLINE_CURVE_WITH_KNOTS('',1,(#1868,#1869),.UNSPECIFIED.,.F.,
  .F.,(2,2),(0.,1.570796326795),.PIECEWISE_BEZIER_KNOTS.);
#1868 = CARTESIAN_POINT('',(0.,3.14159265359));
#1869 = CARTESIAN_POINT('',(0.,4.712388980385));
#1870 = ( GEOMETRIC_REPRESENTATION_CONTEXT(2) 
PARAMETRIC_REPRESENTATION_CONTEXT() REPRESENTATION_CONTEXT('2D SPACE',''
  ) );
#1871 = ORIENTED_EDGE('',*,*,#1170,.F.);
#1872 = ADVANCED_FACE('',(#1873),#1108,.T.);
#1873 = FACE_BOUND('',#1874,.F.);
#1874 = EDGE_LOOP('',(#1875,#1902,#1903,#1923));
#1875 = ORIENTED_EDGE('',*,*,#1876,.T.);
#1876 = EDGE_CURVE('',#1877,#1065,#1879,.T.);
#1877 = VERTEX_POINT('',#1878);
#1878 = CARTESIAN_POINT('',(95.,320.00000000023,-345.));
#1879 = SURFACE_CURVE('',#1880,(#1885,#1891),.PCURVE_S1.);
#1880 = CIRCLE('',#1881,5.);
#1881 = AXIS2_PLACEMENT_3D('',#1882,#1883,#1884);
#1882 = CARTESIAN_POINT('',(95.00000000023,315.00000000023,-345.));
#1883 = DIRECTION('',(1.,4.593519436481E-11,-0.));
#1884 = DIRECTION('',(-4.593519436481E-11,1.,-0.));
#1885 = PCURVE('',#1108,#1886);
#1886 = DEFINITIONAL_REPRESENTATION('',(#1887),#1890);
#1887 = B_SPLINE_CURVE_WITH_KNOTS('',1,(#1888,#1889),.UNSPECIFIED.,.F.,
  .F.,(2,2),(0.,1.570796326795),.PIECEWISE_BEZIER_KNOTS.);
#1888 = CARTESIAN_POINT('',(0.,0.));
#1889 = CARTESIAN_POINT('',(-1.570796326795,0.));
#1890 = ( GEOMETRIC_REPRESENTATION_CONTEXT(2) 
PARAMETRIC_REPRESENTATION_CONTEXT() REPRESENTATION_CONTEXT('2D SPACE',''
  ) );
#1891 = PCURVE('',#1892,#1897);
#1892 = SPHERICAL_SURFACE('',#1893,5.);
#1893 = AXIS2_PLACEMENT_3D('',#1894,#1895,#1896);
#1894 = CARTESIAN_POINT('',(95.00000000023,315.00000000023,-345.));
#1895 = DIRECTION('',(0.,0.,1.));
#1896 = DIRECTION('',(1.,-4.592948244164E-11,0.));
#1897 = DEFINITIONAL_REPRESENTATION('',(#1898),#1901);
#1898 = B_SPLINE_CURVE_WITH_KNOTS('',1,(#1899,#1900),.UNSPECIFIED.,.F.,
  .F.,(2,2),(0.,1.570796326795),.PIECEWISE_BEZIER_KNOTS.);
#1899 = CARTESIAN_POINT('',(1.570796326887,0.));
#1900 = CARTESIAN_POINT('',(1.570796326887,1.570796326795));
#1901 = ( GEOMETRIC_REPRESENTATION_CONTEXT(2) 
PARAMETRIC_REPRESENTATION_CONTEXT() REPRESENTATION_CONTEXT('2D SPACE',''
  ) );
#1902 = ORIENTED_EDGE('',*,*,#1092,.T.);
#1903 = ORIENTED_EDGE('',*,*,#1904,.F.);
#1904 = EDGE_CURVE('',#1248,#1093,#1905,.T.);
#1905 = SURFACE_CURVE('',#1906,(#1911,#1917),.PCURVE_S1.);
#1906 = CIRCLE('',#1907,5.);
#1907 = AXIS2_PLACEMENT_3D('',#1908,#1909,#1910);
#1908 = CARTESIAN_POINT('',(5.,315.,-345.));
#1909 = DIRECTION('',(1.,0.,-0.));
#1910 = DIRECTION('',(0.,1.,0.));
#1911 = PCURVE('',#1108,#1912);
#1912 = DEFINITIONAL_REPRESENTATION('',(#1913),#1916);
#1913 = B_SPLINE_CURVE_WITH_KNOTS('',1,(#1914,#1915),.UNSPECIFIED.,.F.,
  .F.,(2,2),(0.,1.570796326795),.PIECEWISE_BEZIER_KNOTS.);
#1914 = CARTESIAN_POINT('',(0.,90.));
#1915 = CARTESIAN_POINT('',(-1.570796326795,90.));
#1916 = ( GEOMETRIC_REPRESENTATION_CONTEXT(2) 
PARAMETRIC_REPRESENTATION_CONTEXT() REPRESENTATION_CONTEXT('2D SPACE',''
  ) );
#1917 = PCURVE('',#1290,#1918);
#1918 = DEFINITIONAL_REPRESENTATION('',(#1919),#1922);
#1919 = B_SPLINE_CURVE_WITH_KNOTS('',1,(#1920,#1921),.UNSPECIFIED.,.F.,
  .F.,(2,2),(0.,1.570796326795),.PIECEWISE_BEZIER_KNOTS.);
#1920 = CARTESIAN_POINT('',(0.,0.));
#1921 = CARTESIAN_POINT('',(0.,1.570796326795));
#1922 = ( GEOMETRIC_REPRESENTATION_CONTEXT(2) 
PARAMETRIC_REPRESENTATION_CONTEXT() REPRESENTATION_CONTEXT('2D SPACE',''
  ) );
#1923 = ORIENTED_EDGE('',*,*,#1924,.F.);
#1924 = EDGE_CURVE('',#1877,#1248,#1925,.T.);
#1925 = SURFACE_CURVE('',#1926,(#1930,#1937),.PCURVE_S1.);
#1926 = LINE('',#1927,#1928);
#1927 = CARTESIAN_POINT('',(95.,320.,-345.));
#1928 = VECTOR('',#1929,1.);
#1929 = DIRECTION('',(-1.,0.,0.));
#1930 = PCURVE('',#1108,#1931);
#1931 = DEFINITIONAL_REPRESENTATION('',(#1932),#1936);
#1932 = LINE('',#1933,#1934);
#1933 = CARTESIAN_POINT('',(-0.,0.));
#1934 = VECTOR('',#1935,1.);
#1935 = DIRECTION('',(-0.,1.));
#1936 = ( GEOMETRIC_REPRESENTATION_CONTEXT(2) 
PARAMETRIC_REPRESENTATION_CONTEXT() REPRESENTATION_CONTEXT('2D SPACE',''
  ) );
#1937 = PCURVE('',#1263,#1938);
#1938 = DEFINITIONAL_REPRESENTATION('',(#1939),#1943);
#1939 = LINE('',#1940,#1941);
#1940 = CARTESIAN_POINT('',(0.,-100.));
#1941 = VECTOR('',#1942,1.);
#1942 = DIRECTION('',(1.,0.));
#1943 = ( GEOMETRIC_REPRESENTATION_CONTEXT(2) 
PARAMETRIC_REPRESENTATION_CONTEXT() REPRESENTATION_CONTEXT('2D SPACE',''
  ) );
#1944 = ADVANCED_FACE('',(#1945),#935,.T.);
#1945 = FACE_BOUND('',#1946,.T.);
#1946 = EDGE_LOOP('',(#1947,#1948,#1972,#1992));
#1947 = ORIENTED_EDGE('',*,*,#1852,.F.);
#1948 = ORIENTED_EDGE('',*,*,#1949,.T.);
#1949 = EDGE_CURVE('',#1171,#1950,#1952,.T.);
#1950 = VERTEX_POINT('',#1951);
#1951 = CARTESIAN_POINT('',(120.,230.,-345.));
#1952 = SURFACE_CURVE('',#1953,(#1958,#1965),.PCURVE_S1.);
#1953 = CIRCLE('',#1954,19.999999999081);
#1954 = AXIS2_PLACEMENT_3D('',#1955,#1956,#1957);
#1955 = CARTESIAN_POINT('',(119.99999999908,210.00000000091,-345.));
#1956 = DIRECTION('',(-0.,0.,-1.));
#1957 = DIRECTION('',(-1.,-4.592948244164E-11,0.));
#1958 = PCURVE('',#935,#1959);
#1959 = DEFINITIONAL_REPRESENTATION('',(#1960),#1964);
#1960 = LINE('',#1961,#1962);
#1961 = CARTESIAN_POINT('',(0.,3.14159265359));
#1962 = VECTOR('',#1963,1.);
#1963 = DIRECTION('',(1.,0.));
#1964 = ( GEOMETRIC_REPRESENTATION_CONTEXT(2) 
PARAMETRIC_REPRESENTATION_CONTEXT() REPRESENTATION_CONTEXT('2D SPACE',''
  ) );
#1965 = PCURVE('',#1209,#1966);
#1966 = DEFINITIONAL_REPRESENTATION('',(#1967),#1971);
#1967 = LINE('',#1968,#1969);
#1968 = CARTESIAN_POINT('',(0.,-100.));
#1969 = VECTOR('',#1970,1.);
#1970 = DIRECTION('',(1.,0.));
#1971 = ( GEOMETRIC_REPRESENTATION_CONTEXT(2) 
PARAMETRIC_REPRESENTATION_CONTEXT() REPRESENTATION_CONTEXT('2D SPACE',''
  ) );
#1972 = ORIENTED_EDGE('',*,*,#1973,.T.);
#1973 = EDGE_CURVE('',#1950,#915,#1974,.T.);
#1974 = SURFACE_CURVE('',#1975,(#1980,#1986),.PCURVE_S1.);
#1975 = CIRCLE('',#1976,5.);
#1976 = AXIS2_PLACEMENT_3D('',#1977,#1978,#1979);
#1977 = CARTESIAN_POINT('',(120.00000000023,235.,-345.));
#1978 = DIRECTION('',(-1.,4.592808893745E-11,0.));
#1979 = DIRECTION('',(4.592808893745E-11,1.,0.));
#1980 = PCURVE('',#935,#1981);
#1981 = DEFINITIONAL_REPRESENTATION('',(#1982),#1985);
#1982 = B_SPLINE_CURVE_WITH_KNOTS('',1,(#1983,#1984),.UNSPECIFIED.,.F.,
  .F.,(2,2),(3.14159265359,4.712388980385),.PIECEWISE_BEZIER_KNOTS.);
#1983 = CARTESIAN_POINT('',(1.570796326887,3.14159265359));
#1984 = CARTESIAN_POINT('',(1.570796326887,4.712388980385));
#1985 = ( GEOMETRIC_REPRESENTATION_CONTEXT(2) 
PARAMETRIC_REPRESENTATION_CONTEXT() REPRESENTATION_CONTEXT('2D SPACE',''
  ) );
#1986 = PCURVE('',#963,#1987);
#1987 = DEFINITIONAL_REPRESENTATION('',(#1988),#1991);
#1988 = B_SPLINE_CURVE_WITH_KNOTS('',1,(#1989,#1990),.UNSPECIFIED.,.F.,
  .F.,(2,2),(3.14159265359,4.712388980385),.PIECEWISE_BEZIER_KNOTS.);
#1989 = CARTESIAN_POINT('',(0.,0.));
#1990 = CARTESIAN_POINT('',(-1.570796326795,0.));
#1991 = ( GEOMETRIC_REPRESENTATION_CONTEXT(2) 
PARAMETRIC_REPRESENTATION_CONTEXT() REPRESENTATION_CONTEXT('2D SPACE',''
  ) );
#1992 = ORIENTED_EDGE('',*,*,#914,.F.);
#1993 = ADVANCED_FACE('',(#1994),#1080,.T.);
#1994 = FACE_BOUND('',#1995,.F.);
#1995 = EDGE_LOOP('',(#1996,#2018,#2019,#2041));
#1996 = ORIENTED_EDGE('',*,*,#1997,.T.);
#1997 = EDGE_CURVE('',#1998,#1032,#2000,.T.);
#1998 = VERTEX_POINT('',#1999);
#1999 = CARTESIAN_POINT('',(100.,310.,-345.));
#2000 = SURFACE_CURVE('',#2001,(#2006,#2012),.PCURVE_S1.);
#2001 = CIRCLE('',#2002,5.);
#2002 = AXIS2_PLACEMENT_3D('',#2003,#2004,#2005);
#2003 = CARTESIAN_POINT('',(95.,310.00000000023,-345.));
#2004 = DIRECTION('',(-4.592951002293E-11,-1.,0.));
#2005 = DIRECTION('',(-1.,4.592951002293E-11,0.));
#2006 = PCURVE('',#1080,#2007);
#2007 = DEFINITIONAL_REPRESENTATION('',(#2008),#2011);
#2008 = B_SPLINE_CURVE_WITH_KNOTS('',1,(#2009,#2010),.UNSPECIFIED.,.F.,
  .F.,(2,2),(3.14159265359,4.712388980385),.PIECEWISE_BEZIER_KNOTS.);
#2009 = CARTESIAN_POINT('',(0.,0.));
#2010 = CARTESIAN_POINT('',(-1.570796326795,0.));
#2011 = ( GEOMETRIC_REPRESENTATION_CONTEXT(2) 
PARAMETRIC_REPRESENTATION_CONTEXT() REPRESENTATION_CONTEXT('2D SPACE',''
  ) );
#2012 = PCURVE('',#1052,#2013);
#2013 = DEFINITIONAL_REPRESENTATION('',(#2014),#2017);
#2014 = B_SPLINE_CURVE_WITH_KNOTS('',1,(#2015,#2016),.UNSPECIFIED.,.F.,
  .F.,(2,2),(3.14159265359,4.712388980385),.PIECEWISE_BEZIER_KNOTS.);
#2015 = CARTESIAN_POINT('',(1.570796326887,3.14159265359));
#2016 = CARTESIAN_POINT('',(1.570796326887,4.712388980385));
#2017 = ( GEOMETRIC_REPRESENTATION_CONTEXT(2) 
PARAMETRIC_REPRESENTATION_CONTEXT() REPRESENTATION_CONTEXT('2D SPACE',''
  ) );
#2018 = ORIENTED_EDGE('',*,*,#1064,.T.);
#2019 = ORIENTED_EDGE('',*,*,#2020,.F.);
#2020 = EDGE_CURVE('',#2021,#1065,#2023,.T.);
#2021 = VERTEX_POINT('',#2022);
#2022 = CARTESIAN_POINT('',(100.,315.,-345.));
#2023 = SURFACE_CURVE('',#2024,(#2029,#2035),.PCURVE_S1.);
#2024 = CIRCLE('',#2025,5.);
#2025 = AXIS2_PLACEMENT_3D('',#2026,#2027,#2028);
#2026 = CARTESIAN_POINT('',(95.,315.,-345.));
#2027 = DIRECTION('',(2.84217094304E-15,-1.,-0.));
#2028 = DIRECTION('',(1.,2.84217094304E-15,0.));
#2029 = PCURVE('',#1080,#2030);
#2030 = DEFINITIONAL_REPRESENTATION('',(#2031),#2034);
#2031 = B_SPLINE_CURVE_WITH_KNOTS('',1,(#2032,#2033),.UNSPECIFIED.,.F.,
  .F.,(2,2),(0.,1.570796326795),.PIECEWISE_BEZIER_KNOTS.);
#2032 = CARTESIAN_POINT('',(0.,5.));
#2033 = CARTESIAN_POINT('',(-1.570796326795,5.));
#2034 = ( GEOMETRIC_REPRESENTATION_CONTEXT(2) 
PARAMETRIC_REPRESENTATION_CONTEXT() REPRESENTATION_CONTEXT('2D SPACE',''
  ) );
#2035 = PCURVE('',#1892,#2036);
#2036 = DEFINITIONAL_REPRESENTATION('',(#2037),#2040);
#2037 = B_SPLINE_CURVE_WITH_KNOTS('',1,(#2038,#2039),.UNSPECIFIED.,.F.,
  .F.,(2,2),(0.,1.570796326795),.PIECEWISE_BEZIER_KNOTS.);
#2038 = CARTESIAN_POINT('',(0.,0.));
#2039 = CARTESIAN_POINT('',(0.,1.570796326795));
#2040 = ( GEOMETRIC_REPRESENTATION_CONTEXT(2) 
PARAMETRIC_REPRESENTATION_CONTEXT() REPRESENTATION_CONTEXT('2D SPACE',''
  ) );
#2041 = ORIENTED_EDGE('',*,*,#2042,.F.);
#2042 = EDGE_CURVE('',#1998,#2021,#2043,.T.);
#2043 = SURFACE_CURVE('',#2044,(#2048,#2055),.PCURVE_S1.);
#2044 = LINE('',#2045,#2046);
#2045 = CARTESIAN_POINT('',(100.,310.,-345.));
#2046 = VECTOR('',#2047,1.);
#2047 = DIRECTION('',(-2.84217094304E-15,1.,0.));
#2048 = PCURVE('',#1080,#2049);
#2049 = DEFINITIONAL_REPRESENTATION('',(#2050),#2054);
#2050 = LINE('',#2051,#2052);
#2051 = CARTESIAN_POINT('',(-0.,0.));
#2052 = VECTOR('',#2053,1.);
#2053 = DIRECTION('',(-0.,1.));
#2054 = ( GEOMETRIC_REPRESENTATION_CONTEXT(2) 
PARAMETRIC_REPRESENTATION_CONTEXT() REPRESENTATION_CONTEXT('2D SPACE',''
  ) );
#2055 = PCURVE('',#1591,#2056);
#2056 = DEFINITIONAL_REPRESENTATION('',(#2057),#2061);
#2057 = LINE('',#2058,#2059);
#2058 = CARTESIAN_POINT('',(0.,-100.));
#2059 = VECTOR('',#2060,1.);
#2060 = DIRECTION('',(1.,0.));
#2061 = ( GEOMETRIC_REPRESENTATION_CONTEXT(2) 
PARAMETRIC_REPRESENTATION_CONTEXT() REPRESENTATION_CONTEXT('2D SPACE',''
  ) );
#2062 = ADVANCED_FACE('',(#2063),#963,.T.);
#2063 = FACE_BOUND('',#2064,.F.);
#2064 = EDGE_LOOP('',(#2065,#2066,#2067,#2094));
#2065 = ORIENTED_EDGE('',*,*,#1973,.T.);
#2066 = ORIENTED_EDGE('',*,*,#947,.T.);
#2067 = ORIENTED_EDGE('',*,*,#2068,.F.);
#2068 = EDGE_CURVE('',#2069,#948,#2071,.T.);
#2069 = VERTEX_POINT('',#2070);
#2070 = CARTESIAN_POINT('',(295.,230.,-345.));
#2071 = SURFACE_CURVE('',#2072,(#2077,#2083),.PCURVE_S1.);
#2072 = CIRCLE('',#2073,5.);
#2073 = AXIS2_PLACEMENT_3D('',#2074,#2075,#2076);
#2074 = CARTESIAN_POINT('',(295.,235.,-345.));
#2075 = DIRECTION('',(-1.,-0.,0.));
#2076 = DIRECTION('',(0.,-1.,0.));
#2077 = PCURVE('',#963,#2078);
#2078 = DEFINITIONAL_REPRESENTATION('',(#2079),#2082);
#2079 = B_SPLINE_CURVE_WITH_KNOTS('',1,(#2080,#2081),.UNSPECIFIED.,.F.,
  .F.,(2,2),(0.,1.570796326795),.PIECEWISE_BEZIER_KNOTS.);
#2080 = CARTESIAN_POINT('',(0.,175.));
#2081 = CARTESIAN_POINT('',(-1.570796326795,175.));
#2082 = ( GEOMETRIC_REPRESENTATION_CONTEXT(2) 
PARAMETRIC_REPRESENTATION_CONTEXT() REPRESENTATION_CONTEXT('2D SPACE',''
  ) );
#2083 = PCURVE('',#2084,#2089);
#2084 = SPHERICAL_SURFACE('',#2085,5.);
#2085 = AXIS2_PLACEMENT_3D('',#2086,#2087,#2088);
#2086 = CARTESIAN_POINT('',(295.00000000023,234.99999999977,-345.));
#2087 = DIRECTION('',(0.,0.,1.));
#2088 = DIRECTION('',(-4.592948244164E-11,-1.,0.));
#2089 = DEFINITIONAL_REPRESENTATION('',(#2090),#2093);
#2090 = B_SPLINE_CURVE_WITH_KNOTS('',1,(#2091,#2092),.UNSPECIFIED.,.F.,
  .F.,(2,2),(0.,1.570796326795),.PIECEWISE_BEZIER_KNOTS.);
#2091 = CARTESIAN_POINT('',(0.,0.));
#2092 = CARTESIAN_POINT('',(0.,1.570796326795));
#2093 = ( GEOMETRIC_REPRESENTATION_CONTEXT(2) 
PARAMETRIC_REPRESENTATION_CONTEXT() REPRESENTATION_CONTEXT('2D SPACE',''
  ) );
#2094 = ORIENTED_EDGE('',*,*,#2095,.F.);
#2095 = EDGE_CURVE('',#1950,#2069,#2096,.T.);
#2096 = SURFACE_CURVE('',#2097,(#2101,#2108),.PCURVE_S1.);
#2097 = LINE('',#2098,#2099);
#2098 = CARTESIAN_POINT('',(120.,230.,-345.));
#2099 = VECTOR('',#2100,1.);
#2100 = DIRECTION('',(1.,0.,0.));
#2101 = PCURVE('',#963,#2102);
#2102 = DEFINITIONAL_REPRESENTATION('',(#2103),#2107);
#2103 = LINE('',#2104,#2105);
#2104 = CARTESIAN_POINT('',(-0.,0.));
#2105 = VECTOR('',#2106,1.);
#2106 = DIRECTION('',(-0.,1.));
#2107 = ( GEOMETRIC_REPRESENTATION_CONTEXT(2) 
PARAMETRIC_REPRESENTATION_CONTEXT() REPRESENTATION_CONTEXT('2D SPACE',''
  ) );
#2108 = PCURVE('',#1649,#2109);
#2109 = DEFINITIONAL_REPRESENTATION('',(#2110),#2114);
#2110 = LINE('',#2111,#2112);
#2111 = CARTESIAN_POINT('',(0.,-100.));
#2112 = VECTOR('',#2113,1.);
#2113 = DIRECTION('',(1.,0.));
#2114 = ( GEOMETRIC_REPRESENTATION_CONTEXT(2) 
PARAMETRIC_REPRESENTATION_CONTEXT() REPRESENTATION_CONTEXT('2D SPACE',''
  ) );
#2115 = ADVANCED_FACE('',(#2116),#1052,.T.);
#2116 = FACE_BOUND('',#2117,.T.);
#2117 = EDGE_LOOP('',(#2118,#2140,#2162,#2163));
#2118 = ORIENTED_EDGE('',*,*,#2119,.F.);
#2119 = EDGE_CURVE('',#2120,#1004,#2122,.T.);
#2120 = VERTEX_POINT('',#2121);
#2121 = CARTESIAN_POINT('',(120.,290.,-345.));
#2122 = SURFACE_CURVE('',#2123,(#2128,#2134),.PCURVE_S1.);
#2123 = CIRCLE('',#2124,5.);
#2124 = AXIS2_PLACEMENT_3D('',#2125,#2126,#2127);
#2125 = CARTESIAN_POINT('',(120.,285.,-345.));
#2126 = DIRECTION('',(1.,0.,-0.));
#2127 = DIRECTION('',(0.,1.,0.));
#2128 = PCURVE('',#1052,#2129);
#2129 = DEFINITIONAL_REPRESENTATION('',(#2130),#2133);
#2130 = B_SPLINE_CURVE_WITH_KNOTS('',1,(#2131,#2132),.UNSPECIFIED.,.F.,
  .F.,(2,2),(0.,1.570796326795),.PIECEWISE_BEZIER_KNOTS.);
#2131 = CARTESIAN_POINT('',(0.,3.14159265359));
#2132 = CARTESIAN_POINT('',(0.,4.712388980385));
#2133 = ( GEOMETRIC_REPRESENTATION_CONTEXT(2) 
PARAMETRIC_REPRESENTATION_CONTEXT() REPRESENTATION_CONTEXT('2D SPACE',''
  ) );
#2134 = PCURVE('',#1019,#2135);
#2135 = DEFINITIONAL_REPRESENTATION('',(#2136),#2139);
#2136 = B_SPLINE_CURVE_WITH_KNOTS('',1,(#2137,#2138),.UNSPECIFIED.,.F.,
  .F.,(2,2),(0.,1.570796326795),.PIECEWISE_BEZIER_KNOTS.);
#2137 = CARTESIAN_POINT('',(0.,175.));
#2138 = CARTESIAN_POINT('',(-1.570796326795,175.));
#2139 = ( GEOMETRIC_REPRESENTATION_CONTEXT(2) 
PARAMETRIC_REPRESENTATION_CONTEXT() REPRESENTATION_CONTEXT('2D SPACE',''
  ) );
#2140 = ORIENTED_EDGE('',*,*,#2141,.T.);
#2141 = EDGE_CURVE('',#2120,#1998,#2142,.T.);
#2142 = SURFACE_CURVE('',#2143,(#2148,#2155),.PCURVE_S1.);
#2143 = CIRCLE('',#2144,19.999999999081);
#2144 = AXIS2_PLACEMENT_3D('',#2145,#2146,#2147);
#2145 = CARTESIAN_POINT('',(119.99999999908,309.99999999908,-345.));
#2146 = DIRECTION('',(0.,-0.,-1.));
#2147 = DIRECTION('',(4.592806135617E-11,-1.,0.));
#2148 = PCURVE('',#1052,#2149);
#2149 = DEFINITIONAL_REPRESENTATION('',(#2150),#2154);
#2150 = LINE('',#2151,#2152);
#2151 = CARTESIAN_POINT('',(0.,3.14159265359));
#2152 = VECTOR('',#2153,1.);
#2153 = DIRECTION('',(1.,0.));
#2154 = ( GEOMETRIC_REPRESENTATION_CONTEXT(2) 
PARAMETRIC_REPRESENTATION_CONTEXT() REPRESENTATION_CONTEXT('2D SPACE',''
  ) );
#2155 = PCURVE('',#1701,#2156);
#2156 = DEFINITIONAL_REPRESENTATION('',(#2157),#2161);
#2157 = LINE('',#2158,#2159);
#2158 = CARTESIAN_POINT('',(0.,-100.));
#2159 = VECTOR('',#2160,1.);
#2160 = DIRECTION('',(1.,0.));
#2161 = ( GEOMETRIC_REPRESENTATION_CONTEXT(2) 
PARAMETRIC_REPRESENTATION_CONTEXT() REPRESENTATION_CONTEXT('2D SPACE',''
  ) );
#2162 = ORIENTED_EDGE('',*,*,#1997,.T.);
#2163 = ORIENTED_EDGE('',*,*,#1031,.F.);
#2164 = ADVANCED_FACE('',(#2165),#991,.T.);
#2165 = FACE_BOUND('',#2166,.F.);
#2166 = EDGE_LOOP('',(#2167,#2189,#2190,#2217));
#2167 = ORIENTED_EDGE('',*,*,#2168,.T.);
#2168 = EDGE_CURVE('',#2169,#948,#2171,.T.);
#2169 = VERTEX_POINT('',#2170);
#2170 = CARTESIAN_POINT('',(300.00000000023,235.,-345.));
#2171 = SURFACE_CURVE('',#2172,(#2177,#2183),.PCURVE_S1.);
#2172 = CIRCLE('',#2173,5.);
#2173 = AXIS2_PLACEMENT_3D('',#2174,#2175,#2176);
#2174 = CARTESIAN_POINT('',(295.00000000023,234.99999999977,-345.));
#2175 = DIRECTION('',(4.593519436481E-11,-1.,0.));
#2176 = DIRECTION('',(1.,4.593519436481E-11,0.));
#2177 = PCURVE('',#991,#2178);
#2178 = DEFINITIONAL_REPRESENTATION('',(#2179),#2182);
#2179 = B_SPLINE_CURVE_WITH_KNOTS('',1,(#2180,#2181),.UNSPECIFIED.,.F.,
  .F.,(2,2),(0.,1.570796326795),.PIECEWISE_BEZIER_KNOTS.);
#2180 = CARTESIAN_POINT('',(0.,0.));
#2181 = CARTESIAN_POINT('',(-1.570796326795,0.));
#2182 = ( GEOMETRIC_REPRESENTATION_CONTEXT(2) 
PARAMETRIC_REPRESENTATION_CONTEXT() REPRESENTATION_CONTEXT('2D SPACE',''
  ) );
#2183 = PCURVE('',#2084,#2184);
#2184 = DEFINITIONAL_REPRESENTATION('',(#2185),#2188);
#2185 = B_SPLINE_CURVE_WITH_KNOTS('',1,(#2186,#2187),.UNSPECIFIED.,.F.,
  .F.,(2,2),(0.,1.570796326795),.PIECEWISE_BEZIER_KNOTS.);
#2186 = CARTESIAN_POINT('',(1.570796326887,0.));
#2187 = CARTESIAN_POINT('',(1.570796326887,1.570796326795));
#2188 = ( GEOMETRIC_REPRESENTATION_CONTEXT(2) 
PARAMETRIC_REPRESENTATION_CONTEXT() REPRESENTATION_CONTEXT('2D SPACE',''
  ) );
#2189 = ORIENTED_EDGE('',*,*,#975,.T.);
#2190 = ORIENTED_EDGE('',*,*,#2191,.F.);
#2191 = EDGE_CURVE('',#2192,#976,#2194,.T.);
#2192 = VERTEX_POINT('',#2193);
#2193 = CARTESIAN_POINT('',(300.,285.,-345.));
#2194 = SURFACE_CURVE('',#2195,(#2200,#2206),.PCURVE_S1.);
#2195 = CIRCLE('',#2196,5.);
#2196 = AXIS2_PLACEMENT_3D('',#2197,#2198,#2199);
#2197 = CARTESIAN_POINT('',(295.,285.,-345.));
#2198 = DIRECTION('',(0.,-1.,-0.));
#2199 = DIRECTION('',(1.,0.,-0.));
#2200 = PCURVE('',#991,#2201);
#2201 = DEFINITIONAL_REPRESENTATION('',(#2202),#2205);
#2202 = B_SPLINE_CURVE_WITH_KNOTS('',1,(#2203,#2204),.UNSPECIFIED.,.F.,
  .F.,(2,2),(0.,1.570796326795),.PIECEWISE_BEZIER_KNOTS.);
#2203 = CARTESIAN_POINT('',(0.,50.));
#2204 = CARTESIAN_POINT('',(-1.570796326795,50.));
#2205 = ( GEOMETRIC_REPRESENTATION_CONTEXT(2) 
PARAMETRIC_REPRESENTATION_CONTEXT() REPRESENTATION_CONTEXT('2D SPACE',''
  ) );
#2206 = PCURVE('',#2207,#2212);
#2207 = SPHERICAL_SURFACE('',#2208,5.);
#2208 = AXIS2_PLACEMENT_3D('',#2209,#2210,#2211);
#2209 = CARTESIAN_POINT('',(295.00000000023,285.00000000023,-345.));
#2210 = DIRECTION('',(0.,0.,1.));
#2211 = DIRECTION('',(1.,-4.592948244164E-11,0.));
#2212 = DEFINITIONAL_REPRESENTATION('',(#2213),#2216);
#2213 = B_SPLINE_CURVE_WITH_KNOTS('',1,(#2214,#2215),.UNSPECIFIED.,.F.,
  .F.,(2,2),(0.,1.570796326795),.PIECEWISE_BEZIER_KNOTS.);
#2214 = CARTESIAN_POINT('',(0.,0.));
#2215 = CARTESIAN_POINT('',(0.,1.570796326795));
#2216 = ( GEOMETRIC_REPRESENTATION_CONTEXT(2) 
PARAMETRIC_REPRESENTATION_CONTEXT() REPRESENTATION_CONTEXT('2D SPACE',''
  ) );
#2217 = ORIENTED_EDGE('',*,*,#2218,.F.);
#2218 = EDGE_CURVE('',#2169,#2192,#2219,.T.);
#2219 = SURFACE_CURVE('',#2220,(#2224,#2231),.PCURVE_S1.);
#2220 = LINE('',#2221,#2222);
#2221 = CARTESIAN_POINT('',(300.,235.,-345.));
#2222 = VECTOR('',#2223,1.);
#2223 = DIRECTION('',(0.,1.,0.));
#2224 = PCURVE('',#991,#2225);
#2225 = DEFINITIONAL_REPRESENTATION('',(#2226),#2230);
#2226 = LINE('',#2227,#2228);
#2227 = CARTESIAN_POINT('',(-0.,0.));
#2228 = VECTOR('',#2229,1.);
#2229 = DIRECTION('',(-0.,1.));
#2230 = ( GEOMETRIC_REPRESENTATION_CONTEXT(2) 
PARAMETRIC_REPRESENTATION_CONTEXT() REPRESENTATION_CONTEXT('2D SPACE',''
  ) );
#2231 = PCURVE('',#1782,#2232);
#2232 = DEFINITIONAL_REPRESENTATION('',(#2233),#2237);
#2233 = LINE('',#2234,#2235);
#2234 = CARTESIAN_POINT('',(0.,-100.));
#2235 = VECTOR('',#2236,1.);
#2236 = DIRECTION('',(1.,0.));
#2237 = ( GEOMETRIC_REPRESENTATION_CONTEXT(2) 
PARAMETRIC_REPRESENTATION_CONTEXT() REPRESENTATION_CONTEXT('2D SPACE',''
  ) );
#2238 = ADVANCED_FACE('',(#2239),#1019,.T.);
#2239 = FACE_BOUND('',#2240,.F.);
#2240 = EDGE_LOOP('',(#2241,#2263,#2264,#2265));
#2241 = ORIENTED_EDGE('',*,*,#2242,.T.);
#2242 = EDGE_CURVE('',#2243,#976,#2245,.T.);
#2243 = VERTEX_POINT('',#2244);
#2244 = CARTESIAN_POINT('',(295.,290.00000000023,-345.));
#2245 = SURFACE_CURVE('',#2246,(#2251,#2257),.PCURVE_S1.);
#2246 = CIRCLE('',#2247,5.);
#2247 = AXIS2_PLACEMENT_3D('',#2248,#2249,#2250);
#2248 = CARTESIAN_POINT('',(295.00000000023,285.00000000023,-345.));
#2249 = DIRECTION('',(1.,4.592942120508E-11,-0.));
#2250 = DIRECTION('',(-4.592942120508E-11,1.,-0.));
#2251 = PCURVE('',#1019,#2252);
#2252 = DEFINITIONAL_REPRESENTATION('',(#2253),#2256);
#2253 = B_SPLINE_CURVE_WITH_KNOTS('',1,(#2254,#2255),.UNSPECIFIED.,.F.,
  .F.,(2,2),(0.,1.570796326795),.PIECEWISE_BEZIER_KNOTS.);
#2254 = CARTESIAN_POINT('',(0.,0.));
#2255 = CARTESIAN_POINT('',(-1.570796326795,0.));
#2256 = ( GEOMETRIC_REPRESENTATION_CONTEXT(2) 
PARAMETRIC_REPRESENTATION_CONTEXT() REPRESENTATION_CONTEXT('2D SPACE',''
  ) );
#2257 = PCURVE('',#2207,#2258);
#2258 = DEFINITIONAL_REPRESENTATION('',(#2259),#2262);
#2259 = B_SPLINE_CURVE_WITH_KNOTS('',1,(#2260,#2261),.UNSPECIFIED.,.F.,
  .F.,(2,2),(0.,1.570796326795),.PIECEWISE_BEZIER_KNOTS.);
#2260 = CARTESIAN_POINT('',(1.570796326887,0.));
#2261 = CARTESIAN_POINT('',(1.570796326887,1.570796326795));
#2262 = ( GEOMETRIC_REPRESENTATION_CONTEXT(2) 
PARAMETRIC_REPRESENTATION_CONTEXT() REPRESENTATION_CONTEXT('2D SPACE',''
  ) );
#2263 = ORIENTED_EDGE('',*,*,#1003,.T.);
#2264 = ORIENTED_EDGE('',*,*,#2119,.F.);
#2265 = ORIENTED_EDGE('',*,*,#2266,.F.);
#2266 = EDGE_CURVE('',#2243,#2120,#2267,.T.);
#2267 = SURFACE_CURVE('',#2268,(#2272,#2279),.PCURVE_S1.);
#2268 = LINE('',#2269,#2270);
#2269 = CARTESIAN_POINT('',(295.,290.,-345.));
#2270 = VECTOR('',#2271,1.);
#2271 = DIRECTION('',(-1.,0.,0.));
#2272 = PCURVE('',#1019,#2273);
#2273 = DEFINITIONAL_REPRESENTATION('',(#2274),#2278);
#2274 = LINE('',#2275,#2276);
#2275 = CARTESIAN_POINT('',(-0.,0.));
#2276 = VECTOR('',#2277,1.);
#2277 = DIRECTION('',(-0.,1.));
#2278 = ( GEOMETRIC_REPRESENTATION_CONTEXT(2) 
PARAMETRIC_REPRESENTATION_CONTEXT() REPRESENTATION_CONTEXT('2D SPACE',''
  ) );
#2279 = PCURVE('',#1835,#2280);
#2280 = DEFINITIONAL_REPRESENTATION('',(#2281),#2285);
#2281 = LINE('',#2282,#2283);
#2282 = CARTESIAN_POINT('',(0.,-100.));
#2283 = VECTOR('',#2284,1.);
#2284 = DIRECTION('',(1.,0.));
#2285 = ( GEOMETRIC_REPRESENTATION_CONTEXT(2) 
PARAMETRIC_REPRESENTATION_CONTEXT() REPRESENTATION_CONTEXT('2D SPACE',''
  ) );
#2286 = ADVANCED_FACE('',(#2287),#1209,.F.);
#2287 = FACE_BOUND('',#2288,.F.);
#2288 = EDGE_LOOP('',(#2289,#2290,#2291,#2312));
#2289 = ORIENTED_EDGE('',*,*,#1193,.T.);
#2290 = ORIENTED_EDGE('',*,*,#1949,.T.);
#2291 = ORIENTED_EDGE('',*,*,#2292,.F.);
#2292 = EDGE_CURVE('',#1485,#1950,#2293,.T.);
#2293 = SURFACE_CURVE('',#2294,(#2298,#2305),.PCURVE_S1.);
#2294 = LINE('',#2295,#2296);
#2295 = CARTESIAN_POINT('',(120.,230.,-445.));
#2296 = VECTOR('',#2297,1.);
#2297 = DIRECTION('',(0.,0.,1.));
#2298 = PCURVE('',#1209,#2299);
#2299 = DEFINITIONAL_REPRESENTATION('',(#2300),#2304);
#2300 = LINE('',#2301,#2302);
#2301 = CARTESIAN_POINT('',(1.570796326887,0.));
#2302 = VECTOR('',#2303,1.);
#2303 = DIRECTION('',(0.,-1.));
#2304 = ( GEOMETRIC_REPRESENTATION_CONTEXT(2) 
PARAMETRIC_REPRESENTATION_CONTEXT() REPRESENTATION_CONTEXT('2D SPACE',''
  ) );
#2305 = PCURVE('',#1649,#2306);
#2306 = DEFINITIONAL_REPRESENTATION('',(#2307),#2311);
#2307 = LINE('',#2308,#2309);
#2308 = CARTESIAN_POINT('',(0.,0.));
#2309 = VECTOR('',#2310,1.);
#2310 = DIRECTION('',(0.,-1.));
#2311 = ( GEOMETRIC_REPRESENTATION_CONTEXT(2) 
PARAMETRIC_REPRESENTATION_CONTEXT() REPRESENTATION_CONTEXT('2D SPACE',''
  ) );
#2312 = ORIENTED_EDGE('',*,*,#1484,.F.);
#2313 = ADVANCED_FACE('',(#2314),#1263,.F.);
#2314 = FACE_BOUND('',#2315,.F.);
#2315 = EDGE_LOOP('',(#2316,#2342,#2343,#2344));
#2316 = ORIENTED_EDGE('',*,*,#2317,.T.);
#2317 = EDGE_CURVE('',#1412,#1877,#2318,.T.);
#2318 = SURFACE_CURVE('',#2319,(#2323,#2330),.PCURVE_S1.);
#2319 = LINE('',#2320,#2321);
#2320 = CARTESIAN_POINT('',(95.,320.,-445.));
#2321 = VECTOR('',#2322,1.);
#2322 = DIRECTION('',(0.,0.,1.));
#2323 = PCURVE('',#1263,#2324);
#2324 = DEFINITIONAL_REPRESENTATION('',(#2325),#2329);
#2325 = LINE('',#2326,#2327);
#2326 = CARTESIAN_POINT('',(0.,-0.));
#2327 = VECTOR('',#2328,1.);
#2328 = DIRECTION('',(0.,-1.));
#2329 = ( GEOMETRIC_REPRESENTATION_CONTEXT(2) 
PARAMETRIC_REPRESENTATION_CONTEXT() REPRESENTATION_CONTEXT('2D SPACE',''
  ) );
#2330 = PCURVE('',#2331,#2336);
#2331 = CYLINDRICAL_SURFACE('',#2332,4.99999999977);
#2332 = AXIS2_PLACEMENT_3D('',#2333,#2334,#2335);
#2333 = CARTESIAN_POINT('',(95.00000000023,315.00000000023,-445.));
#2334 = DIRECTION('',(-0.,-0.,-1.));
#2335 = DIRECTION('',(1.,-4.592948244164E-11,0.));
#2336 = DEFINITIONAL_REPRESENTATION('',(#2337),#2341);
#2337 = LINE('',#2338,#2339);
#2338 = CARTESIAN_POINT('',(-1.570796326887,0.));
#2339 = VECTOR('',#2340,1.);
#2340 = DIRECTION('',(-0.,-1.));
#2341 = ( GEOMETRIC_REPRESENTATION_CONTEXT(2) 
PARAMETRIC_REPRESENTATION_CONTEXT() REPRESENTATION_CONTEXT('2D SPACE',''
  ) );
#2342 = ORIENTED_EDGE('',*,*,#1924,.T.);
#2343 = ORIENTED_EDGE('',*,*,#1245,.F.);
#2344 = ORIENTED_EDGE('',*,*,#1459,.F.);
#2345 = ADVANCED_FACE('',(#2346),#1318,.T.);
#2346 = FACE_BOUND('',#2347,.F.);
#2347 = EDGE_LOOP('',(#2348,#2349,#2350));
#2348 = ORIENTED_EDGE('',*,*,#1439,.F.);
#2349 = ORIENTED_EDGE('',*,*,#1303,.T.);
#2350 = ORIENTED_EDGE('',*,*,#1333,.T.);
#2351 = ADVANCED_FACE('',(#2352),#1290,.T.);
#2352 = FACE_BOUND('',#2353,.T.);
#2353 = EDGE_LOOP('',(#2354,#2355,#2356));
#2354 = ORIENTED_EDGE('',*,*,#1904,.F.);
#2355 = ORIENTED_EDGE('',*,*,#1275,.T.);
#2356 = ORIENTED_EDGE('',*,*,#1359,.T.);
#2357 = ADVANCED_FACE('',(#2358),#1427,.T.);
#2358 = FACE_BOUND('',#2359,.F.);
#2359 = EDGE_LOOP('',(#2360,#2361,#2383));
#2360 = ORIENTED_EDGE('',*,*,#1555,.F.);
#2361 = ORIENTED_EDGE('',*,*,#2362,.T.);
#2362 = EDGE_CURVE('',#1556,#1412,#2363,.T.);
#2363 = SURFACE_CURVE('',#2364,(#2369,#2376),.PCURVE_S1.);
#2364 = CIRCLE('',#2365,4.99999999977);
#2365 = AXIS2_PLACEMENT_3D('',#2366,#2367,#2368);
#2366 = CARTESIAN_POINT('',(95.00000000023,315.00000000023,-440.));
#2367 = DIRECTION('',(0.,0.,1.));
#2368 = DIRECTION('',(1.,-4.592948244164E-11,0.));
#2369 = PCURVE('',#1427,#2370);
#2370 = DEFINITIONAL_REPRESENTATION('',(#2371),#2375);
#2371 = LINE('',#2372,#2373);
#2372 = CARTESIAN_POINT('',(-0.,0.));
#2373 = VECTOR('',#2374,1.);
#2374 = DIRECTION('',(-1.,0.));
#2375 = ( GEOMETRIC_REPRESENTATION_CONTEXT(2) 
PARAMETRIC_REPRESENTATION_CONTEXT() REPRESENTATION_CONTEXT('2D SPACE',''
  ) );
#2376 = PCURVE('',#2331,#2377);
#2377 = DEFINITIONAL_REPRESENTATION('',(#2378),#2382);
#2378 = LINE('',#2379,#2380);
#2379 = CARTESIAN_POINT('',(-0.,-5.));
#2380 = VECTOR('',#2381,1.);
#2381 = DIRECTION('',(-1.,0.));
#2382 = ( GEOMETRIC_REPRESENTATION_CONTEXT(2) 
PARAMETRIC_REPRESENTATION_CONTEXT() REPRESENTATION_CONTEXT('2D SPACE',''
  ) );
#2383 = ORIENTED_EDGE('',*,*,#1411,.T.);
#2384 = ADVANCED_FACE('',(#2385),#1591,.F.);
#2385 = FACE_BOUND('',#2386,.F.);
#2386 = EDGE_LOOP('',(#2387,#2408,#2409,#2430));
#2387 = ORIENTED_EDGE('',*,*,#2388,.T.);
#2388 = EDGE_CURVE('',#1533,#1998,#2389,.T.);
#2389 = SURFACE_CURVE('',#2390,(#2394,#2401),.PCURVE_S1.);
#2390 = LINE('',#2391,#2392);
#2391 = CARTESIAN_POINT('',(100.,310.,-445.));
#2392 = VECTOR('',#2393,1.);
#2393 = DIRECTION('',(0.,0.,1.));
#2394 = PCURVE('',#1591,#2395);
#2395 = DEFINITIONAL_REPRESENTATION('',(#2396),#2400);
#2396 = LINE('',#2397,#2398);
#2397 = CARTESIAN_POINT('',(0.,0.));
#2398 = VECTOR('',#2399,1.);
#2399 = DIRECTION('',(0.,-1.));
#2400 = ( GEOMETRIC_REPRESENTATION_CONTEXT(2) 
PARAMETRIC_REPRESENTATION_CONTEXT() REPRESENTATION_CONTEXT('2D SPACE',''
  ) );
#2401 = PCURVE('',#1701,#2402);
#2402 = DEFINITIONAL_REPRESENTATION('',(#2403),#2407);
#2403 = LINE('',#2404,#2405);
#2404 = CARTESIAN_POINT('',(1.570796326887,0.));
#2405 = VECTOR('',#2406,1.);
#2406 = DIRECTION('',(0.,-1.));
#2407 = ( GEOMETRIC_REPRESENTATION_CONTEXT(2) 
PARAMETRIC_REPRESENTATION_CONTEXT() REPRESENTATION_CONTEXT('2D SPACE',''
  ) );
#2408 = ORIENTED_EDGE('',*,*,#2042,.T.);
#2409 = ORIENTED_EDGE('',*,*,#2410,.F.);
#2410 = EDGE_CURVE('',#1556,#2021,#2411,.T.);
#2411 = SURFACE_CURVE('',#2412,(#2416,#2423),.PCURVE_S1.);
#2412 = LINE('',#2413,#2414);
#2413 = CARTESIAN_POINT('',(100.,315.,-445.));
#2414 = VECTOR('',#2415,1.);
#2415 = DIRECTION('',(0.,0.,1.));
#2416 = PCURVE('',#1591,#2417);
#2417 = DEFINITIONAL_REPRESENTATION('',(#2418),#2422);
#2418 = LINE('',#2419,#2420);
#2419 = CARTESIAN_POINT('',(5.,0.));
#2420 = VECTOR('',#2421,1.);
#2421 = DIRECTION('',(0.,-1.));
#2422 = ( GEOMETRIC_REPRESENTATION_CONTEXT(2) 
PARAMETRIC_REPRESENTATION_CONTEXT() REPRESENTATION_CONTEXT('2D SPACE',''
  ) );
#2423 = PCURVE('',#2331,#2424);
#2424 = DEFINITIONAL_REPRESENTATION('',(#2425),#2429);
#2425 = LINE('',#2426,#2427);
#2426 = CARTESIAN_POINT('',(-0.,0.));
#2427 = VECTOR('',#2428,1.);
#2428 = DIRECTION('',(-0.,-1.));
#2429 = ( GEOMETRIC_REPRESENTATION_CONTEXT(2) 
PARAMETRIC_REPRESENTATION_CONTEXT() REPRESENTATION_CONTEXT('2D SPACE',''
  ) );
#2430 = ORIENTED_EDGE('',*,*,#1577,.F.);
#2431 = ADVANCED_FACE('',(#2432,#2463),#1649,.F.);
#2432 = FACE_BOUND('',#2433,.F.);
#2433 = EDGE_LOOP('',(#2434,#2435,#2436,#2462));
#2434 = ORIENTED_EDGE('',*,*,#2292,.T.);
#2435 = ORIENTED_EDGE('',*,*,#2095,.T.);
#2436 = ORIENTED_EDGE('',*,*,#2437,.F.);
#2437 = EDGE_CURVE('',#1609,#2069,#2438,.T.);
#2438 = SURFACE_CURVE('',#2439,(#2443,#2450),.PCURVE_S1.);
#2439 = LINE('',#2440,#2441);
#2440 = CARTESIAN_POINT('',(295.,230.,-445.));
#2441 = VECTOR('',#2442,1.);
#2442 = DIRECTION('',(0.,0.,1.));
#2443 = PCURVE('',#1649,#2444);
#2444 = DEFINITIONAL_REPRESENTATION('',(#2445),#2449);
#2445 = LINE('',#2446,#2447);
#2446 = CARTESIAN_POINT('',(175.,0.));
#2447 = VECTOR('',#2448,1.);
#2448 = DIRECTION('',(0.,-1.));
#2449 = ( GEOMETRIC_REPRESENTATION_CONTEXT(2) 
PARAMETRIC_REPRESENTATION_CONTEXT() REPRESENTATION_CONTEXT('2D SPACE',''
  ) );
#2450 = PCURVE('',#2451,#2456);
#2451 = CYLINDRICAL_SURFACE('',#2452,4.99999999977);
#2452 = AXIS2_PLACEMENT_3D('',#2453,#2454,#2455);
#2453 = CARTESIAN_POINT('',(295.00000000023,234.99999999977,-445.));
#2454 = DIRECTION('',(-0.,-0.,-1.));
#2455 = DIRECTION('',(-4.592948244164E-11,-1.,0.));
#2456 = DEFINITIONAL_REPRESENTATION('',(#2457),#2461);
#2457 = LINE('',#2458,#2459);
#2458 = CARTESIAN_POINT('',(-0.,0.));
#2459 = VECTOR('',#2460,1.);
#2460 = DIRECTION('',(-0.,-1.));
#2461 = ( GEOMETRIC_REPRESENTATION_CONTEXT(2) 
PARAMETRIC_REPRESENTATION_CONTEXT() REPRESENTATION_CONTEXT('2D SPACE',''
  ) );
#2462 = ORIENTED_EDGE('',*,*,#1635,.F.);
#2463 = FACE_BOUND('',#2464,.F.);
#2464 = EDGE_LOOP('',(#2465,#2496,#2522,#2551,#2577,#2606,#2632,#2661));
#2465 = ORIENTED_EDGE('',*,*,#2466,.F.);
#2466 = EDGE_CURVE('',#2467,#2469,#2471,.T.);
#2467 = VERTEX_POINT('',#2468);
#2468 = CARTESIAN_POINT('',(125.35092,230.,-379.121747));
#2469 = VERTEX_POINT('',#2470);
#2470 = CARTESIAN_POINT('',(130.35092,230.,-374.121747));
#2471 = SURFACE_CURVE('',#2472,(#2477,#2484),.PCURVE_S1.);
#2472 = CIRCLE('',#2473,5.);
#2473 = AXIS2_PLACEMENT_3D('',#2474,#2475,#2476);
#2474 = CARTESIAN_POINT('',(130.35092,230.,-379.121747));
#2475 = DIRECTION('',(-0.,1.,0.));
#2476 = DIRECTION('',(-1.,-0.,0.));
#2477 = PCURVE('',#1649,#2478);
#2478 = DEFINITIONAL_REPRESENTATION('',(#2479),#2483);
#2479 = CIRCLE('',#2480,5.);
#2480 = AXIS2_PLACEMENT_2D('',#2481,#2482);
#2481 = CARTESIAN_POINT('',(10.35092,-65.878253));
#2482 = DIRECTION('',(-1.,-0.));
#2483 = ( GEOMETRIC_REPRESENTATION_CONTEXT(2) 
PARAMETRIC_REPRESENTATION_CONTEXT() REPRESENTATION_CONTEXT('2D SPACE',''
  ) );
#2484 = PCURVE('',#2485,#2490);
#2485 = CYLINDRICAL_SURFACE('',#2486,5.);
#2486 = AXIS2_PLACEMENT_3D('',#2487,#2488,#2489);
#2487 = CARTESIAN_POINT('',(130.35092,220.,-379.121747));
#2488 = DIRECTION('',(-0.,1.,0.));
#2489 = DIRECTION('',(-1.,-0.,0.));
#2490 = DEFINITIONAL_REPRESENTATION('',(#2491),#2495);
#2491 = LINE('',#2492,#2493);
#2492 = CARTESIAN_POINT('',(0.,10.));
#2493 = VECTOR('',#2494,1.);
#2494 = DIRECTION('',(1.,0.));
#2495 = ( GEOMETRIC_REPRESENTATION_CONTEXT(2) 
PARAMETRIC_REPRESENTATION_CONTEXT() REPRESENTATION_CONTEXT('2D SPACE',''
  ) );
#2496 = ORIENTED_EDGE('',*,*,#2497,.T.);
#2497 = EDGE_CURVE('',#2467,#2498,#2500,.T.);
#2498 = VERTEX_POINT('',#2499);
#2499 = CARTESIAN_POINT('',(125.35092,230.,-400.071245));
#2500 = SURFACE_CURVE('',#2501,(#2505,#2511),.PCURVE_S1.);
#2501 = LINE('',#2502,#2503);
#2502 = CARTESIAN_POINT('',(125.35092,230.,-425.0356225));
#2503 = VECTOR('',#2504,1.);
#2504 = DIRECTION('',(-0.,0.,-1.));
#2505 = PCURVE('',#1649,#2506);
#2506 = DEFINITIONAL_REPRESENTATION('',(#2507),#2510);
#2507 = B_SPLINE_CURVE_WITH_KNOTS('',1,(#2508,#2509),.UNSPECIFIED.,.F.,
  .F.,(2,2),(-45.9138755,-24.9643775),.PIECEWISE_BEZIER_KNOTS.);
#2508 = CARTESIAN_POINT('',(5.35092,-65.878253));
#2509 = CARTESIAN_POINT('',(5.35092,-44.928755));
#2510 = ( GEOMETRIC_REPRESENTATION_CONTEXT(2) 
PARAMETRIC_REPRESENTATION_CONTEXT() REPRESENTATION_CONTEXT('2D SPACE',''
  ) );
#2511 = PCURVE('',#2512,#2517);
#2512 = PLANE('',#2513);
#2513 = AXIS2_PLACEMENT_3D('',#2514,#2515,#2516);
#2514 = CARTESIAN_POINT('',(125.35092,220.,-405.071245));
#2515 = DIRECTION('',(1.,0.,-0.));
#2516 = DIRECTION('',(0.,0.,1.));
#2517 = DEFINITIONAL_REPRESENTATION('',(#2518),#2521);
#2518 = B_SPLINE_CURVE_WITH_KNOTS('',1,(#2519,#2520),.UNSPECIFIED.,.F.,
  .F.,(2,2),(-45.9138755,-24.9643775),.PIECEWISE_BEZIER_KNOTS.);
#2519 = CARTESIAN_POINT('',(25.949498,-10.));
#2520 = CARTESIAN_POINT('',(5.,-10.));
#2521 = ( GEOMETRIC_REPRESENTATION_CONTEXT(2) 
PARAMETRIC_REPRESENTATION_CONTEXT() REPRESENTATION_CONTEXT('2D SPACE',''
  ) );
#2522 = ORIENTED_EDGE('',*,*,#2523,.F.);
#2523 = EDGE_CURVE('',#2524,#2498,#2526,.T.);
#2524 = VERTEX_POINT('',#2525);
#2525 = CARTESIAN_POINT('',(130.35092,230.,-405.071245));
#2526 = SURFACE_CURVE('',#2527,(#2532,#2539),.PCURVE_S1.);
#2527 = CIRCLE('',#2528,5.);
#2528 = AXIS2_PLACEMENT_3D('',#2529,#2530,#2531);
#2529 = CARTESIAN_POINT('',(130.35092,230.,-400.071245));
#2530 = DIRECTION('',(-0.,1.,0.));
#2531 = DIRECTION('',(-1.,-0.,0.));
#2532 = PCURVE('',#1649,#2533);
#2533 = DEFINITIONAL_REPRESENTATION('',(#2534),#2538);
#2534 = CIRCLE('',#2535,5.);
#2535 = AXIS2_PLACEMENT_2D('',#2536,#2537);
#2536 = CARTESIAN_POINT('',(10.35092,-44.928755));
#2537 = DIRECTION('',(-1.,-0.));
#2538 = ( GEOMETRIC_REPRESENTATION_CONTEXT(2) 
PARAMETRIC_REPRESENTATION_CONTEXT() REPRESENTATION_CONTEXT('2D SPACE',''
  ) );
#2539 = PCURVE('',#2540,#2545);
#2540 = CYLINDRICAL_SURFACE('',#2541,5.);
#2541 = AXIS2_PLACEMENT_3D('',#2542,#2543,#2544);
#2542 = CARTESIAN_POINT('',(130.35092,220.,-400.071245));
#2543 = DIRECTION('',(-0.,1.,0.));
#2544 = DIRECTION('',(-1.,-0.,0.));
#2545 = DEFINITIONAL_REPRESENTATION('',(#2546),#2550);
#2546 = LINE('',#2547,#2548);
#2547 = CARTESIAN_POINT('',(-6.28318530718,10.));
#2548 = VECTOR('',#2549,1.);
#2549 = DIRECTION('',(1.,-0.));
#2550 = ( GEOMETRIC_REPRESENTATION_CONTEXT(2) 
PARAMETRIC_REPRESENTATION_CONTEXT() REPRESENTATION_CONTEXT('2D SPACE',''
  ) );
#2551 = ORIENTED_EDGE('',*,*,#2552,.T.);
#2552 = EDGE_CURVE('',#2524,#2553,#2555,.T.);
#2553 = VERTEX_POINT('',#2554);
#2554 = CARTESIAN_POINT('',(163.336333,230.,-405.071245));
#2555 = SURFACE_CURVE('',#2556,(#2560,#2566),.PCURVE_S1.);
#2556 = LINE('',#2557,#2558);
#2557 = CARTESIAN_POINT('',(122.67546,230.,-405.071245));
#2558 = VECTOR('',#2559,1.);
#2559 = DIRECTION('',(1.,0.,0.));
#2560 = PCURVE('',#1649,#2561);
#2561 = DEFINITIONAL_REPRESENTATION('',(#2562),#2565);
#2562 = B_SPLINE_CURVE_WITH_KNOTS('',1,(#2563,#2564),.UNSPECIFIED.,.F.,
  .F.,(2,2),(7.67546,40.660873),.PIECEWISE_BEZIER_KNOTS.);
#2563 = CARTESIAN_POINT('',(10.35092,-39.928755));
#2564 = CARTESIAN_POINT('',(43.336333,-39.928755));
#2565 = ( GEOMETRIC_REPRESENTATION_CONTEXT(2) 
PARAMETRIC_REPRESENTATION_CONTEXT() REPRESENTATION_CONTEXT('2D SPACE',''
  ) );
#2566 = PCURVE('',#2567,#2572);
#2567 = PLANE('',#2568);
#2568 = AXIS2_PLACEMENT_3D('',#2569,#2570,#2571);
#2569 = CARTESIAN_POINT('',(125.35092,220.,-405.071245));
#2570 = DIRECTION('',(0.,0.,1.));
#2571 = DIRECTION('',(1.,0.,-0.));
#2572 = DEFINITIONAL_REPRESENTATION('',(#2573),#2576);
#2573 = B_SPLINE_CURVE_WITH_KNOTS('',1,(#2574,#2575),.UNSPECIFIED.,.F.,
  .F.,(2,2),(7.67546,40.660873),.PIECEWISE_BEZIER_KNOTS.);
#2574 = CARTESIAN_POINT('',(5.,10.));
#2575 = CARTESIAN_POINT('',(37.985413,10.));
#2576 = ( GEOMETRIC_REPRESENTATION_CONTEXT(2) 
PARAMETRIC_REPRESENTATION_CONTEXT() REPRESENTATION_CONTEXT('2D SPACE',''
  ) );
#2577 = ORIENTED_EDGE('',*,*,#2578,.F.);
#2578 = EDGE_CURVE('',#2579,#2553,#2581,.T.);
#2579 = VERTEX_POINT('',#2580);
#2580 = CARTESIAN_POINT('',(168.336333,230.,-400.071245));
#2581 = SURFACE_CURVE('',#2582,(#2587,#2594),.PCURVE_S1.);
#2582 = CIRCLE('',#2583,5.);
#2583 = AXIS2_PLACEMENT_3D('',#2584,#2585,#2586);
#2584 = CARTESIAN_POINT('',(163.336333,230.,-400.071245));
#2585 = DIRECTION('',(0.,1.,0.));
#2586 = DIRECTION('',(1.,0.,-0.));
#2587 = PCURVE('',#1649,#2588);
#2588 = DEFINITIONAL_REPRESENTATION('',(#2589),#2593);
#2589 = CIRCLE('',#2590,5.);
#2590 = AXIS2_PLACEMENT_2D('',#2591,#2592);
#2591 = CARTESIAN_POINT('',(43.336333,-44.928755));
#2592 = DIRECTION('',(1.,0.));
#2593 = ( GEOMETRIC_REPRESENTATION_CONTEXT(2) 
PARAMETRIC_REPRESENTATION_CONTEXT() REPRESENTATION_CONTEXT('2D SPACE',''
  ) );
#2594 = PCURVE('',#2595,#2600);
#2595 = CYLINDRICAL_SURFACE('',#2596,5.);
#2596 = AXIS2_PLACEMENT_3D('',#2597,#2598,#2599);
#2597 = CARTESIAN_POINT('',(163.336333,220.,-400.071245));
#2598 = DIRECTION('',(-0.,1.,0.));
#2599 = DIRECTION('',(1.,0.,-0.));
#2600 = DEFINITIONAL_REPRESENTATION('',(#2601),#2605);
#2601 = LINE('',#2602,#2603);
#2602 = CARTESIAN_POINT('',(0.,10.));
#2603 = VECTOR('',#2604,1.);
#2604 = DIRECTION('',(1.,0.));
#2605 = ( GEOMETRIC_REPRESENTATION_CONTEXT(2) 
PARAMETRIC_REPRESENTATION_CONTEXT() REPRESENTATION_CONTEXT('2D SPACE',''
  ) );
#2606 = ORIENTED_EDGE('',*,*,#2607,.F.);
#2607 = EDGE_CURVE('',#2608,#2579,#2610,.T.);
#2608 = VERTEX_POINT('',#2609);
#2609 = CARTESIAN_POINT('',(168.336333,230.,-379.121747));
#2610 = SURFACE_CURVE('',#2611,(#2615,#2621),.PCURVE_S1.);
#2611 = LINE('',#2612,#2613);
#2612 = CARTESIAN_POINT('',(168.336333,230.,-425.0356225));
#2613 = VECTOR('',#2614,1.);
#2614 = DIRECTION('',(-0.,0.,-1.));
#2615 = PCURVE('',#1649,#2616);
#2616 = DEFINITIONAL_REPRESENTATION('',(#2617),#2620);
#2617 = B_SPLINE_CURVE_WITH_KNOTS('',1,(#2618,#2619),.UNSPECIFIED.,.F.,
  .F.,(2,2),(-45.9138755,-24.9643775),.PIECEWISE_BEZIER_KNOTS.);
#2618 = CARTESIAN_POINT('',(48.336333,-65.878253));
#2619 = CARTESIAN_POINT('',(48.336333,-44.928755));
#2620 = ( GEOMETRIC_REPRESENTATION_CONTEXT(2) 
PARAMETRIC_REPRESENTATION_CONTEXT() REPRESENTATION_CONTEXT('2D SPACE',''
  ) );
#2621 = PCURVE('',#2622,#2627);
#2622 = PLANE('',#2623);
#2623 = AXIS2_PLACEMENT_3D('',#2624,#2625,#2626);
#2624 = CARTESIAN_POINT('',(168.336333,220.,-405.071245));
#2625 = DIRECTION('',(1.,0.,-0.));
#2626 = DIRECTION('',(0.,0.,1.));
#2627 = DEFINITIONAL_REPRESENTATION('',(#2628),#2631);
#2628 = B_SPLINE_CURVE_WITH_KNOTS('',1,(#2629,#2630),.UNSPECIFIED.,.F.,
  .F.,(2,2),(-45.9138755,-24.9643775),.PIECEWISE_BEZIER_KNOTS.);
#2629 = CARTESIAN_POINT('',(25.949498,-10.));
#2630 = CARTESIAN_POINT('',(5.,-10.));
#2631 = ( GEOMETRIC_REPRESENTATION_CONTEXT(2) 
PARAMETRIC_REPRESENTATION_CONTEXT() REPRESENTATION_CONTEXT('2D SPACE',''
  ) );
#2632 = ORIENTED_EDGE('',*,*,#2633,.F.);
#2633 = EDGE_CURVE('',#2634,#2608,#2636,.T.);
#2634 = VERTEX_POINT('',#2635);
#2635 = CARTESIAN_POINT('',(163.336333,230.,-374.121747));
#2636 = SURFACE_CURVE('',#2637,(#2642,#2649),.PCURVE_S1.);
#2637 = CIRCLE('',#2638,5.);
#2638 = AXIS2_PLACEMENT_3D('',#2639,#2640,#2641);
#2639 = CARTESIAN_POINT('',(163.336333,230.,-379.121747));
#2640 = DIRECTION('',(0.,1.,0.));
#2641 = DIRECTION('',(1.,0.,-0.));
#2642 = PCURVE('',#1649,#2643);
#2643 = DEFINITIONAL_REPRESENTATION('',(#2644),#2648);
#2644 = CIRCLE('',#2645,5.);
#2645 = AXIS2_PLACEMENT_2D('',#2646,#2647);
#2646 = CARTESIAN_POINT('',(43.336333,-65.878253));
#2647 = DIRECTION('',(1.,0.));
#2648 = ( GEOMETRIC_REPRESENTATION_CONTEXT(2) 
PARAMETRIC_REPRESENTATION_CONTEXT() REPRESENTATION_CONTEXT('2D SPACE',''
  ) );
#2649 = PCURVE('',#2650,#2655);
#2650 = CYLINDRICAL_SURFACE('',#2651,5.);
#2651 = AXIS2_PLACEMENT_3D('',#2652,#2653,#2654);
#2652 = CARTESIAN_POINT('',(163.336333,220.,-379.121747));
#2653 = DIRECTION('',(-0.,1.,0.));
#2654 = DIRECTION('',(1.,0.,-0.));
#2655 = DEFINITIONAL_REPRESENTATION('',(#2656),#2660);
#2656 = LINE('',#2657,#2658);
#2657 = CARTESIAN_POINT('',(-6.28318530718,10.));
#2658 = VECTOR('',#2659,1.);
#2659 = DIRECTION('',(1.,-0.));
#2660 = ( GEOMETRIC_REPRESENTATION_CONTEXT(2) 
PARAMETRIC_REPRESENTATION_CONTEXT() REPRESENTATION_CONTEXT('2D SPACE',''
  ) );
#2661 = ORIENTED_EDGE('',*,*,#2662,.F.);
#2662 = EDGE_CURVE('',#2469,#2634,#2663,.T.);
#2663 = SURFACE_CURVE('',#2664,(#2668,#2674),.PCURVE_S1.);
#2664 = LINE('',#2665,#2666);
#2665 = CARTESIAN_POINT('',(122.67546,230.,-374.121747));
#2666 = VECTOR('',#2667,1.);
#2667 = DIRECTION('',(1.,0.,0.));
#2668 = PCURVE('',#1649,#2669);
#2669 = DEFINITIONAL_REPRESENTATION('',(#2670),#2673);
#2670 = B_SPLINE_CURVE_WITH_KNOTS('',1,(#2671,#2672),.UNSPECIFIED.,.F.,
  .F.,(2,2),(7.67546,40.660873),.PIECEWISE_BEZIER_KNOTS.);
#2671 = CARTESIAN_POINT('',(10.35092,-70.878253));
#2672 = CARTESIAN_POINT('',(43.336333,-70.878253));
#2673 = ( GEOMETRIC_REPRESENTATION_CONTEXT(2) 
PARAMETRIC_REPRESENTATION_CONTEXT() REPRESENTATION_CONTEXT('2D SPACE',''
  ) );
#2674 = PCURVE('',#2675,#2680);
#2675 = PLANE('',#2676);
#2676 = AXIS2_PLACEMENT_3D('',#2677,#2678,#2679);
#2677 = CARTESIAN_POINT('',(125.35092,220.,-374.121747));
#2678 = DIRECTION('',(0.,0.,1.));
#2679 = DIRECTION('',(1.,0.,-0.));
#2680 = DEFINITIONAL_REPRESENTATION('',(#2681),#2684);
#2681 = B_SPLINE_CURVE_WITH_KNOTS('',1,(#2682,#2683),.UNSPECIFIED.,.F.,
  .F.,(2,2),(7.67546,40.660873),.PIECEWISE_BEZIER_KNOTS.);
#2682 = CARTESIAN_POINT('',(5.,10.));
#2683 = CARTESIAN_POINT('',(37.985413,10.));
#2684 = ( GEOMETRIC_REPRESENTATION_CONTEXT(2) 
PARAMETRIC_REPRESENTATION_CONTEXT() REPRESENTATION_CONTEXT('2D SPACE',''
  ) );
#2685 = ADVANCED_FACE('',(#2686),#1624,.T.);
#2686 = FACE_BOUND('',#2687,.F.);
#2687 = EDGE_LOOP('',(#2688,#2689,#2711));
#2688 = ORIENTED_EDGE('',*,*,#1608,.F.);
#2689 = ORIENTED_EDGE('',*,*,#2690,.T.);
#2690 = EDGE_CURVE('',#1609,#1719,#2691,.T.);
#2691 = SURFACE_CURVE('',#2692,(#2697,#2704),.PCURVE_S1.);
#2692 = CIRCLE('',#2693,4.99999999977);
#2693 = AXIS2_PLACEMENT_3D('',#2694,#2695,#2696);
#2694 = CARTESIAN_POINT('',(295.00000000023,234.99999999977,-440.));
#2695 = DIRECTION('',(0.,0.,1.));
#2696 = DIRECTION('',(-4.592948244164E-11,-1.,0.));
#2697 = PCURVE('',#1624,#2698);
#2698 = DEFINITIONAL_REPRESENTATION('',(#2699),#2703);
#2699 = LINE('',#2700,#2701);
#2700 = CARTESIAN_POINT('',(-0.,0.));
#2701 = VECTOR('',#2702,1.);
#2702 = DIRECTION('',(-1.,0.));
#2703 = ( GEOMETRIC_REPRESENTATION_CONTEXT(2) 
PARAMETRIC_REPRESENTATION_CONTEXT() REPRESENTATION_CONTEXT('2D SPACE',''
  ) );
#2704 = PCURVE('',#2451,#2705);
#2705 = DEFINITIONAL_REPRESENTATION('',(#2706),#2710);
#2706 = LINE('',#2707,#2708);
#2707 = CARTESIAN_POINT('',(-0.,-5.));
#2708 = VECTOR('',#2709,1.);
#2709 = DIRECTION('',(-1.,0.));
#2710 = ( GEOMETRIC_REPRESENTATION_CONTEXT(2) 
PARAMETRIC_REPRESENTATION_CONTEXT() REPRESENTATION_CONTEXT('2D SPACE',''
  ) );
#2711 = ORIENTED_EDGE('',*,*,#1718,.T.);
#2712 = ADVANCED_FACE('',(#2713),#1701,.F.);
#2713 = FACE_BOUND('',#2714,.F.);
#2714 = EDGE_LOOP('',(#2715,#2736,#2737,#2738));
#2715 = ORIENTED_EDGE('',*,*,#2716,.T.);
#2716 = EDGE_CURVE('',#1665,#2120,#2717,.T.);
#2717 = SURFACE_CURVE('',#2718,(#2722,#2729),.PCURVE_S1.);
#2718 = LINE('',#2719,#2720);
#2719 = CARTESIAN_POINT('',(120.,290.,-445.));
#2720 = VECTOR('',#2721,1.);
#2721 = DIRECTION('',(0.,0.,1.));
#2722 = PCURVE('',#1701,#2723);
#2723 = DEFINITIONAL_REPRESENTATION('',(#2724),#2728);
#2724 = LINE('',#2725,#2726);
#2725 = CARTESIAN_POINT('',(0.,0.));
#2726 = VECTOR('',#2727,1.);
#2727 = DIRECTION('',(0.,-1.));
#2728 = ( GEOMETRIC_REPRESENTATION_CONTEXT(2) 
PARAMETRIC_REPRESENTATION_CONTEXT() REPRESENTATION_CONTEXT('2D SPACE',''
  ) );
#2729 = PCURVE('',#1835,#2730);
#2730 = DEFINITIONAL_REPRESENTATION('',(#2731),#2735);
#2731 = LINE('',#2732,#2733);
#2732 = CARTESIAN_POINT('',(175.,0.));
#2733 = VECTOR('',#2734,1.);
#2734 = DIRECTION('',(0.,-1.));
#2735 = ( GEOMETRIC_REPRESENTATION_CONTEXT(2) 
PARAMETRIC_REPRESENTATION_CONTEXT() REPRESENTATION_CONTEXT('2D SPACE',''
  ) );
#2736 = ORIENTED_EDGE('',*,*,#2141,.T.);
#2737 = ORIENTED_EDGE('',*,*,#2388,.F.);
#2738 = ORIENTED_EDGE('',*,*,#1686,.F.);
#2739 = ADVANCED_FACE('',(#2740),#1782,.F.);
#2740 = FACE_BOUND('',#2741,.F.);
#2741 = EDGE_LOOP('',(#2742,#2743,#2764,#2765,#2793,#2826,#2854));
#2742 = ORIENTED_EDGE('',*,*,#1768,.F.);
#2743 = ORIENTED_EDGE('',*,*,#2744,.T.);
#2744 = EDGE_CURVE('',#1719,#2169,#2745,.T.);
#2745 = SURFACE_CURVE('',#2746,(#2750,#2757),.PCURVE_S1.);
#2746 = LINE('',#2747,#2748);
#2747 = CARTESIAN_POINT('',(300.,235.,-445.));
#2748 = VECTOR('',#2749,1.);
#2749 = DIRECTION('',(0.,0.,1.));
#2750 = PCURVE('',#1782,#2751);
#2751 = DEFINITIONAL_REPRESENTATION('',(#2752),#2756);
#2752 = LINE('',#2753,#2754);
#2753 = CARTESIAN_POINT('',(0.,0.));
#2754 = VECTOR('',#2755,1.);
#2755 = DIRECTION('',(0.,-1.));
#2756 = ( GEOMETRIC_REPRESENTATION_CONTEXT(2) 
PARAMETRIC_REPRESENTATION_CONTEXT() REPRESENTATION_CONTEXT('2D SPACE',''
  ) );
#2757 = PCURVE('',#2451,#2758);
#2758 = DEFINITIONAL_REPRESENTATION('',(#2759),#2763);
#2759 = LINE('',#2760,#2761);
#2760 = CARTESIAN_POINT('',(-1.570796326887,0.));
#2761 = VECTOR('',#2762,1.);
#2762 = DIRECTION('',(-0.,-1.));
#2763 = ( GEOMETRIC_REPRESENTATION_CONTEXT(2) 
PARAMETRIC_REPRESENTATION_CONTEXT() REPRESENTATION_CONTEXT('2D SPACE',''
  ) );
#2764 = ORIENTED_EDGE('',*,*,#2218,.T.);
#2765 = ORIENTED_EDGE('',*,*,#2766,.F.);
#2766 = EDGE_CURVE('',#2767,#2192,#2769,.T.);
#2767 = VERTEX_POINT('',#2768);
#2768 = CARTESIAN_POINT('',(300.,285.,-388.1079288499));
#2769 = SURFACE_CURVE('',#2770,(#2774,#2781),.PCURVE_S1.);
#2770 = LINE('',#2771,#2772);
#2771 = CARTESIAN_POINT('',(300.,285.,-445.));
#2772 = VECTOR('',#2773,1.);
#2773 = DIRECTION('',(0.,0.,1.));
#2774 = PCURVE('',#1782,#2775);
#2775 = DEFINITIONAL_REPRESENTATION('',(#2776),#2780);
#2776 = LINE('',#2777,#2778);
#2777 = CARTESIAN_POINT('',(50.,0.));
#2778 = VECTOR('',#2779,1.);
#2779 = DIRECTION('',(0.,-1.));
#2780 = ( GEOMETRIC_REPRESENTATION_CONTEXT(2) 
PARAMETRIC_REPRESENTATION_CONTEXT() REPRESENTATION_CONTEXT('2D SPACE',''
  ) );
#2781 = PCURVE('',#2782,#2787);
#2782 = CYLINDRICAL_SURFACE('',#2783,4.99999999977);
#2783 = AXIS2_PLACEMENT_3D('',#2784,#2785,#2786);
#2784 = CARTESIAN_POINT('',(295.00000000023,285.00000000023,-445.));
#2785 = DIRECTION('',(-0.,-0.,-1.));
#2786 = DIRECTION('',(1.,-4.592948244164E-11,0.));
#2787 = DEFINITIONAL_REPRESENTATION('',(#2788),#2792);
#2788 = LINE('',#2789,#2790);
#2789 = CARTESIAN_POINT('',(-0.,0.));
#2790 = VECTOR('',#2791,1.);
#2791 = DIRECTION('',(-0.,-1.));
#2792 = ( GEOMETRIC_REPRESENTATION_CONTEXT(2) 
PARAMETRIC_REPRESENTATION_CONTEXT() REPRESENTATION_CONTEXT('2D SPACE',''
  ) );
#2793 = ORIENTED_EDGE('',*,*,#2794,.T.);
#2794 = EDGE_CURVE('',#2767,#2795,#2797,.T.);
#2795 = VERTEX_POINT('',#2796);
#2796 = CARTESIAN_POINT('',(300.,270.,-380.8578643762));
#2797 = SURFACE_CURVE('',#2798,(#2803,#2814),.PCURVE_S1.);
#2798 = CIRCLE('',#2799,19.142135623731);
#2799 = AXIS2_PLACEMENT_3D('',#2800,#2801,#2802);
#2800 = CARTESIAN_POINT('',(300.,270.,-400.));
#2801 = DIRECTION('',(1.,0.,-0.));
#2802 = DIRECTION('',(0.,0.,1.));
#2803 = PCURVE('',#1782,#2804);
#2804 = DEFINITIONAL_REPRESENTATION('',(#2805),#2813);
#2805 = ( BOUNDED_CURVE() B_SPLINE_CURVE(2,(#2806,#2807,#2808,#2809,
#2810,#2811,#2812),.UNSPECIFIED.,.T.,.F.) B_SPLINE_CURVE_WITH_KNOTS((1,2
    ,2,2,2,1),(-2.094395102393,0.,2.094395102393,4.188790204786,
6.28318530718,8.377580409573),.UNSPECIFIED.) CURVE() 
GEOMETRIC_REPRESENTATION_ITEM() RATIONAL_B_SPLINE_CURVE((1.,0.5,1.,0.5,
1.,0.5,1.)) REPRESENTATION_ITEM('') );
#2806 = CARTESIAN_POINT('',(35.,-64.14213562373));
#2807 = CARTESIAN_POINT('',(1.844848534324,-64.14213562373));
#2808 = CARTESIAN_POINT('',(18.422424267162,-35.42893218813));
#2809 = CARTESIAN_POINT('',(35.,-6.715728752538));
#2810 = CARTESIAN_POINT('',(51.577575732838,-35.42893218813));
#2811 = CARTESIAN_POINT('',(68.155151465676,-64.14213562373));
#2812 = CARTESIAN_POINT('',(35.,-64.14213562373));
#2813 = ( GEOMETRIC_REPRESENTATION_CONTEXT(2) 
PARAMETRIC_REPRESENTATION_CONTEXT() REPRESENTATION_CONTEXT('2D SPACE',''
  ) );
#2814 = PCURVE('',#2815,#2820);
#2815 = TOROIDAL_SURFACE('',#2816,19.142135623731,5.);
#2816 = AXIS2_PLACEMENT_3D('',#2817,#2818,#2819);
#2817 = CARTESIAN_POINT('',(295.,270.,-400.));
#2818 = DIRECTION('',(-1.,-0.,-0.));
#2819 = DIRECTION('',(0.,0.,1.));
#2820 = DEFINITIONAL_REPRESENTATION('',(#2821),#2825);
#2821 = LINE('',#2822,#2823);
#2822 = CARTESIAN_POINT('',(-0.,4.712388980385));
#2823 = VECTOR('',#2824,1.);
#2824 = DIRECTION('',(-1.,0.));
#2825 = ( GEOMETRIC_REPRESENTATION_CONTEXT(2) 
PARAMETRIC_REPRESENTATION_CONTEXT() REPRESENTATION_CONTEXT('2D SPACE',''
  ) );
#2826 = ORIENTED_EDGE('',*,*,#2827,.T.);
#2827 = EDGE_CURVE('',#2795,#2828,#2830,.T.);
#2828 = VERTEX_POINT('',#2829);
#2829 = CARTESIAN_POINT('',(300.,285.,-411.89207115));
#2830 = SURFACE_CURVE('',#2831,(#2836,#2847),.PCURVE_S1.);
#2831 = CIRCLE('',#2832,19.142135623731);
#2832 = AXIS2_PLACEMENT_3D('',#2833,#2834,#2835);
#2833 = CARTESIAN_POINT('',(300.,270.,-400.));
#2834 = DIRECTION('',(1.,0.,-0.));
#2835 = DIRECTION('',(0.,0.,1.));
#2836 = PCURVE('',#1782,#2837);
#2837 = DEFINITIONAL_REPRESENTATION('',(#2838),#2846);
#2838 = ( BOUNDED_CURVE() B_SPLINE_CURVE(2,(#2839,#2840,#2841,#2842,
#2843,#2844,#2845),.UNSPECIFIED.,.T.,.F.) B_SPLINE_CURVE_WITH_KNOTS((1,2
    ,2,2,2,1),(-2.094395102393,0.,2.094395102393,4.188790204786,
6.28318530718,8.377580409573),.UNSPECIFIED.) CURVE() 
GEOMETRIC_REPRESENTATION_ITEM() RATIONAL_B_SPLINE_CURVE((1.,0.5,1.,0.5,
1.,0.5,1.)) REPRESENTATION_ITEM('') );
#2839 = CARTESIAN_POINT('',(35.,-64.14213562373));
#2840 = CARTESIAN_POINT('',(1.844848534324,-64.14213562373));
#2841 = CARTESIAN_POINT('',(18.422424267162,-35.42893218813));
#2842 = CARTESIAN_POINT('',(35.,-6.715728752538));
#2843 = CARTESIAN_POINT('',(51.577575732838,-35.42893218813));
#2844 = CARTESIAN_POINT('',(68.155151465676,-64.14213562373));
#2845 = CARTESIAN_POINT('',(35.,-64.14213562373));
#2846 = ( GEOMETRIC_REPRESENTATION_CONTEXT(2) 
PARAMETRIC_REPRESENTATION_CONTEXT() REPRESENTATION_CONTEXT('2D SPACE',''
  ) );
#2847 = PCURVE('',#2815,#2848);
#2848 = DEFINITIONAL_REPRESENTATION('',(#2849),#2853);
#2849 = LINE('',#2850,#2851);
#2850 = CARTESIAN_POINT('',(-0.,4.712388980385));
#2851 = VECTOR('',#2852,1.);
#2852 = DIRECTION('',(-1.,0.));
#2853 = ( GEOMETRIC_REPRESENTATION_CONTEXT(2) 
PARAMETRIC_REPRESENTATION_CONTEXT() REPRESENTATION_CONTEXT('2D SPACE',''
  ) );
#2854 = ORIENTED_EDGE('',*,*,#2855,.F.);
#2855 = EDGE_CURVE('',#1742,#2828,#2856,.T.);
#2856 = SURFACE_CURVE('',#2857,(#2861,#2868),.PCURVE_S1.);
#2857 = LINE('',#2858,#2859);
#2858 = CARTESIAN_POINT('',(300.,285.,-445.));
#2859 = VECTOR('',#2860,1.);
#2860 = DIRECTION('',(0.,0.,1.));
#2861 = PCURVE('',#1782,#2862);
#2862 = DEFINITIONAL_REPRESENTATION('',(#2863),#2867);
#2863 = LINE('',#2864,#2865);
#2864 = CARTESIAN_POINT('',(50.,0.));
#2865 = VECTOR('',#2866,1.);
#2866 = DIRECTION('',(0.,-1.));
#2867 = ( GEOMETRIC_REPRESENTATION_CONTEXT(2) 
PARAMETRIC_REPRESENTATION_CONTEXT() REPRESENTATION_CONTEXT('2D SPACE',''
  ) );
#2868 = PCURVE('',#2782,#2869);
#2869 = DEFINITIONAL_REPRESENTATION('',(#2870),#2874);
#2870 = LINE('',#2871,#2872);
#2871 = CARTESIAN_POINT('',(-0.,0.));
#2872 = VECTOR('',#2873,1.);
#2873 = DIRECTION('',(-0.,-1.));
#2874 = ( GEOMETRIC_REPRESENTATION_CONTEXT(2) 
PARAMETRIC_REPRESENTATION_CONTEXT() REPRESENTATION_CONTEXT('2D SPACE',''
  ) );
#2875 = ADVANCED_FACE('',(#2876),#1757,.T.);
#2876 = FACE_BOUND('',#2877,.F.);
#2877 = EDGE_LOOP('',(#2878,#2879,#2901));
#2878 = ORIENTED_EDGE('',*,*,#1741,.F.);
#2879 = ORIENTED_EDGE('',*,*,#2880,.T.);
#2880 = EDGE_CURVE('',#1742,#1798,#2881,.T.);
#2881 = SURFACE_CURVE('',#2882,(#2887,#2894),.PCURVE_S1.);
#2882 = CIRCLE('',#2883,4.99999999977);
#2883 = AXIS2_PLACEMENT_3D('',#2884,#2885,#2886);
#2884 = CARTESIAN_POINT('',(295.00000000023,285.00000000023,-440.));
#2885 = DIRECTION('',(0.,0.,1.));
#2886 = DIRECTION('',(1.,-4.592948244164E-11,0.));
#2887 = PCURVE('',#1757,#2888);
#2888 = DEFINITIONAL_REPRESENTATION('',(#2889),#2893);
#2889 = LINE('',#2890,#2891);
#2890 = CARTESIAN_POINT('',(-0.,0.));
#2891 = VECTOR('',#2892,1.);
#2892 = DIRECTION('',(-1.,0.));
#2893 = ( GEOMETRIC_REPRESENTATION_CONTEXT(2) 
PARAMETRIC_REPRESENTATION_CONTEXT() REPRESENTATION_CONTEXT('2D SPACE',''
  ) );
#2894 = PCURVE('',#2782,#2895);
#2895 = DEFINITIONAL_REPRESENTATION('',(#2896),#2900);
#2896 = LINE('',#2897,#2898);
#2897 = CARTESIAN_POINT('',(-0.,-5.));
#2898 = VECTOR('',#2899,1.);
#2899 = DIRECTION('',(-1.,0.));
#2900 = ( GEOMETRIC_REPRESENTATION_CONTEXT(2) 
PARAMETRIC_REPRESENTATION_CONTEXT() REPRESENTATION_CONTEXT('2D SPACE',''
  ) );
#2901 = ORIENTED_EDGE('',*,*,#1797,.T.);
#2902 = ADVANCED_FACE('',(#2903),#1835,.F.);
#2903 = FACE_BOUND('',#2904,.F.);
#2904 = EDGE_LOOP('',(#2905,#2926,#2927,#2928));
#2905 = ORIENTED_EDGE('',*,*,#2906,.T.);
#2906 = EDGE_CURVE('',#1798,#2243,#2907,.T.);
#2907 = SURFACE_CURVE('',#2908,(#2912,#2919),.PCURVE_S1.);
#2908 = LINE('',#2909,#2910);
#2909 = CARTESIAN_POINT('',(295.,290.,-445.));
#2910 = VECTOR('',#2911,1.);
#2911 = DIRECTION('',(0.,0.,1.));
#2912 = PCURVE('',#1835,#2913);
#2913 = DEFINITIONAL_REPRESENTATION('',(#2914),#2918);
#2914 = LINE('',#2915,#2916);
#2915 = CARTESIAN_POINT('',(0.,-0.));
#2916 = VECTOR('',#2917,1.);
#2917 = DIRECTION('',(0.,-1.));
#2918 = ( GEOMETRIC_REPRESENTATION_CONTEXT(2) 
PARAMETRIC_REPRESENTATION_CONTEXT() REPRESENTATION_CONTEXT('2D SPACE',''
  ) );
#2919 = PCURVE('',#2782,#2920);
#2920 = DEFINITIONAL_REPRESENTATION('',(#2921),#2925);
#2921 = LINE('',#2922,#2923);
#2922 = CARTESIAN_POINT('',(-1.570796326887,0.));
#2923 = VECTOR('',#2924,1.);
#2924 = DIRECTION('',(-0.,-1.));
#2925 = ( GEOMETRIC_REPRESENTATION_CONTEXT(2) 
PARAMETRIC_REPRESENTATION_CONTEXT() REPRESENTATION_CONTEXT('2D SPACE',''
  ) );
#2926 = ORIENTED_EDGE('',*,*,#2266,.T.);
#2927 = ORIENTED_EDGE('',*,*,#2716,.F.);
#2928 = ORIENTED_EDGE('',*,*,#1821,.F.);
#2929 = ADVANCED_FACE('',(#2930),#1892,.T.);
#2930 = FACE_BOUND('',#2931,.T.);
#2931 = EDGE_LOOP('',(#2932,#2933,#2955));
#2932 = ORIENTED_EDGE('',*,*,#2020,.F.);
#2933 = ORIENTED_EDGE('',*,*,#2934,.T.);
#2934 = EDGE_CURVE('',#2021,#1877,#2935,.T.);
#2935 = SURFACE_CURVE('',#2936,(#2941,#2948),.PCURVE_S1.);
#2936 = CIRCLE('',#2937,4.99999999977);
#2937 = AXIS2_PLACEMENT_3D('',#2938,#2939,#2940);
#2938 = CARTESIAN_POINT('',(95.00000000023,315.00000000023,-345.));
#2939 = DIRECTION('',(0.,0.,1.));
#2940 = DIRECTION('',(1.,-4.592948244164E-11,0.));
#2941 = PCURVE('',#1892,#2942);
#2942 = DEFINITIONAL_REPRESENTATION('',(#2943),#2947);
#2943 = LINE('',#2944,#2945);
#2944 = CARTESIAN_POINT('',(0.,0.));
#2945 = VECTOR('',#2946,1.);
#2946 = DIRECTION('',(1.,0.));
#2947 = ( GEOMETRIC_REPRESENTATION_CONTEXT(2) 
PARAMETRIC_REPRESENTATION_CONTEXT() REPRESENTATION_CONTEXT('2D SPACE',''
  ) );
#2948 = PCURVE('',#2331,#2949);
#2949 = DEFINITIONAL_REPRESENTATION('',(#2950),#2954);
#2950 = LINE('',#2951,#2952);
#2951 = CARTESIAN_POINT('',(-0.,-100.));
#2952 = VECTOR('',#2953,1.);
#2953 = DIRECTION('',(-1.,0.));
#2954 = ( GEOMETRIC_REPRESENTATION_CONTEXT(2) 
PARAMETRIC_REPRESENTATION_CONTEXT() REPRESENTATION_CONTEXT('2D SPACE',''
  ) );
#2955 = ORIENTED_EDGE('',*,*,#1876,.T.);
#2956 = ADVANCED_FACE('',(#2957),#2084,.T.);
#2957 = FACE_BOUND('',#2958,.T.);
#2958 = EDGE_LOOP('',(#2959,#2960,#2982));
#2959 = ORIENTED_EDGE('',*,*,#2068,.F.);
#2960 = ORIENTED_EDGE('',*,*,#2961,.T.);
#2961 = EDGE_CURVE('',#2069,#2169,#2962,.T.);
#2962 = SURFACE_CURVE('',#2963,(#2968,#2975),.PCURVE_S1.);
#2963 = CIRCLE('',#2964,4.99999999977);
#2964 = AXIS2_PLACEMENT_3D('',#2965,#2966,#2967);
#2965 = CARTESIAN_POINT('',(295.00000000023,234.99999999977,-345.));
#2966 = DIRECTION('',(0.,0.,1.));
#2967 = DIRECTION('',(-4.592948244164E-11,-1.,0.));
#2968 = PCURVE('',#2084,#2969);
#2969 = DEFINITIONAL_REPRESENTATION('',(#2970),#2974);
#2970 = LINE('',#2971,#2972);
#2971 = CARTESIAN_POINT('',(0.,0.));
#2972 = VECTOR('',#2973,1.);
#2973 = DIRECTION('',(1.,0.));
#2974 = ( GEOMETRIC_REPRESENTATION_CONTEXT(2) 
PARAMETRIC_REPRESENTATION_CONTEXT() REPRESENTATION_CONTEXT('2D SPACE',''
  ) );
#2975 = PCURVE('',#2451,#2976);
#2976 = DEFINITIONAL_REPRESENTATION('',(#2977),#2981);
#2977 = LINE('',#2978,#2979);
#2978 = CARTESIAN_POINT('',(-0.,-100.));
#2979 = VECTOR('',#2980,1.);
#2980 = DIRECTION('',(-1.,0.));
#2981 = ( GEOMETRIC_REPRESENTATION_CONTEXT(2) 
PARAMETRIC_REPRESENTATION_CONTEXT() REPRESENTATION_CONTEXT('2D SPACE',''
  ) );
#2982 = ORIENTED_EDGE('',*,*,#2168,.T.);
#2983 = ADVANCED_FACE('',(#2984),#2207,.T.);
#2984 = FACE_BOUND('',#2985,.T.);
#2985 = EDGE_LOOP('',(#2986,#2987,#3009));
#2986 = ORIENTED_EDGE('',*,*,#2191,.F.);
#2987 = ORIENTED_EDGE('',*,*,#2988,.T.);
#2988 = EDGE_CURVE('',#2192,#2243,#2989,.T.);
#2989 = SURFACE_CURVE('',#2990,(#2995,#3002),.PCURVE_S1.);
#2990 = CIRCLE('',#2991,4.99999999977);
#2991 = AXIS2_PLACEMENT_3D('',#2992,#2993,#2994);
#2992 = CARTESIAN_POINT('',(295.00000000023,285.00000000023,-345.));
#2993 = DIRECTION('',(0.,0.,1.));
#2994 = DIRECTION('',(1.,-4.592948244164E-11,0.));
#2995 = PCURVE('',#2207,#2996);
#2996 = DEFINITIONAL_REPRESENTATION('',(#2997),#3001);
#2997 = LINE('',#2998,#2999);
#2998 = CARTESIAN_POINT('',(0.,0.));
#2999 = VECTOR('',#3000,1.);
#3000 = DIRECTION('',(1.,0.));
#3001 = ( GEOMETRIC_REPRESENTATION_CONTEXT(2) 
PARAMETRIC_REPRESENTATION_CONTEXT() REPRESENTATION_CONTEXT('2D SPACE',''
  ) );
#3002 = PCURVE('',#2782,#3003);
#3003 = DEFINITIONAL_REPRESENTATION('',(#3004),#3008);
#3004 = LINE('',#3005,#3006);
#3005 = CARTESIAN_POINT('',(-0.,-100.));
#3006 = VECTOR('',#3007,1.);
#3007 = DIRECTION('',(-1.,0.));
#3008 = ( GEOMETRIC_REPRESENTATION_CONTEXT(2) 
PARAMETRIC_REPRESENTATION_CONTEXT() REPRESENTATION_CONTEXT('2D SPACE',''
  ) );
#3009 = ORIENTED_EDGE('',*,*,#2242,.T.);
#3010 = ADVANCED_FACE('',(#3011),#2331,.T.);
#3011 = FACE_BOUND('',#3012,.F.);
#3012 = EDGE_LOOP('',(#3013,#3014,#3015,#3016));
#3013 = ORIENTED_EDGE('',*,*,#2410,.T.);
#3014 = ORIENTED_EDGE('',*,*,#2934,.T.);
#3015 = ORIENTED_EDGE('',*,*,#2317,.F.);
#3016 = ORIENTED_EDGE('',*,*,#2362,.F.);
#3017 = ADVANCED_FACE('',(#3018),#2451,.T.);
#3018 = FACE_BOUND('',#3019,.F.);
#3019 = EDGE_LOOP('',(#3020,#3021,#3022,#3023));
#3020 = ORIENTED_EDGE('',*,*,#2437,.T.);
#3021 = ORIENTED_EDGE('',*,*,#2961,.T.);
#3022 = ORIENTED_EDGE('',*,*,#2744,.F.);
#3023 = ORIENTED_EDGE('',*,*,#2690,.F.);
#3024 = ADVANCED_FACE('',(#3025),#2485,.F.);
#3025 = FACE_BOUND('',#3026,.F.);
#3026 = EDGE_LOOP('',(#3027,#3028,#3051,#3080));
#3027 = ORIENTED_EDGE('',*,*,#2466,.T.);
#3028 = ORIENTED_EDGE('',*,*,#3029,.T.);
#3029 = EDGE_CURVE('',#2469,#3030,#3032,.T.);
#3030 = VERTEX_POINT('',#3031);
#3031 = CARTESIAN_POINT('',(130.35092,275.,-374.121747));
#3032 = SURFACE_CURVE('',#3033,(#3037,#3044),.PCURVE_S1.);
#3033 = LINE('',#3034,#3035);
#3034 = CARTESIAN_POINT('',(130.35092,220.,-374.121747));
#3035 = VECTOR('',#3036,1.);
#3036 = DIRECTION('',(-0.,1.,0.));
#3037 = PCURVE('',#2485,#3038);
#3038 = DEFINITIONAL_REPRESENTATION('',(#3039),#3043);
#3039 = LINE('',#3040,#3041);
#3040 = CARTESIAN_POINT('',(1.570796326795,0.));
#3041 = VECTOR('',#3042,1.);
#3042 = DIRECTION('',(0.,1.));
#3043 = ( GEOMETRIC_REPRESENTATION_CONTEXT(2) 
PARAMETRIC_REPRESENTATION_CONTEXT() REPRESENTATION_CONTEXT('2D SPACE',''
  ) );
#3044 = PCURVE('',#2675,#3045);
#3045 = DEFINITIONAL_REPRESENTATION('',(#3046),#3050);
#3046 = LINE('',#3047,#3048);
#3047 = CARTESIAN_POINT('',(5.,0.));
#3048 = VECTOR('',#3049,1.);
#3049 = DIRECTION('',(0.,1.));
#3050 = ( GEOMETRIC_REPRESENTATION_CONTEXT(2) 
PARAMETRIC_REPRESENTATION_CONTEXT() REPRESENTATION_CONTEXT('2D SPACE',''
  ) );
#3051 = ORIENTED_EDGE('',*,*,#3052,.F.);
#3052 = EDGE_CURVE('',#3053,#3030,#3055,.T.);
#3053 = VERTEX_POINT('',#3054);
#3054 = CARTESIAN_POINT('',(125.35092,275.,-379.121747));
#3055 = SURFACE_CURVE('',#3056,(#3061,#3068),.PCURVE_S1.);
#3056 = CIRCLE('',#3057,5.);
#3057 = AXIS2_PLACEMENT_3D('',#3058,#3059,#3060);
#3058 = CARTESIAN_POINT('',(130.35092,275.,-379.121747));
#3059 = DIRECTION('',(-0.,1.,0.));
#3060 = DIRECTION('',(-1.,-0.,0.));
#3061 = PCURVE('',#2485,#3062);
#3062 = DEFINITIONAL_REPRESENTATION('',(#3063),#3067);
#3063 = LINE('',#3064,#3065);
#3064 = CARTESIAN_POINT('',(0.,55.));
#3065 = VECTOR('',#3066,1.);
#3066 = DIRECTION('',(1.,0.));
#3067 = ( GEOMETRIC_REPRESENTATION_CONTEXT(2) 
PARAMETRIC_REPRESENTATION_CONTEXT() REPRESENTATION_CONTEXT('2D SPACE',''
  ) );
#3068 = PCURVE('',#3069,#3074);
#3069 = SPHERICAL_SURFACE('',#3070,5.);
#3070 = AXIS2_PLACEMENT_3D('',#3071,#3072,#3073);
#3071 = CARTESIAN_POINT('',(130.35092,275.,-379.121747));
#3072 = DIRECTION('',(0.,-1.,-0.));
#3073 = DIRECTION('',(-1.,-0.,0.));
#3074 = DEFINITIONAL_REPRESENTATION('',(#3075),#3079);
#3075 = LINE('',#3076,#3077);
#3076 = CARTESIAN_POINT('',(-0.,0.));
#3077 = VECTOR('',#3078,1.);
#3078 = DIRECTION('',(-1.,0.));
#3079 = ( GEOMETRIC_REPRESENTATION_CONTEXT(2) 
PARAMETRIC_REPRESENTATION_CONTEXT() REPRESENTATION_CONTEXT('2D SPACE',''
  ) );
#3080 = ORIENTED_EDGE('',*,*,#3081,.F.);
#3081 = EDGE_CURVE('',#2467,#3053,#3082,.T.);
#3082 = SURFACE_CURVE('',#3083,(#3087,#3094),.PCURVE_S1.);
#3083 = LINE('',#3084,#3085);
#3084 = CARTESIAN_POINT('',(125.35092,220.,-379.121747));
#3085 = VECTOR('',#3086,1.);
#3086 = DIRECTION('',(-0.,1.,0.));
#3087 = PCURVE('',#2485,#3088);
#3088 = DEFINITIONAL_REPRESENTATION('',(#3089),#3093);
#3089 = LINE('',#3090,#3091);
#3090 = CARTESIAN_POINT('',(0.,0.));
#3091 = VECTOR('',#3092,1.);
#3092 = DIRECTION('',(0.,1.));
#3093 = ( GEOMETRIC_REPRESENTATION_CONTEXT(2) 
PARAMETRIC_REPRESENTATION_CONTEXT() REPRESENTATION_CONTEXT('2D SPACE',''
  ) );
#3094 = PCURVE('',#2512,#3095);
#3095 = DEFINITIONAL_REPRESENTATION('',(#3096),#3100);
#3096 = LINE('',#3097,#3098);
#3097 = CARTESIAN_POINT('',(25.949498,0.));
#3098 = VECTOR('',#3099,1.);
#3099 = DIRECTION('',(0.,-1.));
#3100 = ( GEOMETRIC_REPRESENTATION_CONTEXT(2) 
PARAMETRIC_REPRESENTATION_CONTEXT() REPRESENTATION_CONTEXT('2D SPACE',''
  ) );
#3101 = ADVANCED_FACE('',(#3102),#2675,.F.);
#3102 = FACE_BOUND('',#3103,.F.);
#3103 = EDGE_LOOP('',(#3104,#3105,#3106,#3129));
#3104 = ORIENTED_EDGE('',*,*,#3029,.F.);
#3105 = ORIENTED_EDGE('',*,*,#2662,.T.);
#3106 = ORIENTED_EDGE('',*,*,#3107,.T.);
#3107 = EDGE_CURVE('',#2634,#3108,#3110,.T.);
#3108 = VERTEX_POINT('',#3109);
#3109 = CARTESIAN_POINT('',(163.336333,275.,-374.121747));
#3110 = SURFACE_CURVE('',#3111,(#3115,#3122),.PCURVE_S1.);
#3111 = LINE('',#3112,#3113);
#3112 = CARTESIAN_POINT('',(163.336333,220.,-374.121747));
#3113 = VECTOR('',#3114,1.);
#3114 = DIRECTION('',(-0.,1.,0.));
#3115 = PCURVE('',#2675,#3116);
#3116 = DEFINITIONAL_REPRESENTATION('',(#3117),#3121);
#3117 = LINE('',#3118,#3119);
#3118 = CARTESIAN_POINT('',(37.985413,0.));
#3119 = VECTOR('',#3120,1.);
#3120 = DIRECTION('',(0.,1.));
#3121 = ( GEOMETRIC_REPRESENTATION_CONTEXT(2) 
PARAMETRIC_REPRESENTATION_CONTEXT() REPRESENTATION_CONTEXT('2D SPACE',''
  ) );
#3122 = PCURVE('',#2650,#3123);
#3123 = DEFINITIONAL_REPRESENTATION('',(#3124),#3128);
#3124 = LINE('',#3125,#3126);
#3125 = CARTESIAN_POINT('',(-1.570796326795,0.));
#3126 = VECTOR('',#3127,1.);
#3127 = DIRECTION('',(-0.,1.));
#3128 = ( GEOMETRIC_REPRESENTATION_CONTEXT(2) 
PARAMETRIC_REPRESENTATION_CONTEXT() REPRESENTATION_CONTEXT('2D SPACE',''
  ) );
#3129 = ORIENTED_EDGE('',*,*,#3130,.F.);
#3130 = EDGE_CURVE('',#3030,#3108,#3131,.T.);
#3131 = SURFACE_CURVE('',#3132,(#3136,#3143),.PCURVE_S1.);
#3132 = LINE('',#3133,#3134);
#3133 = CARTESIAN_POINT('',(125.35092,275.,-374.121747));
#3134 = VECTOR('',#3135,1.);
#3135 = DIRECTION('',(1.,0.,-0.));
#3136 = PCURVE('',#2675,#3137);
#3137 = DEFINITIONAL_REPRESENTATION('',(#3138),#3142);
#3138 = LINE('',#3139,#3140);
#3139 = CARTESIAN_POINT('',(0.,55.));
#3140 = VECTOR('',#3141,1.);
#3141 = DIRECTION('',(1.,0.));
#3142 = ( GEOMETRIC_REPRESENTATION_CONTEXT(2) 
PARAMETRIC_REPRESENTATION_CONTEXT() REPRESENTATION_CONTEXT('2D SPACE',''
  ) );
#3143 = PCURVE('',#3144,#3149);
#3144 = CYLINDRICAL_SURFACE('',#3145,5.);
#3145 = AXIS2_PLACEMENT_3D('',#3146,#3147,#3148);
#3146 = CARTESIAN_POINT('',(125.35092,275.,-379.121747));
#3147 = DIRECTION('',(1.,0.,-0.));
#3148 = DIRECTION('',(0.,1.,0.));
#3149 = DEFINITIONAL_REPRESENTATION('',(#3150),#3154);
#3150 = LINE('',#3151,#3152);
#3151 = CARTESIAN_POINT('',(1.570796326795,0.));
#3152 = VECTOR('',#3153,1.);
#3153 = DIRECTION('',(0.,1.));
#3154 = ( GEOMETRIC_REPRESENTATION_CONTEXT(2) 
PARAMETRIC_REPRESENTATION_CONTEXT() REPRESENTATION_CONTEXT('2D SPACE',''
  ) );
#3155 = ADVANCED_FACE('',(#3156),#2650,.F.);
#3156 = FACE_BOUND('',#3157,.T.);
#3157 = EDGE_LOOP('',(#3158,#3159,#3160,#3189));
#3158 = ORIENTED_EDGE('',*,*,#2633,.F.);
#3159 = ORIENTED_EDGE('',*,*,#3107,.T.);
#3160 = ORIENTED_EDGE('',*,*,#3161,.F.);
#3161 = EDGE_CURVE('',#3162,#3108,#3164,.T.);
#3162 = VERTEX_POINT('',#3163);
#3163 = CARTESIAN_POINT('',(168.336333,275.,-379.121747));
#3164 = SURFACE_CURVE('',#3165,(#3170,#3177),.PCURVE_S1.);
#3165 = CIRCLE('',#3166,5.);
#3166 = AXIS2_PLACEMENT_3D('',#3167,#3168,#3169);
#3167 = CARTESIAN_POINT('',(163.336333,275.,-379.121747));
#3168 = DIRECTION('',(0.,-1.,-0.));
#3169 = DIRECTION('',(1.,0.,0.));
#3170 = PCURVE('',#2650,#3171);
#3171 = DEFINITIONAL_REPRESENTATION('',(#3172),#3176);
#3172 = LINE('',#3173,#3174);
#3173 = CARTESIAN_POINT('',(-0.,55.));
#3174 = VECTOR('',#3175,1.);
#3175 = DIRECTION('',(-1.,0.));
#3176 = ( GEOMETRIC_REPRESENTATION_CONTEXT(2) 
PARAMETRIC_REPRESENTATION_CONTEXT() REPRESENTATION_CONTEXT('2D SPACE',''
  ) );
#3177 = PCURVE('',#3178,#3183);
#3178 = SPHERICAL_SURFACE('',#3179,5.);
#3179 = AXIS2_PLACEMENT_3D('',#3180,#3181,#3182);
#3180 = CARTESIAN_POINT('',(163.336333,275.,-379.121747));
#3181 = DIRECTION('',(0.,-1.,-0.));
#3182 = DIRECTION('',(1.,0.,0.));
#3183 = DEFINITIONAL_REPRESENTATION('',(#3184),#3188);
#3184 = LINE('',#3185,#3186);
#3185 = CARTESIAN_POINT('',(0.,0.));
#3186 = VECTOR('',#3187,1.);
#3187 = DIRECTION('',(1.,0.));
#3188 = ( GEOMETRIC_REPRESENTATION_CONTEXT(2) 
PARAMETRIC_REPRESENTATION_CONTEXT() REPRESENTATION_CONTEXT('2D SPACE',''
  ) );
#3189 = ORIENTED_EDGE('',*,*,#3190,.F.);
#3190 = EDGE_CURVE('',#2608,#3162,#3191,.T.);
#3191 = SURFACE_CURVE('',#3192,(#3196,#3203),.PCURVE_S1.);
#3192 = LINE('',#3193,#3194);
#3193 = CARTESIAN_POINT('',(168.336333,220.,-379.121747));
#3194 = VECTOR('',#3195,1.);
#3195 = DIRECTION('',(-0.,1.,0.));
#3196 = PCURVE('',#2650,#3197);
#3197 = DEFINITIONAL_REPRESENTATION('',(#3198),#3202);
#3198 = LINE('',#3199,#3200);
#3199 = CARTESIAN_POINT('',(-0.,0.));
#3200 = VECTOR('',#3201,1.);
#3201 = DIRECTION('',(-0.,1.));
#3202 = ( GEOMETRIC_REPRESENTATION_CONTEXT(2) 
PARAMETRIC_REPRESENTATION_CONTEXT() REPRESENTATION_CONTEXT('2D SPACE',''
  ) );
#3203 = PCURVE('',#2622,#3204);
#3204 = DEFINITIONAL_REPRESENTATION('',(#3205),#3209);
#3205 = LINE('',#3206,#3207);
#3206 = CARTESIAN_POINT('',(25.949498,0.));
#3207 = VECTOR('',#3208,1.);
#3208 = DIRECTION('',(0.,-1.));
#3209 = ( GEOMETRIC_REPRESENTATION_CONTEXT(2) 
PARAMETRIC_REPRESENTATION_CONTEXT() REPRESENTATION_CONTEXT('2D SPACE',''
  ) );
#3210 = ADVANCED_FACE('',(#3211),#2622,.F.);
#3211 = FACE_BOUND('',#3212,.F.);
#3212 = EDGE_LOOP('',(#3213,#3214,#3237,#3266,#3290,#3316));
#3213 = ORIENTED_EDGE('',*,*,#2607,.T.);
#3214 = ORIENTED_EDGE('',*,*,#3215,.T.);
#3215 = EDGE_CURVE('',#2579,#3216,#3218,.T.);
#3216 = VERTEX_POINT('',#3217);
#3217 = CARTESIAN_POINT('',(168.336333,255.8580438358,-400.071245));
#3218 = SURFACE_CURVE('',#3219,(#3223,#3230),.PCURVE_S1.);
#3219 = LINE('',#3220,#3221);
#3220 = CARTESIAN_POINT('',(168.336333,220.,-400.071245));
#3221 = VECTOR('',#3222,1.);
#3222 = DIRECTION('',(-0.,1.,0.));
#3223 = PCURVE('',#2622,#3224);
#3224 = DEFINITIONAL_REPRESENTATION('',(#3225),#3229);
#3225 = LINE('',#3226,#3227);
#3226 = CARTESIAN_POINT('',(5.,0.));
#3227 = VECTOR('',#3228,1.);
#3228 = DIRECTION('',(0.,-1.));
#3229 = ( GEOMETRIC_REPRESENTATION_CONTEXT(2) 
PARAMETRIC_REPRESENTATION_CONTEXT() REPRESENTATION_CONTEXT('2D SPACE',''
  ) );
#3230 = PCURVE('',#2595,#3231);
#3231 = DEFINITIONAL_REPRESENTATION('',(#3232),#3236);
#3232 = LINE('',#3233,#3234);
#3233 = CARTESIAN_POINT('',(0.,0.));
#3234 = VECTOR('',#3235,1.);
#3235 = DIRECTION('',(0.,1.));
#3236 = ( GEOMETRIC_REPRESENTATION_CONTEXT(2) 
PARAMETRIC_REPRESENTATION_CONTEXT() REPRESENTATION_CONTEXT('2D SPACE',''
  ) );
#3237 = ORIENTED_EDGE('',*,*,#3238,.F.);
#3238 = EDGE_CURVE('',#3239,#3216,#3241,.T.);
#3239 = VERTEX_POINT('',#3240);
#3240 = CARTESIAN_POINT('',(168.336333,270.,-385.8578643762));
#3241 = SURFACE_CURVE('',#3242,(#3247,#3254),.PCURVE_S1.);
#3242 = CIRCLE('',#3243,14.142135623731);
#3243 = AXIS2_PLACEMENT_3D('',#3244,#3245,#3246);
#3244 = CARTESIAN_POINT('',(168.336333,270.,-400.));
#3245 = DIRECTION('',(1.,0.,-0.));
#3246 = DIRECTION('',(0.,0.,1.));
#3247 = PCURVE('',#2622,#3248);
#3248 = DEFINITIONAL_REPRESENTATION('',(#3249),#3253);
#3249 = CIRCLE('',#3250,14.142135623731);
#3250 = AXIS2_PLACEMENT_2D('',#3251,#3252);
#3251 = CARTESIAN_POINT('',(5.071245,-50.));
#3252 = DIRECTION('',(1.,0.));
#3253 = ( GEOMETRIC_REPRESENTATION_CONTEXT(2) 
PARAMETRIC_REPRESENTATION_CONTEXT() REPRESENTATION_CONTEXT('2D SPACE',''
  ) );
#3254 = PCURVE('',#3255,#3260);
#3255 = CYLINDRICAL_SURFACE('',#3256,14.142135623731);
#3256 = AXIS2_PLACEMENT_3D('',#3257,#3258,#3259);
#3257 = CARTESIAN_POINT('',(105.,270.,-400.));
#3258 = DIRECTION('',(1.,0.,0.));
#3259 = DIRECTION('',(0.,0.,1.));
#3260 = DEFINITIONAL_REPRESENTATION('',(#3261),#3265);
#3261 = LINE('',#3262,#3263);
#3262 = CARTESIAN_POINT('',(0.,63.336333));
#3263 = VECTOR('',#3264,1.);
#3264 = DIRECTION('',(1.,0.));
#3265 = ( GEOMETRIC_REPRESENTATION_CONTEXT(2) 
PARAMETRIC_REPRESENTATION_CONTEXT() REPRESENTATION_CONTEXT('2D SPACE',''
  ) );
#3266 = ORIENTED_EDGE('',*,*,#3267,.F.);
#3267 = EDGE_CURVE('',#3268,#3239,#3270,.T.);
#3268 = VERTEX_POINT('',#3269);
#3269 = CARTESIAN_POINT('',(168.336333,275.,-386.7712434446));
#3270 = SURFACE_CURVE('',#3271,(#3276,#3283),.PCURVE_S1.);
#3271 = CIRCLE('',#3272,14.142135623731);
#3272 = AXIS2_PLACEMENT_3D('',#3273,#3274,#3275);
#3273 = CARTESIAN_POINT('',(168.336333,270.,-400.));
#3274 = DIRECTION('',(1.,0.,-0.));
#3275 = DIRECTION('',(0.,0.,1.));
#3276 = PCURVE('',#2622,#3277);
#3277 = DEFINITIONAL_REPRESENTATION('',(#3278),#3282);
#3278 = CIRCLE('',#3279,14.142135623731);
#3279 = AXIS2_PLACEMENT_2D('',#3280,#3281);
#3280 = CARTESIAN_POINT('',(5.071245,-50.));
#3281 = DIRECTION('',(1.,0.));
#3282 = ( GEOMETRIC_REPRESENTATION_CONTEXT(2) 
PARAMETRIC_REPRESENTATION_CONTEXT() REPRESENTATION_CONTEXT('2D SPACE',''
  ) );
#3283 = PCURVE('',#3255,#3284);
#3284 = DEFINITIONAL_REPRESENTATION('',(#3285),#3289);
#3285 = LINE('',#3286,#3287);
#3286 = CARTESIAN_POINT('',(0.,63.336333));
#3287 = VECTOR('',#3288,1.);
#3288 = DIRECTION('',(1.,0.));
#3289 = ( GEOMETRIC_REPRESENTATION_CONTEXT(2) 
PARAMETRIC_REPRESENTATION_CONTEXT() REPRESENTATION_CONTEXT('2D SPACE',''
  ) );
#3290 = ORIENTED_EDGE('',*,*,#3291,.T.);
#3291 = EDGE_CURVE('',#3268,#3162,#3292,.T.);
#3292 = SURFACE_CURVE('',#3293,(#3297,#3304),.PCURVE_S1.);
#3293 = LINE('',#3294,#3295);
#3294 = CARTESIAN_POINT('',(168.336333,275.,-405.071245));
#3295 = VECTOR('',#3296,1.);
#3296 = DIRECTION('',(0.,0.,1.));
#3297 = PCURVE('',#2622,#3298);
#3298 = DEFINITIONAL_REPRESENTATION('',(#3299),#3303);
#3299 = LINE('',#3300,#3301);
#3300 = CARTESIAN_POINT('',(0.,-55.));
#3301 = VECTOR('',#3302,1.);
#3302 = DIRECTION('',(1.,0.));
#3303 = ( GEOMETRIC_REPRESENTATION_CONTEXT(2) 
PARAMETRIC_REPRESENTATION_CONTEXT() REPRESENTATION_CONTEXT('2D SPACE',''
  ) );
#3304 = PCURVE('',#3305,#3310);
#3305 = CYLINDRICAL_SURFACE('',#3306,5.);
#3306 = AXIS2_PLACEMENT_3D('',#3307,#3308,#3309);
#3307 = CARTESIAN_POINT('',(163.336333,275.,-405.071245));
#3308 = DIRECTION('',(0.,0.,1.));
#3309 = DIRECTION('',(1.,0.,-0.));
#3310 = DEFINITIONAL_REPRESENTATION('',(#3311),#3315);
#3311 = LINE('',#3312,#3313);
#3312 = CARTESIAN_POINT('',(0.,0.));
#3313 = VECTOR('',#3314,1.);
#3314 = DIRECTION('',(0.,1.));
#3315 = ( GEOMETRIC_REPRESENTATION_CONTEXT(2) 
PARAMETRIC_REPRESENTATION_CONTEXT() REPRESENTATION_CONTEXT('2D SPACE',''
  ) );
#3316 = ORIENTED_EDGE('',*,*,#3190,.F.);
#3317 = ADVANCED_FACE('',(#3318),#2595,.F.);
#3318 = FACE_BOUND('',#3319,.F.);
#3319 = EDGE_LOOP('',(#3320,#3321,#3344,#3452));
#3320 = ORIENTED_EDGE('',*,*,#2578,.T.);
#3321 = ORIENTED_EDGE('',*,*,#3322,.T.);
#3322 = EDGE_CURVE('',#2553,#3323,#3325,.T.);
#3323 = VERTEX_POINT('',#3324);
#3324 = CARTESIAN_POINT('',(163.336333,256.79839122871,-405.071245));
#3325 = SURFACE_CURVE('',#3326,(#3330,#3337),.PCURVE_S1.);
#3326 = LINE('',#3327,#3328);
#3327 = CARTESIAN_POINT('',(163.336333,220.,-405.071245));
#3328 = VECTOR('',#3329,1.);
#3329 = DIRECTION('',(-0.,1.,0.));
#3330 = PCURVE('',#2595,#3331);
#3331 = DEFINITIONAL_REPRESENTATION('',(#3332),#3336);
#3332 = LINE('',#3333,#3334);
#3333 = CARTESIAN_POINT('',(1.570796326795,0.));
#3334 = VECTOR('',#3335,1.);
#3335 = DIRECTION('',(0.,1.));
#3336 = ( GEOMETRIC_REPRESENTATION_CONTEXT(2) 
PARAMETRIC_REPRESENTATION_CONTEXT() REPRESENTATION_CONTEXT('2D SPACE',''
  ) );
#3337 = PCURVE('',#2567,#3338);
#3338 = DEFINITIONAL_REPRESENTATION('',(#3339),#3343);
#3339 = LINE('',#3340,#3341);
#3340 = CARTESIAN_POINT('',(37.985413,0.));
#3341 = VECTOR('',#3342,1.);
#3342 = DIRECTION('',(0.,1.));
#3343 = ( GEOMETRIC_REPRESENTATION_CONTEXT(2) 
PARAMETRIC_REPRESENTATION_CONTEXT() REPRESENTATION_CONTEXT('2D SPACE',''
  ) );
#3344 = ORIENTED_EDGE('',*,*,#3345,.F.);
#3345 = EDGE_CURVE('',#3216,#3323,#3346,.T.);
#3346 = SURFACE_CURVE('',#3347,(#3380,#3416),.PCURVE_S1.);
#3347 = B_SPLINE_CURVE_WITH_KNOTS('',7,(#3348,#3349,#3350,#3351,#3352,
    #3353,#3354,#3355,#3356,#3357,#3358,#3359,#3360,#3361,#3362,#3363,
    #3364,#3365,#3366,#3367,#3368,#3369,#3370,#3371,#3372,#3373,#3374,
    #3375,#3376,#3377,#3378,#3379),.UNSPECIFIED.,.F.,.F.,(8,6,6,6,6,8),(
    0.,0.160374038926,0.262488205336,0.39604939306,0.505575365394,1.),
  .UNSPECIFIED.);
#3348 = CARTESIAN_POINT('',(168.336333,255.8580438358,-400.071245));
#3349 = CARTESIAN_POINT('',(168.336333,255.85915237161,-400.2912866141)
  );
#3350 = CARTESIAN_POINT('',(168.32503536885,255.86425347833,
    -400.5109552235));
#3351 = CARTESIAN_POINT('',(168.30250918412,255.87331776181,
    -400.7289842304));
#3352 = CARTESIAN_POINT('',(168.26905228791,255.8861849199,
    -400.9441177649));
#3353 = CARTESIAN_POINT('',(168.22518894121,255.902566942,
    -401.1551324727));
#3354 = CARTESIAN_POINT('',(168.17167173696,255.92206369739,
    -401.3608588603));
#3355 = CARTESIAN_POINT('',(168.06989368402,255.95827986382,
    -401.6871290856));
#3356 = CARTESIAN_POINT('',(168.0267467504,255.97344918673,
    -401.811593701));
#3357 = CARTESIAN_POINT('',(167.98023193206,255.98959802991,
    -401.9334879411));
#3358 = CARTESIAN_POINT('',(167.93053745454,256.00662230265,
    -402.05271299));
#3359 = CARTESIAN_POINT('',(167.8778551672,256.02441595761,
    -402.1691792816));
#3360 = CARTESIAN_POINT('',(167.8223809025,256.04287227395,
    -402.2828064662));
#3361 = CARTESIAN_POINT('',(167.68836677477,256.08675319862,
    -402.538336608));
#3362 = CARTESIAN_POINT('',(167.60797123563,256.11257788046,
    -402.6781972164));
#3363 = CARTESIAN_POINT('',(167.52348938422,256.13914953577,
    -402.81310149));
#3364 = CARTESIAN_POINT('',(167.43525827881,256.16626950324,
    -402.9430587532));
#3365 = CARTESIAN_POINT('',(167.34359120114,256.19375119802,
    -403.0680910069));
#3366 = CARTESIAN_POINT('',(167.24877798783,256.22142119928,
    -403.1882325675));
#3367 = CARTESIAN_POINT('',(167.0709731673,256.27183483389,
    -403.3980783642));
#3368 = CARTESIAN_POINT('',(166.98891090192,256.29457279094,
    -403.4893854402));
#3369 = CARTESIAN_POINT('',(166.90503097183,256.31725006685,
    -403.5774896448));
#3370 = CARTESIAN_POINT('',(166.81945519367,256.33978827216,
    -403.6624299595));
#3371 = CARTESIAN_POINT('',(166.73229480545,256.36211460401,
    -403.7442456186));
#3372 = CARTESIAN_POINT('',(166.64365047755,256.38416168016,
    -403.822976092));
#3373 = CARTESIAN_POINT('',(166.1471600422,256.50385170501,
    -404.2403199041));
#3374 = CARTESIAN_POINT('',(165.71144667731,256.59508606519,
    -404.5206382122));
#3375 = CARTESIAN_POINT('',(165.25537757097,256.67359379372,
    -404.7420639377));
#3376 = CARTESIAN_POINT('',(164.78527465185,256.73520983807,
    -404.9067681879));
#3377 = CARTESIAN_POINT('',(164.30600474186,256.77727481362,
    -405.016274435));
#3378 = CARTESIAN_POINT('',(163.82171218043,256.79839122871,-405.071245)
  );
#3379 = CARTESIAN_POINT('',(163.336333,256.79839122871,-405.071245));
#3380 = PCURVE('',#2595,#3381);
#3381 = DEFINITIONAL_REPRESENTATION('',(#3382),#3415);
#3382 = B_SPLINE_CURVE_WITH_KNOTS('',7,(#3383,#3384,#3385,#3386,#3387,
    #3388,#3389,#3390,#3391,#3392,#3393,#3394,#3395,#3396,#3397,#3398,
    #3399,#3400,#3401,#3402,#3403,#3404,#3405,#3406,#3407,#3408,#3409,
    #3410,#3411,#3412,#3413,#3414),.UNSPECIFIED.,.F.,.F.,(8,6,6,6,6,8),(
    0.,0.160374038926,0.262488205336,0.39604939306,0.505575365394,1.),
  .UNSPECIFIED.);
#3383 = CARTESIAN_POINT('',(0.,35.858043835806));
#3384 = CARTESIAN_POINT('',(4.400832283221E-02,35.859152371614));
#3385 = CARTESIAN_POINT('',(8.794204116914E-02,35.864253478338));
#3386 = CARTESIAN_POINT('',(0.131687069261,35.873317761819));
#3387 = CARTESIAN_POINT('',(0.175129265612,35.8861849199));
#3388 = CARTESIAN_POINT('',(0.218148914184,35.902566942003));
#3389 = CARTESIAN_POINT('',(0.260614859107,35.922063697392));
#3390 = CARTESIAN_POINT('',(0.328970116982,35.958279863824));
#3391 = CARTESIAN_POINT('',(0.355303433181,35.973449186738));
#3392 = CARTESIAN_POINT('',(0.381377284765,35.989598029915));
#3393 = CARTESIAN_POINT('',(0.407189638668,36.006622302651));
#3394 = CARTESIAN_POINT('',(0.432737320343,36.024415957611));
#3395 = CARTESIAN_POINT('',(0.458015948607,36.042872273954));
#3396 = CARTESIAN_POINT('',(0.515723986105,36.086753198626));
#3397 = CARTESIAN_POINT('',(0.547964044817,36.112577880462));
#3398 = CARTESIAN_POINT('',(0.579762904906,36.139149535771));
#3399 = CARTESIAN_POINT('',(0.611140841279,36.166269503244));
#3400 = CARTESIAN_POINT('',(0.6421164145,36.193751198027));
#3401 = CARTESIAN_POINT('',(0.672707339825,36.221421199289));
#3402 = CARTESIAN_POINT('',(0.727716361841,36.271834833899));
#3403 = CARTESIAN_POINT('',(0.752258864664,36.294572790943));
#3404 = CARTESIAN_POINT('',(0.776572507425,36.317250066854));
#3405 = CARTESIAN_POINT('',(0.800670186051,36.339788272164));
#3406 = CARTESIAN_POINT('',(0.824564371911,36.362114604016));
#3407 = CARTESIAN_POINT('',(0.848267434041,36.384161680163));
#3408 = CARTESIAN_POINT('',(0.977986917525,36.503851705013));
#3409 = CARTESIAN_POINT('',(1.080767746951,36.595086065199));
#3410 = CARTESIAN_POINT('',(1.181041420195,36.673593793727));
#3411 = CARTESIAN_POINT('',(1.279513304432,36.735209838077));
#3412 = CARTESIAN_POINT('',(1.376862116943,36.777274813628));
#3413 = CARTESIAN_POINT('',(1.473720490709,36.798391228719));
#3414 = CARTESIAN_POINT('',(1.570796326795,36.798391228719));
#3415 = ( GEOMETRIC_REPRESENTATION_CONTEXT(2) 
PARAMETRIC_REPRESENTATION_CONTEXT() REPRESENTATION_CONTEXT('2D SPACE',''
  ) );
#3416 = PCURVE('',#3255,#3417);
#3417 = DEFINITIONAL_REPRESENTATION('',(#3418),#3451);
#3418 = B_SPLINE_CURVE_WITH_KNOTS('',7,(#3419,#3420,#3421,#3422,#3423,
    #3424,#3425,#3426,#3427,#3428,#3429,#3430,#3431,#3432,#3433,#3434,
    #3435,#3436,#3437,#3438,#3439,#3440,#3441,#3442,#3443,#3444,#3445,
    #3446,#3447,#3448,#3449,#3450),.UNSPECIFIED.,.F.,.F.,(8,6,6,6,6,8),(
    0.,0.160374038926,0.262488205336,0.39604939306,0.505575365394,1.),
  .UNSPECIFIED.);
#3419 = CARTESIAN_POINT('',(1.575834130367,63.336333));
#3420 = CARTESIAN_POINT('',(1.591393619564,63.336333));
#3421 = CARTESIAN_POINT('',(1.606928158112,63.32503536885));
#3422 = CARTESIAN_POINT('',(1.62235431513,63.302509184122));
#3423 = CARTESIAN_POINT('',(1.637589324598,63.269052287914));
#3424 = CARTESIAN_POINT('',(1.652551685031,63.225188941216));
#3425 = CARTESIAN_POINT('',(1.667162035715,63.171671736962));
#3426 = CARTESIAN_POINT('',(1.690374518417,63.06989368402));
#3427 = CARTESIAN_POINT('',(1.699240108068,63.026746750408));
#3428 = CARTESIAN_POINT('',(1.707933900374,62.98023193206));
#3429 = CARTESIAN_POINT('',(1.716449140325,62.930537454545));
#3430 = CARTESIAN_POINT('',(1.724779508018,62.877855167207));
#3431 = CARTESIAN_POINT('',(1.732919130652,62.822380902505));
#3432 = CARTESIAN_POINT('',(1.751252323079,62.688366774776));
#3433 = CARTESIAN_POINT('',(1.761308349202,62.607971235638));
#3434 = CARTESIAN_POINT('',(1.771029736605,62.523489384222));
#3435 = CARTESIAN_POINT('',(1.780416060101,62.435258278814));
#3436 = CARTESIAN_POINT('',(1.789467473494,62.343591201145));
#3437 = CARTESIAN_POINT('',(1.798184777463,62.248777987834));
#3438 = CARTESIAN_POINT('',(1.813445313648,62.070973167302));
#3439 = CARTESIAN_POINT('',(1.820098654608,61.988910901921));
#3440 = CARTESIAN_POINT('',(1.826531311834,61.905030971839));
#3441 = CARTESIAN_POINT('',(1.832745048455,61.819455193673));
#3442 = CARTESIAN_POINT('',(1.83874160948,61.73229480545));
#3443 = CARTESIAN_POINT('',(1.844522742054,61.643650477554));
#3444 = CARTESIAN_POINT('',(1.875223031918,61.147160042203));
#3445 = CARTESIAN_POINT('',(1.89605491655,60.711446677317));
#3446 = CARTESIAN_POINT('',(1.912661652295,60.255377570974));
#3447 = CARTESIAN_POINT('',(1.925095729275,59.785274651849));
#3448 = CARTESIAN_POINT('',(1.93339065802,59.306004741861));
#3449 = CARTESIAN_POINT('',(1.937554585221,58.821712180431));
#3450 = CARTESIAN_POINT('',(1.937554585221,58.336333));
#3451 = ( GEOMETRIC_REPRESENTATION_CONTEXT(2) 
PARAMETRIC_REPRESENTATION_CONTEXT() REPRESENTATION_CONTEXT('2D SPACE',''
  ) );
#3452 = ORIENTED_EDGE('',*,*,#3215,.F.);
#3453 = ADVANCED_FACE('',(#3454),#2567,.T.);
#3454 = FACE_BOUND('',#3455,.T.);
#3455 = EDGE_LOOP('',(#3456,#3479,#3480,#3481));
#3456 = ORIENTED_EDGE('',*,*,#3457,.F.);
#3457 = EDGE_CURVE('',#2524,#3458,#3460,.T.);
#3458 = VERTEX_POINT('',#3459);
#3459 = CARTESIAN_POINT('',(130.35092,256.79839122871,-405.071245));
#3460 = SURFACE_CURVE('',#3461,(#3465,#3472),.PCURVE_S1.);
#3461 = LINE('',#3462,#3463);
#3462 = CARTESIAN_POINT('',(130.35092,220.,-405.071245));
#3463 = VECTOR('',#3464,1.);
#3464 = DIRECTION('',(-0.,1.,0.));
#3465 = PCURVE('',#2567,#3466);
#3466 = DEFINITIONAL_REPRESENTATION('',(#3467),#3471);
#3467 = LINE('',#3468,#3469);
#3468 = CARTESIAN_POINT('',(5.,0.));
#3469 = VECTOR('',#3470,1.);
#3470 = DIRECTION('',(0.,1.));
#3471 = ( GEOMETRIC_REPRESENTATION_CONTEXT(2) 
PARAMETRIC_REPRESENTATION_CONTEXT() REPRESENTATION_CONTEXT('2D SPACE',''
  ) );
#3472 = PCURVE('',#2540,#3473);
#3473 = DEFINITIONAL_REPRESENTATION('',(#3474),#3478);
#3474 = LINE('',#3475,#3476);
#3475 = CARTESIAN_POINT('',(-1.570796326795,0.));
#3476 = VECTOR('',#3477,1.);
#3477 = DIRECTION('',(-0.,1.));
#3478 = ( GEOMETRIC_REPRESENTATION_CONTEXT(2) 
PARAMETRIC_REPRESENTATION_CONTEXT() REPRESENTATION_CONTEXT('2D SPACE',''
  ) );
#3479 = ORIENTED_EDGE('',*,*,#2552,.T.);
#3480 = ORIENTED_EDGE('',*,*,#3322,.T.);
#3481 = ORIENTED_EDGE('',*,*,#3482,.F.);
#3482 = EDGE_CURVE('',#3458,#3323,#3483,.T.);
#3483 = SURFACE_CURVE('',#3484,(#3488,#3494),.PCURVE_S1.);
#3484 = LINE('',#3485,#3486);
#3485 = CARTESIAN_POINT('',(105.,256.79839122871,-405.071245));
#3486 = VECTOR('',#3487,1.);
#3487 = DIRECTION('',(1.,0.,0.));
#3488 = PCURVE('',#2567,#3489);
#3489 = DEFINITIONAL_REPRESENTATION('',(#3490),#3493);
#3490 = B_SPLINE_CURVE_WITH_KNOTS('',1,(#3491,#3492),.UNSPECIFIED.,.F.,
  .F.,(2,2),(22.0523787,61.6348743),.PIECEWISE_BEZIER_KNOTS.);
#3491 = CARTESIAN_POINT('',(1.7014587,36.798391228719));
#3492 = CARTESIAN_POINT('',(41.2839543,36.798391228719));
#3493 = ( GEOMETRIC_REPRESENTATION_CONTEXT(2) 
PARAMETRIC_REPRESENTATION_CONTEXT() REPRESENTATION_CONTEXT('2D SPACE',''
  ) );
#3494 = PCURVE('',#3255,#3495);
#3495 = DEFINITIONAL_REPRESENTATION('',(#3496),#3499);
#3496 = B_SPLINE_CURVE_WITH_KNOTS('',1,(#3497,#3498),.UNSPECIFIED.,.F.,
  .F.,(2,2),(22.0523787,61.6348743),.PIECEWISE_BEZIER_KNOTS.);
#3497 = CARTESIAN_POINT('',(1.937554585221,22.0523787));
#3498 = CARTESIAN_POINT('',(1.937554585221,61.6348743));
#3499 = ( GEOMETRIC_REPRESENTATION_CONTEXT(2) 
PARAMETRIC_REPRESENTATION_CONTEXT() REPRESENTATION_CONTEXT('2D SPACE',''
  ) );
#3500 = ADVANCED_FACE('',(#3501),#2540,.F.);
#3501 = FACE_BOUND('',#3502,.T.);
#3502 = EDGE_LOOP('',(#3503,#3504,#3505,#3615));
#3503 = ORIENTED_EDGE('',*,*,#2523,.F.);
#3504 = ORIENTED_EDGE('',*,*,#3457,.T.);
#3505 = ORIENTED_EDGE('',*,*,#3506,.F.);
#3506 = EDGE_CURVE('',#3507,#3458,#3509,.T.);
#3507 = VERTEX_POINT('',#3508);
#3508 = CARTESIAN_POINT('',(125.35092,255.8580438358,-400.071245));
#3509 = SURFACE_CURVE('',#3510,(#3543,#3579),.PCURVE_S1.);
#3510 = B_SPLINE_CURVE_WITH_KNOTS('',7,(#3511,#3512,#3513,#3514,#3515,
    #3516,#3517,#3518,#3519,#3520,#3521,#3522,#3523,#3524,#3525,#3526,
    #3527,#3528,#3529,#3530,#3531,#3532,#3533,#3534,#3535,#3536,#3537,
    #3538,#3539,#3540,#3541,#3542),.UNSPECIFIED.,.F.,.F.,(8,6,6,6,6,8),(
    0.,0.160374038923,0.262488205334,0.396049393059,0.505575365394,1.),
  .UNSPECIFIED.);
#3511 = CARTESIAN_POINT('',(125.35092,255.8580438358,-400.071245));
#3512 = CARTESIAN_POINT('',(125.35092,255.85915237161,-400.2912866141));
#3513 = CARTESIAN_POINT('',(125.36221763115,255.86425347833,
    -400.5109552235));
#3514 = CARTESIAN_POINT('',(125.38474381587,255.87331776181,
    -400.7289842304));
#3515 = CARTESIAN_POINT('',(125.41820071208,255.8861849199,
    -400.9441177649));
#3516 = CARTESIAN_POINT('',(125.46206405878,255.902566942,
    -401.1551324727));
#3517 = CARTESIAN_POINT('',(125.51558126303,255.92206369739,
    -401.3608588603));
#3518 = CARTESIAN_POINT('',(125.61735931598,255.95827986382,
    -401.6871290856));
#3519 = CARTESIAN_POINT('',(125.66050624959,255.97344918673,
    -401.811593701));
#3520 = CARTESIAN_POINT('',(125.70702106793,255.98959802991,
    -401.9334879411));
#3521 = CARTESIAN_POINT('',(125.75671554545,256.00662230265,
    -402.05271299));
#3522 = CARTESIAN_POINT('',(125.80939783279,256.02441595761,
    -402.1691792816));
#3523 = CARTESIAN_POINT('',(125.86487209749,256.04287227395,
    -402.2828064662));
#3524 = CARTESIAN_POINT('',(125.99888622522,256.08675319862,
    -402.538336608));
#3525 = CARTESIAN_POINT('',(126.07928176436,256.11257788046,
    -402.6781972164));
#3526 = CARTESIAN_POINT('',(126.16376361577,256.13914953577,
    -402.81310149));
#3527 = CARTESIAN_POINT('',(126.25199472118,256.16626950324,
    -402.9430587532));
#3528 = CARTESIAN_POINT('',(126.34366179885,256.19375119802,
    -403.0680910069));
#3529 = CARTESIAN_POINT('',(126.43847501216,256.22142119928,
    -403.1882325675));
#3530 = CARTESIAN_POINT('',(126.61627983269,256.27183483389,
    -403.3980783642));
#3531 = CARTESIAN_POINT('',(126.69834209807,256.29457279094,
    -403.4893854402));
#3532 = CARTESIAN_POINT('',(126.78222202816,256.31725006685,
    -403.5774896448));
#3533 = CARTESIAN_POINT('',(126.86779780632,256.33978827216,
    -403.6624299595));
#3534 = CARTESIAN_POINT('',(126.95495819455,256.36211460401,
    -403.7442456186));
#3535 = CARTESIAN_POINT('',(127.04360252244,256.38416168016,
    -403.822976092));
#3536 = CARTESIAN_POINT('',(127.54009295779,256.50385170501,
    -404.2403199041));
#3537 = CARTESIAN_POINT('',(127.97580632268,256.59508606519,
    -404.5206382122));
#3538 = CARTESIAN_POINT('',(128.43187542902,256.67359379372,
    -404.7420639377));
#3539 = CARTESIAN_POINT('',(128.90197834815,256.73520983807,
    -404.9067681879));
#3540 = CARTESIAN_POINT('',(129.38124825813,256.77727481362,
    -405.016274435));
#3541 = CARTESIAN_POINT('',(129.86554081956,256.79839122871,-405.071245)
  );
#3542 = CARTESIAN_POINT('',(130.35092,256.79839122871,-405.071245));
#3543 = PCURVE('',#2540,#3544);
#3544 = DEFINITIONAL_REPRESENTATION('',(#3545),#3578);
#3545 = B_SPLINE_CURVE_WITH_KNOTS('',7,(#3546,#3547,#3548,#3549,#3550,
    #3551,#3552,#3553,#3554,#3555,#3556,#3557,#3558,#3559,#3560,#3561,
    #3562,#3563,#3564,#3565,#3566,#3567,#3568,#3569,#3570,#3571,#3572,
    #3573,#3574,#3575,#3576,#3577),.UNSPECIFIED.,.F.,.F.,(8,6,6,6,6,8),(
    0.,0.160374038923,0.262488205334,0.396049393059,0.505575365394,1.),
  .UNSPECIFIED.);
#3546 = CARTESIAN_POINT('',(0.,35.858043835806));
#3547 = CARTESIAN_POINT('',(-4.400832283223E-02,35.859152371614));
#3548 = CARTESIAN_POINT('',(-8.794204116912E-02,35.864253478338));
#3549 = CARTESIAN_POINT('',(-0.131687069261,35.873317761819));
#3550 = CARTESIAN_POINT('',(-0.175129265612,35.8861849199));
#3551 = CARTESIAN_POINT('',(-0.218148914184,35.902566942003));
#3552 = CARTESIAN_POINT('',(-0.260614859107,35.922063697392));
#3553 = CARTESIAN_POINT('',(-0.328970116982,35.958279863825));
#3554 = CARTESIAN_POINT('',(-0.355303433181,35.973449186738));
#3555 = CARTESIAN_POINT('',(-0.381377284765,35.989598029915));
#3556 = CARTESIAN_POINT('',(-0.407189638668,36.006622302651));
#3557 = CARTESIAN_POINT('',(-0.432737320343,36.024415957611));
#3558 = CARTESIAN_POINT('',(-0.458015948608,36.042872273955));
#3559 = CARTESIAN_POINT('',(-0.515723986105,36.086753198626));
#3560 = CARTESIAN_POINT('',(-0.547964044817,36.112577880462));
#3561 = CARTESIAN_POINT('',(-0.579762904906,36.139149535771));
#3562 = CARTESIAN_POINT('',(-0.611140841279,36.166269503244));
#3563 = CARTESIAN_POINT('',(-0.6421164145,36.193751198027));
#3564 = CARTESIAN_POINT('',(-0.672707339825,36.221421199289));
#3565 = CARTESIAN_POINT('',(-0.727716361841,36.271834833899));
#3566 = CARTESIAN_POINT('',(-0.752258864664,36.294572790943));
#3567 = CARTESIAN_POINT('',(-0.776572507425,36.317250066854));
#3568 = CARTESIAN_POINT('',(-0.800670186051,36.339788272164));
#3569 = CARTESIAN_POINT('',(-0.824564371911,36.362114604016));
#3570 = CARTESIAN_POINT('',(-0.848267434041,36.384161680163));
#3571 = CARTESIAN_POINT('',(-0.977986917525,36.503851705013));
#3572 = CARTESIAN_POINT('',(-1.080767746951,36.595086065199));
#3573 = CARTESIAN_POINT('',(-1.181041420196,36.673593793727));
#3574 = CARTESIAN_POINT('',(-1.279513304432,36.735209838077));
#3575 = CARTESIAN_POINT('',(-1.376862116943,36.777274813629));
#3576 = CARTESIAN_POINT('',(-1.473720490709,36.798391228719));
#3577 = CARTESIAN_POINT('',(-1.570796326795,36.798391228719));
#3578 = ( GEOMETRIC_REPRESENTATION_CONTEXT(2) 
PARAMETRIC_REPRESENTATION_CONTEXT() REPRESENTATION_CONTEXT('2D SPACE',''
  ) );
#3579 = PCURVE('',#3255,#3580);
#3580 = DEFINITIONAL_REPRESENTATION('',(#3581),#3614);
#3581 = B_SPLINE_CURVE_WITH_KNOTS('',7,(#3582,#3583,#3584,#3585,#3586,
    #3587,#3588,#3589,#3590,#3591,#3592,#3593,#3594,#3595,#3596,#3597,
    #3598,#3599,#3600,#3601,#3602,#3603,#3604,#3605,#3606,#3607,#3608,
    #3609,#3610,#3611,#3612,#3613),.UNSPECIFIED.,.F.,.F.,(8,6,6,6,6,8),(
    0.,0.160374038923,0.262488205334,0.396049393059,0.505575365394,1.),
  .UNSPECIFIED.);
#3582 = CARTESIAN_POINT('',(1.575834130367,20.35092));
#3583 = CARTESIAN_POINT('',(1.591393619564,20.35092));
#3584 = CARTESIAN_POINT('',(1.606928158112,20.36221763115));
#3585 = CARTESIAN_POINT('',(1.62235431513,20.384743815878));
#3586 = CARTESIAN_POINT('',(1.637589324598,20.418200712086));
#3587 = CARTESIAN_POINT('',(1.652551685031,20.462064058784));
#3588 = CARTESIAN_POINT('',(1.667162035715,20.515581263038));
#3589 = CARTESIAN_POINT('',(1.690374518417,20.61735931598));
#3590 = CARTESIAN_POINT('',(1.699240108068,20.660506249592));
#3591 = CARTESIAN_POINT('',(1.707933900374,20.707021067939));
#3592 = CARTESIAN_POINT('',(1.716449140325,20.756715545454));
#3593 = CARTESIAN_POINT('',(1.724779508018,20.809397832793));
#3594 = CARTESIAN_POINT('',(1.732919130652,20.864872097496));
#3595 = CARTESIAN_POINT('',(1.751252323079,20.998886225223));
#3596 = CARTESIAN_POINT('',(1.761308349202,21.079281764361));
#3597 = CARTESIAN_POINT('',(1.771029736605,21.163763615779));
#3598 = CARTESIAN_POINT('',(1.780416060101,21.251994721187));
#3599 = CARTESIAN_POINT('',(1.789467473494,21.343661798855));
#3600 = CARTESIAN_POINT('',(1.798184777463,21.438475012165));
#3601 = CARTESIAN_POINT('',(1.813445313648,21.616279832698));
#3602 = CARTESIAN_POINT('',(1.820098654608,21.698342098079));
#3603 = CARTESIAN_POINT('',(1.826531311834,21.782222028161));
#3604 = CARTESIAN_POINT('',(1.832745048455,21.867797806327));
#3605 = CARTESIAN_POINT('',(1.83874160948,21.95495819455));
#3606 = CARTESIAN_POINT('',(1.844522742054,22.043602522446));
#3607 = CARTESIAN_POINT('',(1.875223031918,22.540092957797));
#3608 = CARTESIAN_POINT('',(1.89605491655,22.975806322682));
#3609 = CARTESIAN_POINT('',(1.912661652295,23.431875429027));
#3610 = CARTESIAN_POINT('',(1.925095729275,23.90197834815));
#3611 = CARTESIAN_POINT('',(1.93339065802,24.381248258139));
#3612 = CARTESIAN_POINT('',(1.937554585221,24.865540819569));
#3613 = CARTESIAN_POINT('',(1.937554585221,25.35092));
#3614 = ( GEOMETRIC_REPRESENTATION_CONTEXT(2) 
PARAMETRIC_REPRESENTATION_CONTEXT() REPRESENTATION_CONTEXT('2D SPACE',''
  ) );
#3615 = ORIENTED_EDGE('',*,*,#3616,.F.);
#3616 = EDGE_CURVE('',#2498,#3507,#3617,.T.);
#3617 = SURFACE_CURVE('',#3618,(#3622,#3629),.PCURVE_S1.);
#3618 = LINE('',#3619,#3620);
#3619 = CARTESIAN_POINT('',(125.35092,220.,-400.071245));
#3620 = VECTOR('',#3621,1.);
#3621 = DIRECTION('',(-0.,1.,0.));
#3622 = PCURVE('',#2540,#3623);
#3623 = DEFINITIONAL_REPRESENTATION('',(#3624),#3628);
#3624 = LINE('',#3625,#3626);
#3625 = CARTESIAN_POINT('',(-0.,0.));
#3626 = VECTOR('',#3627,1.);
#3627 = DIRECTION('',(-0.,1.));
#3628 = ( GEOMETRIC_REPRESENTATION_CONTEXT(2) 
PARAMETRIC_REPRESENTATION_CONTEXT() REPRESENTATION_CONTEXT('2D SPACE',''
  ) );
#3629 = PCURVE('',#2512,#3630);
#3630 = DEFINITIONAL_REPRESENTATION('',(#3631),#3635);
#3631 = LINE('',#3632,#3633);
#3632 = CARTESIAN_POINT('',(5.,0.));
#3633 = VECTOR('',#3634,1.);
#3634 = DIRECTION('',(0.,-1.));
#3635 = ( GEOMETRIC_REPRESENTATION_CONTEXT(2) 
PARAMETRIC_REPRESENTATION_CONTEXT() REPRESENTATION_CONTEXT('2D SPACE',''
  ) );
#3636 = ADVANCED_FACE('',(#3637),#2512,.T.);
#3637 = FACE_BOUND('',#3638,.T.);
#3638 = EDGE_LOOP('',(#3639,#3640,#3641,#3665,#3689,#3715));
#3639 = ORIENTED_EDGE('',*,*,#2497,.T.);
#3640 = ORIENTED_EDGE('',*,*,#3616,.T.);
#3641 = ORIENTED_EDGE('',*,*,#3642,.F.);
#3642 = EDGE_CURVE('',#3643,#3507,#3645,.T.);
#3643 = VERTEX_POINT('',#3644);
#3644 = CARTESIAN_POINT('',(125.35092,270.,-385.8578643762));
#3645 = SURFACE_CURVE('',#3646,(#3651,#3658),.PCURVE_S1.);
#3646 = CIRCLE('',#3647,14.142135623731);
#3647 = AXIS2_PLACEMENT_3D('',#3648,#3649,#3650);
#3648 = CARTESIAN_POINT('',(125.35092,270.,-400.));
#3649 = DIRECTION('',(1.,0.,-0.));
#3650 = DIRECTION('',(0.,0.,1.));
#3651 = PCURVE('',#2512,#3652);
#3652 = DEFINITIONAL_REPRESENTATION('',(#3653),#3657);
#3653 = CIRCLE('',#3654,14.142135623731);
#3654 = AXIS2_PLACEMENT_2D('',#3655,#3656);
#3655 = CARTESIAN_POINT('',(5.071245,-50.));
#3656 = DIRECTION('',(1.,0.));
#3657 = ( GEOMETRIC_REPRESENTATION_CONTEXT(2) 
PARAMETRIC_REPRESENTATION_CONTEXT() REPRESENTATION_CONTEXT('2D SPACE',''
  ) );
#3658 = PCURVE('',#3255,#3659);
#3659 = DEFINITIONAL_REPRESENTATION('',(#3660),#3664);
#3660 = LINE('',#3661,#3662);
#3661 = CARTESIAN_POINT('',(0.,20.35092));
#3662 = VECTOR('',#3663,1.);
#3663 = DIRECTION('',(1.,0.));
#3664 = ( GEOMETRIC_REPRESENTATION_CONTEXT(2) 
PARAMETRIC_REPRESENTATION_CONTEXT() REPRESENTATION_CONTEXT('2D SPACE',''
  ) );
#3665 = ORIENTED_EDGE('',*,*,#3666,.F.);
#3666 = EDGE_CURVE('',#3667,#3643,#3669,.T.);
#3667 = VERTEX_POINT('',#3668);
#3668 = CARTESIAN_POINT('',(125.35092,275.,-386.7712434446));
#3669 = SURFACE_CURVE('',#3670,(#3675,#3682),.PCURVE_S1.);
#3670 = CIRCLE('',#3671,14.142135623731);
#3671 = AXIS2_PLACEMENT_3D('',#3672,#3673,#3674);
#3672 = CARTESIAN_POINT('',(125.35092,270.,-400.));
#3673 = DIRECTION('',(1.,0.,-0.));
#3674 = DIRECTION('',(0.,0.,1.));
#3675 = PCURVE('',#2512,#3676);
#3676 = DEFINITIONAL_REPRESENTATION('',(#3677),#3681);
#3677 = CIRCLE('',#3678,14.142135623731);
#3678 = AXIS2_PLACEMENT_2D('',#3679,#3680);
#3679 = CARTESIAN_POINT('',(5.071245,-50.));
#3680 = DIRECTION('',(1.,0.));
#3681 = ( GEOMETRIC_REPRESENTATION_CONTEXT(2) 
PARAMETRIC_REPRESENTATION_CONTEXT() REPRESENTATION_CONTEXT('2D SPACE',''
  ) );
#3682 = PCURVE('',#3255,#3683);
#3683 = DEFINITIONAL_REPRESENTATION('',(#3684),#3688);
#3684 = LINE('',#3685,#3686);
#3685 = CARTESIAN_POINT('',(0.,20.35092));
#3686 = VECTOR('',#3687,1.);
#3687 = DIRECTION('',(1.,0.));
#3688 = ( GEOMETRIC_REPRESENTATION_CONTEXT(2) 
PARAMETRIC_REPRESENTATION_CONTEXT() REPRESENTATION_CONTEXT('2D SPACE',''
  ) );
#3689 = ORIENTED_EDGE('',*,*,#3690,.T.);
#3690 = EDGE_CURVE('',#3667,#3053,#3691,.T.);
#3691 = SURFACE_CURVE('',#3692,(#3696,#3703),.PCURVE_S1.);
#3692 = LINE('',#3693,#3694);
#3693 = CARTESIAN_POINT('',(125.35092,275.,-405.071245));
#3694 = VECTOR('',#3695,1.);
#3695 = DIRECTION('',(0.,0.,1.));
#3696 = PCURVE('',#2512,#3697);
#3697 = DEFINITIONAL_REPRESENTATION('',(#3698),#3702);
#3698 = LINE('',#3699,#3700);
#3699 = CARTESIAN_POINT('',(0.,-55.));
#3700 = VECTOR('',#3701,1.);
#3701 = DIRECTION('',(1.,0.));
#3702 = ( GEOMETRIC_REPRESENTATION_CONTEXT(2) 
PARAMETRIC_REPRESENTATION_CONTEXT() REPRESENTATION_CONTEXT('2D SPACE',''
  ) );
#3703 = PCURVE('',#3704,#3709);
#3704 = CYLINDRICAL_SURFACE('',#3705,5.);
#3705 = AXIS2_PLACEMENT_3D('',#3706,#3707,#3708);
#3706 = CARTESIAN_POINT('',(130.35092,275.,-405.071245));
#3707 = DIRECTION('',(0.,0.,1.));
#3708 = DIRECTION('',(-1.,-0.,0.));
#3709 = DEFINITIONAL_REPRESENTATION('',(#3710),#3714);
#3710 = LINE('',#3711,#3712);
#3711 = CARTESIAN_POINT('',(-0.,0.));
#3712 = VECTOR('',#3713,1.);
#3713 = DIRECTION('',(-0.,1.));
#3714 = ( GEOMETRIC_REPRESENTATION_CONTEXT(2) 
PARAMETRIC_REPRESENTATION_CONTEXT() REPRESENTATION_CONTEXT('2D SPACE',''
  ) );
#3715 = ORIENTED_EDGE('',*,*,#3081,.F.);
#3716 = ADVANCED_FACE('',(#3717),#2782,.T.);
#3717 = FACE_BOUND('',#3718,.F.);
#3718 = EDGE_LOOP('',(#3719,#3720,#3721,#3889,#3890,#3891));
#3719 = ORIENTED_EDGE('',*,*,#2880,.F.);
#3720 = ORIENTED_EDGE('',*,*,#2855,.T.);
#3721 = ORIENTED_EDGE('',*,*,#3722,.F.);
#3722 = EDGE_CURVE('',#2767,#2828,#3723,.T.);
#3723 = SURFACE_CURVE('',#3724,(#3777,#3833),.PCURVE_S1.);
#3724 = B_SPLINE_CURVE_WITH_KNOTS('',6,(#3725,#3726,#3727,#3728,#3729,
    #3730,#3731,#3732,#3733,#3734,#3735,#3736,#3737,#3738,#3739,#3740,
    #3741,#3742,#3743,#3744,#3745,#3746,#3747,#3748,#3749,#3750,#3751,
    #3752,#3753,#3754,#3755,#3756,#3757,#3758,#3759,#3760,#3761,#3762,
    #3763,#3764,#3765,#3766,#3767,#3768,#3769,#3770,#3771,#3772,#3773,
    #3774,#3775,#3776),.UNSPECIFIED.,.F.,.F.,(7,5,5,5,5,5,5,5,5,5,7),(0.
    ,0.194260901437,0.296488611729,0.373222640762,0.500354654782,
    0.701436061532,0.805707742581,0.973622398287,0.988656212228,
    0.995574003893,1.),.UNSPECIFIED.);
#3725 = CARTESIAN_POINT('',(300.,285.00000025962,-388.1079296425));
#3726 = CARTESIAN_POINT('',(299.99999975436,285.26283550916,
    -388.8625295039));
#3727 = CARTESIAN_POINT('',(299.98342137826,285.50686878436,
    -389.620608263));
#3728 = CARTESIAN_POINT('',(299.95470489957,285.73161309753,
    -390.381760082));
#3729 = CARTESIAN_POINT('',(299.91758285907,285.93667544486,
    -391.1456526004));
#3730 = CARTESIAN_POINT('',(299.87552944684,286.12173656334,
    -391.9120296104));
#3731 = CARTESIAN_POINT('',(299.80856101955,286.37324217266,
    -393.085222763));
#3732 = CARTESIAN_POINT('',(299.78496609413,286.45434380028,
    -393.490362938));
#3733 = CARTESIAN_POINT('',(299.76131967141,286.52978840101,
    -393.8960984114));
#3734 = CARTESIAN_POINT('',(299.7380496879,286.59953760847,-394.30239218
    ));
#3735 = CARTESIAN_POINT('',(299.71555208754,286.66355609195,
    -394.709203968));
#3736 = CARTESIAN_POINT('',(299.67814464448,286.76554016906,
    -395.4222063203));
#3737 = CARTESIAN_POINT('',(299.66274166368,286.80602145045,
    -395.728189603));
#3738 = CARTESIAN_POINT('',(299.64812582231,286.84324248908,
    -396.0344207515));
#3739 = CARTESIAN_POINT('',(299.63443523291,286.87719092075,
    -396.3408791265));
#3740 = CARTESIAN_POINT('',(299.62179270334,286.90785571462,
    -396.6475423513));
#3741 = CARTESIAN_POINT('',(299.59126732789,286.98057648818,
    -397.4627614483));
#3742 = CARTESIAN_POINT('',(299.57539577836,287.01688636686,
    -397.9716346762));
#3743 = CARTESIAN_POINT('',(299.56316778036,287.04411350853,
    -398.4808918716));
#3744 = CARTESIAN_POINT('',(299.55492133346,287.06222722551,
    -398.990411641));
#3745 = CARTESIAN_POINT('',(299.55083324359,287.0712114366,
    -399.5000648429));
#3746 = CARTESIAN_POINT('',(299.55100361079,287.07083707682,
    -400.8158133559));
#3747 = CARTESIAN_POINT('',(299.56150050215,287.04776922869,
    -401.6219239892));
#3748 = CARTESIAN_POINT('',(299.58239096022,287.00186179791,
    -402.4274829541));
#3749 = CARTESIAN_POINT('',(299.61256097595,286.93322017276,
    -403.2319995085));
#3750 = CARTESIAN_POINT('',(299.64989831738,286.84203007201,
    -404.0350497761));
#3751 = CARTESIAN_POINT('',(299.71339462745,286.66968405611,
    -405.2517442129));
#3752 = CARTESIAN_POINT('',(299.73628097898,286.60483375752,
    -405.6667301789));
#3753 = CARTESIAN_POINT('',(299.75999454347,286.53401917689,
    -406.0811796094));
#3754 = CARTESIAN_POINT('',(299.78411641693,286.45727769061,
    -406.4950496085));
#3755 = CARTESIAN_POINT('',(299.80819291789,286.37464996738,
    -406.9083008616));
#3756 = CARTESIAN_POINT('',(299.86966765771,286.14371004537,
    -407.9853248726));
#3757 = CARTESIAN_POINT('',(299.9062261565,285.9860920431,
    -408.6480384827));
#3758 = CARTESIAN_POINT('',(299.93941083107,285.81350273073,
    -409.3089109189));
#3759 = CARTESIAN_POINT('',(299.96701084922,285.62614599617,
    -409.9677803341));
#3760 = CARTESIAN_POINT('',(299.98666143995,285.42426251958,
    -410.6244495547));
#3761 = CARTESIAN_POINT('',(299.99647218933,285.18878755505,
    -411.3372645173));
#3762 = CARTESIAN_POINT('',(299.99719304615,285.1693232493,
    -411.3958205823));
#3763 = CARTESIAN_POINT('',(299.99782662482,285.14974503682,
    -411.4543568625));
#3764 = CARTESIAN_POINT('',(299.99837096726,285.13005313598,
    -411.5128731625));
#3765 = CARTESIAN_POINT('',(299.99882409268,285.11024776994,
    -411.5713692806));
#3766 = CARTESIAN_POINT('',(299.9993496074,285.08116364484,
    -411.6567525461));
#3767 = CARTESIAN_POINT('',(299.99949505175,285.07199778865,
    -411.6835863592));
#3768 = CARTESIAN_POINT('',(299.9996203299,285.06283165301,
    -411.7103470541));
#3769 = CARTESIAN_POINT('',(299.99972544129,285.05366529291,
    -411.7370352225));
#3770 = CARTESIAN_POINT('',(299.99981038556,285.04449876332,
    -411.763651442));
#3771 = CARTESIAN_POINT('',(299.99991660684,285.02946730954,
    -411.8071796345));
#3772 = CARTESIAN_POINT('',(299.99994986279,285.02359290132,
    -411.8241612171));
#3773 = CARTESIAN_POINT('',(299.9999748804,285.01770905716,
    -411.8411410578));
#3774 = CARTESIAN_POINT('',(299.99999160944,285.01181578995,
    -411.8581191551));
#3775 = CARTESIAN_POINT('',(299.99999999951,285.00591296279,
    -411.8750954729));
#3776 = CARTESIAN_POINT('',(300.,285.00000028905,-411.8920699399));
#3777 = PCURVE('',#2782,#3778);
#3778 = DEFINITIONAL_REPRESENTATION('',(#3779),#3832);
#3779 = B_SPLINE_CURVE_WITH_KNOTS('',6,(#3780,#3781,#3782,#3783,#3784,
    #3785,#3786,#3787,#3788,#3789,#3790,#3791,#3792,#3793,#3794,#3795,
    #3796,#3797,#3798,#3799,#3800,#3801,#3802,#3803,#3804,#3805,#3806,
    #3807,#3808,#3809,#3810,#3811,#3812,#3813,#3814,#3815,#3816,#3817,
    #3818,#3819,#3820,#3821,#3822,#3823,#3824,#3825,#3826,#3827,#3828,
    #3829,#3830,#3831),.UNSPECIFIED.,.F.,.F.,(7,5,5,5,5,5,5,5,5,5,7),(0.
    ,0.194260901437,0.296488611729,0.373222640762,0.500354654782,
    0.701436061532,0.805707742581,0.973622398287,0.988656212228,
    0.995574003893,1.),.UNSPECIFIED.);
#3780 = CARTESIAN_POINT('',(-5.192540584414E-08,-56.89207035743));
#3781 = CARTESIAN_POINT('',(-5.256704199443E-02,-56.13747049601));
#3782 = CARTESIAN_POINT('',(-0.101374054759,-55.3793917369));
#3783 = CARTESIAN_POINT('',(-0.146583247175,-54.61823991796));
#3784 = CARTESIAN_POINT('',(-0.188195968394,-53.85434739952));
#3785 = CARTESIAN_POINT('',(-0.226126233488,-53.08797038954));
#3786 = CARTESIAN_POINT('',(-0.278179991,-51.91477723693));
#3787 = CARTESIAN_POINT('',(-0.295068400873,-51.50963706193));
#3788 = CARTESIAN_POINT('',(-0.310876554209,-51.10390158853));
#3789 = CARTESIAN_POINT('',(-0.325579285821,-50.69760781994));
#3790 = CARTESIAN_POINT('',(-0.339149331021,-50.29079603196));
#3791 = CARTESIAN_POINT('',(-0.360874955322,-49.57779367965));
#3792 = CARTESIAN_POINT('',(-0.369536860945,-49.27181039699));
#3793 = CARTESIAN_POINT('',(-0.377533839253,-48.96557924847));
#3794 = CARTESIAN_POINT('',(-0.384854497524,-48.65912087348));
#3795 = CARTESIAN_POINT('',(-0.391488103076,-48.35245764867));
#3796 = CARTESIAN_POINT('',(-0.40726163718,-47.53723855169));
#3797 = CARTESIAN_POINT('',(-0.415186277745,-47.02836532378));
#3798 = CARTESIAN_POINT('',(-0.421155411823,-46.51910812834));
#3799 = CARTESIAN_POINT('',(-0.425136087635,-46.00958835892));
#3800 = CARTESIAN_POINT('',(-0.427110146048,-45.49993515706));
#3801 = CARTESIAN_POINT('',(-0.427027885431,-44.18418664405));
#3802 = CARTESIAN_POINT('',(-0.421959192546,-43.37807601071));
#3803 = CARTESIAN_POINT('',(-0.411871416643,-42.57251704587));
#3804 = CARTESIAN_POINT('',(-0.396877669842,-41.7680004914));
#3805 = CARTESIAN_POINT('',(-0.377182682391,-40.96495022382));
#3806 = CARTESIAN_POINT('',(-0.340448539913,-39.74825578702));
#3807 = CARTESIAN_POINT('',(-0.326695789398,-39.33326982108));
#3808 = CARTESIAN_POINT('',(-0.311762975522,-38.9188203905));
#3809 = CARTESIAN_POINT('',(-0.295679118889,-38.5049503914));
#3810 = CARTESIAN_POINT('',(-0.278471012849,-38.09169913836));
#3811 = CARTESIAN_POINT('',(-0.230674614984,-37.01467512739));
#3812 = CARTESIAN_POINT('',(-0.198330938612,-36.35196151728));
#3813 = CARTESIAN_POINT('',(-0.163221505975,-35.69108908102));
#3814 = CARTESIAN_POINT('',(-0.125407387698,-35.03221966582));
#3815 = CARTESIAN_POINT('',(-8.490203569247E-02,-34.37555044522));
#3816 = CARTESIAN_POINT('',(-3.776618533298E-02,-33.66273548265));
#3817 = CARTESIAN_POINT('',(-3.387069697058E-02,-33.60417941761));
#3818 = CARTESIAN_POINT('',(-2.995306914203E-02,-33.54564313744));
#3819 = CARTESIAN_POINT('',(-2.601325111826E-02,-33.48712683747));
#3820 = CARTESIAN_POINT('',(-2.205118708938E-02,-33.42863071933));
#3821 = CARTESIAN_POINT('',(-1.623341260643E-02,-33.34324745388));
#3822 = CARTESIAN_POINT('',(-1.440001502772E-02,-33.31641364072));
#3823 = CARTESIAN_POINT('',(-1.2566623339E-02,-33.28965294581));
#3824 = CARTESIAN_POINT('',(-1.07332374461E-02,-33.26296477746));
#3825 = CARTESIAN_POINT('',(-8.899857250282E-03,-33.23634855797));
#3826 = CARTESIAN_POINT('',(-5.893491433136E-03,-33.19282036543));
#3827 = CARTESIAN_POINT('',(-4.718592122837E-03,-33.17583878284));
#3828 = CARTESIAN_POINT('',(-3.541814410511E-03,-33.15885894219));
#3829 = CARTESIAN_POINT('',(-2.363157990534E-03,-33.14188084481));
#3830 = CARTESIAN_POINT('',(-1.182592558453E-03,-33.124904527));
#3831 = CARTESIAN_POINT('',(-5.781098480194E-08,-33.10793006003));
#3832 = ( GEOMETRIC_REPRESENTATION_CONTEXT(2) 
PARAMETRIC_REPRESENTATION_CONTEXT() REPRESENTATION_CONTEXT('2D SPACE',''
  ) );
#3833 = PCURVE('',#2815,#3834);
#3834 = DEFINITIONAL_REPRESENTATION('',(#3835),#3888);
#3835 = B_SPLINE_CURVE_WITH_KNOTS('',6,(#3836,#3837,#3838,#3839,#3840,
    #3841,#3842,#3843,#3844,#3845,#3846,#3847,#3848,#3849,#3850,#3851,
    #3852,#3853,#3854,#3855,#3856,#3857,#3858,#3859,#3860,#3861,#3862,
    #3863,#3864,#3865,#3866,#3867,#3868,#3869,#3870,#3871,#3872,#3873,
    #3874,#3875,#3876,#3877,#3878,#3879,#3880,#3881,#3882,#3883,#3884,
    #3885,#3886,#3887),.UNSPECIFIED.,.F.,.F.,(7,5,5,5,5,5,5,5,5,5,7),(0.
    ,0.194260901437,0.296488611729,0.373222640762,0.500354654782,
    0.701436061532,0.805707742581,0.973622398287,0.988656212228,
    0.995574003893,1.),.UNSPECIFIED.);
#3836 = CARTESIAN_POINT('',(-5.382727105237,4.712388922594));
#3837 = CARTESIAN_POINT('',(-5.343306221045,4.659821954759));
#3838 = CARTESIAN_POINT('',(-5.303054070136,4.611014902074));
#3839 = CARTESIAN_POINT('',(-5.262015678256,4.565805751534));
#3840 = CARTESIAN_POINT('',(-5.220244101706,4.524193005748));
#3841 = CARTESIAN_POINT('',(-5.177800071758,4.486262746948));
#3842 = CARTESIAN_POINT('',(-5.112095619775,4.434208989437));
#3843 = CARTESIAN_POINT('',(-5.089273795523,4.417320579564));
#3844 = CARTESIAN_POINT('',(-5.066294850138,4.401512426229));
#3845 = CARTESIAN_POINT('',(-5.043169910184,4.386809694617));
#3846 = CARTESIAN_POINT('',(-5.01991102072,4.373239649418));
#3847 = CARTESIAN_POINT('',(-4.978981680239,4.351514025117));
#3848 = CARTESIAN_POINT('',(-4.961364087696,4.342852119494));
#3849 = CARTESIAN_POINT('',(-4.943683796231,4.334855141186));
#3850 = CARTESIAN_POINT('',(-4.925946590174,4.327534482916));
#3851 = CARTESIAN_POINT('',(-4.908158531209,4.320900877364));
#3852 = CARTESIAN_POINT('',(-4.860781100786,4.30512734326));
#3853 = CARTESIAN_POINT('',(-4.831113889098,4.297202702696));
#3854 = CARTESIAN_POINT('',(-4.801353228568,4.291233568617));
#3855 = CARTESIAN_POINT('',(-4.771529598597,4.287252892805));
#3856 = CARTESIAN_POINT('',(-4.741674501453,4.285278834393));
#3857 = CARTESIAN_POINT('',(-4.664599744268,4.285361095009));
#3858 = CARTESIAN_POINT('',(-4.617379644445,4.290429787894));
#3859 = CARTESIAN_POINT('',(-4.570287366177,4.300517563797));
#3860 = CARTESIAN_POINT('',(-4.523446477542,4.315511310598));
#3861 = CARTESIAN_POINT('',(-4.476970353714,4.335206298048));
#3862 = CARTESIAN_POINT('',(-4.407099993442,4.371940440525));
#3863 = CARTESIAN_POINT('',(-4.383365613754,4.38569319104));
#3864 = CARTESIAN_POINT('',(-4.359769874249,4.400626004916));
#3865 = CARTESIAN_POINT('',(-4.336325595572,4.416709861549));
#3866 = CARTESIAN_POINT('',(-4.313044603505,4.433917967588));
#3867 = CARTESIAN_POINT('',(-4.252727250891,4.481714365452));
#3868 = CARTESIAN_POINT('',(-4.215969096486,4.514058041823));
#3869 = CARTESIAN_POINT('',(-4.179706855514,4.549167474459));
#3870 = CARTESIAN_POINT('',(-4.14398041514,4.586981592736));
#3871 = CARTESIAN_POINT('',(-4.108825097623,4.62748694474));
#3872 = CARTESIAN_POINT('',(-4.071177741425,4.674622795098));
#3873 = CARTESIAN_POINT('',(-4.068088894074,4.678518283461));
#3874 = CARTESIAN_POINT('',(-4.065004898842,4.682435911289));
#3875 = CARTESIAN_POINT('',(-4.061925778778,4.686375729313));
#3876 = CARTESIAN_POINT('',(-4.058851556829,4.690337793342));
#3877 = CARTESIAN_POINT('',(-4.054369920631,4.696155567825));
#3878 = CARTESIAN_POINT('',(-4.052962270417,4.697988965403));
#3879 = CARTESIAN_POINT('',(-4.051559266688,4.699822357092));
#3880 = CARTESIAN_POINT('',(-4.050160871762,4.701655742985));
#3881 = CARTESIAN_POINT('',(-4.048767048791,4.703489123181));
#3882 = CARTESIAN_POINT('',(-4.046488897319,4.706495488998));
#3883 = CARTESIAN_POINT('',(-4.045600450805,4.70767036187));
#3884 = CARTESIAN_POINT('',(-4.04471242627,4.708847147497));
#3885 = CARTESIAN_POINT('',(-4.043824824333,4.710025849208));
#3886 = CARTESIAN_POINT('',(-4.042937642183,4.711206442559));
#3887 = CARTESIAN_POINT('',(-4.042050873577,4.712388875336));
#3888 = ( GEOMETRIC_REPRESENTATION_CONTEXT(2) 
PARAMETRIC_REPRESENTATION_CONTEXT() REPRESENTATION_CONTEXT('2D SPACE',''
  ) );
#3889 = ORIENTED_EDGE('',*,*,#2766,.T.);
#3890 = ORIENTED_EDGE('',*,*,#2988,.T.);
#3891 = ORIENTED_EDGE('',*,*,#2906,.F.);
#3892 = ADVANCED_FACE('',(#3893),#2815,.T.);
#3893 = FACE_BOUND('',#3894,.F.);
#3894 = EDGE_LOOP('',(#3895,#3896,#3920,#3942,#3943,#3944));
#3895 = ORIENTED_EDGE('',*,*,#2794,.T.);
#3896 = ORIENTED_EDGE('',*,*,#3897,.F.);
#3897 = EDGE_CURVE('',#3898,#2795,#3900,.T.);
#3898 = VERTEX_POINT('',#3899);
#3899 = CARTESIAN_POINT('',(295.,270.,-385.8578643762));
#3900 = SEAM_CURVE('',#3901,(#3906,#3913),.PCURVE_S1.);
#3901 = CIRCLE('',#3902,5.);
#3902 = AXIS2_PLACEMENT_3D('',#3903,#3904,#3905);
#3903 = CARTESIAN_POINT('',(295.,270.,-380.8578643762));
#3904 = DIRECTION('',(0.,-1.,0.));
#3905 = DIRECTION('',(0.,0.,-1.));
#3906 = PCURVE('',#2815,#3907);
#3907 = DEFINITIONAL_REPRESENTATION('',(#3908),#3912);
#3908 = LINE('',#3909,#3910);
#3909 = CARTESIAN_POINT('',(-0.,3.14159265359));
#3910 = VECTOR('',#3911,1.);
#3911 = DIRECTION('',(-0.,1.));
#3912 = ( GEOMETRIC_REPRESENTATION_CONTEXT(2) 
PARAMETRIC_REPRESENTATION_CONTEXT() REPRESENTATION_CONTEXT('2D SPACE',''
  ) );
#3913 = PCURVE('',#2815,#3914);
#3914 = DEFINITIONAL_REPRESENTATION('',(#3915),#3919);
#3915 = LINE('',#3916,#3917);
#3916 = CARTESIAN_POINT('',(-6.28318530718,3.14159265359));
#3917 = VECTOR('',#3918,1.);
#3918 = DIRECTION('',(-0.,1.));
#3919 = ( GEOMETRIC_REPRESENTATION_CONTEXT(2) 
PARAMETRIC_REPRESENTATION_CONTEXT() REPRESENTATION_CONTEXT('2D SPACE',''
  ) );
#3920 = ORIENTED_EDGE('',*,*,#3921,.F.);
#3921 = EDGE_CURVE('',#3898,#3898,#3922,.T.);
#3922 = SURFACE_CURVE('',#3923,(#3928,#3935),.PCURVE_S1.);
#3923 = CIRCLE('',#3924,14.142135623731);
#3924 = AXIS2_PLACEMENT_3D('',#3925,#3926,#3927);
#3925 = CARTESIAN_POINT('',(295.,270.,-400.));
#3926 = DIRECTION('',(1.,0.,-0.));
#3927 = DIRECTION('',(0.,0.,1.));
#3928 = PCURVE('',#2815,#3929);
#3929 = DEFINITIONAL_REPRESENTATION('',(#3930),#3934);
#3930 = LINE('',#3931,#3932);
#3931 = CARTESIAN_POINT('',(-0.,3.14159265359));
#3932 = VECTOR('',#3933,1.);
#3933 = DIRECTION('',(-1.,0.));
#3934 = ( GEOMETRIC_REPRESENTATION_CONTEXT(2) 
PARAMETRIC_REPRESENTATION_CONTEXT() REPRESENTATION_CONTEXT('2D SPACE',''
  ) );
#3935 = PCURVE('',#3255,#3936);
#3936 = DEFINITIONAL_REPRESENTATION('',(#3937),#3941);
#3937 = LINE('',#3938,#3939);
#3938 = CARTESIAN_POINT('',(0.,190.));
#3939 = VECTOR('',#3940,1.);
#3940 = DIRECTION('',(1.,0.));
#3941 = ( GEOMETRIC_REPRESENTATION_CONTEXT(2) 
PARAMETRIC_REPRESENTATION_CONTEXT() REPRESENTATION_CONTEXT('2D SPACE',''
  ) );
#3942 = ORIENTED_EDGE('',*,*,#3897,.T.);
#3943 = ORIENTED_EDGE('',*,*,#2827,.T.);
#3944 = ORIENTED_EDGE('',*,*,#3722,.F.);
#3945 = ADVANCED_FACE('',(#3946),#3069,.F.);
#3946 = FACE_BOUND('',#3947,.T.);
#3947 = EDGE_LOOP('',(#3948,#3970,#3990));
#3948 = ORIENTED_EDGE('',*,*,#3949,.F.);
#3949 = EDGE_CURVE('',#3950,#3053,#3952,.T.);
#3950 = VERTEX_POINT('',#3951);
#3951 = CARTESIAN_POINT('',(130.35092,280.,-379.121747));
#3952 = SURFACE_CURVE('',#3953,(#3958,#3964),.PCURVE_S1.);
#3953 = CIRCLE('',#3954,5.);
#3954 = AXIS2_PLACEMENT_3D('',#3955,#3956,#3957);
#3955 = CARTESIAN_POINT('',(130.35092,275.,-379.121747));
#3956 = DIRECTION('',(0.,0.,1.));
#3957 = DIRECTION('',(-1.,-0.,0.));
#3958 = PCURVE('',#3069,#3959);
#3959 = DEFINITIONAL_REPRESENTATION('',(#3960),#3963);
#3960 = B_SPLINE_CURVE_WITH_KNOTS('',1,(#3961,#3962),.UNSPECIFIED.,.F.,
  .F.,(2,2),(4.712388980385,6.28318530718),.PIECEWISE_BEZIER_KNOTS.);
#3961 = CARTESIAN_POINT('',(0.,-1.570796326795));
#3962 = CARTESIAN_POINT('',(0.,0.));
#3963 = ( GEOMETRIC_REPRESENTATION_CONTEXT(2) 
PARAMETRIC_REPRESENTATION_CONTEXT() REPRESENTATION_CONTEXT('2D SPACE',''
  ) );
#3964 = PCURVE('',#3704,#3965);
#3965 = DEFINITIONAL_REPRESENTATION('',(#3966),#3969);
#3966 = B_SPLINE_CURVE_WITH_KNOTS('',1,(#3967,#3968),.UNSPECIFIED.,.F.,
  .F.,(2,2),(4.712388980385,6.28318530718),.PIECEWISE_BEZIER_KNOTS.);
#3967 = CARTESIAN_POINT('',(-1.570796326795,25.949498));
#3968 = CARTESIAN_POINT('',(0.,25.949498));
#3969 = ( GEOMETRIC_REPRESENTATION_CONTEXT(2) 
PARAMETRIC_REPRESENTATION_CONTEXT() REPRESENTATION_CONTEXT('2D SPACE',''
  ) );
#3970 = ORIENTED_EDGE('',*,*,#3971,.T.);
#3971 = EDGE_CURVE('',#3950,#3030,#3972,.T.);
#3972 = SURFACE_CURVE('',#3973,(#3978,#3984),.PCURVE_S1.);
#3973 = CIRCLE('',#3974,5.);
#3974 = AXIS2_PLACEMENT_3D('',#3975,#3976,#3977);
#3975 = CARTESIAN_POINT('',(130.35092,275.,-379.121747));
#3976 = DIRECTION('',(1.,0.,6.123233995737E-17));
#3977 = DIRECTION('',(-6.123233995737E-17,-0.,1.));
#3978 = PCURVE('',#3069,#3979);
#3979 = DEFINITIONAL_REPRESENTATION('',(#3980),#3983);
#3980 = B_SPLINE_CURVE_WITH_KNOTS('',1,(#3981,#3982),.UNSPECIFIED.,.F.,
  .F.,(2,2),(4.712388980385,6.28318530718),.PIECEWISE_BEZIER_KNOTS.);
#3981 = CARTESIAN_POINT('',(-1.570796326795,-1.570796326795));
#3982 = CARTESIAN_POINT('',(-1.570796326795,0.));
#3983 = ( GEOMETRIC_REPRESENTATION_CONTEXT(2) 
PARAMETRIC_REPRESENTATION_CONTEXT() REPRESENTATION_CONTEXT('2D SPACE',''
  ) );
#3984 = PCURVE('',#3144,#3985);
#3985 = DEFINITIONAL_REPRESENTATION('',(#3986),#3989);
#3986 = B_SPLINE_CURVE_WITH_KNOTS('',1,(#3987,#3988),.UNSPECIFIED.,.F.,
  .F.,(2,2),(4.712388980385,6.28318530718),.PIECEWISE_BEZIER_KNOTS.);
#3987 = CARTESIAN_POINT('',(0.,5.));
#3988 = CARTESIAN_POINT('',(1.570796326795,5.));
#3989 = ( GEOMETRIC_REPRESENTATION_CONTEXT(2) 
PARAMETRIC_REPRESENTATION_CONTEXT() REPRESENTATION_CONTEXT('2D SPACE',''
  ) );
#3990 = ORIENTED_EDGE('',*,*,#3052,.F.);
#3991 = ADVANCED_FACE('',(#3992),#3144,.F.);
#3992 = FACE_BOUND('',#3993,.F.);
#3993 = EDGE_LOOP('',(#3994,#3995,#3996,#4018));
#3994 = ORIENTED_EDGE('',*,*,#3971,.T.);
#3995 = ORIENTED_EDGE('',*,*,#3130,.T.);
#3996 = ORIENTED_EDGE('',*,*,#3997,.F.);
#3997 = EDGE_CURVE('',#3998,#3108,#4000,.T.);
#3998 = VERTEX_POINT('',#3999);
#3999 = CARTESIAN_POINT('',(163.336333,280.,-379.121747));
#4000 = SURFACE_CURVE('',#4001,(#4006,#4012),.PCURVE_S1.);
#4001 = CIRCLE('',#4002,5.);
#4002 = AXIS2_PLACEMENT_3D('',#4003,#4004,#4005);
#4003 = CARTESIAN_POINT('',(163.336333,275.,-379.121747));
#4004 = DIRECTION('',(1.,0.,-6.123233995737E-17));
#4005 = DIRECTION('',(6.123233995737E-17,0.,1.));
#4006 = PCURVE('',#3144,#4007);
#4007 = DEFINITIONAL_REPRESENTATION('',(#4008),#4011);
#4008 = B_SPLINE_CURVE_WITH_KNOTS('',1,(#4009,#4010),.UNSPECIFIED.,.F.,
  .F.,(2,2),(4.712388980385,6.28318530718),.PIECEWISE_BEZIER_KNOTS.);
#4009 = CARTESIAN_POINT('',(0.,37.985413));
#4010 = CARTESIAN_POINT('',(1.570796326795,37.985413));
#4011 = ( GEOMETRIC_REPRESENTATION_CONTEXT(2) 
PARAMETRIC_REPRESENTATION_CONTEXT() REPRESENTATION_CONTEXT('2D SPACE',''
  ) );
#4012 = PCURVE('',#3178,#4013);
#4013 = DEFINITIONAL_REPRESENTATION('',(#4014),#4017);
#4014 = B_SPLINE_CURVE_WITH_KNOTS('',1,(#4015,#4016),.UNSPECIFIED.,.F.,
  .F.,(2,2),(4.712388980385,6.28318530718),.PIECEWISE_BEZIER_KNOTS.);
#4015 = CARTESIAN_POINT('',(1.570796326795,-1.570796326795));
#4016 = CARTESIAN_POINT('',(1.570796326795,0.));
#4017 = ( GEOMETRIC_REPRESENTATION_CONTEXT(2) 
PARAMETRIC_REPRESENTATION_CONTEXT() REPRESENTATION_CONTEXT('2D SPACE',''
  ) );
#4018 = ORIENTED_EDGE('',*,*,#4019,.F.);
#4019 = EDGE_CURVE('',#3950,#3998,#4020,.T.);
#4020 = SURFACE_CURVE('',#4021,(#4025,#4032),.PCURVE_S1.);
#4021 = LINE('',#4022,#4023);
#4022 = CARTESIAN_POINT('',(125.35092,280.,-379.121747));
#4023 = VECTOR('',#4024,1.);
#4024 = DIRECTION('',(1.,0.,-0.));
#4025 = PCURVE('',#3144,#4026);
#4026 = DEFINITIONAL_REPRESENTATION('',(#4027),#4031);
#4027 = LINE('',#4028,#4029);
#4028 = CARTESIAN_POINT('',(0.,0.));
#4029 = VECTOR('',#4030,1.);
#4030 = DIRECTION('',(0.,1.));
#4031 = ( GEOMETRIC_REPRESENTATION_CONTEXT(2) 
PARAMETRIC_REPRESENTATION_CONTEXT() REPRESENTATION_CONTEXT('2D SPACE',''
  ) );
#4032 = PCURVE('',#4033,#4038);
#4033 = PLANE('',#4034);
#4034 = AXIS2_PLACEMENT_3D('',#4035,#4036,#4037);
#4035 = CARTESIAN_POINT('',(125.35092,280.,-405.071245));
#4036 = DIRECTION('',(-0.,1.,0.));
#4037 = DIRECTION('',(0.,0.,1.));
#4038 = DEFINITIONAL_REPRESENTATION('',(#4039),#4043);
#4039 = LINE('',#4040,#4041);
#4040 = CARTESIAN_POINT('',(25.949498,0.));
#4041 = VECTOR('',#4042,1.);
#4042 = DIRECTION('',(0.,1.));
#4043 = ( GEOMETRIC_REPRESENTATION_CONTEXT(2) 
PARAMETRIC_REPRESENTATION_CONTEXT() REPRESENTATION_CONTEXT('2D SPACE',''
  ) );
#4044 = ADVANCED_FACE('',(#4045),#3178,.F.);
#4045 = FACE_BOUND('',#4046,.F.);
#4046 = EDGE_LOOP('',(#4047,#4067,#4068));
#4047 = ORIENTED_EDGE('',*,*,#4048,.F.);
#4048 = EDGE_CURVE('',#3998,#3162,#4049,.T.);
#4049 = SURFACE_CURVE('',#4050,(#4055,#4061),.PCURVE_S1.);
#4050 = CIRCLE('',#4051,5.);
#4051 = AXIS2_PLACEMENT_3D('',#4052,#4053,#4054);
#4052 = CARTESIAN_POINT('',(163.336333,275.,-379.121747));
#4053 = DIRECTION('',(0.,0.,-1.));
#4054 = DIRECTION('',(1.,0.,0.));
#4055 = PCURVE('',#3178,#4056);
#4056 = DEFINITIONAL_REPRESENTATION('',(#4057),#4060);
#4057 = B_SPLINE_CURVE_WITH_KNOTS('',1,(#4058,#4059),.UNSPECIFIED.,.F.,
  .F.,(2,2),(4.712388980385,6.28318530718),.PIECEWISE_BEZIER_KNOTS.);
#4058 = CARTESIAN_POINT('',(0.,-1.570796326795));
#4059 = CARTESIAN_POINT('',(0.,0.));
#4060 = ( GEOMETRIC_REPRESENTATION_CONTEXT(2) 
PARAMETRIC_REPRESENTATION_CONTEXT() REPRESENTATION_CONTEXT('2D SPACE',''
  ) );
#4061 = PCURVE('',#3305,#4062);
#4062 = DEFINITIONAL_REPRESENTATION('',(#4063),#4066);
#4063 = B_SPLINE_CURVE_WITH_KNOTS('',1,(#4064,#4065),.UNSPECIFIED.,.F.,
  .F.,(2,2),(4.712388980385,6.28318530718),.PIECEWISE_BEZIER_KNOTS.);
#4064 = CARTESIAN_POINT('',(1.570796326795,25.949498));
#4065 = CARTESIAN_POINT('',(0.,25.949498));
#4066 = ( GEOMETRIC_REPRESENTATION_CONTEXT(2) 
PARAMETRIC_REPRESENTATION_CONTEXT() REPRESENTATION_CONTEXT('2D SPACE',''
  ) );
#4067 = ORIENTED_EDGE('',*,*,#3997,.T.);
#4068 = ORIENTED_EDGE('',*,*,#3161,.F.);
#4069 = ADVANCED_FACE('',(#4070),#3305,.F.);
#4070 = FACE_BOUND('',#4071,.F.);
#4071 = EDGE_LOOP('',(#4072,#4073,#4183,#4204));
#4072 = ORIENTED_EDGE('',*,*,#3291,.F.);
#4073 = ORIENTED_EDGE('',*,*,#4074,.F.);
#4074 = EDGE_CURVE('',#4075,#3268,#4077,.T.);
#4075 = VERTEX_POINT('',#4076);
#4076 = CARTESIAN_POINT('',(163.336333,280.,-389.9999999999));
#4077 = SURFACE_CURVE('',#4078,(#4111,#4147),.PCURVE_S1.);
#4078 = B_SPLINE_CURVE_WITH_KNOTS('',6,(#4079,#4080,#4081,#4082,#4083,
    #4084,#4085,#4086,#4087,#4088,#4089,#4090,#4091,#4092,#4093,#4094,
    #4095,#4096,#4097,#4098,#4099,#4100,#4101,#4102,#4103,#4104,#4105,
    #4106,#4107,#4108,#4109,#4110),.UNSPECIFIED.,.F.,.F.,(7,5,5,5,5,5,7)
  ,(0.,0.228535131668,0.497297449596,0.670889132439,0.740818578583,
    0.838169839914,1.),.UNSPECIFIED.);
#4079 = CARTESIAN_POINT('',(163.336333,280.,-390.));
#4080 = CARTESIAN_POINT('',(163.62712582061,280.,-390.));
#4081 = CARTESIAN_POINT('',(163.91722935014,279.97970576325,
    -389.9797058997));
#4082 = CARTESIAN_POINT('',(164.20469083651,279.93929584132,
    -389.9392953354));
#4083 = CARTESIAN_POINT('',(164.48750414488,279.87924671344,
    -389.879865549));
#4084 = CARTESIAN_POINT('',(164.76355325198,279.80037429948,
    -389.803424968));
#4085 = CARTESIAN_POINT('',(165.34460528044,279.59110518087,
    -389.6060173629));
#4086 = CARTESIAN_POINT('',(165.64661547804,279.45391628353,
    -389.4794239504));
#4087 = CARTESIAN_POINT('',(165.93591179193,279.29389153317,
    -389.3362313826));
#4088 = CARTESIAN_POINT('',(166.21163735553,279.11180237961,
    -389.1796083175));
#4089 = CARTESIAN_POINT('',(166.47268108033,278.9081772651,
    -389.0124837864));
#4090 = CARTESIAN_POINT('',(166.87578078802,278.53813785934,
    -388.7246264144));
#4091 = CARTESIAN_POINT('',(167.02737155842,278.38395748297,
    -388.6083269625));
#4092 = CARTESIAN_POINT('',(167.17208436058,278.22075321969,
    -388.4893223565));
#4093 = CARTESIAN_POINT('',(167.30952134721,278.04839943069,
    -388.368210332));
#4094 = CARTESIAN_POINT('',(167.43913618901,277.86673856724,
    -388.2455878651));
#4095 = CARTESIAN_POINT('',(167.60897190423,277.59862711565,
    -388.0723317946));
#4096 = CARTESIAN_POINT('',(167.65635513013,277.52010039967,
    -388.0224359782));
#4097 = CARTESIAN_POINT('',(167.70230428425,277.44002692389,
    -387.9724371766));
#4098 = CARTESIAN_POINT('',(167.74676635726,277.35839797921,
    -387.9223778596));
#4099 = CARTESIAN_POINT('',(167.78968266083,277.27520698619,
    -387.872302291));
#4100 = CARTESIAN_POINT('',(167.88849260705,277.07245558672,
    -387.7525860479));
#4101 = CARTESIAN_POINT('',(167.94288343218,276.95141055667,
    -387.6829642613));
#4102 = CARTESIAN_POINT('',(167.99397635781,276.82732180531,
    -387.6135272908));
#4103 = CARTESIAN_POINT('',(168.04157080796,276.70020646493,
    -387.5444160198));
#4104 = CARTESIAN_POINT('',(168.08544996555,276.57009257852,
    -387.4757747081));
#4105 = CARTESIAN_POINT('',(168.19175742282,276.21580987688,
    -387.2946692771));
#4106 = CARTESIAN_POINT('',(168.24734652922,275.98600986619,
    -387.1830795335));
#4107 = CARTESIAN_POINT('',(168.29077820226,275.7484773625,
    -387.0740388886));
#4108 = CARTESIAN_POINT('',(168.32081303213,275.50420077008,
    -386.9685170768));
#4109 = CARTESIAN_POINT('',(168.336333,275.2542955519,-386.8673581289));
#4110 = CARTESIAN_POINT('',(168.336333,275.,-386.7712434446));
#4111 = PCURVE('',#3305,#4112);
#4112 = DEFINITIONAL_REPRESENTATION('',(#4113),#4146);
#4113 = B_SPLINE_CURVE_WITH_KNOTS('',6,(#4114,#4115,#4116,#4117,#4118,
    #4119,#4120,#4121,#4122,#4123,#4124,#4125,#4126,#4127,#4128,#4129,
    #4130,#4131,#4132,#4133,#4134,#4135,#4136,#4137,#4138,#4139,#4140,
    #4141,#4142,#4143,#4144,#4145),.UNSPECIFIED.,.F.,.F.,(7,5,5,5,5,5,7)
  ,(0.,0.228535131668,0.497297449596,0.670889132439,0.740818578583,
    0.838169839914,1.),.UNSPECIFIED.);
#4114 = CARTESIAN_POINT('',(1.570796326795,15.071245));
#4115 = CARTESIAN_POINT('',(1.512637762672,15.071245));
#4116 = CARTESIAN_POINT('',(1.4546171373,15.09153910025));
#4117 = CARTESIAN_POINT('',(1.396770362738,15.13194966453));
#4118 = CARTESIAN_POINT('',(1.339154826965,15.191379450971));
#4119 = CARTESIAN_POINT('',(1.281866078986,15.267820031946));
#4120 = CARTESIAN_POINT('',(1.158348465054,15.465227637054));
#4121 = CARTESIAN_POINT('',(1.092222398436,15.591821049597));
#4122 = CARTESIAN_POINT('',(1.026406231374,15.735013617331));
#4123 = CARTESIAN_POINT('',(0.960626104933,15.891636682407));
#4124 = CARTESIAN_POINT('',(0.894625007384,16.058761213598));
#4125 = CARTESIAN_POINT('',(0.785186707662,16.346618585559));
#4126 = CARTESIAN_POINT('',(0.741999311325,16.462918037401));
#4127 = CARTESIAN_POINT('',(0.698462037257,16.58192264343));
#4128 = CARTESIAN_POINT('',(0.654466322974,16.703034667922));
#4129 = CARTESIAN_POINT('',(0.609901802082,16.8256571349));
#4130 = CARTESIAN_POINT('',(0.546426477541,16.998913205343));
#4131 = CARTESIAN_POINT('',(0.52808780787,17.048809021792));
#4132 = CARTESIAN_POINT('',(0.509630448527,17.098807823393));
#4133 = CARTESIAN_POINT('',(0.491046973848,17.148867140333));
#4134 = CARTESIAN_POINT('',(0.47233010552,17.198942708908));
#4135 = CARTESIAN_POINT('',(0.427220667279,17.318658952019));
#4136 = CARTESIAN_POINT('',(0.400692827309,17.388280738669));
#4137 = CARTESIAN_POINT('',(0.373874142009,17.457717709142));
#4138 = CARTESIAN_POINT('',(0.346749314583,17.526828980166));
#4139 = CARTESIAN_POINT('',(0.319302239242,17.595470291846));
#4140 = CARTESIAN_POINT('',(0.245324537696,17.776575722865));
#4141 = CARTESIAN_POINT('',(0.198108374663,17.88816546642));
#4142 = CARTESIAN_POINT('',(0.149932131187,17.99720611139));
#4143 = CARTESIAN_POINT('',(0.100840230261,18.102727923183));
#4144 = CARTESIAN_POINT('',(5.085911038061E-02,18.203886871059));
#4145 = CARTESIAN_POINT('',(0.,18.300001555323));
#4146 = ( GEOMETRIC_REPRESENTATION_CONTEXT(2) 
PARAMETRIC_REPRESENTATION_CONTEXT() REPRESENTATION_CONTEXT('2D SPACE',''
  ) );
#4147 = PCURVE('',#3255,#4148);
#4148 = DEFINITIONAL_REPRESENTATION('',(#4149),#4182);
#4149 = B_SPLINE_CURVE_WITH_KNOTS('',6,(#4150,#4151,#4152,#4153,#4154,
    #4155,#4156,#4157,#4158,#4159,#4160,#4161,#4162,#4163,#4164,#4165,
    #4166,#4167,#4168,#4169,#4170,#4171,#4172,#4173,#4174,#4175,#4176,
    #4177,#4178,#4179,#4180,#4181),.UNSPECIFIED.,.F.,.F.,(7,5,5,5,5,5,7)
  ,(0.,0.228535131668,0.497297449596,0.670889132439,0.740818578583,
    0.838169839914,1.),.UNSPECIFIED.);
#4150 = CARTESIAN_POINT('',(5.497787143782,58.336333));
#4151 = CARTESIAN_POINT('',(5.497787143782,58.627125820614));
#4152 = CARTESIAN_POINT('',(5.499816551304,58.917229350144));
#4153 = CARTESIAN_POINT('',(5.503857619806,59.204690836516));
#4154 = CARTESIAN_POINT('',(5.509831455918,59.487504144886));
#4155 = CARTESIAN_POINT('',(5.517597338263,59.763553251986));
#4156 = CARTESIAN_POINT('',(5.53793982171,60.344605280448));
#4157 = CARTESIAN_POINT('',(5.551138778118,60.646615478045));
#4158 = CARTESIAN_POINT('',(5.566320119406,60.935911791931));
#4159 = CARTESIAN_POINT('',(5.583297642556,61.211637355531));
#4160 = CARTESIAN_POINT('',(5.601918387095,61.472681080338));
#4161 = CARTESIAN_POINT('',(5.635068879429,61.875780788024));
#4162 = CARTESIAN_POINT('',(5.648723345916,62.027371558425));
#4163 = CARTESIAN_POINT('',(5.663002873379,62.17208436058));
#4164 = CARTESIAN_POINT('',(5.677894431374,62.309521347218));
#4165 = CARTESIAN_POINT('',(5.693389212809,62.439136189015));
#4166 = CARTESIAN_POINT('',(5.715961476366,62.608971904239));
#4167 = CARTESIAN_POINT('',(5.722540052155,62.656355130135));
#4168 = CARTESIAN_POINT('',(5.729214929916,62.702304284255));
#4169 = CARTESIAN_POINT('',(5.735985562478,62.746766357261));
#4170 = CARTESIAN_POINT('',(5.742851285649,62.789682660837));
#4171 = CARTESIAN_POINT('',(5.759500626305,62.888492607058));
#4172 = CARTESIAN_POINT('',(5.769373963011,62.942883432189));
#4173 = CARTESIAN_POINT('',(5.779427619392,62.993976357814));
#4174 = CARTESIAN_POINT('',(5.78965743908,63.041570807966));
#4175 = CARTESIAN_POINT('',(5.800058799451,63.085449965551));
#4176 = CARTESIAN_POINT('',(5.828193778554,63.191757422829));
#4177 = CARTESIAN_POINT('',(5.846253819136,63.247346529226));
#4178 = CARTESIAN_POINT('',(5.864728356407,63.290778202264));
#4179 = CARTESIAN_POINT('',(5.883536614324,63.32081303213));
#4180 = CARTESIAN_POINT('',(5.90259524642,63.336333));
#4181 = CARTESIAN_POINT('',(5.921818183273,63.336333));
#4182 = ( GEOMETRIC_REPRESENTATION_CONTEXT(2) 
PARAMETRIC_REPRESENTATION_CONTEXT() REPRESENTATION_CONTEXT('2D SPACE',''
  ) );
#4183 = ORIENTED_EDGE('',*,*,#4184,.T.);
#4184 = EDGE_CURVE('',#4075,#3998,#4185,.T.);
#4185 = SURFACE_CURVE('',#4186,(#4190,#4197),.PCURVE_S1.);
#4186 = LINE('',#4187,#4188);
#4187 = CARTESIAN_POINT('',(163.336333,280.,-405.071245));
#4188 = VECTOR('',#4189,1.);
#4189 = DIRECTION('',(0.,0.,1.));
#4190 = PCURVE('',#3305,#4191);
#4191 = DEFINITIONAL_REPRESENTATION('',(#4192),#4196);
#4192 = LINE('',#4193,#4194);
#4193 = CARTESIAN_POINT('',(1.570796326795,0.));
#4194 = VECTOR('',#4195,1.);
#4195 = DIRECTION('',(0.,1.));
#4196 = ( GEOMETRIC_REPRESENTATION_CONTEXT(2) 
PARAMETRIC_REPRESENTATION_CONTEXT() REPRESENTATION_CONTEXT('2D SPACE',''
  ) );
#4197 = PCURVE('',#4033,#4198);
#4198 = DEFINITIONAL_REPRESENTATION('',(#4199),#4203);
#4199 = LINE('',#4200,#4201);
#4200 = CARTESIAN_POINT('',(0.,37.985413));
#4201 = VECTOR('',#4202,1.);
#4202 = DIRECTION('',(1.,0.));
#4203 = ( GEOMETRIC_REPRESENTATION_CONTEXT(2) 
PARAMETRIC_REPRESENTATION_CONTEXT() REPRESENTATION_CONTEXT('2D SPACE',''
  ) );
#4204 = ORIENTED_EDGE('',*,*,#4048,.T.);
#4205 = ADVANCED_FACE('',(#4206),#3255,.F.);
#4206 = FACE_BOUND('',#4207,.F.);
#4207 = EDGE_LOOP('',(#4208,#4231,#4258,#4259,#4260,#4370,#4389,#4390,
    #4391,#4412,#4413,#4414,#4415,#4416,#4417,#4418));
#4208 = ORIENTED_EDGE('',*,*,#4209,.F.);
#4209 = EDGE_CURVE('',#4210,#3643,#4212,.T.);
#4210 = VERTEX_POINT('',#4211);
#4211 = CARTESIAN_POINT('',(105.,270.,-385.8578643762));
#4212 = SEAM_CURVE('',#4213,(#4217,#4224),.PCURVE_S1.);
#4213 = LINE('',#4214,#4215);
#4214 = CARTESIAN_POINT('',(105.,270.,-385.8578643762));
#4215 = VECTOR('',#4216,1.);
#4216 = DIRECTION('',(1.,0.,0.));
#4217 = PCURVE('',#3255,#4218);
#4218 = DEFINITIONAL_REPRESENTATION('',(#4219),#4223);
#4219 = LINE('',#4220,#4221);
#4220 = CARTESIAN_POINT('',(0.,0.));
#4221 = VECTOR('',#4222,1.);
#4222 = DIRECTION('',(0.,1.));
#4223 = ( GEOMETRIC_REPRESENTATION_CONTEXT(2) 
PARAMETRIC_REPRESENTATION_CONTEXT() REPRESENTATION_CONTEXT('2D SPACE',''
  ) );
#4224 = PCURVE('',#3255,#4225);
#4225 = DEFINITIONAL_REPRESENTATION('',(#4226),#4230);
#4226 = LINE('',#4227,#4228);
#4227 = CARTESIAN_POINT('',(6.28318530718,0.));
#4228 = VECTOR('',#4229,1.);
#4229 = DIRECTION('',(0.,1.));
#4230 = ( GEOMETRIC_REPRESENTATION_CONTEXT(2) 
PARAMETRIC_REPRESENTATION_CONTEXT() REPRESENTATION_CONTEXT('2D SPACE',''
  ) );
#4231 = ORIENTED_EDGE('',*,*,#4232,.T.);
#4232 = EDGE_CURVE('',#4210,#4210,#4233,.T.);
#4233 = SURFACE_CURVE('',#4234,(#4239,#4246),.PCURVE_S1.);
#4234 = CIRCLE('',#4235,14.142135623731);
#4235 = AXIS2_PLACEMENT_3D('',#4236,#4237,#4238);
#4236 = CARTESIAN_POINT('',(105.,270.,-400.));
#4237 = DIRECTION('',(1.,0.,-0.));
#4238 = DIRECTION('',(0.,0.,1.));
#4239 = PCURVE('',#3255,#4240);
#4240 = DEFINITIONAL_REPRESENTATION('',(#4241),#4245);
#4241 = LINE('',#4242,#4243);
#4242 = CARTESIAN_POINT('',(0.,0.));
#4243 = VECTOR('',#4244,1.);
#4244 = DIRECTION('',(1.,0.));
#4245 = ( GEOMETRIC_REPRESENTATION_CONTEXT(2) 
PARAMETRIC_REPRESENTATION_CONTEXT() REPRESENTATION_CONTEXT('2D SPACE',''
  ) );
#4246 = PCURVE('',#4247,#4252);
#4247 = TOROIDAL_SURFACE('',#4248,9.142135623731,5.);
#4248 = AXIS2_PLACEMENT_3D('',#4249,#4250,#4251);
#4249 = CARTESIAN_POINT('',(105.,270.,-400.));
#4250 = DIRECTION('',(1.,0.,0.));
#4251 = DIRECTION('',(0.,0.,1.));
#4252 = DEFINITIONAL_REPRESENTATION('',(#4253),#4257);
#4253 = LINE('',#4254,#4255);
#4254 = CARTESIAN_POINT('',(0.,6.28318530718));
#4255 = VECTOR('',#4256,1.);
#4256 = DIRECTION('',(1.,0.));
#4257 = ( GEOMETRIC_REPRESENTATION_CONTEXT(2) 
PARAMETRIC_REPRESENTATION_CONTEXT() REPRESENTATION_CONTEXT('2D SPACE',''
  ) );
#4258 = ORIENTED_EDGE('',*,*,#4209,.T.);
#4259 = ORIENTED_EDGE('',*,*,#3666,.F.);
#4260 = ORIENTED_EDGE('',*,*,#4261,.F.);
#4261 = EDGE_CURVE('',#4262,#3667,#4264,.T.);
#4262 = VERTEX_POINT('',#4263);
#4263 = CARTESIAN_POINT('',(130.35092,280.,-389.9999999999));
#4264 = SURFACE_CURVE('',#4265,(#4298,#4334),.PCURVE_S1.);
#4265 = B_SPLINE_CURVE_WITH_KNOTS('',6,(#4266,#4267,#4268,#4269,#4270,
    #4271,#4272,#4273,#4274,#4275,#4276,#4277,#4278,#4279,#4280,#4281,
    #4282,#4283,#4284,#4285,#4286,#4287,#4288,#4289,#4290,#4291,#4292,
    #4293,#4294,#4295,#4296,#4297),.UNSPECIFIED.,.F.,.F.,(7,5,5,5,5,5,7)
  ,(0.,0.228535130272,0.497297446559,0.670889134807,0.740818580447,
    0.838169841078,1.),.UNSPECIFIED.);
#4266 = CARTESIAN_POINT('',(130.35092,280.,-390.));
#4267 = CARTESIAN_POINT('',(130.06012717938,280.,-390.));
#4268 = CARTESIAN_POINT('',(129.77002364985,279.97970576325,
    -389.9797058997));
#4269 = CARTESIAN_POINT('',(129.48256216348,279.93929584132,
    -389.9392953354));
#4270 = CARTESIAN_POINT('',(129.19974885511,279.87924671344,
    -389.879865549));
#4271 = CARTESIAN_POINT('',(128.92369974801,279.80037429948,
    -389.803424968));
#4272 = CARTESIAN_POINT('',(128.34264771955,279.59110518087,
    -389.6060173629));
#4273 = CARTESIAN_POINT('',(128.04063752195,279.45391628353,
    -389.4794239504));
#4274 = CARTESIAN_POINT('',(127.75134120806,279.29389153316,
    -389.3362313826));
#4275 = CARTESIAN_POINT('',(127.47561564446,279.11180237961,
    -389.1796083175));
#4276 = CARTESIAN_POINT('',(127.21457191966,278.9081772651,
    -389.0124837864));
#4277 = CARTESIAN_POINT('',(126.81147220608,278.53813785393,
    -388.7246264102));
#4278 = CARTESIAN_POINT('',(126.65988145007,278.38395749279,
    -388.6083269696));
#4279 = CARTESIAN_POINT('',(126.51516863997,278.22075321878,
    -388.4893223563));
#4280 = CARTESIAN_POINT('',(126.37773164452,278.04839942043,
    -388.3682103249));
#4281 = CARTESIAN_POINT('',(126.24811681562,277.86673857456,
    -388.2455878698));
#4282 = CARTESIAN_POINT('',(126.07828109576,277.59862711565,
    -388.0723317946));
#4283 = CARTESIAN_POINT('',(126.03089786986,277.52010039967,
    -388.0224359782));
#4284 = CARTESIAN_POINT('',(125.98494871574,277.44002692389,
    -387.9724371766));
#4285 = CARTESIAN_POINT('',(125.94048664273,277.35839797921,
    -387.9223778596));
#4286 = CARTESIAN_POINT('',(125.89757033916,277.27520698619,
    -387.872302291));
#4287 = CARTESIAN_POINT('',(125.79876039294,277.07245558672,
    -387.7525860479));
#4288 = CARTESIAN_POINT('',(125.74436956781,276.95141055667,
    -387.6829642613));
#4289 = CARTESIAN_POINT('',(125.69327664218,276.82732180531,
    -387.6135272908));
#4290 = CARTESIAN_POINT('',(125.64568219203,276.70020646493,
    -387.5444160198));
#4291 = CARTESIAN_POINT('',(125.60180303444,276.57009257852,
    -387.4757747081));
#4292 = CARTESIAN_POINT('',(125.49549557717,276.21580987688,
    -387.2946692771));
#4293 = CARTESIAN_POINT('',(125.43990647077,275.98600986619,
    -387.1830795335));
#4294 = CARTESIAN_POINT('',(125.39647479773,275.7484773625,
    -387.0740388886));
#4295 = CARTESIAN_POINT('',(125.36643996787,275.50420077008,
    -386.9685170768));
#4296 = CARTESIAN_POINT('',(125.35092,275.2542955519,-386.8673581289));
#4297 = CARTESIAN_POINT('',(125.35092,275.,-386.7712434446));
#4298 = PCURVE('',#3255,#4299);
#4299 = DEFINITIONAL_REPRESENTATION('',(#4300),#4333);
#4300 = B_SPLINE_CURVE_WITH_KNOTS('',6,(#4301,#4302,#4303,#4304,#4305,
    #4306,#4307,#4308,#4309,#4310,#4311,#4312,#4313,#4314,#4315,#4316,
    #4317,#4318,#4319,#4320,#4321,#4322,#4323,#4324,#4325,#4326,#4327,
    #4328,#4329,#4330,#4331,#4332),.UNSPECIFIED.,.F.,.F.,(7,5,5,5,5,5,7)
  ,(0.,0.228535130272,0.497297446559,0.670889134807,0.740818580447,
    0.838169841078,1.),.UNSPECIFIED.);
#4301 = CARTESIAN_POINT('',(5.497787143782,25.35092));
#4302 = CARTESIAN_POINT('',(5.497787143782,25.060127179386));
#4303 = CARTESIAN_POINT('',(5.499816551304,24.770023649856));
#4304 = CARTESIAN_POINT('',(5.503857619806,24.482562163484));
#4305 = CARTESIAN_POINT('',(5.509831455918,24.199748855115));
#4306 = CARTESIAN_POINT('',(5.517597338263,23.923699748014));
#4307 = CARTESIAN_POINT('',(5.53793982171,23.342647719551));
#4308 = CARTESIAN_POINT('',(5.551138778118,23.040637521956));
#4309 = CARTESIAN_POINT('',(5.566320119406,22.751341208068));
#4310 = CARTESIAN_POINT('',(5.583297642556,22.475615644469));
#4311 = CARTESIAN_POINT('',(5.601918387095,22.214571919662));
#4312 = CARTESIAN_POINT('',(5.635068879914,21.811472206085));
#4313 = CARTESIAN_POINT('',(5.648723345063,21.659881450077));
#4314 = CARTESIAN_POINT('',(5.663002873443,21.515168639975));
#4315 = CARTESIAN_POINT('',(5.677894432259,21.37773164452));
#4316 = CARTESIAN_POINT('',(5.693389212192,21.248116815626));
#4317 = CARTESIAN_POINT('',(5.715961476366,21.078281095761));
#4318 = CARTESIAN_POINT('',(5.722540052155,21.030897869865));
#4319 = CARTESIAN_POINT('',(5.729214929916,20.984948715745));
#4320 = CARTESIAN_POINT('',(5.735985562478,20.940486642739));
#4321 = CARTESIAN_POINT('',(5.742851285649,20.897570339163));
#4322 = CARTESIAN_POINT('',(5.759500626305,20.798760392942));
#4323 = CARTESIAN_POINT('',(5.769373963011,20.744369567811));
#4324 = CARTESIAN_POINT('',(5.779427619392,20.693276642186));
#4325 = CARTESIAN_POINT('',(5.78965743908,20.645682192034));
#4326 = CARTESIAN_POINT('',(5.800058799451,20.601803034449));
#4327 = CARTESIAN_POINT('',(5.828193778554,20.495495577171));
#4328 = CARTESIAN_POINT('',(5.846253819136,20.439906470774));
#4329 = CARTESIAN_POINT('',(5.864728356407,20.396474797736));
#4330 = CARTESIAN_POINT('',(5.883536614324,20.36643996787));
#4331 = CARTESIAN_POINT('',(5.90259524642,20.35092));
#4332 = CARTESIAN_POINT('',(5.921818183273,20.35092));
#4333 = ( GEOMETRIC_REPRESENTATION_CONTEXT(2) 
PARAMETRIC_REPRESENTATION_CONTEXT() REPRESENTATION_CONTEXT('2D SPACE',''
  ) );
#4334 = PCURVE('',#3704,#4335);
#4335 = DEFINITIONAL_REPRESENTATION('',(#4336),#4369);
#4336 = B_SPLINE_CURVE_WITH_KNOTS('',6,(#4337,#4338,#4339,#4340,#4341,
    #4342,#4343,#4344,#4345,#4346,#4347,#4348,#4349,#4350,#4351,#4352,
    #4353,#4354,#4355,#4356,#4357,#4358,#4359,#4360,#4361,#4362,#4363,
    #4364,#4365,#4366,#4367,#4368),.UNSPECIFIED.,.F.,.F.,(7,5,5,5,5,5,7)
  ,(0.,0.228535130272,0.497297446559,0.670889134807,0.740818580447,
    0.838169841078,1.),.UNSPECIFIED.);
#4337 = CARTESIAN_POINT('',(-1.570796326795,15.071245));
#4338 = CARTESIAN_POINT('',(-1.512637762672,15.071245));
#4339 = CARTESIAN_POINT('',(-1.454617137301,15.09153910025));
#4340 = CARTESIAN_POINT('',(-1.396770362738,15.13194966453));
#4341 = CARTESIAN_POINT('',(-1.339154826965,15.191379450971));
#4342 = CARTESIAN_POINT('',(-1.281866078986,15.267820031947));
#4343 = CARTESIAN_POINT('',(-1.158348465054,15.465227637054));
#4344 = CARTESIAN_POINT('',(-1.092222398436,15.591821049597));
#4345 = CARTESIAN_POINT('',(-1.026406231374,15.735013617332));
#4346 = CARTESIAN_POINT('',(-0.960626104933,15.891636682407));
#4347 = CARTESIAN_POINT('',(-0.894625007384,16.058761213598));
#4348 = CARTESIAN_POINT('',(-0.785186706063,16.346618589766));
#4349 = CARTESIAN_POINT('',(-0.741999313941,16.462918030387));
#4350 = CARTESIAN_POINT('',(-0.698462037188,16.581922643692));
#4351 = CARTESIAN_POINT('',(-0.654466320319,16.703034675075));
#4352 = CARTESIAN_POINT('',(-0.609901803817,16.825657130166));
#4353 = CARTESIAN_POINT('',(-0.546426477541,16.998913205343));
#4354 = CARTESIAN_POINT('',(-0.52808780787,17.048809021792));
#4355 = CARTESIAN_POINT('',(-0.509630448527,17.098807823393));
#4356 = CARTESIAN_POINT('',(-0.491046973848,17.148867140333));
#4357 = CARTESIAN_POINT('',(-0.47233010552,17.198942708908));
#4358 = CARTESIAN_POINT('',(-0.427220667279,17.318658952019));
#4359 = CARTESIAN_POINT('',(-0.400692827309,17.388280738669));
#4360 = CARTESIAN_POINT('',(-0.373874142009,17.457717709142));
#4361 = CARTESIAN_POINT('',(-0.346749314583,17.526828980166));
#4362 = CARTESIAN_POINT('',(-0.319302239242,17.595470291846));
#4363 = CARTESIAN_POINT('',(-0.245324537696,17.776575722865));
#4364 = CARTESIAN_POINT('',(-0.198108374663,17.88816546642));
#4365 = CARTESIAN_POINT('',(-0.149932131187,17.99720611139));
#4366 = CARTESIAN_POINT('',(-0.100840230261,18.102727923183));
#4367 = CARTESIAN_POINT('',(-5.08591103806E-02,18.203886871059));
#4368 = CARTESIAN_POINT('',(0.,18.300001555323));
#4369 = ( GEOMETRIC_REPRESENTATION_CONTEXT(2) 
PARAMETRIC_REPRESENTATION_CONTEXT() REPRESENTATION_CONTEXT('2D SPACE',''
  ) );
#4370 = ORIENTED_EDGE('',*,*,#4371,.T.);
#4371 = EDGE_CURVE('',#4262,#4075,#4372,.T.);
#4372 = SURFACE_CURVE('',#4373,(#4377,#4383),.PCURVE_S1.);
#4373 = LINE('',#4374,#4375);
#4374 = CARTESIAN_POINT('',(105.,280.,-390.));
#4375 = VECTOR('',#4376,1.);
#4376 = DIRECTION('',(1.,0.,0.));
#4377 = PCURVE('',#3255,#4378);
#4378 = DEFINITIONAL_REPRESENTATION('',(#4379),#4382);
#4379 = B_SPLINE_CURVE_WITH_KNOTS('',1,(#4380,#4381),.UNSPECIFIED.,.F.,
  .F.,(2,2),(22.0523787,61.6348743),.PIECEWISE_BEZIER_KNOTS.);
#4380 = CARTESIAN_POINT('',(5.497787143782,22.0523787));
#4381 = CARTESIAN_POINT('',(5.497787143782,61.6348743));
#4382 = ( GEOMETRIC_REPRESENTATION_CONTEXT(2) 
PARAMETRIC_REPRESENTATION_CONTEXT() REPRESENTATION_CONTEXT('2D SPACE',''
  ) );
#4383 = PCURVE('',#4033,#4384);
#4384 = DEFINITIONAL_REPRESENTATION('',(#4385),#4388);
#4385 = B_SPLINE_CURVE_WITH_KNOTS('',1,(#4386,#4387),.UNSPECIFIED.,.F.,
  .F.,(2,2),(22.0523787,61.6348743),.PIECEWISE_BEZIER_KNOTS.);
#4386 = CARTESIAN_POINT('',(15.071245,1.7014587));
#4387 = CARTESIAN_POINT('',(15.071245,41.2839543));
#4388 = ( GEOMETRIC_REPRESENTATION_CONTEXT(2) 
PARAMETRIC_REPRESENTATION_CONTEXT() REPRESENTATION_CONTEXT('2D SPACE',''
  ) );
#4389 = ORIENTED_EDGE('',*,*,#4074,.T.);
#4390 = ORIENTED_EDGE('',*,*,#3267,.T.);
#4391 = ORIENTED_EDGE('',*,*,#4392,.T.);
#4392 = EDGE_CURVE('',#3239,#3898,#4393,.T.);
#4393 = SEAM_CURVE('',#4394,(#4398,#4405),.PCURVE_S1.);
#4394 = LINE('',#4395,#4396);
#4395 = CARTESIAN_POINT('',(105.,270.,-385.8578643762));
#4396 = VECTOR('',#4397,1.);
#4397 = DIRECTION('',(1.,0.,0.));
#4398 = PCURVE('',#3255,#4399);
#4399 = DEFINITIONAL_REPRESENTATION('',(#4400),#4404);
#4400 = LINE('',#4401,#4402);
#4401 = CARTESIAN_POINT('',(0.,0.));
#4402 = VECTOR('',#4403,1.);
#4403 = DIRECTION('',(0.,1.));
#4404 = ( GEOMETRIC_REPRESENTATION_CONTEXT(2) 
PARAMETRIC_REPRESENTATION_CONTEXT() REPRESENTATION_CONTEXT('2D SPACE',''
  ) );
#4405 = PCURVE('',#3255,#4406);
#4406 = DEFINITIONAL_REPRESENTATION('',(#4407),#4411);
#4407 = LINE('',#4408,#4409);
#4408 = CARTESIAN_POINT('',(6.28318530718,0.));
#4409 = VECTOR('',#4410,1.);
#4410 = DIRECTION('',(0.,1.));
#4411 = ( GEOMETRIC_REPRESENTATION_CONTEXT(2) 
PARAMETRIC_REPRESENTATION_CONTEXT() REPRESENTATION_CONTEXT('2D SPACE',''
  ) );
#4412 = ORIENTED_EDGE('',*,*,#3921,.F.);
#4413 = ORIENTED_EDGE('',*,*,#4392,.F.);
#4414 = ORIENTED_EDGE('',*,*,#3238,.T.);
#4415 = ORIENTED_EDGE('',*,*,#3345,.T.);
#4416 = ORIENTED_EDGE('',*,*,#3482,.F.);
#4417 = ORIENTED_EDGE('',*,*,#3506,.F.);
#4418 = ORIENTED_EDGE('',*,*,#3642,.F.);
#4419 = ADVANCED_FACE('',(#4420),#3704,.F.);
#4420 = FACE_BOUND('',#4421,.T.);
#4421 = EDGE_LOOP('',(#4422,#4423,#4424,#4445));
#4422 = ORIENTED_EDGE('',*,*,#3690,.F.);
#4423 = ORIENTED_EDGE('',*,*,#4261,.F.);
#4424 = ORIENTED_EDGE('',*,*,#4425,.T.);
#4425 = EDGE_CURVE('',#4262,#3950,#4426,.T.);
#4426 = SURFACE_CURVE('',#4427,(#4431,#4438),.PCURVE_S1.);
#4427 = LINE('',#4428,#4429);
#4428 = CARTESIAN_POINT('',(130.35092,280.,-405.071245));
#4429 = VECTOR('',#4430,1.);
#4430 = DIRECTION('',(0.,0.,1.));
#4431 = PCURVE('',#3704,#4432);
#4432 = DEFINITIONAL_REPRESENTATION('',(#4433),#4437);
#4433 = LINE('',#4434,#4435);
#4434 = CARTESIAN_POINT('',(-1.570796326795,0.));
#4435 = VECTOR('',#4436,1.);
#4436 = DIRECTION('',(-0.,1.));
#4437 = ( GEOMETRIC_REPRESENTATION_CONTEXT(2) 
PARAMETRIC_REPRESENTATION_CONTEXT() REPRESENTATION_CONTEXT('2D SPACE',''
  ) );
#4438 = PCURVE('',#4033,#4439);
#4439 = DEFINITIONAL_REPRESENTATION('',(#4440),#4444);
#4440 = LINE('',#4441,#4442);
#4441 = CARTESIAN_POINT('',(0.,5.));
#4442 = VECTOR('',#4443,1.);
#4443 = DIRECTION('',(1.,0.));
#4444 = ( GEOMETRIC_REPRESENTATION_CONTEXT(2) 
PARAMETRIC_REPRESENTATION_CONTEXT() REPRESENTATION_CONTEXT('2D SPACE',''
  ) );
#4445 = ORIENTED_EDGE('',*,*,#3949,.T.);
#4446 = ADVANCED_FACE('',(#4447),#4033,.F.);
#4447 = FACE_BOUND('',#4448,.F.);
#4448 = EDGE_LOOP('',(#4449,#4450,#4451,#4452));
#4449 = ORIENTED_EDGE('',*,*,#4371,.F.);
#4450 = ORIENTED_EDGE('',*,*,#4425,.T.);
#4451 = ORIENTED_EDGE('',*,*,#4019,.T.);
#4452 = ORIENTED_EDGE('',*,*,#4184,.F.);
#4453 = ADVANCED_FACE('',(#4454),#4247,.F.);
#4454 = FACE_BOUND('',#4455,.F.);
#4455 = EDGE_LOOP('',(#4456,#4485,#4507,#4508));
#4456 = ORIENTED_EDGE('',*,*,#4457,.T.);
#4457 = EDGE_CURVE('',#4458,#4458,#4460,.T.);
#4458 = VERTEX_POINT('',#4459);
#4459 = CARTESIAN_POINT('',(100.,270.,-390.8578643762));
#4460 = SURFACE_CURVE('',#4461,(#4466,#4473),.PCURVE_S1.);
#4461 = CIRCLE('',#4462,9.142135623731);
#4462 = AXIS2_PLACEMENT_3D('',#4463,#4464,#4465);
#4463 = CARTESIAN_POINT('',(100.,270.,-400.));
#4464 = DIRECTION('',(1.,0.,-0.));
#4465 = DIRECTION('',(0.,0.,1.));
#4466 = PCURVE('',#4247,#4467);
#4467 = DEFINITIONAL_REPRESENTATION('',(#4468),#4472);
#4468 = LINE('',#4469,#4470);
#4469 = CARTESIAN_POINT('',(0.,4.712388980385));
#4470 = VECTOR('',#4471,1.);
#4471 = DIRECTION('',(1.,0.));
#4472 = ( GEOMETRIC_REPRESENTATION_CONTEXT(2) 
PARAMETRIC_REPRESENTATION_CONTEXT() REPRESENTATION_CONTEXT('2D SPACE',''
  ) );
#4473 = PCURVE('',#4474,#4479);
#4474 = PLANE('',#4475);
#4475 = AXIS2_PLACEMENT_3D('',#4476,#4477,#4478);
#4476 = CARTESIAN_POINT('',(100.,270.,-400.));
#4477 = DIRECTION('',(1.,0.,0.));
#4478 = DIRECTION('',(-0.,0.,1.));
#4479 = DEFINITIONAL_REPRESENTATION('',(#4480),#4484);
#4480 = CIRCLE('',#4481,9.142135623731);
#4481 = AXIS2_PLACEMENT_2D('',#4482,#4483);
#4482 = CARTESIAN_POINT('',(0.,0.));
#4483 = DIRECTION('',(1.,-0.));
#4484 = ( GEOMETRIC_REPRESENTATION_CONTEXT(2) 
PARAMETRIC_REPRESENTATION_CONTEXT() REPRESENTATION_CONTEXT('2D SPACE',''
  ) );
#4485 = ORIENTED_EDGE('',*,*,#4486,.T.);
#4486 = EDGE_CURVE('',#4458,#4210,#4487,.T.);
#4487 = SEAM_CURVE('',#4488,(#4493,#4500),.PCURVE_S1.);
#4488 = CIRCLE('',#4489,5.);
#4489 = AXIS2_PLACEMENT_3D('',#4490,#4491,#4492);
#4490 = CARTESIAN_POINT('',(105.,270.,-390.8578643762));
#4491 = DIRECTION('',(0.,1.,0.));
#4492 = DIRECTION('',(-1.,0.,-1.136868377216E-14));
#4493 = PCURVE('',#4247,#4494);
#4494 = DEFINITIONAL_REPRESENTATION('',(#4495),#4499);
#4495 = LINE('',#4496,#4497);
#4496 = CARTESIAN_POINT('',(0.,4.712388980385));
#4497 = VECTOR('',#4498,1.);
#4498 = DIRECTION('',(0.,1.));
#4499 = ( GEOMETRIC_REPRESENTATION_CONTEXT(2) 
PARAMETRIC_REPRESENTATION_CONTEXT() REPRESENTATION_CONTEXT('2D SPACE',''
  ) );
#4500 = PCURVE('',#4247,#4501);
#4501 = DEFINITIONAL_REPRESENTATION('',(#4502),#4506);
#4502 = LINE('',#4503,#4504);
#4503 = CARTESIAN_POINT('',(6.28318530718,4.712388980385));
#4504 = VECTOR('',#4505,1.);
#4505 = DIRECTION('',(0.,1.));
#4506 = ( GEOMETRIC_REPRESENTATION_CONTEXT(2) 
PARAMETRIC_REPRESENTATION_CONTEXT() REPRESENTATION_CONTEXT('2D SPACE',''
  ) );
#4507 = ORIENTED_EDGE('',*,*,#4232,.F.);
#4508 = ORIENTED_EDGE('',*,*,#4486,.F.);
#4509 = ADVANCED_FACE('',(#4510),#4474,.T.);
#4510 = FACE_BOUND('',#4511,.F.);
#4511 = EDGE_LOOP('',(#4512));
#4512 = ORIENTED_EDGE('',*,*,#4457,.F.);
#4513 = ( GEOMETRIC_REPRESENTATION_CONTEXT(3) 
GLOBAL_UNCERTAINTY_ASSIGNED_CONTEXT((#4517)) 
GLOBAL_UNIT_ASSIGNED_CONTEXT((#4514,#4515,#4516)) REPRESENTATION_CONTEXT
('Context #1','3D Context with UNIT and UNCERTAINTY') );
#4514 = ( LENGTH_UNIT() NAMED_UNIT(*) SI_UNIT(.MILLI.,.METRE.) );
#4515 = ( NAMED_UNIT(*) PLANE_ANGLE_UNIT() SI_UNIT($,.RADIAN.) );
#4516 = ( NAMED_UNIT(*) SI_UNIT($,.STERADIAN.) SOLID_ANGLE_UNIT() );
#4517 = UNCERTAINTY_MEASURE_WITH_UNIT(LENGTH_MEASURE(1.E-07),#4514,
  'distance_accuracy_value','confusion accuracy');
#4518 = PRODUCT_RELATED_PRODUCT_CATEGORY('part',$,(#7));
ENDSEC;
END-ISO-10303-21;
