ISO-10303-21;
HEADER;
FILE_DESCRIPTION(('Open CASCADE Model'),'2;1');
FILE_NAME('Open CASCADE Shape Model','2026-08-18T08:09:48',('Author'),(
    'Open CASCADE'),'Open CASCADE STEP processor 7.9','Open CASCADE 7.9'
  ,'Unknown');
FILE_SCHEMA(('AUTOMOTIVE_DESIGN { 1 0 10303 214 1 1 1 1 }'));
ENDSEC;
DATA;
#1 = APPLICATION_PROTOCOL_DEFINITION('international standard',
  'automotive_design',2000,#2);
#2 = APPLICATION_CONTEXT(
  'core data for automotive mechanical design processes');
#3 = SHAPE_DEFINITION_REPRESENTATION(#4,#10);
#4 = PRODUCT_DEFINITION_SHAPE('','',#5);
#5 = PRODUCT_DEFINITION('design','',#6,#9);
#6 = PRODUCT_DEFINITION_FORMATION('','',#7);
#7 = PRODUCT('Open CASCADE STEP translator 7.9 1',
  'Open CASCADE STEP translator 7.9 1','',(#8));
#8 = PRODUCT_CONTEXT('',#2,'mechanical');
#9 = PRODUCT_DEFINITION_CONTEXT('part definition',#2,'design');
#10 = ADVANCED_BREP_SHAPE_REPRESENTATION('',(#11,#15),#5275);
#11 = AXIS2_PLACEMENT_3D('',#12,#13,#14);
#12 = CARTESIAN_POINT('',(0.,0.,0.));
#13 = DIRECTION('',(0.,0.,1.));
#14 = DIRECTION('',(1.,0.,-0.));
#15 = MANIFOLD_SOLID_BREP('',#16);
#16 = CLOSED_SHELL('',(#17,#137,#225,#304,#383,#461,#491,#521,#709,#739,
    #815,#845,#921,#997,#1028,#1059,#1154,#1202,#1281,#1371,#1419,#1459,
    #1507,#1547,#1595,#1737,#1743,#1749,#2041,#2066,#2178,#2203,#2252,
    #2307,#2356,#2389,#2415,#2489,#2543,#2597,#2650,#2703,#2757,#2811,
    #2843,#2888,#2914,#2968,#2974,#2980,#3238,#3314,#3390,#3444,#3498,
    #3732,#3966,#3998,#4514,#4549,#4604,#4639,#4718,#4768,#4796,#4824,
    #4831,#4920,#4974,#5031,#5035,#5060,#5136,#5161,#5188,#5228,#5268));
#17 = ADVANCED_FACE('',(#18),#32,.F.);
#18 = FACE_BOUND('',#19,.F.);
#19 = EDGE_LOOP('',(#20,#55,#83,#111));
#20 = ORIENTED_EDGE('',*,*,#21,.F.);
#21 = EDGE_CURVE('',#22,#24,#26,.T.);
#22 = VERTEX_POINT('',#23);
#23 = CARTESIAN_POINT('',(-8.881784197001E-16,205.,-345.));
#24 = VERTEX_POINT('',#25);
#25 = CARTESIAN_POINT('',(-8.881784197001E-16,315.,-345.));
#26 = SURFACE_CURVE('',#27,(#31,#43),.PCURVE_S1.);
#27 = LINE('',#28,#29);
#28 = CARTESIAN_POINT('',(-8.881784197001E-16,200.,-345.));
#29 = VECTOR('',#30,1.);
#30 = DIRECTION('',(0.,1.,0.));
#31 = PCURVE('',#32,#37);
#32 = PLANE('',#33);
#33 = AXIS2_PLACEMENT_3D('',#34,#35,#36);
#34 = CARTESIAN_POINT('',(0.,200.,-450.));
#35 = DIRECTION('',(1.,0.,0.));
#36 = DIRECTION('',(0.,0.,1.));
#37 = DEFINITIONAL_REPRESENTATION('',(#38),#42);
#38 = LINE('',#39,#40);
#39 = CARTESIAN_POINT('',(105.,0.));
#40 = VECTOR('',#41,1.);
#41 = DIRECTION('',(0.,-1.));
#42 = ( GEOMETRIC_REPRESENTATION_CONTEXT(2) 
PARAMETRIC_REPRESENTATION_CONTEXT() REPRESENTATION_CONTEXT('2D SPACE',''
  ) );
#43 = PCURVE('',#44,#49);
#44 = CYLINDRICAL_SURFACE('',#45,5.);
#45 = AXIS2_PLACEMENT_3D('',#46,#47,#48);
#46 = CARTESIAN_POINT('',(5.,200.,-345.));
#47 = DIRECTION('',(0.,1.,0.));
#48 = DIRECTION('',(-1.,0.,0.));
#49 = DEFINITIONAL_REPRESENTATION('',(#50),#54);
#50 = LINE('',#51,#52);
#51 = CARTESIAN_POINT('',(0.,0.));
#52 = VECTOR('',#53,1.);
#53 = DIRECTION('',(0.,1.));
#54 = ( GEOMETRIC_REPRESENTATION_CONTEXT(2) 
PARAMETRIC_REPRESENTATION_CONTEXT() REPRESENTATION_CONTEXT('2D SPACE',''
  ) );
#55 = ORIENTED_EDGE('',*,*,#56,.F.);
#56 = EDGE_CURVE('',#57,#22,#59,.T.);
#57 = VERTEX_POINT('',#58);
#58 = CARTESIAN_POINT('',(-8.881784197001E-16,205.,-445.));
#59 = SURFACE_CURVE('',#60,(#64,#71),.PCURVE_S1.);
#60 = LINE('',#61,#62);
#61 = CARTESIAN_POINT('',(-8.881784197001E-16,205.,-450.));
#62 = VECTOR('',#63,1.);
#63 = DIRECTION('',(0.,0.,1.));
#64 = PCURVE('',#32,#65);
#65 = DEFINITIONAL_REPRESENTATION('',(#66),#70);
#66 = LINE('',#67,#68);
#67 = CARTESIAN_POINT('',(0.,-5.));
#68 = VECTOR('',#69,1.);
#69 = DIRECTION('',(1.,0.));
#70 = ( GEOMETRIC_REPRESENTATION_CONTEXT(2) 
PARAMETRIC_REPRESENTATION_CONTEXT() REPRESENTATION_CONTEXT('2D SPACE',''
  ) );
#71 = PCURVE('',#72,#77);
#72 = CYLINDRICAL_SURFACE('',#73,5.);
#73 = AXIS2_PLACEMENT_3D('',#74,#75,#76);
#74 = CARTESIAN_POINT('',(5.,205.,-450.));
#75 = DIRECTION('',(0.,0.,1.));
#76 = DIRECTION('',(-1.,-0.,0.));
#77 = DEFINITIONAL_REPRESENTATION('',(#78),#82);
#78 = LINE('',#79,#80);
#79 = CARTESIAN_POINT('',(0.,0.));
#80 = VECTOR('',#81,1.);
#81 = DIRECTION('',(0.,1.));
#82 = ( GEOMETRIC_REPRESENTATION_CONTEXT(2) 
PARAMETRIC_REPRESENTATION_CONTEXT() REPRESENTATION_CONTEXT('2D SPACE',''
  ) );
#83 = ORIENTED_EDGE('',*,*,#84,.T.);
#84 = EDGE_CURVE('',#57,#85,#87,.T.);
#85 = VERTEX_POINT('',#86);
#86 = CARTESIAN_POINT('',(-8.881784197001E-16,315.,-445.));
#87 = SURFACE_CURVE('',#88,(#92,#99),.PCURVE_S1.);
#88 = LINE('',#89,#90);
#89 = CARTESIAN_POINT('',(-8.881784197001E-16,200.,-445.));
#90 = VECTOR('',#91,1.);
#91 = DIRECTION('',(0.,1.,0.));
#92 = PCURVE('',#32,#93);
#93 = DEFINITIONAL_REPRESENTATION('',(#94),#98);
#94 = LINE('',#95,#96);
#95 = CARTESIAN_POINT('',(5.,0.));
#96 = VECTOR('',#97,1.);
#97 = DIRECTION('',(0.,-1.));
#98 = ( GEOMETRIC_REPRESENTATION_CONTEXT(2) 
PARAMETRIC_REPRESENTATION_CONTEXT() REPRESENTATION_CONTEXT('2D SPACE',''
  ) );
#99 = PCURVE('',#100,#105);
#100 = CYLINDRICAL_SURFACE('',#101,5.);
#101 = AXIS2_PLACEMENT_3D('',#102,#103,#104);
#102 = CARTESIAN_POINT('',(5.,200.,-445.));
#103 = DIRECTION('',(0.,1.,0.));
#104 = DIRECTION('',(-1.,0.,0.));
#105 = DEFINITIONAL_REPRESENTATION('',(#106),#110);
#106 = LINE('',#107,#108);
#107 = CARTESIAN_POINT('',(-0.,0.));
#108 = VECTOR('',#109,1.);
#109 = DIRECTION('',(-0.,1.));
#110 = ( GEOMETRIC_REPRESENTATION_CONTEXT(2) 
PARAMETRIC_REPRESENTATION_CONTEXT() REPRESENTATION_CONTEXT('2D SPACE',''
  ) );
#111 = ORIENTED_EDGE('',*,*,#112,.T.);
#112 = EDGE_CURVE('',#85,#24,#113,.T.);
#113 = SURFACE_CURVE('',#114,(#118,#125),.PCURVE_S1.);
#114 = LINE('',#115,#116);
#115 = CARTESIAN_POINT('',(-8.881784197001E-16,315.,-450.));
#116 = VECTOR('',#117,1.);
#117 = DIRECTION('',(0.,0.,1.));
#118 = PCURVE('',#32,#119);
#119 = DEFINITIONAL_REPRESENTATION('',(#120),#124);
#120 = LINE('',#121,#122);
#121 = CARTESIAN_POINT('',(0.,-115.));
#122 = VECTOR('',#123,1.);
#123 = DIRECTION('',(1.,0.));
#124 = ( GEOMETRIC_REPRESENTATION_CONTEXT(2) 
PARAMETRIC_REPRESENTATION_CONTEXT() REPRESENTATION_CONTEXT('2D SPACE',''
  ) );
#125 = PCURVE('',#126,#131);
#126 = CYLINDRICAL_SURFACE('',#127,5.);
#127 = AXIS2_PLACEMENT_3D('',#128,#129,#130);
#128 = CARTESIAN_POINT('',(5.,315.,-450.));
#129 = DIRECTION('',(0.,0.,1.));
#130 = DIRECTION('',(-1.,-0.,0.));
#131 = DEFINITIONAL_REPRESENTATION('',(#132),#136);
#132 = LINE('',#133,#134);
#133 = CARTESIAN_POINT('',(-0.,0.));
#134 = VECTOR('',#135,1.);
#135 = DIRECTION('',(-0.,1.));
#136 = ( GEOMETRIC_REPRESENTATION_CONTEXT(2) 
PARAMETRIC_REPRESENTATION_CONTEXT() REPRESENTATION_CONTEXT('2D SPACE',''
  ) );
#137 = ADVANCED_FACE('',(#138),#44,.T.);
#138 = FACE_BOUND('',#139,.T.);
#139 = EDGE_LOOP('',(#140,#141,#170,#198));
#140 = ORIENTED_EDGE('',*,*,#21,.F.);
#141 = ORIENTED_EDGE('',*,*,#142,.T.);
#142 = EDGE_CURVE('',#22,#143,#145,.T.);
#143 = VERTEX_POINT('',#144);
#144 = CARTESIAN_POINT('',(5.,205.,-340.));
#145 = SURFACE_CURVE('',#146,(#151,#158),.PCURVE_S1.);
#146 = CIRCLE('',#147,5.);
#147 = AXIS2_PLACEMENT_3D('',#148,#149,#150);
#148 = CARTESIAN_POINT('',(5.,205.,-345.));
#149 = DIRECTION('',(0.,1.,0.));
#150 = DIRECTION('',(-1.,0.,0.));
#151 = PCURVE('',#44,#152);
#152 = DEFINITIONAL_REPRESENTATION('',(#153),#157);
#153 = LINE('',#154,#155);
#154 = CARTESIAN_POINT('',(0.,5.));
#155 = VECTOR('',#156,1.);
#156 = DIRECTION('',(1.,0.));
#157 = ( GEOMETRIC_REPRESENTATION_CONTEXT(2) 
PARAMETRIC_REPRESENTATION_CONTEXT() REPRESENTATION_CONTEXT('2D SPACE',''
  ) );
#158 = PCURVE('',#159,#164);
#159 = SPHERICAL_SURFACE('',#160,5.);
#160 = AXIS2_PLACEMENT_3D('',#161,#162,#163);
#161 = CARTESIAN_POINT('',(5.,205.,-345.));
#162 = DIRECTION('',(0.,1.,0.));
#163 = DIRECTION('',(-1.,0.,0.));
#164 = DEFINITIONAL_REPRESENTATION('',(#165),#169);
#165 = LINE('',#166,#167);
#166 = CARTESIAN_POINT('',(0.,0.));
#167 = VECTOR('',#168,1.);
#168 = DIRECTION('',(1.,0.));
#169 = ( GEOMETRIC_REPRESENTATION_CONTEXT(2) 
PARAMETRIC_REPRESENTATION_CONTEXT() REPRESENTATION_CONTEXT('2D SPACE',''
  ) );
#170 = ORIENTED_EDGE('',*,*,#171,.T.);
#171 = EDGE_CURVE('',#143,#172,#174,.T.);
#172 = VERTEX_POINT('',#173);
#173 = CARTESIAN_POINT('',(5.,315.,-340.));
#174 = SURFACE_CURVE('',#175,(#179,#186),.PCURVE_S1.);
#175 = LINE('',#176,#177);
#176 = CARTESIAN_POINT('',(5.,200.,-340.));
#177 = VECTOR('',#178,1.);
#178 = DIRECTION('',(0.,1.,0.));
#179 = PCURVE('',#44,#180);
#180 = DEFINITIONAL_REPRESENTATION('',(#181),#185);
#181 = LINE('',#182,#183);
#182 = CARTESIAN_POINT('',(1.570796326795,0.));
#183 = VECTOR('',#184,1.);
#184 = DIRECTION('',(0.,1.));
#185 = ( GEOMETRIC_REPRESENTATION_CONTEXT(2) 
PARAMETRIC_REPRESENTATION_CONTEXT() REPRESENTATION_CONTEXT('2D SPACE',''
  ) );
#186 = PCURVE('',#187,#192);
#187 = PLANE('',#188);
#188 = AXIS2_PLACEMENT_3D('',#189,#190,#191);
#189 = CARTESIAN_POINT('',(0.,200.,-340.));
#190 = DIRECTION('',(0.,0.,1.));
#191 = DIRECTION('',(1.,0.,0.));
#192 = DEFINITIONAL_REPRESENTATION('',(#193),#197);
#193 = LINE('',#194,#195);
#194 = CARTESIAN_POINT('',(5.,0.));
#195 = VECTOR('',#196,1.);
#196 = DIRECTION('',(0.,1.));
#197 = ( GEOMETRIC_REPRESENTATION_CONTEXT(2) 
PARAMETRIC_REPRESENTATION_CONTEXT() REPRESENTATION_CONTEXT('2D SPACE',''
  ) );
#198 = ORIENTED_EDGE('',*,*,#199,.F.);
#199 = EDGE_CURVE('',#24,#172,#200,.T.);
#200 = SURFACE_CURVE('',#201,(#206,#213),.PCURVE_S1.);
#201 = CIRCLE('',#202,5.);
#202 = AXIS2_PLACEMENT_3D('',#203,#204,#205);
#203 = CARTESIAN_POINT('',(5.,315.,-345.));
#204 = DIRECTION('',(0.,1.,0.));
#205 = DIRECTION('',(-1.,0.,0.));
#206 = PCURVE('',#44,#207);
#207 = DEFINITIONAL_REPRESENTATION('',(#208),#212);
#208 = LINE('',#209,#210);
#209 = CARTESIAN_POINT('',(0.,115.));
#210 = VECTOR('',#211,1.);
#211 = DIRECTION('',(1.,0.));
#212 = ( GEOMETRIC_REPRESENTATION_CONTEXT(2) 
PARAMETRIC_REPRESENTATION_CONTEXT() REPRESENTATION_CONTEXT('2D SPACE',''
  ) );
#213 = PCURVE('',#214,#219);
#214 = SPHERICAL_SURFACE('',#215,5.);
#215 = AXIS2_PLACEMENT_3D('',#216,#217,#218);
#216 = CARTESIAN_POINT('',(5.,315.,-345.));
#217 = DIRECTION('',(-0.,-1.,-0.));
#218 = DIRECTION('',(-1.,0.,0.));
#219 = DEFINITIONAL_REPRESENTATION('',(#220),#224);
#220 = LINE('',#221,#222);
#221 = CARTESIAN_POINT('',(-0.,0.));
#222 = VECTOR('',#223,1.);
#223 = DIRECTION('',(-1.,0.));
#224 = ( GEOMETRIC_REPRESENTATION_CONTEXT(2) 
PARAMETRIC_REPRESENTATION_CONTEXT() REPRESENTATION_CONTEXT('2D SPACE',''
  ) );
#225 = ADVANCED_FACE('',(#226),#72,.T.);
#226 = FACE_BOUND('',#227,.T.);
#227 = EDGE_LOOP('',(#228,#255,#283,#303));
#228 = ORIENTED_EDGE('',*,*,#229,.F.);
#229 = EDGE_CURVE('',#230,#57,#232,.T.);
#230 = VERTEX_POINT('',#231);
#231 = CARTESIAN_POINT('',(5.,200.,-445.));
#232 = SURFACE_CURVE('',#233,(#238,#244),.PCURVE_S1.);
#233 = CIRCLE('',#234,5.);
#234 = AXIS2_PLACEMENT_3D('',#235,#236,#237);
#235 = CARTESIAN_POINT('',(5.,205.,-445.));
#236 = DIRECTION('',(0.,0.,-1.));
#237 = DIRECTION('',(-1.,0.,0.));
#238 = PCURVE('',#72,#239);
#239 = DEFINITIONAL_REPRESENTATION('',(#240),#243);
#240 = B_SPLINE_CURVE_WITH_KNOTS('',1,(#241,#242),.UNSPECIFIED.,.F.,.F.,
  (2,2),(4.712388980385,6.28318530718),.PIECEWISE_BEZIER_KNOTS.);
#241 = CARTESIAN_POINT('',(1.570796326795,5.));
#242 = CARTESIAN_POINT('',(0.,5.));
#243 = ( GEOMETRIC_REPRESENTATION_CONTEXT(2) 
PARAMETRIC_REPRESENTATION_CONTEXT() REPRESENTATION_CONTEXT('2D SPACE',''
  ) );
#244 = PCURVE('',#245,#250);
#245 = SPHERICAL_SURFACE('',#246,5.);
#246 = AXIS2_PLACEMENT_3D('',#247,#248,#249);
#247 = CARTESIAN_POINT('',(5.,205.,-445.));
#248 = DIRECTION('',(0.,1.,0.));
#249 = DIRECTION('',(-1.,0.,0.));
#250 = DEFINITIONAL_REPRESENTATION('',(#251),#254);
#251 = B_SPLINE_CURVE_WITH_KNOTS('',1,(#252,#253),.UNSPECIFIED.,.F.,.F.,
  (2,2),(4.712388980385,6.28318530718),.PIECEWISE_BEZIER_KNOTS.);
#252 = CARTESIAN_POINT('',(0.,-1.570796326795));
#253 = CARTESIAN_POINT('',(0.,0.));
#254 = ( GEOMETRIC_REPRESENTATION_CONTEXT(2) 
PARAMETRIC_REPRESENTATION_CONTEXT() REPRESENTATION_CONTEXT('2D SPACE',''
  ) );
#255 = ORIENTED_EDGE('',*,*,#256,.T.);
#256 = EDGE_CURVE('',#230,#257,#259,.T.);
#257 = VERTEX_POINT('',#258);
#258 = CARTESIAN_POINT('',(5.,200.,-345.));
#259 = SURFACE_CURVE('',#260,(#264,#271),.PCURVE_S1.);
#260 = LINE('',#261,#262);
#261 = CARTESIAN_POINT('',(5.,200.,-450.));
#262 = VECTOR('',#263,1.);
#263 = DIRECTION('',(0.,0.,1.));
#264 = PCURVE('',#72,#265);
#265 = DEFINITIONAL_REPRESENTATION('',(#266),#270);
#266 = LINE('',#267,#268);
#267 = CARTESIAN_POINT('',(1.570796326795,0.));
#268 = VECTOR('',#269,1.);
#269 = DIRECTION('',(0.,1.));
#270 = ( GEOMETRIC_REPRESENTATION_CONTEXT(2) 
PARAMETRIC_REPRESENTATION_CONTEXT() REPRESENTATION_CONTEXT('2D SPACE',''
  ) );
#271 = PCURVE('',#272,#277);
#272 = PLANE('',#273);
#273 = AXIS2_PLACEMENT_3D('',#274,#275,#276);
#274 = CARTESIAN_POINT('',(0.,200.,-450.));
#275 = DIRECTION('',(0.,1.,0.));
#276 = DIRECTION('',(0.,0.,1.));
#277 = DEFINITIONAL_REPRESENTATION('',(#278),#282);
#278 = LINE('',#279,#280);
#279 = CARTESIAN_POINT('',(0.,5.));
#280 = VECTOR('',#281,1.);
#281 = DIRECTION('',(1.,0.));
#282 = ( GEOMETRIC_REPRESENTATION_CONTEXT(2) 
PARAMETRIC_REPRESENTATION_CONTEXT() REPRESENTATION_CONTEXT('2D SPACE',''
  ) );
#283 = ORIENTED_EDGE('',*,*,#284,.T.);
#284 = EDGE_CURVE('',#257,#22,#285,.T.);
#285 = SURFACE_CURVE('',#286,(#291,#297),.PCURVE_S1.);
#286 = CIRCLE('',#287,5.);
#287 = AXIS2_PLACEMENT_3D('',#288,#289,#290);
#288 = CARTESIAN_POINT('',(5.,205.,-345.));
#289 = DIRECTION('',(0.,0.,-1.));
#290 = DIRECTION('',(-1.,0.,0.));
#291 = PCURVE('',#72,#292);
#292 = DEFINITIONAL_REPRESENTATION('',(#293),#296);
#293 = B_SPLINE_CURVE_WITH_KNOTS('',1,(#294,#295),.UNSPECIFIED.,.F.,.F.,
  (2,2),(4.712388980385,6.28318530718),.PIECEWISE_BEZIER_KNOTS.);
#294 = CARTESIAN_POINT('',(1.570796326795,105.));
#295 = CARTESIAN_POINT('',(0.,105.));
#296 = ( GEOMETRIC_REPRESENTATION_CONTEXT(2) 
PARAMETRIC_REPRESENTATION_CONTEXT() REPRESENTATION_CONTEXT('2D SPACE',''
  ) );
#297 = PCURVE('',#159,#298);
#298 = DEFINITIONAL_REPRESENTATION('',(#299),#302);
#299 = B_SPLINE_CURVE_WITH_KNOTS('',1,(#300,#301),.UNSPECIFIED.,.F.,.F.,
  (2,2),(4.712388980385,6.28318530718),.PIECEWISE_BEZIER_KNOTS.);
#300 = CARTESIAN_POINT('',(0.,-1.570796326795));
#301 = CARTESIAN_POINT('',(0.,0.));
#302 = ( GEOMETRIC_REPRESENTATION_CONTEXT(2) 
PARAMETRIC_REPRESENTATION_CONTEXT() REPRESENTATION_CONTEXT('2D SPACE',''
  ) );
#303 = ORIENTED_EDGE('',*,*,#56,.F.);
#304 = ADVANCED_FACE('',(#305),#126,.T.);
#305 = FACE_BOUND('',#306,.F.);
#306 = EDGE_LOOP('',(#307,#334,#362,#382));
#307 = ORIENTED_EDGE('',*,*,#308,.F.);
#308 = EDGE_CURVE('',#309,#85,#311,.T.);
#309 = VERTEX_POINT('',#310);
#310 = CARTESIAN_POINT('',(5.,320.,-445.));
#311 = SURFACE_CURVE('',#312,(#317,#323),.PCURVE_S1.);
#312 = CIRCLE('',#313,5.);
#313 = AXIS2_PLACEMENT_3D('',#314,#315,#316);
#314 = CARTESIAN_POINT('',(5.,315.,-445.));
#315 = DIRECTION('',(0.,0.,1.));
#316 = DIRECTION('',(-1.,0.,0.));
#317 = PCURVE('',#126,#318);
#318 = DEFINITIONAL_REPRESENTATION('',(#319),#322);
#319 = B_SPLINE_CURVE_WITH_KNOTS('',1,(#320,#321),.UNSPECIFIED.,.F.,.F.,
  (2,2),(4.712388980385,6.28318530718),.PIECEWISE_BEZIER_KNOTS.);
#320 = CARTESIAN_POINT('',(-1.570796326795,5.));
#321 = CARTESIAN_POINT('',(0.,5.));
#322 = ( GEOMETRIC_REPRESENTATION_CONTEXT(2) 
PARAMETRIC_REPRESENTATION_CONTEXT() REPRESENTATION_CONTEXT('2D SPACE',''
  ) );
#323 = PCURVE('',#324,#329);
#324 = SPHERICAL_SURFACE('',#325,5.);
#325 = AXIS2_PLACEMENT_3D('',#326,#327,#328);
#326 = CARTESIAN_POINT('',(5.,315.,-445.));
#327 = DIRECTION('',(-0.,-1.,-0.));
#328 = DIRECTION('',(-1.,0.,0.));
#329 = DEFINITIONAL_REPRESENTATION('',(#330),#333);
#330 = B_SPLINE_CURVE_WITH_KNOTS('',1,(#331,#332),.UNSPECIFIED.,.F.,.F.,
  (2,2),(4.712388980385,6.28318530718),.PIECEWISE_BEZIER_KNOTS.);
#331 = CARTESIAN_POINT('',(0.,-1.570796326795));
#332 = CARTESIAN_POINT('',(0.,0.));
#333 = ( GEOMETRIC_REPRESENTATION_CONTEXT(2) 
PARAMETRIC_REPRESENTATION_CONTEXT() REPRESENTATION_CONTEXT('2D SPACE',''
  ) );
#334 = ORIENTED_EDGE('',*,*,#335,.T.);
#335 = EDGE_CURVE('',#309,#336,#338,.T.);
#336 = VERTEX_POINT('',#337);
#337 = CARTESIAN_POINT('',(5.,320.,-345.));
#338 = SURFACE_CURVE('',#339,(#343,#350),.PCURVE_S1.);
#339 = LINE('',#340,#341);
#340 = CARTESIAN_POINT('',(5.,320.,-450.));
#341 = VECTOR('',#342,1.);
#342 = DIRECTION('',(0.,0.,1.));
#343 = PCURVE('',#126,#344);
#344 = DEFINITIONAL_REPRESENTATION('',(#345),#349);
#345 = LINE('',#346,#347);
#346 = CARTESIAN_POINT('',(-1.570796326795,0.));
#347 = VECTOR('',#348,1.);
#348 = DIRECTION('',(-0.,1.));
#349 = ( GEOMETRIC_REPRESENTATION_CONTEXT(2) 
PARAMETRIC_REPRESENTATION_CONTEXT() REPRESENTATION_CONTEXT('2D SPACE',''
  ) );
#350 = PCURVE('',#351,#356);
#351 = PLANE('',#352);
#352 = AXIS2_PLACEMENT_3D('',#353,#354,#355);
#353 = CARTESIAN_POINT('',(0.,320.,-450.));
#354 = DIRECTION('',(0.,1.,0.));
#355 = DIRECTION('',(0.,0.,1.));
#356 = DEFINITIONAL_REPRESENTATION('',(#357),#361);
#357 = LINE('',#358,#359);
#358 = CARTESIAN_POINT('',(0.,5.));
#359 = VECTOR('',#360,1.);
#360 = DIRECTION('',(1.,0.));
#361 = ( GEOMETRIC_REPRESENTATION_CONTEXT(2) 
PARAMETRIC_REPRESENTATION_CONTEXT() REPRESENTATION_CONTEXT('2D SPACE',''
  ) );
#362 = ORIENTED_EDGE('',*,*,#363,.T.);
#363 = EDGE_CURVE('',#336,#24,#364,.T.);
#364 = SURFACE_CURVE('',#365,(#370,#376),.PCURVE_S1.);
#365 = CIRCLE('',#366,5.);
#366 = AXIS2_PLACEMENT_3D('',#367,#368,#369);
#367 = CARTESIAN_POINT('',(5.,315.,-345.));
#368 = DIRECTION('',(0.,0.,1.));
#369 = DIRECTION('',(-1.,0.,0.));
#370 = PCURVE('',#126,#371);
#371 = DEFINITIONAL_REPRESENTATION('',(#372),#375);
#372 = B_SPLINE_CURVE_WITH_KNOTS('',1,(#373,#374),.UNSPECIFIED.,.F.,.F.,
  (2,2),(4.712388980385,6.28318530718),.PIECEWISE_BEZIER_KNOTS.);
#373 = CARTESIAN_POINT('',(-1.570796326795,105.));
#374 = CARTESIAN_POINT('',(0.,105.));
#375 = ( GEOMETRIC_REPRESENTATION_CONTEXT(2) 
PARAMETRIC_REPRESENTATION_CONTEXT() REPRESENTATION_CONTEXT('2D SPACE',''
  ) );
#376 = PCURVE('',#214,#377);
#377 = DEFINITIONAL_REPRESENTATION('',(#378),#381);
#378 = B_SPLINE_CURVE_WITH_KNOTS('',1,(#379,#380),.UNSPECIFIED.,.F.,.F.,
  (2,2),(4.712388980385,6.28318530718),.PIECEWISE_BEZIER_KNOTS.);
#379 = CARTESIAN_POINT('',(0.,-1.570796326795));
#380 = CARTESIAN_POINT('',(0.,0.));
#381 = ( GEOMETRIC_REPRESENTATION_CONTEXT(2) 
PARAMETRIC_REPRESENTATION_CONTEXT() REPRESENTATION_CONTEXT('2D SPACE',''
  ) );
#382 = ORIENTED_EDGE('',*,*,#112,.F.);
#383 = ADVANCED_FACE('',(#384),#100,.T.);
#384 = FACE_BOUND('',#385,.F.);
#385 = EDGE_LOOP('',(#386,#387,#411,#439));
#386 = ORIENTED_EDGE('',*,*,#84,.F.);
#387 = ORIENTED_EDGE('',*,*,#388,.T.);
#388 = EDGE_CURVE('',#57,#389,#391,.T.);
#389 = VERTEX_POINT('',#390);
#390 = CARTESIAN_POINT('',(5.,205.,-450.));
#391 = SURFACE_CURVE('',#392,(#397,#404),.PCURVE_S1.);
#392 = CIRCLE('',#393,5.);
#393 = AXIS2_PLACEMENT_3D('',#394,#395,#396);
#394 = CARTESIAN_POINT('',(5.,205.,-445.));
#395 = DIRECTION('',(-0.,-1.,-0.));
#396 = DIRECTION('',(-1.,0.,0.));
#397 = PCURVE('',#100,#398);
#398 = DEFINITIONAL_REPRESENTATION('',(#399),#403);
#399 = LINE('',#400,#401);
#400 = CARTESIAN_POINT('',(-0.,5.));
#401 = VECTOR('',#402,1.);
#402 = DIRECTION('',(-1.,0.));
#403 = ( GEOMETRIC_REPRESENTATION_CONTEXT(2) 
PARAMETRIC_REPRESENTATION_CONTEXT() REPRESENTATION_CONTEXT('2D SPACE',''
  ) );
#404 = PCURVE('',#245,#405);
#405 = DEFINITIONAL_REPRESENTATION('',(#406),#410);
#406 = LINE('',#407,#408);
#407 = CARTESIAN_POINT('',(-0.,0.));
#408 = VECTOR('',#409,1.);
#409 = DIRECTION('',(-1.,0.));
#410 = ( GEOMETRIC_REPRESENTATION_CONTEXT(2) 
PARAMETRIC_REPRESENTATION_CONTEXT() REPRESENTATION_CONTEXT('2D SPACE',''
  ) );
#411 = ORIENTED_EDGE('',*,*,#412,.T.);
#412 = EDGE_CURVE('',#389,#413,#415,.T.);
#413 = VERTEX_POINT('',#414);
#414 = CARTESIAN_POINT('',(5.,315.,-450.));
#415 = SURFACE_CURVE('',#416,(#420,#427),.PCURVE_S1.);
#416 = LINE('',#417,#418);
#417 = CARTESIAN_POINT('',(5.,200.,-450.));
#418 = VECTOR('',#419,1.);
#419 = DIRECTION('',(0.,1.,0.));
#420 = PCURVE('',#100,#421);
#421 = DEFINITIONAL_REPRESENTATION('',(#422),#426);
#422 = LINE('',#423,#424);
#423 = CARTESIAN_POINT('',(-1.570796326795,0.));
#424 = VECTOR('',#425,1.);
#425 = DIRECTION('',(-0.,1.));
#426 = ( GEOMETRIC_REPRESENTATION_CONTEXT(2) 
PARAMETRIC_REPRESENTATION_CONTEXT() REPRESENTATION_CONTEXT('2D SPACE',''
  ) );
#427 = PCURVE('',#428,#433);
#428 = PLANE('',#429);
#429 = AXIS2_PLACEMENT_3D('',#430,#431,#432);
#430 = CARTESIAN_POINT('',(0.,200.,-450.));
#431 = DIRECTION('',(0.,0.,1.));
#432 = DIRECTION('',(1.,0.,0.));
#433 = DEFINITIONAL_REPRESENTATION('',(#434),#438);
#434 = LINE('',#435,#436);
#435 = CARTESIAN_POINT('',(5.,0.));
#436 = VECTOR('',#437,1.);
#437 = DIRECTION('',(0.,1.));
#438 = ( GEOMETRIC_REPRESENTATION_CONTEXT(2) 
PARAMETRIC_REPRESENTATION_CONTEXT() REPRESENTATION_CONTEXT('2D SPACE',''
  ) );
#439 = ORIENTED_EDGE('',*,*,#440,.F.);
#440 = EDGE_CURVE('',#85,#413,#441,.T.);
#441 = SURFACE_CURVE('',#442,(#447,#454),.PCURVE_S1.);
#442 = CIRCLE('',#443,5.);
#443 = AXIS2_PLACEMENT_3D('',#444,#445,#446);
#444 = CARTESIAN_POINT('',(5.,315.,-445.));
#445 = DIRECTION('',(-0.,-1.,-0.));
#446 = DIRECTION('',(-1.,0.,0.));
#447 = PCURVE('',#100,#448);
#448 = DEFINITIONAL_REPRESENTATION('',(#449),#453);
#449 = LINE('',#450,#451);
#450 = CARTESIAN_POINT('',(-0.,115.));
#451 = VECTOR('',#452,1.);
#452 = DIRECTION('',(-1.,0.));
#453 = ( GEOMETRIC_REPRESENTATION_CONTEXT(2) 
PARAMETRIC_REPRESENTATION_CONTEXT() REPRESENTATION_CONTEXT('2D SPACE',''
  ) );
#454 = PCURVE('',#324,#455);
#455 = DEFINITIONAL_REPRESENTATION('',(#456),#460);
#456 = LINE('',#457,#458);
#457 = CARTESIAN_POINT('',(0.,0.));
#458 = VECTOR('',#459,1.);
#459 = DIRECTION('',(1.,0.));
#460 = ( GEOMETRIC_REPRESENTATION_CONTEXT(2) 
PARAMETRIC_REPRESENTATION_CONTEXT() REPRESENTATION_CONTEXT('2D SPACE',''
  ) );
#461 = ADVANCED_FACE('',(#462),#159,.T.);
#462 = FACE_BOUND('',#463,.T.);
#463 = EDGE_LOOP('',(#464,#465,#490));
#464 = ORIENTED_EDGE('',*,*,#284,.F.);
#465 = ORIENTED_EDGE('',*,*,#466,.T.);
#466 = EDGE_CURVE('',#257,#143,#467,.T.);
#467 = SURFACE_CURVE('',#468,(#473,#479),.PCURVE_S1.);
#468 = CIRCLE('',#469,5.);
#469 = AXIS2_PLACEMENT_3D('',#470,#471,#472);
#470 = CARTESIAN_POINT('',(5.,205.,-345.));
#471 = DIRECTION('',(-1.,0.,-6.123233995737E-17));
#472 = DIRECTION('',(-6.123233995737E-17,0.,1.));
#473 = PCURVE('',#159,#474);
#474 = DEFINITIONAL_REPRESENTATION('',(#475),#478);
#475 = B_SPLINE_CURVE_WITH_KNOTS('',1,(#476,#477),.UNSPECIFIED.,.F.,.F.,
  (2,2),(4.712388980385,6.28318530718),.PIECEWISE_BEZIER_KNOTS.);
#476 = CARTESIAN_POINT('',(1.570796326795,-1.570796326795));
#477 = CARTESIAN_POINT('',(1.570796326795,0.));
#478 = ( GEOMETRIC_REPRESENTATION_CONTEXT(2) 
PARAMETRIC_REPRESENTATION_CONTEXT() REPRESENTATION_CONTEXT('2D SPACE',''
  ) );
#479 = PCURVE('',#480,#485);
#480 = CYLINDRICAL_SURFACE('',#481,5.);
#481 = AXIS2_PLACEMENT_3D('',#482,#483,#484);
#482 = CARTESIAN_POINT('',(0.,205.,-345.));
#483 = DIRECTION('',(1.,0.,0.));
#484 = DIRECTION('',(0.,-1.,0.));
#485 = DEFINITIONAL_REPRESENTATION('',(#486),#489);
#486 = B_SPLINE_CURVE_WITH_KNOTS('',1,(#487,#488),.UNSPECIFIED.,.F.,.F.,
  (2,2),(4.712388980385,6.28318530718),.PIECEWISE_BEZIER_KNOTS.);
#487 = CARTESIAN_POINT('',(0.,5.));
#488 = CARTESIAN_POINT('',(-1.570796326795,5.));
#489 = ( GEOMETRIC_REPRESENTATION_CONTEXT(2) 
PARAMETRIC_REPRESENTATION_CONTEXT() REPRESENTATION_CONTEXT('2D SPACE',''
  ) );
#490 = ORIENTED_EDGE('',*,*,#142,.F.);
#491 = ADVANCED_FACE('',(#492),#214,.T.);
#492 = FACE_BOUND('',#493,.F.);
#493 = EDGE_LOOP('',(#494,#495,#520));
#494 = ORIENTED_EDGE('',*,*,#363,.F.);
#495 = ORIENTED_EDGE('',*,*,#496,.T.);
#496 = EDGE_CURVE('',#336,#172,#497,.T.);
#497 = SURFACE_CURVE('',#498,(#503,#509),.PCURVE_S1.);
#498 = CIRCLE('',#499,5.);
#499 = AXIS2_PLACEMENT_3D('',#500,#501,#502);
#500 = CARTESIAN_POINT('',(5.,315.,-345.));
#501 = DIRECTION('',(1.,0.,6.123233995737E-17));
#502 = DIRECTION('',(-6.123233995737E-17,0.,1.));
#503 = PCURVE('',#214,#504);
#504 = DEFINITIONAL_REPRESENTATION('',(#505),#508);
#505 = B_SPLINE_CURVE_WITH_KNOTS('',1,(#506,#507),.UNSPECIFIED.,.F.,.F.,
  (2,2),(4.712388980385,6.28318530718),.PIECEWISE_BEZIER_KNOTS.);
#506 = CARTESIAN_POINT('',(-1.570796326795,-1.570796326795));
#507 = CARTESIAN_POINT('',(-1.570796326795,0.));
#508 = ( GEOMETRIC_REPRESENTATION_CONTEXT(2) 
PARAMETRIC_REPRESENTATION_CONTEXT() REPRESENTATION_CONTEXT('2D SPACE',''
  ) );
#509 = PCURVE('',#510,#515);
#510 = CYLINDRICAL_SURFACE('',#511,5.);
#511 = AXIS2_PLACEMENT_3D('',#512,#513,#514);
#512 = CARTESIAN_POINT('',(0.,315.,-345.));
#513 = DIRECTION('',(1.,0.,0.));
#514 = DIRECTION('',(0.,0.,1.));
#515 = DEFINITIONAL_REPRESENTATION('',(#516),#519);
#516 = B_SPLINE_CURVE_WITH_KNOTS('',1,(#517,#518),.UNSPECIFIED.,.F.,.F.,
  (2,2),(4.712388980385,6.28318530718),.PIECEWISE_BEZIER_KNOTS.);
#517 = CARTESIAN_POINT('',(-1.570796326795,5.));
#518 = CARTESIAN_POINT('',(0.,5.));
#519 = ( GEOMETRIC_REPRESENTATION_CONTEXT(2) 
PARAMETRIC_REPRESENTATION_CONTEXT() REPRESENTATION_CONTEXT('2D SPACE',''
  ) );
#520 = ORIENTED_EDGE('',*,*,#199,.F.);
#521 = ADVANCED_FACE('',(#522),#187,.T.);
#522 = FACE_BOUND('',#523,.T.);
#523 = EDGE_LOOP('',(#524,#554,#582,#610,#638,#659,#660,#683));
#524 = ORIENTED_EDGE('',*,*,#525,.T.);
#525 = EDGE_CURVE('',#526,#528,#530,.T.);
#526 = VERTEX_POINT('',#527);
#527 = CARTESIAN_POINT('',(95.,235.,-340.));
#528 = VERTEX_POINT('',#529);
#529 = CARTESIAN_POINT('',(295.,235.,-340.));
#530 = SURFACE_CURVE('',#531,(#535,#542),.PCURVE_S1.);
#531 = LINE('',#532,#533);
#532 = CARTESIAN_POINT('',(100.,235.,-340.));
#533 = VECTOR('',#534,1.);
#534 = DIRECTION('',(1.,0.,0.));
#535 = PCURVE('',#187,#536);
#536 = DEFINITIONAL_REPRESENTATION('',(#537),#541);
#537 = LINE('',#538,#539);
#538 = CARTESIAN_POINT('',(100.,35.));
#539 = VECTOR('',#540,1.);
#540 = DIRECTION('',(1.,0.));
#541 = ( GEOMETRIC_REPRESENTATION_CONTEXT(2) 
PARAMETRIC_REPRESENTATION_CONTEXT() REPRESENTATION_CONTEXT('2D SPACE',''
  ) );
#542 = PCURVE('',#543,#548);
#543 = CYLINDRICAL_SURFACE('',#544,5.);
#544 = AXIS2_PLACEMENT_3D('',#545,#546,#547);
#545 = CARTESIAN_POINT('',(100.,235.,-345.));
#546 = DIRECTION('',(1.,0.,0.));
#547 = DIRECTION('',(0.,0.,1.));
#548 = DEFINITIONAL_REPRESENTATION('',(#549),#553);
#549 = LINE('',#550,#551);
#550 = CARTESIAN_POINT('',(0.,0.));
#551 = VECTOR('',#552,1.);
#552 = DIRECTION('',(0.,1.));
#553 = ( GEOMETRIC_REPRESENTATION_CONTEXT(2) 
PARAMETRIC_REPRESENTATION_CONTEXT() REPRESENTATION_CONTEXT('2D SPACE',''
  ) );
#554 = ORIENTED_EDGE('',*,*,#555,.T.);
#555 = EDGE_CURVE('',#528,#556,#558,.T.);
#556 = VERTEX_POINT('',#557);
#557 = CARTESIAN_POINT('',(295.,285.,-340.));
#558 = SURFACE_CURVE('',#559,(#563,#570),.PCURVE_S1.);
#559 = LINE('',#560,#561);
#560 = CARTESIAN_POINT('',(295.,230.,-340.));
#561 = VECTOR('',#562,1.);
#562 = DIRECTION('',(0.,1.,0.));
#563 = PCURVE('',#187,#564);
#564 = DEFINITIONAL_REPRESENTATION('',(#565),#569);
#565 = LINE('',#566,#567);
#566 = CARTESIAN_POINT('',(295.,30.));
#567 = VECTOR('',#568,1.);
#568 = DIRECTION('',(0.,1.));
#569 = ( GEOMETRIC_REPRESENTATION_CONTEXT(2) 
PARAMETRIC_REPRESENTATION_CONTEXT() REPRESENTATION_CONTEXT('2D SPACE',''
  ) );
#570 = PCURVE('',#571,#576);
#571 = CYLINDRICAL_SURFACE('',#572,5.);
#572 = AXIS2_PLACEMENT_3D('',#573,#574,#575);
#573 = CARTESIAN_POINT('',(295.,230.,-345.));
#574 = DIRECTION('',(0.,1.,0.));
#575 = DIRECTION('',(0.,-0.,1.));
#576 = DEFINITIONAL_REPRESENTATION('',(#577),#581);
#577 = LINE('',#578,#579);
#578 = CARTESIAN_POINT('',(0.,0.));
#579 = VECTOR('',#580,1.);
#580 = DIRECTION('',(0.,1.));
#581 = ( GEOMETRIC_REPRESENTATION_CONTEXT(2) 
PARAMETRIC_REPRESENTATION_CONTEXT() REPRESENTATION_CONTEXT('2D SPACE',''
  ) );
#582 = ORIENTED_EDGE('',*,*,#583,.F.);
#583 = EDGE_CURVE('',#584,#556,#586,.T.);
#584 = VERTEX_POINT('',#585);
#585 = CARTESIAN_POINT('',(95.,285.,-340.));
#586 = SURFACE_CURVE('',#587,(#591,#598),.PCURVE_S1.);
#587 = LINE('',#588,#589);
#588 = CARTESIAN_POINT('',(100.,285.,-340.));
#589 = VECTOR('',#590,1.);
#590 = DIRECTION('',(1.,0.,0.));
#591 = PCURVE('',#187,#592);
#592 = DEFINITIONAL_REPRESENTATION('',(#593),#597);
#593 = LINE('',#594,#595);
#594 = CARTESIAN_POINT('',(100.,85.));
#595 = VECTOR('',#596,1.);
#596 = DIRECTION('',(1.,0.));
#597 = ( GEOMETRIC_REPRESENTATION_CONTEXT(2) 
PARAMETRIC_REPRESENTATION_CONTEXT() REPRESENTATION_CONTEXT('2D SPACE',''
  ) );
#598 = PCURVE('',#599,#604);
#599 = CYLINDRICAL_SURFACE('',#600,5.);
#600 = AXIS2_PLACEMENT_3D('',#601,#602,#603);
#601 = CARTESIAN_POINT('',(100.,285.,-345.));
#602 = DIRECTION('',(1.,0.,0.));
#603 = DIRECTION('',(0.,0.,1.));
#604 = DEFINITIONAL_REPRESENTATION('',(#605),#609);
#605 = LINE('',#606,#607);
#606 = CARTESIAN_POINT('',(-0.,0.));
#607 = VECTOR('',#608,1.);
#608 = DIRECTION('',(-0.,1.));
#609 = ( GEOMETRIC_REPRESENTATION_CONTEXT(2) 
PARAMETRIC_REPRESENTATION_CONTEXT() REPRESENTATION_CONTEXT('2D SPACE',''
  ) );
#610 = ORIENTED_EDGE('',*,*,#611,.T.);
#611 = EDGE_CURVE('',#584,#612,#614,.T.);
#612 = VERTEX_POINT('',#613);
#613 = CARTESIAN_POINT('',(95.,315.,-340.));
#614 = SURFACE_CURVE('',#615,(#619,#626),.PCURVE_S1.);
#615 = LINE('',#616,#617);
#616 = CARTESIAN_POINT('',(95.,290.,-340.));
#617 = VECTOR('',#618,1.);
#618 = DIRECTION('',(0.,1.,0.));
#619 = PCURVE('',#187,#620);
#620 = DEFINITIONAL_REPRESENTATION('',(#621),#625);
#621 = LINE('',#622,#623);
#622 = CARTESIAN_POINT('',(95.,90.));
#623 = VECTOR('',#624,1.);
#624 = DIRECTION('',(0.,1.));
#625 = ( GEOMETRIC_REPRESENTATION_CONTEXT(2) 
PARAMETRIC_REPRESENTATION_CONTEXT() REPRESENTATION_CONTEXT('2D SPACE',''
  ) );
#626 = PCURVE('',#627,#632);
#627 = CYLINDRICAL_SURFACE('',#628,5.);
#628 = AXIS2_PLACEMENT_3D('',#629,#630,#631);
#629 = CARTESIAN_POINT('',(95.,290.,-345.));
#630 = DIRECTION('',(0.,1.,0.));
#631 = DIRECTION('',(0.,-0.,1.));
#632 = DEFINITIONAL_REPRESENTATION('',(#633),#637);
#633 = LINE('',#634,#635);
#634 = CARTESIAN_POINT('',(0.,0.));
#635 = VECTOR('',#636,1.);
#636 = DIRECTION('',(0.,1.));
#637 = ( GEOMETRIC_REPRESENTATION_CONTEXT(2) 
PARAMETRIC_REPRESENTATION_CONTEXT() REPRESENTATION_CONTEXT('2D SPACE',''
  ) );
#638 = ORIENTED_EDGE('',*,*,#639,.F.);
#639 = EDGE_CURVE('',#172,#612,#640,.T.);
#640 = SURFACE_CURVE('',#641,(#645,#652),.PCURVE_S1.);
#641 = LINE('',#642,#643);
#642 = CARTESIAN_POINT('',(0.,315.,-340.));
#643 = VECTOR('',#644,1.);
#644 = DIRECTION('',(1.,0.,0.));
#645 = PCURVE('',#187,#646);
#646 = DEFINITIONAL_REPRESENTATION('',(#647),#651);
#647 = LINE('',#648,#649);
#648 = CARTESIAN_POINT('',(0.,115.));
#649 = VECTOR('',#650,1.);
#650 = DIRECTION('',(1.,0.));
#651 = ( GEOMETRIC_REPRESENTATION_CONTEXT(2) 
PARAMETRIC_REPRESENTATION_CONTEXT() REPRESENTATION_CONTEXT('2D SPACE',''
  ) );
#652 = PCURVE('',#510,#653);
#653 = DEFINITIONAL_REPRESENTATION('',(#654),#658);
#654 = LINE('',#655,#656);
#655 = CARTESIAN_POINT('',(-0.,0.));
#656 = VECTOR('',#657,1.);
#657 = DIRECTION('',(-0.,1.));
#658 = ( GEOMETRIC_REPRESENTATION_CONTEXT(2) 
PARAMETRIC_REPRESENTATION_CONTEXT() REPRESENTATION_CONTEXT('2D SPACE',''
  ) );
#659 = ORIENTED_EDGE('',*,*,#171,.F.);
#660 = ORIENTED_EDGE('',*,*,#661,.T.);
#661 = EDGE_CURVE('',#143,#662,#664,.T.);
#662 = VERTEX_POINT('',#663);
#663 = CARTESIAN_POINT('',(95.,205.,-340.));
#664 = SURFACE_CURVE('',#665,(#669,#676),.PCURVE_S1.);
#665 = LINE('',#666,#667);
#666 = CARTESIAN_POINT('',(0.,205.,-340.));
#667 = VECTOR('',#668,1.);
#668 = DIRECTION('',(1.,0.,0.));
#669 = PCURVE('',#187,#670);
#670 = DEFINITIONAL_REPRESENTATION('',(#671),#675);
#671 = LINE('',#672,#673);
#672 = CARTESIAN_POINT('',(0.,5.));
#673 = VECTOR('',#674,1.);
#674 = DIRECTION('',(1.,0.));
#675 = ( GEOMETRIC_REPRESENTATION_CONTEXT(2) 
PARAMETRIC_REPRESENTATION_CONTEXT() REPRESENTATION_CONTEXT('2D SPACE',''
  ) );
#676 = PCURVE('',#480,#677);
#677 = DEFINITIONAL_REPRESENTATION('',(#678),#682);
#678 = LINE('',#679,#680);
#679 = CARTESIAN_POINT('',(-1.570796326795,0.));
#680 = VECTOR('',#681,1.);
#681 = DIRECTION('',(-0.,1.));
#682 = ( GEOMETRIC_REPRESENTATION_CONTEXT(2) 
PARAMETRIC_REPRESENTATION_CONTEXT() REPRESENTATION_CONTEXT('2D SPACE',''
  ) );
#683 = ORIENTED_EDGE('',*,*,#684,.T.);
#684 = EDGE_CURVE('',#662,#526,#685,.T.);
#685 = SURFACE_CURVE('',#686,(#690,#697),.PCURVE_S1.);
#686 = LINE('',#687,#688);
#687 = CARTESIAN_POINT('',(95.,200.,-340.));
#688 = VECTOR('',#689,1.);
#689 = DIRECTION('',(0.,1.,0.));
#690 = PCURVE('',#187,#691);
#691 = DEFINITIONAL_REPRESENTATION('',(#692),#696);
#692 = LINE('',#693,#694);
#693 = CARTESIAN_POINT('',(95.,0.));
#694 = VECTOR('',#695,1.);
#695 = DIRECTION('',(0.,1.));
#696 = ( GEOMETRIC_REPRESENTATION_CONTEXT(2) 
PARAMETRIC_REPRESENTATION_CONTEXT() REPRESENTATION_CONTEXT('2D SPACE',''
  ) );
#697 = PCURVE('',#698,#703);
#698 = CYLINDRICAL_SURFACE('',#699,5.);
#699 = AXIS2_PLACEMENT_3D('',#700,#701,#702);
#700 = CARTESIAN_POINT('',(95.,200.,-345.));
#701 = DIRECTION('',(0.,1.,0.));
#702 = DIRECTION('',(0.,-0.,1.));
#703 = DEFINITIONAL_REPRESENTATION('',(#704),#708);
#704 = LINE('',#705,#706);
#705 = CARTESIAN_POINT('',(0.,0.));
#706 = VECTOR('',#707,1.);
#707 = DIRECTION('',(0.,1.));
#708 = ( GEOMETRIC_REPRESENTATION_CONTEXT(2) 
PARAMETRIC_REPRESENTATION_CONTEXT() REPRESENTATION_CONTEXT('2D SPACE',''
  ) );
#709 = ADVANCED_FACE('',(#710),#245,.T.);
#710 = FACE_BOUND('',#711,.F.);
#711 = EDGE_LOOP('',(#712,#713,#738));
#712 = ORIENTED_EDGE('',*,*,#229,.F.);
#713 = ORIENTED_EDGE('',*,*,#714,.T.);
#714 = EDGE_CURVE('',#230,#389,#715,.T.);
#715 = SURFACE_CURVE('',#716,(#721,#727),.PCURVE_S1.);
#716 = CIRCLE('',#717,5.);
#717 = AXIS2_PLACEMENT_3D('',#718,#719,#720);
#718 = CARTESIAN_POINT('',(5.,205.,-445.));
#719 = DIRECTION('',(1.,0.,-6.123233995737E-17));
#720 = DIRECTION('',(-6.123233995737E-17,0.,-1.));
#721 = PCURVE('',#245,#722);
#722 = DEFINITIONAL_REPRESENTATION('',(#723),#726);
#723 = B_SPLINE_CURVE_WITH_KNOTS('',1,(#724,#725),.UNSPECIFIED.,.F.,.F.,
  (2,2),(4.712388980385,6.28318530718),.PIECEWISE_BEZIER_KNOTS.);
#724 = CARTESIAN_POINT('',(-1.570796326795,-1.570796326795));
#725 = CARTESIAN_POINT('',(-1.570796326795,0.));
#726 = ( GEOMETRIC_REPRESENTATION_CONTEXT(2) 
PARAMETRIC_REPRESENTATION_CONTEXT() REPRESENTATION_CONTEXT('2D SPACE',''
  ) );
#727 = PCURVE('',#728,#733);
#728 = CYLINDRICAL_SURFACE('',#729,5.);
#729 = AXIS2_PLACEMENT_3D('',#730,#731,#732);
#730 = CARTESIAN_POINT('',(0.,205.,-445.));
#731 = DIRECTION('',(1.,0.,0.));
#732 = DIRECTION('',(0.,-1.,0.));
#733 = DEFINITIONAL_REPRESENTATION('',(#734),#737);
#734 = B_SPLINE_CURVE_WITH_KNOTS('',1,(#735,#736),.UNSPECIFIED.,.F.,.F.,
  (2,2),(4.712388980385,6.28318530718),.PIECEWISE_BEZIER_KNOTS.);
#735 = CARTESIAN_POINT('',(0.,5.));
#736 = CARTESIAN_POINT('',(1.570796326795,5.));
#737 = ( GEOMETRIC_REPRESENTATION_CONTEXT(2) 
PARAMETRIC_REPRESENTATION_CONTEXT() REPRESENTATION_CONTEXT('2D SPACE',''
  ) );
#738 = ORIENTED_EDGE('',*,*,#388,.F.);
#739 = ADVANCED_FACE('',(#740),#272,.F.);
#740 = FACE_BOUND('',#741,.F.);
#741 = EDGE_LOOP('',(#742,#743,#766,#794));
#742 = ORIENTED_EDGE('',*,*,#256,.T.);
#743 = ORIENTED_EDGE('',*,*,#744,.T.);
#744 = EDGE_CURVE('',#257,#745,#747,.T.);
#745 = VERTEX_POINT('',#746);
#746 = CARTESIAN_POINT('',(95.,200.,-345.));
#747 = SURFACE_CURVE('',#748,(#752,#759),.PCURVE_S1.);
#748 = LINE('',#749,#750);
#749 = CARTESIAN_POINT('',(0.,200.,-345.));
#750 = VECTOR('',#751,1.);
#751 = DIRECTION('',(1.,0.,0.));
#752 = PCURVE('',#272,#753);
#753 = DEFINITIONAL_REPRESENTATION('',(#754),#758);
#754 = LINE('',#755,#756);
#755 = CARTESIAN_POINT('',(105.,0.));
#756 = VECTOR('',#757,1.);
#757 = DIRECTION('',(0.,1.));
#758 = ( GEOMETRIC_REPRESENTATION_CONTEXT(2) 
PARAMETRIC_REPRESENTATION_CONTEXT() REPRESENTATION_CONTEXT('2D SPACE',''
  ) );
#759 = PCURVE('',#480,#760);
#760 = DEFINITIONAL_REPRESENTATION('',(#761),#765);
#761 = LINE('',#762,#763);
#762 = CARTESIAN_POINT('',(-0.,0.));
#763 = VECTOR('',#764,1.);
#764 = DIRECTION('',(-0.,1.));
#765 = ( GEOMETRIC_REPRESENTATION_CONTEXT(2) 
PARAMETRIC_REPRESENTATION_CONTEXT() REPRESENTATION_CONTEXT('2D SPACE',''
  ) );
#766 = ORIENTED_EDGE('',*,*,#767,.F.);
#767 = EDGE_CURVE('',#768,#745,#770,.T.);
#768 = VERTEX_POINT('',#769);
#769 = CARTESIAN_POINT('',(95.,200.,-445.));
#770 = SURFACE_CURVE('',#771,(#775,#782),.PCURVE_S1.);
#771 = LINE('',#772,#773);
#772 = CARTESIAN_POINT('',(95.,200.,-450.));
#773 = VECTOR('',#774,1.);
#774 = DIRECTION('',(0.,0.,1.));
#775 = PCURVE('',#272,#776);
#776 = DEFINITIONAL_REPRESENTATION('',(#777),#781);
#777 = LINE('',#778,#779);
#778 = CARTESIAN_POINT('',(0.,95.));
#779 = VECTOR('',#780,1.);
#780 = DIRECTION('',(1.,0.));
#781 = ( GEOMETRIC_REPRESENTATION_CONTEXT(2) 
PARAMETRIC_REPRESENTATION_CONTEXT() REPRESENTATION_CONTEXT('2D SPACE',''
  ) );
#782 = PCURVE('',#783,#788);
#783 = CYLINDRICAL_SURFACE('',#784,5.);
#784 = AXIS2_PLACEMENT_3D('',#785,#786,#787);
#785 = CARTESIAN_POINT('',(95.,205.,-450.));
#786 = DIRECTION('',(0.,0.,1.));
#787 = DIRECTION('',(0.,-1.,0.));
#788 = DEFINITIONAL_REPRESENTATION('',(#789),#793);
#789 = LINE('',#790,#791);
#790 = CARTESIAN_POINT('',(0.,0.));
#791 = VECTOR('',#792,1.);
#792 = DIRECTION('',(0.,1.));
#793 = ( GEOMETRIC_REPRESENTATION_CONTEXT(2) 
PARAMETRIC_REPRESENTATION_CONTEXT() REPRESENTATION_CONTEXT('2D SPACE',''
  ) );
#794 = ORIENTED_EDGE('',*,*,#795,.F.);
#795 = EDGE_CURVE('',#230,#768,#796,.T.);
#796 = SURFACE_CURVE('',#797,(#801,#808),.PCURVE_S1.);
#797 = LINE('',#798,#799);
#798 = CARTESIAN_POINT('',(0.,200.,-445.));
#799 = VECTOR('',#800,1.);
#800 = DIRECTION('',(1.,0.,0.));
#801 = PCURVE('',#272,#802);
#802 = DEFINITIONAL_REPRESENTATION('',(#803),#807);
#803 = LINE('',#804,#805);
#804 = CARTESIAN_POINT('',(5.,0.));
#805 = VECTOR('',#806,1.);
#806 = DIRECTION('',(0.,1.));
#807 = ( GEOMETRIC_REPRESENTATION_CONTEXT(2) 
PARAMETRIC_REPRESENTATION_CONTEXT() REPRESENTATION_CONTEXT('2D SPACE',''
  ) );
#808 = PCURVE('',#728,#809);
#809 = DEFINITIONAL_REPRESENTATION('',(#810),#814);
#810 = LINE('',#811,#812);
#811 = CARTESIAN_POINT('',(0.,0.));
#812 = VECTOR('',#813,1.);
#813 = DIRECTION('',(0.,1.));
#814 = ( GEOMETRIC_REPRESENTATION_CONTEXT(2) 
PARAMETRIC_REPRESENTATION_CONTEXT() REPRESENTATION_CONTEXT('2D SPACE',''
  ) );
#815 = ADVANCED_FACE('',(#816),#324,.T.);
#816 = FACE_BOUND('',#817,.T.);
#817 = EDGE_LOOP('',(#818,#819,#844));
#818 = ORIENTED_EDGE('',*,*,#308,.F.);
#819 = ORIENTED_EDGE('',*,*,#820,.T.);
#820 = EDGE_CURVE('',#309,#413,#821,.T.);
#821 = SURFACE_CURVE('',#822,(#827,#833),.PCURVE_S1.);
#822 = CIRCLE('',#823,5.);
#823 = AXIS2_PLACEMENT_3D('',#824,#825,#826);
#824 = CARTESIAN_POINT('',(5.,315.,-445.));
#825 = DIRECTION('',(-1.,0.,6.123233995737E-17));
#826 = DIRECTION('',(-6.123233995737E-17,0.,-1.));
#827 = PCURVE('',#324,#828);
#828 = DEFINITIONAL_REPRESENTATION('',(#829),#832);
#829 = B_SPLINE_CURVE_WITH_KNOTS('',1,(#830,#831),.UNSPECIFIED.,.F.,.F.,
  (2,2),(4.712388980385,6.28318530718),.PIECEWISE_BEZIER_KNOTS.);
#830 = CARTESIAN_POINT('',(1.570796326795,-1.570796326795));
#831 = CARTESIAN_POINT('',(1.570796326795,0.));
#832 = ( GEOMETRIC_REPRESENTATION_CONTEXT(2) 
PARAMETRIC_REPRESENTATION_CONTEXT() REPRESENTATION_CONTEXT('2D SPACE',''
  ) );
#833 = PCURVE('',#834,#839);
#834 = CYLINDRICAL_SURFACE('',#835,5.);
#835 = AXIS2_PLACEMENT_3D('',#836,#837,#838);
#836 = CARTESIAN_POINT('',(0.,315.,-445.));
#837 = DIRECTION('',(1.,0.,0.));
#838 = DIRECTION('',(-0.,1.,0.));
#839 = DEFINITIONAL_REPRESENTATION('',(#840),#843);
#840 = B_SPLINE_CURVE_WITH_KNOTS('',1,(#841,#842),.UNSPECIFIED.,.F.,.F.,
  (2,2),(4.712388980385,6.28318530718),.PIECEWISE_BEZIER_KNOTS.);
#841 = CARTESIAN_POINT('',(0.,5.));
#842 = CARTESIAN_POINT('',(-1.570796326795,5.));
#843 = ( GEOMETRIC_REPRESENTATION_CONTEXT(2) 
PARAMETRIC_REPRESENTATION_CONTEXT() REPRESENTATION_CONTEXT('2D SPACE',''
  ) );
#844 = ORIENTED_EDGE('',*,*,#440,.F.);
#845 = ADVANCED_FACE('',(#846),#351,.T.);
#846 = FACE_BOUND('',#847,.T.);
#847 = EDGE_LOOP('',(#848,#849,#872,#900));
#848 = ORIENTED_EDGE('',*,*,#335,.T.);
#849 = ORIENTED_EDGE('',*,*,#850,.T.);
#850 = EDGE_CURVE('',#336,#851,#853,.T.);
#851 = VERTEX_POINT('',#852);
#852 = CARTESIAN_POINT('',(95.,320.,-345.));
#853 = SURFACE_CURVE('',#854,(#858,#865),.PCURVE_S1.);
#854 = LINE('',#855,#856);
#855 = CARTESIAN_POINT('',(0.,320.,-345.));
#856 = VECTOR('',#857,1.);
#857 = DIRECTION('',(1.,0.,0.));
#858 = PCURVE('',#351,#859);
#859 = DEFINITIONAL_REPRESENTATION('',(#860),#864);
#860 = LINE('',#861,#862);
#861 = CARTESIAN_POINT('',(105.,0.));
#862 = VECTOR('',#863,1.);
#863 = DIRECTION('',(0.,1.));
#864 = ( GEOMETRIC_REPRESENTATION_CONTEXT(2) 
PARAMETRIC_REPRESENTATION_CONTEXT() REPRESENTATION_CONTEXT('2D SPACE',''
  ) );
#865 = PCURVE('',#510,#866);
#866 = DEFINITIONAL_REPRESENTATION('',(#867),#871);
#867 = LINE('',#868,#869);
#868 = CARTESIAN_POINT('',(-1.570796326795,0.));
#869 = VECTOR('',#870,1.);
#870 = DIRECTION('',(-0.,1.));
#871 = ( GEOMETRIC_REPRESENTATION_CONTEXT(2) 
PARAMETRIC_REPRESENTATION_CONTEXT() REPRESENTATION_CONTEXT('2D SPACE',''
  ) );
#872 = ORIENTED_EDGE('',*,*,#873,.F.);
#873 = EDGE_CURVE('',#874,#851,#876,.T.);
#874 = VERTEX_POINT('',#875);
#875 = CARTESIAN_POINT('',(95.,320.,-445.));
#876 = SURFACE_CURVE('',#877,(#881,#888),.PCURVE_S1.);
#877 = LINE('',#878,#879);
#878 = CARTESIAN_POINT('',(95.,320.,-450.));
#879 = VECTOR('',#880,1.);
#880 = DIRECTION('',(0.,0.,1.));
#881 = PCURVE('',#351,#882);
#882 = DEFINITIONAL_REPRESENTATION('',(#883),#887);
#883 = LINE('',#884,#885);
#884 = CARTESIAN_POINT('',(0.,95.));
#885 = VECTOR('',#886,1.);
#886 = DIRECTION('',(1.,0.));
#887 = ( GEOMETRIC_REPRESENTATION_CONTEXT(2) 
PARAMETRIC_REPRESENTATION_CONTEXT() REPRESENTATION_CONTEXT('2D SPACE',''
  ) );
#888 = PCURVE('',#889,#894);
#889 = CYLINDRICAL_SURFACE('',#890,5.);
#890 = AXIS2_PLACEMENT_3D('',#891,#892,#893);
#891 = CARTESIAN_POINT('',(95.,315.,-450.));
#892 = DIRECTION('',(0.,0.,1.));
#893 = DIRECTION('',(0.,1.,0.));
#894 = DEFINITIONAL_REPRESENTATION('',(#895),#899);
#895 = LINE('',#896,#897);
#896 = CARTESIAN_POINT('',(-0.,0.));
#897 = VECTOR('',#898,1.);
#898 = DIRECTION('',(-0.,1.));
#899 = ( GEOMETRIC_REPRESENTATION_CONTEXT(2) 
PARAMETRIC_REPRESENTATION_CONTEXT() REPRESENTATION_CONTEXT('2D SPACE',''
  ) );
#900 = ORIENTED_EDGE('',*,*,#901,.F.);
#901 = EDGE_CURVE('',#309,#874,#902,.T.);
#902 = SURFACE_CURVE('',#903,(#907,#914),.PCURVE_S1.);
#903 = LINE('',#904,#905);
#904 = CARTESIAN_POINT('',(0.,320.,-445.));
#905 = VECTOR('',#906,1.);
#906 = DIRECTION('',(1.,0.,0.));
#907 = PCURVE('',#351,#908);
#908 = DEFINITIONAL_REPRESENTATION('',(#909),#913);
#909 = LINE('',#910,#911);
#910 = CARTESIAN_POINT('',(5.,0.));
#911 = VECTOR('',#912,1.);
#912 = DIRECTION('',(0.,1.));
#913 = ( GEOMETRIC_REPRESENTATION_CONTEXT(2) 
PARAMETRIC_REPRESENTATION_CONTEXT() REPRESENTATION_CONTEXT('2D SPACE',''
  ) );
#914 = PCURVE('',#834,#915);
#915 = DEFINITIONAL_REPRESENTATION('',(#916),#920);
#916 = LINE('',#917,#918);
#917 = CARTESIAN_POINT('',(-0.,0.));
#918 = VECTOR('',#919,1.);
#919 = DIRECTION('',(-0.,1.));
#920 = ( GEOMETRIC_REPRESENTATION_CONTEXT(2) 
PARAMETRIC_REPRESENTATION_CONTEXT() REPRESENTATION_CONTEXT('2D SPACE',''
  ) );
#921 = ADVANCED_FACE('',(#922),#428,.F.);
#922 = FACE_BOUND('',#923,.F.);
#923 = EDGE_LOOP('',(#924,#954,#975,#976));
#924 = ORIENTED_EDGE('',*,*,#925,.T.);
#925 = EDGE_CURVE('',#926,#928,#930,.T.);
#926 = VERTEX_POINT('',#927);
#927 = CARTESIAN_POINT('',(100.,205.,-450.));
#928 = VERTEX_POINT('',#929);
#929 = CARTESIAN_POINT('',(100.,315.,-450.));
#930 = SURFACE_CURVE('',#931,(#935,#942),.PCURVE_S1.);
#931 = LINE('',#932,#933);
#932 = CARTESIAN_POINT('',(100.,200.,-450.));
#933 = VECTOR('',#934,1.);
#934 = DIRECTION('',(0.,1.,0.));
#935 = PCURVE('',#428,#936);
#936 = DEFINITIONAL_REPRESENTATION('',(#937),#941);
#937 = LINE('',#938,#939);
#938 = CARTESIAN_POINT('',(100.,0.));
#939 = VECTOR('',#940,1.);
#940 = DIRECTION('',(0.,1.));
#941 = ( GEOMETRIC_REPRESENTATION_CONTEXT(2) 
PARAMETRIC_REPRESENTATION_CONTEXT() REPRESENTATION_CONTEXT('2D SPACE',''
  ) );
#942 = PCURVE('',#943,#948);
#943 = PLANE('',#944);
#944 = AXIS2_PLACEMENT_3D('',#945,#946,#947);
#945 = CARTESIAN_POINT('',(100.,200.,-450.));
#946 = DIRECTION('',(1.,0.,0.));
#947 = DIRECTION('',(0.,0.,1.));
#948 = DEFINITIONAL_REPRESENTATION('',(#949),#953);
#949 = LINE('',#950,#951);
#950 = CARTESIAN_POINT('',(0.,0.));
#951 = VECTOR('',#952,1.);
#952 = DIRECTION('',(0.,-1.));
#953 = ( GEOMETRIC_REPRESENTATION_CONTEXT(2) 
PARAMETRIC_REPRESENTATION_CONTEXT() REPRESENTATION_CONTEXT('2D SPACE',''
  ) );
#954 = ORIENTED_EDGE('',*,*,#955,.F.);
#955 = EDGE_CURVE('',#413,#928,#956,.T.);
#956 = SURFACE_CURVE('',#957,(#961,#968),.PCURVE_S1.);
#957 = LINE('',#958,#959);
#958 = CARTESIAN_POINT('',(0.,315.,-450.));
#959 = VECTOR('',#960,1.);
#960 = DIRECTION('',(1.,0.,0.));
#961 = PCURVE('',#428,#962);
#962 = DEFINITIONAL_REPRESENTATION('',(#963),#967);
#963 = LINE('',#964,#965);
#964 = CARTESIAN_POINT('',(0.,115.));
#965 = VECTOR('',#966,1.);
#966 = DIRECTION('',(1.,0.));
#967 = ( GEOMETRIC_REPRESENTATION_CONTEXT(2) 
PARAMETRIC_REPRESENTATION_CONTEXT() REPRESENTATION_CONTEXT('2D SPACE',''
  ) );
#968 = PCURVE('',#834,#969);
#969 = DEFINITIONAL_REPRESENTATION('',(#970),#974);
#970 = LINE('',#971,#972);
#971 = CARTESIAN_POINT('',(-1.570796326795,0.));
#972 = VECTOR('',#973,1.);
#973 = DIRECTION('',(-0.,1.));
#974 = ( GEOMETRIC_REPRESENTATION_CONTEXT(2) 
PARAMETRIC_REPRESENTATION_CONTEXT() REPRESENTATION_CONTEXT('2D SPACE',''
  ) );
#975 = ORIENTED_EDGE('',*,*,#412,.F.);
#976 = ORIENTED_EDGE('',*,*,#977,.T.);
#977 = EDGE_CURVE('',#389,#926,#978,.T.);
#978 = SURFACE_CURVE('',#979,(#983,#990),.PCURVE_S1.);
#979 = LINE('',#980,#981);
#980 = CARTESIAN_POINT('',(0.,205.,-450.));
#981 = VECTOR('',#982,1.);
#982 = DIRECTION('',(1.,0.,0.));
#983 = PCURVE('',#428,#984);
#984 = DEFINITIONAL_REPRESENTATION('',(#985),#989);
#985 = LINE('',#986,#987);
#986 = CARTESIAN_POINT('',(0.,5.));
#987 = VECTOR('',#988,1.);
#988 = DIRECTION('',(1.,0.));
#989 = ( GEOMETRIC_REPRESENTATION_CONTEXT(2) 
PARAMETRIC_REPRESENTATION_CONTEXT() REPRESENTATION_CONTEXT('2D SPACE',''
  ) );
#990 = PCURVE('',#728,#991);
#991 = DEFINITIONAL_REPRESENTATION('',(#992),#996);
#992 = LINE('',#993,#994);
#993 = CARTESIAN_POINT('',(1.570796326795,0.));
#994 = VECTOR('',#995,1.);
#995 = DIRECTION('',(0.,1.));
#996 = ( GEOMETRIC_REPRESENTATION_CONTEXT(2) 
PARAMETRIC_REPRESENTATION_CONTEXT() REPRESENTATION_CONTEXT('2D SPACE',''
  ) );
#997 = ADVANCED_FACE('',(#998),#480,.T.);
#998 = FACE_BOUND('',#999,.F.);
#999 = EDGE_LOOP('',(#1000,#1001,#1002,#1027));
#1000 = ORIENTED_EDGE('',*,*,#466,.T.);
#1001 = ORIENTED_EDGE('',*,*,#661,.T.);
#1002 = ORIENTED_EDGE('',*,*,#1003,.T.);
#1003 = EDGE_CURVE('',#662,#745,#1004,.T.);
#1004 = SURFACE_CURVE('',#1005,(#1010,#1016),.PCURVE_S1.);
#1005 = CIRCLE('',#1006,5.);
#1006 = AXIS2_PLACEMENT_3D('',#1007,#1008,#1009);
#1007 = CARTESIAN_POINT('',(95.,205.,-345.));
#1008 = DIRECTION('',(1.,0.,0.));
#1009 = DIRECTION('',(0.,-1.,0.));
#1010 = PCURVE('',#480,#1011);
#1011 = DEFINITIONAL_REPRESENTATION('',(#1012),#1015);
#1012 = B_SPLINE_CURVE_WITH_KNOTS('',1,(#1013,#1014),.UNSPECIFIED.,.F.,
  .F.,(2,2),(4.712388980385,6.28318530718),.PIECEWISE_BEZIER_KNOTS.);
#1013 = CARTESIAN_POINT('',(-1.570796326795,95.));
#1014 = CARTESIAN_POINT('',(0.,95.));
#1015 = ( GEOMETRIC_REPRESENTATION_CONTEXT(2) 
PARAMETRIC_REPRESENTATION_CONTEXT() REPRESENTATION_CONTEXT('2D SPACE',''
  ) );
#1016 = PCURVE('',#1017,#1022);
#1017 = SPHERICAL_SURFACE('',#1018,5.);
#1018 = AXIS2_PLACEMENT_3D('',#1019,#1020,#1021);
#1019 = CARTESIAN_POINT('',(95.,205.,-345.));
#1020 = DIRECTION('',(-0.,-0.,-1.));
#1021 = DIRECTION('',(0.,-1.,0.));
#1022 = DEFINITIONAL_REPRESENTATION('',(#1023),#1026);
#1023 = B_SPLINE_CURVE_WITH_KNOTS('',1,(#1024,#1025),.UNSPECIFIED.,.F.,
  .F.,(2,2),(4.712388980385,6.28318530718),.PIECEWISE_BEZIER_KNOTS.);
#1024 = CARTESIAN_POINT('',(0.,-1.570796326795));
#1025 = CARTESIAN_POINT('',(0.,0.));
#1026 = ( GEOMETRIC_REPRESENTATION_CONTEXT(2) 
PARAMETRIC_REPRESENTATION_CONTEXT() REPRESENTATION_CONTEXT('2D SPACE',''
  ) );
#1027 = ORIENTED_EDGE('',*,*,#744,.F.);
#1028 = ADVANCED_FACE('',(#1029),#510,.T.);
#1029 = FACE_BOUND('',#1030,.F.);
#1030 = EDGE_LOOP('',(#1031,#1032,#1033,#1058));
#1031 = ORIENTED_EDGE('',*,*,#496,.F.);
#1032 = ORIENTED_EDGE('',*,*,#850,.T.);
#1033 = ORIENTED_EDGE('',*,*,#1034,.F.);
#1034 = EDGE_CURVE('',#612,#851,#1035,.T.);
#1035 = SURFACE_CURVE('',#1036,(#1041,#1047),.PCURVE_S1.);
#1036 = CIRCLE('',#1037,5.);
#1037 = AXIS2_PLACEMENT_3D('',#1038,#1039,#1040);
#1038 = CARTESIAN_POINT('',(95.,315.,-345.));
#1039 = DIRECTION('',(-1.,0.,0.));
#1040 = DIRECTION('',(0.,1.,0.));
#1041 = PCURVE('',#510,#1042);
#1042 = DEFINITIONAL_REPRESENTATION('',(#1043),#1046);
#1043 = B_SPLINE_CURVE_WITH_KNOTS('',1,(#1044,#1045),.UNSPECIFIED.,.F.,
  .F.,(2,2),(4.712388980385,6.28318530718),.PIECEWISE_BEZIER_KNOTS.);
#1044 = CARTESIAN_POINT('',(0.,95.));
#1045 = CARTESIAN_POINT('',(-1.570796326795,95.));
#1046 = ( GEOMETRIC_REPRESENTATION_CONTEXT(2) 
PARAMETRIC_REPRESENTATION_CONTEXT() REPRESENTATION_CONTEXT('2D SPACE',''
  ) );
#1047 = PCURVE('',#1048,#1053);
#1048 = SPHERICAL_SURFACE('',#1049,5.);
#1049 = AXIS2_PLACEMENT_3D('',#1050,#1051,#1052);
#1050 = CARTESIAN_POINT('',(95.,315.,-345.));
#1051 = DIRECTION('',(-0.,-0.,-1.));
#1052 = DIRECTION('',(0.,1.,-0.));
#1053 = DEFINITIONAL_REPRESENTATION('',(#1054),#1057);
#1054 = B_SPLINE_CURVE_WITH_KNOTS('',1,(#1055,#1056),.UNSPECIFIED.,.F.,
  .F.,(2,2),(4.712388980385,6.28318530718),.PIECEWISE_BEZIER_KNOTS.);
#1055 = CARTESIAN_POINT('',(0.,-1.570796326795));
#1056 = CARTESIAN_POINT('',(0.,0.));
#1057 = ( GEOMETRIC_REPRESENTATION_CONTEXT(2) 
PARAMETRIC_REPRESENTATION_CONTEXT() REPRESENTATION_CONTEXT('2D SPACE',''
  ) );
#1058 = ORIENTED_EDGE('',*,*,#639,.F.);
#1059 = ADVANCED_FACE('',(#1060),#543,.T.);
#1060 = FACE_BOUND('',#1061,.T.);
#1061 = EDGE_LOOP('',(#1062,#1098,#1126,#1153));
#1062 = ORIENTED_EDGE('',*,*,#1063,.T.);
#1063 = EDGE_CURVE('',#526,#1064,#1066,.T.);
#1064 = VERTEX_POINT('',#1065);
#1065 = CARTESIAN_POINT('',(100.,230.,-345.));
#1066 = SURFACE_CURVE('',#1067,(#1072,#1085),.PCURVE_S1.);
#1067 = ELLIPSE('',#1068,7.071067811865,5.);
#1068 = AXIS2_PLACEMENT_3D('',#1069,#1070,#1071);
#1069 = CARTESIAN_POINT('',(95.,235.,-345.));
#1070 = DIRECTION('',(0.707106781187,0.707106781187,0.));
#1071 = DIRECTION('',(0.707106781187,-0.707106781187,0.));
#1072 = PCURVE('',#543,#1073);
#1073 = DEFINITIONAL_REPRESENTATION('',(#1074),#1084);
#1074 = B_SPLINE_CURVE_WITH_KNOTS('',8,(#1075,#1076,#1077,#1078,#1079,
    #1080,#1081,#1082,#1083),.UNSPECIFIED.,.F.,.F.,(9,9),(4.712388980385
    ,6.28318530718),.PIECEWISE_BEZIER_KNOTS.);
#1075 = CARTESIAN_POINT('',(0.,-5.));
#1076 = CARTESIAN_POINT('',(0.196349540849,-4.018252295753));
#1077 = CARTESIAN_POINT('',(0.392699081699,-3.036504358408));
#1078 = CARTESIAN_POINT('',(0.589048622547,-2.112433693944));
#1079 = CARTESIAN_POINT('',(0.785398163395,-1.303706247108));
#1080 = CARTESIAN_POINT('',(0.981747704246,-0.6609097683));
#1081 = CARTESIAN_POINT('',(1.178097245096,-0.22030387993));
#1082 = CARTESIAN_POINT('',(1.374446785946,-2.404588367152E-16));
#1083 = CARTESIAN_POINT('',(1.570796326795,0.));
#1084 = ( GEOMETRIC_REPRESENTATION_CONTEXT(2) 
PARAMETRIC_REPRESENTATION_CONTEXT() REPRESENTATION_CONTEXT('2D SPACE',''
  ) );
#1085 = PCURVE('',#698,#1086);
#1086 = DEFINITIONAL_REPRESENTATION('',(#1087),#1097);
#1087 = B_SPLINE_CURVE_WITH_KNOTS('',8,(#1088,#1089,#1090,#1091,#1092,
    #1093,#1094,#1095,#1096),.UNSPECIFIED.,.F.,.F.,(9,9),(4.712388980385
    ,6.28318530718),.PIECEWISE_BEZIER_KNOTS.);
#1088 = CARTESIAN_POINT('',(0.,35.));
#1089 = CARTESIAN_POINT('',(0.196349540849,34.018252295753));
#1090 = CARTESIAN_POINT('',(0.392699081698,33.036504358348));
#1091 = CARTESIAN_POINT('',(0.589048622547,32.112433694027));
#1092 = CARTESIAN_POINT('',(0.785398163398,31.303706246952));
#1093 = CARTESIAN_POINT('',(0.981747704247,30.660909768369));
#1094 = CARTESIAN_POINT('',(1.178097245096,30.220303879873));
#1095 = CARTESIAN_POINT('',(1.374446785946,30.));
#1096 = CARTESIAN_POINT('',(1.570796326795,30.));
#1097 = ( GEOMETRIC_REPRESENTATION_CONTEXT(2) 
PARAMETRIC_REPRESENTATION_CONTEXT() REPRESENTATION_CONTEXT('2D SPACE',''
  ) );
#1098 = ORIENTED_EDGE('',*,*,#1099,.T.);
#1099 = EDGE_CURVE('',#1064,#1100,#1102,.T.);
#1100 = VERTEX_POINT('',#1101);
#1101 = CARTESIAN_POINT('',(295.,230.,-345.));
#1102 = SURFACE_CURVE('',#1103,(#1107,#1114),.PCURVE_S1.);
#1103 = LINE('',#1104,#1105);
#1104 = CARTESIAN_POINT('',(100.,230.,-345.));
#1105 = VECTOR('',#1106,1.);
#1106 = DIRECTION('',(1.,0.,0.));
#1107 = PCURVE('',#543,#1108);
#1108 = DEFINITIONAL_REPRESENTATION('',(#1109),#1113);
#1109 = LINE('',#1110,#1111);
#1110 = CARTESIAN_POINT('',(1.570796326795,0.));
#1111 = VECTOR('',#1112,1.);
#1112 = DIRECTION('',(0.,1.));
#1113 = ( GEOMETRIC_REPRESENTATION_CONTEXT(2) 
PARAMETRIC_REPRESENTATION_CONTEXT() REPRESENTATION_CONTEXT('2D SPACE',''
  ) );
#1114 = PCURVE('',#1115,#1120);
#1115 = PLANE('',#1116);
#1116 = AXIS2_PLACEMENT_3D('',#1117,#1118,#1119);
#1117 = CARTESIAN_POINT('',(100.,230.,-445.));
#1118 = DIRECTION('',(0.,1.,0.));
#1119 = DIRECTION('',(0.,0.,1.));
#1120 = DEFINITIONAL_REPRESENTATION('',(#1121),#1125);
#1121 = LINE('',#1122,#1123);
#1122 = CARTESIAN_POINT('',(100.,0.));
#1123 = VECTOR('',#1124,1.);
#1124 = DIRECTION('',(0.,1.));
#1125 = ( GEOMETRIC_REPRESENTATION_CONTEXT(2) 
PARAMETRIC_REPRESENTATION_CONTEXT() REPRESENTATION_CONTEXT('2D SPACE',''
  ) );
#1126 = ORIENTED_EDGE('',*,*,#1127,.T.);
#1127 = EDGE_CURVE('',#1100,#528,#1128,.T.);
#1128 = SURFACE_CURVE('',#1129,(#1134,#1141),.PCURVE_S1.);
#1129 = CIRCLE('',#1130,5.);
#1130 = AXIS2_PLACEMENT_3D('',#1131,#1132,#1133);
#1131 = CARTESIAN_POINT('',(295.,235.,-345.));
#1132 = DIRECTION('',(-1.,0.,0.));
#1133 = DIRECTION('',(0.,-1.,0.));
#1134 = PCURVE('',#543,#1135);
#1135 = DEFINITIONAL_REPRESENTATION('',(#1136),#1140);
#1136 = LINE('',#1137,#1138);
#1137 = CARTESIAN_POINT('',(1.570796326795,195.));
#1138 = VECTOR('',#1139,1.);
#1139 = DIRECTION('',(-1.,-0.));
#1140 = ( GEOMETRIC_REPRESENTATION_CONTEXT(2) 
PARAMETRIC_REPRESENTATION_CONTEXT() REPRESENTATION_CONTEXT('2D SPACE',''
  ) );
#1141 = PCURVE('',#1142,#1147);
#1142 = SPHERICAL_SURFACE('',#1143,5.);
#1143 = AXIS2_PLACEMENT_3D('',#1144,#1145,#1146);
#1144 = CARTESIAN_POINT('',(295.,235.,-345.));
#1145 = DIRECTION('',(-1.,-0.,0.));
#1146 = DIRECTION('',(0.,-1.,0.));
#1147 = DEFINITIONAL_REPRESENTATION('',(#1148),#1152);
#1148 = LINE('',#1149,#1150);
#1149 = CARTESIAN_POINT('',(0.,0.));
#1150 = VECTOR('',#1151,1.);
#1151 = DIRECTION('',(1.,0.));
#1152 = ( GEOMETRIC_REPRESENTATION_CONTEXT(2) 
PARAMETRIC_REPRESENTATION_CONTEXT() REPRESENTATION_CONTEXT('2D SPACE',''
  ) );
#1153 = ORIENTED_EDGE('',*,*,#525,.F.);
#1154 = ADVANCED_FACE('',(#1155),#698,.T.);
#1155 = FACE_BOUND('',#1156,.T.);
#1156 = EDGE_LOOP('',(#1157,#1179,#1200,#1201));
#1157 = ORIENTED_EDGE('',*,*,#1158,.T.);
#1158 = EDGE_CURVE('',#662,#1159,#1161,.T.);
#1159 = VERTEX_POINT('',#1160);
#1160 = CARTESIAN_POINT('',(100.,205.,-345.));
#1161 = SURFACE_CURVE('',#1162,(#1167,#1173),.PCURVE_S1.);
#1162 = CIRCLE('',#1163,5.);
#1163 = AXIS2_PLACEMENT_3D('',#1164,#1165,#1166);
#1164 = CARTESIAN_POINT('',(95.,205.,-345.));
#1165 = DIRECTION('',(6.123233995737E-17,1.,0.));
#1166 = DIRECTION('',(1.,-6.123233995737E-17,0.));
#1167 = PCURVE('',#698,#1168);
#1168 = DEFINITIONAL_REPRESENTATION('',(#1169),#1172);
#1169 = B_SPLINE_CURVE_WITH_KNOTS('',1,(#1170,#1171),.UNSPECIFIED.,.F.,
  .F.,(2,2),(4.712388980385,6.28318530718),.PIECEWISE_BEZIER_KNOTS.);
#1170 = CARTESIAN_POINT('',(0.,5.));
#1171 = CARTESIAN_POINT('',(1.570796326795,5.));
#1172 = ( GEOMETRIC_REPRESENTATION_CONTEXT(2) 
PARAMETRIC_REPRESENTATION_CONTEXT() REPRESENTATION_CONTEXT('2D SPACE',''
  ) );
#1173 = PCURVE('',#1017,#1174);
#1174 = DEFINITIONAL_REPRESENTATION('',(#1175),#1178);
#1175 = B_SPLINE_CURVE_WITH_KNOTS('',1,(#1176,#1177),.UNSPECIFIED.,.F.,
  .F.,(2,2),(4.712388980385,6.28318530718),.PIECEWISE_BEZIER_KNOTS.);
#1176 = CARTESIAN_POINT('',(-1.570796326795,-1.570796326795));
#1177 = CARTESIAN_POINT('',(-1.570796326795,0.));
#1178 = ( GEOMETRIC_REPRESENTATION_CONTEXT(2) 
PARAMETRIC_REPRESENTATION_CONTEXT() REPRESENTATION_CONTEXT('2D SPACE',''
  ) );
#1179 = ORIENTED_EDGE('',*,*,#1180,.T.);
#1180 = EDGE_CURVE('',#1159,#1064,#1181,.T.);
#1181 = SURFACE_CURVE('',#1182,(#1186,#1193),.PCURVE_S1.);
#1182 = LINE('',#1183,#1184);
#1183 = CARTESIAN_POINT('',(100.,200.,-345.));
#1184 = VECTOR('',#1185,1.);
#1185 = DIRECTION('',(0.,1.,0.));
#1186 = PCURVE('',#698,#1187);
#1187 = DEFINITIONAL_REPRESENTATION('',(#1188),#1192);
#1188 = LINE('',#1189,#1190);
#1189 = CARTESIAN_POINT('',(1.570796326795,0.));
#1190 = VECTOR('',#1191,1.);
#1191 = DIRECTION('',(0.,1.));
#1192 = ( GEOMETRIC_REPRESENTATION_CONTEXT(2) 
PARAMETRIC_REPRESENTATION_CONTEXT() REPRESENTATION_CONTEXT('2D SPACE',''
  ) );
#1193 = PCURVE('',#943,#1194);
#1194 = DEFINITIONAL_REPRESENTATION('',(#1195),#1199);
#1195 = LINE('',#1196,#1197);
#1196 = CARTESIAN_POINT('',(105.,0.));
#1197 = VECTOR('',#1198,1.);
#1198 = DIRECTION('',(0.,-1.));
#1199 = ( GEOMETRIC_REPRESENTATION_CONTEXT(2) 
PARAMETRIC_REPRESENTATION_CONTEXT() REPRESENTATION_CONTEXT('2D SPACE',''
  ) );
#1200 = ORIENTED_EDGE('',*,*,#1063,.F.);
#1201 = ORIENTED_EDGE('',*,*,#684,.F.);
#1202 = ADVANCED_FACE('',(#1203),#571,.T.);
#1203 = FACE_BOUND('',#1204,.T.);
#1204 = EDGE_LOOP('',(#1205,#1227,#1255,#1280));
#1205 = ORIENTED_EDGE('',*,*,#1206,.F.);
#1206 = EDGE_CURVE('',#1207,#528,#1209,.T.);
#1207 = VERTEX_POINT('',#1208);
#1208 = CARTESIAN_POINT('',(300.,235.,-345.));
#1209 = SURFACE_CURVE('',#1210,(#1215,#1221),.PCURVE_S1.);
#1210 = CIRCLE('',#1211,5.);
#1211 = AXIS2_PLACEMENT_3D('',#1212,#1213,#1214);
#1212 = CARTESIAN_POINT('',(295.,235.,-345.));
#1213 = DIRECTION('',(0.,-1.,-6.123233995737E-17));
#1214 = DIRECTION('',(0.,-6.123233995737E-17,1.));
#1215 = PCURVE('',#571,#1216);
#1216 = DEFINITIONAL_REPRESENTATION('',(#1217),#1220);
#1217 = B_SPLINE_CURVE_WITH_KNOTS('',1,(#1218,#1219),.UNSPECIFIED.,.F.,
  .F.,(2,2),(4.712388980385,6.28318530718),.PIECEWISE_BEZIER_KNOTS.);
#1218 = CARTESIAN_POINT('',(1.570796326795,5.));
#1219 = CARTESIAN_POINT('',(0.,5.));
#1220 = ( GEOMETRIC_REPRESENTATION_CONTEXT(2) 
PARAMETRIC_REPRESENTATION_CONTEXT() REPRESENTATION_CONTEXT('2D SPACE',''
  ) );
#1221 = PCURVE('',#1142,#1222);
#1222 = DEFINITIONAL_REPRESENTATION('',(#1223),#1226);
#1223 = B_SPLINE_CURVE_WITH_KNOTS('',1,(#1224,#1225),.UNSPECIFIED.,.F.,
  .F.,(2,2),(4.712388980385,6.28318530718),.PIECEWISE_BEZIER_KNOTS.);
#1224 = CARTESIAN_POINT('',(1.570796326795,-1.570796326795));
#1225 = CARTESIAN_POINT('',(1.570796326795,0.));
#1226 = ( GEOMETRIC_REPRESENTATION_CONTEXT(2) 
PARAMETRIC_REPRESENTATION_CONTEXT() REPRESENTATION_CONTEXT('2D SPACE',''
  ) );
#1227 = ORIENTED_EDGE('',*,*,#1228,.T.);
#1228 = EDGE_CURVE('',#1207,#1229,#1231,.T.);
#1229 = VERTEX_POINT('',#1230);
#1230 = CARTESIAN_POINT('',(300.,285.,-345.));
#1231 = SURFACE_CURVE('',#1232,(#1236,#1243),.PCURVE_S1.);
#1232 = LINE('',#1233,#1234);
#1233 = CARTESIAN_POINT('',(300.,230.,-345.));
#1234 = VECTOR('',#1235,1.);
#1235 = DIRECTION('',(0.,1.,0.));
#1236 = PCURVE('',#571,#1237);
#1237 = DEFINITIONAL_REPRESENTATION('',(#1238),#1242);
#1238 = LINE('',#1239,#1240);
#1239 = CARTESIAN_POINT('',(1.570796326795,0.));
#1240 = VECTOR('',#1241,1.);
#1241 = DIRECTION('',(0.,1.));
#1242 = ( GEOMETRIC_REPRESENTATION_CONTEXT(2) 
PARAMETRIC_REPRESENTATION_CONTEXT() REPRESENTATION_CONTEXT('2D SPACE',''
  ) );
#1243 = PCURVE('',#1244,#1249);
#1244 = PLANE('',#1245);
#1245 = AXIS2_PLACEMENT_3D('',#1246,#1247,#1248);
#1246 = CARTESIAN_POINT('',(300.,230.,-445.));
#1247 = DIRECTION('',(1.,0.,0.));
#1248 = DIRECTION('',(0.,0.,1.));
#1249 = DEFINITIONAL_REPRESENTATION('',(#1250),#1254);
#1250 = LINE('',#1251,#1252);
#1251 = CARTESIAN_POINT('',(100.,0.));
#1252 = VECTOR('',#1253,1.);
#1253 = DIRECTION('',(0.,-1.));
#1254 = ( GEOMETRIC_REPRESENTATION_CONTEXT(2) 
PARAMETRIC_REPRESENTATION_CONTEXT() REPRESENTATION_CONTEXT('2D SPACE',''
  ) );
#1255 = ORIENTED_EDGE('',*,*,#1256,.T.);
#1256 = EDGE_CURVE('',#1229,#556,#1257,.T.);
#1257 = SURFACE_CURVE('',#1258,(#1263,#1269),.PCURVE_S1.);
#1258 = CIRCLE('',#1259,5.);
#1259 = AXIS2_PLACEMENT_3D('',#1260,#1261,#1262);
#1260 = CARTESIAN_POINT('',(295.,285.,-345.));
#1261 = DIRECTION('',(0.,-1.,6.123233995737E-17));
#1262 = DIRECTION('',(0.,6.123233995737E-17,1.));
#1263 = PCURVE('',#571,#1264);
#1264 = DEFINITIONAL_REPRESENTATION('',(#1265),#1268);
#1265 = B_SPLINE_CURVE_WITH_KNOTS('',1,(#1266,#1267),.UNSPECIFIED.,.F.,
  .F.,(2,2),(4.712388980385,6.28318530718),.PIECEWISE_BEZIER_KNOTS.);
#1266 = CARTESIAN_POINT('',(1.570796326795,55.));
#1267 = CARTESIAN_POINT('',(0.,55.));
#1268 = ( GEOMETRIC_REPRESENTATION_CONTEXT(2) 
PARAMETRIC_REPRESENTATION_CONTEXT() REPRESENTATION_CONTEXT('2D SPACE',''
  ) );
#1269 = PCURVE('',#1270,#1275);
#1270 = SPHERICAL_SURFACE('',#1271,5.);
#1271 = AXIS2_PLACEMENT_3D('',#1272,#1273,#1274);
#1272 = CARTESIAN_POINT('',(295.,285.,-345.));
#1273 = DIRECTION('',(-1.,-0.,0.));
#1274 = DIRECTION('',(0.,1.,0.));
#1275 = DEFINITIONAL_REPRESENTATION('',(#1276),#1279);
#1276 = B_SPLINE_CURVE_WITH_KNOTS('',1,(#1277,#1278),.UNSPECIFIED.,.F.,
  .F.,(2,2),(4.712388980385,6.28318530718),.PIECEWISE_BEZIER_KNOTS.);
#1277 = CARTESIAN_POINT('',(-1.570796326795,-1.570796326795));
#1278 = CARTESIAN_POINT('',(-1.570796326795,0.));
#1279 = ( GEOMETRIC_REPRESENTATION_CONTEXT(2) 
PARAMETRIC_REPRESENTATION_CONTEXT() REPRESENTATION_CONTEXT('2D SPACE',''
  ) );
#1280 = ORIENTED_EDGE('',*,*,#555,.F.);
#1281 = ADVANCED_FACE('',(#1282),#599,.T.);
#1282 = FACE_BOUND('',#1283,.F.);
#1283 = EDGE_LOOP('',(#1284,#1320,#1348,#1370));
#1284 = ORIENTED_EDGE('',*,*,#1285,.T.);
#1285 = EDGE_CURVE('',#584,#1286,#1288,.T.);
#1286 = VERTEX_POINT('',#1287);
#1287 = CARTESIAN_POINT('',(100.,290.,-345.));
#1288 = SURFACE_CURVE('',#1289,(#1294,#1307),.PCURVE_S1.);
#1289 = ELLIPSE('',#1290,7.071067811865,5.);
#1290 = AXIS2_PLACEMENT_3D('',#1291,#1292,#1293);
#1291 = CARTESIAN_POINT('',(95.,285.,-345.));
#1292 = DIRECTION('',(-0.707106781187,0.707106781187,0.));
#1293 = DIRECTION('',(0.707106781187,0.707106781187,0.));
#1294 = PCURVE('',#599,#1295);
#1295 = DEFINITIONAL_REPRESENTATION('',(#1296),#1306);
#1296 = B_SPLINE_CURVE_WITH_KNOTS('',8,(#1297,#1298,#1299,#1300,#1301,
    #1302,#1303,#1304,#1305),.UNSPECIFIED.,.F.,.F.,(9,9),(4.712388980385
    ,6.28318530718),.PIECEWISE_BEZIER_KNOTS.);
#1297 = CARTESIAN_POINT('',(0.,-5.));
#1298 = CARTESIAN_POINT('',(-0.196349540849,-4.018252295753));
#1299 = CARTESIAN_POINT('',(-0.392699081699,-3.036504358408));
#1300 = CARTESIAN_POINT('',(-0.589048622543,-2.112433693947));
#1301 = CARTESIAN_POINT('',(-0.785398163399,-1.30370624711));
#1302 = CARTESIAN_POINT('',(-0.981747704243,-0.660909768306));
#1303 = CARTESIAN_POINT('',(-1.178097245096,-0.220303879931));
#1304 = CARTESIAN_POINT('',(-1.374446785946,0.));
#1305 = CARTESIAN_POINT('',(-1.570796326795,0.));
#1306 = ( GEOMETRIC_REPRESENTATION_CONTEXT(2) 
PARAMETRIC_REPRESENTATION_CONTEXT() REPRESENTATION_CONTEXT('2D SPACE',''
  ) );
#1307 = PCURVE('',#627,#1308);
#1308 = DEFINITIONAL_REPRESENTATION('',(#1309),#1319);
#1309 = B_SPLINE_CURVE_WITH_KNOTS('',8,(#1310,#1311,#1312,#1313,#1314,
    #1315,#1316,#1317,#1318),.UNSPECIFIED.,.F.,.F.,(9,9),(4.712388980385
    ,6.28318530718),.PIECEWISE_BEZIER_KNOTS.);
#1310 = CARTESIAN_POINT('',(0.,-5.));
#1311 = CARTESIAN_POINT('',(0.196349540849,-4.018252295753));
#1312 = CARTESIAN_POINT('',(0.392699081699,-3.036504358411));
#1313 = CARTESIAN_POINT('',(0.589048622546,-2.112433693929));
#1314 = CARTESIAN_POINT('',(0.785398163399,-1.303706247119));
#1315 = CARTESIAN_POINT('',(0.981747704246,-0.660909768292));
#1316 = CARTESIAN_POINT('',(1.178097245097,-0.220303879934));
#1317 = CARTESIAN_POINT('',(1.374446785946,0.));
#1318 = CARTESIAN_POINT('',(1.570796326795,0.));
#1319 = ( GEOMETRIC_REPRESENTATION_CONTEXT(2) 
PARAMETRIC_REPRESENTATION_CONTEXT() REPRESENTATION_CONTEXT('2D SPACE',''
  ) );
#1320 = ORIENTED_EDGE('',*,*,#1321,.T.);
#1321 = EDGE_CURVE('',#1286,#1322,#1324,.T.);
#1322 = VERTEX_POINT('',#1323);
#1323 = CARTESIAN_POINT('',(295.,290.,-345.));
#1324 = SURFACE_CURVE('',#1325,(#1329,#1336),.PCURVE_S1.);
#1325 = LINE('',#1326,#1327);
#1326 = CARTESIAN_POINT('',(100.,290.,-345.));
#1327 = VECTOR('',#1328,1.);
#1328 = DIRECTION('',(1.,0.,0.));
#1329 = PCURVE('',#599,#1330);
#1330 = DEFINITIONAL_REPRESENTATION('',(#1331),#1335);
#1331 = LINE('',#1332,#1333);
#1332 = CARTESIAN_POINT('',(-1.570796326795,0.));
#1333 = VECTOR('',#1334,1.);
#1334 = DIRECTION('',(-0.,1.));
#1335 = ( GEOMETRIC_REPRESENTATION_CONTEXT(2) 
PARAMETRIC_REPRESENTATION_CONTEXT() REPRESENTATION_CONTEXT('2D SPACE',''
  ) );
#1336 = PCURVE('',#1337,#1342);
#1337 = PLANE('',#1338);
#1338 = AXIS2_PLACEMENT_3D('',#1339,#1340,#1341);
#1339 = CARTESIAN_POINT('',(100.,290.,-445.));
#1340 = DIRECTION('',(0.,1.,0.));
#1341 = DIRECTION('',(0.,0.,1.));
#1342 = DEFINITIONAL_REPRESENTATION('',(#1343),#1347);
#1343 = LINE('',#1344,#1345);
#1344 = CARTESIAN_POINT('',(100.,0.));
#1345 = VECTOR('',#1346,1.);
#1346 = DIRECTION('',(0.,1.));
#1347 = ( GEOMETRIC_REPRESENTATION_CONTEXT(2) 
PARAMETRIC_REPRESENTATION_CONTEXT() REPRESENTATION_CONTEXT('2D SPACE',''
  ) );
#1348 = ORIENTED_EDGE('',*,*,#1349,.T.);
#1349 = EDGE_CURVE('',#1322,#556,#1350,.T.);
#1350 = SURFACE_CURVE('',#1351,(#1356,#1363),.PCURVE_S1.);
#1351 = CIRCLE('',#1352,5.);
#1352 = AXIS2_PLACEMENT_3D('',#1353,#1354,#1355);
#1353 = CARTESIAN_POINT('',(295.,285.,-345.));
#1354 = DIRECTION('',(1.,0.,-0.));
#1355 = DIRECTION('',(0.,1.,0.));
#1356 = PCURVE('',#599,#1357);
#1357 = DEFINITIONAL_REPRESENTATION('',(#1358),#1362);
#1358 = LINE('',#1359,#1360);
#1359 = CARTESIAN_POINT('',(-1.570796326795,195.));
#1360 = VECTOR('',#1361,1.);
#1361 = DIRECTION('',(1.,-0.));
#1362 = ( GEOMETRIC_REPRESENTATION_CONTEXT(2) 
PARAMETRIC_REPRESENTATION_CONTEXT() REPRESENTATION_CONTEXT('2D SPACE',''
  ) );
#1363 = PCURVE('',#1270,#1364);
#1364 = DEFINITIONAL_REPRESENTATION('',(#1365),#1369);
#1365 = LINE('',#1366,#1367);
#1366 = CARTESIAN_POINT('',(-0.,0.));
#1367 = VECTOR('',#1368,1.);
#1368 = DIRECTION('',(-1.,0.));
#1369 = ( GEOMETRIC_REPRESENTATION_CONTEXT(2) 
PARAMETRIC_REPRESENTATION_CONTEXT() REPRESENTATION_CONTEXT('2D SPACE',''
  ) );
#1370 = ORIENTED_EDGE('',*,*,#583,.F.);
#1371 = ADVANCED_FACE('',(#1372),#627,.T.);
#1372 = FACE_BOUND('',#1373,.T.);
#1373 = EDGE_LOOP('',(#1374,#1375,#1398,#1418));
#1374 = ORIENTED_EDGE('',*,*,#1285,.T.);
#1375 = ORIENTED_EDGE('',*,*,#1376,.T.);
#1376 = EDGE_CURVE('',#1286,#1377,#1379,.T.);
#1377 = VERTEX_POINT('',#1378);
#1378 = CARTESIAN_POINT('',(100.,315.,-345.));
#1379 = SURFACE_CURVE('',#1380,(#1384,#1391),.PCURVE_S1.);
#1380 = LINE('',#1381,#1382);
#1381 = CARTESIAN_POINT('',(100.,290.,-345.));
#1382 = VECTOR('',#1383,1.);
#1383 = DIRECTION('',(0.,1.,0.));
#1384 = PCURVE('',#627,#1385);
#1385 = DEFINITIONAL_REPRESENTATION('',(#1386),#1390);
#1386 = LINE('',#1387,#1388);
#1387 = CARTESIAN_POINT('',(1.570796326795,0.));
#1388 = VECTOR('',#1389,1.);
#1389 = DIRECTION('',(0.,1.));
#1390 = ( GEOMETRIC_REPRESENTATION_CONTEXT(2) 
PARAMETRIC_REPRESENTATION_CONTEXT() REPRESENTATION_CONTEXT('2D SPACE',''
  ) );
#1391 = PCURVE('',#943,#1392);
#1392 = DEFINITIONAL_REPRESENTATION('',(#1393),#1397);
#1393 = LINE('',#1394,#1395);
#1394 = CARTESIAN_POINT('',(105.,-90.));
#1395 = VECTOR('',#1396,1.);
#1396 = DIRECTION('',(0.,-1.));
#1397 = ( GEOMETRIC_REPRESENTATION_CONTEXT(2) 
PARAMETRIC_REPRESENTATION_CONTEXT() REPRESENTATION_CONTEXT('2D SPACE',''
  ) );
#1398 = ORIENTED_EDGE('',*,*,#1399,.F.);
#1399 = EDGE_CURVE('',#612,#1377,#1400,.T.);
#1400 = SURFACE_CURVE('',#1401,(#1406,#1412),.PCURVE_S1.);
#1401 = CIRCLE('',#1402,5.);
#1402 = AXIS2_PLACEMENT_3D('',#1403,#1404,#1405);
#1403 = CARTESIAN_POINT('',(95.,315.,-345.));
#1404 = DIRECTION('',(-6.123233995737E-17,1.,0.));
#1405 = DIRECTION('',(1.,6.123233995737E-17,0.));
#1406 = PCURVE('',#627,#1407);
#1407 = DEFINITIONAL_REPRESENTATION('',(#1408),#1411);
#1408 = B_SPLINE_CURVE_WITH_KNOTS('',1,(#1409,#1410),.UNSPECIFIED.,.F.,
  .F.,(2,2),(4.712388980385,6.28318530718),.PIECEWISE_BEZIER_KNOTS.);
#1409 = CARTESIAN_POINT('',(0.,25.));
#1410 = CARTESIAN_POINT('',(1.570796326795,25.));
#1411 = ( GEOMETRIC_REPRESENTATION_CONTEXT(2) 
PARAMETRIC_REPRESENTATION_CONTEXT() REPRESENTATION_CONTEXT('2D SPACE',''
  ) );
#1412 = PCURVE('',#1048,#1413);
#1413 = DEFINITIONAL_REPRESENTATION('',(#1414),#1417);
#1414 = B_SPLINE_CURVE_WITH_KNOTS('',1,(#1415,#1416),.UNSPECIFIED.,.F.,
  .F.,(2,2),(4.712388980385,6.28318530718),.PIECEWISE_BEZIER_KNOTS.);
#1415 = CARTESIAN_POINT('',(1.570796326795,-1.570796326795));
#1416 = CARTESIAN_POINT('',(1.570796326795,0.));
#1417 = ( GEOMETRIC_REPRESENTATION_CONTEXT(2) 
PARAMETRIC_REPRESENTATION_CONTEXT() REPRESENTATION_CONTEXT('2D SPACE',''
  ) );
#1418 = ORIENTED_EDGE('',*,*,#611,.F.);
#1419 = ADVANCED_FACE('',(#1420),#728,.T.);
#1420 = FACE_BOUND('',#1421,.T.);
#1421 = EDGE_LOOP('',(#1422,#1423,#1424,#1458));
#1422 = ORIENTED_EDGE('',*,*,#714,.T.);
#1423 = ORIENTED_EDGE('',*,*,#977,.T.);
#1424 = ORIENTED_EDGE('',*,*,#1425,.F.);
#1425 = EDGE_CURVE('',#768,#926,#1426,.T.);
#1426 = SURFACE_CURVE('',#1427,(#1432,#1445),.PCURVE_S1.);
#1427 = ELLIPSE('',#1428,7.071067811865,5.);
#1428 = AXIS2_PLACEMENT_3D('',#1429,#1430,#1431);
#1429 = CARTESIAN_POINT('',(95.,205.,-445.));
#1430 = DIRECTION('',(0.707106781187,0.,0.707106781187));
#1431 = DIRECTION('',(-0.707106781187,0.,0.707106781187));
#1432 = PCURVE('',#728,#1433);
#1433 = DEFINITIONAL_REPRESENTATION('',(#1434),#1444);
#1434 = B_SPLINE_CURVE_WITH_KNOTS('',8,(#1435,#1436,#1437,#1438,#1439,
    #1440,#1441,#1442,#1443),.UNSPECIFIED.,.F.,.F.,(9,9),(1.570796326795
    ,3.14159265359),.PIECEWISE_BEZIER_KNOTS.);
#1435 = CARTESIAN_POINT('',(0.,95.));
#1436 = CARTESIAN_POINT('',(0.196349540849,95.981747704247));
#1437 = CARTESIAN_POINT('',(0.392699081697,96.963495641481));
#1438 = CARTESIAN_POINT('',(0.589048622551,97.887566305872));
#1439 = CARTESIAN_POINT('',(0.785398163393,98.696293752582));
#1440 = CARTESIAN_POINT('',(0.981747704249,99.33909023169));
#1441 = CARTESIAN_POINT('',(1.178097245094,99.779696119949));
#1442 = CARTESIAN_POINT('',(1.374446785946,100.));
#1443 = CARTESIAN_POINT('',(1.570796326795,100.));
#1444 = ( GEOMETRIC_REPRESENTATION_CONTEXT(2) 
PARAMETRIC_REPRESENTATION_CONTEXT() REPRESENTATION_CONTEXT('2D SPACE',''
  ) );
#1445 = PCURVE('',#783,#1446);
#1446 = DEFINITIONAL_REPRESENTATION('',(#1447),#1457);
#1447 = B_SPLINE_CURVE_WITH_KNOTS('',8,(#1448,#1449,#1450,#1451,#1452,
    #1453,#1454,#1455,#1456),.UNSPECIFIED.,.F.,.F.,(9,9),(1.570796326795
    ,3.14159265359),.PIECEWISE_BEZIER_KNOTS.);
#1448 = CARTESIAN_POINT('',(0.,5.));
#1449 = CARTESIAN_POINT('',(0.196349540849,4.018252295753));
#1450 = CARTESIAN_POINT('',(0.392699081699,3.036504358409));
#1451 = CARTESIAN_POINT('',(0.589048622547,2.112433693936));
#1452 = CARTESIAN_POINT('',(0.785398163399,1.303706247114));
#1453 = CARTESIAN_POINT('',(0.981747704244,0.660909768292));
#1454 = CARTESIAN_POINT('',(1.178097245096,0.220303879931));
#1455 = CARTESIAN_POINT('',(1.374446785946,1.202294183576E-16));
#1456 = CARTESIAN_POINT('',(1.570796326795,0.));
#1457 = ( GEOMETRIC_REPRESENTATION_CONTEXT(2) 
PARAMETRIC_REPRESENTATION_CONTEXT() REPRESENTATION_CONTEXT('2D SPACE',''
  ) );
#1458 = ORIENTED_EDGE('',*,*,#795,.F.);
#1459 = ADVANCED_FACE('',(#1460),#783,.T.);
#1460 = FACE_BOUND('',#1461,.T.);
#1461 = EDGE_LOOP('',(#1462,#1463,#1484,#1506));
#1462 = ORIENTED_EDGE('',*,*,#1425,.T.);
#1463 = ORIENTED_EDGE('',*,*,#1464,.T.);
#1464 = EDGE_CURVE('',#926,#1159,#1465,.T.);
#1465 = SURFACE_CURVE('',#1466,(#1470,#1477),.PCURVE_S1.);
#1466 = LINE('',#1467,#1468);
#1467 = CARTESIAN_POINT('',(100.,205.,-450.));
#1468 = VECTOR('',#1469,1.);
#1469 = DIRECTION('',(0.,0.,1.));
#1470 = PCURVE('',#783,#1471);
#1471 = DEFINITIONAL_REPRESENTATION('',(#1472),#1476);
#1472 = LINE('',#1473,#1474);
#1473 = CARTESIAN_POINT('',(1.570796326795,0.));
#1474 = VECTOR('',#1475,1.);
#1475 = DIRECTION('',(0.,1.));
#1476 = ( GEOMETRIC_REPRESENTATION_CONTEXT(2) 
PARAMETRIC_REPRESENTATION_CONTEXT() REPRESENTATION_CONTEXT('2D SPACE',''
  ) );
#1477 = PCURVE('',#943,#1478);
#1478 = DEFINITIONAL_REPRESENTATION('',(#1479),#1483);
#1479 = LINE('',#1480,#1481);
#1480 = CARTESIAN_POINT('',(0.,-5.));
#1481 = VECTOR('',#1482,1.);
#1482 = DIRECTION('',(1.,0.));
#1483 = ( GEOMETRIC_REPRESENTATION_CONTEXT(2) 
PARAMETRIC_REPRESENTATION_CONTEXT() REPRESENTATION_CONTEXT('2D SPACE',''
  ) );
#1484 = ORIENTED_EDGE('',*,*,#1485,.F.);
#1485 = EDGE_CURVE('',#745,#1159,#1486,.T.);
#1486 = SURFACE_CURVE('',#1487,(#1492,#1499),.PCURVE_S1.);
#1487 = CIRCLE('',#1488,5.);
#1488 = AXIS2_PLACEMENT_3D('',#1489,#1490,#1491);
#1489 = CARTESIAN_POINT('',(95.,205.,-345.));
#1490 = DIRECTION('',(0.,0.,1.));
#1491 = DIRECTION('',(0.,-1.,0.));
#1492 = PCURVE('',#783,#1493);
#1493 = DEFINITIONAL_REPRESENTATION('',(#1494),#1498);
#1494 = LINE('',#1495,#1496);
#1495 = CARTESIAN_POINT('',(0.,105.));
#1496 = VECTOR('',#1497,1.);
#1497 = DIRECTION('',(1.,0.));
#1498 = ( GEOMETRIC_REPRESENTATION_CONTEXT(2) 
PARAMETRIC_REPRESENTATION_CONTEXT() REPRESENTATION_CONTEXT('2D SPACE',''
  ) );
#1499 = PCURVE('',#1017,#1500);
#1500 = DEFINITIONAL_REPRESENTATION('',(#1501),#1505);
#1501 = LINE('',#1502,#1503);
#1502 = CARTESIAN_POINT('',(-0.,0.));
#1503 = VECTOR('',#1504,1.);
#1504 = DIRECTION('',(-1.,0.));
#1505 = ( GEOMETRIC_REPRESENTATION_CONTEXT(2) 
PARAMETRIC_REPRESENTATION_CONTEXT() REPRESENTATION_CONTEXT('2D SPACE',''
  ) );
#1506 = ORIENTED_EDGE('',*,*,#767,.F.);
#1507 = ADVANCED_FACE('',(#1508),#834,.T.);
#1508 = FACE_BOUND('',#1509,.F.);
#1509 = EDGE_LOOP('',(#1510,#1511,#1512,#1546));
#1510 = ORIENTED_EDGE('',*,*,#820,.T.);
#1511 = ORIENTED_EDGE('',*,*,#955,.T.);
#1512 = ORIENTED_EDGE('',*,*,#1513,.F.);
#1513 = EDGE_CURVE('',#874,#928,#1514,.T.);
#1514 = SURFACE_CURVE('',#1515,(#1520,#1533),.PCURVE_S1.);
#1515 = ELLIPSE('',#1516,7.071067811865,5.);
#1516 = AXIS2_PLACEMENT_3D('',#1517,#1518,#1519);
#1517 = CARTESIAN_POINT('',(95.,315.,-445.));
#1518 = DIRECTION('',(-0.707106781187,0.,-0.707106781187));
#1519 = DIRECTION('',(-0.707106781187,0.,0.707106781187));
#1520 = PCURVE('',#834,#1521);
#1521 = DEFINITIONAL_REPRESENTATION('',(#1522),#1532);
#1522 = B_SPLINE_CURVE_WITH_KNOTS('',8,(#1523,#1524,#1525,#1526,#1527,
    #1528,#1529,#1530,#1531),.UNSPECIFIED.,.F.,.F.,(9,9),(1.570796326795
    ,3.14159265359),.PIECEWISE_BEZIER_KNOTS.);
#1523 = CARTESIAN_POINT('',(0.,95.));
#1524 = CARTESIAN_POINT('',(-0.196349540849,95.981747704247));
#1525 = CARTESIAN_POINT('',(-0.392699081698,96.96349564151));
#1526 = CARTESIAN_POINT('',(-0.589048622548,97.887566306046));
#1527 = CARTESIAN_POINT('',(-0.785398163393,98.696293752699));
#1528 = CARTESIAN_POINT('',(-0.981747704247,99.339090231573));
#1529 = CARTESIAN_POINT('',(-1.178097245095,99.779696120022));
#1530 = CARTESIAN_POINT('',(-1.374446785946,100.));
#1531 = CARTESIAN_POINT('',(-1.570796326795,100.));
#1532 = ( GEOMETRIC_REPRESENTATION_CONTEXT(2) 
PARAMETRIC_REPRESENTATION_CONTEXT() REPRESENTATION_CONTEXT('2D SPACE',''
  ) );
#1533 = PCURVE('',#889,#1534);
#1534 = DEFINITIONAL_REPRESENTATION('',(#1535),#1545);
#1535 = B_SPLINE_CURVE_WITH_KNOTS('',8,(#1536,#1537,#1538,#1539,#1540,
    #1541,#1542,#1543,#1544),.UNSPECIFIED.,.F.,.F.,(9,9),(1.570796326795
    ,3.14159265359),.PIECEWISE_BEZIER_KNOTS.);
#1536 = CARTESIAN_POINT('',(0.,5.));
#1537 = CARTESIAN_POINT('',(-0.196349540849,4.018252295753));
#1538 = CARTESIAN_POINT('',(-0.392699081699,3.036504358411));
#1539 = CARTESIAN_POINT('',(-0.589048622544,2.112433693929));
#1540 = CARTESIAN_POINT('',(-0.785398163401,1.303706247119));
#1541 = CARTESIAN_POINT('',(-0.981747704243,0.660909768292));
#1542 = CARTESIAN_POINT('',(-1.178097245097,0.220303879934));
#1543 = CARTESIAN_POINT('',(-1.374446785946,-1.202294183576E-16));
#1544 = CARTESIAN_POINT('',(-1.570796326795,0.));
#1545 = ( GEOMETRIC_REPRESENTATION_CONTEXT(2) 
PARAMETRIC_REPRESENTATION_CONTEXT() REPRESENTATION_CONTEXT('2D SPACE',''
  ) );
#1546 = ORIENTED_EDGE('',*,*,#901,.F.);
#1547 = ADVANCED_FACE('',(#1548),#889,.T.);
#1548 = FACE_BOUND('',#1549,.F.);
#1549 = EDGE_LOOP('',(#1550,#1551,#1572,#1594));
#1550 = ORIENTED_EDGE('',*,*,#1513,.T.);
#1551 = ORIENTED_EDGE('',*,*,#1552,.T.);
#1552 = EDGE_CURVE('',#928,#1377,#1553,.T.);
#1553 = SURFACE_CURVE('',#1554,(#1558,#1565),.PCURVE_S1.);
#1554 = LINE('',#1555,#1556);
#1555 = CARTESIAN_POINT('',(100.,315.,-450.));
#1556 = VECTOR('',#1557,1.);
#1557 = DIRECTION('',(0.,0.,1.));
#1558 = PCURVE('',#889,#1559);
#1559 = DEFINITIONAL_REPRESENTATION('',(#1560),#1564);
#1560 = LINE('',#1561,#1562);
#1561 = CARTESIAN_POINT('',(-1.570796326795,0.));
#1562 = VECTOR('',#1563,1.);
#1563 = DIRECTION('',(-0.,1.));
#1564 = ( GEOMETRIC_REPRESENTATION_CONTEXT(2) 
PARAMETRIC_REPRESENTATION_CONTEXT() REPRESENTATION_CONTEXT('2D SPACE',''
  ) );
#1565 = PCURVE('',#943,#1566);
#1566 = DEFINITIONAL_REPRESENTATION('',(#1567),#1571);
#1567 = LINE('',#1568,#1569);
#1568 = CARTESIAN_POINT('',(0.,-115.));
#1569 = VECTOR('',#1570,1.);
#1570 = DIRECTION('',(1.,0.));
#1571 = ( GEOMETRIC_REPRESENTATION_CONTEXT(2) 
PARAMETRIC_REPRESENTATION_CONTEXT() REPRESENTATION_CONTEXT('2D SPACE',''
  ) );
#1572 = ORIENTED_EDGE('',*,*,#1573,.F.);
#1573 = EDGE_CURVE('',#851,#1377,#1574,.T.);
#1574 = SURFACE_CURVE('',#1575,(#1580,#1587),.PCURVE_S1.);
#1575 = CIRCLE('',#1576,5.);
#1576 = AXIS2_PLACEMENT_3D('',#1577,#1578,#1579);
#1577 = CARTESIAN_POINT('',(95.,315.,-345.));
#1578 = DIRECTION('',(0.,-0.,-1.));
#1579 = DIRECTION('',(0.,1.,-0.));
#1580 = PCURVE('',#889,#1581);
#1581 = DEFINITIONAL_REPRESENTATION('',(#1582),#1586);
#1582 = LINE('',#1583,#1584);
#1583 = CARTESIAN_POINT('',(-0.,105.));
#1584 = VECTOR('',#1585,1.);
#1585 = DIRECTION('',(-1.,0.));
#1586 = ( GEOMETRIC_REPRESENTATION_CONTEXT(2) 
PARAMETRIC_REPRESENTATION_CONTEXT() REPRESENTATION_CONTEXT('2D SPACE',''
  ) );
#1587 = PCURVE('',#1048,#1588);
#1588 = DEFINITIONAL_REPRESENTATION('',(#1589),#1593);
#1589 = LINE('',#1590,#1591);
#1590 = CARTESIAN_POINT('',(0.,0.));
#1591 = VECTOR('',#1592,1.);
#1592 = DIRECTION('',(1.,0.));
#1593 = ( GEOMETRIC_REPRESENTATION_CONTEXT(2) 
PARAMETRIC_REPRESENTATION_CONTEXT() REPRESENTATION_CONTEXT('2D SPACE',''
  ) );
#1594 = ORIENTED_EDGE('',*,*,#873,.F.);
#1595 = ADVANCED_FACE('',(#1596),#943,.T.);
#1596 = FACE_BOUND('',#1597,.T.);
#1597 = EDGE_LOOP('',(#1598,#1621,#1622,#1623,#1624,#1625,#1626,#1649,
    #1682,#1710));
#1598 = ORIENTED_EDGE('',*,*,#1599,.T.);
#1599 = EDGE_CURVE('',#1600,#1064,#1602,.T.);
#1600 = VERTEX_POINT('',#1601);
#1601 = CARTESIAN_POINT('',(100.,230.,-440.));
#1602 = SURFACE_CURVE('',#1603,(#1607,#1614),.PCURVE_S1.);
#1603 = LINE('',#1604,#1605);
#1604 = CARTESIAN_POINT('',(100.,230.,-445.));
#1605 = VECTOR('',#1606,1.);
#1606 = DIRECTION('',(0.,0.,1.));
#1607 = PCURVE('',#943,#1608);
#1608 = DEFINITIONAL_REPRESENTATION('',(#1609),#1613);
#1609 = LINE('',#1610,#1611);
#1610 = CARTESIAN_POINT('',(5.,-30.));
#1611 = VECTOR('',#1612,1.);
#1612 = DIRECTION('',(1.,0.));
#1613 = ( GEOMETRIC_REPRESENTATION_CONTEXT(2) 
PARAMETRIC_REPRESENTATION_CONTEXT() REPRESENTATION_CONTEXT('2D SPACE',''
  ) );
#1614 = PCURVE('',#1115,#1615);
#1615 = DEFINITIONAL_REPRESENTATION('',(#1616),#1620);
#1616 = LINE('',#1617,#1618);
#1617 = CARTESIAN_POINT('',(0.,0.));
#1618 = VECTOR('',#1619,1.);
#1619 = DIRECTION('',(1.,0.));
#1620 = ( GEOMETRIC_REPRESENTATION_CONTEXT(2) 
PARAMETRIC_REPRESENTATION_CONTEXT() REPRESENTATION_CONTEXT('2D SPACE',''
  ) );
#1621 = ORIENTED_EDGE('',*,*,#1180,.F.);
#1622 = ORIENTED_EDGE('',*,*,#1464,.F.);
#1623 = ORIENTED_EDGE('',*,*,#925,.T.);
#1624 = ORIENTED_EDGE('',*,*,#1552,.T.);
#1625 = ORIENTED_EDGE('',*,*,#1376,.F.);
#1626 = ORIENTED_EDGE('',*,*,#1627,.F.);
#1627 = EDGE_CURVE('',#1628,#1286,#1630,.T.);
#1628 = VERTEX_POINT('',#1629);
#1629 = CARTESIAN_POINT('',(100.,290.,-440.));
#1630 = SURFACE_CURVE('',#1631,(#1635,#1642),.PCURVE_S1.);
#1631 = LINE('',#1632,#1633);
#1632 = CARTESIAN_POINT('',(100.,290.,-445.));
#1633 = VECTOR('',#1634,1.);
#1634 = DIRECTION('',(0.,0.,1.));
#1635 = PCURVE('',#943,#1636);
#1636 = DEFINITIONAL_REPRESENTATION('',(#1637),#1641);
#1637 = LINE('',#1638,#1639);
#1638 = CARTESIAN_POINT('',(5.,-90.));
#1639 = VECTOR('',#1640,1.);
#1640 = DIRECTION('',(1.,0.));
#1641 = ( GEOMETRIC_REPRESENTATION_CONTEXT(2) 
PARAMETRIC_REPRESENTATION_CONTEXT() REPRESENTATION_CONTEXT('2D SPACE',''
  ) );
#1642 = PCURVE('',#1337,#1643);
#1643 = DEFINITIONAL_REPRESENTATION('',(#1644),#1648);
#1644 = LINE('',#1645,#1646);
#1645 = CARTESIAN_POINT('',(0.,0.));
#1646 = VECTOR('',#1647,1.);
#1647 = DIRECTION('',(1.,0.));
#1648 = ( GEOMETRIC_REPRESENTATION_CONTEXT(2) 
PARAMETRIC_REPRESENTATION_CONTEXT() REPRESENTATION_CONTEXT('2D SPACE',''
  ) );
#1649 = ORIENTED_EDGE('',*,*,#1650,.T.);
#1650 = EDGE_CURVE('',#1628,#1651,#1653,.T.);
#1651 = VERTEX_POINT('',#1652);
#1652 = CARTESIAN_POINT('',(100.,285.,-445.));
#1653 = SURFACE_CURVE('',#1654,(#1659,#1670),.PCURVE_S1.);
#1654 = CIRCLE('',#1655,5.);
#1655 = AXIS2_PLACEMENT_3D('',#1656,#1657,#1658);
#1656 = CARTESIAN_POINT('',(100.,285.,-440.));
#1657 = DIRECTION('',(-1.,0.,-0.));
#1658 = DIRECTION('',(-0.,0.,1.));
#1659 = PCURVE('',#943,#1660);
#1660 = DEFINITIONAL_REPRESENTATION('',(#1661),#1669);
#1661 = ( BOUNDED_CURVE() B_SPLINE_CURVE(2,(#1662,#1663,#1664,#1665,
#1666,#1667,#1668),.UNSPECIFIED.,.T.,.F.) B_SPLINE_CURVE_WITH_KNOTS((1,2
    ,2,2,2,1),(-2.094395102393,0.,2.094395102393,4.188790204786,
6.28318530718,8.377580409573),.UNSPECIFIED.) CURVE() 
GEOMETRIC_REPRESENTATION_ITEM() RATIONAL_B_SPLINE_CURVE((1.,0.5,1.,0.5,
1.,0.5,1.)) REPRESENTATION_ITEM('') );
#1662 = CARTESIAN_POINT('',(15.,-85.));
#1663 = CARTESIAN_POINT('',(15.,-93.66025403784));
#1664 = CARTESIAN_POINT('',(7.5,-89.33012701892));
#1665 = CARTESIAN_POINT('',(1.7763568394E-15,-85.));
#1666 = CARTESIAN_POINT('',(7.5,-80.66987298107));
#1667 = CARTESIAN_POINT('',(15.,-76.33974596215));
#1668 = CARTESIAN_POINT('',(15.,-85.));
#1669 = ( GEOMETRIC_REPRESENTATION_CONTEXT(2) 
PARAMETRIC_REPRESENTATION_CONTEXT() REPRESENTATION_CONTEXT('2D SPACE',''
  ) );
#1670 = PCURVE('',#1671,#1676);
#1671 = CYLINDRICAL_SURFACE('',#1672,5.);
#1672 = AXIS2_PLACEMENT_3D('',#1673,#1674,#1675);
#1673 = CARTESIAN_POINT('',(100.,285.,-440.));
#1674 = DIRECTION('',(1.,0.,0.));
#1675 = DIRECTION('',(-0.,1.,0.));
#1676 = DEFINITIONAL_REPRESENTATION('',(#1677),#1681);
#1677 = LINE('',#1678,#1679);
#1678 = CARTESIAN_POINT('',(1.570796326795,-0.));
#1679 = VECTOR('',#1680,1.);
#1680 = DIRECTION('',(-1.,0.));
#1681 = ( GEOMETRIC_REPRESENTATION_CONTEXT(2) 
PARAMETRIC_REPRESENTATION_CONTEXT() REPRESENTATION_CONTEXT('2D SPACE',''
  ) );
#1682 = ORIENTED_EDGE('',*,*,#1683,.F.);
#1683 = EDGE_CURVE('',#1684,#1651,#1686,.T.);
#1684 = VERTEX_POINT('',#1685);
#1685 = CARTESIAN_POINT('',(100.,235.,-445.));
#1686 = SURFACE_CURVE('',#1687,(#1691,#1698),.PCURVE_S1.);
#1687 = LINE('',#1688,#1689);
#1688 = CARTESIAN_POINT('',(100.,230.,-445.));
#1689 = VECTOR('',#1690,1.);
#1690 = DIRECTION('',(0.,1.,0.));
#1691 = PCURVE('',#943,#1692);
#1692 = DEFINITIONAL_REPRESENTATION('',(#1693),#1697);
#1693 = LINE('',#1694,#1695);
#1694 = CARTESIAN_POINT('',(5.,-30.));
#1695 = VECTOR('',#1696,1.);
#1696 = DIRECTION('',(0.,-1.));
#1697 = ( GEOMETRIC_REPRESENTATION_CONTEXT(2) 
PARAMETRIC_REPRESENTATION_CONTEXT() REPRESENTATION_CONTEXT('2D SPACE',''
  ) );
#1698 = PCURVE('',#1699,#1704);
#1699 = PLANE('',#1700);
#1700 = AXIS2_PLACEMENT_3D('',#1701,#1702,#1703);
#1701 = CARTESIAN_POINT('',(100.,230.,-445.));
#1702 = DIRECTION('',(0.,0.,1.));
#1703 = DIRECTION('',(1.,0.,0.));
#1704 = DEFINITIONAL_REPRESENTATION('',(#1705),#1709);
#1705 = LINE('',#1706,#1707);
#1706 = CARTESIAN_POINT('',(0.,0.));
#1707 = VECTOR('',#1708,1.);
#1708 = DIRECTION('',(0.,1.));
#1709 = ( GEOMETRIC_REPRESENTATION_CONTEXT(2) 
PARAMETRIC_REPRESENTATION_CONTEXT() REPRESENTATION_CONTEXT('2D SPACE',''
  ) );
#1710 = ORIENTED_EDGE('',*,*,#1711,.F.);
#1711 = EDGE_CURVE('',#1600,#1684,#1712,.T.);
#1712 = SURFACE_CURVE('',#1713,(#1718,#1725),.PCURVE_S1.);
#1713 = CIRCLE('',#1714,5.);
#1714 = AXIS2_PLACEMENT_3D('',#1715,#1716,#1717);
#1715 = CARTESIAN_POINT('',(100.,235.,-440.));
#1716 = DIRECTION('',(1.,0.,0.));
#1717 = DIRECTION('',(-0.,0.,1.));
#1718 = PCURVE('',#943,#1719);
#1719 = DEFINITIONAL_REPRESENTATION('',(#1720),#1724);
#1720 = CIRCLE('',#1721,5.);
#1721 = AXIS2_PLACEMENT_2D('',#1722,#1723);
#1722 = CARTESIAN_POINT('',(10.,-35.));
#1723 = DIRECTION('',(1.,0.));
#1724 = ( GEOMETRIC_REPRESENTATION_CONTEXT(2) 
PARAMETRIC_REPRESENTATION_CONTEXT() REPRESENTATION_CONTEXT('2D SPACE',''
  ) );
#1725 = PCURVE('',#1726,#1731);
#1726 = CYLINDRICAL_SURFACE('',#1727,5.);
#1727 = AXIS2_PLACEMENT_3D('',#1728,#1729,#1730);
#1728 = CARTESIAN_POINT('',(100.,235.,-440.));
#1729 = DIRECTION('',(1.,0.,0.));
#1730 = DIRECTION('',(0.,-1.,0.));
#1731 = DEFINITIONAL_REPRESENTATION('',(#1732),#1736);
#1732 = LINE('',#1733,#1734);
#1733 = CARTESIAN_POINT('',(-1.570796326795,0.));
#1734 = VECTOR('',#1735,1.);
#1735 = DIRECTION('',(1.,0.));
#1736 = ( GEOMETRIC_REPRESENTATION_CONTEXT(2) 
PARAMETRIC_REPRESENTATION_CONTEXT() REPRESENTATION_CONTEXT('2D SPACE',''
  ) );
#1737 = ADVANCED_FACE('',(#1738),#1017,.T.);
#1738 = FACE_BOUND('',#1739,.F.);
#1739 = EDGE_LOOP('',(#1740,#1741,#1742));
#1740 = ORIENTED_EDGE('',*,*,#1003,.F.);
#1741 = ORIENTED_EDGE('',*,*,#1158,.T.);
#1742 = ORIENTED_EDGE('',*,*,#1485,.F.);
#1743 = ADVANCED_FACE('',(#1744),#1048,.T.);
#1744 = FACE_BOUND('',#1745,.T.);
#1745 = EDGE_LOOP('',(#1746,#1747,#1748));
#1746 = ORIENTED_EDGE('',*,*,#1034,.F.);
#1747 = ORIENTED_EDGE('',*,*,#1399,.T.);
#1748 = ORIENTED_EDGE('',*,*,#1573,.F.);
#1749 = ADVANCED_FACE('',(#1750,#1803),#1115,.F.);
#1750 = FACE_BOUND('',#1751,.F.);
#1751 = EDGE_LOOP('',(#1752,#1753,#1754,#1782));
#1752 = ORIENTED_EDGE('',*,*,#1599,.T.);
#1753 = ORIENTED_EDGE('',*,*,#1099,.T.);
#1754 = ORIENTED_EDGE('',*,*,#1755,.F.);
#1755 = EDGE_CURVE('',#1756,#1100,#1758,.T.);
#1756 = VERTEX_POINT('',#1757);
#1757 = CARTESIAN_POINT('',(295.,230.,-440.));
#1758 = SURFACE_CURVE('',#1759,(#1763,#1770),.PCURVE_S1.);
#1759 = LINE('',#1760,#1761);
#1760 = CARTESIAN_POINT('',(295.,230.,-445.));
#1761 = VECTOR('',#1762,1.);
#1762 = DIRECTION('',(0.,0.,1.));
#1763 = PCURVE('',#1115,#1764);
#1764 = DEFINITIONAL_REPRESENTATION('',(#1765),#1769);
#1765 = LINE('',#1766,#1767);
#1766 = CARTESIAN_POINT('',(0.,195.));
#1767 = VECTOR('',#1768,1.);
#1768 = DIRECTION('',(1.,0.));
#1769 = ( GEOMETRIC_REPRESENTATION_CONTEXT(2) 
PARAMETRIC_REPRESENTATION_CONTEXT() REPRESENTATION_CONTEXT('2D SPACE',''
  ) );
#1770 = PCURVE('',#1771,#1776);
#1771 = CYLINDRICAL_SURFACE('',#1772,5.);
#1772 = AXIS2_PLACEMENT_3D('',#1773,#1774,#1775);
#1773 = CARTESIAN_POINT('',(295.,235.,-445.));
#1774 = DIRECTION('',(0.,0.,1.));
#1775 = DIRECTION('',(0.,-1.,0.));
#1776 = DEFINITIONAL_REPRESENTATION('',(#1777),#1781);
#1777 = LINE('',#1778,#1779);
#1778 = CARTESIAN_POINT('',(0.,0.));
#1779 = VECTOR('',#1780,1.);
#1780 = DIRECTION('',(0.,1.));
#1781 = ( GEOMETRIC_REPRESENTATION_CONTEXT(2) 
PARAMETRIC_REPRESENTATION_CONTEXT() REPRESENTATION_CONTEXT('2D SPACE',''
  ) );
#1782 = ORIENTED_EDGE('',*,*,#1783,.F.);
#1783 = EDGE_CURVE('',#1600,#1756,#1784,.T.);
#1784 = SURFACE_CURVE('',#1785,(#1789,#1796),.PCURVE_S1.);
#1785 = LINE('',#1786,#1787);
#1786 = CARTESIAN_POINT('',(100.,230.,-440.));
#1787 = VECTOR('',#1788,1.);
#1788 = DIRECTION('',(1.,0.,0.));
#1789 = PCURVE('',#1115,#1790);
#1790 = DEFINITIONAL_REPRESENTATION('',(#1791),#1795);
#1791 = LINE('',#1792,#1793);
#1792 = CARTESIAN_POINT('',(5.,0.));
#1793 = VECTOR('',#1794,1.);
#1794 = DIRECTION('',(0.,1.));
#1795 = ( GEOMETRIC_REPRESENTATION_CONTEXT(2) 
PARAMETRIC_REPRESENTATION_CONTEXT() REPRESENTATION_CONTEXT('2D SPACE',''
  ) );
#1796 = PCURVE('',#1726,#1797);
#1797 = DEFINITIONAL_REPRESENTATION('',(#1798),#1802);
#1798 = LINE('',#1799,#1800);
#1799 = CARTESIAN_POINT('',(0.,0.));
#1800 = VECTOR('',#1801,1.);
#1801 = DIRECTION('',(0.,1.));
#1802 = ( GEOMETRIC_REPRESENTATION_CONTEXT(2) 
PARAMETRIC_REPRESENTATION_CONTEXT() REPRESENTATION_CONTEXT('2D SPACE',''
  ) );
#1803 = FACE_BOUND('',#1804,.F.);
#1804 = EDGE_LOOP('',(#1805,#1835,#1868,#1896,#1925,#1953,#1986,#2014));
#1805 = ORIENTED_EDGE('',*,*,#1806,.F.);
#1806 = EDGE_CURVE('',#1807,#1809,#1811,.T.);
#1807 = VERTEX_POINT('',#1808);
#1808 = CARTESIAN_POINT('',(130.35092,230.,-369.121747));
#1809 = VERTEX_POINT('',#1810);
#1810 = CARTESIAN_POINT('',(163.336333,230.,-369.121747));
#1811 = SURFACE_CURVE('',#1812,(#1816,#1823),.PCURVE_S1.);
#1812 = LINE('',#1813,#1814);
#1813 = CARTESIAN_POINT('',(125.35092,230.,-369.121747));
#1814 = VECTOR('',#1815,1.);
#1815 = DIRECTION('',(1.,0.,0.));
#1816 = PCURVE('',#1115,#1817);
#1817 = DEFINITIONAL_REPRESENTATION('',(#1818),#1822);
#1818 = LINE('',#1819,#1820);
#1819 = CARTESIAN_POINT('',(75.878253,25.35092));
#1820 = VECTOR('',#1821,1.);
#1821 = DIRECTION('',(0.,1.));
#1822 = ( GEOMETRIC_REPRESENTATION_CONTEXT(2) 
PARAMETRIC_REPRESENTATION_CONTEXT() REPRESENTATION_CONTEXT('2D SPACE',''
  ) );
#1823 = PCURVE('',#1824,#1829);
#1824 = CYLINDRICAL_SURFACE('',#1825,5.);
#1825 = AXIS2_PLACEMENT_3D('',#1826,#1827,#1828);
#1826 = CARTESIAN_POINT('',(125.35092,235.,-369.121747));
#1827 = DIRECTION('',(1.,0.,0.));
#1828 = DIRECTION('',(0.,-1.,0.));
#1829 = DEFINITIONAL_REPRESENTATION('',(#1830),#1834);
#1830 = LINE('',#1831,#1832);
#1831 = CARTESIAN_POINT('',(0.,0.));
#1832 = VECTOR('',#1833,1.);
#1833 = DIRECTION('',(0.,1.));
#1834 = ( GEOMETRIC_REPRESENTATION_CONTEXT(2) 
PARAMETRIC_REPRESENTATION_CONTEXT() REPRESENTATION_CONTEXT('2D SPACE',''
  ) );
#1835 = ORIENTED_EDGE('',*,*,#1836,.T.);
#1836 = EDGE_CURVE('',#1807,#1837,#1839,.T.);
#1837 = VERTEX_POINT('',#1838);
#1838 = CARTESIAN_POINT('',(120.35092,230.,-379.121747));
#1839 = SURFACE_CURVE('',#1840,(#1845,#1856),.PCURVE_S1.);
#1840 = CIRCLE('',#1841,10.);
#1841 = AXIS2_PLACEMENT_3D('',#1842,#1843,#1844);
#1842 = CARTESIAN_POINT('',(130.35092,230.,-379.121747));
#1843 = DIRECTION('',(-0.,-1.,0.));
#1844 = DIRECTION('',(0.,-0.,1.));
#1845 = PCURVE('',#1115,#1846);
#1846 = DEFINITIONAL_REPRESENTATION('',(#1847),#1855);
#1847 = ( BOUNDED_CURVE() B_SPLINE_CURVE(2,(#1848,#1849,#1850,#1851,
#1852,#1853,#1854),.UNSPECIFIED.,.T.,.F.) B_SPLINE_CURVE_WITH_KNOTS((1,2
    ,2,2,2,1),(-2.094395102393,0.,2.094395102393,4.188790204786,
6.28318530718,8.377580409573),.UNSPECIFIED.) CURVE() 
GEOMETRIC_REPRESENTATION_ITEM() RATIONAL_B_SPLINE_CURVE((1.,0.5,1.,0.5,
1.,0.5,1.)) REPRESENTATION_ITEM('') );
#1848 = CARTESIAN_POINT('',(75.878253,30.35092));
#1849 = CARTESIAN_POINT('',(75.878253,13.030411924311));
#1850 = CARTESIAN_POINT('',(60.878253,21.690665962156));
#1851 = CARTESIAN_POINT('',(45.878253,30.35092));
#1852 = CARTESIAN_POINT('',(60.878253,39.011174037844));
#1853 = CARTESIAN_POINT('',(75.878253,47.671428075689));
#1854 = CARTESIAN_POINT('',(75.878253,30.35092));
#1855 = ( GEOMETRIC_REPRESENTATION_CONTEXT(2) 
PARAMETRIC_REPRESENTATION_CONTEXT() REPRESENTATION_CONTEXT('2D SPACE',''
  ) );
#1856 = PCURVE('',#1857,#1862);
#1857 = TOROIDAL_SURFACE('',#1858,10.,5.);
#1858 = AXIS2_PLACEMENT_3D('',#1859,#1860,#1861);
#1859 = CARTESIAN_POINT('',(130.35092,235.,-379.121747));
#1860 = DIRECTION('',(-0.,-1.,-0.));
#1861 = DIRECTION('',(0.,-0.,1.));
#1862 = DEFINITIONAL_REPRESENTATION('',(#1863),#1867);
#1863 = LINE('',#1864,#1865);
#1864 = CARTESIAN_POINT('',(0.,1.570796326795));
#1865 = VECTOR('',#1866,1.);
#1866 = DIRECTION('',(1.,0.));
#1867 = ( GEOMETRIC_REPRESENTATION_CONTEXT(2) 
PARAMETRIC_REPRESENTATION_CONTEXT() REPRESENTATION_CONTEXT('2D SPACE',''
  ) );
#1868 = ORIENTED_EDGE('',*,*,#1869,.F.);
#1869 = EDGE_CURVE('',#1870,#1837,#1872,.T.);
#1870 = VERTEX_POINT('',#1871);
#1871 = CARTESIAN_POINT('',(120.35092,230.,-400.071245));
#1872 = SURFACE_CURVE('',#1873,(#1877,#1884),.PCURVE_S1.);
#1873 = LINE('',#1874,#1875);
#1874 = CARTESIAN_POINT('',(120.35092,230.,-405.071245));
#1875 = VECTOR('',#1876,1.);
#1876 = DIRECTION('',(0.,0.,1.));
#1877 = PCURVE('',#1115,#1878);
#1878 = DEFINITIONAL_REPRESENTATION('',(#1879),#1883);
#1879 = LINE('',#1880,#1881);
#1880 = CARTESIAN_POINT('',(39.928755,20.35092));
#1881 = VECTOR('',#1882,1.);
#1882 = DIRECTION('',(1.,0.));
#1883 = ( GEOMETRIC_REPRESENTATION_CONTEXT(2) 
PARAMETRIC_REPRESENTATION_CONTEXT() REPRESENTATION_CONTEXT('2D SPACE',''
  ) );
#1884 = PCURVE('',#1885,#1890);
#1885 = CYLINDRICAL_SURFACE('',#1886,5.);
#1886 = AXIS2_PLACEMENT_3D('',#1887,#1888,#1889);
#1887 = CARTESIAN_POINT('',(120.35092,235.,-405.071245));
#1888 = DIRECTION('',(0.,0.,1.));
#1889 = DIRECTION('',(0.,-1.,0.));
#1890 = DEFINITIONAL_REPRESENTATION('',(#1891),#1895);
#1891 = LINE('',#1892,#1893);
#1892 = CARTESIAN_POINT('',(0.,0.));
#1893 = VECTOR('',#1894,1.);
#1894 = DIRECTION('',(0.,1.));
#1895 = ( GEOMETRIC_REPRESENTATION_CONTEXT(2) 
PARAMETRIC_REPRESENTATION_CONTEXT() REPRESENTATION_CONTEXT('2D SPACE',''
  ) );
#1896 = ORIENTED_EDGE('',*,*,#1897,.F.);
#1897 = EDGE_CURVE('',#1898,#1870,#1900,.T.);
#1898 = VERTEX_POINT('',#1899);
#1899 = CARTESIAN_POINT('',(130.35092,230.,-410.071245));
#1900 = SURFACE_CURVE('',#1901,(#1906,#1913),.PCURVE_S1.);
#1901 = CIRCLE('',#1902,10.);
#1902 = AXIS2_PLACEMENT_3D('',#1903,#1904,#1905);
#1903 = CARTESIAN_POINT('',(130.35092,230.,-400.071245));
#1904 = DIRECTION('',(0.,1.,0.));
#1905 = DIRECTION('',(0.,0.,-1.));
#1906 = PCURVE('',#1115,#1907);
#1907 = DEFINITIONAL_REPRESENTATION('',(#1908),#1912);
#1908 = CIRCLE('',#1909,10.);
#1909 = AXIS2_PLACEMENT_2D('',#1910,#1911);
#1910 = CARTESIAN_POINT('',(44.928755,30.35092));
#1911 = DIRECTION('',(-1.,0.));
#1912 = ( GEOMETRIC_REPRESENTATION_CONTEXT(2) 
PARAMETRIC_REPRESENTATION_CONTEXT() REPRESENTATION_CONTEXT('2D SPACE',''
  ) );
#1913 = PCURVE('',#1914,#1919);
#1914 = TOROIDAL_SURFACE('',#1915,10.,5.);
#1915 = AXIS2_PLACEMENT_3D('',#1916,#1917,#1918);
#1916 = CARTESIAN_POINT('',(130.35092,235.,-400.071245));
#1917 = DIRECTION('',(-0.,-1.,-0.));
#1918 = DIRECTION('',(0.,0.,-1.));
#1919 = DEFINITIONAL_REPRESENTATION('',(#1920),#1924);
#1920 = LINE('',#1921,#1922);
#1921 = CARTESIAN_POINT('',(-0.,1.570796326795));
#1922 = VECTOR('',#1923,1.);
#1923 = DIRECTION('',(-1.,0.));
#1924 = ( GEOMETRIC_REPRESENTATION_CONTEXT(2) 
PARAMETRIC_REPRESENTATION_CONTEXT() REPRESENTATION_CONTEXT('2D SPACE',''
  ) );
#1925 = ORIENTED_EDGE('',*,*,#1926,.T.);
#1926 = EDGE_CURVE('',#1898,#1927,#1929,.T.);
#1927 = VERTEX_POINT('',#1928);
#1928 = CARTESIAN_POINT('',(163.336333,230.,-410.071245));
#1929 = SURFACE_CURVE('',#1930,(#1934,#1941),.PCURVE_S1.);
#1930 = LINE('',#1931,#1932);
#1931 = CARTESIAN_POINT('',(125.35092,230.,-410.071245));
#1932 = VECTOR('',#1933,1.);
#1933 = DIRECTION('',(1.,0.,0.));
#1934 = PCURVE('',#1115,#1935);
#1935 = DEFINITIONAL_REPRESENTATION('',(#1936),#1940);
#1936 = LINE('',#1937,#1938);
#1937 = CARTESIAN_POINT('',(34.928755,25.35092));
#1938 = VECTOR('',#1939,1.);
#1939 = DIRECTION('',(0.,1.));
#1940 = ( GEOMETRIC_REPRESENTATION_CONTEXT(2) 
PARAMETRIC_REPRESENTATION_CONTEXT() REPRESENTATION_CONTEXT('2D SPACE',''
  ) );
#1941 = PCURVE('',#1942,#1947);
#1942 = CYLINDRICAL_SURFACE('',#1943,5.);
#1943 = AXIS2_PLACEMENT_3D('',#1944,#1945,#1946);
#1944 = CARTESIAN_POINT('',(125.35092,235.,-410.071245));
#1945 = DIRECTION('',(1.,0.,0.));
#1946 = DIRECTION('',(0.,-1.,0.));
#1947 = DEFINITIONAL_REPRESENTATION('',(#1948),#1952);
#1948 = LINE('',#1949,#1950);
#1949 = CARTESIAN_POINT('',(-0.,0.));
#1950 = VECTOR('',#1951,1.);
#1951 = DIRECTION('',(-0.,1.));
#1952 = ( GEOMETRIC_REPRESENTATION_CONTEXT(2) 
PARAMETRIC_REPRESENTATION_CONTEXT() REPRESENTATION_CONTEXT('2D SPACE',''
  ) );
#1953 = ORIENTED_EDGE('',*,*,#1954,.T.);
#1954 = EDGE_CURVE('',#1927,#1955,#1957,.T.);
#1955 = VERTEX_POINT('',#1956);
#1956 = CARTESIAN_POINT('',(173.336333,230.,-400.071245));
#1957 = SURFACE_CURVE('',#1958,(#1963,#1974),.PCURVE_S1.);
#1958 = CIRCLE('',#1959,10.);
#1959 = AXIS2_PLACEMENT_3D('',#1960,#1961,#1962);
#1960 = CARTESIAN_POINT('',(163.336333,230.,-400.071245));
#1961 = DIRECTION('',(0.,-1.,-0.));
#1962 = DIRECTION('',(0.,0.,-1.));
#1963 = PCURVE('',#1115,#1964);
#1964 = DEFINITIONAL_REPRESENTATION('',(#1965),#1973);
#1965 = ( BOUNDED_CURVE() B_SPLINE_CURVE(2,(#1966,#1967,#1968,#1969,
#1970,#1971,#1972),.UNSPECIFIED.,.T.,.F.) B_SPLINE_CURVE_WITH_KNOTS((1,2
    ,2,2,2,1),(-2.094395102393,0.,2.094395102393,4.188790204786,
6.28318530718,8.377580409573),.UNSPECIFIED.) CURVE() 
GEOMETRIC_REPRESENTATION_ITEM() RATIONAL_B_SPLINE_CURVE((1.,0.5,1.,0.5,
1.,0.5,1.)) REPRESENTATION_ITEM('') );
#1966 = CARTESIAN_POINT('',(34.928755,63.336333));
#1967 = CARTESIAN_POINT('',(34.928755,80.656841075689));
#1968 = CARTESIAN_POINT('',(49.928755,71.996587037844));
#1969 = CARTESIAN_POINT('',(64.928755,63.336333));
#1970 = CARTESIAN_POINT('',(49.928755,54.676078962156));
#1971 = CARTESIAN_POINT('',(34.928755,46.015824924311));
#1972 = CARTESIAN_POINT('',(34.928755,63.336333));
#1973 = ( GEOMETRIC_REPRESENTATION_CONTEXT(2) 
PARAMETRIC_REPRESENTATION_CONTEXT() REPRESENTATION_CONTEXT('2D SPACE',''
  ) );
#1974 = PCURVE('',#1975,#1980);
#1975 = TOROIDAL_SURFACE('',#1976,10.,5.);
#1976 = AXIS2_PLACEMENT_3D('',#1977,#1978,#1979);
#1977 = CARTESIAN_POINT('',(163.336333,235.,-400.071245));
#1978 = DIRECTION('',(-0.,-1.,-0.));
#1979 = DIRECTION('',(0.,0.,-1.));
#1980 = DEFINITIONAL_REPRESENTATION('',(#1981),#1985);
#1981 = LINE('',#1982,#1983);
#1982 = CARTESIAN_POINT('',(0.,1.570796326795));
#1983 = VECTOR('',#1984,1.);
#1984 = DIRECTION('',(1.,0.));
#1985 = ( GEOMETRIC_REPRESENTATION_CONTEXT(2) 
PARAMETRIC_REPRESENTATION_CONTEXT() REPRESENTATION_CONTEXT('2D SPACE',''
  ) );
#1986 = ORIENTED_EDGE('',*,*,#1987,.T.);
#1987 = EDGE_CURVE('',#1955,#1988,#1990,.T.);
#1988 = VERTEX_POINT('',#1989);
#1989 = CARTESIAN_POINT('',(173.336333,230.,-379.121747));
#1990 = SURFACE_CURVE('',#1991,(#1995,#2002),.PCURVE_S1.);
#1991 = LINE('',#1992,#1993);
#1992 = CARTESIAN_POINT('',(173.336333,230.,-405.071245));
#1993 = VECTOR('',#1994,1.);
#1994 = DIRECTION('',(0.,0.,1.));
#1995 = PCURVE('',#1115,#1996);
#1996 = DEFINITIONAL_REPRESENTATION('',(#1997),#2001);
#1997 = LINE('',#1998,#1999);
#1998 = CARTESIAN_POINT('',(39.928755,73.336333));
#1999 = VECTOR('',#2000,1.);
#2000 = DIRECTION('',(1.,0.));
#2001 = ( GEOMETRIC_REPRESENTATION_CONTEXT(2) 
PARAMETRIC_REPRESENTATION_CONTEXT() REPRESENTATION_CONTEXT('2D SPACE',''
  ) );
#2002 = PCURVE('',#2003,#2008);
#2003 = CYLINDRICAL_SURFACE('',#2004,5.);
#2004 = AXIS2_PLACEMENT_3D('',#2005,#2006,#2007);
#2005 = CARTESIAN_POINT('',(173.336333,235.,-405.071245));
#2006 = DIRECTION('',(0.,0.,1.));
#2007 = DIRECTION('',(0.,-1.,0.));
#2008 = DEFINITIONAL_REPRESENTATION('',(#2009),#2013);
#2009 = LINE('',#2010,#2011);
#2010 = CARTESIAN_POINT('',(-0.,0.));
#2011 = VECTOR('',#2012,1.);
#2012 = DIRECTION('',(-0.,1.));
#2013 = ( GEOMETRIC_REPRESENTATION_CONTEXT(2) 
PARAMETRIC_REPRESENTATION_CONTEXT() REPRESENTATION_CONTEXT('2D SPACE',''
  ) );
#2014 = ORIENTED_EDGE('',*,*,#2015,.F.);
#2015 = EDGE_CURVE('',#1809,#1988,#2016,.T.);
#2016 = SURFACE_CURVE('',#2017,(#2022,#2029),.PCURVE_S1.);
#2017 = CIRCLE('',#2018,10.);
#2018 = AXIS2_PLACEMENT_3D('',#2019,#2020,#2021);
#2019 = CARTESIAN_POINT('',(163.336333,230.,-379.121747));
#2020 = DIRECTION('',(0.,1.,0.));
#2021 = DIRECTION('',(0.,-0.,1.));
#2022 = PCURVE('',#1115,#2023);
#2023 = DEFINITIONAL_REPRESENTATION('',(#2024),#2028);
#2024 = CIRCLE('',#2025,10.);
#2025 = AXIS2_PLACEMENT_2D('',#2026,#2027);
#2026 = CARTESIAN_POINT('',(65.878253,63.336333));
#2027 = DIRECTION('',(1.,0.));
#2028 = ( GEOMETRIC_REPRESENTATION_CONTEXT(2) 
PARAMETRIC_REPRESENTATION_CONTEXT() REPRESENTATION_CONTEXT('2D SPACE',''
  ) );
#2029 = PCURVE('',#2030,#2035);
#2030 = TOROIDAL_SURFACE('',#2031,10.,5.);
#2031 = AXIS2_PLACEMENT_3D('',#2032,#2033,#2034);
#2032 = CARTESIAN_POINT('',(163.336333,235.,-379.121747));
#2033 = DIRECTION('',(-0.,-1.,-0.));
#2034 = DIRECTION('',(0.,-0.,1.));
#2035 = DEFINITIONAL_REPRESENTATION('',(#2036),#2040);
#2036 = LINE('',#2037,#2038);
#2037 = CARTESIAN_POINT('',(-0.,1.570796326795));
#2038 = VECTOR('',#2039,1.);
#2039 = DIRECTION('',(-1.,0.));
#2040 = ( GEOMETRIC_REPRESENTATION_CONTEXT(2) 
PARAMETRIC_REPRESENTATION_CONTEXT() REPRESENTATION_CONTEXT('2D SPACE',''
  ) );
#2041 = ADVANCED_FACE('',(#2042),#1142,.T.);
#2042 = FACE_BOUND('',#2043,.T.);
#2043 = EDGE_LOOP('',(#2044,#2064,#2065));
#2044 = ORIENTED_EDGE('',*,*,#2045,.F.);
#2045 = EDGE_CURVE('',#1207,#1100,#2046,.T.);
#2046 = SURFACE_CURVE('',#2047,(#2052,#2058),.PCURVE_S1.);
#2047 = CIRCLE('',#2048,5.);
#2048 = AXIS2_PLACEMENT_3D('',#2049,#2050,#2051);
#2049 = CARTESIAN_POINT('',(295.,235.,-345.));
#2050 = DIRECTION('',(0.,-0.,-1.));
#2051 = DIRECTION('',(0.,-1.,0.));
#2052 = PCURVE('',#1142,#2053);
#2053 = DEFINITIONAL_REPRESENTATION('',(#2054),#2057);
#2054 = B_SPLINE_CURVE_WITH_KNOTS('',1,(#2055,#2056),.UNSPECIFIED.,.F.,
  .F.,(2,2),(4.712388980385,6.28318530718),.PIECEWISE_BEZIER_KNOTS.);
#2055 = CARTESIAN_POINT('',(0.,-1.570796326795));
#2056 = CARTESIAN_POINT('',(0.,0.));
#2057 = ( GEOMETRIC_REPRESENTATION_CONTEXT(2) 
PARAMETRIC_REPRESENTATION_CONTEXT() REPRESENTATION_CONTEXT('2D SPACE',''
  ) );
#2058 = PCURVE('',#1771,#2059);
#2059 = DEFINITIONAL_REPRESENTATION('',(#2060),#2063);
#2060 = B_SPLINE_CURVE_WITH_KNOTS('',1,(#2061,#2062),.UNSPECIFIED.,.F.,
  .F.,(2,2),(4.712388980385,6.28318530718),.PIECEWISE_BEZIER_KNOTS.);
#2061 = CARTESIAN_POINT('',(1.570796326795,100.));
#2062 = CARTESIAN_POINT('',(0.,100.));
#2063 = ( GEOMETRIC_REPRESENTATION_CONTEXT(2) 
PARAMETRIC_REPRESENTATION_CONTEXT() REPRESENTATION_CONTEXT('2D SPACE',''
  ) );
#2064 = ORIENTED_EDGE('',*,*,#1206,.T.);
#2065 = ORIENTED_EDGE('',*,*,#1127,.F.);
#2066 = ADVANCED_FACE('',(#2067,#2147),#1244,.T.);
#2067 = FACE_BOUND('',#2068,.T.);
#2068 = EDGE_LOOP('',(#2069,#2092,#2120,#2146));
#2069 = ORIENTED_EDGE('',*,*,#2070,.F.);
#2070 = EDGE_CURVE('',#2071,#1207,#2073,.T.);
#2071 = VERTEX_POINT('',#2072);
#2072 = CARTESIAN_POINT('',(300.,235.,-440.));
#2073 = SURFACE_CURVE('',#2074,(#2078,#2085),.PCURVE_S1.);
#2074 = LINE('',#2075,#2076);
#2075 = CARTESIAN_POINT('',(300.,235.,-445.));
#2076 = VECTOR('',#2077,1.);
#2077 = DIRECTION('',(0.,0.,1.));
#2078 = PCURVE('',#1244,#2079);
#2079 = DEFINITIONAL_REPRESENTATION('',(#2080),#2084);
#2080 = LINE('',#2081,#2082);
#2081 = CARTESIAN_POINT('',(0.,-5.));
#2082 = VECTOR('',#2083,1.);
#2083 = DIRECTION('',(1.,0.));
#2084 = ( GEOMETRIC_REPRESENTATION_CONTEXT(2) 
PARAMETRIC_REPRESENTATION_CONTEXT() REPRESENTATION_CONTEXT('2D SPACE',''
  ) );
#2085 = PCURVE('',#1771,#2086);
#2086 = DEFINITIONAL_REPRESENTATION('',(#2087),#2091);
#2087 = LINE('',#2088,#2089);
#2088 = CARTESIAN_POINT('',(1.570796326795,0.));
#2089 = VECTOR('',#2090,1.);
#2090 = DIRECTION('',(0.,1.));
#2091 = ( GEOMETRIC_REPRESENTATION_CONTEXT(2) 
PARAMETRIC_REPRESENTATION_CONTEXT() REPRESENTATION_CONTEXT('2D SPACE',''
  ) );
#2092 = ORIENTED_EDGE('',*,*,#2093,.T.);
#2093 = EDGE_CURVE('',#2071,#2094,#2096,.T.);
#2094 = VERTEX_POINT('',#2095);
#2095 = CARTESIAN_POINT('',(300.,285.,-440.));
#2096 = SURFACE_CURVE('',#2097,(#2101,#2108),.PCURVE_S1.);
#2097 = LINE('',#2098,#2099);
#2098 = CARTESIAN_POINT('',(300.,230.,-440.));
#2099 = VECTOR('',#2100,1.);
#2100 = DIRECTION('',(0.,1.,0.));
#2101 = PCURVE('',#1244,#2102);
#2102 = DEFINITIONAL_REPRESENTATION('',(#2103),#2107);
#2103 = LINE('',#2104,#2105);
#2104 = CARTESIAN_POINT('',(5.,0.));
#2105 = VECTOR('',#2106,1.);
#2106 = DIRECTION('',(0.,-1.));
#2107 = ( GEOMETRIC_REPRESENTATION_CONTEXT(2) 
PARAMETRIC_REPRESENTATION_CONTEXT() REPRESENTATION_CONTEXT('2D SPACE',''
  ) );
#2108 = PCURVE('',#2109,#2114);
#2109 = CYLINDRICAL_SURFACE('',#2110,5.);
#2110 = AXIS2_PLACEMENT_3D('',#2111,#2112,#2113);
#2111 = CARTESIAN_POINT('',(295.,230.,-440.));
#2112 = DIRECTION('',(0.,1.,0.));
#2113 = DIRECTION('',(1.,0.,-0.));
#2114 = DEFINITIONAL_REPRESENTATION('',(#2115),#2119);
#2115 = LINE('',#2116,#2117);
#2116 = CARTESIAN_POINT('',(0.,0.));
#2117 = VECTOR('',#2118,1.);
#2118 = DIRECTION('',(0.,1.));
#2119 = ( GEOMETRIC_REPRESENTATION_CONTEXT(2) 
PARAMETRIC_REPRESENTATION_CONTEXT() REPRESENTATION_CONTEXT('2D SPACE',''
  ) );
#2120 = ORIENTED_EDGE('',*,*,#2121,.T.);
#2121 = EDGE_CURVE('',#2094,#1229,#2122,.T.);
#2122 = SURFACE_CURVE('',#2123,(#2127,#2134),.PCURVE_S1.);
#2123 = LINE('',#2124,#2125);
#2124 = CARTESIAN_POINT('',(300.,285.,-445.));
#2125 = VECTOR('',#2126,1.);
#2126 = DIRECTION('',(0.,0.,1.));
#2127 = PCURVE('',#1244,#2128);
#2128 = DEFINITIONAL_REPRESENTATION('',(#2129),#2133);
#2129 = LINE('',#2130,#2131);
#2130 = CARTESIAN_POINT('',(0.,-55.));
#2131 = VECTOR('',#2132,1.);
#2132 = DIRECTION('',(1.,0.));
#2133 = ( GEOMETRIC_REPRESENTATION_CONTEXT(2) 
PARAMETRIC_REPRESENTATION_CONTEXT() REPRESENTATION_CONTEXT('2D SPACE',''
  ) );
#2134 = PCURVE('',#2135,#2140);
#2135 = CYLINDRICAL_SURFACE('',#2136,5.);
#2136 = AXIS2_PLACEMENT_3D('',#2137,#2138,#2139);
#2137 = CARTESIAN_POINT('',(295.,285.,-445.));
#2138 = DIRECTION('',(0.,0.,1.));
#2139 = DIRECTION('',(1.,0.,-0.));
#2140 = DEFINITIONAL_REPRESENTATION('',(#2141),#2145);
#2141 = LINE('',#2142,#2143);
#2142 = CARTESIAN_POINT('',(0.,0.));
#2143 = VECTOR('',#2144,1.);
#2144 = DIRECTION('',(0.,1.));
#2145 = ( GEOMETRIC_REPRESENTATION_CONTEXT(2) 
PARAMETRIC_REPRESENTATION_CONTEXT() REPRESENTATION_CONTEXT('2D SPACE',''
  ) );
#2146 = ORIENTED_EDGE('',*,*,#1228,.F.);
#2147 = FACE_BOUND('',#2148,.T.);
#2148 = EDGE_LOOP('',(#2149));
#2149 = ORIENTED_EDGE('',*,*,#2150,.F.);
#2150 = EDGE_CURVE('',#2151,#2151,#2153,.T.);
#2151 = VERTEX_POINT('',#2152);
#2152 = CARTESIAN_POINT('',(300.,279.142,-392.5));
#2153 = SURFACE_CURVE('',#2154,(#2159,#2166),.PCURVE_S1.);
#2154 = CIRCLE('',#2155,19.142);
#2155 = AXIS2_PLACEMENT_3D('',#2156,#2157,#2158);
#2156 = CARTESIAN_POINT('',(300.,260.,-392.5));
#2157 = DIRECTION('',(1.,0.,-0.));
#2158 = DIRECTION('',(0.,1.,0.));
#2159 = PCURVE('',#1244,#2160);
#2160 = DEFINITIONAL_REPRESENTATION('',(#2161),#2165);
#2161 = CIRCLE('',#2162,19.142);
#2162 = AXIS2_PLACEMENT_2D('',#2163,#2164);
#2163 = CARTESIAN_POINT('',(52.5,-30.));
#2164 = DIRECTION('',(0.,-1.));
#2165 = ( GEOMETRIC_REPRESENTATION_CONTEXT(2) 
PARAMETRIC_REPRESENTATION_CONTEXT() REPRESENTATION_CONTEXT('2D SPACE',''
  ) );
#2166 = PCURVE('',#2167,#2172);
#2167 = TOROIDAL_SURFACE('',#2168,19.142,5.);
#2168 = AXIS2_PLACEMENT_3D('',#2169,#2170,#2171);
#2169 = CARTESIAN_POINT('',(295.,260.,-392.5));
#2170 = DIRECTION('',(1.,0.,-0.));
#2171 = DIRECTION('',(0.,1.,0.));
#2172 = DEFINITIONAL_REPRESENTATION('',(#2173),#2177);
#2173 = LINE('',#2174,#2175);
#2174 = CARTESIAN_POINT('',(0.,1.570796326795));
#2175 = VECTOR('',#2176,1.);
#2176 = DIRECTION('',(1.,0.));
#2177 = ( GEOMETRIC_REPRESENTATION_CONTEXT(2) 
PARAMETRIC_REPRESENTATION_CONTEXT() REPRESENTATION_CONTEXT('2D SPACE',''
  ) );
#2178 = ADVANCED_FACE('',(#2179),#1270,.T.);
#2179 = FACE_BOUND('',#2180,.F.);
#2180 = EDGE_LOOP('',(#2181,#2201,#2202));
#2181 = ORIENTED_EDGE('',*,*,#2182,.F.);
#2182 = EDGE_CURVE('',#1229,#1322,#2183,.T.);
#2183 = SURFACE_CURVE('',#2184,(#2189,#2195),.PCURVE_S1.);
#2184 = CIRCLE('',#2185,5.);
#2185 = AXIS2_PLACEMENT_3D('',#2186,#2187,#2188);
#2186 = CARTESIAN_POINT('',(295.,285.,-345.));
#2187 = DIRECTION('',(0.,-0.,1.));
#2188 = DIRECTION('',(0.,1.,0.));
#2189 = PCURVE('',#1270,#2190);
#2190 = DEFINITIONAL_REPRESENTATION('',(#2191),#2194);
#2191 = B_SPLINE_CURVE_WITH_KNOTS('',1,(#2192,#2193),.UNSPECIFIED.,.F.,
  .F.,(2,2),(4.712388980385,6.28318530718),.PIECEWISE_BEZIER_KNOTS.);
#2192 = CARTESIAN_POINT('',(0.,-1.570796326795));
#2193 = CARTESIAN_POINT('',(0.,0.));
#2194 = ( GEOMETRIC_REPRESENTATION_CONTEXT(2) 
PARAMETRIC_REPRESENTATION_CONTEXT() REPRESENTATION_CONTEXT('2D SPACE',''
  ) );
#2195 = PCURVE('',#2135,#2196);
#2196 = DEFINITIONAL_REPRESENTATION('',(#2197),#2200);
#2197 = B_SPLINE_CURVE_WITH_KNOTS('',1,(#2198,#2199),.UNSPECIFIED.,.F.,
  .F.,(2,2),(4.712388980385,6.28318530718),.PIECEWISE_BEZIER_KNOTS.);
#2198 = CARTESIAN_POINT('',(0.,100.));
#2199 = CARTESIAN_POINT('',(1.570796326795,100.));
#2200 = ( GEOMETRIC_REPRESENTATION_CONTEXT(2) 
PARAMETRIC_REPRESENTATION_CONTEXT() REPRESENTATION_CONTEXT('2D SPACE',''
  ) );
#2201 = ORIENTED_EDGE('',*,*,#1256,.T.);
#2202 = ORIENTED_EDGE('',*,*,#1349,.F.);
#2203 = ADVANCED_FACE('',(#2204),#1337,.T.);
#2204 = FACE_BOUND('',#2205,.T.);
#2205 = EDGE_LOOP('',(#2206,#2207,#2208,#2231));
#2206 = ORIENTED_EDGE('',*,*,#1627,.T.);
#2207 = ORIENTED_EDGE('',*,*,#1321,.T.);
#2208 = ORIENTED_EDGE('',*,*,#2209,.F.);
#2209 = EDGE_CURVE('',#2210,#1322,#2212,.T.);
#2210 = VERTEX_POINT('',#2211);
#2211 = CARTESIAN_POINT('',(295.,290.,-440.));
#2212 = SURFACE_CURVE('',#2213,(#2217,#2224),.PCURVE_S1.);
#2213 = LINE('',#2214,#2215);
#2214 = CARTESIAN_POINT('',(295.,290.,-445.));
#2215 = VECTOR('',#2216,1.);
#2216 = DIRECTION('',(0.,0.,1.));
#2217 = PCURVE('',#1337,#2218);
#2218 = DEFINITIONAL_REPRESENTATION('',(#2219),#2223);
#2219 = LINE('',#2220,#2221);
#2220 = CARTESIAN_POINT('',(0.,195.));
#2221 = VECTOR('',#2222,1.);
#2222 = DIRECTION('',(1.,0.));
#2223 = ( GEOMETRIC_REPRESENTATION_CONTEXT(2) 
PARAMETRIC_REPRESENTATION_CONTEXT() REPRESENTATION_CONTEXT('2D SPACE',''
  ) );
#2224 = PCURVE('',#2135,#2225);
#2225 = DEFINITIONAL_REPRESENTATION('',(#2226),#2230);
#2226 = LINE('',#2227,#2228);
#2227 = CARTESIAN_POINT('',(1.570796326795,0.));
#2228 = VECTOR('',#2229,1.);
#2229 = DIRECTION('',(0.,1.));
#2230 = ( GEOMETRIC_REPRESENTATION_CONTEXT(2) 
PARAMETRIC_REPRESENTATION_CONTEXT() REPRESENTATION_CONTEXT('2D SPACE',''
  ) );
#2231 = ORIENTED_EDGE('',*,*,#2232,.F.);
#2232 = EDGE_CURVE('',#1628,#2210,#2233,.T.);
#2233 = SURFACE_CURVE('',#2234,(#2238,#2245),.PCURVE_S1.);
#2234 = LINE('',#2235,#2236);
#2235 = CARTESIAN_POINT('',(100.,290.,-440.));
#2236 = VECTOR('',#2237,1.);
#2237 = DIRECTION('',(1.,0.,0.));
#2238 = PCURVE('',#1337,#2239);
#2239 = DEFINITIONAL_REPRESENTATION('',(#2240),#2244);
#2240 = LINE('',#2241,#2242);
#2241 = CARTESIAN_POINT('',(5.,0.));
#2242 = VECTOR('',#2243,1.);
#2243 = DIRECTION('',(0.,1.));
#2244 = ( GEOMETRIC_REPRESENTATION_CONTEXT(2) 
PARAMETRIC_REPRESENTATION_CONTEXT() REPRESENTATION_CONTEXT('2D SPACE',''
  ) );
#2245 = PCURVE('',#1671,#2246);
#2246 = DEFINITIONAL_REPRESENTATION('',(#2247),#2251);
#2247 = LINE('',#2248,#2249);
#2248 = CARTESIAN_POINT('',(-0.,0.));
#2249 = VECTOR('',#2250,1.);
#2250 = DIRECTION('',(-0.,1.));
#2251 = ( GEOMETRIC_REPRESENTATION_CONTEXT(2) 
PARAMETRIC_REPRESENTATION_CONTEXT() REPRESENTATION_CONTEXT('2D SPACE',''
  ) );
#2252 = ADVANCED_FACE('',(#2253),#1726,.T.);
#2253 = FACE_BOUND('',#2254,.T.);
#2254 = EDGE_LOOP('',(#2255,#2256,#2279,#2306));
#2255 = ORIENTED_EDGE('',*,*,#1711,.T.);
#2256 = ORIENTED_EDGE('',*,*,#2257,.T.);
#2257 = EDGE_CURVE('',#1684,#2258,#2260,.T.);
#2258 = VERTEX_POINT('',#2259);
#2259 = CARTESIAN_POINT('',(295.,235.,-445.));
#2260 = SURFACE_CURVE('',#2261,(#2265,#2272),.PCURVE_S1.);
#2261 = LINE('',#2262,#2263);
#2262 = CARTESIAN_POINT('',(100.,235.,-445.));
#2263 = VECTOR('',#2264,1.);
#2264 = DIRECTION('',(1.,0.,0.));
#2265 = PCURVE('',#1726,#2266);
#2266 = DEFINITIONAL_REPRESENTATION('',(#2267),#2271);
#2267 = LINE('',#2268,#2269);
#2268 = CARTESIAN_POINT('',(1.570796326795,0.));
#2269 = VECTOR('',#2270,1.);
#2270 = DIRECTION('',(0.,1.));
#2271 = ( GEOMETRIC_REPRESENTATION_CONTEXT(2) 
PARAMETRIC_REPRESENTATION_CONTEXT() REPRESENTATION_CONTEXT('2D SPACE',''
  ) );
#2272 = PCURVE('',#1699,#2273);
#2273 = DEFINITIONAL_REPRESENTATION('',(#2274),#2278);
#2274 = LINE('',#2275,#2276);
#2275 = CARTESIAN_POINT('',(0.,5.));
#2276 = VECTOR('',#2277,1.);
#2277 = DIRECTION('',(1.,0.));
#2278 = ( GEOMETRIC_REPRESENTATION_CONTEXT(2) 
PARAMETRIC_REPRESENTATION_CONTEXT() REPRESENTATION_CONTEXT('2D SPACE',''
  ) );
#2279 = ORIENTED_EDGE('',*,*,#2280,.F.);
#2280 = EDGE_CURVE('',#1756,#2258,#2281,.T.);
#2281 = SURFACE_CURVE('',#2282,(#2287,#2294),.PCURVE_S1.);
#2282 = CIRCLE('',#2283,5.);
#2283 = AXIS2_PLACEMENT_3D('',#2284,#2285,#2286);
#2284 = CARTESIAN_POINT('',(295.,235.,-440.));
#2285 = DIRECTION('',(1.,0.,0.));
#2286 = DIRECTION('',(0.,-1.,0.));
#2287 = PCURVE('',#1726,#2288);
#2288 = DEFINITIONAL_REPRESENTATION('',(#2289),#2293);
#2289 = LINE('',#2290,#2291);
#2290 = CARTESIAN_POINT('',(0.,195.));
#2291 = VECTOR('',#2292,1.);
#2292 = DIRECTION('',(1.,0.));
#2293 = ( GEOMETRIC_REPRESENTATION_CONTEXT(2) 
PARAMETRIC_REPRESENTATION_CONTEXT() REPRESENTATION_CONTEXT('2D SPACE',''
  ) );
#2294 = PCURVE('',#2295,#2300);
#2295 = SPHERICAL_SURFACE('',#2296,5.);
#2296 = AXIS2_PLACEMENT_3D('',#2297,#2298,#2299);
#2297 = CARTESIAN_POINT('',(295.,235.,-440.));
#2298 = DIRECTION('',(-1.,-0.,0.));
#2299 = DIRECTION('',(0.,-1.,0.));
#2300 = DEFINITIONAL_REPRESENTATION('',(#2301),#2305);
#2301 = LINE('',#2302,#2303);
#2302 = CARTESIAN_POINT('',(-0.,0.));
#2303 = VECTOR('',#2304,1.);
#2304 = DIRECTION('',(-1.,0.));
#2305 = ( GEOMETRIC_REPRESENTATION_CONTEXT(2) 
PARAMETRIC_REPRESENTATION_CONTEXT() REPRESENTATION_CONTEXT('2D SPACE',''
  ) );
#2306 = ORIENTED_EDGE('',*,*,#1783,.F.);
#2307 = ADVANCED_FACE('',(#2308),#1699,.F.);
#2308 = FACE_BOUND('',#2309,.F.);
#2309 = EDGE_LOOP('',(#2310,#2311,#2312,#2335));
#2310 = ORIENTED_EDGE('',*,*,#1683,.F.);
#2311 = ORIENTED_EDGE('',*,*,#2257,.T.);
#2312 = ORIENTED_EDGE('',*,*,#2313,.T.);
#2313 = EDGE_CURVE('',#2258,#2314,#2316,.T.);
#2314 = VERTEX_POINT('',#2315);
#2315 = CARTESIAN_POINT('',(295.,285.,-445.));
#2316 = SURFACE_CURVE('',#2317,(#2321,#2328),.PCURVE_S1.);
#2317 = LINE('',#2318,#2319);
#2318 = CARTESIAN_POINT('',(295.,230.,-445.));
#2319 = VECTOR('',#2320,1.);
#2320 = DIRECTION('',(0.,1.,0.));
#2321 = PCURVE('',#1699,#2322);
#2322 = DEFINITIONAL_REPRESENTATION('',(#2323),#2327);
#2323 = LINE('',#2324,#2325);
#2324 = CARTESIAN_POINT('',(195.,0.));
#2325 = VECTOR('',#2326,1.);
#2326 = DIRECTION('',(0.,1.));
#2327 = ( GEOMETRIC_REPRESENTATION_CONTEXT(2) 
PARAMETRIC_REPRESENTATION_CONTEXT() REPRESENTATION_CONTEXT('2D SPACE',''
  ) );
#2328 = PCURVE('',#2109,#2329);
#2329 = DEFINITIONAL_REPRESENTATION('',(#2330),#2334);
#2330 = LINE('',#2331,#2332);
#2331 = CARTESIAN_POINT('',(1.570796326795,0.));
#2332 = VECTOR('',#2333,1.);
#2333 = DIRECTION('',(0.,1.));
#2334 = ( GEOMETRIC_REPRESENTATION_CONTEXT(2) 
PARAMETRIC_REPRESENTATION_CONTEXT() REPRESENTATION_CONTEXT('2D SPACE',''
  ) );
#2335 = ORIENTED_EDGE('',*,*,#2336,.F.);
#2336 = EDGE_CURVE('',#1651,#2314,#2337,.T.);
#2337 = SURFACE_CURVE('',#2338,(#2342,#2349),.PCURVE_S1.);
#2338 = LINE('',#2339,#2340);
#2339 = CARTESIAN_POINT('',(100.,285.,-445.));
#2340 = VECTOR('',#2341,1.);
#2341 = DIRECTION('',(1.,0.,0.));
#2342 = PCURVE('',#1699,#2343);
#2343 = DEFINITIONAL_REPRESENTATION('',(#2344),#2348);
#2344 = LINE('',#2345,#2346);
#2345 = CARTESIAN_POINT('',(0.,55.));
#2346 = VECTOR('',#2347,1.);
#2347 = DIRECTION('',(1.,0.));
#2348 = ( GEOMETRIC_REPRESENTATION_CONTEXT(2) 
PARAMETRIC_REPRESENTATION_CONTEXT() REPRESENTATION_CONTEXT('2D SPACE',''
  ) );
#2349 = PCURVE('',#1671,#2350);
#2350 = DEFINITIONAL_REPRESENTATION('',(#2351),#2355);
#2351 = LINE('',#2352,#2353);
#2352 = CARTESIAN_POINT('',(-1.570796326795,0.));
#2353 = VECTOR('',#2354,1.);
#2354 = DIRECTION('',(-0.,1.));
#2355 = ( GEOMETRIC_REPRESENTATION_CONTEXT(2) 
PARAMETRIC_REPRESENTATION_CONTEXT() REPRESENTATION_CONTEXT('2D SPACE',''
  ) );
#2356 = ADVANCED_FACE('',(#2357),#1671,.T.);
#2357 = FACE_BOUND('',#2358,.F.);
#2358 = EDGE_LOOP('',(#2359,#2360,#2361,#2388));
#2359 = ORIENTED_EDGE('',*,*,#1650,.T.);
#2360 = ORIENTED_EDGE('',*,*,#2336,.T.);
#2361 = ORIENTED_EDGE('',*,*,#2362,.F.);
#2362 = EDGE_CURVE('',#2210,#2314,#2363,.T.);
#2363 = SURFACE_CURVE('',#2364,(#2369,#2376),.PCURVE_S1.);
#2364 = CIRCLE('',#2365,5.);
#2365 = AXIS2_PLACEMENT_3D('',#2366,#2367,#2368);
#2366 = CARTESIAN_POINT('',(295.,285.,-440.));
#2367 = DIRECTION('',(-1.,0.,0.));
#2368 = DIRECTION('',(0.,1.,0.));
#2369 = PCURVE('',#1671,#2370);
#2370 = DEFINITIONAL_REPRESENTATION('',(#2371),#2375);
#2371 = LINE('',#2372,#2373);
#2372 = CARTESIAN_POINT('',(-0.,195.));
#2373 = VECTOR('',#2374,1.);
#2374 = DIRECTION('',(-1.,0.));
#2375 = ( GEOMETRIC_REPRESENTATION_CONTEXT(2) 
PARAMETRIC_REPRESENTATION_CONTEXT() REPRESENTATION_CONTEXT('2D SPACE',''
  ) );
#2376 = PCURVE('',#2377,#2382);
#2377 = SPHERICAL_SURFACE('',#2378,5.);
#2378 = AXIS2_PLACEMENT_3D('',#2379,#2380,#2381);
#2379 = CARTESIAN_POINT('',(295.,285.,-440.));
#2380 = DIRECTION('',(-1.,-0.,0.));
#2381 = DIRECTION('',(0.,1.,0.));
#2382 = DEFINITIONAL_REPRESENTATION('',(#2383),#2387);
#2383 = LINE('',#2384,#2385);
#2384 = CARTESIAN_POINT('',(0.,0.));
#2385 = VECTOR('',#2386,1.);
#2386 = DIRECTION('',(1.,0.));
#2387 = ( GEOMETRIC_REPRESENTATION_CONTEXT(2) 
PARAMETRIC_REPRESENTATION_CONTEXT() REPRESENTATION_CONTEXT('2D SPACE',''
  ) );
#2388 = ORIENTED_EDGE('',*,*,#2232,.F.);
#2389 = ADVANCED_FACE('',(#2390),#1771,.T.);
#2390 = FACE_BOUND('',#2391,.T.);
#2391 = EDGE_LOOP('',(#2392,#2412,#2413,#2414));
#2392 = ORIENTED_EDGE('',*,*,#2393,.F.);
#2393 = EDGE_CURVE('',#2071,#1756,#2394,.T.);
#2394 = SURFACE_CURVE('',#2395,(#2400,#2406),.PCURVE_S1.);
#2395 = CIRCLE('',#2396,5.);
#2396 = AXIS2_PLACEMENT_3D('',#2397,#2398,#2399);
#2397 = CARTESIAN_POINT('',(295.,235.,-440.));
#2398 = DIRECTION('',(0.,-0.,-1.));
#2399 = DIRECTION('',(0.,-1.,0.));
#2400 = PCURVE('',#1771,#2401);
#2401 = DEFINITIONAL_REPRESENTATION('',(#2402),#2405);
#2402 = B_SPLINE_CURVE_WITH_KNOTS('',1,(#2403,#2404),.UNSPECIFIED.,.F.,
  .F.,(2,2),(4.712388980385,6.28318530718),.PIECEWISE_BEZIER_KNOTS.);
#2403 = CARTESIAN_POINT('',(1.570796326795,5.));
#2404 = CARTESIAN_POINT('',(0.,5.));
#2405 = ( GEOMETRIC_REPRESENTATION_CONTEXT(2) 
PARAMETRIC_REPRESENTATION_CONTEXT() REPRESENTATION_CONTEXT('2D SPACE',''
  ) );
#2406 = PCURVE('',#2295,#2407);
#2407 = DEFINITIONAL_REPRESENTATION('',(#2408),#2411);
#2408 = B_SPLINE_CURVE_WITH_KNOTS('',1,(#2409,#2410),.UNSPECIFIED.,.F.,
  .F.,(2,2),(4.712388980385,6.28318530718),.PIECEWISE_BEZIER_KNOTS.);
#2409 = CARTESIAN_POINT('',(0.,-1.570796326795));
#2410 = CARTESIAN_POINT('',(0.,0.));
#2411 = ( GEOMETRIC_REPRESENTATION_CONTEXT(2) 
PARAMETRIC_REPRESENTATION_CONTEXT() REPRESENTATION_CONTEXT('2D SPACE',''
  ) );
#2412 = ORIENTED_EDGE('',*,*,#2070,.T.);
#2413 = ORIENTED_EDGE('',*,*,#2045,.T.);
#2414 = ORIENTED_EDGE('',*,*,#1755,.F.);
#2415 = ADVANCED_FACE('',(#2416),#1824,.T.);
#2416 = FACE_BOUND('',#2417,.T.);
#2417 = EDGE_LOOP('',(#2418,#2440,#2468,#2488));
#2418 = ORIENTED_EDGE('',*,*,#2419,.T.);
#2419 = EDGE_CURVE('',#1807,#2420,#2422,.T.);
#2420 = VERTEX_POINT('',#2421);
#2421 = CARTESIAN_POINT('',(130.35092,235.,-374.121747));
#2422 = SURFACE_CURVE('',#2423,(#2428,#2434),.PCURVE_S1.);
#2423 = CIRCLE('',#2424,5.);
#2424 = AXIS2_PLACEMENT_3D('',#2425,#2426,#2427);
#2425 = CARTESIAN_POINT('',(130.35092,235.,-369.121747));
#2426 = DIRECTION('',(1.,0.,-0.));
#2427 = DIRECTION('',(0.,0.,1.));
#2428 = PCURVE('',#1824,#2429);
#2429 = DEFINITIONAL_REPRESENTATION('',(#2430),#2433);
#2430 = B_SPLINE_CURVE_WITH_KNOTS('',1,(#2431,#2432),.UNSPECIFIED.,.F.,
  .F.,(2,2),(1.570796326795,3.14159265359),.PIECEWISE_BEZIER_KNOTS.);
#2431 = CARTESIAN_POINT('',(0.,5.));
#2432 = CARTESIAN_POINT('',(1.570796326795,5.));
#2433 = ( GEOMETRIC_REPRESENTATION_CONTEXT(2) 
PARAMETRIC_REPRESENTATION_CONTEXT() REPRESENTATION_CONTEXT('2D SPACE',''
  ) );
#2434 = PCURVE('',#1857,#2435);
#2435 = DEFINITIONAL_REPRESENTATION('',(#2436),#2439);
#2436 = B_SPLINE_CURVE_WITH_KNOTS('',1,(#2437,#2438),.UNSPECIFIED.,.F.,
  .F.,(2,2),(1.570796326795,3.14159265359),.PIECEWISE_BEZIER_KNOTS.);
#2437 = CARTESIAN_POINT('',(0.,1.570796326795));
#2438 = CARTESIAN_POINT('',(0.,3.14159265359));
#2439 = ( GEOMETRIC_REPRESENTATION_CONTEXT(2) 
PARAMETRIC_REPRESENTATION_CONTEXT() REPRESENTATION_CONTEXT('2D SPACE',''
  ) );
#2440 = ORIENTED_EDGE('',*,*,#2441,.T.);
#2441 = EDGE_CURVE('',#2420,#2442,#2444,.T.);
#2442 = VERTEX_POINT('',#2443);
#2443 = CARTESIAN_POINT('',(163.336333,235.,-374.121747));
#2444 = SURFACE_CURVE('',#2445,(#2449,#2456),.PCURVE_S1.);
#2445 = LINE('',#2446,#2447);
#2446 = CARTESIAN_POINT('',(125.35092,235.,-374.121747));
#2447 = VECTOR('',#2448,1.);
#2448 = DIRECTION('',(1.,0.,0.));
#2449 = PCURVE('',#1824,#2450);
#2450 = DEFINITIONAL_REPRESENTATION('',(#2451),#2455);
#2451 = LINE('',#2452,#2453);
#2452 = CARTESIAN_POINT('',(1.570796326795,0.));
#2453 = VECTOR('',#2454,1.);
#2454 = DIRECTION('',(0.,1.));
#2455 = ( GEOMETRIC_REPRESENTATION_CONTEXT(2) 
PARAMETRIC_REPRESENTATION_CONTEXT() REPRESENTATION_CONTEXT('2D SPACE',''
  ) );
#2456 = PCURVE('',#2457,#2462);
#2457 = PLANE('',#2458);
#2458 = AXIS2_PLACEMENT_3D('',#2459,#2460,#2461);
#2459 = CARTESIAN_POINT('',(125.35092,230.,-374.121747));
#2460 = DIRECTION('',(0.,0.,1.));
#2461 = DIRECTION('',(1.,0.,0.));
#2462 = DEFINITIONAL_REPRESENTATION('',(#2463),#2467);
#2463 = LINE('',#2464,#2465);
#2464 = CARTESIAN_POINT('',(0.,5.));
#2465 = VECTOR('',#2466,1.);
#2466 = DIRECTION('',(1.,0.));
#2467 = ( GEOMETRIC_REPRESENTATION_CONTEXT(2) 
PARAMETRIC_REPRESENTATION_CONTEXT() REPRESENTATION_CONTEXT('2D SPACE',''
  ) );
#2468 = ORIENTED_EDGE('',*,*,#2469,.F.);
#2469 = EDGE_CURVE('',#1809,#2442,#2470,.T.);
#2470 = SURFACE_CURVE('',#2471,(#2476,#2482),.PCURVE_S1.);
#2471 = CIRCLE('',#2472,5.);
#2472 = AXIS2_PLACEMENT_3D('',#2473,#2474,#2475);
#2473 = CARTESIAN_POINT('',(163.336333,235.,-369.121747));
#2474 = DIRECTION('',(1.,0.,0.));
#2475 = DIRECTION('',(0.,-0.,1.));
#2476 = PCURVE('',#1824,#2477);
#2477 = DEFINITIONAL_REPRESENTATION('',(#2478),#2481);
#2478 = B_SPLINE_CURVE_WITH_KNOTS('',1,(#2479,#2480),.UNSPECIFIED.,.F.,
  .F.,(2,2),(1.570796326795,3.14159265359),.PIECEWISE_BEZIER_KNOTS.);
#2479 = CARTESIAN_POINT('',(0.,37.985413));
#2480 = CARTESIAN_POINT('',(1.570796326795,37.985413));
#2481 = ( GEOMETRIC_REPRESENTATION_CONTEXT(2) 
PARAMETRIC_REPRESENTATION_CONTEXT() REPRESENTATION_CONTEXT('2D SPACE',''
  ) );
#2482 = PCURVE('',#2030,#2483);
#2483 = DEFINITIONAL_REPRESENTATION('',(#2484),#2487);
#2484 = B_SPLINE_CURVE_WITH_KNOTS('',1,(#2485,#2486),.UNSPECIFIED.,.F.,
  .F.,(2,2),(1.570796326795,3.14159265359),.PIECEWISE_BEZIER_KNOTS.);
#2485 = CARTESIAN_POINT('',(0.,1.570796326795));
#2486 = CARTESIAN_POINT('',(0.,3.14159265359));
#2487 = ( GEOMETRIC_REPRESENTATION_CONTEXT(2) 
PARAMETRIC_REPRESENTATION_CONTEXT() REPRESENTATION_CONTEXT('2D SPACE',''
  ) );
#2488 = ORIENTED_EDGE('',*,*,#1806,.F.);
#2489 = ADVANCED_FACE('',(#2490),#1857,.T.);
#2490 = FACE_BOUND('',#2491,.T.);
#2491 = EDGE_LOOP('',(#2492,#2493,#2494,#2516));
#2492 = ORIENTED_EDGE('',*,*,#2419,.F.);
#2493 = ORIENTED_EDGE('',*,*,#1836,.T.);
#2494 = ORIENTED_EDGE('',*,*,#2495,.T.);
#2495 = EDGE_CURVE('',#1837,#2496,#2498,.T.);
#2496 = VERTEX_POINT('',#2497);
#2497 = CARTESIAN_POINT('',(125.35092,235.,-379.121747));
#2498 = SURFACE_CURVE('',#2499,(#2504,#2510),.PCURVE_S1.);
#2499 = CIRCLE('',#2500,5.);
#2500 = AXIS2_PLACEMENT_3D('',#2501,#2502,#2503);
#2501 = CARTESIAN_POINT('',(120.35092,235.,-379.121747));
#2502 = DIRECTION('',(6.123233995737E-17,0.,1.));
#2503 = DIRECTION('',(-1.,0.,6.123233995737E-17));
#2504 = PCURVE('',#1857,#2505);
#2505 = DEFINITIONAL_REPRESENTATION('',(#2506),#2509);
#2506 = B_SPLINE_CURVE_WITH_KNOTS('',1,(#2507,#2508),.UNSPECIFIED.,.F.,
  .F.,(2,2),(1.570796326795,3.14159265359),.PIECEWISE_BEZIER_KNOTS.);
#2507 = CARTESIAN_POINT('',(1.570796326795,1.570796326795));
#2508 = CARTESIAN_POINT('',(1.570796326795,3.14159265359));
#2509 = ( GEOMETRIC_REPRESENTATION_CONTEXT(2) 
PARAMETRIC_REPRESENTATION_CONTEXT() REPRESENTATION_CONTEXT('2D SPACE',''
  ) );
#2510 = PCURVE('',#1885,#2511);
#2511 = DEFINITIONAL_REPRESENTATION('',(#2512),#2515);
#2512 = B_SPLINE_CURVE_WITH_KNOTS('',1,(#2513,#2514),.UNSPECIFIED.,.F.,
  .F.,(2,2),(1.570796326795,3.14159265359),.PIECEWISE_BEZIER_KNOTS.);
#2513 = CARTESIAN_POINT('',(0.,25.949498));
#2514 = CARTESIAN_POINT('',(1.570796326795,25.949498));
#2515 = ( GEOMETRIC_REPRESENTATION_CONTEXT(2) 
PARAMETRIC_REPRESENTATION_CONTEXT() REPRESENTATION_CONTEXT('2D SPACE',''
  ) );
#2516 = ORIENTED_EDGE('',*,*,#2517,.F.);
#2517 = EDGE_CURVE('',#2420,#2496,#2518,.T.);
#2518 = SURFACE_CURVE('',#2519,(#2524,#2531),.PCURVE_S1.);
#2519 = CIRCLE('',#2520,5.);
#2520 = AXIS2_PLACEMENT_3D('',#2521,#2522,#2523);
#2521 = CARTESIAN_POINT('',(130.35092,235.,-379.121747));
#2522 = DIRECTION('',(-0.,-1.,0.));
#2523 = DIRECTION('',(0.,-0.,1.));
#2524 = PCURVE('',#1857,#2525);
#2525 = DEFINITIONAL_REPRESENTATION('',(#2526),#2530);
#2526 = LINE('',#2527,#2528);
#2527 = CARTESIAN_POINT('',(0.,3.14159265359));
#2528 = VECTOR('',#2529,1.);
#2529 = DIRECTION('',(1.,0.));
#2530 = ( GEOMETRIC_REPRESENTATION_CONTEXT(2) 
PARAMETRIC_REPRESENTATION_CONTEXT() REPRESENTATION_CONTEXT('2D SPACE',''
  ) );
#2531 = PCURVE('',#2532,#2537);
#2532 = CYLINDRICAL_SURFACE('',#2533,5.);
#2533 = AXIS2_PLACEMENT_3D('',#2534,#2535,#2536);
#2534 = CARTESIAN_POINT('',(130.35092,230.,-379.121747));
#2535 = DIRECTION('',(0.,1.,0.));
#2536 = DIRECTION('',(0.,-0.,1.));
#2537 = DEFINITIONAL_REPRESENTATION('',(#2538),#2542);
#2538 = LINE('',#2539,#2540);
#2539 = CARTESIAN_POINT('',(-0.,5.));
#2540 = VECTOR('',#2541,1.);
#2541 = DIRECTION('',(-1.,0.));
#2542 = ( GEOMETRIC_REPRESENTATION_CONTEXT(2) 
PARAMETRIC_REPRESENTATION_CONTEXT() REPRESENTATION_CONTEXT('2D SPACE',''
  ) );
#2543 = ADVANCED_FACE('',(#2544),#2030,.T.);
#2544 = FACE_BOUND('',#2545,.F.);
#2545 = EDGE_LOOP('',(#2546,#2547,#2548,#2570));
#2546 = ORIENTED_EDGE('',*,*,#2469,.F.);
#2547 = ORIENTED_EDGE('',*,*,#2015,.T.);
#2548 = ORIENTED_EDGE('',*,*,#2549,.T.);
#2549 = EDGE_CURVE('',#1988,#2550,#2552,.T.);
#2550 = VERTEX_POINT('',#2551);
#2551 = CARTESIAN_POINT('',(168.336333,235.,-379.121747));
#2552 = SURFACE_CURVE('',#2553,(#2558,#2564),.PCURVE_S1.);
#2553 = CIRCLE('',#2554,5.);
#2554 = AXIS2_PLACEMENT_3D('',#2555,#2556,#2557);
#2555 = CARTESIAN_POINT('',(173.336333,235.,-379.121747));
#2556 = DIRECTION('',(6.123233995737E-17,0.,-1.));
#2557 = DIRECTION('',(1.,-0.,6.123233995737E-17));
#2558 = PCURVE('',#2030,#2559);
#2559 = DEFINITIONAL_REPRESENTATION('',(#2560),#2563);
#2560 = B_SPLINE_CURVE_WITH_KNOTS('',1,(#2561,#2562),.UNSPECIFIED.,.F.,
  .F.,(2,2),(1.570796326795,3.14159265359),.PIECEWISE_BEZIER_KNOTS.);
#2561 = CARTESIAN_POINT('',(-1.570796326795,1.570796326795));
#2562 = CARTESIAN_POINT('',(-1.570796326795,3.14159265359));
#2563 = ( GEOMETRIC_REPRESENTATION_CONTEXT(2) 
PARAMETRIC_REPRESENTATION_CONTEXT() REPRESENTATION_CONTEXT('2D SPACE',''
  ) );
#2564 = PCURVE('',#2003,#2565);
#2565 = DEFINITIONAL_REPRESENTATION('',(#2566),#2569);
#2566 = B_SPLINE_CURVE_WITH_KNOTS('',1,(#2567,#2568),.UNSPECIFIED.,.F.,
  .F.,(2,2),(1.570796326795,3.14159265359),.PIECEWISE_BEZIER_KNOTS.);
#2567 = CARTESIAN_POINT('',(0.,25.949498));
#2568 = CARTESIAN_POINT('',(-1.570796326795,25.949498));
#2569 = ( GEOMETRIC_REPRESENTATION_CONTEXT(2) 
PARAMETRIC_REPRESENTATION_CONTEXT() REPRESENTATION_CONTEXT('2D SPACE',''
  ) );
#2570 = ORIENTED_EDGE('',*,*,#2571,.F.);
#2571 = EDGE_CURVE('',#2442,#2550,#2572,.T.);
#2572 = SURFACE_CURVE('',#2573,(#2578,#2585),.PCURVE_S1.);
#2573 = CIRCLE('',#2574,5.);
#2574 = AXIS2_PLACEMENT_3D('',#2575,#2576,#2577);
#2575 = CARTESIAN_POINT('',(163.336333,235.,-379.121747));
#2576 = DIRECTION('',(0.,1.,0.));
#2577 = DIRECTION('',(0.,-0.,1.));
#2578 = PCURVE('',#2030,#2579);
#2579 = DEFINITIONAL_REPRESENTATION('',(#2580),#2584);
#2580 = LINE('',#2581,#2582);
#2581 = CARTESIAN_POINT('',(-0.,3.14159265359));
#2582 = VECTOR('',#2583,1.);
#2583 = DIRECTION('',(-1.,0.));
#2584 = ( GEOMETRIC_REPRESENTATION_CONTEXT(2) 
PARAMETRIC_REPRESENTATION_CONTEXT() REPRESENTATION_CONTEXT('2D SPACE',''
  ) );
#2585 = PCURVE('',#2586,#2591);
#2586 = CYLINDRICAL_SURFACE('',#2587,5.);
#2587 = AXIS2_PLACEMENT_3D('',#2588,#2589,#2590);
#2588 = CARTESIAN_POINT('',(163.336333,230.,-379.121747));
#2589 = DIRECTION('',(0.,1.,0.));
#2590 = DIRECTION('',(0.,-0.,1.));
#2591 = DEFINITIONAL_REPRESENTATION('',(#2592),#2596);
#2592 = LINE('',#2593,#2594);
#2593 = CARTESIAN_POINT('',(0.,5.));
#2594 = VECTOR('',#2595,1.);
#2595 = DIRECTION('',(1.,0.));
#2596 = ( GEOMETRIC_REPRESENTATION_CONTEXT(2) 
PARAMETRIC_REPRESENTATION_CONTEXT() REPRESENTATION_CONTEXT('2D SPACE',''
  ) );
#2597 = ADVANCED_FACE('',(#2598),#1885,.T.);
#2598 = FACE_BOUND('',#2599,.T.);
#2599 = EDGE_LOOP('',(#2600,#2622,#2648,#2649));
#2600 = ORIENTED_EDGE('',*,*,#2601,.T.);
#2601 = EDGE_CURVE('',#1870,#2602,#2604,.T.);
#2602 = VERTEX_POINT('',#2603);
#2603 = CARTESIAN_POINT('',(125.35092,235.,-400.071245));
#2604 = SURFACE_CURVE('',#2605,(#2610,#2616),.PCURVE_S1.);
#2605 = CIRCLE('',#2606,5.);
#2606 = AXIS2_PLACEMENT_3D('',#2607,#2608,#2609);
#2607 = CARTESIAN_POINT('',(120.35092,235.,-400.071245));
#2608 = DIRECTION('',(-6.123233995737E-17,0.,1.));
#2609 = DIRECTION('',(-1.,0.,-6.123233995737E-17));
#2610 = PCURVE('',#1885,#2611);
#2611 = DEFINITIONAL_REPRESENTATION('',(#2612),#2615);
#2612 = B_SPLINE_CURVE_WITH_KNOTS('',1,(#2613,#2614),.UNSPECIFIED.,.F.,
  .F.,(2,2),(1.570796326795,3.14159265359),.PIECEWISE_BEZIER_KNOTS.);
#2613 = CARTESIAN_POINT('',(0.,5.));
#2614 = CARTESIAN_POINT('',(1.570796326795,5.));
#2615 = ( GEOMETRIC_REPRESENTATION_CONTEXT(2) 
PARAMETRIC_REPRESENTATION_CONTEXT() REPRESENTATION_CONTEXT('2D SPACE',''
  ) );
#2616 = PCURVE('',#1914,#2617);
#2617 = DEFINITIONAL_REPRESENTATION('',(#2618),#2621);
#2618 = B_SPLINE_CURVE_WITH_KNOTS('',1,(#2619,#2620),.UNSPECIFIED.,.F.,
  .F.,(2,2),(1.570796326795,3.14159265359),.PIECEWISE_BEZIER_KNOTS.);
#2619 = CARTESIAN_POINT('',(-1.570796326795,1.570796326795));
#2620 = CARTESIAN_POINT('',(-1.570796326795,3.14159265359));
#2621 = ( GEOMETRIC_REPRESENTATION_CONTEXT(2) 
PARAMETRIC_REPRESENTATION_CONTEXT() REPRESENTATION_CONTEXT('2D SPACE',''
  ) );
#2622 = ORIENTED_EDGE('',*,*,#2623,.T.);
#2623 = EDGE_CURVE('',#2602,#2496,#2624,.T.);
#2624 = SURFACE_CURVE('',#2625,(#2629,#2636),.PCURVE_S1.);
#2625 = LINE('',#2626,#2627);
#2626 = CARTESIAN_POINT('',(125.35092,235.,-405.071245));
#2627 = VECTOR('',#2628,1.);
#2628 = DIRECTION('',(0.,0.,1.));
#2629 = PCURVE('',#1885,#2630);
#2630 = DEFINITIONAL_REPRESENTATION('',(#2631),#2635);
#2631 = LINE('',#2632,#2633);
#2632 = CARTESIAN_POINT('',(1.570796326795,0.));
#2633 = VECTOR('',#2634,1.);
#2634 = DIRECTION('',(0.,1.));
#2635 = ( GEOMETRIC_REPRESENTATION_CONTEXT(2) 
PARAMETRIC_REPRESENTATION_CONTEXT() REPRESENTATION_CONTEXT('2D SPACE',''
  ) );
#2636 = PCURVE('',#2637,#2642);
#2637 = PLANE('',#2638);
#2638 = AXIS2_PLACEMENT_3D('',#2639,#2640,#2641);
#2639 = CARTESIAN_POINT('',(125.35092,230.,-405.071245));
#2640 = DIRECTION('',(1.,0.,0.));
#2641 = DIRECTION('',(0.,0.,1.));
#2642 = DEFINITIONAL_REPRESENTATION('',(#2643),#2647);
#2643 = LINE('',#2644,#2645);
#2644 = CARTESIAN_POINT('',(0.,-5.));
#2645 = VECTOR('',#2646,1.);
#2646 = DIRECTION('',(1.,0.));
#2647 = ( GEOMETRIC_REPRESENTATION_CONTEXT(2) 
PARAMETRIC_REPRESENTATION_CONTEXT() REPRESENTATION_CONTEXT('2D SPACE',''
  ) );
#2648 = ORIENTED_EDGE('',*,*,#2495,.F.);
#2649 = ORIENTED_EDGE('',*,*,#1869,.F.);
#2650 = ADVANCED_FACE('',(#2651),#2003,.T.);
#2651 = FACE_BOUND('',#2652,.F.);
#2652 = EDGE_LOOP('',(#2653,#2675,#2701,#2702));
#2653 = ORIENTED_EDGE('',*,*,#2654,.T.);
#2654 = EDGE_CURVE('',#1955,#2655,#2657,.T.);
#2655 = VERTEX_POINT('',#2656);
#2656 = CARTESIAN_POINT('',(168.336333,235.,-400.071245));
#2657 = SURFACE_CURVE('',#2658,(#2663,#2669),.PCURVE_S1.);
#2658 = CIRCLE('',#2659,5.);
#2659 = AXIS2_PLACEMENT_3D('',#2660,#2661,#2662);
#2660 = CARTESIAN_POINT('',(173.336333,235.,-400.071245));
#2661 = DIRECTION('',(-6.123233995737E-17,0.,-1.));
#2662 = DIRECTION('',(1.,0.,-6.123233995737E-17));
#2663 = PCURVE('',#2003,#2664);
#2664 = DEFINITIONAL_REPRESENTATION('',(#2665),#2668);
#2665 = B_SPLINE_CURVE_WITH_KNOTS('',1,(#2666,#2667),.UNSPECIFIED.,.F.,
  .F.,(2,2),(1.570796326795,3.14159265359),.PIECEWISE_BEZIER_KNOTS.);
#2666 = CARTESIAN_POINT('',(0.,5.));
#2667 = CARTESIAN_POINT('',(-1.570796326795,5.));
#2668 = ( GEOMETRIC_REPRESENTATION_CONTEXT(2) 
PARAMETRIC_REPRESENTATION_CONTEXT() REPRESENTATION_CONTEXT('2D SPACE',''
  ) );
#2669 = PCURVE('',#1975,#2670);
#2670 = DEFINITIONAL_REPRESENTATION('',(#2671),#2674);
#2671 = B_SPLINE_CURVE_WITH_KNOTS('',1,(#2672,#2673),.UNSPECIFIED.,.F.,
  .F.,(2,2),(1.570796326795,3.14159265359),.PIECEWISE_BEZIER_KNOTS.);
#2672 = CARTESIAN_POINT('',(1.570796326795,1.570796326795));
#2673 = CARTESIAN_POINT('',(1.570796326795,3.14159265359));
#2674 = ( GEOMETRIC_REPRESENTATION_CONTEXT(2) 
PARAMETRIC_REPRESENTATION_CONTEXT() REPRESENTATION_CONTEXT('2D SPACE',''
  ) );
#2675 = ORIENTED_EDGE('',*,*,#2676,.T.);
#2676 = EDGE_CURVE('',#2655,#2550,#2677,.T.);
#2677 = SURFACE_CURVE('',#2678,(#2682,#2689),.PCURVE_S1.);
#2678 = LINE('',#2679,#2680);
#2679 = CARTESIAN_POINT('',(168.336333,235.,-405.071245));
#2680 = VECTOR('',#2681,1.);
#2681 = DIRECTION('',(0.,0.,1.));
#2682 = PCURVE('',#2003,#2683);
#2683 = DEFINITIONAL_REPRESENTATION('',(#2684),#2688);
#2684 = LINE('',#2685,#2686);
#2685 = CARTESIAN_POINT('',(-1.570796326795,0.));
#2686 = VECTOR('',#2687,1.);
#2687 = DIRECTION('',(-0.,1.));
#2688 = ( GEOMETRIC_REPRESENTATION_CONTEXT(2) 
PARAMETRIC_REPRESENTATION_CONTEXT() REPRESENTATION_CONTEXT('2D SPACE',''
  ) );
#2689 = PCURVE('',#2690,#2695);
#2690 = PLANE('',#2691);
#2691 = AXIS2_PLACEMENT_3D('',#2692,#2693,#2694);
#2692 = CARTESIAN_POINT('',(168.336333,230.,-405.071245));
#2693 = DIRECTION('',(1.,0.,0.));
#2694 = DIRECTION('',(0.,0.,1.));
#2695 = DEFINITIONAL_REPRESENTATION('',(#2696),#2700);
#2696 = LINE('',#2697,#2698);
#2697 = CARTESIAN_POINT('',(0.,-5.));
#2698 = VECTOR('',#2699,1.);
#2699 = DIRECTION('',(1.,0.));
#2700 = ( GEOMETRIC_REPRESENTATION_CONTEXT(2) 
PARAMETRIC_REPRESENTATION_CONTEXT() REPRESENTATION_CONTEXT('2D SPACE',''
  ) );
#2701 = ORIENTED_EDGE('',*,*,#2549,.F.);
#2702 = ORIENTED_EDGE('',*,*,#1987,.F.);
#2703 = ADVANCED_FACE('',(#2704),#1914,.T.);
#2704 = FACE_BOUND('',#2705,.F.);
#2705 = EDGE_LOOP('',(#2706,#2728,#2729,#2730));
#2706 = ORIENTED_EDGE('',*,*,#2707,.F.);
#2707 = EDGE_CURVE('',#1898,#2708,#2710,.T.);
#2708 = VERTEX_POINT('',#2709);
#2709 = CARTESIAN_POINT('',(130.35092,235.,-405.071245));
#2710 = SURFACE_CURVE('',#2711,(#2716,#2722),.PCURVE_S1.);
#2711 = CIRCLE('',#2712,5.);
#2712 = AXIS2_PLACEMENT_3D('',#2713,#2714,#2715);
#2713 = CARTESIAN_POINT('',(130.35092,235.,-410.071245));
#2714 = DIRECTION('',(-1.,0.,0.));
#2715 = DIRECTION('',(0.,0.,-1.));
#2716 = PCURVE('',#1914,#2717);
#2717 = DEFINITIONAL_REPRESENTATION('',(#2718),#2721);
#2718 = B_SPLINE_CURVE_WITH_KNOTS('',1,(#2719,#2720),.UNSPECIFIED.,.F.,
  .F.,(2,2),(1.570796326795,3.14159265359),.PIECEWISE_BEZIER_KNOTS.);
#2719 = CARTESIAN_POINT('',(0.,1.570796326795));
#2720 = CARTESIAN_POINT('',(0.,3.14159265359));
#2721 = ( GEOMETRIC_REPRESENTATION_CONTEXT(2) 
PARAMETRIC_REPRESENTATION_CONTEXT() REPRESENTATION_CONTEXT('2D SPACE',''
  ) );
#2722 = PCURVE('',#1942,#2723);
#2723 = DEFINITIONAL_REPRESENTATION('',(#2724),#2727);
#2724 = B_SPLINE_CURVE_WITH_KNOTS('',1,(#2725,#2726),.UNSPECIFIED.,.F.,
  .F.,(2,2),(1.570796326795,3.14159265359),.PIECEWISE_BEZIER_KNOTS.);
#2725 = CARTESIAN_POINT('',(0.,5.));
#2726 = CARTESIAN_POINT('',(-1.570796326795,5.));
#2727 = ( GEOMETRIC_REPRESENTATION_CONTEXT(2) 
PARAMETRIC_REPRESENTATION_CONTEXT() REPRESENTATION_CONTEXT('2D SPACE',''
  ) );
#2728 = ORIENTED_EDGE('',*,*,#1897,.T.);
#2729 = ORIENTED_EDGE('',*,*,#2601,.T.);
#2730 = ORIENTED_EDGE('',*,*,#2731,.F.);
#2731 = EDGE_CURVE('',#2708,#2602,#2732,.T.);
#2732 = SURFACE_CURVE('',#2733,(#2738,#2745),.PCURVE_S1.);
#2733 = CIRCLE('',#2734,5.);
#2734 = AXIS2_PLACEMENT_3D('',#2735,#2736,#2737);
#2735 = CARTESIAN_POINT('',(130.35092,235.,-400.071245));
#2736 = DIRECTION('',(0.,1.,0.));
#2737 = DIRECTION('',(0.,0.,-1.));
#2738 = PCURVE('',#1914,#2739);
#2739 = DEFINITIONAL_REPRESENTATION('',(#2740),#2744);
#2740 = LINE('',#2741,#2742);
#2741 = CARTESIAN_POINT('',(-0.,3.14159265359));
#2742 = VECTOR('',#2743,1.);
#2743 = DIRECTION('',(-1.,0.));
#2744 = ( GEOMETRIC_REPRESENTATION_CONTEXT(2) 
PARAMETRIC_REPRESENTATION_CONTEXT() REPRESENTATION_CONTEXT('2D SPACE',''
  ) );
#2745 = PCURVE('',#2746,#2751);
#2746 = CYLINDRICAL_SURFACE('',#2747,5.);
#2747 = AXIS2_PLACEMENT_3D('',#2748,#2749,#2750);
#2748 = CARTESIAN_POINT('',(130.35092,230.,-400.071245));
#2749 = DIRECTION('',(0.,1.,0.));
#2750 = DIRECTION('',(0.,0.,-1.));
#2751 = DEFINITIONAL_REPRESENTATION('',(#2752),#2756);
#2752 = LINE('',#2753,#2754);
#2753 = CARTESIAN_POINT('',(0.,5.));
#2754 = VECTOR('',#2755,1.);
#2755 = DIRECTION('',(1.,0.));
#2756 = ( GEOMETRIC_REPRESENTATION_CONTEXT(2) 
PARAMETRIC_REPRESENTATION_CONTEXT() REPRESENTATION_CONTEXT('2D SPACE',''
  ) );
#2757 = ADVANCED_FACE('',(#2758),#1975,.T.);
#2758 = FACE_BOUND('',#2759,.T.);
#2759 = EDGE_LOOP('',(#2760,#2782,#2783,#2784));
#2760 = ORIENTED_EDGE('',*,*,#2761,.F.);
#2761 = EDGE_CURVE('',#1927,#2762,#2764,.T.);
#2762 = VERTEX_POINT('',#2763);
#2763 = CARTESIAN_POINT('',(163.336333,235.,-405.071245));
#2764 = SURFACE_CURVE('',#2765,(#2770,#2776),.PCURVE_S1.);
#2765 = CIRCLE('',#2766,5.);
#2766 = AXIS2_PLACEMENT_3D('',#2767,#2768,#2769);
#2767 = CARTESIAN_POINT('',(163.336333,235.,-410.071245));
#2768 = DIRECTION('',(-1.,0.,0.));
#2769 = DIRECTION('',(0.,0.,-1.));
#2770 = PCURVE('',#1975,#2771);
#2771 = DEFINITIONAL_REPRESENTATION('',(#2772),#2775);
#2772 = B_SPLINE_CURVE_WITH_KNOTS('',1,(#2773,#2774),.UNSPECIFIED.,.F.,
  .F.,(2,2),(1.570796326795,3.14159265359),.PIECEWISE_BEZIER_KNOTS.);
#2773 = CARTESIAN_POINT('',(0.,1.570796326795));
#2774 = CARTESIAN_POINT('',(0.,3.14159265359));
#2775 = ( GEOMETRIC_REPRESENTATION_CONTEXT(2) 
PARAMETRIC_REPRESENTATION_CONTEXT() REPRESENTATION_CONTEXT('2D SPACE',''
  ) );
#2776 = PCURVE('',#1942,#2777);
#2777 = DEFINITIONAL_REPRESENTATION('',(#2778),#2781);
#2778 = B_SPLINE_CURVE_WITH_KNOTS('',1,(#2779,#2780),.UNSPECIFIED.,.F.,
  .F.,(2,2),(1.570796326795,3.14159265359),.PIECEWISE_BEZIER_KNOTS.);
#2779 = CARTESIAN_POINT('',(0.,37.985413));
#2780 = CARTESIAN_POINT('',(-1.570796326795,37.985413));
#2781 = ( GEOMETRIC_REPRESENTATION_CONTEXT(2) 
PARAMETRIC_REPRESENTATION_CONTEXT() REPRESENTATION_CONTEXT('2D SPACE',''
  ) );
#2782 = ORIENTED_EDGE('',*,*,#1954,.T.);
#2783 = ORIENTED_EDGE('',*,*,#2654,.T.);
#2784 = ORIENTED_EDGE('',*,*,#2785,.F.);
#2785 = EDGE_CURVE('',#2762,#2655,#2786,.T.);
#2786 = SURFACE_CURVE('',#2787,(#2792,#2799),.PCURVE_S1.);
#2787 = CIRCLE('',#2788,5.);
#2788 = AXIS2_PLACEMENT_3D('',#2789,#2790,#2791);
#2789 = CARTESIAN_POINT('',(163.336333,235.,-400.071245));
#2790 = DIRECTION('',(0.,-1.,-0.));
#2791 = DIRECTION('',(0.,0.,-1.));
#2792 = PCURVE('',#1975,#2793);
#2793 = DEFINITIONAL_REPRESENTATION('',(#2794),#2798);
#2794 = LINE('',#2795,#2796);
#2795 = CARTESIAN_POINT('',(0.,3.14159265359));
#2796 = VECTOR('',#2797,1.);
#2797 = DIRECTION('',(1.,0.));
#2798 = ( GEOMETRIC_REPRESENTATION_CONTEXT(2) 
PARAMETRIC_REPRESENTATION_CONTEXT() REPRESENTATION_CONTEXT('2D SPACE',''
  ) );
#2799 = PCURVE('',#2800,#2805);
#2800 = CYLINDRICAL_SURFACE('',#2801,5.);
#2801 = AXIS2_PLACEMENT_3D('',#2802,#2803,#2804);
#2802 = CARTESIAN_POINT('',(163.336333,230.,-400.071245));
#2803 = DIRECTION('',(0.,1.,0.));
#2804 = DIRECTION('',(1.,0.,-0.));
#2805 = DEFINITIONAL_REPRESENTATION('',(#2806),#2810);
#2806 = LINE('',#2807,#2808);
#2807 = CARTESIAN_POINT('',(1.570796326795,5.));
#2808 = VECTOR('',#2809,1.);
#2809 = DIRECTION('',(-1.,-0.));
#2810 = ( GEOMETRIC_REPRESENTATION_CONTEXT(2) 
PARAMETRIC_REPRESENTATION_CONTEXT() REPRESENTATION_CONTEXT('2D SPACE',''
  ) );
#2811 = ADVANCED_FACE('',(#2812),#1942,.T.);
#2812 = FACE_BOUND('',#2813,.F.);
#2813 = EDGE_LOOP('',(#2814,#2815,#2841,#2842));
#2814 = ORIENTED_EDGE('',*,*,#2707,.T.);
#2815 = ORIENTED_EDGE('',*,*,#2816,.T.);
#2816 = EDGE_CURVE('',#2708,#2762,#2817,.T.);
#2817 = SURFACE_CURVE('',#2818,(#2822,#2829),.PCURVE_S1.);
#2818 = LINE('',#2819,#2820);
#2819 = CARTESIAN_POINT('',(125.35092,235.,-405.071245));
#2820 = VECTOR('',#2821,1.);
#2821 = DIRECTION('',(1.,0.,0.));
#2822 = PCURVE('',#1942,#2823);
#2823 = DEFINITIONAL_REPRESENTATION('',(#2824),#2828);
#2824 = LINE('',#2825,#2826);
#2825 = CARTESIAN_POINT('',(-1.570796326795,0.));
#2826 = VECTOR('',#2827,1.);
#2827 = DIRECTION('',(-0.,1.));
#2828 = ( GEOMETRIC_REPRESENTATION_CONTEXT(2) 
PARAMETRIC_REPRESENTATION_CONTEXT() REPRESENTATION_CONTEXT('2D SPACE',''
  ) );
#2829 = PCURVE('',#2830,#2835);
#2830 = PLANE('',#2831);
#2831 = AXIS2_PLACEMENT_3D('',#2832,#2833,#2834);
#2832 = CARTESIAN_POINT('',(125.35092,230.,-405.071245));
#2833 = DIRECTION('',(0.,0.,1.));
#2834 = DIRECTION('',(1.,0.,0.));
#2835 = DEFINITIONAL_REPRESENTATION('',(#2836),#2840);
#2836 = LINE('',#2837,#2838);
#2837 = CARTESIAN_POINT('',(0.,5.));
#2838 = VECTOR('',#2839,1.);
#2839 = DIRECTION('',(1.,0.));
#2840 = ( GEOMETRIC_REPRESENTATION_CONTEXT(2) 
PARAMETRIC_REPRESENTATION_CONTEXT() REPRESENTATION_CONTEXT('2D SPACE',''
  ) );
#2841 = ORIENTED_EDGE('',*,*,#2761,.F.);
#2842 = ORIENTED_EDGE('',*,*,#1926,.F.);
#2843 = ADVANCED_FACE('',(#2844),#2109,.T.);
#2844 = FACE_BOUND('',#2845,.T.);
#2845 = EDGE_LOOP('',(#2846,#2866,#2867,#2887));
#2846 = ORIENTED_EDGE('',*,*,#2847,.T.);
#2847 = EDGE_CURVE('',#2071,#2258,#2848,.T.);
#2848 = SURFACE_CURVE('',#2849,(#2854,#2860),.PCURVE_S1.);
#2849 = CIRCLE('',#2850,5.);
#2850 = AXIS2_PLACEMENT_3D('',#2851,#2852,#2853);
#2851 = CARTESIAN_POINT('',(295.,235.,-440.));
#2852 = DIRECTION('',(-0.,1.,-6.123233995737E-17));
#2853 = DIRECTION('',(0.,-6.123233995737E-17,-1.));
#2854 = PCURVE('',#2109,#2855);
#2855 = DEFINITIONAL_REPRESENTATION('',(#2856),#2859);
#2856 = B_SPLINE_CURVE_WITH_KNOTS('',1,(#2857,#2858),.UNSPECIFIED.,.F.,
  .F.,(2,2),(4.712388980385,6.28318530718),.PIECEWISE_BEZIER_KNOTS.);
#2857 = CARTESIAN_POINT('',(0.,5.));
#2858 = CARTESIAN_POINT('',(1.570796326795,5.));
#2859 = ( GEOMETRIC_REPRESENTATION_CONTEXT(2) 
PARAMETRIC_REPRESENTATION_CONTEXT() REPRESENTATION_CONTEXT('2D SPACE',''
  ) );
#2860 = PCURVE('',#2295,#2861);
#2861 = DEFINITIONAL_REPRESENTATION('',(#2862),#2865);
#2862 = B_SPLINE_CURVE_WITH_KNOTS('',1,(#2863,#2864),.UNSPECIFIED.,.F.,
  .F.,(2,2),(4.712388980385,6.28318530718),.PIECEWISE_BEZIER_KNOTS.);
#2863 = CARTESIAN_POINT('',(-1.570796326795,-1.570796326795));
#2864 = CARTESIAN_POINT('',(-1.570796326795,0.));
#2865 = ( GEOMETRIC_REPRESENTATION_CONTEXT(2) 
PARAMETRIC_REPRESENTATION_CONTEXT() REPRESENTATION_CONTEXT('2D SPACE',''
  ) );
#2866 = ORIENTED_EDGE('',*,*,#2313,.T.);
#2867 = ORIENTED_EDGE('',*,*,#2868,.F.);
#2868 = EDGE_CURVE('',#2094,#2314,#2869,.T.);
#2869 = SURFACE_CURVE('',#2870,(#2875,#2881),.PCURVE_S1.);
#2870 = CIRCLE('',#2871,5.);
#2871 = AXIS2_PLACEMENT_3D('',#2872,#2873,#2874);
#2872 = CARTESIAN_POINT('',(295.,285.,-440.));
#2873 = DIRECTION('',(0.,1.,6.123233995737E-17));
#2874 = DIRECTION('',(0.,6.123233995737E-17,-1.));
#2875 = PCURVE('',#2109,#2876);
#2876 = DEFINITIONAL_REPRESENTATION('',(#2877),#2880);
#2877 = B_SPLINE_CURVE_WITH_KNOTS('',1,(#2878,#2879),.UNSPECIFIED.,.F.,
  .F.,(2,2),(4.712388980385,6.28318530718),.PIECEWISE_BEZIER_KNOTS.);
#2878 = CARTESIAN_POINT('',(0.,55.));
#2879 = CARTESIAN_POINT('',(1.570796326795,55.));
#2880 = ( GEOMETRIC_REPRESENTATION_CONTEXT(2) 
PARAMETRIC_REPRESENTATION_CONTEXT() REPRESENTATION_CONTEXT('2D SPACE',''
  ) );
#2881 = PCURVE('',#2377,#2882);
#2882 = DEFINITIONAL_REPRESENTATION('',(#2883),#2886);
#2883 = B_SPLINE_CURVE_WITH_KNOTS('',1,(#2884,#2885),.UNSPECIFIED.,.F.,
  .F.,(2,2),(4.712388980385,6.28318530718),.PIECEWISE_BEZIER_KNOTS.);
#2884 = CARTESIAN_POINT('',(1.570796326795,-1.570796326795));
#2885 = CARTESIAN_POINT('',(1.570796326795,0.));
#2886 = ( GEOMETRIC_REPRESENTATION_CONTEXT(2) 
PARAMETRIC_REPRESENTATION_CONTEXT() REPRESENTATION_CONTEXT('2D SPACE',''
  ) );
#2887 = ORIENTED_EDGE('',*,*,#2093,.F.);
#2888 = ADVANCED_FACE('',(#2889),#2135,.T.);
#2889 = FACE_BOUND('',#2890,.T.);
#2890 = EDGE_LOOP('',(#2891,#2911,#2912,#2913));
#2891 = ORIENTED_EDGE('',*,*,#2892,.T.);
#2892 = EDGE_CURVE('',#2094,#2210,#2893,.T.);
#2893 = SURFACE_CURVE('',#2894,(#2899,#2905),.PCURVE_S1.);
#2894 = CIRCLE('',#2895,5.);
#2895 = AXIS2_PLACEMENT_3D('',#2896,#2897,#2898);
#2896 = CARTESIAN_POINT('',(295.,285.,-440.));
#2897 = DIRECTION('',(0.,-0.,1.));
#2898 = DIRECTION('',(0.,1.,0.));
#2899 = PCURVE('',#2135,#2900);
#2900 = DEFINITIONAL_REPRESENTATION('',(#2901),#2904);
#2901 = B_SPLINE_CURVE_WITH_KNOTS('',1,(#2902,#2903),.UNSPECIFIED.,.F.,
  .F.,(2,2),(4.712388980385,6.28318530718),.PIECEWISE_BEZIER_KNOTS.);
#2902 = CARTESIAN_POINT('',(0.,5.));
#2903 = CARTESIAN_POINT('',(1.570796326795,5.));
#2904 = ( GEOMETRIC_REPRESENTATION_CONTEXT(2) 
PARAMETRIC_REPRESENTATION_CONTEXT() REPRESENTATION_CONTEXT('2D SPACE',''
  ) );
#2905 = PCURVE('',#2377,#2906);
#2906 = DEFINITIONAL_REPRESENTATION('',(#2907),#2910);
#2907 = B_SPLINE_CURVE_WITH_KNOTS('',1,(#2908,#2909),.UNSPECIFIED.,.F.,
  .F.,(2,2),(4.712388980385,6.28318530718),.PIECEWISE_BEZIER_KNOTS.);
#2908 = CARTESIAN_POINT('',(0.,-1.570796326795));
#2909 = CARTESIAN_POINT('',(0.,0.));
#2910 = ( GEOMETRIC_REPRESENTATION_CONTEXT(2) 
PARAMETRIC_REPRESENTATION_CONTEXT() REPRESENTATION_CONTEXT('2D SPACE',''
  ) );
#2911 = ORIENTED_EDGE('',*,*,#2209,.T.);
#2912 = ORIENTED_EDGE('',*,*,#2182,.F.);
#2913 = ORIENTED_EDGE('',*,*,#2121,.F.);
#2914 = ADVANCED_FACE('',(#2915),#2167,.T.);
#2915 = FACE_BOUND('',#2916,.T.);
#2916 = EDGE_LOOP('',(#2917,#2939,#2940,#2941));
#2917 = ORIENTED_EDGE('',*,*,#2918,.F.);
#2918 = EDGE_CURVE('',#2151,#2919,#2921,.T.);
#2919 = VERTEX_POINT('',#2920);
#2920 = CARTESIAN_POINT('',(295.,274.142,-392.5));
#2921 = SEAM_CURVE('',#2922,(#2927,#2933),.PCURVE_S1.);
#2922 = CIRCLE('',#2923,5.);
#2923 = AXIS2_PLACEMENT_3D('',#2924,#2925,#2926);
#2924 = CARTESIAN_POINT('',(295.,279.142,-392.5));
#2925 = DIRECTION('',(-0.,0.,-1.));
#2926 = DIRECTION('',(0.,1.,0.));
#2927 = PCURVE('',#2167,#2928);
#2928 = DEFINITIONAL_REPRESENTATION('',(#2929),#2932);
#2929 = B_SPLINE_CURVE_WITH_KNOTS('',1,(#2930,#2931),.UNSPECIFIED.,.F.,
  .F.,(2,2),(1.570796326795,3.14159265359),.PIECEWISE_BEZIER_KNOTS.);
#2930 = CARTESIAN_POINT('',(0.,1.570796326795));
#2931 = CARTESIAN_POINT('',(0.,3.14159265359));
#2932 = ( GEOMETRIC_REPRESENTATION_CONTEXT(2) 
PARAMETRIC_REPRESENTATION_CONTEXT() REPRESENTATION_CONTEXT('2D SPACE',''
  ) );
#2933 = PCURVE('',#2167,#2934);
#2934 = DEFINITIONAL_REPRESENTATION('',(#2935),#2938);
#2935 = B_SPLINE_CURVE_WITH_KNOTS('',1,(#2936,#2937),.UNSPECIFIED.,.F.,
  .F.,(2,2),(1.570796326795,3.14159265359),.PIECEWISE_BEZIER_KNOTS.);
#2936 = CARTESIAN_POINT('',(6.28318530718,1.570796326795));
#2937 = CARTESIAN_POINT('',(6.28318530718,3.14159265359));
#2938 = ( GEOMETRIC_REPRESENTATION_CONTEXT(2) 
PARAMETRIC_REPRESENTATION_CONTEXT() REPRESENTATION_CONTEXT('2D SPACE',''
  ) );
#2939 = ORIENTED_EDGE('',*,*,#2150,.T.);
#2940 = ORIENTED_EDGE('',*,*,#2918,.T.);
#2941 = ORIENTED_EDGE('',*,*,#2942,.F.);
#2942 = EDGE_CURVE('',#2919,#2919,#2943,.T.);
#2943 = SURFACE_CURVE('',#2944,(#2949,#2956),.PCURVE_S1.);
#2944 = CIRCLE('',#2945,14.142);
#2945 = AXIS2_PLACEMENT_3D('',#2946,#2947,#2948);
#2946 = CARTESIAN_POINT('',(295.,260.,-392.5));
#2947 = DIRECTION('',(1.,0.,-0.));
#2948 = DIRECTION('',(0.,1.,0.));
#2949 = PCURVE('',#2167,#2950);
#2950 = DEFINITIONAL_REPRESENTATION('',(#2951),#2955);
#2951 = LINE('',#2952,#2953);
#2952 = CARTESIAN_POINT('',(0.,3.14159265359));
#2953 = VECTOR('',#2954,1.);
#2954 = DIRECTION('',(1.,0.));
#2955 = ( GEOMETRIC_REPRESENTATION_CONTEXT(2) 
PARAMETRIC_REPRESENTATION_CONTEXT() REPRESENTATION_CONTEXT('2D SPACE',''
  ) );
#2956 = PCURVE('',#2957,#2962);
#2957 = CYLINDRICAL_SURFACE('',#2958,14.142);
#2958 = AXIS2_PLACEMENT_3D('',#2959,#2960,#2961);
#2959 = CARTESIAN_POINT('',(100.,260.,-392.5));
#2960 = DIRECTION('',(-1.,-0.,-0.));
#2961 = DIRECTION('',(0.,1.,0.));
#2962 = DEFINITIONAL_REPRESENTATION('',(#2963),#2967);
#2963 = LINE('',#2964,#2965);
#2964 = CARTESIAN_POINT('',(-0.,-195.));
#2965 = VECTOR('',#2966,1.);
#2966 = DIRECTION('',(-1.,0.));
#2967 = ( GEOMETRIC_REPRESENTATION_CONTEXT(2) 
PARAMETRIC_REPRESENTATION_CONTEXT() REPRESENTATION_CONTEXT('2D SPACE',''
  ) );
#2968 = ADVANCED_FACE('',(#2969),#2295,.T.);
#2969 = FACE_BOUND('',#2970,.F.);
#2970 = EDGE_LOOP('',(#2971,#2972,#2973));
#2971 = ORIENTED_EDGE('',*,*,#2393,.F.);
#2972 = ORIENTED_EDGE('',*,*,#2847,.T.);
#2973 = ORIENTED_EDGE('',*,*,#2280,.F.);
#2974 = ADVANCED_FACE('',(#2975),#2377,.T.);
#2975 = FACE_BOUND('',#2976,.T.);
#2976 = EDGE_LOOP('',(#2977,#2978,#2979));
#2977 = ORIENTED_EDGE('',*,*,#2892,.F.);
#2978 = ORIENTED_EDGE('',*,*,#2868,.T.);
#2979 = ORIENTED_EDGE('',*,*,#2362,.F.);
#2980 = ADVANCED_FACE('',(#2981),#2457,.F.);
#2981 = FACE_BOUND('',#2982,.F.);
#2982 = EDGE_LOOP('',(#2983,#3006,#3007,#3030,#3093,#3121,#3149,#3177));
#2983 = ORIENTED_EDGE('',*,*,#2984,.F.);
#2984 = EDGE_CURVE('',#2420,#2985,#2987,.T.);
#2985 = VERTEX_POINT('',#2986);
#2986 = CARTESIAN_POINT('',(130.35092,255.41540507045,-374.121747));
#2987 = SURFACE_CURVE('',#2988,(#2992,#2999),.PCURVE_S1.);
#2988 = LINE('',#2989,#2990);
#2989 = CARTESIAN_POINT('',(130.35092,230.,-374.121747));
#2990 = VECTOR('',#2991,1.);
#2991 = DIRECTION('',(0.,1.,0.));
#2992 = PCURVE('',#2457,#2993);
#2993 = DEFINITIONAL_REPRESENTATION('',(#2994),#2998);
#2994 = LINE('',#2995,#2996);
#2995 = CARTESIAN_POINT('',(5.,0.));
#2996 = VECTOR('',#2997,1.);
#2997 = DIRECTION('',(0.,1.));
#2998 = ( GEOMETRIC_REPRESENTATION_CONTEXT(2) 
PARAMETRIC_REPRESENTATION_CONTEXT() REPRESENTATION_CONTEXT('2D SPACE',''
  ) );
#2999 = PCURVE('',#2532,#3000);
#3000 = DEFINITIONAL_REPRESENTATION('',(#3001),#3005);
#3001 = LINE('',#3002,#3003);
#3002 = CARTESIAN_POINT('',(-0.,0.));
#3003 = VECTOR('',#3004,1.);
#3004 = DIRECTION('',(-0.,1.));
#3005 = ( GEOMETRIC_REPRESENTATION_CONTEXT(2) 
PARAMETRIC_REPRESENTATION_CONTEXT() REPRESENTATION_CONTEXT('2D SPACE',''
  ) );
#3006 = ORIENTED_EDGE('',*,*,#2441,.T.);
#3007 = ORIENTED_EDGE('',*,*,#3008,.T.);
#3008 = EDGE_CURVE('',#2442,#3009,#3011,.T.);
#3009 = VERTEX_POINT('',#3010);
#3010 = CARTESIAN_POINT('',(163.336333,255.41540507045,-374.121747));
#3011 = SURFACE_CURVE('',#3012,(#3016,#3023),.PCURVE_S1.);
#3012 = LINE('',#3013,#3014);
#3013 = CARTESIAN_POINT('',(163.336333,230.,-374.121747));
#3014 = VECTOR('',#3015,1.);
#3015 = DIRECTION('',(0.,1.,0.));
#3016 = PCURVE('',#2457,#3017);
#3017 = DEFINITIONAL_REPRESENTATION('',(#3018),#3022);
#3018 = LINE('',#3019,#3020);
#3019 = CARTESIAN_POINT('',(37.985413,0.));
#3020 = VECTOR('',#3021,1.);
#3021 = DIRECTION('',(0.,1.));
#3022 = ( GEOMETRIC_REPRESENTATION_CONTEXT(2) 
PARAMETRIC_REPRESENTATION_CONTEXT() REPRESENTATION_CONTEXT('2D SPACE',''
  ) );
#3023 = PCURVE('',#2586,#3024);
#3024 = DEFINITIONAL_REPRESENTATION('',(#3025),#3029);
#3025 = LINE('',#3026,#3027);
#3026 = CARTESIAN_POINT('',(0.,0.));
#3027 = VECTOR('',#3028,1.);
#3028 = DIRECTION('',(0.,1.));
#3029 = ( GEOMETRIC_REPRESENTATION_CONTEXT(2) 
PARAMETRIC_REPRESENTATION_CONTEXT() REPRESENTATION_CONTEXT('2D SPACE',''
  ) );
#3030 = ORIENTED_EDGE('',*,*,#3031,.T.);
#3031 = EDGE_CURVE('',#3009,#3032,#3034,.T.);
#3032 = VERTEX_POINT('',#3033);
#3033 = CARTESIAN_POINT('',(163.336333,264.58459492954,-374.121747));
#3034 = SURFACE_CURVE('',#3035,(#3045,#3058),.PCURVE_S1.);
#3035 = ( BOUNDED_CURVE() B_SPLINE_CURVE(8,(#3036,#3037,#3038,#3039,
    #3040,#3041,#3042,#3043,#3044),.UNSPECIFIED.,.F.,.F.) 
B_SPLINE_CURVE_WITH_KNOTS((9,9),(25.415405070457,34.584594929543),
.PIECEWISE_BEZIER_KNOTS.) CURVE() GEOMETRIC_REPRESENTATION_ITEM() 
RATIONAL_B_SPLINE_CURVE((1.,1.,1.,1.,1.,1.,1.,1.,1.)) 
REPRESENTATION_ITEM('') );
#3036 = CARTESIAN_POINT('',(163.336333,255.41540507045,-374.121747));
#3037 = CARTESIAN_POINT('',(163.336333,256.56155380284,-374.121747));
#3038 = CARTESIAN_POINT('',(163.37158605236,257.70770253522,-374.121747)
  );
#3039 = CARTESIAN_POINT('',(163.40278251987,258.85385126761,-374.121747)
  );
#3040 = CARTESIAN_POINT('',(163.4163954586,260.,-374.121747));
#3041 = CARTESIAN_POINT('',(163.40278251987,261.14614873238,-374.121747)
  );
#3042 = CARTESIAN_POINT('',(163.37158605236,262.29229746477,-374.121747)
  );
#3043 = CARTESIAN_POINT('',(163.336333,263.43844619715,-374.121747));
#3044 = CARTESIAN_POINT('',(163.336333,264.58459492954,-374.121747));
#3045 = PCURVE('',#2457,#3046);
#3046 = DEFINITIONAL_REPRESENTATION('',(#3047),#3057);
#3047 = B_SPLINE_CURVE_WITH_KNOTS('',8,(#3048,#3049,#3050,#3051,#3052,
    #3053,#3054,#3055,#3056),.UNSPECIFIED.,.F.,.F.,(9,9),(
    25.415405070457,34.584594929543),.PIECEWISE_BEZIER_KNOTS.);
#3048 = CARTESIAN_POINT('',(37.985413,25.415405070457));
#3049 = CARTESIAN_POINT('',(37.985413,26.561553802843));
#3050 = CARTESIAN_POINT('',(38.02066605236,27.707702535227));
#3051 = CARTESIAN_POINT('',(38.051862519872,28.853851267617));
#3052 = CARTESIAN_POINT('',(38.065475458604,29.999999999996));
#3053 = CARTESIAN_POINT('',(38.051862519872,31.146148732389));
#3054 = CARTESIAN_POINT('',(38.020666052361,32.29229746477));
#3055 = CARTESIAN_POINT('',(37.985413,33.438446197158));
#3056 = CARTESIAN_POINT('',(37.985413,34.584594929543));
#3057 = ( GEOMETRIC_REPRESENTATION_CONTEXT(2) 
PARAMETRIC_REPRESENTATION_CONTEXT() REPRESENTATION_CONTEXT('2D SPACE',''
  ) );
#3058 = PCURVE('',#3059,#3087);
#3059 = ( BOUNDED_SURFACE() B_SPLINE_SURFACE(2,8,(
    (#3060,#3061,#3062,#3063,#3064,#3065,#3066,#3067,#3068)
    ,(#3069,#3070,#3071,#3072,#3073,#3074,#3075,#3076,#3077)
    ,(#3078,#3079,#3080,#3081,#3082,#3083,#3084,#3085,#3086
)),.UNSPECIFIED.,.F.,.F.,.F.) B_SPLINE_SURFACE_WITH_KNOTS((3,3),(9,9),(
    0.,9.169189859086),(25.415405070457,34.584594929543),
.PIECEWISE_BEZIER_KNOTS.) GEOMETRIC_REPRESENTATION_ITEM() 
RATIONAL_B_SPLINE_SURFACE((
    (1.,1.,1.,1.,1.,1.,1.,1.,1.)
    ,(0.707106781187,0.73488008504,0.752540522177,0.762708600023
      ,0.765937047192,0.762708600023,0.752540522177,0.73488008504
      ,0.707106781187)
,(1.,1.,1.,1.,1.,1.,1.,1.,1.))) REPRESENTATION_ITEM('') SURFACE() );
#3060 = CARTESIAN_POINT('',(163.336333,255.41540507045,-374.121747));
#3061 = CARTESIAN_POINT('',(163.336333,256.56155380284,-374.121747));
#3062 = CARTESIAN_POINT('',(163.37158605236,257.70770253522,-374.121747)
  );
#3063 = CARTESIAN_POINT('',(163.40278251987,258.85385126761,-374.121747)
  );
#3064 = CARTESIAN_POINT('',(163.4163954586,260.,-374.121747));
#3065 = CARTESIAN_POINT('',(163.40278251987,261.14614873238,-374.121747)
  );
#3066 = CARTESIAN_POINT('',(163.37158605236,262.29229746477,-374.121747)
  );
#3067 = CARTESIAN_POINT('',(163.336333,263.43844619715,-374.121747));
#3068 = CARTESIAN_POINT('',(163.336333,264.58459492954,-374.121747));
#3069 = CARTESIAN_POINT('',(168.336333,255.41540507045,-374.121747));
#3070 = CARTESIAN_POINT('',(167.95840326127,256.51823743374,-374.121747)
  );
#3071 = CARTESIAN_POINT('',(167.74917228091,257.66593317255,
    -374.1217469999));
#3072 = CARTESIAN_POINT('',(167.64315818247,258.8288839381,-374.121747)
  );
#3073 = CARTESIAN_POINT('',(167.61163169459,260.,-374.1217469999));
#3074 = CARTESIAN_POINT('',(167.64315818247,261.17111606189,-374.121747)
  );
#3075 = CARTESIAN_POINT('',(167.74917228091,262.33406682744,
    -374.1217469999));
#3076 = CARTESIAN_POINT('',(167.95840326127,263.48176256625,-374.121747)
  );
#3077 = CARTESIAN_POINT('',(168.336333,264.58459492954,-374.121747));
#3078 = CARTESIAN_POINT('',(168.336333,255.41540507045,-379.121747));
#3079 = CARTESIAN_POINT('',(168.336333,256.56155380284,-378.7289731701)
  );
#3080 = CARTESIAN_POINT('',(168.336333,257.70770253522,-378.4615979532)
  );
#3081 = CARTESIAN_POINT('',(168.336333,258.85385126761,-378.30490843));
#3082 = CARTESIAN_POINT('',(168.336333,260.,-378.2534530107));
#3083 = CARTESIAN_POINT('',(168.336333,261.14614873238,-378.30490843));
#3084 = CARTESIAN_POINT('',(168.336333,262.29229746477,-378.4615979532)
  );
#3085 = CARTESIAN_POINT('',(168.336333,263.43844619715,-378.7289731701)
  );
#3086 = CARTESIAN_POINT('',(168.336333,264.58459492954,-379.121747));
#3087 = DEFINITIONAL_REPRESENTATION('',(#3088),#3092);
#3088 = LINE('',#3089,#3090);
#3089 = CARTESIAN_POINT('',(0.,0.));
#3090 = VECTOR('',#3091,1.);
#3091 = DIRECTION('',(0.,1.));
#3092 = ( GEOMETRIC_REPRESENTATION_CONTEXT(2) 
PARAMETRIC_REPRESENTATION_CONTEXT() REPRESENTATION_CONTEXT('2D SPACE',''
  ) );
#3093 = ORIENTED_EDGE('',*,*,#3094,.T.);
#3094 = EDGE_CURVE('',#3032,#3095,#3097,.T.);
#3095 = VERTEX_POINT('',#3096);
#3096 = CARTESIAN_POINT('',(163.336333,275.,-374.121747));
#3097 = SURFACE_CURVE('',#3098,(#3102,#3109),.PCURVE_S1.);
#3098 = LINE('',#3099,#3100);
#3099 = CARTESIAN_POINT('',(163.336333,230.,-374.121747));
#3100 = VECTOR('',#3101,1.);
#3101 = DIRECTION('',(0.,1.,0.));
#3102 = PCURVE('',#2457,#3103);
#3103 = DEFINITIONAL_REPRESENTATION('',(#3104),#3108);
#3104 = LINE('',#3105,#3106);
#3105 = CARTESIAN_POINT('',(37.985413,0.));
#3106 = VECTOR('',#3107,1.);
#3107 = DIRECTION('',(0.,1.));
#3108 = ( GEOMETRIC_REPRESENTATION_CONTEXT(2) 
PARAMETRIC_REPRESENTATION_CONTEXT() REPRESENTATION_CONTEXT('2D SPACE',''
  ) );
#3109 = PCURVE('',#3110,#3115);
#3110 = CYLINDRICAL_SURFACE('',#3111,5.);
#3111 = AXIS2_PLACEMENT_3D('',#3112,#3113,#3114);
#3112 = CARTESIAN_POINT('',(163.336333,230.,-379.121747));
#3113 = DIRECTION('',(0.,1.,0.));
#3114 = DIRECTION('',(0.,-0.,1.));
#3115 = DEFINITIONAL_REPRESENTATION('',(#3116),#3120);
#3116 = LINE('',#3117,#3118);
#3117 = CARTESIAN_POINT('',(0.,0.));
#3118 = VECTOR('',#3119,1.);
#3119 = DIRECTION('',(0.,1.));
#3120 = ( GEOMETRIC_REPRESENTATION_CONTEXT(2) 
PARAMETRIC_REPRESENTATION_CONTEXT() REPRESENTATION_CONTEXT('2D SPACE',''
  ) );
#3121 = ORIENTED_EDGE('',*,*,#3122,.F.);
#3122 = EDGE_CURVE('',#3123,#3095,#3125,.T.);
#3123 = VERTEX_POINT('',#3124);
#3124 = CARTESIAN_POINT('',(130.35092,275.,-374.121747));
#3125 = SURFACE_CURVE('',#3126,(#3130,#3137),.PCURVE_S1.);
#3126 = LINE('',#3127,#3128);
#3127 = CARTESIAN_POINT('',(125.35092,275.,-374.121747));
#3128 = VECTOR('',#3129,1.);
#3129 = DIRECTION('',(1.,0.,0.));
#3130 = PCURVE('',#2457,#3131);
#3131 = DEFINITIONAL_REPRESENTATION('',(#3132),#3136);
#3132 = LINE('',#3133,#3134);
#3133 = CARTESIAN_POINT('',(0.,45.));
#3134 = VECTOR('',#3135,1.);
#3135 = DIRECTION('',(1.,0.));
#3136 = ( GEOMETRIC_REPRESENTATION_CONTEXT(2) 
PARAMETRIC_REPRESENTATION_CONTEXT() REPRESENTATION_CONTEXT('2D SPACE',''
  ) );
#3137 = PCURVE('',#3138,#3143);
#3138 = CYLINDRICAL_SURFACE('',#3139,5.);
#3139 = AXIS2_PLACEMENT_3D('',#3140,#3141,#3142);
#3140 = CARTESIAN_POINT('',(125.35092,275.,-379.121747));
#3141 = DIRECTION('',(1.,0.,0.));
#3142 = DIRECTION('',(0.,0.,1.));
#3143 = DEFINITIONAL_REPRESENTATION('',(#3144),#3148);
#3144 = LINE('',#3145,#3146);
#3145 = CARTESIAN_POINT('',(-0.,0.));
#3146 = VECTOR('',#3147,1.);
#3147 = DIRECTION('',(-0.,1.));
#3148 = ( GEOMETRIC_REPRESENTATION_CONTEXT(2) 
PARAMETRIC_REPRESENTATION_CONTEXT() REPRESENTATION_CONTEXT('2D SPACE',''
  ) );
#3149 = ORIENTED_EDGE('',*,*,#3150,.F.);
#3150 = EDGE_CURVE('',#3151,#3123,#3153,.T.);
#3151 = VERTEX_POINT('',#3152);
#3152 = CARTESIAN_POINT('',(130.35092,264.58459492954,-374.121747));
#3153 = SURFACE_CURVE('',#3154,(#3158,#3165),.PCURVE_S1.);
#3154 = LINE('',#3155,#3156);
#3155 = CARTESIAN_POINT('',(130.35092,230.,-374.121747));
#3156 = VECTOR('',#3157,1.);
#3157 = DIRECTION('',(0.,1.,0.));
#3158 = PCURVE('',#2457,#3159);
#3159 = DEFINITIONAL_REPRESENTATION('',(#3160),#3164);
#3160 = LINE('',#3161,#3162);
#3161 = CARTESIAN_POINT('',(5.,0.));
#3162 = VECTOR('',#3163,1.);
#3163 = DIRECTION('',(0.,1.));
#3164 = ( GEOMETRIC_REPRESENTATION_CONTEXT(2) 
PARAMETRIC_REPRESENTATION_CONTEXT() REPRESENTATION_CONTEXT('2D SPACE',''
  ) );
#3165 = PCURVE('',#3166,#3171);
#3166 = CYLINDRICAL_SURFACE('',#3167,5.);
#3167 = AXIS2_PLACEMENT_3D('',#3168,#3169,#3170);
#3168 = CARTESIAN_POINT('',(130.35092,230.,-379.121747));
#3169 = DIRECTION('',(0.,1.,0.));
#3170 = DIRECTION('',(0.,-0.,1.));
#3171 = DEFINITIONAL_REPRESENTATION('',(#3172),#3176);
#3172 = LINE('',#3173,#3174);
#3173 = CARTESIAN_POINT('',(-0.,0.));
#3174 = VECTOR('',#3175,1.);
#3175 = DIRECTION('',(-0.,1.));
#3176 = ( GEOMETRIC_REPRESENTATION_CONTEXT(2) 
PARAMETRIC_REPRESENTATION_CONTEXT() REPRESENTATION_CONTEXT('2D SPACE',''
  ) );
#3177 = ORIENTED_EDGE('',*,*,#3178,.F.);
#3178 = EDGE_CURVE('',#2985,#3151,#3179,.T.);
#3179 = SURFACE_CURVE('',#3180,(#3190,#3203),.PCURVE_S1.);
#3180 = ( BOUNDED_CURVE() B_SPLINE_CURVE(8,(#3181,#3182,#3183,#3184,
    #3185,#3186,#3187,#3188,#3189),.UNSPECIFIED.,.F.,.F.) 
B_SPLINE_CURVE_WITH_KNOTS((9,9),(25.415405070457,34.584594929543),
.PIECEWISE_BEZIER_KNOTS.) CURVE() GEOMETRIC_REPRESENTATION_ITEM() 
RATIONAL_B_SPLINE_CURVE((1.,1.,1.,1.,1.,1.,1.,1.,1.)) 
REPRESENTATION_ITEM('') );
#3181 = CARTESIAN_POINT('',(130.35092,255.41540507045,-374.121747));
#3182 = CARTESIAN_POINT('',(130.35092,256.56155380284,-374.121747));
#3183 = CARTESIAN_POINT('',(130.31566694763,257.70770253522,-374.121747)
  );
#3184 = CARTESIAN_POINT('',(130.28447048013,258.85385126761,-374.121747)
  );
#3185 = CARTESIAN_POINT('',(130.27085754139,260.,-374.121747));
#3186 = CARTESIAN_POINT('',(130.28447048013,261.14614873238,-374.121747)
  );
#3187 = CARTESIAN_POINT('',(130.31566694763,262.29229746477,-374.121747)
  );
#3188 = CARTESIAN_POINT('',(130.35092,263.43844619715,-374.121747));
#3189 = CARTESIAN_POINT('',(130.35092,264.58459492954,-374.121747));
#3190 = PCURVE('',#2457,#3191);
#3191 = DEFINITIONAL_REPRESENTATION('',(#3192),#3202);
#3192 = B_SPLINE_CURVE_WITH_KNOTS('',8,(#3193,#3194,#3195,#3196,#3197,
    #3198,#3199,#3200,#3201),.UNSPECIFIED.,.F.,.F.,(9,9),(
    25.415405070457,34.584594929543),.PIECEWISE_BEZIER_KNOTS.);
#3193 = CARTESIAN_POINT('',(5.,25.415405070457));
#3194 = CARTESIAN_POINT('',(5.,26.561553802843));
#3195 = CARTESIAN_POINT('',(4.964746947638,27.707702535227));
#3196 = CARTESIAN_POINT('',(4.93355048013,28.853851267617));
#3197 = CARTESIAN_POINT('',(4.919937541393,29.999999999996));
#3198 = CARTESIAN_POINT('',(4.93355048013,31.146148732389));
#3199 = CARTESIAN_POINT('',(4.964746947638,32.29229746477));
#3200 = CARTESIAN_POINT('',(5.,33.438446197158));
#3201 = CARTESIAN_POINT('',(5.,34.584594929543));
#3202 = ( GEOMETRIC_REPRESENTATION_CONTEXT(2) 
PARAMETRIC_REPRESENTATION_CONTEXT() REPRESENTATION_CONTEXT('2D SPACE',''
  ) );
#3203 = PCURVE('',#3204,#3232);
#3204 = ( BOUNDED_SURFACE() B_SPLINE_SURFACE(2,8,(
    (#3205,#3206,#3207,#3208,#3209,#3210,#3211,#3212,#3213)
    ,(#3214,#3215,#3216,#3217,#3218,#3219,#3220,#3221,#3222)
    ,(#3223,#3224,#3225,#3226,#3227,#3228,#3229,#3230,#3231
)),.UNSPECIFIED.,.F.,.F.,.F.) B_SPLINE_SURFACE_WITH_KNOTS((3,3),(9,9),(
    0.,9.169189859086),(25.415405070457,34.584594929543),
.PIECEWISE_BEZIER_KNOTS.) GEOMETRIC_REPRESENTATION_ITEM() 
RATIONAL_B_SPLINE_SURFACE((
    (1.,1.,1.,1.,1.,1.,1.,1.,1.)
    ,(0.707106781187,0.73488008504,0.752540522177,0.762708600023
      ,0.765937047192,0.762708600023,0.752540522177,0.73488008504
      ,0.707106781187)
,(1.,1.,1.,1.,1.,1.,1.,1.,1.))) REPRESENTATION_ITEM('') SURFACE() );
#3205 = CARTESIAN_POINT('',(130.35092,255.41540507045,-374.121747));
#3206 = CARTESIAN_POINT('',(130.35092,256.56155380284,-374.121747));
#3207 = CARTESIAN_POINT('',(130.31566694763,257.70770253522,-374.121747)
  );
#3208 = CARTESIAN_POINT('',(130.28447048013,258.85385126761,-374.121747)
  );
#3209 = CARTESIAN_POINT('',(130.27085754139,260.,-374.121747));
#3210 = CARTESIAN_POINT('',(130.28447048013,261.14614873238,-374.121747)
  );
#3211 = CARTESIAN_POINT('',(130.31566694763,262.29229746477,-374.121747)
  );
#3212 = CARTESIAN_POINT('',(130.35092,263.43844619715,-374.121747));
#3213 = CARTESIAN_POINT('',(130.35092,264.58459492954,-374.121747));
#3214 = CARTESIAN_POINT('',(125.35092,255.41540507045,-374.121747));
#3215 = CARTESIAN_POINT('',(125.72884973872,256.51823743374,-374.121747)
  );
#3216 = CARTESIAN_POINT('',(125.93808071909,257.66593317255,
    -374.1217469999));
#3217 = CARTESIAN_POINT('',(126.04409481752,258.8288839381,-374.121747)
  );
#3218 = CARTESIAN_POINT('',(126.0756213054,260.,-374.1217469999));
#3219 = CARTESIAN_POINT('',(126.04409481752,261.17111606189,-374.121747)
  );
#3220 = CARTESIAN_POINT('',(125.93808071909,262.33406682744,
    -374.1217469999));
#3221 = CARTESIAN_POINT('',(125.72884973872,263.48176256625,-374.121747)
  );
#3222 = CARTESIAN_POINT('',(125.35092,264.58459492954,-374.121747));
#3223 = CARTESIAN_POINT('',(125.35092,255.41540507045,-379.121747));
#3224 = CARTESIAN_POINT('',(125.35092,256.56155380284,-378.7289731701));
#3225 = CARTESIAN_POINT('',(125.35092,257.70770253522,-378.4615979532));
#3226 = CARTESIAN_POINT('',(125.35092,258.85385126761,-378.30490843));
#3227 = CARTESIAN_POINT('',(125.35092,260.,-378.2534530107));
#3228 = CARTESIAN_POINT('',(125.35092,261.14614873238,-378.30490843));
#3229 = CARTESIAN_POINT('',(125.35092,262.29229746477,-378.4615979532));
#3230 = CARTESIAN_POINT('',(125.35092,263.43844619715,-378.7289731701));
#3231 = CARTESIAN_POINT('',(125.35092,264.58459492954,-379.121747));
#3232 = DEFINITIONAL_REPRESENTATION('',(#3233),#3237);
#3233 = LINE('',#3234,#3235);
#3234 = CARTESIAN_POINT('',(0.,0.));
#3235 = VECTOR('',#3236,1.);
#3236 = DIRECTION('',(0.,1.));
#3237 = ( GEOMETRIC_REPRESENTATION_CONTEXT(2) 
PARAMETRIC_REPRESENTATION_CONTEXT() REPRESENTATION_CONTEXT('2D SPACE',''
  ) );
#3238 = ADVANCED_FACE('',(#3239),#2532,.F.);
#3239 = FACE_BOUND('',#3240,.T.);
#3240 = EDGE_LOOP('',(#3241,#3242,#3243,#3266));
#3241 = ORIENTED_EDGE('',*,*,#2984,.F.);
#3242 = ORIENTED_EDGE('',*,*,#2517,.T.);
#3243 = ORIENTED_EDGE('',*,*,#3244,.T.);
#3244 = EDGE_CURVE('',#2496,#3245,#3247,.T.);
#3245 = VERTEX_POINT('',#3246);
#3246 = CARTESIAN_POINT('',(125.35092,255.41540507045,-379.121747));
#3247 = SURFACE_CURVE('',#3248,(#3252,#3259),.PCURVE_S1.);
#3248 = LINE('',#3249,#3250);
#3249 = CARTESIAN_POINT('',(125.35092,230.,-379.121747));
#3250 = VECTOR('',#3251,1.);
#3251 = DIRECTION('',(0.,1.,0.));
#3252 = PCURVE('',#2532,#3253);
#3253 = DEFINITIONAL_REPRESENTATION('',(#3254),#3258);
#3254 = LINE('',#3255,#3256);
#3255 = CARTESIAN_POINT('',(-1.570796326795,0.));
#3256 = VECTOR('',#3257,1.);
#3257 = DIRECTION('',(-0.,1.));
#3258 = ( GEOMETRIC_REPRESENTATION_CONTEXT(2) 
PARAMETRIC_REPRESENTATION_CONTEXT() REPRESENTATION_CONTEXT('2D SPACE',''
  ) );
#3259 = PCURVE('',#2637,#3260);
#3260 = DEFINITIONAL_REPRESENTATION('',(#3261),#3265);
#3261 = LINE('',#3262,#3263);
#3262 = CARTESIAN_POINT('',(25.949498,0.));
#3263 = VECTOR('',#3264,1.);
#3264 = DIRECTION('',(0.,-1.));
#3265 = ( GEOMETRIC_REPRESENTATION_CONTEXT(2) 
PARAMETRIC_REPRESENTATION_CONTEXT() REPRESENTATION_CONTEXT('2D SPACE',''
  ) );
#3266 = ORIENTED_EDGE('',*,*,#3267,.F.);
#3267 = EDGE_CURVE('',#2985,#3245,#3268,.T.);
#3268 = SURFACE_CURVE('',#3269,(#3274,#3280),.PCURVE_S1.);
#3269 = CIRCLE('',#3270,5.);
#3270 = AXIS2_PLACEMENT_3D('',#3271,#3272,#3273);
#3271 = CARTESIAN_POINT('',(130.35092,255.41540507045,-379.121747));
#3272 = DIRECTION('',(-0.,-1.,0.));
#3273 = DIRECTION('',(0.,-0.,1.));
#3274 = PCURVE('',#2532,#3275);
#3275 = DEFINITIONAL_REPRESENTATION('',(#3276),#3279);
#3276 = B_SPLINE_CURVE_WITH_KNOTS('',1,(#3277,#3278),.UNSPECIFIED.,.F.,
  .F.,(2,2),(0.,1.570796326795),.PIECEWISE_BEZIER_KNOTS.);
#3277 = CARTESIAN_POINT('',(0.,25.415405070457));
#3278 = CARTESIAN_POINT('',(-1.570796326795,25.415405070457));
#3279 = ( GEOMETRIC_REPRESENTATION_CONTEXT(2) 
PARAMETRIC_REPRESENTATION_CONTEXT() REPRESENTATION_CONTEXT('2D SPACE',''
  ) );
#3280 = PCURVE('',#3204,#3281);
#3281 = DEFINITIONAL_REPRESENTATION('',(#3282),#3313);
#3282 = B_SPLINE_CURVE_WITH_KNOTS('',8,(#3283,#3284,#3285,#3286,#3287,
    #3288,#3289,#3290,#3291,#3292,#3293,#3294,#3295,#3296,#3297,#3298,
    #3299,#3300,#3301,#3302,#3303,#3304,#3305,#3306,#3307,#3308,#3309,
    #3310,#3311,#3312),.UNSPECIFIED.,.F.,.F.,(9,7,7,7,9),(0.,
    0.392699081699,0.785398163397,1.178097245096,1.570796326795),
  .UNSPECIFIED.);
#3283 = CARTESIAN_POINT('',(0.,25.415405070457));
#3284 = CARTESIAN_POINT('',(0.318262790482,25.415405070457));
#3285 = CARTESIAN_POINT('',(0.629129990355,25.415405070457));
#3286 = CARTESIAN_POINT('',(0.933486692079,25.415405070457));
#3287 = CARTESIAN_POINT('',(1.232122287699,25.415405070457));
#3288 = CARTESIAN_POINT('',(1.525753027066,25.415405070457));
#3289 = CARTESIAN_POINT('',(1.815038202866,25.415405070457));
#3290 = CARTESIAN_POINT('',(2.100592219239,25.415405070457));
#3291 = CARTESIAN_POINT('',(2.665397382174,25.415405070457));
#3292 = CARTESIAN_POINT('',(2.944648620656,25.415405070457));
#3293 = CARTESIAN_POINT('',(3.221329338312,25.415405070456));
#3294 = CARTESIAN_POINT('',(3.495981920896,25.415405070458));
#3295 = CARTESIAN_POINT('',(3.769133949545,25.415405070457));
#3296 = CARTESIAN_POINT('',(4.041286214562,25.415405070457));
#3297 = CARTESIAN_POINT('',(4.31294064471,25.415405070457));
#3298 = CARTESIAN_POINT('',(4.856249214376,25.415405070457));
#3299 = CARTESIAN_POINT('',(5.127903644524,25.415405070458));
#3300 = CARTESIAN_POINT('',(5.40005590954,25.415405070456));
#3301 = CARTESIAN_POINT('',(5.673207938191,25.415405070458));
#3302 = CARTESIAN_POINT('',(5.947860520773,25.415405070457));
#3303 = CARTESIAN_POINT('',(6.224541238431,25.415405070457));
#3304 = CARTESIAN_POINT('',(6.503792476912,25.415405070457));
#3305 = CARTESIAN_POINT('',(7.068597639846,25.415405070457));
#3306 = CARTESIAN_POINT('',(7.35415165622,25.415405070458));
#3307 = CARTESIAN_POINT('',(7.64343683202,25.415405070456));
#3308 = CARTESIAN_POINT('',(7.937067571387,25.415405070458));
#3309 = CARTESIAN_POINT('',(8.235703167007,25.415405070456));
#3310 = CARTESIAN_POINT('',(8.540059868731,25.415405070457));
#3311 = CARTESIAN_POINT('',(8.850927068604,25.415405070457));
#3312 = CARTESIAN_POINT('',(9.169189859086,25.415405070457));
#3313 = ( GEOMETRIC_REPRESENTATION_CONTEXT(2) 
PARAMETRIC_REPRESENTATION_CONTEXT() REPRESENTATION_CONTEXT('2D SPACE',''
  ) );
#3314 = ADVANCED_FACE('',(#3315),#2586,.F.);
#3315 = FACE_BOUND('',#3316,.F.);
#3316 = EDGE_LOOP('',(#3317,#3318,#3319,#3342));
#3317 = ORIENTED_EDGE('',*,*,#3008,.F.);
#3318 = ORIENTED_EDGE('',*,*,#2571,.T.);
#3319 = ORIENTED_EDGE('',*,*,#3320,.T.);
#3320 = EDGE_CURVE('',#2550,#3321,#3323,.T.);
#3321 = VERTEX_POINT('',#3322);
#3322 = CARTESIAN_POINT('',(168.336333,255.41540507045,-379.121747));
#3323 = SURFACE_CURVE('',#3324,(#3328,#3335),.PCURVE_S1.);
#3324 = LINE('',#3325,#3326);
#3325 = CARTESIAN_POINT('',(168.336333,230.,-379.121747));
#3326 = VECTOR('',#3327,1.);
#3327 = DIRECTION('',(0.,1.,0.));
#3328 = PCURVE('',#2586,#3329);
#3329 = DEFINITIONAL_REPRESENTATION('',(#3330),#3334);
#3330 = LINE('',#3331,#3332);
#3331 = CARTESIAN_POINT('',(1.570796326795,0.));
#3332 = VECTOR('',#3333,1.);
#3333 = DIRECTION('',(0.,1.));
#3334 = ( GEOMETRIC_REPRESENTATION_CONTEXT(2) 
PARAMETRIC_REPRESENTATION_CONTEXT() REPRESENTATION_CONTEXT('2D SPACE',''
  ) );
#3335 = PCURVE('',#2690,#3336);
#3336 = DEFINITIONAL_REPRESENTATION('',(#3337),#3341);
#3337 = LINE('',#3338,#3339);
#3338 = CARTESIAN_POINT('',(25.949498,0.));
#3339 = VECTOR('',#3340,1.);
#3340 = DIRECTION('',(0.,-1.));
#3341 = ( GEOMETRIC_REPRESENTATION_CONTEXT(2) 
PARAMETRIC_REPRESENTATION_CONTEXT() REPRESENTATION_CONTEXT('2D SPACE',''
  ) );
#3342 = ORIENTED_EDGE('',*,*,#3343,.F.);
#3343 = EDGE_CURVE('',#3009,#3321,#3344,.T.);
#3344 = SURFACE_CURVE('',#3345,(#3350,#3356),.PCURVE_S1.);
#3345 = CIRCLE('',#3346,5.);
#3346 = AXIS2_PLACEMENT_3D('',#3347,#3348,#3349);
#3347 = CARTESIAN_POINT('',(163.336333,255.41540507045,-379.121747));
#3348 = DIRECTION('',(0.,1.,0.));
#3349 = DIRECTION('',(0.,-0.,1.));
#3350 = PCURVE('',#2586,#3351);
#3351 = DEFINITIONAL_REPRESENTATION('',(#3352),#3355);
#3352 = B_SPLINE_CURVE_WITH_KNOTS('',1,(#3353,#3354),.UNSPECIFIED.,.F.,
  .F.,(2,2),(0.,1.570796326795),.PIECEWISE_BEZIER_KNOTS.);
#3353 = CARTESIAN_POINT('',(0.,25.415405070457));
#3354 = CARTESIAN_POINT('',(1.570796326795,25.415405070457));
#3355 = ( GEOMETRIC_REPRESENTATION_CONTEXT(2) 
PARAMETRIC_REPRESENTATION_CONTEXT() REPRESENTATION_CONTEXT('2D SPACE',''
  ) );
#3356 = PCURVE('',#3059,#3357);
#3357 = DEFINITIONAL_REPRESENTATION('',(#3358),#3389);
#3358 = B_SPLINE_CURVE_WITH_KNOTS('',8,(#3359,#3360,#3361,#3362,#3363,
    #3364,#3365,#3366,#3367,#3368,#3369,#3370,#3371,#3372,#3373,#3374,
    #3375,#3376,#3377,#3378,#3379,#3380,#3381,#3382,#3383,#3384,#3385,
    #3386,#3387,#3388),.UNSPECIFIED.,.F.,.F.,(9,7,7,7,9),(0.,
    0.392699081699,0.785398163397,1.178097245096,1.570796326795),
  .UNSPECIFIED.);
#3359 = CARTESIAN_POINT('',(8.881784197001E-16,25.415405070457));
#3360 = CARTESIAN_POINT('',(0.318262790482,25.415405070457));
#3361 = CARTESIAN_POINT('',(0.629129990355,25.415405070457));
#3362 = CARTESIAN_POINT('',(0.933486692079,25.415405070457));
#3363 = CARTESIAN_POINT('',(1.2321222877,25.415405070457));
#3364 = CARTESIAN_POINT('',(1.525753027066,25.415405070457));
#3365 = CARTESIAN_POINT('',(1.815038202866,25.415405070457));
#3366 = CARTESIAN_POINT('',(2.100592219239,25.415405070457));
#3367 = CARTESIAN_POINT('',(2.665397382173,25.415405070457));
#3368 = CARTESIAN_POINT('',(2.944648620656,25.415405070457));
#3369 = CARTESIAN_POINT('',(3.221329338313,25.415405070456));
#3370 = CARTESIAN_POINT('',(3.495981920895,25.415405070458));
#3371 = CARTESIAN_POINT('',(3.769133949546,25.415405070457));
#3372 = CARTESIAN_POINT('',(4.041286214562,25.415405070457));
#3373 = CARTESIAN_POINT('',(4.31294064471,25.415405070457));
#3374 = CARTESIAN_POINT('',(4.856249214376,25.415405070457));
#3375 = CARTESIAN_POINT('',(5.127903644525,25.415405070458));
#3376 = CARTESIAN_POINT('',(5.40005590954,25.415405070456));
#3377 = CARTESIAN_POINT('',(5.673207938191,25.415405070458));
#3378 = CARTESIAN_POINT('',(5.947860520773,25.415405070457));
#3379 = CARTESIAN_POINT('',(6.224541238431,25.415405070457));
#3380 = CARTESIAN_POINT('',(6.503792476912,25.415405070457));
#3381 = CARTESIAN_POINT('',(7.068597639846,25.415405070457));
#3382 = CARTESIAN_POINT('',(7.354151656221,25.415405070458));
#3383 = CARTESIAN_POINT('',(7.643436832019,25.415405070456));
#3384 = CARTESIAN_POINT('',(7.937067571387,25.415405070458));
#3385 = CARTESIAN_POINT('',(8.235703167008,25.415405070456));
#3386 = CARTESIAN_POINT('',(8.540059868731,25.415405070457));
#3387 = CARTESIAN_POINT('',(8.850927068604,25.415405070457));
#3388 = CARTESIAN_POINT('',(9.169189859086,25.415405070457));
#3389 = ( GEOMETRIC_REPRESENTATION_CONTEXT(2) 
PARAMETRIC_REPRESENTATION_CONTEXT() REPRESENTATION_CONTEXT('2D SPACE',''
  ) );
#3390 = ADVANCED_FACE('',(#3391),#2637,.T.);
#3391 = FACE_BOUND('',#3392,.T.);
#3392 = EDGE_LOOP('',(#3393,#3421,#3422,#3423));
#3393 = ORIENTED_EDGE('',*,*,#3394,.T.);
#3394 = EDGE_CURVE('',#3395,#3245,#3397,.T.);
#3395 = VERTEX_POINT('',#3396);
#3396 = CARTESIAN_POINT('',(125.35092,248.05544420457,-400.071245));
#3397 = SURFACE_CURVE('',#3398,(#3403,#3414),.PCURVE_S1.);
#3398 = CIRCLE('',#3399,14.142);
#3399 = AXIS2_PLACEMENT_3D('',#3400,#3401,#3402);
#3400 = CARTESIAN_POINT('',(125.35092,260.,-392.5));
#3401 = DIRECTION('',(-1.,0.,0.));
#3402 = DIRECTION('',(0.,1.,0.));
#3403 = PCURVE('',#2637,#3404);
#3404 = DEFINITIONAL_REPRESENTATION('',(#3405),#3413);
#3405 = ( BOUNDED_CURVE() B_SPLINE_CURVE(2,(#3406,#3407,#3408,#3409,
#3410,#3411,#3412),.UNSPECIFIED.,.T.,.F.) B_SPLINE_CURVE_WITH_KNOTS((1,2
    ,2,2,2,1),(-2.094395102393,0.,2.094395102393,4.188790204786,
6.28318530718,8.377580409573),.UNSPECIFIED.) CURVE() 
GEOMETRIC_REPRESENTATION_ITEM() RATIONAL_B_SPLINE_CURVE((1.,0.5,1.,0.5,
1.,0.5,1.)) REPRESENTATION_ITEM('') );
#3406 = CARTESIAN_POINT('',(12.571245,-44.142));
#3407 = CARTESIAN_POINT('',(-11.92341752063,-44.142));
#3408 = CARTESIAN_POINT('',(0.32391373968,-22.929));
#3409 = CARTESIAN_POINT('',(12.571245,-1.716));
#3410 = CARTESIAN_POINT('',(24.81857626032,-22.929));
#3411 = CARTESIAN_POINT('',(37.065907520639,-44.142));
#3412 = CARTESIAN_POINT('',(12.571245,-44.142));
#3413 = ( GEOMETRIC_REPRESENTATION_CONTEXT(2) 
PARAMETRIC_REPRESENTATION_CONTEXT() REPRESENTATION_CONTEXT('2D SPACE',''
  ) );
#3414 = PCURVE('',#2957,#3415);
#3415 = DEFINITIONAL_REPRESENTATION('',(#3416),#3420);
#3416 = LINE('',#3417,#3418);
#3417 = CARTESIAN_POINT('',(-6.28318530718,-25.35092));
#3418 = VECTOR('',#3419,1.);
#3419 = DIRECTION('',(1.,-0.));
#3420 = ( GEOMETRIC_REPRESENTATION_CONTEXT(2) 
PARAMETRIC_REPRESENTATION_CONTEXT() REPRESENTATION_CONTEXT('2D SPACE',''
  ) );
#3421 = ORIENTED_EDGE('',*,*,#3244,.F.);
#3422 = ORIENTED_EDGE('',*,*,#2623,.F.);
#3423 = ORIENTED_EDGE('',*,*,#3424,.T.);
#3424 = EDGE_CURVE('',#2602,#3395,#3425,.T.);
#3425 = SURFACE_CURVE('',#3426,(#3430,#3437),.PCURVE_S1.);
#3426 = LINE('',#3427,#3428);
#3427 = CARTESIAN_POINT('',(125.35092,230.,-400.071245));
#3428 = VECTOR('',#3429,1.);
#3429 = DIRECTION('',(0.,1.,0.));
#3430 = PCURVE('',#2637,#3431);
#3431 = DEFINITIONAL_REPRESENTATION('',(#3432),#3436);
#3432 = LINE('',#3433,#3434);
#3433 = CARTESIAN_POINT('',(5.,0.));
#3434 = VECTOR('',#3435,1.);
#3435 = DIRECTION('',(0.,-1.));
#3436 = ( GEOMETRIC_REPRESENTATION_CONTEXT(2) 
PARAMETRIC_REPRESENTATION_CONTEXT() REPRESENTATION_CONTEXT('2D SPACE',''
  ) );
#3437 = PCURVE('',#2746,#3438);
#3438 = DEFINITIONAL_REPRESENTATION('',(#3439),#3443);
#3439 = LINE('',#3440,#3441);
#3440 = CARTESIAN_POINT('',(1.570796326795,0.));
#3441 = VECTOR('',#3442,1.);
#3442 = DIRECTION('',(0.,1.));
#3443 = ( GEOMETRIC_REPRESENTATION_CONTEXT(2) 
PARAMETRIC_REPRESENTATION_CONTEXT() REPRESENTATION_CONTEXT('2D SPACE',''
  ) );
#3444 = ADVANCED_FACE('',(#3445),#2690,.F.);
#3445 = FACE_BOUND('',#3446,.F.);
#3446 = EDGE_LOOP('',(#3447,#3475,#3476,#3477));
#3447 = ORIENTED_EDGE('',*,*,#3448,.T.);
#3448 = EDGE_CURVE('',#3449,#3321,#3451,.T.);
#3449 = VERTEX_POINT('',#3450);
#3450 = CARTESIAN_POINT('',(168.336333,248.05544420457,-400.071245));
#3451 = SURFACE_CURVE('',#3452,(#3457,#3468),.PCURVE_S1.);
#3452 = CIRCLE('',#3453,14.142);
#3453 = AXIS2_PLACEMENT_3D('',#3454,#3455,#3456);
#3454 = CARTESIAN_POINT('',(168.336333,260.,-392.5));
#3455 = DIRECTION('',(-1.,0.,0.));
#3456 = DIRECTION('',(0.,1.,0.));
#3457 = PCURVE('',#2690,#3458);
#3458 = DEFINITIONAL_REPRESENTATION('',(#3459),#3467);
#3459 = ( BOUNDED_CURVE() B_SPLINE_CURVE(2,(#3460,#3461,#3462,#3463,
#3464,#3465,#3466),.UNSPECIFIED.,.T.,.F.) B_SPLINE_CURVE_WITH_KNOTS((1,2
    ,2,2,2,1),(-2.094395102393,0.,2.094395102393,4.188790204786,
6.28318530718,8.377580409573),.UNSPECIFIED.) CURVE() 
GEOMETRIC_REPRESENTATION_ITEM() RATIONAL_B_SPLINE_CURVE((1.,0.5,1.,0.5,
1.,0.5,1.)) REPRESENTATION_ITEM('') );
#3460 = CARTESIAN_POINT('',(12.571245,-44.142));
#3461 = CARTESIAN_POINT('',(-11.92341752063,-44.142));
#3462 = CARTESIAN_POINT('',(0.32391373968,-22.929));
#3463 = CARTESIAN_POINT('',(12.571245,-1.716));
#3464 = CARTESIAN_POINT('',(24.81857626032,-22.929));
#3465 = CARTESIAN_POINT('',(37.065907520639,-44.142));
#3466 = CARTESIAN_POINT('',(12.571245,-44.142));
#3467 = ( GEOMETRIC_REPRESENTATION_CONTEXT(2) 
PARAMETRIC_REPRESENTATION_CONTEXT() REPRESENTATION_CONTEXT('2D SPACE',''
  ) );
#3468 = PCURVE('',#2957,#3469);
#3469 = DEFINITIONAL_REPRESENTATION('',(#3470),#3474);
#3470 = LINE('',#3471,#3472);
#3471 = CARTESIAN_POINT('',(-6.28318530718,-68.336333));
#3472 = VECTOR('',#3473,1.);
#3473 = DIRECTION('',(1.,-0.));
#3474 = ( GEOMETRIC_REPRESENTATION_CONTEXT(2) 
PARAMETRIC_REPRESENTATION_CONTEXT() REPRESENTATION_CONTEXT('2D SPACE',''
  ) );
#3475 = ORIENTED_EDGE('',*,*,#3320,.F.);
#3476 = ORIENTED_EDGE('',*,*,#2676,.F.);
#3477 = ORIENTED_EDGE('',*,*,#3478,.T.);
#3478 = EDGE_CURVE('',#2655,#3449,#3479,.T.);
#3479 = SURFACE_CURVE('',#3480,(#3484,#3491),.PCURVE_S1.);
#3480 = LINE('',#3481,#3482);
#3481 = CARTESIAN_POINT('',(168.336333,230.,-400.071245));
#3482 = VECTOR('',#3483,1.);
#3483 = DIRECTION('',(0.,1.,0.));
#3484 = PCURVE('',#2690,#3485);
#3485 = DEFINITIONAL_REPRESENTATION('',(#3486),#3490);
#3486 = LINE('',#3487,#3488);
#3487 = CARTESIAN_POINT('',(5.,0.));
#3488 = VECTOR('',#3489,1.);
#3489 = DIRECTION('',(0.,-1.));
#3490 = ( GEOMETRIC_REPRESENTATION_CONTEXT(2) 
PARAMETRIC_REPRESENTATION_CONTEXT() REPRESENTATION_CONTEXT('2D SPACE',''
  ) );
#3491 = PCURVE('',#2800,#3492);
#3492 = DEFINITIONAL_REPRESENTATION('',(#3493),#3497);
#3493 = LINE('',#3494,#3495);
#3494 = CARTESIAN_POINT('',(0.,0.));
#3495 = VECTOR('',#3496,1.);
#3496 = DIRECTION('',(0.,1.));
#3497 = ( GEOMETRIC_REPRESENTATION_CONTEXT(2) 
PARAMETRIC_REPRESENTATION_CONTEXT() REPRESENTATION_CONTEXT('2D SPACE',''
  ) );
#3498 = ADVANCED_FACE('',(#3499),#2746,.F.);
#3499 = FACE_BOUND('',#3500,.F.);
#3500 = EDGE_LOOP('',(#3501,#3524,#3525,#3526));
#3501 = ORIENTED_EDGE('',*,*,#3502,.F.);
#3502 = EDGE_CURVE('',#2708,#3503,#3505,.T.);
#3503 = VERTEX_POINT('',#3504);
#3504 = CARTESIAN_POINT('',(130.35092,252.40608709886,-405.071245));
#3505 = SURFACE_CURVE('',#3506,(#3510,#3517),.PCURVE_S1.);
#3506 = LINE('',#3507,#3508);
#3507 = CARTESIAN_POINT('',(130.35092,230.,-405.071245));
#3508 = VECTOR('',#3509,1.);
#3509 = DIRECTION('',(0.,1.,0.));
#3510 = PCURVE('',#2746,#3511);
#3511 = DEFINITIONAL_REPRESENTATION('',(#3512),#3516);
#3512 = LINE('',#3513,#3514);
#3513 = CARTESIAN_POINT('',(0.,0.));
#3514 = VECTOR('',#3515,1.);
#3515 = DIRECTION('',(0.,1.));
#3516 = ( GEOMETRIC_REPRESENTATION_CONTEXT(2) 
PARAMETRIC_REPRESENTATION_CONTEXT() REPRESENTATION_CONTEXT('2D SPACE',''
  ) );
#3517 = PCURVE('',#2830,#3518);
#3518 = DEFINITIONAL_REPRESENTATION('',(#3519),#3523);
#3519 = LINE('',#3520,#3521);
#3520 = CARTESIAN_POINT('',(5.,0.));
#3521 = VECTOR('',#3522,1.);
#3522 = DIRECTION('',(0.,1.));
#3523 = ( GEOMETRIC_REPRESENTATION_CONTEXT(2) 
PARAMETRIC_REPRESENTATION_CONTEXT() REPRESENTATION_CONTEXT('2D SPACE',''
  ) );
#3524 = ORIENTED_EDGE('',*,*,#2731,.T.);
#3525 = ORIENTED_EDGE('',*,*,#3424,.T.);
#3526 = ORIENTED_EDGE('',*,*,#3527,.F.);
#3527 = EDGE_CURVE('',#3503,#3395,#3528,.T.);
#3528 = SURFACE_CURVE('',#3529,(#3557,#3563),.PCURVE_S1.);
#3529 = B_SPLINE_CURVE_WITH_KNOTS('',6,(#3530,#3531,#3532,#3533,#3534,
    #3535,#3536,#3537,#3538,#3539,#3540,#3541,#3542,#3543,#3544,#3545,
    #3546,#3547,#3548,#3549,#3550,#3551,#3552,#3553,#3554,#3555,#3556),
  .UNSPECIFIED.,.F.,.F.,(7,5,5,5,5,7),(0.,0.125,0.25,0.5,0.75,1.),
  .UNSPECIFIED.);
#3530 = CARTESIAN_POINT('',(130.35092,252.40608709886,-405.071245));
#3531 = CARTESIAN_POINT('',(130.18729538262,252.31544870523,-405.071245)
  );
#3532 = CARTESIAN_POINT('',(130.02367076473,252.2248103116,
    -405.0648194823));
#3533 = CARTESIAN_POINT('',(129.86036156081,252.13417191797,
    -405.051968418));
#3534 = CARTESIAN_POINT('',(129.69768317921,252.04353352434,
    -405.0327125075));
#3535 = CARTESIAN_POINT('',(129.53594900615,251.95289513071,
    -405.0070929813));
#3536 = CARTESIAN_POINT('',(129.21498777368,251.77161834344,
    -404.9432498227));
#3537 = CARTESIAN_POINT('',(129.05576071501,251.68097994981,
    -404.9050261843));
#3538 = CARTESIAN_POINT('',(128.89809656501,251.59034155618,
    -404.8605620207));
#3539 = CARTESIAN_POINT('',(128.74230064958,251.49970316255,
    -404.809939113));
#3540 = CARTESIAN_POINT('',(128.58867227318,251.40906476892,
    -404.7532590927));
#3541 = CARTESIAN_POINT('',(128.13516396815,251.13714958803,
    -404.5654098021));
#3542 = CARTESIAN_POINT('',(127.84266065767,250.95587280076,
    -404.4164316276));
#3543 = CARTESIAN_POINT('',(127.56232510337,250.7745960135,
    -404.244672192));
#3544 = CARTESIAN_POINT('',(127.29636030411,250.59331922624,
    -404.0514054015));
#3545 = CARTESIAN_POINT('',(127.04678624709,250.41204243898,
    -403.8381790589));
#3546 = CARTESIAN_POINT('',(126.58398594103,250.04948886445,
    -403.3753787529));
#3547 = CARTESIAN_POINT('',(126.37075991875,249.86821207719,
    -403.1258044818));
#3548 = CARTESIAN_POINT('',(126.17749223139,249.68693528993,
    -402.8598402818));
#3549 = CARTESIAN_POINT('',(126.00573369262,249.50565850267,
    -402.5795041282));
#3550 = CARTESIAN_POINT('',(125.85675519783,249.32438171541,
    -402.2870010318));
#3551 = CARTESIAN_POINT('',(125.60628947705,248.96182814088,
    -401.6823232918));
#3552 = CARTESIAN_POINT('',(125.5048018801,248.78055135362,-401.37014874
    ));
#3553 = CARTESIAN_POINT('',(125.42802697034,248.59927456636,
    -401.0504693068));
#3554 = CARTESIAN_POINT('',(125.37662171534,248.4179977791,
    -400.7257435356));
#3555 = CARTESIAN_POINT('',(125.35092,248.23672099183,-400.3984942347));
#3556 = CARTESIAN_POINT('',(125.35092,248.05544420457,-400.071245));
#3557 = PCURVE('',#2746,#3558);
#3558 = DEFINITIONAL_REPRESENTATION('',(#3559),#3562);
#3559 = B_SPLINE_CURVE_WITH_KNOTS('',1,(#3560,#3561),.UNSPECIFIED.,.F.,
  .F.,(2,2),(0.,1.),.PIECEWISE_BEZIER_KNOTS.);
#3560 = CARTESIAN_POINT('',(0.,22.406087098868));
#3561 = CARTESIAN_POINT('',(1.570796326795,18.055444204577));
#3562 = ( GEOMETRIC_REPRESENTATION_CONTEXT(2) 
PARAMETRIC_REPRESENTATION_CONTEXT() REPRESENTATION_CONTEXT('2D SPACE',''
  ) );
#3563 = PCURVE('',#3564,#3727);
#3564 = B_SPLINE_SURFACE_WITH_KNOTS('',5,6,(
    (#3565,#3566,#3567,#3568,#3569,#3570,#3571,#3572,#3573,#3574,#3575
      ,#3576,#3577,#3578,#3579,#3580,#3581,#3582,#3583,#3584,#3585,#3586
      ,#3587,#3588,#3589,#3590,#3591)
    ,(#3592,#3593,#3594,#3595,#3596,#3597,#3598,#3599,#3600,#3601,#3602
      ,#3603,#3604,#3605,#3606,#3607,#3608,#3609,#3610,#3611,#3612,#3613
      ,#3614,#3615,#3616,#3617,#3618)
    ,(#3619,#3620,#3621,#3622,#3623,#3624,#3625,#3626,#3627,#3628,#3629
      ,#3630,#3631,#3632,#3633,#3634,#3635,#3636,#3637,#3638,#3639,#3640
      ,#3641,#3642,#3643,#3644,#3645)
    ,(#3646,#3647,#3648,#3649,#3650,#3651,#3652,#3653,#3654,#3655,#3656
      ,#3657,#3658,#3659,#3660,#3661,#3662,#3663,#3664,#3665,#3666,#3667
      ,#3668,#3669,#3670,#3671,#3672)
    ,(#3673,#3674,#3675,#3676,#3677,#3678,#3679,#3680,#3681,#3682,#3683
      ,#3684,#3685,#3686,#3687,#3688,#3689,#3690,#3691,#3692,#3693,#3694
      ,#3695,#3696,#3697,#3698,#3699)
    ,(#3700,#3701,#3702,#3703,#3704,#3705,#3706,#3707,#3708,#3709,#3710
      ,#3711,#3712,#3713,#3714,#3715,#3716,#3717,#3718,#3719,#3720,#3721
      ,#3722,#3723,#3724,#3725,#3726
    )),.UNSPECIFIED.,.F.,.F.,.F.,(6,6),(7,5,5,5,5,7),(0.,1.),(0.,0.125,
    0.25,0.5,0.75,1.),.UNSPECIFIED.);
#3565 = CARTESIAN_POINT('',(130.35092,254.38966062857,-405.4815351995));
#3566 = CARTESIAN_POINT('',(130.12940590267,254.38966062857,
    -405.4815351995));
#3567 = CARTESIAN_POINT('',(129.90895700009,254.36530809188,
    -405.4710124581));
#3568 = CARTESIAN_POINT('',(129.69215296151,254.31797652344,
    -405.4505550962));
#3569 = CARTESIAN_POINT('',(129.48176053099,254.2510415964,
    -405.4212058545));
#3570 = CARTESIAN_POINT('',(129.27955525975,254.16831108518,
    -405.3840488631));
#3571 = CARTESIAN_POINT('',(128.89073121728,253.97659851181,
    -405.2955439594));
#3572 = CARTESIAN_POINT('',(128.70494384109,253.86796217908,
    -405.2443461802));
#3573 = CARTESIAN_POINT('',(128.52726099002,253.74932878829,
    -405.1869805055));
#3574 = CARTESIAN_POINT('',(128.35609860631,253.62141123117,
    -405.1231866113));
#3575 = CARTESIAN_POINT('',(128.19413322683,253.48846388035,
    -405.0547091528));
#3576 = CARTESIAN_POINT('',(127.72770388623,253.07269070189,
    -404.8331744531));
#3577 = CARTESIAN_POINT('',(127.44475072118,252.77454112585,
    -404.6648082576));
#3578 = CARTESIAN_POINT('',(127.1869017996,252.46536173585,
    -404.4779546078));
#3579 = CARTESIAN_POINT('',(126.95160476841,252.15038831254,
    -404.2735274493));
#3580 = CARTESIAN_POINT('',(126.73699775191,251.83258079688,
    -404.0519246603));
#3581 = CARTESIAN_POINT('',(126.34751564214,251.19751782914,
    -403.5756493005));
#3582 = CARTESIAN_POINT('',(126.17265383009,250.88032756939,
    -403.3210913408));
#3583 = CARTESIAN_POINT('',(126.01629322429,250.56531714223,
    -403.0497513982));
#3584 = CARTESIAN_POINT('',(125.87912219731,250.25699900513,
    -402.7644706865));
#3585 = CARTESIAN_POINT('',(125.75988052582,249.95439030952,
    -402.4633004815));
#3586 = CARTESIAN_POINT('',(125.55925169787,249.36675343837,
    -401.8335790616));
#3587 = CARTESIAN_POINT('',(125.47779655977,249.08164867742,
    -401.5049988538));
#3588 = CARTESIAN_POINT('',(125.41539978221,248.80646324579,
    -401.163115483));
#3589 = CARTESIAN_POINT('',(125.37277275486,248.54279318231,
    -400.8091408798));
#3590 = CARTESIAN_POINT('',(125.35092,248.2921430714,-400.4446661244));
#3591 = CARTESIAN_POINT('',(125.35092,248.05544420457,-400.071245));
#3592 = CARTESIAN_POINT('',(130.35092,254.01519989409,-405.3197013509));
#3593 = CARTESIAN_POINT('',(130.14098379866,254.00013977206,
    -405.3131926912));
#3594 = CARTESIAN_POINT('',(129.93189975302,253.96543255129,
    -405.2973617228));
#3595 = CARTESIAN_POINT('',(129.72579468137,253.91228723175,
    -405.2726176553));
#3596 = CARTESIAN_POINT('',(129.52494506063,253.84343515818,
    -405.2398621684));
#3597 = CARTESIAN_POINT('',(129.33083400903,253.76190698215,
    -405.2000773441));
#3598 = CARTESIAN_POINT('',(128.95558252856,253.577712266,-405.107749853
    ));
#3599 = CARTESIAN_POINT('',(128.77510721587,253.47531692054,
    -405.0553378121));
#3600 = CARTESIAN_POINT('',(128.60142810501,253.36481995109,
    -404.9973812629));
#3601 = CARTESIAN_POINT('',(128.43333901497,253.24677986193,
    -404.9337029271));
#3602 = CARTESIAN_POINT('',(128.2730410361,253.12450485327,
    -404.8658060205));
#3603 = CARTESIAN_POINT('',(127.80919590262,252.74350519202,
    -404.6477286064));
#3604 = CARTESIAN_POINT('',(127.52433270848,252.471863142,
    -404.4838400403));
#3605 = CARTESIAN_POINT('',(127.26198646035,252.19022123156,
    -404.3033563064));
#3606 = CARTESIAN_POINT('',(127.02055587555,251.90257033192,
    -404.1068877525));
#3607 = CARTESIAN_POINT('',(126.79895545094,251.61121831684,
    -403.8945180641));
#3608 = CARTESIAN_POINT('',(126.39480970192,251.02629890165,
    -403.4386333582));
#3609 = CARTESIAN_POINT('',(126.21227504783,250.73278067607,
    -403.1952083256));
#3610 = CARTESIAN_POINT('',(126.04853302571,250.43978625169,
    -402.9358099659));
#3611 = CARTESIAN_POINT('',(125.90444449637,250.15113992862,
    -402.6625516361));
#3612 = CARTESIAN_POINT('',(125.77925546022,249.8664814666,
    -402.3737978696));
#3613 = CARTESIAN_POINT('',(125.5686592537,249.31092159074,
    -401.7690467648));
#3614 = CARTESIAN_POINT('',(125.48319762383,249.03996132034,
    -401.4530261863));
#3615 = CARTESIAN_POINT('',(125.41792521983,248.77723631275,
    -401.1237887052));
#3616 = CARTESIAN_POINT('',(125.37354254696,248.52453391654,
    -400.782578722));
#3617 = CARTESIAN_POINT('',(125.35092,248.28355308118,-400.4311143747));
#3618 = CARTESIAN_POINT('',(125.35092,248.05544420457,-400.071245));
#3619 = CARTESIAN_POINT('',(130.35092,253.62423489781,-405.1960557136));
#3620 = CARTESIAN_POINT('',(130.15256169465,253.59112199192,
    -405.1872348922));
#3621 = CARTESIAN_POINT('',(129.95538178175,253.536471484,
    -405.1688224628));
#3622 = CARTESIAN_POINT('',(129.76080816435,253.4735297627,
    -405.1435278897));
#3623 = CARTESIAN_POINT('',(129.57037083295,253.399923505,-405.111090394
    ));
#3624 = CARTESIAN_POINT('',(129.38510018984,253.31758441582,
    -405.072193371));
#3625 = CARTESIAN_POINT('',(129.02475055711,253.13813930152,
    -404.9824466339));
#3626 = CARTESIAN_POINT('',(128.85008781293,253.04120075222,
    -404.931680323));
#3627 = CARTESIAN_POINT('',(128.68080540444,252.93845106346,
    -404.8755366076));
#3628 = CARTESIAN_POINT('',(128.51622244408,252.8302782577,
    -404.8139843951));
#3629 = CARTESIAN_POINT('',(128.35778442484,252.71875760903,
    -404.7480457916));
#3630 = CARTESIAN_POINT('',(127.89711153917,252.37336493807,
    -404.5361476949));
#3631 = CARTESIAN_POINT('',(127.61054423632,252.12943721539,
    -404.376535166));
#3632 = CARTESIAN_POINT('',(127.3438149522,251.87685175867,
    -404.2002682452));
#3633 = CARTESIAN_POINT('',(127.09626572947,251.61837579044,
    -404.0080102981));
#3634 = CARTESIAN_POINT('',(126.8675408884,251.35577628764,
    -403.7999858989));
#3635 = CARTESIAN_POINT('',(126.44813376393,250.82634515532,
    -403.3531569251));
#3636 = CARTESIAN_POINT('',(126.25745767234,250.5595431426,
    -403.1144092456));
#3637 = CARTESIAN_POINT('',(126.08571102827,250.2920325055,
    -402.8602014056));
#3638 = CARTESIAN_POINT('',(125.93386874152,250.02663089235,
    -402.5920320803));
#3639 = CARTESIAN_POINT('',(125.80189587538,249.76362000296,
    -402.3092269953));
#3640 = CARTESIAN_POINT('',(125.57975385528,249.24700667769,
    -401.7177863293));
#3641 = CARTESIAN_POINT('',(125.48954963014,248.99336836085,
    -401.4091390824));
#3642 = CARTESIAN_POINT('',(125.4208309708,248.74579937418,
    -401.0883736259));
#3643 = CARTESIAN_POINT('',(125.37437821535,248.50595534011,
    -400.7570526532));
#3644 = CARTESIAN_POINT('',(125.35092,248.26716021527,-400.4155532653));
#3645 = CARTESIAN_POINT('',(125.35092,248.05544420457,-400.071245));
#3646 = CARTESIAN_POINT('',(130.35092,253.22195740478,-405.1128470448));
#3647 = CARTESIAN_POINT('',(130.16413959064,253.16896486037,
    -405.1054005436));
#3648 = CARTESIAN_POINT('',(129.97744668466,253.11287184251,
    -405.0917360083));
#3649 = CARTESIAN_POINT('',(129.79233095338,253.04198664984,
    -405.0694136449));
#3650 = CARTESIAN_POINT('',(129.61039270868,252.96210095576,
    -405.0398400551));
#3651 = CARTESIAN_POINT('',(129.43272969348,252.87506880084,
    -405.0036615772));
#3652 = CARTESIAN_POINT('',(129.0859180511,252.68926832616,
    -404.9190529547));
#3653 = CARTESIAN_POINT('',(128.91718621689,252.59067017667,
    -404.8706987721));
#3654 = CARTESIAN_POINT('',(128.7530516882,252.48770853287,
    -404.8168040345));
#3655 = CARTESIAN_POINT('',(128.59287346286,252.3806918734,
    -404.7573759168));
#3656 = CARTESIAN_POINT('',(128.43813601333,252.27165767297,
    -404.6934067658));
#3657 = CARTESIAN_POINT('',(127.98652791454,251.93745714795,
    -404.4871239718));
#3658 = CARTESIAN_POINT('',(127.70329240211,251.70598225629,
    -404.33083083));
#3659 = CARTESIAN_POINT('',(127.43740647295,251.47031129372,
    -404.1576448581));
#3660 = CARTESIAN_POINT('',(127.18838014618,251.23262677263,
    -403.9683784521));
#3661 = CARTESIAN_POINT('',(126.9560742632,250.99404212267,
    -403.7633403915));
#3662 = CARTESIAN_POINT('',(126.52603437818,250.51761501019,
    -403.3224561599));
#3663 = CARTESIAN_POINT('',(126.32830600578,250.27980365416,
    -403.0866690908));
#3664 = CARTESIAN_POINT('',(126.14812133009,250.0430330175,
    -402.8354252798));
#3665 = CARTESIAN_POINT('',(125.98696183422,249.80932999469,
    -402.5701535019));
#3666 = CARTESIAN_POINT('',(125.8454035654,249.57807967946,
    -402.2901695047));
#3667 = CARTESIAN_POINT('',(125.60495824457,249.1233182883,
    -401.7042166937));
#3668 = CARTESIAN_POINT('',(125.50603522654,248.89977012554,
    -401.3982390951));
#3669 = CARTESIAN_POINT('',(125.42971741507,248.68054635743,
    -401.0800770066));
#3670 = CARTESIAN_POINT('',(125.37753256439,248.46636376082,
    -400.7513620628));
#3671 = CARTESIAN_POINT('',(125.35092,248.26614676039,-400.4160024087));
#3672 = CARTESIAN_POINT('',(125.35092,248.05544420457,-400.071245));
#3673 = CARTESIAN_POINT('',(130.35092,252.81402218709,-405.071245));
#3674 = CARTESIAN_POINT('',(130.17571748663,252.74127771422,
    -405.0675475418));
#3675 = CARTESIAN_POINT('',(130.00086181286,252.66366273401,
    -405.0568880384));
#3676 = CARTESIAN_POINT('',(129.82713623789,252.58145194746,
    -405.03928303));
#3677 = CARTESIAN_POINT('',(129.65537853719,252.49532048918,
    -405.014936545));
#3678 = CARTESIAN_POINT('',(129.48622066848,252.40602991407,
    -404.9841311048));
#3679 = CARTESIAN_POINT('',(129.15343620723,252.22219845366,
    -404.9101063536));
#3680 = CARTESIAN_POINT('',(128.98997698937,252.12772671424,
    -404.8669127025));
#3681 = CARTESIAN_POINT('',(128.82959580842,252.03125556321,
    -404.8177998745));
#3682 = CARTESIAN_POINT('',(128.67219134162,251.93292757892,
    -404.7628726826));
#3683 = CARTESIAN_POINT('',(128.51850775602,251.83359363589,
    -404.7025893028));
#3684 = CARTESIAN_POINT('',(128.06751968465,251.53220558159,
    -404.5057304864));
#3685 = CARTESIAN_POINT('',(127.78069551009,251.32708672064,
    -404.3532823645));
#3686 = CARTESIAN_POINT('',(127.50857012407,251.1197618969,
    -404.1811726199));
#3687 = CARTESIAN_POINT('',(127.25186306572,250.9112782665,
    -403.9905279836));
#3688 = CARTESIAN_POINT('',(127.01138264979,250.70222781763,
    -403.7822928531));
#3689 = CARTESIAN_POINT('',(126.56513625388,250.28423733261,
    -403.3326421769));
#3690 = CARTESIAN_POINT('',(126.3593719872,250.07531033492,
    -403.0912520788));
#3691 = CARTESIAN_POINT('',(126.1719503651,249.86681930375,
    -402.834126813));
#3692 = CARTESIAN_POINT('',(126.00439451743,249.65966673059,
    -402.5627483393));
#3693 = CARTESIAN_POINT('',(125.85782274152,249.45365604573,
    -402.2779558218));
#3694 = CARTESIAN_POINT('',(125.60966253783,249.04515078002,
    -401.6854505078));
#3695 = CARTESIAN_POINT('',(125.50805842724,248.84264088209,
    -401.3777376839));
#3696 = CARTESIAN_POINT('',(125.43024928826,248.64211485003,
    -401.06015984));
#3697 = CARTESIAN_POINT('',(125.37752946293,248.44389189159,
    -400.7348495726));
#3698 = CARTESIAN_POINT('',(125.35092,248.24827292368,-400.4043095276));
#3699 = CARTESIAN_POINT('',(125.35092,248.05544420457,-400.071245));
#3700 = CARTESIAN_POINT('',(130.35092,252.40608709886,-405.071245));
#3701 = CARTESIAN_POINT('',(130.18729538262,252.31544870523,-405.071245)
  );
#3702 = CARTESIAN_POINT('',(130.02367076473,252.2248103116,
    -405.0648194823));
#3703 = CARTESIAN_POINT('',(129.86036156081,252.13417191797,
    -405.051968418));
#3704 = CARTESIAN_POINT('',(129.69768317921,252.04353352434,
    -405.0327125075));
#3705 = CARTESIAN_POINT('',(129.53594900615,251.95289513071,
    -405.0070929813));
#3706 = CARTESIAN_POINT('',(129.21498777368,251.77161834344,
    -404.9432498227));
#3707 = CARTESIAN_POINT('',(129.05576071501,251.68097994981,
    -404.9050261843));
#3708 = CARTESIAN_POINT('',(128.89809656501,251.59034155618,
    -404.8605620207));
#3709 = CARTESIAN_POINT('',(128.74230064958,251.49970316255,
    -404.809939113));
#3710 = CARTESIAN_POINT('',(128.58867227318,251.40906476892,
    -404.7532590927));
#3711 = CARTESIAN_POINT('',(128.13516396815,251.13714958803,
    -404.5654098021));
#3712 = CARTESIAN_POINT('',(127.84266065767,250.95587280076,
    -404.4164316276));
#3713 = CARTESIAN_POINT('',(127.56232510337,250.7745960135,
    -404.244672192));
#3714 = CARTESIAN_POINT('',(127.29636030411,250.59331922624,
    -404.0514054015));
#3715 = CARTESIAN_POINT('',(127.04678624709,250.41204243898,
    -403.8381790589));
#3716 = CARTESIAN_POINT('',(126.58398594103,250.04948886445,
    -403.3753787529));
#3717 = CARTESIAN_POINT('',(126.37075991875,249.86821207719,
    -403.1258044818));
#3718 = CARTESIAN_POINT('',(126.17749223139,249.68693528993,
    -402.8598402818));
#3719 = CARTESIAN_POINT('',(126.00573369262,249.50565850267,
    -402.5795041282));
#3720 = CARTESIAN_POINT('',(125.85675519783,249.32438171541,
    -402.2870010318));
#3721 = CARTESIAN_POINT('',(125.60628947705,248.96182814088,
    -401.6823232918));
#3722 = CARTESIAN_POINT('',(125.5048018801,248.78055135362,-401.37014874
    ));
#3723 = CARTESIAN_POINT('',(125.42802697034,248.59927456636,
    -401.0504693068));
#3724 = CARTESIAN_POINT('',(125.37662171534,248.4179977791,
    -400.7257435356));
#3725 = CARTESIAN_POINT('',(125.35092,248.23672099183,-400.3984942347));
#3726 = CARTESIAN_POINT('',(125.35092,248.05544420457,-400.071245));
#3727 = DEFINITIONAL_REPRESENTATION('',(#3728),#3731);
#3728 = B_SPLINE_CURVE_WITH_KNOTS('',1,(#3729,#3730),.UNSPECIFIED.,.F.,
  .F.,(2,2),(0.,1.),.PIECEWISE_BEZIER_KNOTS.);
#3729 = CARTESIAN_POINT('',(1.,0.));
#3730 = CARTESIAN_POINT('',(1.,1.));
#3731 = ( GEOMETRIC_REPRESENTATION_CONTEXT(2) 
PARAMETRIC_REPRESENTATION_CONTEXT() REPRESENTATION_CONTEXT('2D SPACE',''
  ) );
#3732 = ADVANCED_FACE('',(#3733),#2800,.F.);
#3733 = FACE_BOUND('',#3734,.F.);
#3734 = EDGE_LOOP('',(#3735,#3736,#3737,#3760));
#3735 = ORIENTED_EDGE('',*,*,#3478,.F.);
#3736 = ORIENTED_EDGE('',*,*,#2785,.F.);
#3737 = ORIENTED_EDGE('',*,*,#3738,.T.);
#3738 = EDGE_CURVE('',#2762,#3739,#3741,.T.);
#3739 = VERTEX_POINT('',#3740);
#3740 = CARTESIAN_POINT('',(163.336333,252.40608709886,-405.071245));
#3741 = SURFACE_CURVE('',#3742,(#3746,#3753),.PCURVE_S1.);
#3742 = LINE('',#3743,#3744);
#3743 = CARTESIAN_POINT('',(163.336333,230.,-405.071245));
#3744 = VECTOR('',#3745,1.);
#3745 = DIRECTION('',(0.,1.,0.));
#3746 = PCURVE('',#2800,#3747);
#3747 = DEFINITIONAL_REPRESENTATION('',(#3748),#3752);
#3748 = LINE('',#3749,#3750);
#3749 = CARTESIAN_POINT('',(1.570796326795,0.));
#3750 = VECTOR('',#3751,1.);
#3751 = DIRECTION('',(0.,1.));
#3752 = ( GEOMETRIC_REPRESENTATION_CONTEXT(2) 
PARAMETRIC_REPRESENTATION_CONTEXT() REPRESENTATION_CONTEXT('2D SPACE',''
  ) );
#3753 = PCURVE('',#2830,#3754);
#3754 = DEFINITIONAL_REPRESENTATION('',(#3755),#3759);
#3755 = LINE('',#3756,#3757);
#3756 = CARTESIAN_POINT('',(37.985413,0.));
#3757 = VECTOR('',#3758,1.);
#3758 = DIRECTION('',(0.,1.));
#3759 = ( GEOMETRIC_REPRESENTATION_CONTEXT(2) 
PARAMETRIC_REPRESENTATION_CONTEXT() REPRESENTATION_CONTEXT('2D SPACE',''
  ) );
#3760 = ORIENTED_EDGE('',*,*,#3761,.T.);
#3761 = EDGE_CURVE('',#3739,#3449,#3762,.T.);
#3762 = SURFACE_CURVE('',#3763,(#3791,#3797),.PCURVE_S1.);
#3763 = B_SPLINE_CURVE_WITH_KNOTS('',6,(#3764,#3765,#3766,#3767,#3768,
    #3769,#3770,#3771,#3772,#3773,#3774,#3775,#3776,#3777,#3778,#3779,
    #3780,#3781,#3782,#3783,#3784,#3785,#3786,#3787,#3788,#3789,#3790),
  .UNSPECIFIED.,.F.,.F.,(7,5,5,5,5,7),(0.,0.125,0.25,0.5,0.75,1.),
  .UNSPECIFIED.);
#3764 = CARTESIAN_POINT('',(163.336333,252.40608709886,-405.071245));
#3765 = CARTESIAN_POINT('',(163.49995761737,252.31544870523,-405.071245)
  );
#3766 = CARTESIAN_POINT('',(163.66358223526,252.2248103116,
    -405.0648194823));
#3767 = CARTESIAN_POINT('',(163.82689143918,252.13417191797,
    -405.051968418));
#3768 = CARTESIAN_POINT('',(163.98956982078,252.04353352434,
    -405.0327125075));
#3769 = CARTESIAN_POINT('',(164.15130399384,251.95289513071,
    -405.0070929813));
#3770 = CARTESIAN_POINT('',(164.47226522631,251.77161834344,
    -404.9432498227));
#3771 = CARTESIAN_POINT('',(164.63149228498,251.68097994981,
    -404.9050261843));
#3772 = CARTESIAN_POINT('',(164.78915643498,251.59034155618,
    -404.8605620207));
#3773 = CARTESIAN_POINT('',(164.94495235041,251.49970316255,
    -404.809939113));
#3774 = CARTESIAN_POINT('',(165.09858072681,251.40906476892,
    -404.7532590927));
#3775 = CARTESIAN_POINT('',(165.55208903183,251.13714958803,
    -404.5654098021));
#3776 = CARTESIAN_POINT('',(165.84459234232,250.95587280076,
    -404.4164316276));
#3777 = CARTESIAN_POINT('',(166.12492789662,250.7745960135,
    -404.244672192));
#3778 = CARTESIAN_POINT('',(166.39089269588,250.59331922624,
    -404.0514054015));
#3779 = CARTESIAN_POINT('',(166.6404667529,250.41204243898,
    -403.8381790589));
#3780 = CARTESIAN_POINT('',(167.10326705896,250.04948886445,
    -403.3753787529));
#3781 = CARTESIAN_POINT('',(167.31649308124,249.86821207719,
    -403.1258044818));
#3782 = CARTESIAN_POINT('',(167.5097607686,249.68693528993,
    -402.8598402818));
#3783 = CARTESIAN_POINT('',(167.68151930737,249.50565850267,
    -402.5795041282));
#3784 = CARTESIAN_POINT('',(167.83049780216,249.32438171541,
    -402.2870010318));
#3785 = CARTESIAN_POINT('',(168.08096352294,248.96182814088,
    -401.6823232918));
#3786 = CARTESIAN_POINT('',(168.18245111989,248.78055135362,
    -401.37014874));
#3787 = CARTESIAN_POINT('',(168.25922602965,248.59927456636,
    -401.0504693068));
#3788 = CARTESIAN_POINT('',(168.31063128465,248.4179977791,
    -400.7257435356));
#3789 = CARTESIAN_POINT('',(168.336333,248.23672099183,-400.3984942347)
  );
#3790 = CARTESIAN_POINT('',(168.336333,248.05544420457,-400.071245));
#3791 = PCURVE('',#2800,#3792);
#3792 = DEFINITIONAL_REPRESENTATION('',(#3793),#3796);
#3793 = B_SPLINE_CURVE_WITH_KNOTS('',1,(#3794,#3795),.UNSPECIFIED.,.F.,
  .F.,(2,2),(0.,1.),.PIECEWISE_BEZIER_KNOTS.);
#3794 = CARTESIAN_POINT('',(1.570796326795,22.406087098868));
#3795 = CARTESIAN_POINT('',(0.,18.055444204577));
#3796 = ( GEOMETRIC_REPRESENTATION_CONTEXT(2) 
PARAMETRIC_REPRESENTATION_CONTEXT() REPRESENTATION_CONTEXT('2D SPACE',''
  ) );
#3797 = PCURVE('',#3798,#3961);
#3798 = B_SPLINE_SURFACE_WITH_KNOTS('',5,6,(
    (#3799,#3800,#3801,#3802,#3803,#3804,#3805,#3806,#3807,#3808,#3809
      ,#3810,#3811,#3812,#3813,#3814,#3815,#3816,#3817,#3818,#3819,#3820
      ,#3821,#3822,#3823,#3824,#3825)
    ,(#3826,#3827,#3828,#3829,#3830,#3831,#3832,#3833,#3834,#3835,#3836
      ,#3837,#3838,#3839,#3840,#3841,#3842,#3843,#3844,#3845,#3846,#3847
      ,#3848,#3849,#3850,#3851,#3852)
    ,(#3853,#3854,#3855,#3856,#3857,#3858,#3859,#3860,#3861,#3862,#3863
      ,#3864,#3865,#3866,#3867,#3868,#3869,#3870,#3871,#3872,#3873,#3874
      ,#3875,#3876,#3877,#3878,#3879)
    ,(#3880,#3881,#3882,#3883,#3884,#3885,#3886,#3887,#3888,#3889,#3890
      ,#3891,#3892,#3893,#3894,#3895,#3896,#3897,#3898,#3899,#3900,#3901
      ,#3902,#3903,#3904,#3905,#3906)
    ,(#3907,#3908,#3909,#3910,#3911,#3912,#3913,#3914,#3915,#3916,#3917
      ,#3918,#3919,#3920,#3921,#3922,#3923,#3924,#3925,#3926,#3927,#3928
      ,#3929,#3930,#3931,#3932,#3933)
    ,(#3934,#3935,#3936,#3937,#3938,#3939,#3940,#3941,#3942,#3943,#3944
      ,#3945,#3946,#3947,#3948,#3949,#3950,#3951,#3952,#3953,#3954,#3955
      ,#3956,#3957,#3958,#3959,#3960
    )),.UNSPECIFIED.,.F.,.F.,.F.,(6,6),(7,5,5,5,5,7),(0.,1.),(0.,0.125,
    0.25,0.5,0.75,1.),.UNSPECIFIED.);
#3799 = CARTESIAN_POINT('',(163.336333,254.38966062857,-405.4815351995)
  );
#3800 = CARTESIAN_POINT('',(163.55784709732,254.38966062857,
    -405.4815351995));
#3801 = CARTESIAN_POINT('',(163.7782959999,254.36530809188,
    -405.4710124581));
#3802 = CARTESIAN_POINT('',(163.99510003848,254.31797652344,
    -405.4505550962));
#3803 = CARTESIAN_POINT('',(164.205492469,254.2510415964,-405.4212058545
    ));
#3804 = CARTESIAN_POINT('',(164.40769774024,254.16831108518,
    -405.3840488631));
#3805 = CARTESIAN_POINT('',(164.7965217827,253.97659851181,
    -405.2955439594));
#3806 = CARTESIAN_POINT('',(164.9823091589,253.86796217908,
    -405.2443461802));
#3807 = CARTESIAN_POINT('',(165.15999200997,253.74932878829,
    -405.1869805055));
#3808 = CARTESIAN_POINT('',(165.33115439367,253.62141123117,
    -405.1231866113));
#3809 = CARTESIAN_POINT('',(165.49311977316,253.48846388035,
    -405.0547091528));
#3810 = CARTESIAN_POINT('',(165.95954911376,253.07269070189,
    -404.8331744531));
#3811 = CARTESIAN_POINT('',(166.2425022788,252.77454112585,
    -404.6648082576));
#3812 = CARTESIAN_POINT('',(166.50035120039,252.46536173585,
    -404.4779546078));
#3813 = CARTESIAN_POINT('',(166.73564823158,252.15038831254,
    -404.2735274493));
#3814 = CARTESIAN_POINT('',(166.95025524808,251.83258079688,
    -404.0519246603));
#3815 = CARTESIAN_POINT('',(167.33973735785,251.19751782914,
    -403.5756493005));
#3816 = CARTESIAN_POINT('',(167.51459916989,250.88032756939,
    -403.3210913408));
#3817 = CARTESIAN_POINT('',(167.6709597757,250.56531714224,
    -403.0497513982));
#3818 = CARTESIAN_POINT('',(167.80813080268,250.25699900513,
    -402.7644706865));
#3819 = CARTESIAN_POINT('',(167.92737247417,249.95439030952,
    -402.4633004815));
#3820 = CARTESIAN_POINT('',(168.12800130212,249.36675343837,
    -401.8335790616));
#3821 = CARTESIAN_POINT('',(168.20945644022,249.08164867742,
    -401.5049988538));
#3822 = CARTESIAN_POINT('',(168.27185321778,248.80646324579,
    -401.163115483));
#3823 = CARTESIAN_POINT('',(168.31448024513,248.54279318231,
    -400.8091408798));
#3824 = CARTESIAN_POINT('',(168.336333,248.2921430714,-400.4446661244));
#3825 = CARTESIAN_POINT('',(168.336333,248.05544420457,-400.071245));
#3826 = CARTESIAN_POINT('',(163.336333,254.01519989409,-405.3197013509)
  );
#3827 = CARTESIAN_POINT('',(163.54626920133,254.00013977206,
    -405.3131926912));
#3828 = CARTESIAN_POINT('',(163.75535324697,253.96543255129,
    -405.2973617228));
#3829 = CARTESIAN_POINT('',(163.96145831862,253.91228723175,
    -405.2726176553));
#3830 = CARTESIAN_POINT('',(164.16230793936,253.84343515818,
    -405.2398621684));
#3831 = CARTESIAN_POINT('',(164.35641899096,253.76190698215,
    -405.2000773441));
#3832 = CARTESIAN_POINT('',(164.73167047142,253.577712266,-405.107749853
    ));
#3833 = CARTESIAN_POINT('',(164.91214578412,253.47531692054,
    -405.0553378121));
#3834 = CARTESIAN_POINT('',(165.08582489497,253.36481995109,
    -404.9973812629));
#3835 = CARTESIAN_POINT('',(165.25391398502,253.24677986193,
    -404.9337029271));
#3836 = CARTESIAN_POINT('',(165.41421196389,253.12450485327,
    -404.8658060205));
#3837 = CARTESIAN_POINT('',(165.87805709737,252.74350519202,
    -404.6477286064));
#3838 = CARTESIAN_POINT('',(166.16292029151,252.471863142,
    -404.4838400403));
#3839 = CARTESIAN_POINT('',(166.42526653963,252.19022123156,
    -404.3033563064));
#3840 = CARTESIAN_POINT('',(166.66669712444,251.90257033192,
    -404.1068877525));
#3841 = CARTESIAN_POINT('',(166.88829754904,251.61121831684,
    -403.8945180641));
#3842 = CARTESIAN_POINT('',(167.29244329807,251.02629890165,
    -403.4386333582));
#3843 = CARTESIAN_POINT('',(167.47497795216,250.73278067607,
    -403.1952083256));
#3844 = CARTESIAN_POINT('',(167.63871997428,250.43978625169,
    -402.9358099659));
#3845 = CARTESIAN_POINT('',(167.78280850362,250.15113992862,
    -402.6625516361));
#3846 = CARTESIAN_POINT('',(167.90799753977,249.8664814666,
    -402.3737978696));
#3847 = CARTESIAN_POINT('',(168.11859374629,249.31092159074,
    -401.7690467648));
#3848 = CARTESIAN_POINT('',(168.20405537616,249.03996132034,
    -401.4530261863));
#3849 = CARTESIAN_POINT('',(168.26932778016,248.77723631275,
    -401.1237887052));
#3850 = CARTESIAN_POINT('',(168.31371045303,248.52453391654,
    -400.782578722));
#3851 = CARTESIAN_POINT('',(168.336333,248.28355308118,-400.4311143747)
  );
#3852 = CARTESIAN_POINT('',(168.336333,248.05544420457,-400.071245));
#3853 = CARTESIAN_POINT('',(163.336333,253.62423489781,-405.1960557136)
  );
#3854 = CARTESIAN_POINT('',(163.53469130534,253.59112199192,
    -405.1872348922));
#3855 = CARTESIAN_POINT('',(163.73187121824,253.536471484,
    -405.1688224628));
#3856 = CARTESIAN_POINT('',(163.92644483564,253.4735297627,
    -405.1435278897));
#3857 = CARTESIAN_POINT('',(164.11688216704,253.399923505,-405.111090394
    ));
#3858 = CARTESIAN_POINT('',(164.30215281015,253.31758441582,
    -405.072193371));
#3859 = CARTESIAN_POINT('',(164.66250244288,253.13813930152,
    -404.9824466339));
#3860 = CARTESIAN_POINT('',(164.83716518706,253.04120075222,
    -404.931680323));
#3861 = CARTESIAN_POINT('',(165.00644759555,252.93845106346,
    -404.8755366076));
#3862 = CARTESIAN_POINT('',(165.17103055591,252.8302782577,
    -404.8139843951));
#3863 = CARTESIAN_POINT('',(165.32946857515,252.71875760903,
    -404.7480457916));
#3864 = CARTESIAN_POINT('',(165.79014146082,252.37336493807,
    -404.5361476949));
#3865 = CARTESIAN_POINT('',(166.07670876367,252.12943721539,
    -404.376535166));
#3866 = CARTESIAN_POINT('',(166.34343804779,251.87685175867,
    -404.2002682452));
#3867 = CARTESIAN_POINT('',(166.59098727052,251.61837579044,
    -404.0080102981));
#3868 = CARTESIAN_POINT('',(166.81971211159,251.35577628764,
    -403.7999858989));
#3869 = CARTESIAN_POINT('',(167.23911923606,250.82634515532,
    -403.3531569251));
#3870 = CARTESIAN_POINT('',(167.42979532765,250.5595431426,
    -403.1144092456));
#3871 = CARTESIAN_POINT('',(167.60154197172,250.2920325055,
    -402.8602014056));
#3872 = CARTESIAN_POINT('',(167.75338425847,250.02663089235,
    -402.5920320803));
#3873 = CARTESIAN_POINT('',(167.88535712461,249.76362000296,
    -402.3092269953));
#3874 = CARTESIAN_POINT('',(168.10749914471,249.24700667769,
    -401.7177863293));
#3875 = CARTESIAN_POINT('',(168.19770336985,248.99336836085,
    -401.4091390824));
#3876 = CARTESIAN_POINT('',(168.26642202919,248.74579937418,
    -401.0883736259));
#3877 = CARTESIAN_POINT('',(168.31287478465,248.50595534011,
    -400.7570526532));
#3878 = CARTESIAN_POINT('',(168.336333,248.26716021527,-400.4155532653)
  );
#3879 = CARTESIAN_POINT('',(168.336333,248.05544420457,-400.071245));
#3880 = CARTESIAN_POINT('',(163.336333,253.22195740478,-405.1128470448)
  );
#3881 = CARTESIAN_POINT('',(163.52311340935,253.16896486037,
    -405.1054005436));
#3882 = CARTESIAN_POINT('',(163.70980631533,253.11287184251,
    -405.0917360083));
#3883 = CARTESIAN_POINT('',(163.89492204661,253.04198664984,
    -405.0694136449));
#3884 = CARTESIAN_POINT('',(164.07686029131,252.96210095576,
    -405.0398400551));
#3885 = CARTESIAN_POINT('',(164.25452330651,252.87506880084,
    -405.0036615772));
#3886 = CARTESIAN_POINT('',(164.60133494889,252.68926832616,
    -404.9190529547));
#3887 = CARTESIAN_POINT('',(164.77006678309,252.59067017667,
    -404.8706987721));
#3888 = CARTESIAN_POINT('',(164.93420131179,252.48770853287,
    -404.8168040345));
#3889 = CARTESIAN_POINT('',(165.09437953713,252.3806918734,
    -404.7573759168));
#3890 = CARTESIAN_POINT('',(165.24911698666,252.27165767297,
    -404.6934067658));
#3891 = CARTESIAN_POINT('',(165.70072508545,251.93745714795,
    -404.4871239718));
#3892 = CARTESIAN_POINT('',(165.98396059788,251.70598225629,
    -404.33083083));
#3893 = CARTESIAN_POINT('',(166.24984652704,251.47031129372,
    -404.1576448581));
#3894 = CARTESIAN_POINT('',(166.49887285381,251.23262677263,
    -403.9683784521));
#3895 = CARTESIAN_POINT('',(166.73117873679,250.99404212267,
    -403.7633403915));
#3896 = CARTESIAN_POINT('',(167.16121862181,250.51761501019,
    -403.3224561599));
#3897 = CARTESIAN_POINT('',(167.35894699421,250.27980365416,
    -403.0866690908));
#3898 = CARTESIAN_POINT('',(167.5391316699,250.0430330175,
    -402.8354252798));
#3899 = CARTESIAN_POINT('',(167.70029116577,249.80932999469,
    -402.5701535019));
#3900 = CARTESIAN_POINT('',(167.84184943459,249.57807967946,
    -402.2901695047));
#3901 = CARTESIAN_POINT('',(168.08229475542,249.1233182883,
    -401.7042166937));
#3902 = CARTESIAN_POINT('',(168.18121777345,248.89977012554,
    -401.3982390951));
#3903 = CARTESIAN_POINT('',(168.25753558492,248.68054635743,
    -401.0800770066));
#3904 = CARTESIAN_POINT('',(168.3097204356,248.46636376082,
    -400.7513620628));
#3905 = CARTESIAN_POINT('',(168.336333,248.26614676039,-400.4160024087)
  );
#3906 = CARTESIAN_POINT('',(168.336333,248.05544420457,-400.071245));
#3907 = CARTESIAN_POINT('',(163.336333,252.81402218709,-405.071245));
#3908 = CARTESIAN_POINT('',(163.51153551336,252.74127771422,
    -405.0675475418));
#3909 = CARTESIAN_POINT('',(163.68639118713,252.66366273401,
    -405.0568880384));
#3910 = CARTESIAN_POINT('',(163.8601167621,252.58145194746,-405.03928303
    ));
#3911 = CARTESIAN_POINT('',(164.0318744628,252.49532048918,
    -405.014936545));
#3912 = CARTESIAN_POINT('',(164.2010323315,252.40602991407,
    -404.9841311048));
#3913 = CARTESIAN_POINT('',(164.53381679276,252.22219845366,
    -404.9101063536));
#3914 = CARTESIAN_POINT('',(164.69727601062,252.12772671424,
    -404.8669127025));
#3915 = CARTESIAN_POINT('',(164.85765719157,252.03125556321,
    -404.8177998745));
#3916 = CARTESIAN_POINT('',(165.01506165836,251.93292757892,
    -404.7628726826));
#3917 = CARTESIAN_POINT('',(165.16874524397,251.83359363589,
    -404.7025893028));
#3918 = CARTESIAN_POINT('',(165.61973331534,251.53220558159,
    -404.5057304864));
#3919 = CARTESIAN_POINT('',(165.9065574899,251.32708672064,
    -404.3532823645));
#3920 = CARTESIAN_POINT('',(166.17868287592,251.1197618969,
    -404.1811726199));
#3921 = CARTESIAN_POINT('',(166.43538993427,250.9112782665,
    -403.9905279836));
#3922 = CARTESIAN_POINT('',(166.6758703502,250.70222781763,
    -403.7822928531));
#3923 = CARTESIAN_POINT('',(167.12211674611,250.28423733261,
    -403.3326421769));
#3924 = CARTESIAN_POINT('',(167.32788101279,250.07531033492,
    -403.0912520788));
#3925 = CARTESIAN_POINT('',(167.51530263489,249.86681930375,
    -402.834126813));
#3926 = CARTESIAN_POINT('',(167.68285848256,249.65966673059,
    -402.5627483393));
#3927 = CARTESIAN_POINT('',(167.82943025847,249.45365604573,
    -402.2779558218));
#3928 = CARTESIAN_POINT('',(168.07759046216,249.04515078002,
    -401.6854505078));
#3929 = CARTESIAN_POINT('',(168.17919457275,248.84264088209,
    -401.3777376839));
#3930 = CARTESIAN_POINT('',(168.25700371173,248.64211485003,
    -401.06015984));
#3931 = CARTESIAN_POINT('',(168.30972353706,248.4438918916,
    -400.7348495726));
#3932 = CARTESIAN_POINT('',(168.336333,248.24827292368,-400.4043095276)
  );
#3933 = CARTESIAN_POINT('',(168.336333,248.05544420457,-400.071245));
#3934 = CARTESIAN_POINT('',(163.336333,252.40608709886,-405.071245));
#3935 = CARTESIAN_POINT('',(163.49995761737,252.31544870523,-405.071245)
  );
#3936 = CARTESIAN_POINT('',(163.66358223526,252.2248103116,
    -405.0648194823));
#3937 = CARTESIAN_POINT('',(163.82689143918,252.13417191797,
    -405.051968418));
#3938 = CARTESIAN_POINT('',(163.98956982078,252.04353352434,
    -405.0327125075));
#3939 = CARTESIAN_POINT('',(164.15130399384,251.95289513071,
    -405.0070929813));
#3940 = CARTESIAN_POINT('',(164.47226522631,251.77161834344,
    -404.9432498227));
#3941 = CARTESIAN_POINT('',(164.63149228498,251.68097994981,
    -404.9050261843));
#3942 = CARTESIAN_POINT('',(164.78915643498,251.59034155618,
    -404.8605620207));
#3943 = CARTESIAN_POINT('',(164.94495235041,251.49970316255,
    -404.809939113));
#3944 = CARTESIAN_POINT('',(165.09858072681,251.40906476892,
    -404.7532590927));
#3945 = CARTESIAN_POINT('',(165.55208903183,251.13714958803,
    -404.5654098021));
#3946 = CARTESIAN_POINT('',(165.84459234232,250.95587280076,
    -404.4164316276));
#3947 = CARTESIAN_POINT('',(166.12492789662,250.7745960135,
    -404.244672192));
#3948 = CARTESIAN_POINT('',(166.39089269588,250.59331922624,
    -404.0514054015));
#3949 = CARTESIAN_POINT('',(166.6404667529,250.41204243898,
    -403.8381790589));
#3950 = CARTESIAN_POINT('',(167.10326705896,250.04948886445,
    -403.3753787529));
#3951 = CARTESIAN_POINT('',(167.31649308124,249.86821207719,
    -403.1258044818));
#3952 = CARTESIAN_POINT('',(167.5097607686,249.68693528993,
    -402.8598402818));
#3953 = CARTESIAN_POINT('',(167.68151930737,249.50565850267,
    -402.5795041282));
#3954 = CARTESIAN_POINT('',(167.83049780216,249.32438171541,
    -402.2870010318));
#3955 = CARTESIAN_POINT('',(168.08096352294,248.96182814088,
    -401.6823232918));
#3956 = CARTESIAN_POINT('',(168.18245111989,248.78055135362,
    -401.37014874));
#3957 = CARTESIAN_POINT('',(168.25922602965,248.59927456636,
    -401.0504693068));
#3958 = CARTESIAN_POINT('',(168.31063128465,248.4179977791,
    -400.7257435356));
#3959 = CARTESIAN_POINT('',(168.336333,248.23672099183,-400.3984942347)
  );
#3960 = CARTESIAN_POINT('',(168.336333,248.05544420457,-400.071245));
#3961 = DEFINITIONAL_REPRESENTATION('',(#3962),#3965);
#3962 = B_SPLINE_CURVE_WITH_KNOTS('',1,(#3963,#3964),.UNSPECIFIED.,.F.,
  .F.,(2,2),(0.,1.),.PIECEWISE_BEZIER_KNOTS.);
#3963 = CARTESIAN_POINT('',(1.,0.));
#3964 = CARTESIAN_POINT('',(1.,1.));
#3965 = ( GEOMETRIC_REPRESENTATION_CONTEXT(2) 
PARAMETRIC_REPRESENTATION_CONTEXT() REPRESENTATION_CONTEXT('2D SPACE',''
  ) );
#3966 = ADVANCED_FACE('',(#3967),#2830,.T.);
#3967 = FACE_BOUND('',#3968,.T.);
#3968 = EDGE_LOOP('',(#3969,#3970,#3971,#3997));
#3969 = ORIENTED_EDGE('',*,*,#2816,.T.);
#3970 = ORIENTED_EDGE('',*,*,#3738,.T.);
#3971 = ORIENTED_EDGE('',*,*,#3972,.T.);
#3972 = EDGE_CURVE('',#3739,#3503,#3973,.T.);
#3973 = SURFACE_CURVE('',#3974,(#3978,#3985),.PCURVE_S1.);
#3974 = LINE('',#3975,#3976);
#3975 = CARTESIAN_POINT('',(168.336333,252.40608709886,-405.071245));
#3976 = VECTOR('',#3977,1.);
#3977 = DIRECTION('',(-1.,-0.,-0.));
#3978 = PCURVE('',#2830,#3979);
#3979 = DEFINITIONAL_REPRESENTATION('',(#3980),#3984);
#3980 = LINE('',#3981,#3982);
#3981 = CARTESIAN_POINT('',(42.985413,22.406087098868));
#3982 = VECTOR('',#3983,1.);
#3983 = DIRECTION('',(-1.,-0.));
#3984 = ( GEOMETRIC_REPRESENTATION_CONTEXT(2) 
PARAMETRIC_REPRESENTATION_CONTEXT() REPRESENTATION_CONTEXT('2D SPACE',''
  ) );
#3985 = PCURVE('',#3986,#3991);
#3986 = CYLINDRICAL_SURFACE('',#3987,5.);
#3987 = AXIS2_PLACEMENT_3D('',#3988,#3989,#3990);
#3988 = CARTESIAN_POINT('',(168.336333,252.40608709886,-410.071245));
#3989 = DIRECTION('',(-1.,-0.,-0.));
#3990 = DIRECTION('',(-0.,0.,1.));
#3991 = DEFINITIONAL_REPRESENTATION('',(#3992),#3996);
#3992 = LINE('',#3993,#3994);
#3993 = CARTESIAN_POINT('',(0.,0.));
#3994 = VECTOR('',#3995,1.);
#3995 = DIRECTION('',(0.,1.));
#3996 = ( GEOMETRIC_REPRESENTATION_CONTEXT(2) 
PARAMETRIC_REPRESENTATION_CONTEXT() REPRESENTATION_CONTEXT('2D SPACE',''
  ) );
#3997 = ORIENTED_EDGE('',*,*,#3502,.F.);
#3998 = ADVANCED_FACE('',(#3999),#2957,.F.);
#3999 = FACE_BOUND('',#4000,.T.);
#4000 = EDGE_LOOP('',(#4001,#4024,#4057,#4085,#4113,#4146,#4174,#4197,
    #4224,#4225,#4253,#4287,#4288,#4358,#4381,#4449,#4450,#4486,#4512,
    #4513));
#4001 = ORIENTED_EDGE('',*,*,#4002,.F.);
#4002 = EDGE_CURVE('',#4003,#2919,#4005,.T.);
#4003 = VERTEX_POINT('',#4004);
#4004 = CARTESIAN_POINT('',(168.336333,274.142,-392.5));
#4005 = SEAM_CURVE('',#4006,(#4010,#4017),.PCURVE_S1.);
#4006 = LINE('',#4007,#4008);
#4007 = CARTESIAN_POINT('',(100.,274.142,-392.5));
#4008 = VECTOR('',#4009,1.);
#4009 = DIRECTION('',(1.,0.,0.));
#4010 = PCURVE('',#2957,#4011);
#4011 = DEFINITIONAL_REPRESENTATION('',(#4012),#4016);
#4012 = LINE('',#4013,#4014);
#4013 = CARTESIAN_POINT('',(-6.28318530718,0.));
#4014 = VECTOR('',#4015,1.);
#4015 = DIRECTION('',(-0.,-1.));
#4016 = ( GEOMETRIC_REPRESENTATION_CONTEXT(2) 
PARAMETRIC_REPRESENTATION_CONTEXT() REPRESENTATION_CONTEXT('2D SPACE',''
  ) );
#4017 = PCURVE('',#2957,#4018);
#4018 = DEFINITIONAL_REPRESENTATION('',(#4019),#4023);
#4019 = LINE('',#4020,#4021);
#4020 = CARTESIAN_POINT('',(-0.,0.));
#4021 = VECTOR('',#4022,1.);
#4022 = DIRECTION('',(-0.,-1.));
#4023 = ( GEOMETRIC_REPRESENTATION_CONTEXT(2) 
PARAMETRIC_REPRESENTATION_CONTEXT() REPRESENTATION_CONTEXT('2D SPACE',''
  ) );
#4024 = ORIENTED_EDGE('',*,*,#4025,.T.);
#4025 = EDGE_CURVE('',#4003,#4026,#4028,.T.);
#4026 = VERTEX_POINT('',#4027);
#4027 = CARTESIAN_POINT('',(168.336333,266.47765105188,-405.071245));
#4028 = SURFACE_CURVE('',#4029,(#4034,#4041),.PCURVE_S1.);
#4029 = CIRCLE('',#4030,14.142);
#4030 = AXIS2_PLACEMENT_3D('',#4031,#4032,#4033);
#4031 = CARTESIAN_POINT('',(168.336333,260.,-392.5));
#4032 = DIRECTION('',(-1.,0.,0.));
#4033 = DIRECTION('',(0.,1.,0.));
#4034 = PCURVE('',#2957,#4035);
#4035 = DEFINITIONAL_REPRESENTATION('',(#4036),#4040);
#4036 = LINE('',#4037,#4038);
#4037 = CARTESIAN_POINT('',(-6.28318530718,-68.336333));
#4038 = VECTOR('',#4039,1.);
#4039 = DIRECTION('',(1.,-0.));
#4040 = ( GEOMETRIC_REPRESENTATION_CONTEXT(2) 
PARAMETRIC_REPRESENTATION_CONTEXT() REPRESENTATION_CONTEXT('2D SPACE',''
  ) );
#4041 = PCURVE('',#4042,#4047);
#4042 = PLANE('',#4043);
#4043 = AXIS2_PLACEMENT_3D('',#4044,#4045,#4046);
#4044 = CARTESIAN_POINT('',(168.336333,230.,-405.071245));
#4045 = DIRECTION('',(1.,0.,0.));
#4046 = DIRECTION('',(0.,0.,1.));
#4047 = DEFINITIONAL_REPRESENTATION('',(#4048),#4056);
#4048 = ( BOUNDED_CURVE() B_SPLINE_CURVE(2,(#4049,#4050,#4051,#4052,
#4053,#4054,#4055),.UNSPECIFIED.,.T.,.F.) B_SPLINE_CURVE_WITH_KNOTS((1,2
    ,2,2,2,1),(-2.094395102393,0.,2.094395102393,4.188790204786,
6.28318530718,8.377580409573),.UNSPECIFIED.) CURVE() 
GEOMETRIC_REPRESENTATION_ITEM() RATIONAL_B_SPLINE_CURVE((1.,0.5,1.,0.5,
1.,0.5,1.)) REPRESENTATION_ITEM('') );
#4049 = CARTESIAN_POINT('',(12.571245,-44.142));
#4050 = CARTESIAN_POINT('',(-11.92341752063,-44.142));
#4051 = CARTESIAN_POINT('',(0.32391373968,-22.929));
#4052 = CARTESIAN_POINT('',(12.571245,-1.716));
#4053 = CARTESIAN_POINT('',(24.81857626032,-22.929));
#4054 = CARTESIAN_POINT('',(37.065907520639,-44.142));
#4055 = CARTESIAN_POINT('',(12.571245,-44.142));
#4056 = ( GEOMETRIC_REPRESENTATION_CONTEXT(2) 
PARAMETRIC_REPRESENTATION_CONTEXT() REPRESENTATION_CONTEXT('2D SPACE',''
  ) );
#4057 = ORIENTED_EDGE('',*,*,#4058,.T.);
#4058 = EDGE_CURVE('',#4026,#4059,#4061,.T.);
#4059 = VERTEX_POINT('',#4060);
#4060 = CARTESIAN_POINT('',(168.336333,265.61033937142,-405.4815351995)
  );
#4061 = SURFACE_CURVE('',#4062,(#4067,#4074),.PCURVE_S1.);
#4062 = CIRCLE('',#4063,14.142);
#4063 = AXIS2_PLACEMENT_3D('',#4064,#4065,#4066);
#4064 = CARTESIAN_POINT('',(168.336333,260.,-392.5));
#4065 = DIRECTION('',(-1.,-0.,-0.));
#4066 = DIRECTION('',(0.,0.,-1.));
#4067 = PCURVE('',#2957,#4068);
#4068 = DEFINITIONAL_REPRESENTATION('',(#4069),#4073);
#4069 = LINE('',#4070,#4071);
#4070 = CARTESIAN_POINT('',(-10.99557428756,-68.336333));
#4071 = VECTOR('',#4072,1.);
#4072 = DIRECTION('',(1.,-0.));
#4073 = ( GEOMETRIC_REPRESENTATION_CONTEXT(2) 
PARAMETRIC_REPRESENTATION_CONTEXT() REPRESENTATION_CONTEXT('2D SPACE',''
  ) );
#4074 = PCURVE('',#4042,#4075);
#4075 = DEFINITIONAL_REPRESENTATION('',(#4076),#4084);
#4076 = ( BOUNDED_CURVE() B_SPLINE_CURVE(2,(#4077,#4078,#4079,#4080,
#4081,#4082,#4083),.UNSPECIFIED.,.T.,.F.) B_SPLINE_CURVE_WITH_KNOTS((1,2
    ,2,2,2,1),(-2.094395102393,0.,2.094395102393,4.188790204786,
6.28318530718,8.377580409573),.UNSPECIFIED.) CURVE() 
GEOMETRIC_REPRESENTATION_ITEM() RATIONAL_B_SPLINE_CURVE((1.,0.5,1.,0.5,
1.,0.5,1.)) REPRESENTATION_ITEM('') );
#4077 = CARTESIAN_POINT('',(-1.570755,-30.));
#4078 = CARTESIAN_POINT('',(-1.570755,-5.505337479361));
#4079 = CARTESIAN_POINT('',(19.642245,-17.75266873968));
#4080 = CARTESIAN_POINT('',(40.855245,-30.));
#4081 = CARTESIAN_POINT('',(19.642245,-42.24733126032));
#4082 = CARTESIAN_POINT('',(-1.570755,-54.49466252063));
#4083 = CARTESIAN_POINT('',(-1.570755,-30.));
#4084 = ( GEOMETRIC_REPRESENTATION_CONTEXT(2) 
PARAMETRIC_REPRESENTATION_CONTEXT() REPRESENTATION_CONTEXT('2D SPACE',''
  ) );
#4085 = ORIENTED_EDGE('',*,*,#4086,.T.);
#4086 = EDGE_CURVE('',#4059,#4087,#4089,.T.);
#4087 = VERTEX_POINT('',#4088);
#4088 = CARTESIAN_POINT('',(125.35092,265.61033937142,-405.4815351995));
#4089 = SURFACE_CURVE('',#4090,(#4094,#4101),.PCURVE_S1.);
#4090 = LINE('',#4091,#4092);
#4091 = CARTESIAN_POINT('',(168.336333,265.61033937142,-405.4815351995)
  );
#4092 = VECTOR('',#4093,1.);
#4093 = DIRECTION('',(-1.,-0.,-0.));
#4094 = PCURVE('',#2957,#4095);
#4095 = DEFINITIONAL_REPRESENTATION('',(#4096),#4100);
#4096 = LINE('',#4097,#4098);
#4097 = CARTESIAN_POINT('',(-5.120324068614,-68.336333));
#4098 = VECTOR('',#4099,1.);
#4099 = DIRECTION('',(-0.,1.));
#4100 = ( GEOMETRIC_REPRESENTATION_CONTEXT(2) 
PARAMETRIC_REPRESENTATION_CONTEXT() REPRESENTATION_CONTEXT('2D SPACE',''
  ) );
#4101 = PCURVE('',#4102,#4107);
#4102 = CYLINDRICAL_SURFACE('',#4103,5.);
#4103 = AXIS2_PLACEMENT_3D('',#4104,#4105,#4106);
#4104 = CARTESIAN_POINT('',(168.336333,267.59391290113,-410.071245));
#4105 = DIRECTION('',(-1.,-0.,-0.));
#4106 = DIRECTION('',(0.,-0.396714705941,0.917941960088));
#4107 = DEFINITIONAL_REPRESENTATION('',(#4108),#4112);
#4108 = LINE('',#4109,#4110);
#4109 = CARTESIAN_POINT('',(0.,0.));
#4110 = VECTOR('',#4111,1.);
#4111 = DIRECTION('',(0.,1.));
#4112 = ( GEOMETRIC_REPRESENTATION_CONTEXT(2) 
PARAMETRIC_REPRESENTATION_CONTEXT() REPRESENTATION_CONTEXT('2D SPACE',''
  ) );
#4113 = ORIENTED_EDGE('',*,*,#4114,.F.);
#4114 = EDGE_CURVE('',#4115,#4087,#4117,.T.);
#4115 = VERTEX_POINT('',#4116);
#4116 = CARTESIAN_POINT('',(125.35092,266.47765105188,-405.071245));
#4117 = SURFACE_CURVE('',#4118,(#4123,#4130),.PCURVE_S1.);
#4118 = CIRCLE('',#4119,14.142);
#4119 = AXIS2_PLACEMENT_3D('',#4120,#4121,#4122);
#4120 = CARTESIAN_POINT('',(125.35092,260.,-392.5));
#4121 = DIRECTION('',(-1.,-0.,-0.));
#4122 = DIRECTION('',(0.,0.,-1.));
#4123 = PCURVE('',#2957,#4124);
#4124 = DEFINITIONAL_REPRESENTATION('',(#4125),#4129);
#4125 = LINE('',#4126,#4127);
#4126 = CARTESIAN_POINT('',(-10.99557428756,-25.35092));
#4127 = VECTOR('',#4128,1.);
#4128 = DIRECTION('',(1.,-0.));
#4129 = ( GEOMETRIC_REPRESENTATION_CONTEXT(2) 
PARAMETRIC_REPRESENTATION_CONTEXT() REPRESENTATION_CONTEXT('2D SPACE',''
  ) );
#4130 = PCURVE('',#4131,#4136);
#4131 = PLANE('',#4132);
#4132 = AXIS2_PLACEMENT_3D('',#4133,#4134,#4135);
#4133 = CARTESIAN_POINT('',(125.35092,230.,-405.071245));
#4134 = DIRECTION('',(1.,0.,0.));
#4135 = DIRECTION('',(0.,0.,1.));
#4136 = DEFINITIONAL_REPRESENTATION('',(#4137),#4145);
#4137 = ( BOUNDED_CURVE() B_SPLINE_CURVE(2,(#4138,#4139,#4140,#4141,
#4142,#4143,#4144),.UNSPECIFIED.,.T.,.F.) B_SPLINE_CURVE_WITH_KNOTS((1,2
    ,2,2,2,1),(-2.094395102393,0.,2.094395102393,4.188790204786,
6.28318530718,8.377580409573),.UNSPECIFIED.) CURVE() 
GEOMETRIC_REPRESENTATION_ITEM() RATIONAL_B_SPLINE_CURVE((1.,0.5,1.,0.5,
1.,0.5,1.)) REPRESENTATION_ITEM('') );
#4138 = CARTESIAN_POINT('',(-1.570755,-30.));
#4139 = CARTESIAN_POINT('',(-1.570755,-5.505337479361));
#4140 = CARTESIAN_POINT('',(19.642245,-17.75266873968));
#4141 = CARTESIAN_POINT('',(40.855245,-30.));
#4142 = CARTESIAN_POINT('',(19.642245,-42.24733126032));
#4143 = CARTESIAN_POINT('',(-1.570755,-54.49466252063));
#4144 = CARTESIAN_POINT('',(-1.570755,-30.));
#4145 = ( GEOMETRIC_REPRESENTATION_CONTEXT(2) 
PARAMETRIC_REPRESENTATION_CONTEXT() REPRESENTATION_CONTEXT('2D SPACE',''
  ) );
#4146 = ORIENTED_EDGE('',*,*,#4147,.F.);
#4147 = EDGE_CURVE('',#4148,#4115,#4150,.T.);
#4148 = VERTEX_POINT('',#4149);
#4149 = CARTESIAN_POINT('',(125.35092,274.142,-392.5));
#4150 = SURFACE_CURVE('',#4151,(#4156,#4163),.PCURVE_S1.);
#4151 = CIRCLE('',#4152,14.142);
#4152 = AXIS2_PLACEMENT_3D('',#4153,#4154,#4155);
#4153 = CARTESIAN_POINT('',(125.35092,260.,-392.5));
#4154 = DIRECTION('',(-1.,0.,0.));
#4155 = DIRECTION('',(0.,1.,0.));
#4156 = PCURVE('',#2957,#4157);
#4157 = DEFINITIONAL_REPRESENTATION('',(#4158),#4162);
#4158 = LINE('',#4159,#4160);
#4159 = CARTESIAN_POINT('',(-6.28318530718,-25.35092));
#4160 = VECTOR('',#4161,1.);
#4161 = DIRECTION('',(1.,-0.));
#4162 = ( GEOMETRIC_REPRESENTATION_CONTEXT(2) 
PARAMETRIC_REPRESENTATION_CONTEXT() REPRESENTATION_CONTEXT('2D SPACE',''
  ) );
#4163 = PCURVE('',#4131,#4164);
#4164 = DEFINITIONAL_REPRESENTATION('',(#4165),#4173);
#4165 = ( BOUNDED_CURVE() B_SPLINE_CURVE(2,(#4166,#4167,#4168,#4169,
#4170,#4171,#4172),.UNSPECIFIED.,.T.,.F.) B_SPLINE_CURVE_WITH_KNOTS((1,2
    ,2,2,2,1),(-2.094395102393,0.,2.094395102393,4.188790204786,
6.28318530718,8.377580409573),.UNSPECIFIED.) CURVE() 
GEOMETRIC_REPRESENTATION_ITEM() RATIONAL_B_SPLINE_CURVE((1.,0.5,1.,0.5,
1.,0.5,1.)) REPRESENTATION_ITEM('') );
#4166 = CARTESIAN_POINT('',(12.571245,-44.142));
#4167 = CARTESIAN_POINT('',(-11.92341752063,-44.142));
#4168 = CARTESIAN_POINT('',(0.32391373968,-22.929));
#4169 = CARTESIAN_POINT('',(12.571245,-1.716));
#4170 = CARTESIAN_POINT('',(24.81857626032,-22.929));
#4171 = CARTESIAN_POINT('',(37.065907520639,-44.142));
#4172 = CARTESIAN_POINT('',(12.571245,-44.142));
#4173 = ( GEOMETRIC_REPRESENTATION_CONTEXT(2) 
PARAMETRIC_REPRESENTATION_CONTEXT() REPRESENTATION_CONTEXT('2D SPACE',''
  ) );
#4174 = ORIENTED_EDGE('',*,*,#4175,.F.);
#4175 = EDGE_CURVE('',#4176,#4148,#4178,.T.);
#4176 = VERTEX_POINT('',#4177);
#4177 = CARTESIAN_POINT('',(100.,274.142,-392.5));
#4178 = SEAM_CURVE('',#4179,(#4183,#4190),.PCURVE_S1.);
#4179 = LINE('',#4180,#4181);
#4180 = CARTESIAN_POINT('',(100.,274.142,-392.5));
#4181 = VECTOR('',#4182,1.);
#4182 = DIRECTION('',(1.,0.,0.));
#4183 = PCURVE('',#2957,#4184);
#4184 = DEFINITIONAL_REPRESENTATION('',(#4185),#4189);
#4185 = LINE('',#4186,#4187);
#4186 = CARTESIAN_POINT('',(-6.28318530718,0.));
#4187 = VECTOR('',#4188,1.);
#4188 = DIRECTION('',(-0.,-1.));
#4189 = ( GEOMETRIC_REPRESENTATION_CONTEXT(2) 
PARAMETRIC_REPRESENTATION_CONTEXT() REPRESENTATION_CONTEXT('2D SPACE',''
  ) );
#4190 = PCURVE('',#2957,#4191);
#4191 = DEFINITIONAL_REPRESENTATION('',(#4192),#4196);
#4192 = LINE('',#4193,#4194);
#4193 = CARTESIAN_POINT('',(-0.,0.));
#4194 = VECTOR('',#4195,1.);
#4195 = DIRECTION('',(-0.,-1.));
#4196 = ( GEOMETRIC_REPRESENTATION_CONTEXT(2) 
PARAMETRIC_REPRESENTATION_CONTEXT() REPRESENTATION_CONTEXT('2D SPACE',''
  ) );
#4197 = ORIENTED_EDGE('',*,*,#4198,.F.);
#4198 = EDGE_CURVE('',#4176,#4176,#4199,.T.);
#4199 = SURFACE_CURVE('',#4200,(#4205,#4212),.PCURVE_S1.);
#4200 = CIRCLE('',#4201,14.142);
#4201 = AXIS2_PLACEMENT_3D('',#4202,#4203,#4204);
#4202 = CARTESIAN_POINT('',(100.,260.,-392.5));
#4203 = DIRECTION('',(1.,0.,0.));
#4204 = DIRECTION('',(0.,1.,0.));
#4205 = PCURVE('',#2957,#4206);
#4206 = DEFINITIONAL_REPRESENTATION('',(#4207),#4211);
#4207 = LINE('',#4208,#4209);
#4208 = CARTESIAN_POINT('',(-0.,0.));
#4209 = VECTOR('',#4210,1.);
#4210 = DIRECTION('',(-1.,0.));
#4211 = ( GEOMETRIC_REPRESENTATION_CONTEXT(2) 
PARAMETRIC_REPRESENTATION_CONTEXT() REPRESENTATION_CONTEXT('2D SPACE',''
  ) );
#4212 = PCURVE('',#4213,#4218);
#4213 = PLANE('',#4214);
#4214 = AXIS2_PLACEMENT_3D('',#4215,#4216,#4217);
#4215 = CARTESIAN_POINT('',(100.,260.,-392.5));
#4216 = DIRECTION('',(1.,0.,0.));
#4217 = DIRECTION('',(-0.,0.,1.));
#4218 = DEFINITIONAL_REPRESENTATION('',(#4219),#4223);
#4219 = CIRCLE('',#4220,14.142);
#4220 = AXIS2_PLACEMENT_2D('',#4221,#4222);
#4221 = CARTESIAN_POINT('',(0.,0.));
#4222 = DIRECTION('',(0.,-1.));
#4223 = ( GEOMETRIC_REPRESENTATION_CONTEXT(2) 
PARAMETRIC_REPRESENTATION_CONTEXT() REPRESENTATION_CONTEXT('2D SPACE',''
  ) );
#4224 = ORIENTED_EDGE('',*,*,#4175,.T.);
#4225 = ORIENTED_EDGE('',*,*,#4226,.F.);
#4226 = EDGE_CURVE('',#4227,#4148,#4229,.T.);
#4227 = VERTEX_POINT('',#4228);
#4228 = CARTESIAN_POINT('',(125.35092,264.58459492954,-379.121747));
#4229 = SURFACE_CURVE('',#4230,(#4235,#4242),.PCURVE_S1.);
#4230 = CIRCLE('',#4231,14.142);
#4231 = AXIS2_PLACEMENT_3D('',#4232,#4233,#4234);
#4232 = CARTESIAN_POINT('',(125.35092,260.,-392.5));
#4233 = DIRECTION('',(-1.,0.,0.));
#4234 = DIRECTION('',(0.,1.,0.));
#4235 = PCURVE('',#2957,#4236);
#4236 = DEFINITIONAL_REPRESENTATION('',(#4237),#4241);
#4237 = LINE('',#4238,#4239);
#4238 = CARTESIAN_POINT('',(-6.28318530718,-25.35092));
#4239 = VECTOR('',#4240,1.);
#4240 = DIRECTION('',(1.,-0.));
#4241 = ( GEOMETRIC_REPRESENTATION_CONTEXT(2) 
PARAMETRIC_REPRESENTATION_CONTEXT() REPRESENTATION_CONTEXT('2D SPACE',''
  ) );
#4242 = PCURVE('',#4131,#4243);
#4243 = DEFINITIONAL_REPRESENTATION('',(#4244),#4252);
#4244 = ( BOUNDED_CURVE() B_SPLINE_CURVE(2,(#4245,#4246,#4247,#4248,
#4249,#4250,#4251),.UNSPECIFIED.,.T.,.F.) B_SPLINE_CURVE_WITH_KNOTS((1,2
    ,2,2,2,1),(-2.094395102393,0.,2.094395102393,4.188790204786,
6.28318530718,8.377580409573),.UNSPECIFIED.) CURVE() 
GEOMETRIC_REPRESENTATION_ITEM() RATIONAL_B_SPLINE_CURVE((1.,0.5,1.,0.5,
1.,0.5,1.)) REPRESENTATION_ITEM('') );
#4245 = CARTESIAN_POINT('',(12.571245,-44.142));
#4246 = CARTESIAN_POINT('',(-11.92341752063,-44.142));
#4247 = CARTESIAN_POINT('',(0.32391373968,-22.929));
#4248 = CARTESIAN_POINT('',(12.571245,-1.716));
#4249 = CARTESIAN_POINT('',(24.81857626032,-22.929));
#4250 = CARTESIAN_POINT('',(37.065907520639,-44.142));
#4251 = CARTESIAN_POINT('',(12.571245,-44.142));
#4252 = ( GEOMETRIC_REPRESENTATION_CONTEXT(2) 
PARAMETRIC_REPRESENTATION_CONTEXT() REPRESENTATION_CONTEXT('2D SPACE',''
  ) );
#4253 = ORIENTED_EDGE('',*,*,#4254,.F.);
#4254 = EDGE_CURVE('',#3245,#4227,#4255,.T.);
#4255 = SURFACE_CURVE('',#4256,(#4266,#4280),.PCURVE_S1.);
#4256 = ( BOUNDED_CURVE() B_SPLINE_CURVE(8,(#4257,#4258,#4259,#4260,
    #4261,#4262,#4263,#4264,#4265),.UNSPECIFIED.,.F.,.F.) 
B_SPLINE_CURVE_WITH_KNOTS((9,9),(25.415405070457,34.584594929543),
.PIECEWISE_BEZIER_KNOTS.) CURVE() GEOMETRIC_REPRESENTATION_ITEM() 
RATIONAL_B_SPLINE_CURVE((1.,1.,1.,1.,1.,1.,1.,1.,1.)) 
REPRESENTATION_ITEM('') );
#4257 = CARTESIAN_POINT('',(125.35092,255.41540507045,-379.121747));
#4258 = CARTESIAN_POINT('',(125.35092,256.56155380284,-378.7289731701));
#4259 = CARTESIAN_POINT('',(125.35092,257.70770253522,-378.4615979532));
#4260 = CARTESIAN_POINT('',(125.35092,258.85385126761,-378.30490843));
#4261 = CARTESIAN_POINT('',(125.35092,260.,-378.2534530107));
#4262 = CARTESIAN_POINT('',(125.35092,261.14614873238,-378.30490843));
#4263 = CARTESIAN_POINT('',(125.35092,262.29229746477,-378.4615979532));
#4264 = CARTESIAN_POINT('',(125.35092,263.43844619715,-378.7289731701));
#4265 = CARTESIAN_POINT('',(125.35092,264.58459492954,-379.121747));
#4266 = PCURVE('',#2957,#4267);
#4267 = DEFINITIONAL_REPRESENTATION('',(#4268),#4279);
#4268 = B_SPLINE_CURVE_WITH_KNOTS('',9,(#4269,#4270,#4271,#4272,#4273,
    #4274,#4275,#4276,#4277,#4278),.UNSPECIFIED.,.F.,.F.,(10,10),(
    25.415405070457,34.584594929543),.PIECEWISE_BEZIER_KNOTS.);
#4269 = CARTESIAN_POINT('',(-1.900944206482,-25.35092));
#4270 = CARTESIAN_POINT('',(-1.824790849744,-25.35092));
#4271 = CARTESIAN_POINT('',(-1.750873236306,-25.35091999999));
#4272 = CARTESIAN_POINT('',(-1.678327915967,-25.35092));
#4273 = CARTESIAN_POINT('',(-1.606558531936,-25.35091999999));
#4274 = CARTESIAN_POINT('',(-1.535034121654,-25.35092));
#4275 = CARTESIAN_POINT('',(-1.463264737623,-25.35091999999));
#4276 = CARTESIAN_POINT('',(-1.390719417284,-25.35092));
#4277 = CARTESIAN_POINT('',(-1.316801803846,-25.35092));
#4278 = CARTESIAN_POINT('',(-1.240648447108,-25.35092));
#4279 = ( GEOMETRIC_REPRESENTATION_CONTEXT(2) 
PARAMETRIC_REPRESENTATION_CONTEXT() REPRESENTATION_CONTEXT('2D SPACE',''
  ) );
#4280 = PCURVE('',#3204,#4281);
#4281 = DEFINITIONAL_REPRESENTATION('',(#4282),#4286);
#4282 = LINE('',#4283,#4284);
#4283 = CARTESIAN_POINT('',(9.169189859086,0.));
#4284 = VECTOR('',#4285,1.);
#4285 = DIRECTION('',(0.,1.));
#4286 = ( GEOMETRIC_REPRESENTATION_CONTEXT(2) 
PARAMETRIC_REPRESENTATION_CONTEXT() REPRESENTATION_CONTEXT('2D SPACE',''
  ) );
#4287 = ORIENTED_EDGE('',*,*,#3394,.F.);
#4288 = ORIENTED_EDGE('',*,*,#4289,.F.);
#4289 = EDGE_CURVE('',#4290,#3395,#4292,.T.);
#4290 = VERTEX_POINT('',#4291);
#4291 = CARTESIAN_POINT('',(130.35092,254.38966062857,-405.4815351995));
#4292 = SURFACE_CURVE('',#4293,(#4321,#4352),.PCURVE_S1.);
#4293 = B_SPLINE_CURVE_WITH_KNOTS('',6,(#4294,#4295,#4296,#4297,#4298,
    #4299,#4300,#4301,#4302,#4303,#4304,#4305,#4306,#4307,#4308,#4309,
    #4310,#4311,#4312,#4313,#4314,#4315,#4316,#4317,#4318,#4319,#4320),
  .UNSPECIFIED.,.F.,.F.,(7,5,5,5,5,7),(0.,0.125,0.25,0.5,0.75,1.),
  .UNSPECIFIED.);
#4294 = CARTESIAN_POINT('',(130.35092,254.38966062857,-405.4815351995));
#4295 = CARTESIAN_POINT('',(130.12940590267,254.38966062857,
    -405.4815351995));
#4296 = CARTESIAN_POINT('',(129.90895700009,254.36530809188,
    -405.4710124581));
#4297 = CARTESIAN_POINT('',(129.69215296151,254.31797652344,
    -405.4505550962));
#4298 = CARTESIAN_POINT('',(129.48176053099,254.2510415964,
    -405.4212058545));
#4299 = CARTESIAN_POINT('',(129.27955525975,254.16831108518,
    -405.3840488631));
#4300 = CARTESIAN_POINT('',(128.89073121728,253.97659851181,
    -405.2955439594));
#4301 = CARTESIAN_POINT('',(128.70494384109,253.86796217908,
    -405.2443461802));
#4302 = CARTESIAN_POINT('',(128.52726099002,253.74932878829,
    -405.1869805055));
#4303 = CARTESIAN_POINT('',(128.35609860631,253.62141123117,
    -405.1231866113));
#4304 = CARTESIAN_POINT('',(128.19413322683,253.48846388035,
    -405.0547091528));
#4305 = CARTESIAN_POINT('',(127.72770388623,253.07269070189,
    -404.8331744531));
#4306 = CARTESIAN_POINT('',(127.44475072118,252.77454112585,
    -404.6648082576));
#4307 = CARTESIAN_POINT('',(127.1869017996,252.46536173585,
    -404.4779546078));
#4308 = CARTESIAN_POINT('',(126.95160476841,252.15038831254,
    -404.2735274493));
#4309 = CARTESIAN_POINT('',(126.73699775191,251.83258079688,
    -404.0519246603));
#4310 = CARTESIAN_POINT('',(126.34751564214,251.19751782914,
    -403.5756493005));
#4311 = CARTESIAN_POINT('',(126.17265383009,250.88032756939,
    -403.3210913408));
#4312 = CARTESIAN_POINT('',(126.01629322429,250.56531714223,
    -403.0497513982));
#4313 = CARTESIAN_POINT('',(125.87912219731,250.25699900513,
    -402.7644706865));
#4314 = CARTESIAN_POINT('',(125.75988052582,249.95439030952,
    -402.4633004815));
#4315 = CARTESIAN_POINT('',(125.55925169787,249.36675343837,
    -401.8335790616));
#4316 = CARTESIAN_POINT('',(125.47779655977,249.08164867742,
    -401.5049988538));
#4317 = CARTESIAN_POINT('',(125.41539978221,248.80646324579,
    -401.163115483));
#4318 = CARTESIAN_POINT('',(125.37277275486,248.54279318231,
    -400.8091408798));
#4319 = CARTESIAN_POINT('',(125.35092,248.2921430714,-400.4446661244));
#4320 = CARTESIAN_POINT('',(125.35092,248.05544420457,-400.071245));
#4321 = PCURVE('',#2957,#4322);
#4322 = DEFINITIONAL_REPRESENTATION('',(#4323),#4351);
#4323 = B_SPLINE_CURVE_WITH_KNOTS('',6,(#4324,#4325,#4326,#4327,#4328,
    #4329,#4330,#4331,#4332,#4333,#4334,#4335,#4336,#4337,#4338,#4339,
    #4340,#4341,#4342,#4343,#4344,#4345,#4346,#4347,#4348,#4349,#4350),
  .UNSPECIFIED.,.F.,.F.,(7,5,5,5,5,7),(0.,0.125,0.25,0.5,0.75,1.),
  .UNSPECIFIED.);
#4324 = CARTESIAN_POINT('',(-4.304453892155,-30.35092));
#4325 = CARTESIAN_POINT('',(-4.304453892155,-30.12940590267));
#4326 = CARTESIAN_POINT('',(-4.302571978928,-29.90901653909));
#4327 = CARTESIAN_POINT('',(-4.298942833647,-29.69200105245));
#4328 = CARTESIAN_POINT('',(-4.293760053979,-29.4819023416));
#4329 = CARTESIAN_POINT('',(-4.287348750194,-29.27950798637));
#4330 = CARTESIAN_POINT('',(-4.27242279524,-28.8907795722));
#4331 = CARTESIAN_POINT('',(-4.263925670386,-28.70482812207));
#4332 = CARTESIAN_POINT('',(-4.254611286401,-28.52736907998));
#4333 = CARTESIAN_POINT('',(-4.244505962309,-28.35606780847));
#4334 = CARTESIAN_POINT('',(-4.233930445804,-28.19412384232));
#4335 = CARTESIAN_POINT('',(-4.200619604986,-27.72772265535));
#4336 = CARTESIAN_POINT('',(-4.176412199765,-27.44473258297));
#4337 = CARTESIAN_POINT('',(-4.150885877264,-27.18689611882));
#4338 = CARTESIAN_POINT('',(-4.124357659776,-26.95162037849));
#4339 = CARTESIAN_POINT('',(-4.096974909686,-26.73699159842));
#4340 = CARTESIAN_POINT('',(-4.040844906325,-26.34752179589));
#4341 = CARTESIAN_POINT('',(-4.012098615832,-26.17264789525));
#4342 = CARTESIAN_POINT('',(-3.982731261878,-26.01629574805));
#4343 = CARTESIAN_POINT('',(-3.953054283357,-25.87911697727));
#4344 = CARTESIAN_POINT('',(-3.922886751605,-25.75988340778));
#4345 = CARTESIAN_POINT('',(-3.861981578921,-25.55925189613));
#4346 = CARTESIAN_POINT('',(-3.831240611083,-25.47778322054));
#4347 = CARTESIAN_POINT('',(-3.800239280234,-25.41539938164));
#4348 = CARTESIAN_POINT('',(-3.769061253009,-25.37278553663));
#4349 = CARTESIAN_POINT('',(-3.737804835198,-25.35092));
#4350 = CARTESIAN_POINT('',(-3.706541962734,-25.35092));
#4351 = ( GEOMETRIC_REPRESENTATION_CONTEXT(2) 
PARAMETRIC_REPRESENTATION_CONTEXT() REPRESENTATION_CONTEXT('2D SPACE',''
  ) );
#4352 = PCURVE('',#3564,#4353);
#4353 = DEFINITIONAL_REPRESENTATION('',(#4354),#4357);
#4354 = B_SPLINE_CURVE_WITH_KNOTS('',1,(#4355,#4356),.UNSPECIFIED.,.F.,
  .F.,(2,2),(0.,1.),.PIECEWISE_BEZIER_KNOTS.);
#4355 = CARTESIAN_POINT('',(0.,0.));
#4356 = CARTESIAN_POINT('',(0.,1.));
#4357 = ( GEOMETRIC_REPRESENTATION_CONTEXT(2) 
PARAMETRIC_REPRESENTATION_CONTEXT() REPRESENTATION_CONTEXT('2D SPACE',''
  ) );
#4358 = ORIENTED_EDGE('',*,*,#4359,.F.);
#4359 = EDGE_CURVE('',#4360,#4290,#4362,.T.);
#4360 = VERTEX_POINT('',#4361);
#4361 = CARTESIAN_POINT('',(163.336333,254.38966062857,-405.4815351995)
  );
#4362 = SURFACE_CURVE('',#4363,(#4367,#4374),.PCURVE_S1.);
#4363 = LINE('',#4364,#4365);
#4364 = CARTESIAN_POINT('',(168.336333,254.38966062857,-405.4815351995)
  );
#4365 = VECTOR('',#4366,1.);
#4366 = DIRECTION('',(-1.,-0.,-0.));
#4367 = PCURVE('',#2957,#4368);
#4368 = DEFINITIONAL_REPRESENTATION('',(#4369),#4373);
#4369 = LINE('',#4370,#4371);
#4370 = CARTESIAN_POINT('',(-4.304453892155,-68.336333));
#4371 = VECTOR('',#4372,1.);
#4372 = DIRECTION('',(-0.,1.));
#4373 = ( GEOMETRIC_REPRESENTATION_CONTEXT(2) 
PARAMETRIC_REPRESENTATION_CONTEXT() REPRESENTATION_CONTEXT('2D SPACE',''
  ) );
#4374 = PCURVE('',#3986,#4375);
#4375 = DEFINITIONAL_REPRESENTATION('',(#4376),#4380);
#4376 = LINE('',#4377,#4378);
#4377 = CARTESIAN_POINT('',(0.40793508823,0.));
#4378 = VECTOR('',#4379,1.);
#4379 = DIRECTION('',(0.,1.));
#4380 = ( GEOMETRIC_REPRESENTATION_CONTEXT(2) 
PARAMETRIC_REPRESENTATION_CONTEXT() REPRESENTATION_CONTEXT('2D SPACE',''
  ) );
#4381 = ORIENTED_EDGE('',*,*,#4382,.T.);
#4382 = EDGE_CURVE('',#4360,#3449,#4383,.T.);
#4383 = SURFACE_CURVE('',#4384,(#4412,#4443),.PCURVE_S1.);
#4384 = B_SPLINE_CURVE_WITH_KNOTS('',6,(#4385,#4386,#4387,#4388,#4389,
    #4390,#4391,#4392,#4393,#4394,#4395,#4396,#4397,#4398,#4399,#4400,
    #4401,#4402,#4403,#4404,#4405,#4406,#4407,#4408,#4409,#4410,#4411),
  .UNSPECIFIED.,.F.,.F.,(7,5,5,5,5,7),(0.,0.125,0.25,0.5,0.75,1.),
  .UNSPECIFIED.);
#4385 = CARTESIAN_POINT('',(163.336333,254.38966062857,-405.4815351995)
  );
#4386 = CARTESIAN_POINT('',(163.55784709732,254.38966062857,
    -405.4815351995));
#4387 = CARTESIAN_POINT('',(163.7782959999,254.36530809188,
    -405.4710124581));
#4388 = CARTESIAN_POINT('',(163.99510003848,254.31797652344,
    -405.4505550962));
#4389 = CARTESIAN_POINT('',(164.205492469,254.2510415964,-405.4212058545
    ));
#4390 = CARTESIAN_POINT('',(164.40769774024,254.16831108518,
    -405.3840488631));
#4391 = CARTESIAN_POINT('',(164.7965217827,253.97659851181,
    -405.2955439594));
#4392 = CARTESIAN_POINT('',(164.9823091589,253.86796217908,
    -405.2443461802));
#4393 = CARTESIAN_POINT('',(165.15999200997,253.74932878829,
    -405.1869805055));
#4394 = CARTESIAN_POINT('',(165.33115439367,253.62141123117,
    -405.1231866113));
#4395 = CARTESIAN_POINT('',(165.49311977316,253.48846388035,
    -405.0547091528));
#4396 = CARTESIAN_POINT('',(165.95954911376,253.07269070189,
    -404.8331744531));
#4397 = CARTESIAN_POINT('',(166.2425022788,252.77454112585,
    -404.6648082576));
#4398 = CARTESIAN_POINT('',(166.50035120039,252.46536173585,
    -404.4779546078));
#4399 = CARTESIAN_POINT('',(166.73564823158,252.15038831254,
    -404.2735274493));
#4400 = CARTESIAN_POINT('',(166.95025524808,251.83258079688,
    -404.0519246603));
#4401 = CARTESIAN_POINT('',(167.33973735785,251.19751782914,
    -403.5756493005));
#4402 = CARTESIAN_POINT('',(167.51459916989,250.88032756939,
    -403.3210913408));
#4403 = CARTESIAN_POINT('',(167.6709597757,250.56531714224,
    -403.0497513982));
#4404 = CARTESIAN_POINT('',(167.80813080268,250.25699900513,
    -402.7644706865));
#4405 = CARTESIAN_POINT('',(167.92737247417,249.95439030952,
    -402.4633004815));
#4406 = CARTESIAN_POINT('',(168.12800130212,249.36675343837,
    -401.8335790616));
#4407 = CARTESIAN_POINT('',(168.20945644022,249.08164867742,
    -401.5049988538));
#4408 = CARTESIAN_POINT('',(168.27185321778,248.80646324579,
    -401.163115483));
#4409 = CARTESIAN_POINT('',(168.31448024513,248.54279318231,
    -400.8091408798));
#4410 = CARTESIAN_POINT('',(168.336333,248.2921430714,-400.4446661244));
#4411 = CARTESIAN_POINT('',(168.336333,248.05544420457,-400.071245));
#4412 = PCURVE('',#2957,#4413);
#4413 = DEFINITIONAL_REPRESENTATION('',(#4414),#4442);
#4414 = B_SPLINE_CURVE_WITH_KNOTS('',6,(#4415,#4416,#4417,#4418,#4419,
    #4420,#4421,#4422,#4423,#4424,#4425,#4426,#4427,#4428,#4429,#4430,
    #4431,#4432,#4433,#4434,#4435,#4436,#4437,#4438,#4439,#4440,#4441),
  .UNSPECIFIED.,.F.,.F.,(7,5,5,5,5,7),(0.,0.125,0.25,0.5,0.75,1.),
  .UNSPECIFIED.);
#4415 = CARTESIAN_POINT('',(-4.304453892155,-63.336333));
#4416 = CARTESIAN_POINT('',(-4.304453892155,-63.55784709732));
#4417 = CARTESIAN_POINT('',(-4.302571978928,-63.7782364609));
#4418 = CARTESIAN_POINT('',(-4.298942833647,-63.99525194754));
#4419 = CARTESIAN_POINT('',(-4.293760053979,-64.20535065839));
#4420 = CARTESIAN_POINT('',(-4.287348750194,-64.40774501361));
#4421 = CARTESIAN_POINT('',(-4.27242279524,-64.79647342779));
#4422 = CARTESIAN_POINT('',(-4.263925670386,-64.98242487791));
#4423 = CARTESIAN_POINT('',(-4.254611286401,-65.15988392));
#4424 = CARTESIAN_POINT('',(-4.244505962309,-65.33118519152));
#4425 = CARTESIAN_POINT('',(-4.233930445804,-65.49312915767));
#4426 = CARTESIAN_POINT('',(-4.200619604986,-65.95953034464));
#4427 = CARTESIAN_POINT('',(-4.176412199765,-66.24252041702));
#4428 = CARTESIAN_POINT('',(-4.150885877264,-66.50035688117));
#4429 = CARTESIAN_POINT('',(-4.124357659776,-66.7356326215));
#4430 = CARTESIAN_POINT('',(-4.096974909686,-66.95026140157));
#4431 = CARTESIAN_POINT('',(-4.040844906325,-67.3397312041));
#4432 = CARTESIAN_POINT('',(-4.012098615832,-67.51460510474));
#4433 = CARTESIAN_POINT('',(-3.982731261879,-67.67095725194));
#4434 = CARTESIAN_POINT('',(-3.953054283357,-67.80813602272));
#4435 = CARTESIAN_POINT('',(-3.922886751605,-67.92736959221));
#4436 = CARTESIAN_POINT('',(-3.861981578921,-68.12800110386));
#4437 = CARTESIAN_POINT('',(-3.831240611083,-68.20946977945));
#4438 = CARTESIAN_POINT('',(-3.800239280234,-68.27185361835));
#4439 = CARTESIAN_POINT('',(-3.769061253009,-68.31446746336));
#4440 = CARTESIAN_POINT('',(-3.737804835198,-68.336333));
#4441 = CARTESIAN_POINT('',(-3.706541962734,-68.336333));
#4442 = ( GEOMETRIC_REPRESENTATION_CONTEXT(2) 
PARAMETRIC_REPRESENTATION_CONTEXT() REPRESENTATION_CONTEXT('2D SPACE',''
  ) );
#4443 = PCURVE('',#3798,#4444);
#4444 = DEFINITIONAL_REPRESENTATION('',(#4445),#4448);
#4445 = B_SPLINE_CURVE_WITH_KNOTS('',1,(#4446,#4447),.UNSPECIFIED.,.F.,
  .F.,(2,2),(0.,1.),.PIECEWISE_BEZIER_KNOTS.);
#4446 = CARTESIAN_POINT('',(0.,0.));
#4447 = CARTESIAN_POINT('',(0.,1.));
#4448 = ( GEOMETRIC_REPRESENTATION_CONTEXT(2) 
PARAMETRIC_REPRESENTATION_CONTEXT() REPRESENTATION_CONTEXT('2D SPACE',''
  ) );
#4449 = ORIENTED_EDGE('',*,*,#3448,.T.);
#4450 = ORIENTED_EDGE('',*,*,#4451,.T.);
#4451 = EDGE_CURVE('',#3321,#4452,#4454,.T.);
#4452 = VERTEX_POINT('',#4453);
#4453 = CARTESIAN_POINT('',(168.336333,264.58459492954,-379.121747));
#4454 = SURFACE_CURVE('',#4455,(#4465,#4479),.PCURVE_S1.);
#4455 = ( BOUNDED_CURVE() B_SPLINE_CURVE(8,(#4456,#4457,#4458,#4459,
    #4460,#4461,#4462,#4463,#4464),.UNSPECIFIED.,.F.,.F.) 
B_SPLINE_CURVE_WITH_KNOTS((9,9),(25.415405070457,34.584594929543),
.PIECEWISE_BEZIER_KNOTS.) CURVE() GEOMETRIC_REPRESENTATION_ITEM() 
RATIONAL_B_SPLINE_CURVE((1.,1.,1.,1.,1.,1.,1.,1.,1.)) 
REPRESENTATION_ITEM('') );
#4456 = CARTESIAN_POINT('',(168.336333,255.41540507045,-379.121747));
#4457 = CARTESIAN_POINT('',(168.336333,256.56155380284,-378.7289731701)
  );
#4458 = CARTESIAN_POINT('',(168.336333,257.70770253522,-378.4615979532)
  );
#4459 = CARTESIAN_POINT('',(168.336333,258.85385126761,-378.30490843));
#4460 = CARTESIAN_POINT('',(168.336333,260.,-378.2534530107));
#4461 = CARTESIAN_POINT('',(168.336333,261.14614873238,-378.30490843));
#4462 = CARTESIAN_POINT('',(168.336333,262.29229746477,-378.4615979532)
  );
#4463 = CARTESIAN_POINT('',(168.336333,263.43844619715,-378.7289731701)
  );
#4464 = CARTESIAN_POINT('',(168.336333,264.58459492954,-379.121747));
#4465 = PCURVE('',#2957,#4466);
#4466 = DEFINITIONAL_REPRESENTATION('',(#4467),#4478);
#4467 = B_SPLINE_CURVE_WITH_KNOTS('',9,(#4468,#4469,#4470,#4471,#4472,
    #4473,#4474,#4475,#4476,#4477),.UNSPECIFIED.,.F.,.F.,(10,10),(
    25.415405070457,34.584594929543),.PIECEWISE_BEZIER_KNOTS.);
#4468 = CARTESIAN_POINT('',(-1.900944206482,-68.336333));
#4469 = CARTESIAN_POINT('',(-1.824790849744,-68.336333));
#4470 = CARTESIAN_POINT('',(-1.750873236306,-68.33633299999));
#4471 = CARTESIAN_POINT('',(-1.678327915967,-68.336333));
#4472 = CARTESIAN_POINT('',(-1.606558531936,-68.33633299999));
#4473 = CARTESIAN_POINT('',(-1.535034121654,-68.336333));
#4474 = CARTESIAN_POINT('',(-1.463264737623,-68.33633299999));
#4475 = CARTESIAN_POINT('',(-1.390719417284,-68.336333));
#4476 = CARTESIAN_POINT('',(-1.316801803846,-68.336333));
#4477 = CARTESIAN_POINT('',(-1.240648447108,-68.336333));
#4478 = ( GEOMETRIC_REPRESENTATION_CONTEXT(2) 
PARAMETRIC_REPRESENTATION_CONTEXT() REPRESENTATION_CONTEXT('2D SPACE',''
  ) );
#4479 = PCURVE('',#3059,#4480);
#4480 = DEFINITIONAL_REPRESENTATION('',(#4481),#4485);
#4481 = LINE('',#4482,#4483);
#4482 = CARTESIAN_POINT('',(9.169189859086,0.));
#4483 = VECTOR('',#4484,1.);
#4484 = DIRECTION('',(0.,1.));
#4485 = ( GEOMETRIC_REPRESENTATION_CONTEXT(2) 
PARAMETRIC_REPRESENTATION_CONTEXT() REPRESENTATION_CONTEXT('2D SPACE',''
  ) );
#4486 = ORIENTED_EDGE('',*,*,#4487,.T.);
#4487 = EDGE_CURVE('',#4452,#4003,#4488,.T.);
#4488 = SURFACE_CURVE('',#4489,(#4494,#4501),.PCURVE_S1.);
#4489 = CIRCLE('',#4490,14.142);
#4490 = AXIS2_PLACEMENT_3D('',#4491,#4492,#4493);
#4491 = CARTESIAN_POINT('',(168.336333,260.,-392.5));
#4492 = DIRECTION('',(-1.,0.,0.));
#4493 = DIRECTION('',(0.,1.,0.));
#4494 = PCURVE('',#2957,#4495);
#4495 = DEFINITIONAL_REPRESENTATION('',(#4496),#4500);
#4496 = LINE('',#4497,#4498);
#4497 = CARTESIAN_POINT('',(-6.28318530718,-68.336333));
#4498 = VECTOR('',#4499,1.);
#4499 = DIRECTION('',(1.,-0.));
#4500 = ( GEOMETRIC_REPRESENTATION_CONTEXT(2) 
PARAMETRIC_REPRESENTATION_CONTEXT() REPRESENTATION_CONTEXT('2D SPACE',''
  ) );
#4501 = PCURVE('',#4042,#4502);
#4502 = DEFINITIONAL_REPRESENTATION('',(#4503),#4511);
#4503 = ( BOUNDED_CURVE() B_SPLINE_CURVE(2,(#4504,#4505,#4506,#4507,
#4508,#4509,#4510),.UNSPECIFIED.,.T.,.F.) B_SPLINE_CURVE_WITH_KNOTS((1,2
    ,2,2,2,1),(-2.094395102393,0.,2.094395102393,4.188790204786,
6.28318530718,8.377580409573),.UNSPECIFIED.) CURVE() 
GEOMETRIC_REPRESENTATION_ITEM() RATIONAL_B_SPLINE_CURVE((1.,0.5,1.,0.5,
1.,0.5,1.)) REPRESENTATION_ITEM('') );
#4504 = CARTESIAN_POINT('',(12.571245,-44.142));
#4505 = CARTESIAN_POINT('',(-11.92341752063,-44.142));
#4506 = CARTESIAN_POINT('',(0.32391373968,-22.929));
#4507 = CARTESIAN_POINT('',(12.571245,-1.716));
#4508 = CARTESIAN_POINT('',(24.81857626032,-22.929));
#4509 = CARTESIAN_POINT('',(37.065907520639,-44.142));
#4510 = CARTESIAN_POINT('',(12.571245,-44.142));
#4511 = ( GEOMETRIC_REPRESENTATION_CONTEXT(2) 
PARAMETRIC_REPRESENTATION_CONTEXT() REPRESENTATION_CONTEXT('2D SPACE',''
  ) );
#4512 = ORIENTED_EDGE('',*,*,#4002,.T.);
#4513 = ORIENTED_EDGE('',*,*,#2942,.T.);
#4514 = ADVANCED_FACE('',(#4515),#3204,.T.);
#4515 = FACE_BOUND('',#4516,.T.);
#4516 = EDGE_LOOP('',(#4517,#4518,#4519,#4548));
#4517 = ORIENTED_EDGE('',*,*,#3267,.T.);
#4518 = ORIENTED_EDGE('',*,*,#4254,.T.);
#4519 = ORIENTED_EDGE('',*,*,#4520,.F.);
#4520 = EDGE_CURVE('',#3151,#4227,#4521,.T.);
#4521 = SURFACE_CURVE('',#4522,(#4526,#4532),.PCURVE_S1.);
#4522 = ( BOUNDED_CURVE() B_SPLINE_CURVE(2,(#4523,#4524,#4525),
.UNSPECIFIED.,.F.,.F.) B_SPLINE_CURVE_WITH_KNOTS((3,3),(0.,
9.169189859086),.PIECEWISE_BEZIER_KNOTS.) CURVE() 
GEOMETRIC_REPRESENTATION_ITEM() RATIONAL_B_SPLINE_CURVE((1.,
0.707106781187,1.)) REPRESENTATION_ITEM('') );
#4523 = CARTESIAN_POINT('',(130.35092,264.58459492954,-374.121747));
#4524 = CARTESIAN_POINT('',(125.35092,264.58459492954,-374.121747));
#4525 = CARTESIAN_POINT('',(125.35092,264.58459492954,-379.121747));
#4526 = PCURVE('',#3204,#4527);
#4527 = DEFINITIONAL_REPRESENTATION('',(#4528),#4531);
#4528 = B_SPLINE_CURVE_WITH_KNOTS('',1,(#4529,#4530),.UNSPECIFIED.,.F.,
  .F.,(2,2),(0.,9.169189859086),.PIECEWISE_BEZIER_KNOTS.);
#4529 = CARTESIAN_POINT('',(0.,34.584594929543));
#4530 = CARTESIAN_POINT('',(9.169189859086,34.584594929543));
#4531 = ( GEOMETRIC_REPRESENTATION_CONTEXT(2) 
PARAMETRIC_REPRESENTATION_CONTEXT() REPRESENTATION_CONTEXT('2D SPACE',''
  ) );
#4532 = PCURVE('',#3166,#4533);
#4533 = DEFINITIONAL_REPRESENTATION('',(#4534),#4547);
#4534 = B_SPLINE_CURVE_WITH_KNOTS('',11,(#4535,#4536,#4537,#4538,#4539,
    #4540,#4541,#4542,#4543,#4544,#4545,#4546),.UNSPECIFIED.,.F.,.F.,(12
    ,12),(0.,9.169189859086),.PIECEWISE_BEZIER_KNOTS.);
#4535 = CARTESIAN_POINT('',(-1.110223024625E-16,34.584594929543));
#4536 = CARTESIAN_POINT('',(-0.128564869307,34.58459492954));
#4537 = CARTESIAN_POINT('',(-0.26466096709,34.584594929555));
#4538 = CARTESIAN_POINT('',(-0.407594409414,34.584594929516));
#4539 = CARTESIAN_POINT('',(-0.556155151891,34.584594929586));
#4540 = CARTESIAN_POINT('',(-0.708512882615,34.584594929491));
#4541 = CARTESIAN_POINT('',(-0.862283444182,34.584594929593));
#4542 = CARTESIAN_POINT('',(-1.014641174899,34.584594929506));
#4543 = CARTESIAN_POINT('',(-1.163201917383,34.584594929564));
#4544 = CARTESIAN_POINT('',(-1.306135359705,34.584594929535));
#4545 = CARTESIAN_POINT('',(-1.442231457488,34.584594929545));
#4546 = CARTESIAN_POINT('',(-1.570796326795,34.584594929543));
#4547 = ( GEOMETRIC_REPRESENTATION_CONTEXT(2) 
PARAMETRIC_REPRESENTATION_CONTEXT() REPRESENTATION_CONTEXT('2D SPACE',''
  ) );
#4548 = ORIENTED_EDGE('',*,*,#3178,.F.);
#4549 = ADVANCED_FACE('',(#4550),#3166,.F.);
#4550 = FACE_BOUND('',#4551,.T.);
#4551 = EDGE_LOOP('',(#4552,#4553,#4576,#4603));
#4552 = ORIENTED_EDGE('',*,*,#4520,.T.);
#4553 = ORIENTED_EDGE('',*,*,#4554,.T.);
#4554 = EDGE_CURVE('',#4227,#4555,#4557,.T.);
#4555 = VERTEX_POINT('',#4556);
#4556 = CARTESIAN_POINT('',(125.35092,275.,-379.121747));
#4557 = SURFACE_CURVE('',#4558,(#4562,#4569),.PCURVE_S1.);
#4558 = LINE('',#4559,#4560);
#4559 = CARTESIAN_POINT('',(125.35092,230.,-379.121747));
#4560 = VECTOR('',#4561,1.);
#4561 = DIRECTION('',(0.,1.,0.));
#4562 = PCURVE('',#3166,#4563);
#4563 = DEFINITIONAL_REPRESENTATION('',(#4564),#4568);
#4564 = LINE('',#4565,#4566);
#4565 = CARTESIAN_POINT('',(-1.570796326795,0.));
#4566 = VECTOR('',#4567,1.);
#4567 = DIRECTION('',(-0.,1.));
#4568 = ( GEOMETRIC_REPRESENTATION_CONTEXT(2) 
PARAMETRIC_REPRESENTATION_CONTEXT() REPRESENTATION_CONTEXT('2D SPACE',''
  ) );
#4569 = PCURVE('',#4131,#4570);
#4570 = DEFINITIONAL_REPRESENTATION('',(#4571),#4575);
#4571 = LINE('',#4572,#4573);
#4572 = CARTESIAN_POINT('',(25.949498,0.));
#4573 = VECTOR('',#4574,1.);
#4574 = DIRECTION('',(0.,-1.));
#4575 = ( GEOMETRIC_REPRESENTATION_CONTEXT(2) 
PARAMETRIC_REPRESENTATION_CONTEXT() REPRESENTATION_CONTEXT('2D SPACE',''
  ) );
#4576 = ORIENTED_EDGE('',*,*,#4577,.F.);
#4577 = EDGE_CURVE('',#3123,#4555,#4578,.T.);
#4578 = SURFACE_CURVE('',#4579,(#4584,#4591),.PCURVE_S1.);
#4579 = CIRCLE('',#4580,5.);
#4580 = AXIS2_PLACEMENT_3D('',#4581,#4582,#4583);
#4581 = CARTESIAN_POINT('',(130.35092,275.,-379.121747));
#4582 = DIRECTION('',(0.,-1.,0.));
#4583 = DIRECTION('',(0.,0.,1.));
#4584 = PCURVE('',#3166,#4585);
#4585 = DEFINITIONAL_REPRESENTATION('',(#4586),#4590);
#4586 = LINE('',#4587,#4588);
#4587 = CARTESIAN_POINT('',(-0.,45.));
#4588 = VECTOR('',#4589,1.);
#4589 = DIRECTION('',(-1.,0.));
#4590 = ( GEOMETRIC_REPRESENTATION_CONTEXT(2) 
PARAMETRIC_REPRESENTATION_CONTEXT() REPRESENTATION_CONTEXT('2D SPACE',''
  ) );
#4591 = PCURVE('',#4592,#4597);
#4592 = SPHERICAL_SURFACE('',#4593,5.);
#4593 = AXIS2_PLACEMENT_3D('',#4594,#4595,#4596);
#4594 = CARTESIAN_POINT('',(130.35092,275.,-379.121747));
#4595 = DIRECTION('',(-0.,-1.,-0.));
#4596 = DIRECTION('',(0.,0.,1.));
#4597 = DEFINITIONAL_REPRESENTATION('',(#4598),#4602);
#4598 = LINE('',#4599,#4600);
#4599 = CARTESIAN_POINT('',(0.,0.));
#4600 = VECTOR('',#4601,1.);
#4601 = DIRECTION('',(1.,0.));
#4602 = ( GEOMETRIC_REPRESENTATION_CONTEXT(2) 
PARAMETRIC_REPRESENTATION_CONTEXT() REPRESENTATION_CONTEXT('2D SPACE',''
  ) );
#4603 = ORIENTED_EDGE('',*,*,#3150,.F.);
#4604 = ADVANCED_FACE('',(#4605),#3059,.F.);
#4605 = FACE_BOUND('',#4606,.F.);
#4606 = EDGE_LOOP('',(#4607,#4608,#4609,#4638));
#4607 = ORIENTED_EDGE('',*,*,#3343,.T.);
#4608 = ORIENTED_EDGE('',*,*,#4451,.T.);
#4609 = ORIENTED_EDGE('',*,*,#4610,.F.);
#4610 = EDGE_CURVE('',#3032,#4452,#4611,.T.);
#4611 = SURFACE_CURVE('',#4612,(#4616,#4622),.PCURVE_S1.);
#4612 = ( BOUNDED_CURVE() B_SPLINE_CURVE(2,(#4613,#4614,#4615),
.UNSPECIFIED.,.F.,.F.) B_SPLINE_CURVE_WITH_KNOTS((3,3),(0.,
9.169189859086),.PIECEWISE_BEZIER_KNOTS.) CURVE() 
GEOMETRIC_REPRESENTATION_ITEM() RATIONAL_B_SPLINE_CURVE((1.,
0.707106781187,1.)) REPRESENTATION_ITEM('') );
#4613 = CARTESIAN_POINT('',(163.336333,264.58459492954,-374.121747));
#4614 = CARTESIAN_POINT('',(168.336333,264.58459492954,-374.121747));
#4615 = CARTESIAN_POINT('',(168.336333,264.58459492954,-379.121747));
#4616 = PCURVE('',#3059,#4617);
#4617 = DEFINITIONAL_REPRESENTATION('',(#4618),#4621);
#4618 = B_SPLINE_CURVE_WITH_KNOTS('',1,(#4619,#4620),.UNSPECIFIED.,.F.,
  .F.,(2,2),(0.,9.169189859086),.PIECEWISE_BEZIER_KNOTS.);
#4619 = CARTESIAN_POINT('',(0.,34.584594929543));
#4620 = CARTESIAN_POINT('',(9.169189859086,34.584594929543));
#4621 = ( GEOMETRIC_REPRESENTATION_CONTEXT(2) 
PARAMETRIC_REPRESENTATION_CONTEXT() REPRESENTATION_CONTEXT('2D SPACE',''
  ) );
#4622 = PCURVE('',#3110,#4623);
#4623 = DEFINITIONAL_REPRESENTATION('',(#4624),#4637);
#4624 = B_SPLINE_CURVE_WITH_KNOTS('',11,(#4625,#4626,#4627,#4628,#4629,
    #4630,#4631,#4632,#4633,#4634,#4635,#4636),.UNSPECIFIED.,.F.,.F.,(12
    ,12),(0.,9.169189859086),.PIECEWISE_BEZIER_KNOTS.);
#4625 = CARTESIAN_POINT('',(-3.330669073875E-16,34.584594929543));
#4626 = CARTESIAN_POINT('',(0.128564869307,34.58459492954));
#4627 = CARTESIAN_POINT('',(0.26466096709,34.584594929555));
#4628 = CARTESIAN_POINT('',(0.407594409414,34.584594929516));
#4629 = CARTESIAN_POINT('',(0.556155151891,34.584594929586));
#4630 = CARTESIAN_POINT('',(0.708512882616,34.584594929491));
#4631 = CARTESIAN_POINT('',(0.862283444181,34.584594929593));
#4632 = CARTESIAN_POINT('',(1.014641174901,34.584594929506));
#4633 = CARTESIAN_POINT('',(1.163201917383,34.584594929564));
#4634 = CARTESIAN_POINT('',(1.306135359705,34.584594929535));
#4635 = CARTESIAN_POINT('',(1.442231457488,34.584594929545));
#4636 = CARTESIAN_POINT('',(1.570796326795,34.584594929543));
#4637 = ( GEOMETRIC_REPRESENTATION_CONTEXT(2) 
PARAMETRIC_REPRESENTATION_CONTEXT() REPRESENTATION_CONTEXT('2D SPACE',''
  ) );
#4638 = ORIENTED_EDGE('',*,*,#3031,.F.);
#4639 = ADVANCED_FACE('',(#4640),#3138,.F.);
#4640 = FACE_BOUND('',#4641,.T.);
#4641 = EDGE_LOOP('',(#4642,#4664,#4692,#4717));
#4642 = ORIENTED_EDGE('',*,*,#4643,.F.);
#4643 = EDGE_CURVE('',#4644,#3123,#4646,.T.);
#4644 = VERTEX_POINT('',#4645);
#4645 = CARTESIAN_POINT('',(130.35092,280.,-379.121747));
#4646 = SURFACE_CURVE('',#4647,(#4652,#4658),.PCURVE_S1.);
#4647 = CIRCLE('',#4648,5.);
#4648 = AXIS2_PLACEMENT_3D('',#4649,#4650,#4651);
#4649 = CARTESIAN_POINT('',(130.35092,275.,-379.121747));
#4650 = DIRECTION('',(1.,0.,-0.));
#4651 = DIRECTION('',(0.,0.,1.));
#4652 = PCURVE('',#3138,#4653);
#4653 = DEFINITIONAL_REPRESENTATION('',(#4654),#4657);
#4654 = B_SPLINE_CURVE_WITH_KNOTS('',1,(#4655,#4656),.UNSPECIFIED.,.F.,
  .F.,(2,2),(4.712388980385,6.28318530718),.PIECEWISE_BEZIER_KNOTS.);
#4655 = CARTESIAN_POINT('',(-1.570796326795,5.));
#4656 = CARTESIAN_POINT('',(0.,5.));
#4657 = ( GEOMETRIC_REPRESENTATION_CONTEXT(2) 
PARAMETRIC_REPRESENTATION_CONTEXT() REPRESENTATION_CONTEXT('2D SPACE',''
  ) );
#4658 = PCURVE('',#4592,#4659);
#4659 = DEFINITIONAL_REPRESENTATION('',(#4660),#4663);
#4660 = B_SPLINE_CURVE_WITH_KNOTS('',1,(#4661,#4662),.UNSPECIFIED.,.F.,
  .F.,(2,2),(4.712388980385,6.28318530718),.PIECEWISE_BEZIER_KNOTS.);
#4661 = CARTESIAN_POINT('',(0.,-1.570796326795));
#4662 = CARTESIAN_POINT('',(0.,0.));
#4663 = ( GEOMETRIC_REPRESENTATION_CONTEXT(2) 
PARAMETRIC_REPRESENTATION_CONTEXT() REPRESENTATION_CONTEXT('2D SPACE',''
  ) );
#4664 = ORIENTED_EDGE('',*,*,#4665,.T.);
#4665 = EDGE_CURVE('',#4644,#4666,#4668,.T.);
#4666 = VERTEX_POINT('',#4667);
#4667 = CARTESIAN_POINT('',(163.336333,280.,-379.121747));
#4668 = SURFACE_CURVE('',#4669,(#4673,#4680),.PCURVE_S1.);
#4669 = LINE('',#4670,#4671);
#4670 = CARTESIAN_POINT('',(125.35092,280.,-379.121747));
#4671 = VECTOR('',#4672,1.);
#4672 = DIRECTION('',(1.,0.,0.));
#4673 = PCURVE('',#3138,#4674);
#4674 = DEFINITIONAL_REPRESENTATION('',(#4675),#4679);
#4675 = LINE('',#4676,#4677);
#4676 = CARTESIAN_POINT('',(-1.570796326795,0.));
#4677 = VECTOR('',#4678,1.);
#4678 = DIRECTION('',(-0.,1.));
#4679 = ( GEOMETRIC_REPRESENTATION_CONTEXT(2) 
PARAMETRIC_REPRESENTATION_CONTEXT() REPRESENTATION_CONTEXT('2D SPACE',''
  ) );
#4680 = PCURVE('',#4681,#4686);
#4681 = PLANE('',#4682);
#4682 = AXIS2_PLACEMENT_3D('',#4683,#4684,#4685);
#4683 = CARTESIAN_POINT('',(125.35092,280.,-405.071245));
#4684 = DIRECTION('',(0.,1.,0.));
#4685 = DIRECTION('',(0.,0.,1.));
#4686 = DEFINITIONAL_REPRESENTATION('',(#4687),#4691);
#4687 = LINE('',#4688,#4689);
#4688 = CARTESIAN_POINT('',(25.949498,0.));
#4689 = VECTOR('',#4690,1.);
#4690 = DIRECTION('',(0.,1.));
#4691 = ( GEOMETRIC_REPRESENTATION_CONTEXT(2) 
PARAMETRIC_REPRESENTATION_CONTEXT() REPRESENTATION_CONTEXT('2D SPACE',''
  ) );
#4692 = ORIENTED_EDGE('',*,*,#4693,.T.);
#4693 = EDGE_CURVE('',#4666,#3095,#4694,.T.);
#4694 = SURFACE_CURVE('',#4695,(#4700,#4706),.PCURVE_S1.);
#4695 = CIRCLE('',#4696,5.);
#4696 = AXIS2_PLACEMENT_3D('',#4697,#4698,#4699);
#4697 = CARTESIAN_POINT('',(163.336333,275.,-379.121747));
#4698 = DIRECTION('',(1.,0.,-0.));
#4699 = DIRECTION('',(0.,0.,1.));
#4700 = PCURVE('',#3138,#4701);
#4701 = DEFINITIONAL_REPRESENTATION('',(#4702),#4705);
#4702 = B_SPLINE_CURVE_WITH_KNOTS('',1,(#4703,#4704),.UNSPECIFIED.,.F.,
  .F.,(2,2),(4.712388980385,6.28318530718),.PIECEWISE_BEZIER_KNOTS.);
#4703 = CARTESIAN_POINT('',(-1.570796326795,37.985413));
#4704 = CARTESIAN_POINT('',(0.,37.985413));
#4705 = ( GEOMETRIC_REPRESENTATION_CONTEXT(2) 
PARAMETRIC_REPRESENTATION_CONTEXT() REPRESENTATION_CONTEXT('2D SPACE',''
  ) );
#4706 = PCURVE('',#4707,#4712);
#4707 = SPHERICAL_SURFACE('',#4708,5.);
#4708 = AXIS2_PLACEMENT_3D('',#4709,#4710,#4711);
#4709 = CARTESIAN_POINT('',(163.336333,275.,-379.121747));
#4710 = DIRECTION('',(-0.,-1.,-0.));
#4711 = DIRECTION('',(0.,0.,1.));
#4712 = DEFINITIONAL_REPRESENTATION('',(#4713),#4716);
#4713 = B_SPLINE_CURVE_WITH_KNOTS('',1,(#4714,#4715),.UNSPECIFIED.,.F.,
  .F.,(2,2),(4.712388980385,6.28318530718),.PIECEWISE_BEZIER_KNOTS.);
#4714 = CARTESIAN_POINT('',(0.,-1.570796326795));
#4715 = CARTESIAN_POINT('',(0.,0.));
#4716 = ( GEOMETRIC_REPRESENTATION_CONTEXT(2) 
PARAMETRIC_REPRESENTATION_CONTEXT() REPRESENTATION_CONTEXT('2D SPACE',''
  ) );
#4717 = ORIENTED_EDGE('',*,*,#3122,.F.);
#4718 = ADVANCED_FACE('',(#4719),#3110,.F.);
#4719 = FACE_BOUND('',#4720,.F.);
#4720 = EDGE_LOOP('',(#4721,#4722,#4745,#4767));
#4721 = ORIENTED_EDGE('',*,*,#4610,.T.);
#4722 = ORIENTED_EDGE('',*,*,#4723,.T.);
#4723 = EDGE_CURVE('',#4452,#4724,#4726,.T.);
#4724 = VERTEX_POINT('',#4725);
#4725 = CARTESIAN_POINT('',(168.336333,275.,-379.121747));
#4726 = SURFACE_CURVE('',#4727,(#4731,#4738),.PCURVE_S1.);
#4727 = LINE('',#4728,#4729);
#4728 = CARTESIAN_POINT('',(168.336333,230.,-379.121747));
#4729 = VECTOR('',#4730,1.);
#4730 = DIRECTION('',(0.,1.,0.));
#4731 = PCURVE('',#3110,#4732);
#4732 = DEFINITIONAL_REPRESENTATION('',(#4733),#4737);
#4733 = LINE('',#4734,#4735);
#4734 = CARTESIAN_POINT('',(1.570796326795,0.));
#4735 = VECTOR('',#4736,1.);
#4736 = DIRECTION('',(0.,1.));
#4737 = ( GEOMETRIC_REPRESENTATION_CONTEXT(2) 
PARAMETRIC_REPRESENTATION_CONTEXT() REPRESENTATION_CONTEXT('2D SPACE',''
  ) );
#4738 = PCURVE('',#4042,#4739);
#4739 = DEFINITIONAL_REPRESENTATION('',(#4740),#4744);
#4740 = LINE('',#4741,#4742);
#4741 = CARTESIAN_POINT('',(25.949498,0.));
#4742 = VECTOR('',#4743,1.);
#4743 = DIRECTION('',(0.,-1.));
#4744 = ( GEOMETRIC_REPRESENTATION_CONTEXT(2) 
PARAMETRIC_REPRESENTATION_CONTEXT() REPRESENTATION_CONTEXT('2D SPACE',''
  ) );
#4745 = ORIENTED_EDGE('',*,*,#4746,.F.);
#4746 = EDGE_CURVE('',#3095,#4724,#4747,.T.);
#4747 = SURFACE_CURVE('',#4748,(#4753,#4760),.PCURVE_S1.);
#4748 = CIRCLE('',#4749,5.);
#4749 = AXIS2_PLACEMENT_3D('',#4750,#4751,#4752);
#4750 = CARTESIAN_POINT('',(163.336333,275.,-379.121747));
#4751 = DIRECTION('',(0.,1.,0.));
#4752 = DIRECTION('',(0.,-0.,1.));
#4753 = PCURVE('',#3110,#4754);
#4754 = DEFINITIONAL_REPRESENTATION('',(#4755),#4759);
#4755 = LINE('',#4756,#4757);
#4756 = CARTESIAN_POINT('',(0.,45.));
#4757 = VECTOR('',#4758,1.);
#4758 = DIRECTION('',(1.,0.));
#4759 = ( GEOMETRIC_REPRESENTATION_CONTEXT(2) 
PARAMETRIC_REPRESENTATION_CONTEXT() REPRESENTATION_CONTEXT('2D SPACE',''
  ) );
#4760 = PCURVE('',#4707,#4761);
#4761 = DEFINITIONAL_REPRESENTATION('',(#4762),#4766);
#4762 = LINE('',#4763,#4764);
#4763 = CARTESIAN_POINT('',(-0.,0.));
#4764 = VECTOR('',#4765,1.);
#4765 = DIRECTION('',(-1.,0.));
#4766 = ( GEOMETRIC_REPRESENTATION_CONTEXT(2) 
PARAMETRIC_REPRESENTATION_CONTEXT() REPRESENTATION_CONTEXT('2D SPACE',''
  ) );
#4767 = ORIENTED_EDGE('',*,*,#3094,.F.);
#4768 = ADVANCED_FACE('',(#4769),#3564,.F.);
#4769 = FACE_BOUND('',#4770,.F.);
#4770 = EDGE_LOOP('',(#4771,#4772,#4795));
#4771 = ORIENTED_EDGE('',*,*,#4289,.F.);
#4772 = ORIENTED_EDGE('',*,*,#4773,.T.);
#4773 = EDGE_CURVE('',#4290,#3503,#4774,.T.);
#4774 = SURFACE_CURVE('',#4775,(#4782,#4789),.PCURVE_S1.);
#4775 = B_SPLINE_CURVE_WITH_KNOTS('',5,(#4776,#4777,#4778,#4779,#4780,
    #4781),.UNSPECIFIED.,.F.,.F.,(6,6),(0.,1.),
  .PIECEWISE_BEZIER_KNOTS.);
#4776 = CARTESIAN_POINT('',(130.35092,254.38966062857,-405.4815351995));
#4777 = CARTESIAN_POINT('',(130.35092,254.01519989409,-405.3197013509));
#4778 = CARTESIAN_POINT('',(130.35092,253.62423489781,-405.1960557136));
#4779 = CARTESIAN_POINT('',(130.35092,253.22195740478,-405.1128470448));
#4780 = CARTESIAN_POINT('',(130.35092,252.81402218709,-405.071245));
#4781 = CARTESIAN_POINT('',(130.35092,252.40608709886,-405.071245));
#4782 = PCURVE('',#3564,#4783);
#4783 = DEFINITIONAL_REPRESENTATION('',(#4784),#4788);
#4784 = LINE('',#4785,#4786);
#4785 = CARTESIAN_POINT('',(0.,0.));
#4786 = VECTOR('',#4787,1.);
#4787 = DIRECTION('',(1.,0.));
#4788 = ( GEOMETRIC_REPRESENTATION_CONTEXT(2) 
PARAMETRIC_REPRESENTATION_CONTEXT() REPRESENTATION_CONTEXT('2D SPACE',''
  ) );
#4789 = PCURVE('',#3986,#4790);
#4790 = DEFINITIONAL_REPRESENTATION('',(#4791),#4794);
#4791 = B_SPLINE_CURVE_WITH_KNOTS('',1,(#4792,#4793),.UNSPECIFIED.,.F.,
  .F.,(2,2),(0.,1.),.PIECEWISE_BEZIER_KNOTS.);
#4792 = CARTESIAN_POINT('',(0.40793508823,37.985413));
#4793 = CARTESIAN_POINT('',(0.,37.985413));
#4794 = ( GEOMETRIC_REPRESENTATION_CONTEXT(2) 
PARAMETRIC_REPRESENTATION_CONTEXT() REPRESENTATION_CONTEXT('2D SPACE',''
  ) );
#4795 = ORIENTED_EDGE('',*,*,#3527,.T.);
#4796 = ADVANCED_FACE('',(#4797),#3798,.T.);
#4797 = FACE_BOUND('',#4798,.T.);
#4798 = EDGE_LOOP('',(#4799,#4800,#4823));
#4799 = ORIENTED_EDGE('',*,*,#4382,.F.);
#4800 = ORIENTED_EDGE('',*,*,#4801,.T.);
#4801 = EDGE_CURVE('',#4360,#3739,#4802,.T.);
#4802 = SURFACE_CURVE('',#4803,(#4810,#4817),.PCURVE_S1.);
#4803 = B_SPLINE_CURVE_WITH_KNOTS('',5,(#4804,#4805,#4806,#4807,#4808,
    #4809),.UNSPECIFIED.,.F.,.F.,(6,6),(0.,1.),
  .PIECEWISE_BEZIER_KNOTS.);
#4804 = CARTESIAN_POINT('',(163.336333,254.38966062857,-405.4815351995)
  );
#4805 = CARTESIAN_POINT('',(163.336333,254.01519989409,-405.3197013509)
  );
#4806 = CARTESIAN_POINT('',(163.336333,253.62423489781,-405.1960557136)
  );
#4807 = CARTESIAN_POINT('',(163.336333,253.22195740478,-405.1128470448)
  );
#4808 = CARTESIAN_POINT('',(163.336333,252.81402218709,-405.071245));
#4809 = CARTESIAN_POINT('',(163.336333,252.40608709886,-405.071245));
#4810 = PCURVE('',#3798,#4811);
#4811 = DEFINITIONAL_REPRESENTATION('',(#4812),#4816);
#4812 = LINE('',#4813,#4814);
#4813 = CARTESIAN_POINT('',(0.,0.));
#4814 = VECTOR('',#4815,1.);
#4815 = DIRECTION('',(1.,0.));
#4816 = ( GEOMETRIC_REPRESENTATION_CONTEXT(2) 
PARAMETRIC_REPRESENTATION_CONTEXT() REPRESENTATION_CONTEXT('2D SPACE',''
  ) );
#4817 = PCURVE('',#3986,#4818);
#4818 = DEFINITIONAL_REPRESENTATION('',(#4819),#4822);
#4819 = B_SPLINE_CURVE_WITH_KNOTS('',1,(#4820,#4821),.UNSPECIFIED.,.F.,
  .F.,(2,2),(0.,1.),.PIECEWISE_BEZIER_KNOTS.);
#4820 = CARTESIAN_POINT('',(0.40793508823,5.));
#4821 = CARTESIAN_POINT('',(0.,5.));
#4822 = ( GEOMETRIC_REPRESENTATION_CONTEXT(2) 
PARAMETRIC_REPRESENTATION_CONTEXT() REPRESENTATION_CONTEXT('2D SPACE',''
  ) );
#4823 = ORIENTED_EDGE('',*,*,#3761,.T.);
#4824 = ADVANCED_FACE('',(#4825),#3986,.T.);
#4825 = FACE_BOUND('',#4826,.T.);
#4826 = EDGE_LOOP('',(#4827,#4828,#4829,#4830));
#4827 = ORIENTED_EDGE('',*,*,#3972,.F.);
#4828 = ORIENTED_EDGE('',*,*,#4801,.F.);
#4829 = ORIENTED_EDGE('',*,*,#4359,.T.);
#4830 = ORIENTED_EDGE('',*,*,#4773,.T.);
#4831 = ADVANCED_FACE('',(#4832),#4042,.F.);
#4832 = FACE_BOUND('',#4833,.F.);
#4833 = EDGE_LOOP('',(#4834,#4864,#4890,#4891,#4892,#4893,#4894));
#4834 = ORIENTED_EDGE('',*,*,#4835,.T.);
#4835 = EDGE_CURVE('',#4836,#4838,#4840,.T.);
#4836 = VERTEX_POINT('',#4837);
#4837 = CARTESIAN_POINT('',(168.336333,267.59391290113,-405.071245));
#4838 = VERTEX_POINT('',#4839);
#4839 = CARTESIAN_POINT('',(168.336333,275.,-405.071245));
#4840 = SURFACE_CURVE('',#4841,(#4845,#4852),.PCURVE_S1.);
#4841 = LINE('',#4842,#4843);
#4842 = CARTESIAN_POINT('',(168.336333,230.,-405.071245));
#4843 = VECTOR('',#4844,1.);
#4844 = DIRECTION('',(0.,1.,0.));
#4845 = PCURVE('',#4042,#4846);
#4846 = DEFINITIONAL_REPRESENTATION('',(#4847),#4851);
#4847 = LINE('',#4848,#4849);
#4848 = CARTESIAN_POINT('',(0.,0.));
#4849 = VECTOR('',#4850,1.);
#4850 = DIRECTION('',(0.,-1.));
#4851 = ( GEOMETRIC_REPRESENTATION_CONTEXT(2) 
PARAMETRIC_REPRESENTATION_CONTEXT() REPRESENTATION_CONTEXT('2D SPACE',''
  ) );
#4852 = PCURVE('',#4853,#4858);
#4853 = PLANE('',#4854);
#4854 = AXIS2_PLACEMENT_3D('',#4855,#4856,#4857);
#4855 = CARTESIAN_POINT('',(125.35092,230.,-405.071245));
#4856 = DIRECTION('',(0.,0.,1.));
#4857 = DIRECTION('',(1.,0.,0.));
#4858 = DEFINITIONAL_REPRESENTATION('',(#4859),#4863);
#4859 = LINE('',#4860,#4861);
#4860 = CARTESIAN_POINT('',(42.985413,0.));
#4861 = VECTOR('',#4862,1.);
#4862 = DIRECTION('',(0.,1.));
#4863 = ( GEOMETRIC_REPRESENTATION_CONTEXT(2) 
PARAMETRIC_REPRESENTATION_CONTEXT() REPRESENTATION_CONTEXT('2D SPACE',''
  ) );
#4864 = ORIENTED_EDGE('',*,*,#4865,.T.);
#4865 = EDGE_CURVE('',#4838,#4724,#4866,.T.);
#4866 = SURFACE_CURVE('',#4867,(#4871,#4878),.PCURVE_S1.);
#4867 = LINE('',#4868,#4869);
#4868 = CARTESIAN_POINT('',(168.336333,275.,-405.071245));
#4869 = VECTOR('',#4870,1.);
#4870 = DIRECTION('',(0.,0.,1.));
#4871 = PCURVE('',#4042,#4872);
#4872 = DEFINITIONAL_REPRESENTATION('',(#4873),#4877);
#4873 = LINE('',#4874,#4875);
#4874 = CARTESIAN_POINT('',(0.,-45.));
#4875 = VECTOR('',#4876,1.);
#4876 = DIRECTION('',(1.,0.));
#4877 = ( GEOMETRIC_REPRESENTATION_CONTEXT(2) 
PARAMETRIC_REPRESENTATION_CONTEXT() REPRESENTATION_CONTEXT('2D SPACE',''
  ) );
#4878 = PCURVE('',#4879,#4884);
#4879 = CYLINDRICAL_SURFACE('',#4880,5.);
#4880 = AXIS2_PLACEMENT_3D('',#4881,#4882,#4883);
#4881 = CARTESIAN_POINT('',(163.336333,275.,-405.071245));
#4882 = DIRECTION('',(0.,0.,1.));
#4883 = DIRECTION('',(1.,0.,-0.));
#4884 = DEFINITIONAL_REPRESENTATION('',(#4885),#4889);
#4885 = LINE('',#4886,#4887);
#4886 = CARTESIAN_POINT('',(0.,0.));
#4887 = VECTOR('',#4888,1.);
#4888 = DIRECTION('',(0.,1.));
#4889 = ( GEOMETRIC_REPRESENTATION_CONTEXT(2) 
PARAMETRIC_REPRESENTATION_CONTEXT() REPRESENTATION_CONTEXT('2D SPACE',''
  ) );
#4890 = ORIENTED_EDGE('',*,*,#4723,.F.);
#4891 = ORIENTED_EDGE('',*,*,#4487,.T.);
#4892 = ORIENTED_EDGE('',*,*,#4025,.T.);
#4893 = ORIENTED_EDGE('',*,*,#4058,.T.);
#4894 = ORIENTED_EDGE('',*,*,#4895,.T.);
#4895 = EDGE_CURVE('',#4059,#4836,#4896,.T.);
#4896 = SURFACE_CURVE('',#4897,(#4902,#4913),.PCURVE_S1.);
#4897 = CIRCLE('',#4898,5.);
#4898 = AXIS2_PLACEMENT_3D('',#4899,#4900,#4901);
#4899 = CARTESIAN_POINT('',(168.336333,267.59391290113,-410.071245));
#4900 = DIRECTION('',(-1.,-0.,-0.));
#4901 = DIRECTION('',(0.,0.,-1.));
#4902 = PCURVE('',#4042,#4903);
#4903 = DEFINITIONAL_REPRESENTATION('',(#4904),#4912);
#4904 = ( BOUNDED_CURVE() B_SPLINE_CURVE(2,(#4905,#4906,#4907,#4908,
#4909,#4910,#4911),.UNSPECIFIED.,.T.,.F.) B_SPLINE_CURVE_WITH_KNOTS((1,2
    ,2,2,2,1),(-2.094395102393,0.,2.094395102393,4.188790204786,
6.28318530718,8.377580409573),.UNSPECIFIED.) CURVE() 
GEOMETRIC_REPRESENTATION_ITEM() RATIONAL_B_SPLINE_CURVE((1.,0.5,1.,0.5,
1.,0.5,1.)) REPRESENTATION_ITEM('') );
#4905 = CARTESIAN_POINT('',(-10.,-37.59391290113));
#4906 = CARTESIAN_POINT('',(-10.,-28.93365886328));
#4907 = CARTESIAN_POINT('',(-2.5,-33.26378588221));
#4908 = CARTESIAN_POINT('',(5.,-37.59391290113));
#4909 = CARTESIAN_POINT('',(-2.5,-41.92403992005));
#4910 = CARTESIAN_POINT('',(-10.,-46.25416693897));
#4911 = CARTESIAN_POINT('',(-10.,-37.59391290113));
#4912 = ( GEOMETRIC_REPRESENTATION_CONTEXT(2) 
PARAMETRIC_REPRESENTATION_CONTEXT() REPRESENTATION_CONTEXT('2D SPACE',''
  ) );
#4913 = PCURVE('',#4102,#4914);
#4914 = DEFINITIONAL_REPRESENTATION('',(#4915),#4919);
#4915 = LINE('',#4916,#4917);
#4916 = CARTESIAN_POINT('',(-2.73365756536,0.));
#4917 = VECTOR('',#4918,1.);
#4918 = DIRECTION('',(1.,0.));
#4919 = ( GEOMETRIC_REPRESENTATION_CONTEXT(2) 
PARAMETRIC_REPRESENTATION_CONTEXT() REPRESENTATION_CONTEXT('2D SPACE',''
  ) );
#4920 = ADVANCED_FACE('',(#4921),#4102,.T.);
#4921 = FACE_BOUND('',#4922,.T.);
#4922 = EDGE_LOOP('',(#4923,#4924,#4947,#4973));
#4923 = ORIENTED_EDGE('',*,*,#4895,.T.);
#4924 = ORIENTED_EDGE('',*,*,#4925,.T.);
#4925 = EDGE_CURVE('',#4836,#4926,#4928,.T.);
#4926 = VERTEX_POINT('',#4927);
#4927 = CARTESIAN_POINT('',(125.35092,267.59391290113,-405.071245));
#4928 = SURFACE_CURVE('',#4929,(#4933,#4940),.PCURVE_S1.);
#4929 = LINE('',#4930,#4931);
#4930 = CARTESIAN_POINT('',(168.336333,267.59391290113,-405.071245));
#4931 = VECTOR('',#4932,1.);
#4932 = DIRECTION('',(-1.,-0.,-0.));
#4933 = PCURVE('',#4102,#4934);
#4934 = DEFINITIONAL_REPRESENTATION('',(#4935),#4939);
#4935 = LINE('',#4936,#4937);
#4936 = CARTESIAN_POINT('',(0.40793508823,0.));
#4937 = VECTOR('',#4938,1.);
#4938 = DIRECTION('',(0.,1.));
#4939 = ( GEOMETRIC_REPRESENTATION_CONTEXT(2) 
PARAMETRIC_REPRESENTATION_CONTEXT() REPRESENTATION_CONTEXT('2D SPACE',''
  ) );
#4940 = PCURVE('',#4853,#4941);
#4941 = DEFINITIONAL_REPRESENTATION('',(#4942),#4946);
#4942 = LINE('',#4943,#4944);
#4943 = CARTESIAN_POINT('',(42.985413,37.593912901132));
#4944 = VECTOR('',#4945,1.);
#4945 = DIRECTION('',(-1.,-0.));
#4946 = ( GEOMETRIC_REPRESENTATION_CONTEXT(2) 
PARAMETRIC_REPRESENTATION_CONTEXT() REPRESENTATION_CONTEXT('2D SPACE',''
  ) );
#4947 = ORIENTED_EDGE('',*,*,#4948,.F.);
#4948 = EDGE_CURVE('',#4087,#4926,#4949,.T.);
#4949 = SURFACE_CURVE('',#4950,(#4955,#4962),.PCURVE_S1.);
#4950 = CIRCLE('',#4951,5.);
#4951 = AXIS2_PLACEMENT_3D('',#4952,#4953,#4954);
#4952 = CARTESIAN_POINT('',(125.35092,267.59391290113,-410.071245));
#4953 = DIRECTION('',(-1.,-0.,-0.));
#4954 = DIRECTION('',(0.,0.,-1.));
#4955 = PCURVE('',#4102,#4956);
#4956 = DEFINITIONAL_REPRESENTATION('',(#4957),#4961);
#4957 = LINE('',#4958,#4959);
#4958 = CARTESIAN_POINT('',(-2.73365756536,42.985413));
#4959 = VECTOR('',#4960,1.);
#4960 = DIRECTION('',(1.,0.));
#4961 = ( GEOMETRIC_REPRESENTATION_CONTEXT(2) 
PARAMETRIC_REPRESENTATION_CONTEXT() REPRESENTATION_CONTEXT('2D SPACE',''
  ) );
#4962 = PCURVE('',#4131,#4963);
#4963 = DEFINITIONAL_REPRESENTATION('',(#4964),#4972);
#4964 = ( BOUNDED_CURVE() B_SPLINE_CURVE(2,(#4965,#4966,#4967,#4968,
#4969,#4970,#4971),.UNSPECIFIED.,.T.,.F.) B_SPLINE_CURVE_WITH_KNOTS((1,2
    ,2,2,2,1),(-2.094395102393,0.,2.094395102393,4.188790204786,
6.28318530718,8.377580409573),.UNSPECIFIED.) CURVE() 
GEOMETRIC_REPRESENTATION_ITEM() RATIONAL_B_SPLINE_CURVE((1.,0.5,1.,0.5,
1.,0.5,1.)) REPRESENTATION_ITEM('') );
#4965 = CARTESIAN_POINT('',(-10.,-37.59391290113));
#4966 = CARTESIAN_POINT('',(-10.,-28.93365886328));
#4967 = CARTESIAN_POINT('',(-2.5,-33.26378588221));
#4968 = CARTESIAN_POINT('',(5.,-37.59391290113));
#4969 = CARTESIAN_POINT('',(-2.5,-41.92403992005));
#4970 = CARTESIAN_POINT('',(-10.,-46.25416693897));
#4971 = CARTESIAN_POINT('',(-10.,-37.59391290113));
#4972 = ( GEOMETRIC_REPRESENTATION_CONTEXT(2) 
PARAMETRIC_REPRESENTATION_CONTEXT() REPRESENTATION_CONTEXT('2D SPACE',''
  ) );
#4973 = ORIENTED_EDGE('',*,*,#4086,.F.);
#4974 = ADVANCED_FACE('',(#4975),#4131,.T.);
#4975 = FACE_BOUND('',#4976,.T.);
#4976 = EDGE_LOOP('',(#4977,#5000,#5026,#5027,#5028,#5029,#5030));
#4977 = ORIENTED_EDGE('',*,*,#4978,.T.);
#4978 = EDGE_CURVE('',#4926,#4979,#4981,.T.);
#4979 = VERTEX_POINT('',#4980);
#4980 = CARTESIAN_POINT('',(125.35092,275.,-405.071245));
#4981 = SURFACE_CURVE('',#4982,(#4986,#4993),.PCURVE_S1.);
#4982 = LINE('',#4983,#4984);
#4983 = CARTESIAN_POINT('',(125.35092,230.,-405.071245));
#4984 = VECTOR('',#4985,1.);
#4985 = DIRECTION('',(0.,1.,0.));
#4986 = PCURVE('',#4131,#4987);
#4987 = DEFINITIONAL_REPRESENTATION('',(#4988),#4992);
#4988 = LINE('',#4989,#4990);
#4989 = CARTESIAN_POINT('',(0.,0.));
#4990 = VECTOR('',#4991,1.);
#4991 = DIRECTION('',(0.,-1.));
#4992 = ( GEOMETRIC_REPRESENTATION_CONTEXT(2) 
PARAMETRIC_REPRESENTATION_CONTEXT() REPRESENTATION_CONTEXT('2D SPACE',''
  ) );
#4993 = PCURVE('',#4853,#4994);
#4994 = DEFINITIONAL_REPRESENTATION('',(#4995),#4999);
#4995 = LINE('',#4996,#4997);
#4996 = CARTESIAN_POINT('',(0.,0.));
#4997 = VECTOR('',#4998,1.);
#4998 = DIRECTION('',(0.,1.));
#4999 = ( GEOMETRIC_REPRESENTATION_CONTEXT(2) 
PARAMETRIC_REPRESENTATION_CONTEXT() REPRESENTATION_CONTEXT('2D SPACE',''
  ) );
#5000 = ORIENTED_EDGE('',*,*,#5001,.T.);
#5001 = EDGE_CURVE('',#4979,#4555,#5002,.T.);
#5002 = SURFACE_CURVE('',#5003,(#5007,#5014),.PCURVE_S1.);
#5003 = LINE('',#5004,#5005);
#5004 = CARTESIAN_POINT('',(125.35092,275.,-405.071245));
#5005 = VECTOR('',#5006,1.);
#5006 = DIRECTION('',(0.,0.,1.));
#5007 = PCURVE('',#4131,#5008);
#5008 = DEFINITIONAL_REPRESENTATION('',(#5009),#5013);
#5009 = LINE('',#5010,#5011);
#5010 = CARTESIAN_POINT('',(0.,-45.));
#5011 = VECTOR('',#5012,1.);
#5012 = DIRECTION('',(1.,0.));
#5013 = ( GEOMETRIC_REPRESENTATION_CONTEXT(2) 
PARAMETRIC_REPRESENTATION_CONTEXT() REPRESENTATION_CONTEXT('2D SPACE',''
  ) );
#5014 = PCURVE('',#5015,#5020);
#5015 = CYLINDRICAL_SURFACE('',#5016,5.);
#5016 = AXIS2_PLACEMENT_3D('',#5017,#5018,#5019);
#5017 = CARTESIAN_POINT('',(130.35092,275.,-405.071245));
#5018 = DIRECTION('',(0.,0.,1.));
#5019 = DIRECTION('',(-1.,-0.,0.));
#5020 = DEFINITIONAL_REPRESENTATION('',(#5021),#5025);
#5021 = LINE('',#5022,#5023);
#5022 = CARTESIAN_POINT('',(-0.,0.));
#5023 = VECTOR('',#5024,1.);
#5024 = DIRECTION('',(-0.,1.));
#5025 = ( GEOMETRIC_REPRESENTATION_CONTEXT(2) 
PARAMETRIC_REPRESENTATION_CONTEXT() REPRESENTATION_CONTEXT('2D SPACE',''
  ) );
#5026 = ORIENTED_EDGE('',*,*,#4554,.F.);
#5027 = ORIENTED_EDGE('',*,*,#4226,.T.);
#5028 = ORIENTED_EDGE('',*,*,#4147,.T.);
#5029 = ORIENTED_EDGE('',*,*,#4114,.T.);
#5030 = ORIENTED_EDGE('',*,*,#4948,.T.);
#5031 = ADVANCED_FACE('',(#5032),#4213,.T.);
#5032 = FACE_BOUND('',#5033,.T.);
#5033 = EDGE_LOOP('',(#5034));
#5034 = ORIENTED_EDGE('',*,*,#4198,.T.);
#5035 = ADVANCED_FACE('',(#5036),#4592,.F.);
#5036 = FACE_BOUND('',#5037,.F.);
#5037 = EDGE_LOOP('',(#5038,#5039,#5059));
#5038 = ORIENTED_EDGE('',*,*,#4643,.F.);
#5039 = ORIENTED_EDGE('',*,*,#5040,.T.);
#5040 = EDGE_CURVE('',#4644,#4555,#5041,.T.);
#5041 = SURFACE_CURVE('',#5042,(#5047,#5053),.PCURVE_S1.);
#5042 = CIRCLE('',#5043,5.);
#5043 = AXIS2_PLACEMENT_3D('',#5044,#5045,#5046);
#5044 = CARTESIAN_POINT('',(130.35092,275.,-379.121747));
#5045 = DIRECTION('',(6.123233995737E-17,0.,1.));
#5046 = DIRECTION('',(-1.,0.,6.123233995737E-17));
#5047 = PCURVE('',#4592,#5048);
#5048 = DEFINITIONAL_REPRESENTATION('',(#5049),#5052);
#5049 = B_SPLINE_CURVE_WITH_KNOTS('',1,(#5050,#5051),.UNSPECIFIED.,.F.,
  .F.,(2,2),(4.712388980385,6.28318530718),.PIECEWISE_BEZIER_KNOTS.);
#5050 = CARTESIAN_POINT('',(1.570796326795,-1.570796326795));
#5051 = CARTESIAN_POINT('',(1.570796326795,0.));
#5052 = ( GEOMETRIC_REPRESENTATION_CONTEXT(2) 
PARAMETRIC_REPRESENTATION_CONTEXT() REPRESENTATION_CONTEXT('2D SPACE',''
  ) );
#5053 = PCURVE('',#5015,#5054);
#5054 = DEFINITIONAL_REPRESENTATION('',(#5055),#5058);
#5055 = B_SPLINE_CURVE_WITH_KNOTS('',1,(#5056,#5057),.UNSPECIFIED.,.F.,
  .F.,(2,2),(4.712388980385,6.28318530718),.PIECEWISE_BEZIER_KNOTS.);
#5056 = CARTESIAN_POINT('',(-1.570796326795,25.949498));
#5057 = CARTESIAN_POINT('',(0.,25.949498));
#5058 = ( GEOMETRIC_REPRESENTATION_CONTEXT(2) 
PARAMETRIC_REPRESENTATION_CONTEXT() REPRESENTATION_CONTEXT('2D SPACE',''
  ) );
#5059 = ORIENTED_EDGE('',*,*,#4577,.F.);
#5060 = ADVANCED_FACE('',(#5061),#4681,.F.);
#5061 = FACE_BOUND('',#5062,.F.);
#5062 = EDGE_LOOP('',(#5063,#5064,#5087,#5115));
#5063 = ORIENTED_EDGE('',*,*,#4665,.T.);
#5064 = ORIENTED_EDGE('',*,*,#5065,.F.);
#5065 = EDGE_CURVE('',#5066,#4666,#5068,.T.);
#5066 = VERTEX_POINT('',#5067);
#5067 = CARTESIAN_POINT('',(163.336333,280.,-400.071245));
#5068 = SURFACE_CURVE('',#5069,(#5073,#5080),.PCURVE_S1.);
#5069 = LINE('',#5070,#5071);
#5070 = CARTESIAN_POINT('',(163.336333,280.,-405.071245));
#5071 = VECTOR('',#5072,1.);
#5072 = DIRECTION('',(0.,0.,1.));
#5073 = PCURVE('',#4681,#5074);
#5074 = DEFINITIONAL_REPRESENTATION('',(#5075),#5079);
#5075 = LINE('',#5076,#5077);
#5076 = CARTESIAN_POINT('',(0.,37.985413));
#5077 = VECTOR('',#5078,1.);
#5078 = DIRECTION('',(1.,0.));
#5079 = ( GEOMETRIC_REPRESENTATION_CONTEXT(2) 
PARAMETRIC_REPRESENTATION_CONTEXT() REPRESENTATION_CONTEXT('2D SPACE',''
  ) );
#5080 = PCURVE('',#4879,#5081);
#5081 = DEFINITIONAL_REPRESENTATION('',(#5082),#5086);
#5082 = LINE('',#5083,#5084);
#5083 = CARTESIAN_POINT('',(1.570796326795,0.));
#5084 = VECTOR('',#5085,1.);
#5085 = DIRECTION('',(0.,1.));
#5086 = ( GEOMETRIC_REPRESENTATION_CONTEXT(2) 
PARAMETRIC_REPRESENTATION_CONTEXT() REPRESENTATION_CONTEXT('2D SPACE',''
  ) );
#5087 = ORIENTED_EDGE('',*,*,#5088,.F.);
#5088 = EDGE_CURVE('',#5089,#5066,#5091,.T.);
#5089 = VERTEX_POINT('',#5090);
#5090 = CARTESIAN_POINT('',(130.35092,280.,-400.071245));
#5091 = SURFACE_CURVE('',#5092,(#5096,#5103),.PCURVE_S1.);
#5092 = LINE('',#5093,#5094);
#5093 = CARTESIAN_POINT('',(125.35092,280.,-400.071245));
#5094 = VECTOR('',#5095,1.);
#5095 = DIRECTION('',(1.,0.,0.));
#5096 = PCURVE('',#4681,#5097);
#5097 = DEFINITIONAL_REPRESENTATION('',(#5098),#5102);
#5098 = LINE('',#5099,#5100);
#5099 = CARTESIAN_POINT('',(5.,0.));
#5100 = VECTOR('',#5101,1.);
#5101 = DIRECTION('',(0.,1.));
#5102 = ( GEOMETRIC_REPRESENTATION_CONTEXT(2) 
PARAMETRIC_REPRESENTATION_CONTEXT() REPRESENTATION_CONTEXT('2D SPACE',''
  ) );
#5103 = PCURVE('',#5104,#5109);
#5104 = CYLINDRICAL_SURFACE('',#5105,5.);
#5105 = AXIS2_PLACEMENT_3D('',#5106,#5107,#5108);
#5106 = CARTESIAN_POINT('',(125.35092,275.,-400.071245));
#5107 = DIRECTION('',(1.,0.,0.));
#5108 = DIRECTION('',(-0.,1.,0.));
#5109 = DEFINITIONAL_REPRESENTATION('',(#5110),#5114);
#5110 = LINE('',#5111,#5112);
#5111 = CARTESIAN_POINT('',(-0.,0.));
#5112 = VECTOR('',#5113,1.);
#5113 = DIRECTION('',(-0.,1.));
#5114 = ( GEOMETRIC_REPRESENTATION_CONTEXT(2) 
PARAMETRIC_REPRESENTATION_CONTEXT() REPRESENTATION_CONTEXT('2D SPACE',''
  ) );
#5115 = ORIENTED_EDGE('',*,*,#5116,.T.);
#5116 = EDGE_CURVE('',#5089,#4644,#5117,.T.);
#5117 = SURFACE_CURVE('',#5118,(#5122,#5129),.PCURVE_S1.);
#5118 = LINE('',#5119,#5120);
#5119 = CARTESIAN_POINT('',(130.35092,280.,-405.071245));
#5120 = VECTOR('',#5121,1.);
#5121 = DIRECTION('',(0.,0.,1.));
#5122 = PCURVE('',#4681,#5123);
#5123 = DEFINITIONAL_REPRESENTATION('',(#5124),#5128);
#5124 = LINE('',#5125,#5126);
#5125 = CARTESIAN_POINT('',(0.,5.));
#5126 = VECTOR('',#5127,1.);
#5127 = DIRECTION('',(1.,0.));
#5128 = ( GEOMETRIC_REPRESENTATION_CONTEXT(2) 
PARAMETRIC_REPRESENTATION_CONTEXT() REPRESENTATION_CONTEXT('2D SPACE',''
  ) );
#5129 = PCURVE('',#5015,#5130);
#5130 = DEFINITIONAL_REPRESENTATION('',(#5131),#5135);
#5131 = LINE('',#5132,#5133);
#5132 = CARTESIAN_POINT('',(-1.570796326795,0.));
#5133 = VECTOR('',#5134,1.);
#5134 = DIRECTION('',(-0.,1.));
#5135 = ( GEOMETRIC_REPRESENTATION_CONTEXT(2) 
PARAMETRIC_REPRESENTATION_CONTEXT() REPRESENTATION_CONTEXT('2D SPACE',''
  ) );
#5136 = ADVANCED_FACE('',(#5137),#4707,.F.);
#5137 = FACE_BOUND('',#5138,.T.);
#5138 = EDGE_LOOP('',(#5139,#5140,#5160));
#5139 = ORIENTED_EDGE('',*,*,#4693,.F.);
#5140 = ORIENTED_EDGE('',*,*,#5141,.T.);
#5141 = EDGE_CURVE('',#4666,#4724,#5142,.T.);
#5142 = SURFACE_CURVE('',#5143,(#5148,#5154),.PCURVE_S1.);
#5143 = CIRCLE('',#5144,5.);
#5144 = AXIS2_PLACEMENT_3D('',#5145,#5146,#5147);
#5145 = CARTESIAN_POINT('',(163.336333,275.,-379.121747));
#5146 = DIRECTION('',(6.123233995737E-17,0.,-1.));
#5147 = DIRECTION('',(1.,0.,6.123233995737E-17));
#5148 = PCURVE('',#4707,#5149);
#5149 = DEFINITIONAL_REPRESENTATION('',(#5150),#5153);
#5150 = B_SPLINE_CURVE_WITH_KNOTS('',1,(#5151,#5152),.UNSPECIFIED.,.F.,
  .F.,(2,2),(4.712388980385,6.28318530718),.PIECEWISE_BEZIER_KNOTS.);
#5151 = CARTESIAN_POINT('',(-1.570796326795,-1.570796326795));
#5152 = CARTESIAN_POINT('',(-1.570796326795,0.));
#5153 = ( GEOMETRIC_REPRESENTATION_CONTEXT(2) 
PARAMETRIC_REPRESENTATION_CONTEXT() REPRESENTATION_CONTEXT('2D SPACE',''
  ) );
#5154 = PCURVE('',#4879,#5155);
#5155 = DEFINITIONAL_REPRESENTATION('',(#5156),#5159);
#5156 = B_SPLINE_CURVE_WITH_KNOTS('',1,(#5157,#5158),.UNSPECIFIED.,.F.,
  .F.,(2,2),(4.712388980385,6.28318530718),.PIECEWISE_BEZIER_KNOTS.);
#5157 = CARTESIAN_POINT('',(1.570796326795,25.949498));
#5158 = CARTESIAN_POINT('',(0.,25.949498));
#5159 = ( GEOMETRIC_REPRESENTATION_CONTEXT(2) 
PARAMETRIC_REPRESENTATION_CONTEXT() REPRESENTATION_CONTEXT('2D SPACE',''
  ) );
#5160 = ORIENTED_EDGE('',*,*,#4746,.F.);
#5161 = ADVANCED_FACE('',(#5162),#4853,.T.);
#5162 = FACE_BOUND('',#5163,.T.);
#5163 = EDGE_LOOP('',(#5164,#5165,#5166,#5167));
#5164 = ORIENTED_EDGE('',*,*,#4978,.F.);
#5165 = ORIENTED_EDGE('',*,*,#4925,.F.);
#5166 = ORIENTED_EDGE('',*,*,#4835,.T.);
#5167 = ORIENTED_EDGE('',*,*,#5168,.F.);
#5168 = EDGE_CURVE('',#4979,#4838,#5169,.T.);
#5169 = SURFACE_CURVE('',#5170,(#5174,#5181),.PCURVE_S1.);
#5170 = LINE('',#5171,#5172);
#5171 = CARTESIAN_POINT('',(125.35092,275.,-405.071245));
#5172 = VECTOR('',#5173,1.);
#5173 = DIRECTION('',(1.,0.,0.));
#5174 = PCURVE('',#4853,#5175);
#5175 = DEFINITIONAL_REPRESENTATION('',(#5176),#5180);
#5176 = LINE('',#5177,#5178);
#5177 = CARTESIAN_POINT('',(0.,45.));
#5178 = VECTOR('',#5179,1.);
#5179 = DIRECTION('',(1.,0.));
#5180 = ( GEOMETRIC_REPRESENTATION_CONTEXT(2) 
PARAMETRIC_REPRESENTATION_CONTEXT() REPRESENTATION_CONTEXT('2D SPACE',''
  ) );
#5181 = PCURVE('',#5104,#5182);
#5182 = DEFINITIONAL_REPRESENTATION('',(#5183),#5187);
#5183 = LINE('',#5184,#5185);
#5184 = CARTESIAN_POINT('',(-1.570796326795,0.));
#5185 = VECTOR('',#5186,1.);
#5186 = DIRECTION('',(-0.,1.));
#5187 = ( GEOMETRIC_REPRESENTATION_CONTEXT(2) 
PARAMETRIC_REPRESENTATION_CONTEXT() REPRESENTATION_CONTEXT('2D SPACE',''
  ) );
#5188 = ADVANCED_FACE('',(#5189),#4879,.F.);
#5189 = FACE_BOUND('',#5190,.F.);
#5190 = EDGE_LOOP('',(#5191,#5225,#5226,#5227));
#5191 = ORIENTED_EDGE('',*,*,#5192,.F.);
#5192 = EDGE_CURVE('',#5066,#4838,#5193,.T.);
#5193 = SURFACE_CURVE('',#5194,(#5199,#5212),.PCURVE_S1.);
#5194 = ELLIPSE('',#5195,7.071067811865,5.);
#5195 = AXIS2_PLACEMENT_3D('',#5196,#5197,#5198);
#5196 = CARTESIAN_POINT('',(163.336333,275.,-400.071245));
#5197 = DIRECTION('',(-0.707106781187,-0.,-0.707106781187));
#5198 = DIRECTION('',(0.707106781187,0.,-0.707106781187));
#5199 = PCURVE('',#4879,#5200);
#5200 = DEFINITIONAL_REPRESENTATION('',(#5201),#5211);
#5201 = B_SPLINE_CURVE_WITH_KNOTS('',8,(#5202,#5203,#5204,#5205,#5206,
    #5207,#5208,#5209,#5210),.UNSPECIFIED.,.F.,.F.,(9,9),(4.712388980385
    ,6.28318530718),.PIECEWISE_BEZIER_KNOTS.);
#5202 = CARTESIAN_POINT('',(1.570796326795,5.));
#5203 = CARTESIAN_POINT('',(1.374446785946,4.018252295753));
#5204 = CARTESIAN_POINT('',(1.178097245096,3.036504358411));
#5205 = CARTESIAN_POINT('',(0.981747704246,2.112433693929));
#5206 = CARTESIAN_POINT('',(0.785398163393,1.303706247119));
#5207 = CARTESIAN_POINT('',(0.58904862255,0.660909768292));
#5208 = CARTESIAN_POINT('',(0.392699081698,0.220303879934));
#5209 = CARTESIAN_POINT('',(0.196349540849,0.));
#5210 = CARTESIAN_POINT('',(0.,0.));
#5211 = ( GEOMETRIC_REPRESENTATION_CONTEXT(2) 
PARAMETRIC_REPRESENTATION_CONTEXT() REPRESENTATION_CONTEXT('2D SPACE',''
  ) );
#5212 = PCURVE('',#5104,#5213);
#5213 = DEFINITIONAL_REPRESENTATION('',(#5214),#5224);
#5214 = B_SPLINE_CURVE_WITH_KNOTS('',8,(#5215,#5216,#5217,#5218,#5219,
    #5220,#5221,#5222,#5223),.UNSPECIFIED.,.F.,.F.,(9,9),(4.712388980385
    ,6.28318530718),.PIECEWISE_BEZIER_KNOTS.);
#5215 = CARTESIAN_POINT('',(0.,37.985413));
#5216 = CARTESIAN_POINT('',(-0.196349540849,38.967160704247));
#5217 = CARTESIAN_POINT('',(-0.392699081699,39.948908641607));
#5218 = CARTESIAN_POINT('',(-0.589048622543,40.872979306092));
#5219 = CARTESIAN_POINT('',(-0.785398163399,41.681706752861));
#5220 = CARTESIAN_POINT('',(-0.981747704243,42.324503231619));
#5221 = CARTESIAN_POINT('',(-1.178097245096,42.765109120046));
#5222 = CARTESIAN_POINT('',(-1.374446785946,42.985413));
#5223 = CARTESIAN_POINT('',(-1.570796326795,42.985413));
#5224 = ( GEOMETRIC_REPRESENTATION_CONTEXT(2) 
PARAMETRIC_REPRESENTATION_CONTEXT() REPRESENTATION_CONTEXT('2D SPACE',''
  ) );
#5225 = ORIENTED_EDGE('',*,*,#5065,.T.);
#5226 = ORIENTED_EDGE('',*,*,#5141,.T.);
#5227 = ORIENTED_EDGE('',*,*,#4865,.F.);
#5228 = ADVANCED_FACE('',(#5229),#5015,.F.);
#5229 = FACE_BOUND('',#5230,.T.);
#5230 = EDGE_LOOP('',(#5231,#5265,#5266,#5267));
#5231 = ORIENTED_EDGE('',*,*,#5232,.F.);
#5232 = EDGE_CURVE('',#5089,#4979,#5233,.T.);
#5233 = SURFACE_CURVE('',#5234,(#5239,#5252),.PCURVE_S1.);
#5234 = ELLIPSE('',#5235,7.071067811865,5.);
#5235 = AXIS2_PLACEMENT_3D('',#5236,#5237,#5238);
#5236 = CARTESIAN_POINT('',(130.35092,275.,-400.071245));
#5237 = DIRECTION('',(-0.707106781187,-0.,0.707106781187));
#5238 = DIRECTION('',(0.707106781187,0.,0.707106781187));
#5239 = PCURVE('',#5015,#5240);
#5240 = DEFINITIONAL_REPRESENTATION('',(#5241),#5251);
#5241 = B_SPLINE_CURVE_WITH_KNOTS('',8,(#5242,#5243,#5244,#5245,#5246,
    #5247,#5248,#5249,#5250),.UNSPECIFIED.,.F.,.F.,(9,9),(1.570796326795
    ,3.14159265359),.PIECEWISE_BEZIER_KNOTS.);
#5242 = CARTESIAN_POINT('',(-1.570796326795,5.));
#5243 = CARTESIAN_POINT('',(-1.374446785946,4.018252295753));
#5244 = CARTESIAN_POINT('',(-1.178097245096,3.036504358411));
#5245 = CARTESIAN_POINT('',(-0.981747704247,2.112433693929));
#5246 = CARTESIAN_POINT('',(-0.785398163395,1.303706247119));
#5247 = CARTESIAN_POINT('',(-0.589048622548,0.660909768292));
#5248 = CARTESIAN_POINT('',(-0.392699081699,0.220303879934));
#5249 = CARTESIAN_POINT('',(-0.196349540849,-1.202294183576E-16));
#5250 = CARTESIAN_POINT('',(0.,0.));
#5251 = ( GEOMETRIC_REPRESENTATION_CONTEXT(2) 
PARAMETRIC_REPRESENTATION_CONTEXT() REPRESENTATION_CONTEXT('2D SPACE',''
  ) );
#5252 = PCURVE('',#5104,#5253);
#5253 = DEFINITIONAL_REPRESENTATION('',(#5254),#5264);
#5254 = B_SPLINE_CURVE_WITH_KNOTS('',8,(#5255,#5256,#5257,#5258,#5259,
    #5260,#5261,#5262,#5263),.UNSPECIFIED.,.F.,.F.,(9,9),(1.570796326795
    ,3.14159265359),.PIECEWISE_BEZIER_KNOTS.);
#5255 = CARTESIAN_POINT('',(0.,5.));
#5256 = CARTESIAN_POINT('',(-0.196349540849,4.018252295753));
#5257 = CARTESIAN_POINT('',(-0.392699081698,3.036504358409));
#5258 = CARTESIAN_POINT('',(-0.589048622548,2.112433693947));
#5259 = CARTESIAN_POINT('',(-0.785398163393,1.303706247112));
#5260 = CARTESIAN_POINT('',(-0.981747704247,0.660909768305));
#5261 = CARTESIAN_POINT('',(-1.178097245095,0.220303879931));
#5262 = CARTESIAN_POINT('',(-1.374446785946,-1.202294183576E-16));
#5263 = CARTESIAN_POINT('',(-1.570796326795,0.));
#5264 = ( GEOMETRIC_REPRESENTATION_CONTEXT(2) 
PARAMETRIC_REPRESENTATION_CONTEXT() REPRESENTATION_CONTEXT('2D SPACE',''
  ) );
#5265 = ORIENTED_EDGE('',*,*,#5116,.T.);
#5266 = ORIENTED_EDGE('',*,*,#5040,.T.);
#5267 = ORIENTED_EDGE('',*,*,#5001,.F.);
#5268 = ADVANCED_FACE('',(#5269),#5104,.F.);
#5269 = FACE_BOUND('',#5270,.T.);
#5270 = EDGE_LOOP('',(#5271,#5272,#5273,#5274));
#5271 = ORIENTED_EDGE('',*,*,#5232,.T.);
#5272 = ORIENTED_EDGE('',*,*,#5168,.T.);
#5273 = ORIENTED_EDGE('',*,*,#5192,.F.);
#5274 = ORIENTED_EDGE('',*,*,#5088,.F.);
#5275 = ( GEOMETRIC_REPRESENTATION_CONTEXT(3) 
GLOBAL_UNCERTAINTY_ASSIGNED_CONTEXT((#5279)) 
GLOBAL_UNIT_ASSIGNED_CONTEXT((#5276,#5277,#5278)) REPRESENTATION_CONTEXT
('Context #1','3D Context with UNIT and UNCERTAINTY') );
#5276 = ( LENGTH_UNIT() NAMED_UNIT(*) SI_UNIT(.MILLI.,.METRE.) );
#5277 = ( NAMED_UNIT(*) PLANE_ANGLE_UNIT() SI_UNIT($,.RADIAN.) );
#5278 = ( NAMED_UNIT(*) SI_UNIT($,.STERADIAN.) SOLID_ANGLE_UNIT() );
#5279 = UNCERTAINTY_MEASURE_WITH_UNIT(LENGTH_MEASURE(1.E-05),#5276,
  'distance_accuracy_value','confusion accuracy');
#5280 = PRODUCT_RELATED_PRODUCT_CATEGORY('part',$,(#7));
ENDSEC;
END-ISO-10303-21;
