ISO-10303-21;
HEADER;
FILE_DESCRIPTION(('Open CASCADE Model'),'2;1');
FILE_NAME('Open CASCADE Shape Model','2026-08-18T04:58:03',('Author'),(
    'Open CASCADE'),'Open CASCADE STEP processor 7.9','Open CASCADE 7.9'
  ,'Unknown');
FILE_SCHEMA(('AUTOMOTIVE_DESIGN { 1 0 10303 214 1 1 1 1 }'));
ENDSEC;
DATA;
#1 = APPLICATION_PROTOCOL_DEFINITION('international standard',
  'automotive_design',2000,#2);
#2 = APPLICATION_CONTEXT(
  'core data for automotive mechanical design processes');
#3 = SHAPE_DEFINITION_REPRESENTATION(#4,#10);
#4 = PRODUCT_DEFINITION_SHAPE('','',#5);
#5 = PRODUCT_DEFINITION('design','',#6,#9);
#6 = PRODUCT_DEFINITION_FORMATION('','',#7);
#7 = PRODUCT('Open CASCADE STEP translator 7.9 1',
  'Open CASCADE STEP translator 7.9 1','',(#8));
#8 = PRODUCT_CONTEXT('',#2,'mechanical');
#9 = PRODUCT_DEFINITION_CONTEXT('part definition',#2,'design');
#10 = SHAPE_REPRESENTATION('',(#11,#15,#19,#23,#27),#31);
#11 = AXIS2_PLACEMENT_3D('',#12,#13,#14);
#12 = CARTESIAN_POINT('',(0.,0.,0.));
#13 = DIRECTION('',(0.,0.,1.));
#14 = DIRECTION('',(1.,0.,-0.));
#15 = AXIS2_PLACEMENT_3D('',#16,#17,#18);
#16 = CARTESIAN_POINT('',(0.,0.,0.));
#17 = DIRECTION('',(0.,0.,1.));
#18 = DIRECTION('',(1.,0.,-0.));
#19 = AXIS2_PLACEMENT_3D('',#20,#21,#22);
#20 = CARTESIAN_POINT('',(0.,0.,0.));
#21 = DIRECTION('',(0.,0.,1.));
#22 = DIRECTION('',(1.,0.,-0.));
#23 = AXIS2_PLACEMENT_3D('',#24,#25,#26);
#24 = CARTESIAN_POINT('',(0.,0.,0.));
#25 = DIRECTION('',(0.,0.,1.));
#26 = DIRECTION('',(1.,0.,0.));
#27 = AXIS2_PLACEMENT_3D('',#28,#29,#30);
#28 = CARTESIAN_POINT('',(0.,0.,0.));
#29 = DIRECTION('',(0.,0.,1.));
#30 = DIRECTION('',(1.,0.,-0.));
#31 = ( GEOMETRIC_REPRESENTATION_CONTEXT(3) 
GLOBAL_UNCERTAINTY_ASSIGNED_CONTEXT((#35)) GLOBAL_UNIT_ASSIGNED_CONTEXT(
(#32,#33,#34)) REPRESENTATION_CONTEXT('Context #1',
  '3D Context with UNIT and UNCERTAINTY') );
#32 = ( LENGTH_UNIT() NAMED_UNIT(*) SI_UNIT(.MILLI.,.METRE.) );
#33 = ( NAMED_UNIT(*) PLANE_ANGLE_UNIT() SI_UNIT($,.RADIAN.) );
#34 = ( NAMED_UNIT(*) SI_UNIT($,.STERADIAN.) SOLID_ANGLE_UNIT() );
#35 = UNCERTAINTY_MEASURE_WITH_UNIT(LENGTH_MEASURE(2.E-04),#32,
  'distance_accuracy_value','confusion accuracy');
#36 = PRODUCT_RELATED_PRODUCT_CATEGORY('part',$,(#7));
#37 = SHAPE_DEFINITION_REPRESENTATION(#38,#44);
#38 = PRODUCT_DEFINITION_SHAPE('','',#39);
#39 = PRODUCT_DEFINITION('design','',#40,#43);
#40 = PRODUCT_DEFINITION_FORMATION('','',#41);
#41 = PRODUCT('Open CASCADE STEP translator 7.9 1.1',
  'Open CASCADE STEP translator 7.9 1.1','',(#42));
#42 = PRODUCT_CONTEXT('',#2,'mechanical');
#43 = PRODUCT_DEFINITION_CONTEXT('part definition',#2,'design');
#44 = ADVANCED_BREP_SHAPE_REPRESENTATION('',(#11,#45),#2437);
#45 = MANIFOLD_SOLID_BREP('',#46);
#46 = CLOSED_SHELL('',(#47,#135,#360,#825,#943,#1150,#1262,#1338,#1393,
    #1554,#1757,#1829,#1901,#1996,#2046,#2191,#2286,#2313,#2360,#2407,
    #2414,#2421,#2430));
#47 = ADVANCED_FACE('',(#48),#62,.F.);
#48 = FACE_BOUND('',#49,.F.);
#49 = EDGE_LOOP('',(#50,#80,#107,#108));
#50 = ORIENTED_EDGE('',*,*,#51,.T.);
#51 = EDGE_CURVE('',#52,#54,#56,.T.);
#52 = VERTEX_POINT('',#53);
#53 = CARTESIAN_POINT('',(-18.5346380183,6.35,-12.26449353108));
#54 = VERTEX_POINT('',#55);
#55 = CARTESIAN_POINT('',(-18.5346380183,-6.074044531596E-16,
    -12.26449353108));
#56 = SEAM_CURVE('',#57,(#61,#73),.PCURVE_S1.);
#57 = LINE('',#58,#59);
#58 = CARTESIAN_POINT('',(-18.5346380183,12.7,-12.26449353108));
#59 = VECTOR('',#60,1.);
#60 = DIRECTION('',(-1.225315935864E-16,-1.,-3.686951170381E-17));
#61 = PCURVE('',#62,#67);
#62 = CYLINDRICAL_SURFACE('',#63,3.175);
#63 = AXIS2_PLACEMENT_3D('',#64,#65,#66);
#64 = CARTESIAN_POINT('',(-21.18244349493,12.7,-14.0165640656));
#65 = DIRECTION('',(-1.225315935864E-16,-1.,-3.686951170381E-17));
#66 = DIRECTION('',(-0.833954480829,1.225315935864E-16,-0.551833239217)
  );
#67 = DEFINITIONAL_REPRESENTATION('',(#68),#72);
#68 = LINE('',#69,#70);
#69 = CARTESIAN_POINT('',(9.424777960769,0.));
#70 = VECTOR('',#71,1.);
#71 = DIRECTION('',(0.,1.));
#72 = ( GEOMETRIC_REPRESENTATION_CONTEXT(2) 
PARAMETRIC_REPRESENTATION_CONTEXT() REPRESENTATION_CONTEXT('2D SPACE',''
  ) );
#73 = PCURVE('',#62,#74);
#74 = DEFINITIONAL_REPRESENTATION('',(#75),#79);
#75 = LINE('',#76,#77);
#76 = CARTESIAN_POINT('',(3.14159265359,0.));
#77 = VECTOR('',#78,1.);
#78 = DIRECTION('',(0.,1.));
#79 = ( GEOMETRIC_REPRESENTATION_CONTEXT(2) 
PARAMETRIC_REPRESENTATION_CONTEXT() REPRESENTATION_CONTEXT('2D SPACE',''
  ) );
#80 = ORIENTED_EDGE('',*,*,#81,.T.);
#81 = EDGE_CURVE('',#54,#54,#82,.T.);
#82 = SURFACE_CURVE('',#83,(#88,#95),.PCURVE_S1.);
#83 = CIRCLE('',#84,3.175);
#84 = AXIS2_PLACEMENT_3D('',#85,#86,#87);
#85 = CARTESIAN_POINT('',(-21.18244349493,-2.183666435227E-16,
    -14.0165640656));
#86 = DIRECTION('',(1.225315935864E-16,1.,3.686951170381E-17));
#87 = DIRECTION('',(-0.833954480829,1.225315935864E-16,-0.551833239217)
  );
#88 = PCURVE('',#62,#89);
#89 = DEFINITIONAL_REPRESENTATION('',(#90),#94);
#90 = LINE('',#91,#92);
#91 = CARTESIAN_POINT('',(12.566370614359,12.7));
#92 = VECTOR('',#93,1.);
#93 = DIRECTION('',(-1.,0.));
#94 = ( GEOMETRIC_REPRESENTATION_CONTEXT(2) 
PARAMETRIC_REPRESENTATION_CONTEXT() REPRESENTATION_CONTEXT('2D SPACE',''
  ) );
#95 = PCURVE('',#96,#101);
#96 = PLANE('',#97);
#97 = AXIS2_PLACEMENT_3D('',#98,#99,#100);
#98 = CARTESIAN_POINT('',(-1.938664110101E-31,-3.330669073875E-15,
    3.04401695898E-30));
#99 = DIRECTION('',(1.225315935864E-16,1.,3.686951170381E-17));
#100 = DIRECTION('',(0.833954480829,-1.225315935864E-16,0.551833239217)
  );
#101 = DEFINITIONAL_REPRESENTATION('',(#102),#106);
#102 = CIRCLE('',#103,3.175);
#103 = AXIS2_PLACEMENT_2D('',#104,#105);
#104 = CARTESIAN_POINT('',(-25.39999961853,0.));
#105 = DIRECTION('',(-1.,0.));
#106 = ( GEOMETRIC_REPRESENTATION_CONTEXT(2) 
PARAMETRIC_REPRESENTATION_CONTEXT() REPRESENTATION_CONTEXT('2D SPACE',''
  ) );
#107 = ORIENTED_EDGE('',*,*,#51,.F.);
#108 = ORIENTED_EDGE('',*,*,#109,.T.);
#109 = EDGE_CURVE('',#52,#52,#110,.T.);
#110 = SURFACE_CURVE('',#111,(#116,#123),.PCURVE_S1.);
#111 = CIRCLE('',#112,3.175);
#112 = AXIS2_PLACEMENT_3D('',#113,#114,#115);
#113 = CARTESIAN_POINT('',(-21.18244349493,6.35,-14.0165640656));
#114 = DIRECTION('',(-1.225315935864E-16,-1.,-3.686951170381E-17));
#115 = DIRECTION('',(-0.833954480829,1.225315935864E-16,-0.551833239217)
  );
#116 = PCURVE('',#62,#117);
#117 = DEFINITIONAL_REPRESENTATION('',(#118),#122);
#118 = LINE('',#119,#120);
#119 = CARTESIAN_POINT('',(0.,6.35));
#120 = VECTOR('',#121,1.);
#121 = DIRECTION('',(1.,0.));
#122 = ( GEOMETRIC_REPRESENTATION_CONTEXT(2) 
PARAMETRIC_REPRESENTATION_CONTEXT() REPRESENTATION_CONTEXT('2D SPACE',''
  ) );
#123 = PCURVE('',#124,#129);
#124 = PLANE('',#125);
#125 = AXIS2_PLACEMENT_3D('',#126,#127,#128);
#126 = CARTESIAN_POINT('',(7.780756192737E-16,6.35,2.341213993192E-16));
#127 = DIRECTION('',(-1.225315935864E-16,-1.,-3.686951170381E-17));
#128 = DIRECTION('',(0.551833239217,-3.686951170381E-17,-0.833954480829)
  );
#129 = DEFINITIONAL_REPRESENTATION('',(#130),#134);
#130 = CIRCLE('',#131,3.175);
#131 = AXIS2_PLACEMENT_2D('',#132,#133);
#132 = CARTESIAN_POINT('',(0.,-25.39999961853));
#133 = DIRECTION('',(0.,-1.));
#134 = ( GEOMETRIC_REPRESENTATION_CONTEXT(2) 
PARAMETRIC_REPRESENTATION_CONTEXT() REPRESENTATION_CONTEXT('2D SPACE',''
  ) );
#135 = ADVANCED_FACE('',(#136,#326,#329),#96,.F.);
#136 = FACE_BOUND('',#137,.F.);
#137 = EDGE_LOOP('',(#138,#169,#197,#225,#253,#281,#304));
#138 = ORIENTED_EDGE('',*,*,#139,.F.);
#139 = EDGE_CURVE('',#140,#142,#144,.T.);
#140 = VERTEX_POINT('',#141);
#141 = CARTESIAN_POINT('',(-1.179167082988,-2.876679521921E-15,
    -8.394587177014));
#142 = VERTEX_POINT('',#143);
#143 = CARTESIAN_POINT('',(8.47700005,-3.552713678801E-15,
    -1.409983241274E-15));
#144 = SURFACE_CURVE('',#145,(#150,#157),.PCURVE_S1.);
#145 = CIRCLE('',#146,8.477);
#146 = AXIS2_PLACEMENT_3D('',#147,#148,#149);
#147 = CARTESIAN_POINT('',(4.999998282074E-08,-3.552713678801E-15,
    -1.409983241274E-15));
#148 = DIRECTION('',(5.176899690513E-31,1.,2.22044604925E-16));
#149 = DIRECTION('',(1.,-5.176899690513E-31,-1.149502646516E-46));
#150 = PCURVE('',#96,#151);
#151 = DEFINITIONAL_REPRESENTATION('',(#152),#156);
#152 = CIRCLE('',#153,8.477);
#153 = AXIS2_PLACEMENT_2D('',#154,#155);
#154 = CARTESIAN_POINT('',(4.169770893667E-08,2.759165365662E-08));
#155 = DIRECTION('',(0.833954480829,0.551833239217));
#156 = ( GEOMETRIC_REPRESENTATION_CONTEXT(2) 
PARAMETRIC_REPRESENTATION_CONTEXT() REPRESENTATION_CONTEXT('2D SPACE',''
  ) );
#157 = PCURVE('',#158,#163);
#158 = CYLINDRICAL_SURFACE('',#159,8.477);
#159 = AXIS2_PLACEMENT_3D('',#160,#161,#162);
#160 = CARTESIAN_POINT('',(4.999998282074E-08,19.2600002,
    2.866595893991E-15));
#161 = DIRECTION('',(5.176899690513E-31,1.,2.22044604925E-16));
#162 = DIRECTION('',(1.,-5.176899690513E-31,-1.149502646516E-46));
#163 = DEFINITIONAL_REPRESENTATION('',(#164),#168);
#164 = LINE('',#165,#166);
#165 = CARTESIAN_POINT('',(0.,-19.2600002));
#166 = VECTOR('',#167,1.);
#167 = DIRECTION('',(1.,0.));
#168 = ( GEOMETRIC_REPRESENTATION_CONTEXT(2) 
PARAMETRIC_REPRESENTATION_CONTEXT() REPRESENTATION_CONTEXT('2D SPACE',''
  ) );
#169 = ORIENTED_EDGE('',*,*,#170,.T.);
#170 = EDGE_CURVE('',#140,#171,#173,.T.);
#171 = VERTEX_POINT('',#172);
#172 = CARTESIAN_POINT('',(-155.3641875289,1.977747810502E-14,
    -110.419843024));
#173 = SURFACE_CURVE('',#174,(#178,#185),.PCURVE_S1.);
#174 = LINE('',#175,#176);
#175 = CARTESIAN_POINT('',(82.938305368026,-1.52359247623E-14,
    47.266505082141));
#176 = VECTOR('',#177,1.);
#177 = DIRECTION('',(-0.833954480829,1.225315935864E-16,-0.551833239217)
  );
#178 = PCURVE('',#96,#179);
#179 = DEFINITIONAL_REPRESENTATION('',(#180),#184);
#180 = LINE('',#181,#182);
#181 = CARTESIAN_POINT('',(95.25,6.35));
#182 = VECTOR('',#183,1.);
#183 = DIRECTION('',(-1.,0.));
#184 = ( GEOMETRIC_REPRESENTATION_CONTEXT(2) 
PARAMETRIC_REPRESENTATION_CONTEXT() REPRESENTATION_CONTEXT('2D SPACE',''
  ) );
#185 = PCURVE('',#186,#191);
#186 = CYLINDRICAL_SURFACE('',#187,6.35);
#187 = AXIS2_PLACEMENT_3D('',#188,#189,#190);
#188 = CARTESIAN_POINT('',(82.938305368026,6.35,47.266505082141));
#189 = DIRECTION('',(-0.833954480829,1.225315935864E-16,-0.551833239217)
  );
#190 = DIRECTION('',(0.390205025534,0.707106781187,-0.589694868595));
#191 = DEFINITIONAL_REPRESENTATION('',(#192),#196);
#192 = LINE('',#193,#194);
#193 = CARTESIAN_POINT('',(2.356194490192,0.));
#194 = VECTOR('',#195,1.);
#195 = DIRECTION('',(0.,1.));
#196 = ( GEOMETRIC_REPRESENTATION_CONTEXT(2) 
PARAMETRIC_REPRESENTATION_CONTEXT() REPRESENTATION_CONTEXT('2D SPACE',''
  ) );
#197 = ORIENTED_EDGE('',*,*,#198,.T.);
#198 = EDGE_CURVE('',#171,#199,#201,.T.);
#199 = VERTEX_POINT('',#200);
#200 = CARTESIAN_POINT('',(-165.876610736,2.047984230297E-14,
    -94.53301016428));
#201 = SURFACE_CURVE('',#202,(#206,#213),.PCURVE_S1.);
#202 = LINE('',#203,#204);
#203 = CARTESIAN_POINT('',(-151.8600464599,1.95433567057E-14,
    -115.7154539773));
#204 = VECTOR('',#205,1.);
#205 = DIRECTION('',(-0.551833239217,3.686951170381E-17,0.833954480829)
  );
#206 = PCURVE('',#96,#207);
#207 = DEFINITIONAL_REPRESENTATION('',(#208),#212);
#208 = LINE('',#209,#210);
#209 = CARTESIAN_POINT('',(-190.5,12.7));
#210 = VECTOR('',#211,1.);
#211 = DIRECTION('',(0.,-1.));
#212 = ( GEOMETRIC_REPRESENTATION_CONTEXT(2) 
PARAMETRIC_REPRESENTATION_CONTEXT() REPRESENTATION_CONTEXT('2D SPACE',''
  ) );
#213 = PCURVE('',#214,#219);
#214 = PLANE('',#215);
#215 = AXIS2_PLACEMENT_3D('',#216,#217,#218);
#216 = CARTESIAN_POINT('',(-151.8600464599,1.95433567057E-14,
    -115.7154539773));
#217 = DIRECTION('',(-0.833954480829,1.225315935864E-16,-0.551833239217)
  );
#218 = DIRECTION('',(-0.551833239217,3.686951170381E-17,0.833954480829)
  );
#219 = DEFINITIONAL_REPRESENTATION('',(#220),#224);
#220 = LINE('',#221,#222);
#221 = CARTESIAN_POINT('',(0.,0.));
#222 = VECTOR('',#223,1.);
#223 = DIRECTION('',(1.,0.));
#224 = ( GEOMETRIC_REPRESENTATION_CONTEXT(2) 
PARAMETRIC_REPRESENTATION_CONTEXT() REPRESENTATION_CONTEXT('2D SPACE',''
  ) );
#225 = ORIENTED_EDGE('',*,*,#226,.T.);
#226 = EDGE_CURVE('',#199,#227,#229,.T.);
#227 = VERTEX_POINT('',#228);
#228 = CARTESIAN_POINT('',(151.86004645994,-2.620469485345E-14,
    115.71545397734));
#229 = SURFACE_CURVE('',#230,(#234,#241),.PCURVE_S1.);
#230 = LINE('',#231,#232);
#231 = CARTESIAN_POINT('',(-165.876610736,2.047984230297E-14,
    -94.53301016428));
#232 = VECTOR('',#233,1.);
#233 = DIRECTION('',(0.833954480829,-1.225315935864E-16,0.551833239217)
  );
#234 = PCURVE('',#96,#235);
#235 = DEFINITIONAL_REPRESENTATION('',(#236),#240);
#236 = LINE('',#237,#238);
#237 = CARTESIAN_POINT('',(-190.5,-12.7));
#238 = VECTOR('',#239,1.);
#239 = DIRECTION('',(1.,0.));
#240 = ( GEOMETRIC_REPRESENTATION_CONTEXT(2) 
PARAMETRIC_REPRESENTATION_CONTEXT() REPRESENTATION_CONTEXT('2D SPACE',''
  ) );
#241 = PCURVE('',#242,#247);
#242 = PLANE('',#243);
#243 = AXIS2_PLACEMENT_3D('',#244,#245,#246);
#244 = CARTESIAN_POINT('',(-165.876610736,2.047984230297E-14,
    -94.53301016428));
#245 = DIRECTION('',(-0.551833239217,3.686951170381E-17,0.833954480829)
  );
#246 = DIRECTION('',(0.833954480829,-1.225315935864E-16,0.551833239217)
  );
#247 = DEFINITIONAL_REPRESENTATION('',(#248),#252);
#248 = LINE('',#249,#250);
#249 = CARTESIAN_POINT('',(0.,0.));
#250 = VECTOR('',#251,1.);
#251 = DIRECTION('',(1.,0.));
#252 = ( GEOMETRIC_REPRESENTATION_CONTEXT(2) 
PARAMETRIC_REPRESENTATION_CONTEXT() REPRESENTATION_CONTEXT('2D SPACE',''
  ) );
#253 = ORIENTED_EDGE('',*,*,#254,.T.);
#254 = EDGE_CURVE('',#227,#255,#257,.T.);
#255 = VERTEX_POINT('',#256);
#256 = CARTESIAN_POINT('',(162.37246966702,-2.690705905141E-14,
    99.828621117548));
#257 = SURFACE_CURVE('',#258,(#262,#269),.PCURVE_S1.);
#258 = LINE('',#259,#260);
#259 = CARTESIAN_POINT('',(151.86004645994,-2.620469485345E-14,
    115.71545397734));
#260 = VECTOR('',#261,1.);
#261 = DIRECTION('',(0.551833239217,-3.686951170381E-17,-0.833954480829)
  );
#262 = PCURVE('',#96,#263);
#263 = DEFINITIONAL_REPRESENTATION('',(#264),#268);
#264 = LINE('',#265,#266);
#265 = CARTESIAN_POINT('',(190.5,-12.7));
#266 = VECTOR('',#267,1.);
#267 = DIRECTION('',(0.,1.));
#268 = ( GEOMETRIC_REPRESENTATION_CONTEXT(2) 
PARAMETRIC_REPRESENTATION_CONTEXT() REPRESENTATION_CONTEXT('2D SPACE',''
  ) );
#269 = PCURVE('',#270,#275);
#270 = PLANE('',#271);
#271 = AXIS2_PLACEMENT_3D('',#272,#273,#274);
#272 = CARTESIAN_POINT('',(151.86004645994,-2.620469485345E-14,
    115.71545397734));
#273 = DIRECTION('',(0.833954480829,-1.225315935864E-16,0.551833239217)
  );
#274 = DIRECTION('',(0.551833239217,-3.686951170381E-17,-0.833954480829)
  );
#275 = DEFINITIONAL_REPRESENTATION('',(#276),#280);
#276 = LINE('',#277,#278);
#277 = CARTESIAN_POINT('',(0.,0.));
#278 = VECTOR('',#279,1.);
#279 = DIRECTION('',(1.,0.));
#280 = ( GEOMETRIC_REPRESENTATION_CONTEXT(2) 
PARAMETRIC_REPRESENTATION_CONTEXT() REPRESENTATION_CONTEXT('2D SPACE',''
  ) );
#281 = ORIENTED_EDGE('',*,*,#282,.T.);
#282 = EDGE_CURVE('',#255,#283,#285,.T.);
#283 = VERTEX_POINT('',#284);
#284 = CARTESIAN_POINT('',(8.187449290591,-4.252901434687E-15,
    -2.196634683499));
#285 = SURFACE_CURVE('',#286,(#290,#297),.PCURVE_S1.);
#286 = LINE('',#287,#288);
#287 = CARTESIAN_POINT('',(82.938305368026,-1.52359247623E-14,
    47.266505082141));
#288 = VECTOR('',#289,1.);
#289 = DIRECTION('',(-0.833954480829,1.225315935864E-16,-0.551833239217)
  );
#290 = PCURVE('',#96,#291);
#291 = DEFINITIONAL_REPRESENTATION('',(#292),#296);
#292 = LINE('',#293,#294);
#293 = CARTESIAN_POINT('',(95.25,6.35));
#294 = VECTOR('',#295,1.);
#295 = DIRECTION('',(-1.,0.));
#296 = ( GEOMETRIC_REPRESENTATION_CONTEXT(2) 
PARAMETRIC_REPRESENTATION_CONTEXT() REPRESENTATION_CONTEXT('2D SPACE',''
  ) );
#297 = PCURVE('',#186,#298);
#298 = DEFINITIONAL_REPRESENTATION('',(#299),#303);
#299 = LINE('',#300,#301);
#300 = CARTESIAN_POINT('',(2.356194490192,0.));
#301 = VECTOR('',#302,1.);
#302 = DIRECTION('',(0.,1.));
#303 = ( GEOMETRIC_REPRESENTATION_CONTEXT(2) 
PARAMETRIC_REPRESENTATION_CONTEXT() REPRESENTATION_CONTEXT('2D SPACE',''
  ) );
#304 = ORIENTED_EDGE('',*,*,#305,.F.);
#305 = EDGE_CURVE('',#142,#283,#306,.T.);
#306 = SURFACE_CURVE('',#307,(#312,#319),.PCURVE_S1.);
#307 = CIRCLE('',#308,8.477);
#308 = AXIS2_PLACEMENT_3D('',#309,#310,#311);
#309 = CARTESIAN_POINT('',(4.999998282074E-08,-3.552713678801E-15,
    -1.409983241274E-15));
#310 = DIRECTION('',(5.176899690513E-31,1.,2.22044604925E-16));
#311 = DIRECTION('',(1.,-5.176899690513E-31,-1.149502646516E-46));
#312 = PCURVE('',#96,#313);
#313 = DEFINITIONAL_REPRESENTATION('',(#314),#318);
#314 = CIRCLE('',#315,8.477);
#315 = AXIS2_PLACEMENT_2D('',#316,#317);
#316 = CARTESIAN_POINT('',(4.169770893667E-08,2.759165365662E-08));
#317 = DIRECTION('',(0.833954480829,0.551833239217));
#318 = ( GEOMETRIC_REPRESENTATION_CONTEXT(2) 
PARAMETRIC_REPRESENTATION_CONTEXT() REPRESENTATION_CONTEXT('2D SPACE',''
  ) );
#319 = PCURVE('',#158,#320);
#320 = DEFINITIONAL_REPRESENTATION('',(#321),#325);
#321 = LINE('',#322,#323);
#322 = CARTESIAN_POINT('',(0.,-19.2600002));
#323 = VECTOR('',#324,1.);
#324 = DIRECTION('',(1.,0.));
#325 = ( GEOMETRIC_REPRESENTATION_CONTEXT(2) 
PARAMETRIC_REPRESENTATION_CONTEXT() REPRESENTATION_CONTEXT('2D SPACE',''
  ) );
#326 = FACE_BOUND('',#327,.F.);
#327 = EDGE_LOOP('',(#328));
#328 = ORIENTED_EDGE('',*,*,#81,.F.);
#329 = FACE_BOUND('',#330,.F.);
#330 = EDGE_LOOP('',(#331));
#331 = ORIENTED_EDGE('',*,*,#332,.F.);
#332 = EDGE_CURVE('',#333,#333,#335,.T.);
#333 = VERTEX_POINT('',#334);
#334 = CARTESIAN_POINT('',(23.830248971571,-6.832009313865E-15,
    15.768634600115));
#335 = SURFACE_CURVE('',#336,(#341,#348),.PCURVE_S1.);
#336 = CIRCLE('',#337,3.175);
#337 = AXIS2_PLACEMENT_3D('',#338,#339,#340);
#338 = CARTESIAN_POINT('',(21.182443494938,-6.442971504228E-15,
    14.016564065601));
#339 = DIRECTION('',(1.225315935864E-16,1.,3.686951170381E-17));
#340 = DIRECTION('',(-0.833954480829,1.225315935864E-16,-0.551833239217)
  );
#341 = PCURVE('',#96,#342);
#342 = DEFINITIONAL_REPRESENTATION('',(#343),#347);
#343 = CIRCLE('',#344,3.175);
#344 = AXIS2_PLACEMENT_2D('',#345,#346);
#345 = CARTESIAN_POINT('',(25.39999961853,0.));
#346 = DIRECTION('',(-1.,0.));
#347 = ( GEOMETRIC_REPRESENTATION_CONTEXT(2) 
PARAMETRIC_REPRESENTATION_CONTEXT() REPRESENTATION_CONTEXT('2D SPACE',''
  ) );
#348 = PCURVE('',#349,#354);
#349 = CYLINDRICAL_SURFACE('',#350,3.175);
#350 = AXIS2_PLACEMENT_3D('',#351,#352,#353);
#351 = CARTESIAN_POINT('',(21.182443494938,12.7,14.016564065601));
#352 = DIRECTION('',(-1.225315935864E-16,-1.,-3.686951170381E-17));
#353 = DIRECTION('',(-0.833954480829,1.225315935864E-16,-0.551833239217)
  );
#354 = DEFINITIONAL_REPRESENTATION('',(#355),#359);
#355 = LINE('',#356,#357);
#356 = CARTESIAN_POINT('',(12.566370614359,12.7));
#357 = VECTOR('',#358,1.);
#358 = DIRECTION('',(-1.,0.));
#359 = ( GEOMETRIC_REPRESENTATION_CONTEXT(2) 
PARAMETRIC_REPRESENTATION_CONTEXT() REPRESENTATION_CONTEXT('2D SPACE',''
  ) );
#360 = ADVANCED_FACE('',(#361,#792,#795),#124,.F.);
#361 = FACE_BOUND('',#362,.F.);
#362 = EDGE_LOOP('',(#363,#389,#417,#445,#501,#524,#580,#608,#664,#687,
    #743,#771));
#363 = ORIENTED_EDGE('',*,*,#364,.F.);
#364 = EDGE_CURVE('',#365,#367,#369,.T.);
#365 = VERTEX_POINT('',#366);
#366 = CARTESIAN_POINT('',(19.430372960424,6.35,16.664369542234));
#367 = VERTEX_POINT('',#368);
#368 = CARTESIAN_POINT('',(22.934514029452,6.35,11.368758588968));
#369 = SURFACE_CURVE('',#370,(#375,#382),.PCURVE_S1.);
#370 = CIRCLE('',#371,3.175);
#371 = AXIS2_PLACEMENT_3D('',#372,#373,#374);
#372 = CARTESIAN_POINT('',(21.182443494938,6.35,14.016564065601));
#373 = DIRECTION('',(-1.225315935864E-16,-1.,-3.686951170381E-17));
#374 = DIRECTION('',(-0.833954480829,1.225315935864E-16,-0.551833239217)
  );
#375 = PCURVE('',#124,#376);
#376 = DEFINITIONAL_REPRESENTATION('',(#377),#381);
#377 = CIRCLE('',#378,3.175);
#378 = AXIS2_PLACEMENT_2D('',#379,#380);
#379 = CARTESIAN_POINT('',(0.,25.39999961853));
#380 = DIRECTION('',(0.,-1.));
#381 = ( GEOMETRIC_REPRESENTATION_CONTEXT(2) 
PARAMETRIC_REPRESENTATION_CONTEXT() REPRESENTATION_CONTEXT('2D SPACE',''
  ) );
#382 = PCURVE('',#349,#383);
#383 = DEFINITIONAL_REPRESENTATION('',(#384),#388);
#384 = LINE('',#385,#386);
#385 = CARTESIAN_POINT('',(0.,6.35));
#386 = VECTOR('',#387,1.);
#387 = DIRECTION('',(1.,0.));
#388 = ( GEOMETRIC_REPRESENTATION_CONTEXT(2) 
PARAMETRIC_REPRESENTATION_CONTEXT() REPRESENTATION_CONTEXT('2D SPACE',''
  ) );
#389 = ORIENTED_EDGE('',*,*,#390,.F.);
#390 = EDGE_CURVE('',#391,#365,#393,.T.);
#391 = VERTEX_POINT('',#392);
#392 = CARTESIAN_POINT('',(30.021594707893,6.35,23.672651575035));
#393 = SURFACE_CURVE('',#394,(#398,#405),.PCURVE_S1.);
#394 = LINE('',#395,#396);
#395 = CARTESIAN_POINT('',(157.11625806348,6.35,107.77203754744));
#396 = VECTOR('',#397,1.);
#397 = DIRECTION('',(-0.833954480829,1.225315935864E-16,-0.551833239217)
  );
#398 = PCURVE('',#124,#399);
#399 = DEFINITIONAL_REPRESENTATION('',(#400),#404);
#400 = LINE('',#401,#402);
#401 = CARTESIAN_POINT('',(-3.175,190.5));
#402 = VECTOR('',#403,1.);
#403 = DIRECTION('',(0.,-1.));
#404 = ( GEOMETRIC_REPRESENTATION_CONTEXT(2) 
PARAMETRIC_REPRESENTATION_CONTEXT() REPRESENTATION_CONTEXT('2D SPACE',''
  ) );
#405 = PCURVE('',#406,#411);
#406 = CYLINDRICAL_SURFACE('',#407,3.175);
#407 = AXIS2_PLACEMENT_3D('',#408,#409,#410);
#408 = CARTESIAN_POINT('',(158.86832859799,6.35,105.12423207081));
#409 = DIRECTION('',(-0.833954480829,1.225315935864E-16,-0.551833239217)
  );
#410 = DIRECTION('',(0.551833239217,-3.686951170381E-17,-0.833954480829)
  );
#411 = DEFINITIONAL_REPRESENTATION('',(#412),#416);
#412 = LINE('',#413,#414);
#413 = CARTESIAN_POINT('',(9.424777960769,0.));
#414 = VECTOR('',#415,1.);
#415 = DIRECTION('',(0.,1.));
#416 = ( GEOMETRIC_REPRESENTATION_CONTEXT(2) 
PARAMETRIC_REPRESENTATION_CONTEXT() REPRESENTATION_CONTEXT('2D SPACE',''
  ) );
#417 = ORIENTED_EDGE('',*,*,#418,.T.);
#418 = EDGE_CURVE('',#391,#419,#421,.T.);
#419 = VERTEX_POINT('',#420);
#420 = CARTESIAN_POINT('',(27.568695959574,6.35,27.379579242321));
#421 = SURFACE_CURVE('',#422,(#426,#433),.PCURVE_S1.);
#422 = LINE('',#423,#424);
#423 = CARTESIAN_POINT('',(31.773665242407,6.35,21.024846098401));
#424 = VECTOR('',#425,1.);
#425 = DIRECTION('',(-0.551833239217,3.686951170381E-17,0.833954480829)
  );
#426 = PCURVE('',#124,#427);
#427 = DEFINITIONAL_REPRESENTATION('',(#428),#432);
#428 = LINE('',#429,#430);
#429 = CARTESIAN_POINT('',(0.,38.099999427795));
#430 = VECTOR('',#431,1.);
#431 = DIRECTION('',(-1.,0.));
#432 = ( GEOMETRIC_REPRESENTATION_CONTEXT(2) 
PARAMETRIC_REPRESENTATION_CONTEXT() REPRESENTATION_CONTEXT('2D SPACE',''
  ) );
#433 = PCURVE('',#434,#439);
#434 = PLANE('',#435);
#435 = AXIS2_PLACEMENT_3D('',#436,#437,#438);
#436 = CARTESIAN_POINT('',(38.781947380461,12.7,10.433624191868));
#437 = DIRECTION('',(0.833954480829,-1.225315935864E-16,0.551833239217)
  );
#438 = DIRECTION('',(-0.551833239217,3.686951170381E-17,0.833954480829)
  );
#439 = DEFINITIONAL_REPRESENTATION('',(#440),#444);
#440 = LINE('',#441,#442);
#441 = CARTESIAN_POINT('',(12.7,6.35));
#442 = VECTOR('',#443,1.);
#443 = DIRECTION('',(1.,0.));
#444 = ( GEOMETRIC_REPRESENTATION_CONTEXT(2) 
PARAMETRIC_REPRESENTATION_CONTEXT() REPRESENTATION_CONTEXT('2D SPACE',''
  ) );
#445 = ORIENTED_EDGE('',*,*,#446,.F.);
#446 = EDGE_CURVE('',#447,#419,#449,.T.);
#447 = VERTEX_POINT('',#448);
#448 = CARTESIAN_POINT('',(29.001871866966,6.35,34.419380860156));
#449 = SURFACE_CURVE('',#450,(#455,#462),.PCURVE_S1.);
#450 = CIRCLE('',#451,5.08);
#451 = AXIS2_PLACEMENT_3D('',#452,#453,#454);
#452 = CARTESIAN_POINT('',(31.805184722188,6.35,30.182892097543));
#453 = DIRECTION('',(-1.225315935864E-16,-1.,-3.686951170381E-17));
#454 = DIRECTION('',(-0.551833239217,3.686951170381E-17,0.833954480829)
  );
#455 = PCURVE('',#124,#456);
#456 = DEFINITIONAL_REPRESENTATION('',(#457),#461);
#457 = CIRCLE('',#458,5.08);
#458 = AXIS2_PLACEMENT_2D('',#459,#460);
#459 = CARTESIAN_POINT('',(-7.62,43.179999427795));
#460 = DIRECTION('',(-1.,0.));
#461 = ( GEOMETRIC_REPRESENTATION_CONTEXT(2) 
PARAMETRIC_REPRESENTATION_CONTEXT() REPRESENTATION_CONTEXT('2D SPACE',''
  ) );
#462 = PCURVE('',#463,#473);
#463 = ( BOUNDED_SURFACE() B_SPLINE_SURFACE(2,2,(
    (#464,#465,#466)
    ,(#467,#468,#469)
    ,(#470,#471,#472
)),.UNSPECIFIED.,.F.,.F.,.F.) B_SPLINE_SURFACE_WITH_KNOTS((3,3),(3,3),(
    -1.570796326795,-5.082127736203E-16),(1.570796326795,3.14159265359),
.PIECEWISE_BEZIER_KNOTS.) GEOMETRIC_REPRESENTATION_ITEM() 
RATIONAL_B_SPLINE_SURFACE((
    (1.,0.707106781186,1.)
    ,(0.707106781187,0.5,0.707106781187)
,(1.,0.707106781186,1.))) REPRESENTATION_ITEM('') SURFACE() );
#464 = CARTESIAN_POINT('',(28.26952417338,7.62,26.320457051668));
#465 = CARTESIAN_POINT('',(27.568695959574,7.62,27.379579242321));
#466 = CARTESIAN_POINT('',(27.568695959574,6.35,27.379579242321));
#467 = CARTESIAN_POINT('',(28.26952417338,12.7,26.320457051668));
#468 = CARTESIAN_POINT('',(24.765383104352,12.700000000001,
    31.616068004935));
#469 = CARTESIAN_POINT('',(24.765383104353,6.35,31.616068004935));
#470 = CARTESIAN_POINT('',(32.506012935993,12.7,29.12376990689));
#471 = CARTESIAN_POINT('',(29.001871866966,12.700000000001,
    34.419380860157));
#472 = CARTESIAN_POINT('',(29.001871866966,6.35,34.419380860156));
#473 = DEFINITIONAL_REPRESENTATION('',(#474),#500);
#474 = B_SPLINE_CURVE_WITH_KNOTS('',3,(#475,#476,#477,#478,#479,#480,
    #481,#482,#483,#484,#485,#486,#487,#488,#489,#490,#491,#492,#493,
    #494,#495,#496,#497,#498,#499),.UNSPECIFIED.,.F.,.F.,(4,1,1,1,1,1,1,
    1,1,1,1,1,1,1,1,1,1,1,1,1,1,1,4),(0.,7.139983303613E-02,
    0.142799666072,0.214199499108,0.285599332145,0.356999165181,
    0.428398998217,0.499798831253,0.571198664289,0.642598497325,
    0.713998330361,0.785398163397,0.856797996434,0.92819782947,
    0.999597662506,1.070997495542,1.142397328578,1.213797161614,
    1.28519699465,1.356596827687,1.427996660723,1.499396493759,
    1.570796326795),.QUASI_UNIFORM_KNOTS.);
#475 = CARTESIAN_POINT('',(-5.082127736203E-16,3.14159265359));
#476 = CARTESIAN_POINT('',(-2.643304852828E-02,3.14159265359));
#477 = CARTESIAN_POINT('',(-7.852521262872E-02,3.14159265359));
#478 = CARTESIAN_POINT('',(-0.154606454553,3.14159265359));
#479 = CARTESIAN_POINT('',(-0.228904158181,3.14159265359));
#480 = CARTESIAN_POINT('',(-0.301661439934,3.14159265359));
#481 = CARTESIAN_POINT('',(-0.373106106239,3.14159265359));
#482 = CARTESIAN_POINT('',(-0.443450603945,3.14159265359));
#483 = CARTESIAN_POINT('',(-0.512895531033,3.14159265359));
#484 = CARTESIAN_POINT('',(-0.581631810168,3.14159265359));
#485 = CARTESIAN_POINT('',(-0.649842920765,3.14159265359));
#486 = CARTESIAN_POINT('',(-0.717706886775,3.14159265359));
#487 = CARTESIAN_POINT('',(-0.785398163397,3.14159265359));
#488 = CARTESIAN_POINT('',(-0.85308944002,3.14159265359));
#489 = CARTESIAN_POINT('',(-0.92095340603,3.14159265359));
#490 = CARTESIAN_POINT('',(-0.989164516627,3.14159265359));
#491 = CARTESIAN_POINT('',(-1.057900795762,3.14159265359));
#492 = CARTESIAN_POINT('',(-1.12734572285,3.14159265359));
#493 = CARTESIAN_POINT('',(-1.197690220556,3.14159265359));
#494 = CARTESIAN_POINT('',(-1.269134886861,3.14159265359));
#495 = CARTESIAN_POINT('',(-1.341892168614,3.14159265359));
#496 = CARTESIAN_POINT('',(-1.416189872242,3.14159265359));
#497 = CARTESIAN_POINT('',(-1.492271114166,3.14159265359));
#498 = CARTESIAN_POINT('',(-1.544363278267,3.14159265359));
#499 = CARTESIAN_POINT('',(-1.570796326795,3.14159265359));
#500 = ( GEOMETRIC_REPRESENTATION_CONTEXT(2) 
PARAMETRIC_REPRESENTATION_CONTEXT() REPRESENTATION_CONTEXT('2D SPACE',''
  ) );
#501 = ORIENTED_EDGE('',*,*,#502,.F.);
#502 = EDGE_CURVE('',#503,#447,#505,.T.);
#503 = VERTEX_POINT('',#504);
#504 = CARTESIAN_POINT('',(-43.01843614307,6.35,-13.23693704709));
#505 = SURFACE_CURVE('',#506,(#510,#517),.PCURVE_S1.);
#506 = LINE('',#507,#508);
#507 = CARTESIAN_POINT('',(-86.44244643705,6.35,-41.97089412887));
#508 = VECTOR('',#509,1.);
#509 = DIRECTION('',(0.833954480829,-1.225315935864E-16,0.551833239217)
  );
#510 = PCURVE('',#124,#511);
#511 = DEFINITIONAL_REPRESENTATION('',(#512),#516);
#512 = LINE('',#513,#514);
#513 = CARTESIAN_POINT('',(-12.7,-95.25));
#514 = VECTOR('',#515,1.);
#515 = DIRECTION('',(0.,1.));
#516 = ( GEOMETRIC_REPRESENTATION_CONTEXT(2) 
PARAMETRIC_REPRESENTATION_CONTEXT() REPRESENTATION_CONTEXT('2D SPACE',''
  ) );
#517 = PCURVE('',#242,#518);
#518 = DEFINITIONAL_REPRESENTATION('',(#519),#523);
#519 = LINE('',#520,#521);
#520 = CARTESIAN_POINT('',(95.25,6.35));
#521 = VECTOR('',#522,1.);
#522 = DIRECTION('',(1.,0.));
#523 = ( GEOMETRIC_REPRESENTATION_CONTEXT(2) 
PARAMETRIC_REPRESENTATION_CONTEXT() REPRESENTATION_CONTEXT('2D SPACE',''
  ) );
#524 = ORIENTED_EDGE('',*,*,#525,.F.);
#525 = EDGE_CURVE('',#526,#503,#528,.T.);
#526 = VERTEX_POINT('',#527);
#527 = CARTESIAN_POINT('',(-35.97863452524,6.35,-14.67011295448));
#528 = SURFACE_CURVE('',#529,(#534,#541),.PCURVE_S1.);
#529 = CIRCLE('',#530,5.08);
#530 = AXIS2_PLACEMENT_3D('',#531,#532,#533);
#531 = CARTESIAN_POINT('',(-40.21512328785,6.35,-17.4734258097));
#532 = DIRECTION('',(-1.225315935864E-16,-1.,-3.686951170381E-17));
#533 = DIRECTION('',(-0.551833239217,3.686951170381E-17,0.833954480829)
  );
#534 = PCURVE('',#124,#535);
#535 = DEFINITIONAL_REPRESENTATION('',(#536),#540);
#536 = CIRCLE('',#537,5.08);
#537 = AXIS2_PLACEMENT_2D('',#538,#539);
#538 = CARTESIAN_POINT('',(-7.62,-43.17999942779));
#539 = DIRECTION('',(-1.,0.));
#540 = ( GEOMETRIC_REPRESENTATION_CONTEXT(2) 
PARAMETRIC_REPRESENTATION_CONTEXT() REPRESENTATION_CONTEXT('2D SPACE',''
  ) );
#541 = PCURVE('',#542,#552);
#542 = ( BOUNDED_SURFACE() B_SPLINE_SURFACE(2,2,(
    (#543,#544,#545)
    ,(#546,#547,#548)
    ,(#549,#550,#551
)),.UNSPECIFIED.,.F.,.F.,.F.) B_SPLINE_SURFACE_WITH_KNOTS((3,3),(3,3),(
    -1.570796326795,-6.11040884867E-14),(-2.352213708095E-13,
    1.570796326795),.PIECEWISE_BEZIER_KNOTS.) 
GEOMETRIC_REPRESENTATION_ITEM() RATIONAL_B_SPLINE_SURFACE((
    (1.,0.707106781186,1.)
    ,(0.707106781187,0.5,0.707106781187)
,(1.,0.707106781186,1.))) REPRESENTATION_ITEM('') SURFACE() );
#543 = CARTESIAN_POINT('',(-35.97863452524,6.35,-14.67011295448));
#544 = CARTESIAN_POINT('',(-35.97863452524,7.62,-14.67011295448));
#545 = CARTESIAN_POINT('',(-35.27780631143,7.62,-15.72923514513));
#546 = CARTESIAN_POINT('',(-38.78194738046,6.35,-10.43362419186));
#547 = CARTESIAN_POINT('',(-38.78194738046,12.700000000002,
    -10.43362419186));
#548 = CARTESIAN_POINT('',(-35.27780631143,12.7,-15.72923514513));
#549 = CARTESIAN_POINT('',(-43.01843614307,6.35,-13.23693704709));
#550 = CARTESIAN_POINT('',(-43.01843614307,12.700000000002,
    -13.23693704708));
#551 = CARTESIAN_POINT('',(-39.51429507404,12.7,-18.53254800035));
#552 = DEFINITIONAL_REPRESENTATION('',(#553),#579);
#553 = B_SPLINE_CURVE_WITH_KNOTS('',3,(#554,#555,#556,#557,#558,#559,
    #560,#561,#562,#563,#564,#565,#566,#567,#568,#569,#570,#571,#572,
    #573,#574,#575,#576,#577,#578),.UNSPECIFIED.,.F.,.F.,(4,1,1,1,1,1,1,
    1,1,1,1,1,1,1,1,1,1,1,1,1,1,1,4),(4.712388980385,4.783788813421,
    4.855188646457,4.926588479493,4.997988312529,5.069388145565,
    5.140787978601,5.212187811638,5.283587644674,5.35498747771,
    5.426387310746,5.497787143782,5.569186976818,5.640586809854,
    5.711986642891,5.783386475927,5.854786308963,5.926186141999,
    5.997585975035,6.068985808071,6.140385641107,6.211785474143,
    6.28318530718),.QUASI_UNIFORM_KNOTS.);
#554 = CARTESIAN_POINT('',(-1.570796326795,-2.352213708095E-13));
#555 = CARTESIAN_POINT('',(-1.544363278267,-2.352213708095E-13));
#556 = CARTESIAN_POINT('',(-1.492271114166,-2.352213708095E-13));
#557 = CARTESIAN_POINT('',(-1.416189872242,-2.352213708095E-13));
#558 = CARTESIAN_POINT('',(-1.341892168614,-2.352213708095E-13));
#559 = CARTESIAN_POINT('',(-1.269134886861,-2.352213708095E-13));
#560 = CARTESIAN_POINT('',(-1.197690220556,-2.352213708095E-13));
#561 = CARTESIAN_POINT('',(-1.12734572285,-2.352213708095E-13));
#562 = CARTESIAN_POINT('',(-1.057900795762,-2.352213708095E-13));
#563 = CARTESIAN_POINT('',(-0.989164516627,-2.352213708095E-13));
#564 = CARTESIAN_POINT('',(-0.92095340603,-2.352213708095E-13));
#565 = CARTESIAN_POINT('',(-0.85308944002,-2.352213708095E-13));
#566 = CARTESIAN_POINT('',(-0.785398163398,-2.352213708095E-13));
#567 = CARTESIAN_POINT('',(-0.717706886775,-2.352213708095E-13));
#568 = CARTESIAN_POINT('',(-0.649842920765,-2.352213708095E-13));
#569 = CARTESIAN_POINT('',(-0.581631810168,-2.352213708095E-13));
#570 = CARTESIAN_POINT('',(-0.512895531033,-2.352213708095E-13));
#571 = CARTESIAN_POINT('',(-0.443450603945,-2.352213708095E-13));
#572 = CARTESIAN_POINT('',(-0.373106106239,-2.352213708095E-13));
#573 = CARTESIAN_POINT('',(-0.301661439934,-2.352213708095E-13));
#574 = CARTESIAN_POINT('',(-0.228904158181,-2.352213708095E-13));
#575 = CARTESIAN_POINT('',(-0.154606454553,-2.352213708095E-13));
#576 = CARTESIAN_POINT('',(-7.85252126288E-02,-2.352213708095E-13));
#577 = CARTESIAN_POINT('',(-2.643304852835E-02,-2.352213708095E-13));
#578 = CARTESIAN_POINT('',(-6.11040884867E-14,-2.352213708095E-13));
#579 = ( GEOMETRIC_REPRESENTATION_CONTEXT(2) 
PARAMETRIC_REPRESENTATION_CONTEXT() REPRESENTATION_CONTEXT('2D SPACE',''
  ) );
#580 = ORIENTED_EDGE('',*,*,#581,.T.);
#581 = EDGE_CURVE('',#526,#582,#584,.T.);
#582 = VERTEX_POINT('',#583);
#583 = CARTESIAN_POINT('',(-27.56869595957,6.35,-27.37957924232));
#584 = SURFACE_CURVE('',#585,(#589,#596),.PCURVE_S1.);
#585 = LINE('',#586,#587);
#586 = CARTESIAN_POINT('',(-30.00272474655,6.35,-23.70116868436));
#587 = VECTOR('',#588,1.);
#588 = DIRECTION('',(0.551833239217,-3.686951170381E-17,-0.833954480829)
  );
#589 = PCURVE('',#124,#590);
#590 = DEFINITIONAL_REPRESENTATION('',(#591),#595);
#591 = LINE('',#592,#593);
#592 = CARTESIAN_POINT('',(3.209195043,-38.09999942779));
#593 = VECTOR('',#594,1.);
#594 = DIRECTION('',(1.,0.));
#595 = ( GEOMETRIC_REPRESENTATION_CONTEXT(2) 
PARAMETRIC_REPRESENTATION_CONTEXT() REPRESENTATION_CONTEXT('2D SPACE',''
  ) );
#596 = PCURVE('',#597,#602);
#597 = PLANE('',#598);
#598 = AXIS2_PLACEMENT_3D('',#599,#600,#601);
#599 = CARTESIAN_POINT('',(-38.78194738046,12.7,-10.43362419186));
#600 = DIRECTION('',(-0.833954480829,1.225315935864E-16,-0.551833239217)
  );
#601 = DIRECTION('',(0.551833239217,-3.686951170381E-17,-0.833954480829)
  );
#602 = DEFINITIONAL_REPRESENTATION('',(#603),#607);
#603 = LINE('',#604,#605);
#604 = CARTESIAN_POINT('',(15.909195043,6.35));
#605 = VECTOR('',#606,1.);
#606 = DIRECTION('',(1.,0.));
#607 = ( GEOMETRIC_REPRESENTATION_CONTEXT(2) 
PARAMETRIC_REPRESENTATION_CONTEXT() REPRESENTATION_CONTEXT('2D SPACE',''
  ) );
#608 = ORIENTED_EDGE('',*,*,#609,.F.);
#609 = EDGE_CURVE('',#610,#582,#612,.T.);
#610 = VERTEX_POINT('',#611);
#611 = CARTESIAN_POINT('',(-29.00187186696,6.35,-34.41938086015));
#612 = SURFACE_CURVE('',#613,(#618,#625),.PCURVE_S1.);
#613 = CIRCLE('',#614,5.08);
#614 = AXIS2_PLACEMENT_3D('',#615,#616,#617);
#615 = CARTESIAN_POINT('',(-31.80518472218,6.35,-30.18289209754));
#616 = DIRECTION('',(-1.225315935864E-16,-1.,-3.686951170381E-17));
#617 = DIRECTION('',(0.551833239217,-3.686951170381E-17,-0.833954480829)
  );
#618 = PCURVE('',#124,#619);
#619 = DEFINITIONAL_REPRESENTATION('',(#620),#624);
#620 = CIRCLE('',#621,5.08);
#621 = AXIS2_PLACEMENT_2D('',#622,#623);
#622 = CARTESIAN_POINT('',(7.62,-43.17999942779));
#623 = DIRECTION('',(1.,0.));
#624 = ( GEOMETRIC_REPRESENTATION_CONTEXT(2) 
PARAMETRIC_REPRESENTATION_CONTEXT() REPRESENTATION_CONTEXT('2D SPACE',''
  ) );
#625 = PCURVE('',#626,#636);
#626 = ( BOUNDED_SURFACE() B_SPLINE_SURFACE(2,2,(
    (#627,#628,#629)
    ,(#630,#631,#632)
    ,(#633,#634,#635
)),.UNSPECIFIED.,.F.,.F.,.F.) B_SPLINE_SURFACE_WITH_KNOTS((3,3),(3,3),(
    -1.570796326795,-5.082127736203E-16),(1.570796326795,3.14159265359),
.PIECEWISE_BEZIER_KNOTS.) GEOMETRIC_REPRESENTATION_ITEM() 
RATIONAL_B_SPLINE_SURFACE((
    (1.,0.707106781186,1.)
    ,(0.707106781187,0.5,0.707106781187)
,(1.,0.707106781186,1.))) REPRESENTATION_ITEM('') SURFACE() );
#627 = CARTESIAN_POINT('',(-28.26952417338,7.62,-26.32045705166));
#628 = CARTESIAN_POINT('',(-27.56869595957,7.62,-27.37957924232));
#629 = CARTESIAN_POINT('',(-27.56869595957,6.35,-27.37957924232));
#630 = CARTESIAN_POINT('',(-28.26952417338,12.7,-26.32045705166));
#631 = CARTESIAN_POINT('',(-24.76538310435,12.700000000001,
    -31.61606800493));
#632 = CARTESIAN_POINT('',(-24.76538310435,6.35,-31.61606800493));
#633 = CARTESIAN_POINT('',(-32.50601293599,12.7,-29.12376990689));
#634 = CARTESIAN_POINT('',(-29.00187186696,12.700000000001,
    -34.41938086015));
#635 = CARTESIAN_POINT('',(-29.00187186696,6.35,-34.41938086015));
#636 = DEFINITIONAL_REPRESENTATION('',(#637),#663);
#637 = B_SPLINE_CURVE_WITH_KNOTS('',3,(#638,#639,#640,#641,#642,#643,
    #644,#645,#646,#647,#648,#649,#650,#651,#652,#653,#654,#655,#656,
    #657,#658,#659,#660,#661,#662),.UNSPECIFIED.,.F.,.F.,(4,1,1,1,1,1,1,
    1,1,1,1,1,1,1,1,1,1,1,1,1,1,1,4),(0.,7.139983303613E-02,
    0.142799666072,0.214199499108,0.285599332145,0.356999165181,
    0.428398998217,0.499798831253,0.571198664289,0.642598497325,
    0.713998330361,0.785398163397,0.856797996434,0.92819782947,
    0.999597662506,1.070997495542,1.142397328578,1.213797161614,
    1.28519699465,1.356596827687,1.427996660723,1.499396493759,
    1.570796326795),.QUASI_UNIFORM_KNOTS.);
#638 = CARTESIAN_POINT('',(-5.082127736203E-16,3.14159265359));
#639 = CARTESIAN_POINT('',(-2.643304852828E-02,3.14159265359));
#640 = CARTESIAN_POINT('',(-7.852521262872E-02,3.14159265359));
#641 = CARTESIAN_POINT('',(-0.154606454553,3.14159265359));
#642 = CARTESIAN_POINT('',(-0.228904158181,3.14159265359));
#643 = CARTESIAN_POINT('',(-0.301661439934,3.14159265359));
#644 = CARTESIAN_POINT('',(-0.373106106239,3.14159265359));
#645 = CARTESIAN_POINT('',(-0.443450603945,3.14159265359));
#646 = CARTESIAN_POINT('',(-0.512895531033,3.14159265359));
#647 = CARTESIAN_POINT('',(-0.581631810168,3.14159265359));
#648 = CARTESIAN_POINT('',(-0.649842920765,3.14159265359));
#649 = CARTESIAN_POINT('',(-0.717706886775,3.14159265359));
#650 = CARTESIAN_POINT('',(-0.785398163397,3.14159265359));
#651 = CARTESIAN_POINT('',(-0.85308944002,3.14159265359));
#652 = CARTESIAN_POINT('',(-0.92095340603,3.14159265359));
#653 = CARTESIAN_POINT('',(-0.989164516627,3.14159265359));
#654 = CARTESIAN_POINT('',(-1.057900795762,3.14159265359));
#655 = CARTESIAN_POINT('',(-1.12734572285,3.14159265359));
#656 = CARTESIAN_POINT('',(-1.197690220556,3.14159265359));
#657 = CARTESIAN_POINT('',(-1.269134886861,3.14159265359));
#658 = CARTESIAN_POINT('',(-1.341892168614,3.14159265359));
#659 = CARTESIAN_POINT('',(-1.416189872242,3.14159265359));
#660 = CARTESIAN_POINT('',(-1.492271114166,3.14159265359));
#661 = CARTESIAN_POINT('',(-1.544363278267,3.14159265359));
#662 = CARTESIAN_POINT('',(-1.570796326795,3.14159265359));
#663 = ( GEOMETRIC_REPRESENTATION_CONTEXT(2) 
PARAMETRIC_REPRESENTATION_CONTEXT() REPRESENTATION_CONTEXT('2D SPACE',''
  ) );
#664 = ORIENTED_EDGE('',*,*,#665,.F.);
#665 = EDGE_CURVE('',#666,#610,#668,.T.);
#666 = VERTEX_POINT('',#667);
#667 = CARTESIAN_POINT('',(43.018436143075,6.35,13.23693704709));
#668 = SURFACE_CURVE('',#669,(#673,#680),.PCURVE_S1.);
#669 = LINE('',#670,#671);
#670 = CARTESIAN_POINT('',(86.442446437053,6.35,41.970894128874));
#671 = VECTOR('',#672,1.);
#672 = DIRECTION('',(-0.833954480829,1.225315935864E-16,-0.551833239217)
  );
#673 = PCURVE('',#124,#674);
#674 = DEFINITIONAL_REPRESENTATION('',(#675),#679);
#675 = LINE('',#676,#677);
#676 = CARTESIAN_POINT('',(12.7,95.25));
#677 = VECTOR('',#678,1.);
#678 = DIRECTION('',(0.,-1.));
#679 = ( GEOMETRIC_REPRESENTATION_CONTEXT(2) 
PARAMETRIC_REPRESENTATION_CONTEXT() REPRESENTATION_CONTEXT('2D SPACE',''
  ) );
#680 = PCURVE('',#186,#681);
#681 = DEFINITIONAL_REPRESENTATION('',(#682),#686);
#682 = LINE('',#683,#684);
#683 = CARTESIAN_POINT('',(0.785398163397,0.));
#684 = VECTOR('',#685,1.);
#685 = DIRECTION('',(0.,1.));
#686 = ( GEOMETRIC_REPRESENTATION_CONTEXT(2) 
PARAMETRIC_REPRESENTATION_CONTEXT() REPRESENTATION_CONTEXT('2D SPACE',''
  ) );
#687 = ORIENTED_EDGE('',*,*,#688,.F.);
#688 = EDGE_CURVE('',#689,#666,#691,.T.);
#689 = VERTEX_POINT('',#690);
#690 = CARTESIAN_POINT('',(35.97863452524,6.35,14.670112954482));
#691 = SURFACE_CURVE('',#692,(#697,#704),.PCURVE_S1.);
#692 = CIRCLE('',#693,5.08);
#693 = AXIS2_PLACEMENT_3D('',#694,#695,#696);
#694 = CARTESIAN_POINT('',(40.215123287853,6.35,17.473425809703));
#695 = DIRECTION('',(-1.225315935864E-16,-1.,-3.686951170381E-17));
#696 = DIRECTION('',(0.551833239217,-3.686951170381E-17,-0.833954480829)
  );
#697 = PCURVE('',#124,#698);
#698 = DEFINITIONAL_REPRESENTATION('',(#699),#703);
#699 = CIRCLE('',#700,5.08);
#700 = AXIS2_PLACEMENT_2D('',#701,#702);
#701 = CARTESIAN_POINT('',(7.62,43.179999427795));
#702 = DIRECTION('',(1.,0.));
#703 = ( GEOMETRIC_REPRESENTATION_CONTEXT(2) 
PARAMETRIC_REPRESENTATION_CONTEXT() REPRESENTATION_CONTEXT('2D SPACE',''
  ) );
#704 = PCURVE('',#705,#715);
#705 = ( BOUNDED_SURFACE() B_SPLINE_SURFACE(2,2,(
    (#706,#707,#708)
    ,(#709,#710,#711)
    ,(#712,#713,#714
)),.UNSPECIFIED.,.F.,.F.,.F.) B_SPLINE_SURFACE_WITH_KNOTS((3,3),(3,3),(
    -1.570796326795,-6.11040884867E-14),(-2.352213708095E-13,
    1.570796326795),.PIECEWISE_BEZIER_KNOTS.) 
GEOMETRIC_REPRESENTATION_ITEM() RATIONAL_B_SPLINE_SURFACE((
    (1.,0.707106781186,1.)
    ,(0.707106781187,0.5,0.707106781187)
,(1.,0.707106781186,1.))) REPRESENTATION_ITEM('') SURFACE() );
#706 = CARTESIAN_POINT('',(35.97863452524,6.35,14.670112954482));
#707 = CARTESIAN_POINT('',(35.97863452524,7.62,14.670112954481));
#708 = CARTESIAN_POINT('',(35.277806311434,7.62,15.729235145135));
#709 = CARTESIAN_POINT('',(38.781947380461,6.35,10.433624191868));
#710 = CARTESIAN_POINT('',(38.781947380463,12.700000000002,
    10.433624191867));
#711 = CARTESIAN_POINT('',(35.277806311434,12.7,15.729235145134));
#712 = CARTESIAN_POINT('',(43.018436143075,6.35,13.23693704709));
#713 = CARTESIAN_POINT('',(43.018436143076,12.700000000002,
    13.236937047089));
#714 = CARTESIAN_POINT('',(39.514295074047,12.7,18.532548000357));
#715 = DEFINITIONAL_REPRESENTATION('',(#716),#742);
#716 = B_SPLINE_CURVE_WITH_KNOTS('',3,(#717,#718,#719,#720,#721,#722,
    #723,#724,#725,#726,#727,#728,#729,#730,#731,#732,#733,#734,#735,
    #736,#737,#738,#739,#740,#741),.UNSPECIFIED.,.F.,.F.,(4,1,1,1,1,1,1,
    1,1,1,1,1,1,1,1,1,1,1,1,1,1,1,4),(4.712388980385,4.783788813421,
    4.855188646457,4.926588479493,4.997988312529,5.069388145565,
    5.140787978601,5.212187811638,5.283587644674,5.35498747771,
    5.426387310746,5.497787143782,5.569186976818,5.640586809854,
    5.711986642891,5.783386475927,5.854786308963,5.926186141999,
    5.997585975035,6.068985808071,6.140385641107,6.211785474143,
    6.28318530718),.QUASI_UNIFORM_KNOTS.);
#717 = CARTESIAN_POINT('',(-1.570796326795,-2.352213708095E-13));
#718 = CARTESIAN_POINT('',(-1.544363278267,-2.352213708095E-13));
#719 = CARTESIAN_POINT('',(-1.492271114166,-2.352213708095E-13));
#720 = CARTESIAN_POINT('',(-1.416189872242,-2.352213708095E-13));
#721 = CARTESIAN_POINT('',(-1.341892168614,-2.352213708095E-13));
#722 = CARTESIAN_POINT('',(-1.269134886861,-2.352213708095E-13));
#723 = CARTESIAN_POINT('',(-1.197690220556,-2.352213708095E-13));
#724 = CARTESIAN_POINT('',(-1.12734572285,-2.352213708095E-13));
#725 = CARTESIAN_POINT('',(-1.057900795762,-2.352213708095E-13));
#726 = CARTESIAN_POINT('',(-0.989164516627,-2.352213708095E-13));
#727 = CARTESIAN_POINT('',(-0.92095340603,-2.352213708095E-13));
#728 = CARTESIAN_POINT('',(-0.85308944002,-2.352213708095E-13));
#729 = CARTESIAN_POINT('',(-0.785398163398,-2.352213708095E-13));
#730 = CARTESIAN_POINT('',(-0.717706886775,-2.352213708095E-13));
#731 = CARTESIAN_POINT('',(-0.649842920765,-2.352213708095E-13));
#732 = CARTESIAN_POINT('',(-0.581631810168,-2.352213708095E-13));
#733 = CARTESIAN_POINT('',(-0.512895531033,-2.352213708095E-13));
#734 = CARTESIAN_POINT('',(-0.443450603945,-2.352213708095E-13));
#735 = CARTESIAN_POINT('',(-0.373106106239,-2.352213708095E-13));
#736 = CARTESIAN_POINT('',(-0.301661439934,-2.352213708095E-13));
#737 = CARTESIAN_POINT('',(-0.228904158181,-2.352213708095E-13));
#738 = CARTESIAN_POINT('',(-0.154606454553,-2.352213708095E-13));
#739 = CARTESIAN_POINT('',(-7.85252126288E-02,-2.352213708095E-13));
#740 = CARTESIAN_POINT('',(-2.643304852835E-02,-2.352213708095E-13));
#741 = CARTESIAN_POINT('',(-6.11040884867E-14,-2.352213708095E-13));
#742 = ( GEOMETRIC_REPRESENTATION_CONTEXT(2) 
PARAMETRIC_REPRESENTATION_CONTEXT() REPRESENTATION_CONTEXT('2D SPACE',''
  ) );
#743 = ORIENTED_EDGE('',*,*,#744,.T.);
#744 = EDGE_CURVE('',#689,#745,#747,.T.);
#745 = VERTEX_POINT('',#746);
#746 = CARTESIAN_POINT('',(33.525735776921,6.35,18.377040621768));
#747 = SURFACE_CURVE('',#748,(#752,#759),.PCURVE_S1.);
#748 = LINE('',#749,#750);
#749 = CARTESIAN_POINT('',(31.773665242407,6.35,21.024846098401));
#750 = VECTOR('',#751,1.);
#751 = DIRECTION('',(-0.551833239217,3.686951170381E-17,0.833954480829)
  );
#752 = PCURVE('',#124,#753);
#753 = DEFINITIONAL_REPRESENTATION('',(#754),#758);
#754 = LINE('',#755,#756);
#755 = CARTESIAN_POINT('',(0.,38.099999427795));
#756 = VECTOR('',#757,1.);
#757 = DIRECTION('',(-1.,0.));
#758 = ( GEOMETRIC_REPRESENTATION_CONTEXT(2) 
PARAMETRIC_REPRESENTATION_CONTEXT() REPRESENTATION_CONTEXT('2D SPACE',''
  ) );
#759 = PCURVE('',#760,#765);
#760 = PLANE('',#761);
#761 = AXIS2_PLACEMENT_3D('',#762,#763,#764);
#762 = CARTESIAN_POINT('',(38.781947380461,12.7,10.433624191868));
#763 = DIRECTION('',(0.833954480829,-1.225315935864E-16,0.551833239217)
  );
#764 = DIRECTION('',(-0.551833239217,3.686951170381E-17,0.833954480829)
  );
#765 = DEFINITIONAL_REPRESENTATION('',(#766),#770);
#766 = LINE('',#767,#768);
#767 = CARTESIAN_POINT('',(12.7,6.35));
#768 = VECTOR('',#769,1.);
#769 = DIRECTION('',(1.,0.));
#770 = ( GEOMETRIC_REPRESENTATION_CONTEXT(2) 
PARAMETRIC_REPRESENTATION_CONTEXT() REPRESENTATION_CONTEXT('2D SPACE',''
  ) );
#771 = ORIENTED_EDGE('',*,*,#772,.F.);
#772 = EDGE_CURVE('',#367,#745,#773,.T.);
#773 = SURFACE_CURVE('',#774,(#778,#785),.PCURVE_S1.);
#774 = LINE('',#775,#776);
#775 = CARTESIAN_POINT('',(160.62039913251,6.35,102.47642659418));
#776 = VECTOR('',#777,1.);
#777 = DIRECTION('',(0.833954480829,-1.225315935864E-16,0.551833239217)
  );
#778 = PCURVE('',#124,#779);
#779 = DEFINITIONAL_REPRESENTATION('',(#780),#784);
#780 = LINE('',#781,#782);
#781 = CARTESIAN_POINT('',(3.175,190.5));
#782 = VECTOR('',#783,1.);
#783 = DIRECTION('',(0.,1.));
#784 = ( GEOMETRIC_REPRESENTATION_CONTEXT(2) 
PARAMETRIC_REPRESENTATION_CONTEXT() REPRESENTATION_CONTEXT('2D SPACE',''
  ) );
#785 = PCURVE('',#406,#786);
#786 = DEFINITIONAL_REPRESENTATION('',(#787),#791);
#787 = LINE('',#788,#789);
#788 = CARTESIAN_POINT('',(6.28318530718,0.));
#789 = VECTOR('',#790,1.);
#790 = DIRECTION('',(0.,-1.));
#791 = ( GEOMETRIC_REPRESENTATION_CONTEXT(2) 
PARAMETRIC_REPRESENTATION_CONTEXT() REPRESENTATION_CONTEXT('2D SPACE',''
  ) );
#792 = FACE_BOUND('',#793,.F.);
#793 = EDGE_LOOP('',(#794));
#794 = ORIENTED_EDGE('',*,*,#109,.F.);
#795 = FACE_BOUND('',#796,.F.);
#796 = EDGE_LOOP('',(#797));
#797 = ORIENTED_EDGE('',*,*,#798,.T.);
#798 = EDGE_CURVE('',#799,#799,#801,.T.);
#799 = VERTEX_POINT('',#800);
#800 = CARTESIAN_POINT('',(8.47700005,6.35,-1.577721810442E-30));
#801 = SURFACE_CURVE('',#802,(#807,#818),.PCURVE_S1.);
#802 = CIRCLE('',#803,8.477);
#803 = AXIS2_PLACEMENT_3D('',#804,#805,#806);
#804 = CARTESIAN_POINT('',(4.999998282074E-08,6.35,-1.577721810442E-30)
  );
#805 = DIRECTION('',(5.176899690513E-31,1.,2.22044604925E-16));
#806 = DIRECTION('',(1.,-5.176899690513E-31,-1.149502646516E-46));
#807 = PCURVE('',#124,#808);
#808 = DEFINITIONAL_REPRESENTATION('',(#809),#817);
#809 = ( BOUNDED_CURVE() B_SPLINE_CURVE(2,(#810,#811,#812,#813,#814,#815
,#816),.UNSPECIFIED.,.T.,.F.) B_SPLINE_CURVE_WITH_KNOTS((1,2,2,2,2,1),(
    -2.094395102393,0.,2.094395102393,4.188790204786,6.28318530718,
8.377580409573),.UNSPECIFIED.) CURVE() GEOMETRIC_REPRESENTATION_ITEM() 
RATIONAL_B_SPLINE_CURVE((1.,0.5,1.,0.5,1.,0.5,1.)) REPRESENTATION_ITEM(
  '') );
#810 = CARTESIAN_POINT('',(4.677890396433,7.069432175688));
#811 = CARTESIAN_POINT('',(16.922506033165,-1.032911615382));
#812 = CARTESIAN_POINT('',(3.783362661537,-7.585887920833));
#813 = CARTESIAN_POINT('',(-9.355780710091,-14.13886422628));
#814 = CARTESIAN_POINT('',(-8.461252975195,0.516455870238));
#815 = CARTESIAN_POINT('',(-7.566725240299,15.171775966759));
#816 = CARTESIAN_POINT('',(4.677890396433,7.069432175688));
#817 = ( GEOMETRIC_REPRESENTATION_CONTEXT(2) 
PARAMETRIC_REPRESENTATION_CONTEXT() REPRESENTATION_CONTEXT('2D SPACE',''
  ) );
#818 = PCURVE('',#158,#819);
#819 = DEFINITIONAL_REPRESENTATION('',(#820),#824);
#820 = LINE('',#821,#822);
#821 = CARTESIAN_POINT('',(0.,-12.9100002));
#822 = VECTOR('',#823,1.);
#823 = DIRECTION('',(1.,0.));
#824 = ( GEOMETRIC_REPRESENTATION_CONTEXT(2) 
PARAMETRIC_REPRESENTATION_CONTEXT() REPRESENTATION_CONTEXT('2D SPACE',''
  ) );
#825 = ADVANCED_FACE('',(#826),#158,.F.);
#826 = FACE_BOUND('',#827,.F.);
#827 = EDGE_LOOP('',(#828,#829,#850,#851,#941,#942));
#828 = ORIENTED_EDGE('',*,*,#798,.F.);
#829 = ORIENTED_EDGE('',*,*,#830,.T.);
#830 = EDGE_CURVE('',#799,#142,#831,.T.);
#831 = SEAM_CURVE('',#832,(#836,#843),.PCURVE_S1.);
#832 = LINE('',#833,#834);
#833 = CARTESIAN_POINT('',(8.47700005,19.2600002,2.866595893991E-15));
#834 = VECTOR('',#835,1.);
#835 = DIRECTION('',(-5.176899690513E-31,-1.,-2.22044604925E-16));
#836 = PCURVE('',#158,#837);
#837 = DEFINITIONAL_REPRESENTATION('',(#838),#842);
#838 = LINE('',#839,#840);
#839 = CARTESIAN_POINT('',(6.28318530718,0.));
#840 = VECTOR('',#841,1.);
#841 = DIRECTION('',(0.,-1.));
#842 = ( GEOMETRIC_REPRESENTATION_CONTEXT(2) 
PARAMETRIC_REPRESENTATION_CONTEXT() REPRESENTATION_CONTEXT('2D SPACE',''
  ) );
#843 = PCURVE('',#158,#844);
#844 = DEFINITIONAL_REPRESENTATION('',(#845),#849);
#845 = LINE('',#846,#847);
#846 = CARTESIAN_POINT('',(0.,0.));
#847 = VECTOR('',#848,1.);
#848 = DIRECTION('',(0.,-1.));
#849 = ( GEOMETRIC_REPRESENTATION_CONTEXT(2) 
PARAMETRIC_REPRESENTATION_CONTEXT() REPRESENTATION_CONTEXT('2D SPACE',''
  ) );
#850 = ORIENTED_EDGE('',*,*,#305,.T.);
#851 = ORIENTED_EDGE('',*,*,#852,.T.);
#852 = EDGE_CURVE('',#283,#140,#853,.T.);
#853 = SURFACE_CURVE('',#854,(#881,#911),.PCURVE_S1.);
#854 = B_SPLINE_CURVE_WITH_KNOTS('',7,(#855,#856,#857,#858,#859,#860,
    #861,#862,#863,#864,#865,#866,#867,#868,#869,#870,#871,#872,#873,
    #874,#875,#876,#877,#878,#879,#880),.UNSPECIFIED.,.F.,.F.,(8,6,6,6,8
    ),(0.,0.296684124132,0.500000080638,0.704105063542,1.),
  .UNSPECIFIED.);
#855 = CARTESIAN_POINT('',(8.187449290591,-5.773159728051E-15,
    -2.196634683499));
#856 = CARTESIAN_POINT('',(8.041238470912,-6.014999387153E-15,
    -2.741601797756));
#857 = CARTESIAN_POINT('',(7.856239804627,2.56696144033E-02,
    -3.262051862784));
#858 = CARTESIAN_POINT('',(7.636849826179,6.667017098693E-02,
    -3.756303032182));
#859 = CARTESIAN_POINT('',(7.386870480794,0.115435221197,-4.223809012679
    ));
#860 = CARTESIAN_POINT('',(7.109181760338,0.16607196062,-4.664736898863)
  );
#861 = CARTESIAN_POINT('',(6.805653273379,0.214074481619,-5.079550690357
    ));
#862 = CARTESIAN_POINT('',(6.252119629766,0.284750911826,-5.735178093875
    ));
#863 = CARTESIAN_POINT('',(6.015441671434,0.310627925351,-5.989537322465
    ));
#864 = CARTESIAN_POINT('',(5.767798389284,0.332506186891,-6.231414842237
    ));
#865 = CARTESIAN_POINT('',(5.509748949765,0.349512103839,-6.460586030714
    ));
#866 = CARTESIAN_POINT('',(5.241790697687,0.361052613494,-6.676821268568
    ));
#867 = CARTESIAN_POINT('',(4.964369103397,0.366826019359,-6.879867278715
    ));
#868 = CARTESIAN_POINT('',(4.390299970859,0.366826019359,-7.259732650537
    ));
#869 = CARTESIAN_POINT('',(4.093774473937,0.361007718603,-7.436319812257
    ));
#870 = CARTESIAN_POINT('',(3.78874605132,0.349377560778,-7.598931328856)
  );
#871 = CARTESIAN_POINT('',(3.475626176042,0.332241964992,-7.747252751596
    ));
#872 = CARTESIAN_POINT('',(3.154824774251,0.310203143545,-7.880911602815
    ));
#873 = CARTESIAN_POINT('',(2.826771656082,0.284148054455,-7.999475479294
    ));
#874 = CARTESIAN_POINT('',(2.006528751526,0.213308135057,-8.251744267825
    ));
#875 = CARTESIAN_POINT('',(1.507211479643,0.165398639408,-8.368174567722
    ));
#876 = CARTESIAN_POINT('',(0.994039009898,0.114917168568,-8.450773807416
    ));
#877 = CARTESIAN_POINT('',(0.467314980262,6.634364424907E-02,
    -8.497647856818));
#878 = CARTESIAN_POINT('',(-7.199085297468E-02,2.553314159841E-02,
    -8.506098593055));
#879 = CARTESIAN_POINT('',(-0.621900126756,-3.819015698165E-15,
    -8.472865103639));
#880 = CARTESIAN_POINT('',(-1.179167082988,-3.10862446895E-15,
    -8.394587177014));
#881 = PCURVE('',#158,#882);
#882 = DEFINITIONAL_REPRESENTATION('',(#883),#910);
#883 = B_SPLINE_CURVE_WITH_KNOTS('',7,(#884,#885,#886,#887,#888,#889,
    #890,#891,#892,#893,#894,#895,#896,#897,#898,#899,#900,#901,#902,
    #903,#904,#905,#906,#907,#908,#909),.UNSPECIFIED.,.F.,.F.,(8,6,6,6,8
    ),(0.,0.296684124132,0.500000080638,0.704105063542,1.),
  .UNSPECIFIED.);
#884 = CARTESIAN_POINT('',(0.262120064629,-19.2600002));
#885 = CARTESIAN_POINT('',(0.328681346201,-19.2600002));
#886 = CARTESIAN_POINT('',(0.393634906784,-19.23433058559));
#887 = CARTESIAN_POINT('',(0.457136460717,-19.19333002901));
#888 = CARTESIAN_POINT('',(0.519384210751,-19.1445649788));
#889 = CARTESIAN_POINT('',(0.580614336392,-19.09392823938));
#890 = CARTESIAN_POINT('',(0.641103236735,-19.04592571838));
#891 = CARTESIAN_POINT('',(0.742323980245,-18.97524928817));
#892 = CARTESIAN_POINT('',(0.783262583813,-18.94937227464));
#893 = CARTESIAN_POINT('',(0.824024484457,-18.9274940131));
#894 = CARTESIAN_POINT('',(0.864655271315,-18.91048809616));
#895 = CARTESIAN_POINT('',(0.905201709768,-18.8989475865));
#896 = CARTESIAN_POINT('',(0.945711857077,-18.89317418064));
#897 = CARTESIAN_POINT('',(1.026916276563,-18.89317418064));
#898 = CARTESIAN_POINT('',(1.067583426763,-18.89899248139));
#899 = CARTESIAN_POINT('',(1.108287261767,-18.91062263922));
#900 = CARTESIAN_POINT('',(1.149076463358,-18.927758235));
#901 = CARTESIAN_POINT('',(1.189998404984,-18.94979705645));
#902 = CARTESIAN_POINT('',(1.231099279158,-18.97585214554));
#903 = CARTESIAN_POINT('',(1.33233316354,-19.04669206494));
#904 = CARTESIAN_POINT('',(1.392670790604,-19.09460156059));
#905 = CARTESIAN_POINT('',(1.453748584382,-19.14508303143));
#906 = CARTESIAN_POINT('',(1.515840729678,-19.19365655575));
#907 = CARTESIAN_POINT('',(1.579181322766,-19.2344670584));
#908 = CARTESIAN_POINT('',(1.643966724409,-19.2600002));
#909 = CARTESIAN_POINT('',(1.710350805542,-19.2600002));
#910 = ( GEOMETRIC_REPRESENTATION_CONTEXT(2) 
PARAMETRIC_REPRESENTATION_CONTEXT() REPRESENTATION_CONTEXT('2D SPACE',''
  ) );
#911 = PCURVE('',#186,#912);
#912 = DEFINITIONAL_REPRESENTATION('',(#913),#940);
#913 = B_SPLINE_CURVE_WITH_KNOTS('',7,(#914,#915,#916,#917,#918,#919,
    #920,#921,#922,#923,#924,#925,#926,#927,#928,#929,#930,#931,#932,
    #933,#934,#935,#936,#937,#938,#939),.UNSPECIFIED.,.F.,.F.,(8,6,6,6,8
    ),(0.,0.296684124132,0.500000080638,0.704105063542,1.),
  .UNSPECIFIED.);
#914 = CARTESIAN_POINT('',(2.356194490192,89.63421601032));
#915 = CARTESIAN_POINT('',(2.297329328522,90.056880146464));
#916 = CARTESIAN_POINT('',(2.245054667707,90.498362258394));
#917 = CARTESIAN_POINT('',(2.198877200814,90.954067737767));
#918 = CARTESIAN_POINT('',(2.158536576289,91.420524472535));
#919 = CARTESIAN_POINT('',(2.123859285947,91.89542288893));
#920 = CARTESIAN_POINT('',(2.094766913121,92.37745986892));
#921 = CARTESIAN_POINT('',(2.055169668677,93.200878725104));
#922 = CARTESIAN_POINT('',(2.041704423763,93.538621246006));
#923 = CARTESIAN_POINT('',(2.030896984879,93.878620526032));
#924 = CARTESIAN_POINT('',(2.02277101848,94.220286291667));
#925 = CARTESIAN_POINT('',(2.017345419116,94.5630770684));
#926 = CARTESIAN_POINT('',(2.014631039632,94.906481587526));
#927 = CARTESIAN_POINT('',(2.014631039632,95.594851451512));
#928 = CARTESIAN_POINT('',(2.017366527596,95.939586883805));
#929 = CARTESIAN_POINT('',(2.022834270324,96.283701143566));
#930 = CARTESIAN_POINT('',(2.031023248199,96.626677557747));
#931 = CARTESIAN_POINT('',(2.041914302732,96.967968721045));
#932 = CARTESIAN_POINT('',(2.055483489525,97.306977576904));
#933 = CARTESIAN_POINT('',(2.095231770727,98.130233125255));
#934 = CARTESIAN_POINT('',(2.124320855507,98.610891111033));
#935 = CARTESIAN_POINT('',(2.158965800661,99.084434597611));
#936 = CARTESIAN_POINT('',(2.199245491212,99.549565120805));
#937 = CARTESIAN_POINT('',(2.245332613211,100.00398503412));
#938 = CARTESIAN_POINT('',(2.297486040236,100.44424499292));
#939 = CARTESIAN_POINT('',(2.356194490192,100.86578390628));
#940 = ( GEOMETRIC_REPRESENTATION_CONTEXT(2) 
PARAMETRIC_REPRESENTATION_CONTEXT() REPRESENTATION_CONTEXT('2D SPACE',''
  ) );
#941 = ORIENTED_EDGE('',*,*,#139,.T.);
#942 = ORIENTED_EDGE('',*,*,#830,.F.);
#943 = ADVANCED_FACE('',(#944),#186,.T.);
#944 = FACE_BOUND('',#945,.T.);
#945 = EDGE_LOOP('',(#946,#992,#1020,#1046,#1047,#1048,#1049,#1077,#1105
    ,#1149));
#946 = ORIENTED_EDGE('',*,*,#947,.F.);
#947 = EDGE_CURVE('',#948,#666,#950,.T.);
#948 = VERTEX_POINT('',#949);
#949 = CARTESIAN_POINT('',(39.514295074047,12.7,18.532548000357));
#950 = SURFACE_CURVE('',#951,(#956,#963),.PCURVE_S1.);
#951 = CIRCLE('',#952,6.35);
#952 = AXIS2_PLACEMENT_3D('',#953,#954,#955);
#953 = CARTESIAN_POINT('',(39.514295074047,6.35,18.532548000357));
#954 = DIRECTION('',(-0.833954480829,1.387778780781E-16,-0.551833239217)
  );
#955 = DIRECTION('',(0.390205025534,0.707106781187,-0.589694868595));
#956 = PCURVE('',#186,#957);
#957 = DEFINITIONAL_REPRESENTATION('',(#958),#962);
#958 = LINE('',#959,#960);
#959 = CARTESIAN_POINT('',(-6.28318530718,52.070000572205));
#960 = VECTOR('',#961,1.);
#961 = DIRECTION('',(1.,0.));
#962 = ( GEOMETRIC_REPRESENTATION_CONTEXT(2) 
PARAMETRIC_REPRESENTATION_CONTEXT() REPRESENTATION_CONTEXT('2D SPACE',''
  ) );
#963 = PCURVE('',#705,#964);
#964 = DEFINITIONAL_REPRESENTATION('',(#965),#991);
#965 = B_SPLINE_CURVE_WITH_KNOTS('',3,(#966,#967,#968,#969,#970,#971,
    #972,#973,#974,#975,#976,#977,#978,#979,#980,#981,#982,#983,#984,
    #985,#986,#987,#988,#989,#990),.UNSPECIFIED.,.F.,.F.,(4,1,1,1,1,1,1,
    1,1,1,1,1,1,1,1,1,1,1,1,1,1,1,4),(5.497787143782,5.569186976818,
    5.640586809854,5.711986642891,5.783386475927,5.854786308963,
    5.926186141999,5.997585975035,6.068985808071,6.140385641107,
    6.211785474143,6.28318530718,6.354585140216,6.425984973252,
    6.497384806288,6.568784639324,6.64018447236,6.711584305396,
    6.782984138433,6.854383971469,6.925783804505,6.997183637541,
    7.068583470577),.QUASI_UNIFORM_KNOTS.);
#966 = CARTESIAN_POINT('',(-6.11040884867E-14,1.570796326795));
#967 = CARTESIAN_POINT('',(-6.11040884867E-14,1.544363278267));
#968 = CARTESIAN_POINT('',(-6.11040884867E-14,1.492271114166));
#969 = CARTESIAN_POINT('',(-6.11040884867E-14,1.416189872242));
#970 = CARTESIAN_POINT('',(-6.11040884867E-14,1.341892168614));
#971 = CARTESIAN_POINT('',(-6.11040884867E-14,1.269134886861));
#972 = CARTESIAN_POINT('',(-6.11040884867E-14,1.197690220556));
#973 = CARTESIAN_POINT('',(-6.11040884867E-14,1.12734572285));
#974 = CARTESIAN_POINT('',(-6.11040884867E-14,1.057900795762));
#975 = CARTESIAN_POINT('',(-6.11040884867E-14,0.989164516627));
#976 = CARTESIAN_POINT('',(-6.11040884867E-14,0.92095340603));
#977 = CARTESIAN_POINT('',(-6.11040884867E-14,0.85308944002));
#978 = CARTESIAN_POINT('',(-6.11040884867E-14,0.785398163397));
#979 = CARTESIAN_POINT('',(-6.11040884867E-14,0.717706886775));
#980 = CARTESIAN_POINT('',(-6.11040884867E-14,0.649842920765));
#981 = CARTESIAN_POINT('',(-6.11040884867E-14,0.581631810168));
#982 = CARTESIAN_POINT('',(-6.11040884867E-14,0.512895531033));
#983 = CARTESIAN_POINT('',(-6.11040884867E-14,0.443450603944));
#984 = CARTESIAN_POINT('',(-6.11040884867E-14,0.373106106239));
#985 = CARTESIAN_POINT('',(-6.11040884867E-14,0.301661439934));
#986 = CARTESIAN_POINT('',(-6.11040884867E-14,0.228904158181));
#987 = CARTESIAN_POINT('',(-6.11040884867E-14,0.154606454553));
#988 = CARTESIAN_POINT('',(-6.11040884867E-14,7.852521262851E-02));
#989 = CARTESIAN_POINT('',(-6.11040884867E-14,2.643304852806E-02));
#990 = CARTESIAN_POINT('',(-6.11040884867E-14,-2.352213708095E-13));
#991 = ( GEOMETRIC_REPRESENTATION_CONTEXT(2) 
PARAMETRIC_REPRESENTATION_CONTEXT() REPRESENTATION_CONTEXT('2D SPACE',''
  ) );
#992 = ORIENTED_EDGE('',*,*,#993,.T.);
#993 = EDGE_CURVE('',#948,#994,#996,.T.);
#994 = VERTEX_POINT('',#995);
#995 = CARTESIAN_POINT('',(162.37246966702,12.7,99.828621117548));
#996 = SURFACE_CURVE('',#997,(#1001,#1008),.PCURVE_S1.);
#997 = LINE('',#998,#999);
#998 = CARTESIAN_POINT('',(82.938305368026,12.7,47.266505082141));
#999 = VECTOR('',#1000,1.);
#1000 = DIRECTION('',(0.833954480829,-1.225315935864E-16,0.551833239217)
  );
#1001 = PCURVE('',#186,#1002);
#1002 = DEFINITIONAL_REPRESENTATION('',(#1003),#1007);
#1003 = LINE('',#1004,#1005);
#1004 = CARTESIAN_POINT('',(-0.785398163397,0.));
#1005 = VECTOR('',#1006,1.);
#1006 = DIRECTION('',(0.,-1.));
#1007 = ( GEOMETRIC_REPRESENTATION_CONTEXT(2) 
PARAMETRIC_REPRESENTATION_CONTEXT() REPRESENTATION_CONTEXT('2D SPACE',''
  ) );
#1008 = PCURVE('',#1009,#1014);
#1009 = PLANE('',#1010);
#1010 = AXIS2_PLACEMENT_3D('',#1011,#1012,#1013);
#1011 = CARTESIAN_POINT('',(1.556151238547E-15,12.7,4.682427986384E-16)
  );
#1012 = DIRECTION('',(1.225315935864E-16,1.,3.686951170381E-17));
#1013 = DIRECTION('',(-0.551833239217,3.686951170381E-17,0.833954480829)
  );
#1014 = DEFINITIONAL_REPRESENTATION('',(#1015),#1019);
#1015 = LINE('',#1016,#1017);
#1016 = CARTESIAN_POINT('',(-6.35,95.25));
#1017 = VECTOR('',#1018,1.);
#1018 = DIRECTION('',(0.,1.));
#1019 = ( GEOMETRIC_REPRESENTATION_CONTEXT(2) 
PARAMETRIC_REPRESENTATION_CONTEXT() REPRESENTATION_CONTEXT('2D SPACE',''
  ) );
#1020 = ORIENTED_EDGE('',*,*,#1021,.T.);
#1021 = EDGE_CURVE('',#994,#255,#1022,.T.);
#1022 = SURFACE_CURVE('',#1023,(#1028,#1035),.PCURVE_S1.);
#1023 = CIRCLE('',#1024,6.35);
#1024 = AXIS2_PLACEMENT_3D('',#1025,#1026,#1027);
#1025 = CARTESIAN_POINT('',(162.37246966702,6.35,99.828621117548));
#1026 = DIRECTION('',(-0.833954480829,1.387778780781E-16,-0.551833239217
    ));
#1027 = DIRECTION('',(0.390205025534,-0.707106781187,-0.589694868595));
#1028 = PCURVE('',#186,#1029);
#1029 = DEFINITIONAL_REPRESENTATION('',(#1030),#1034);
#1030 = LINE('',#1031,#1032);
#1031 = CARTESIAN_POINT('',(-4.712388980385,-95.25));
#1032 = VECTOR('',#1033,1.);
#1033 = DIRECTION('',(1.,0.));
#1034 = ( GEOMETRIC_REPRESENTATION_CONTEXT(2) 
PARAMETRIC_REPRESENTATION_CONTEXT() REPRESENTATION_CONTEXT('2D SPACE',''
  ) );
#1035 = PCURVE('',#270,#1036);
#1036 = DEFINITIONAL_REPRESENTATION('',(#1037),#1045);
#1037 = ( BOUNDED_CURVE() B_SPLINE_CURVE(2,(#1038,#1039,#1040,#1041,
#1042,#1043,#1044),.UNSPECIFIED.,.T.,.F.) B_SPLINE_CURVE_WITH_KNOTS((1,2
    ,2,2,2,1),(-2.094395102393,0.,2.094395102393,4.188790204786,
6.28318530718,8.377580409573),.UNSPECIFIED.) CURVE() 
GEOMETRIC_REPRESENTATION_ITEM() RATIONAL_B_SPLINE_CURVE((1.,0.5,1.,0.5,
1.,0.5,1.)) REPRESENTATION_ITEM('') );
#1038 = CARTESIAN_POINT('',(23.540128060535,1.859871939465));
#1039 = CARTESIAN_POINT('',(15.762998127198,-5.917257993871));
#1040 = CARTESIAN_POINT('',(12.916371003064,4.706499063599));
#1041 = CARTESIAN_POINT('',(10.069743878931,15.330256121069));
#1042 = CARTESIAN_POINT('',(20.693500936401,12.483628996936));
#1043 = CARTESIAN_POINT('',(31.317257993871,9.637001872802));
#1044 = CARTESIAN_POINT('',(23.540128060535,1.859871939465));
#1045 = ( GEOMETRIC_REPRESENTATION_CONTEXT(2) 
PARAMETRIC_REPRESENTATION_CONTEXT() REPRESENTATION_CONTEXT('2D SPACE',''
  ) );
#1046 = ORIENTED_EDGE('',*,*,#282,.T.);
#1047 = ORIENTED_EDGE('',*,*,#852,.T.);
#1048 = ORIENTED_EDGE('',*,*,#170,.T.);
#1049 = ORIENTED_EDGE('',*,*,#1050,.T.);
#1050 = EDGE_CURVE('',#171,#1051,#1053,.T.);
#1051 = VERTEX_POINT('',#1052);
#1052 = CARTESIAN_POINT('',(-155.3641875289,12.7,-110.419843024));
#1053 = SURFACE_CURVE('',#1054,(#1059,#1066),.PCURVE_S1.);
#1054 = CIRCLE('',#1055,6.35);
#1055 = AXIS2_PLACEMENT_3D('',#1056,#1057,#1058);
#1056 = CARTESIAN_POINT('',(-155.3641875289,6.35,-110.419843024));
#1057 = DIRECTION('',(0.833954480829,-1.387778780781E-16,0.551833239217)
  );
#1058 = DIRECTION('',(0.390205025534,0.707106781187,-0.589694868595));
#1059 = PCURVE('',#186,#1060);
#1060 = DEFINITIONAL_REPRESENTATION('',(#1061),#1065);
#1061 = LINE('',#1062,#1063);
#1062 = CARTESIAN_POINT('',(6.28318530718,285.75));
#1063 = VECTOR('',#1064,1.);
#1064 = DIRECTION('',(-1.,0.));
#1065 = ( GEOMETRIC_REPRESENTATION_CONTEXT(2) 
PARAMETRIC_REPRESENTATION_CONTEXT() REPRESENTATION_CONTEXT('2D SPACE',''
  ) );
#1066 = PCURVE('',#214,#1067);
#1067 = DEFINITIONAL_REPRESENTATION('',(#1068),#1076);
#1068 = ( BOUNDED_CURVE() B_SPLINE_CURVE(2,(#1069,#1070,#1071,#1072,
#1073,#1074,#1075),.UNSPECIFIED.,.T.,.F.) B_SPLINE_CURVE_WITH_KNOTS((1,2
    ,2,2,2,1),(-2.094395102393,0.,2.094395102393,4.188790204786,
6.28318530718,8.377580409573),.UNSPECIFIED.) CURVE() 
GEOMETRIC_REPRESENTATION_ITEM() RATIONAL_B_SPLINE_CURVE((1.,0.5,1.,0.5,
1.,0.5,1.)) REPRESENTATION_ITEM('') );
#1069 = CARTESIAN_POINT('',(1.859871939465,10.840128060535));
#1070 = CARTESIAN_POINT('',(9.637001872802,18.617257993871));
#1071 = CARTESIAN_POINT('',(12.483628996936,7.993500936401));
#1072 = CARTESIAN_POINT('',(15.330256121069,-2.630256121069));
#1073 = CARTESIAN_POINT('',(4.706499063599,0.216371003064));
#1074 = CARTESIAN_POINT('',(-5.917257993871,3.062998127198));
#1075 = CARTESIAN_POINT('',(1.859871939465,10.840128060535));
#1076 = ( GEOMETRIC_REPRESENTATION_CONTEXT(2) 
PARAMETRIC_REPRESENTATION_CONTEXT() REPRESENTATION_CONTEXT('2D SPACE',''
  ) );
#1077 = ORIENTED_EDGE('',*,*,#1078,.T.);
#1078 = EDGE_CURVE('',#1051,#1079,#1081,.T.);
#1079 = VERTEX_POINT('',#1080);
#1080 = CARTESIAN_POINT('',(-32.50601293599,12.7,-29.12376990689));
#1081 = SURFACE_CURVE('',#1082,(#1086,#1093),.PCURVE_S1.);
#1082 = LINE('',#1083,#1084);
#1083 = CARTESIAN_POINT('',(82.938305368026,12.7,47.266505082141));
#1084 = VECTOR('',#1085,1.);
#1085 = DIRECTION('',(0.833954480829,-1.225315935864E-16,0.551833239217)
  );
#1086 = PCURVE('',#186,#1087);
#1087 = DEFINITIONAL_REPRESENTATION('',(#1088),#1092);
#1088 = LINE('',#1089,#1090);
#1089 = CARTESIAN_POINT('',(-0.785398163397,0.));
#1090 = VECTOR('',#1091,1.);
#1091 = DIRECTION('',(0.,-1.));
#1092 = ( GEOMETRIC_REPRESENTATION_CONTEXT(2) 
PARAMETRIC_REPRESENTATION_CONTEXT() REPRESENTATION_CONTEXT('2D SPACE',''
  ) );
#1093 = PCURVE('',#1094,#1099);
#1094 = PLANE('',#1095);
#1095 = AXIS2_PLACEMENT_3D('',#1096,#1097,#1098);
#1096 = CARTESIAN_POINT('',(1.556151238547E-15,12.7,4.682427986384E-16)
  );
#1097 = DIRECTION('',(1.225315935864E-16,1.,3.686951170381E-17));
#1098 = DIRECTION('',(-0.551833239217,3.686951170381E-17,0.833954480829)
  );
#1099 = DEFINITIONAL_REPRESENTATION('',(#1100),#1104);
#1100 = LINE('',#1101,#1102);
#1101 = CARTESIAN_POINT('',(-6.35,95.25));
#1102 = VECTOR('',#1103,1.);
#1103 = DIRECTION('',(0.,1.));
#1104 = ( GEOMETRIC_REPRESENTATION_CONTEXT(2) 
PARAMETRIC_REPRESENTATION_CONTEXT() REPRESENTATION_CONTEXT('2D SPACE',''
  ) );
#1105 = ORIENTED_EDGE('',*,*,#1106,.F.);
#1106 = EDGE_CURVE('',#610,#1079,#1107,.T.);
#1107 = SURFACE_CURVE('',#1108,(#1113,#1120),.PCURVE_S1.);
#1108 = CIRCLE('',#1109,6.35);
#1109 = AXIS2_PLACEMENT_3D('',#1110,#1111,#1112);
#1110 = CARTESIAN_POINT('',(-32.50601293599,6.35,-29.12376990689));
#1111 = DIRECTION('',(0.833954480829,-1.387778780781E-16,0.551833239217)
  );
#1112 = DIRECTION('',(0.390205025534,0.707106781187,-0.589694868595));
#1113 = PCURVE('',#186,#1114);
#1114 = DEFINITIONAL_REPRESENTATION('',(#1115),#1119);
#1115 = LINE('',#1116,#1117);
#1116 = CARTESIAN_POINT('',(6.28318530718,138.42999942779));
#1117 = VECTOR('',#1118,1.);
#1118 = DIRECTION('',(-1.,0.));
#1119 = ( GEOMETRIC_REPRESENTATION_CONTEXT(2) 
PARAMETRIC_REPRESENTATION_CONTEXT() REPRESENTATION_CONTEXT('2D SPACE',''
  ) );
#1120 = PCURVE('',#626,#1121);
#1121 = DEFINITIONAL_REPRESENTATION('',(#1122),#1148);
#1122 = B_SPLINE_CURVE_WITH_KNOTS('',3,(#1123,#1124,#1125,#1126,#1127,
    #1128,#1129,#1130,#1131,#1132,#1133,#1134,#1135,#1136,#1137,#1138,
    #1139,#1140,#1141,#1142,#1143,#1144,#1145,#1146,#1147),
  .UNSPECIFIED.,.F.,.F.,(4,1,1,1,1,1,1,1,1,1,1,1,1,1,1,1,1,1,1,1,1,1,4),
  (5.497787143782,5.569186976818,5.640586809854,5.711986642891,
    5.783386475927,5.854786308963,5.926186141999,5.997585975035,
    6.068985808071,6.140385641107,6.211785474143,6.28318530718,
    6.354585140216,6.425984973252,6.497384806288,6.568784639324,
    6.64018447236,6.711584305396,6.782984138433,6.854383971469,
    6.925783804505,6.997183637541,7.068583470577),
  .QUASI_UNIFORM_KNOTS.);
#1123 = CARTESIAN_POINT('',(-5.082127736203E-16,3.14159265359));
#1124 = CARTESIAN_POINT('',(-5.082127736203E-16,3.115159605062));
#1125 = CARTESIAN_POINT('',(-5.082127736203E-16,3.063067440961));
#1126 = CARTESIAN_POINT('',(-5.082127736203E-16,2.986986199037));
#1127 = CARTESIAN_POINT('',(-5.082127736203E-16,2.912688495409));
#1128 = CARTESIAN_POINT('',(-5.082127736203E-16,2.839931213656));
#1129 = CARTESIAN_POINT('',(-5.082127736203E-16,2.768486547351));
#1130 = CARTESIAN_POINT('',(-5.082127736203E-16,2.698142049645));
#1131 = CARTESIAN_POINT('',(-5.082127736203E-16,2.628697122557));
#1132 = CARTESIAN_POINT('',(-5.082127736203E-16,2.559960843422));
#1133 = CARTESIAN_POINT('',(-5.082127736203E-16,2.491749732825));
#1134 = CARTESIAN_POINT('',(-5.082127736203E-16,2.423885766815));
#1135 = CARTESIAN_POINT('',(-5.082127736203E-16,2.356194490192));
#1136 = CARTESIAN_POINT('',(-5.082127736203E-16,2.28850321357));
#1137 = CARTESIAN_POINT('',(-5.082127736203E-16,2.22063924756));
#1138 = CARTESIAN_POINT('',(-5.082127736203E-16,2.152428136962));
#1139 = CARTESIAN_POINT('',(-5.082127736203E-16,2.083691857827));
#1140 = CARTESIAN_POINT('',(-5.082127736203E-16,2.014246930739));
#1141 = CARTESIAN_POINT('',(-5.082127736203E-16,1.943902433034));
#1142 = CARTESIAN_POINT('',(-5.082127736203E-16,1.872457766729));
#1143 = CARTESIAN_POINT('',(-5.082127736203E-16,1.799700484976));
#1144 = CARTESIAN_POINT('',(-5.082127736203E-16,1.725402781348));
#1145 = CARTESIAN_POINT('',(-5.082127736203E-16,1.649321539424));
#1146 = CARTESIAN_POINT('',(-5.082127736203E-16,1.597229375323));
#1147 = CARTESIAN_POINT('',(-5.082127736203E-16,1.570796326795));
#1148 = ( GEOMETRIC_REPRESENTATION_CONTEXT(2) 
PARAMETRIC_REPRESENTATION_CONTEXT() REPRESENTATION_CONTEXT('2D SPACE',''
  ) );
#1149 = ORIENTED_EDGE('',*,*,#665,.F.);
#1150 = ADVANCED_FACE('',(#1151,#1232),#270,.T.);
#1151 = FACE_BOUND('',#1152,.T.);
#1152 = EDGE_LOOP('',(#1153,#1154,#1177,#1210,#1231));
#1153 = ORIENTED_EDGE('',*,*,#1021,.F.);
#1154 = ORIENTED_EDGE('',*,*,#1155,.F.);
#1155 = EDGE_CURVE('',#1156,#994,#1158,.T.);
#1156 = VERTEX_POINT('',#1157);
#1157 = CARTESIAN_POINT('',(155.36418752897,12.7,110.41984302408));
#1158 = SURFACE_CURVE('',#1159,(#1163,#1170),.PCURVE_S1.);
#1159 = LINE('',#1160,#1161);
#1160 = CARTESIAN_POINT('',(151.86004645994,12.7,115.71545397734));
#1161 = VECTOR('',#1162,1.);
#1162 = DIRECTION('',(0.551833239217,-3.686951170381E-17,-0.833954480829
    ));
#1163 = PCURVE('',#270,#1164);
#1164 = DEFINITIONAL_REPRESENTATION('',(#1165),#1169);
#1165 = LINE('',#1166,#1167);
#1166 = CARTESIAN_POINT('',(0.,12.7));
#1167 = VECTOR('',#1168,1.);
#1168 = DIRECTION('',(1.,0.));
#1169 = ( GEOMETRIC_REPRESENTATION_CONTEXT(2) 
PARAMETRIC_REPRESENTATION_CONTEXT() REPRESENTATION_CONTEXT('2D SPACE',''
  ) );
#1170 = PCURVE('',#1009,#1171);
#1171 = DEFINITIONAL_REPRESENTATION('',(#1172),#1176);
#1172 = LINE('',#1173,#1174);
#1173 = CARTESIAN_POINT('',(12.7,190.5));
#1174 = VECTOR('',#1175,1.);
#1175 = DIRECTION('',(-1.,0.));
#1176 = ( GEOMETRIC_REPRESENTATION_CONTEXT(2) 
PARAMETRIC_REPRESENTATION_CONTEXT() REPRESENTATION_CONTEXT('2D SPACE',''
  ) );
#1177 = ORIENTED_EDGE('',*,*,#1178,.F.);
#1178 = EDGE_CURVE('',#1179,#1156,#1181,.T.);
#1179 = VERTEX_POINT('',#1180);
#1180 = CARTESIAN_POINT('',(151.86004645994,6.35,115.71545397734));
#1181 = SURFACE_CURVE('',#1182,(#1187,#1198),.PCURVE_S1.);
#1182 = CIRCLE('',#1183,6.35);
#1183 = AXIS2_PLACEMENT_3D('',#1184,#1185,#1186);
#1184 = CARTESIAN_POINT('',(155.36418752897,6.35,110.41984302408));
#1185 = DIRECTION('',(-0.833954480829,1.387778780781E-16,-0.551833239217
    ));
#1186 = DIRECTION('',(-0.390205025534,0.707106781187,0.589694868595));
#1187 = PCURVE('',#270,#1188);
#1188 = DEFINITIONAL_REPRESENTATION('',(#1189),#1197);
#1189 = ( BOUNDED_CURVE() B_SPLINE_CURVE(2,(#1190,#1191,#1192,#1193,
#1194,#1195,#1196),.UNSPECIFIED.,.T.,.F.) B_SPLINE_CURVE_WITH_KNOTS((1,2
    ,2,2,2,1),(-2.094395102393,0.,2.094395102393,4.188790204786,
6.28318530718,8.377580409573),.UNSPECIFIED.) CURVE() 
GEOMETRIC_REPRESENTATION_ITEM() RATIONAL_B_SPLINE_CURVE((1.,0.5,1.,0.5,
1.,0.5,1.)) REPRESENTATION_ITEM('') );
#1190 = CARTESIAN_POINT('',(1.859871939465,10.840128060535));
#1191 = CARTESIAN_POINT('',(9.637001872802,18.617257993871));
#1192 = CARTESIAN_POINT('',(12.483628996936,7.993500936401));
#1193 = CARTESIAN_POINT('',(15.330256121069,-2.630256121069));
#1194 = CARTESIAN_POINT('',(4.706499063599,0.216371003064));
#1195 = CARTESIAN_POINT('',(-5.917257993871,3.062998127198));
#1196 = CARTESIAN_POINT('',(1.859871939465,10.840128060535));
#1197 = ( GEOMETRIC_REPRESENTATION_CONTEXT(2) 
PARAMETRIC_REPRESENTATION_CONTEXT() REPRESENTATION_CONTEXT('2D SPACE',''
  ) );
#1198 = PCURVE('',#1199,#1204);
#1199 = CYLINDRICAL_SURFACE('',#1200,6.35);
#1200 = AXIS2_PLACEMENT_3D('',#1201,#1202,#1203);
#1201 = CARTESIAN_POINT('',(-82.93830536802,6.35,-47.26650508214));
#1202 = DIRECTION('',(0.833954480829,-1.225315935864E-16,0.551833239217)
  );
#1203 = DIRECTION('',(-0.390205025534,0.707106781187,0.589694868595));
#1204 = DEFINITIONAL_REPRESENTATION('',(#1205),#1209);
#1205 = LINE('',#1206,#1207);
#1206 = CARTESIAN_POINT('',(6.28318530718,285.75));
#1207 = VECTOR('',#1208,1.);
#1208 = DIRECTION('',(-1.,0.));
#1209 = ( GEOMETRIC_REPRESENTATION_CONTEXT(2) 
PARAMETRIC_REPRESENTATION_CONTEXT() REPRESENTATION_CONTEXT('2D SPACE',''
  ) );
#1210 = ORIENTED_EDGE('',*,*,#1211,.F.);
#1211 = EDGE_CURVE('',#227,#1179,#1212,.T.);
#1212 = SURFACE_CURVE('',#1213,(#1217,#1224),.PCURVE_S1.);
#1213 = LINE('',#1214,#1215);
#1214 = CARTESIAN_POINT('',(151.86004645994,-2.620469485345E-14,
    115.71545397734));
#1215 = VECTOR('',#1216,1.);
#1216 = DIRECTION('',(1.225315935864E-16,1.,3.686951170381E-17));
#1217 = PCURVE('',#270,#1218);
#1218 = DEFINITIONAL_REPRESENTATION('',(#1219),#1223);
#1219 = LINE('',#1220,#1221);
#1220 = CARTESIAN_POINT('',(0.,0.));
#1221 = VECTOR('',#1222,1.);
#1222 = DIRECTION('',(0.,1.));
#1223 = ( GEOMETRIC_REPRESENTATION_CONTEXT(2) 
PARAMETRIC_REPRESENTATION_CONTEXT() REPRESENTATION_CONTEXT('2D SPACE',''
  ) );
#1224 = PCURVE('',#242,#1225);
#1225 = DEFINITIONAL_REPRESENTATION('',(#1226),#1230);
#1226 = LINE('',#1227,#1228);
#1227 = CARTESIAN_POINT('',(381.,0.));
#1228 = VECTOR('',#1229,1.);
#1229 = DIRECTION('',(0.,1.));
#1230 = ( GEOMETRIC_REPRESENTATION_CONTEXT(2) 
PARAMETRIC_REPRESENTATION_CONTEXT() REPRESENTATION_CONTEXT('2D SPACE',''
  ) );
#1231 = ORIENTED_EDGE('',*,*,#254,.T.);
#1232 = FACE_BOUND('',#1233,.T.);
#1233 = EDGE_LOOP('',(#1234));
#1234 = ORIENTED_EDGE('',*,*,#1235,.T.);
#1235 = EDGE_CURVE('',#1236,#1236,#1238,.T.);
#1236 = VERTEX_POINT('',#1237);
#1237 = CARTESIAN_POINT('',(157.11625806348,6.35,107.77203754744));
#1238 = SURFACE_CURVE('',#1239,(#1244,#1255),.PCURVE_S1.);
#1239 = CIRCLE('',#1240,3.175);
#1240 = AXIS2_PLACEMENT_3D('',#1241,#1242,#1243);
#1241 = CARTESIAN_POINT('',(158.86832859799,6.35,105.12423207081));
#1242 = DIRECTION('',(-0.833954480829,1.225315935864E-16,-0.551833239217
    ));
#1243 = DIRECTION('',(0.551833239217,-3.686951170381E-17,-0.833954480829
    ));
#1244 = PCURVE('',#270,#1245);
#1245 = DEFINITIONAL_REPRESENTATION('',(#1246),#1254);
#1246 = ( BOUNDED_CURVE() B_SPLINE_CURVE(2,(#1247,#1248,#1249,#1250,
#1251,#1252,#1253),.UNSPECIFIED.,.T.,.F.) B_SPLINE_CURVE_WITH_KNOTS((1,2
    ,2,2,2,1),(-2.094395102393,0.,2.094395102393,4.188790204786,
6.28318530718,8.377580409573),.UNSPECIFIED.) CURVE() 
GEOMETRIC_REPRESENTATION_ITEM() RATIONAL_B_SPLINE_CURVE((1.,0.5,1.,0.5,
1.,0.5,1.)) REPRESENTATION_ITEM('') );
#1247 = CARTESIAN_POINT('',(15.875,6.35));
#1248 = CARTESIAN_POINT('',(15.875,0.850738685969));
#1249 = CARTESIAN_POINT('',(11.1125,3.600369342984));
#1250 = CARTESIAN_POINT('',(6.35,6.35));
#1251 = CARTESIAN_POINT('',(11.1125,9.099630657016));
#1252 = CARTESIAN_POINT('',(15.875,11.849261314031));
#1253 = CARTESIAN_POINT('',(15.875,6.35));
#1254 = ( GEOMETRIC_REPRESENTATION_CONTEXT(2) 
PARAMETRIC_REPRESENTATION_CONTEXT() REPRESENTATION_CONTEXT('2D SPACE',''
  ) );
#1255 = PCURVE('',#406,#1256);
#1256 = DEFINITIONAL_REPRESENTATION('',(#1257),#1261);
#1257 = LINE('',#1258,#1259);
#1258 = CARTESIAN_POINT('',(0.,0.));
#1259 = VECTOR('',#1260,1.);
#1260 = DIRECTION('',(1.,0.));
#1261 = ( GEOMETRIC_REPRESENTATION_CONTEXT(2) 
PARAMETRIC_REPRESENTATION_CONTEXT() REPRESENTATION_CONTEXT('2D SPACE',''
  ) );
#1262 = ADVANCED_FACE('',(#1263),#242,.T.);
#1263 = FACE_BOUND('',#1264,.T.);
#1264 = EDGE_LOOP('',(#1265,#1293,#1314,#1315,#1316,#1337));
#1265 = ORIENTED_EDGE('',*,*,#1266,.F.);
#1266 = EDGE_CURVE('',#1267,#503,#1269,.T.);
#1267 = VERTEX_POINT('',#1268);
#1268 = CARTESIAN_POINT('',(-165.876610736,6.35,-94.53301016428));
#1269 = SURFACE_CURVE('',#1270,(#1274,#1281),.PCURVE_S1.);
#1270 = LINE('',#1271,#1272);
#1271 = CARTESIAN_POINT('',(-86.44244643705,6.35,-41.97089412887));
#1272 = VECTOR('',#1273,1.);
#1273 = DIRECTION('',(0.833954480829,-1.225315935864E-16,0.551833239217)
  );
#1274 = PCURVE('',#242,#1275);
#1275 = DEFINITIONAL_REPRESENTATION('',(#1276),#1280);
#1276 = LINE('',#1277,#1278);
#1277 = CARTESIAN_POINT('',(95.25,6.35));
#1278 = VECTOR('',#1279,1.);
#1279 = DIRECTION('',(1.,0.));
#1280 = ( GEOMETRIC_REPRESENTATION_CONTEXT(2) 
PARAMETRIC_REPRESENTATION_CONTEXT() REPRESENTATION_CONTEXT('2D SPACE',''
  ) );
#1281 = PCURVE('',#1282,#1287);
#1282 = CYLINDRICAL_SURFACE('',#1283,6.35);
#1283 = AXIS2_PLACEMENT_3D('',#1284,#1285,#1286);
#1284 = CARTESIAN_POINT('',(-82.93830536802,6.35,-47.26650508214));
#1285 = DIRECTION('',(0.833954480829,-1.225315935864E-16,0.551833239217)
  );
#1286 = DIRECTION('',(-0.390205025534,0.707106781187,0.589694868595));
#1287 = DEFINITIONAL_REPRESENTATION('',(#1288),#1292);
#1288 = LINE('',#1289,#1290);
#1289 = CARTESIAN_POINT('',(7.068583470577,0.));
#1290 = VECTOR('',#1291,1.);
#1291 = DIRECTION('',(0.,1.));
#1292 = ( GEOMETRIC_REPRESENTATION_CONTEXT(2) 
PARAMETRIC_REPRESENTATION_CONTEXT() REPRESENTATION_CONTEXT('2D SPACE',''
  ) );
#1293 = ORIENTED_EDGE('',*,*,#1294,.F.);
#1294 = EDGE_CURVE('',#199,#1267,#1295,.T.);
#1295 = SURFACE_CURVE('',#1296,(#1300,#1307),.PCURVE_S1.);
#1296 = LINE('',#1297,#1298);
#1297 = CARTESIAN_POINT('',(-165.876610736,2.047984230297E-14,
    -94.53301016428));
#1298 = VECTOR('',#1299,1.);
#1299 = DIRECTION('',(1.225315935864E-16,1.,3.686951170381E-17));
#1300 = PCURVE('',#242,#1301);
#1301 = DEFINITIONAL_REPRESENTATION('',(#1302),#1306);
#1302 = LINE('',#1303,#1304);
#1303 = CARTESIAN_POINT('',(0.,0.));
#1304 = VECTOR('',#1305,1.);
#1305 = DIRECTION('',(0.,1.));
#1306 = ( GEOMETRIC_REPRESENTATION_CONTEXT(2) 
PARAMETRIC_REPRESENTATION_CONTEXT() REPRESENTATION_CONTEXT('2D SPACE',''
  ) );
#1307 = PCURVE('',#214,#1308);
#1308 = DEFINITIONAL_REPRESENTATION('',(#1309),#1313);
#1309 = LINE('',#1310,#1311);
#1310 = CARTESIAN_POINT('',(25.4,0.));
#1311 = VECTOR('',#1312,1.);
#1312 = DIRECTION('',(0.,1.));
#1313 = ( GEOMETRIC_REPRESENTATION_CONTEXT(2) 
PARAMETRIC_REPRESENTATION_CONTEXT() REPRESENTATION_CONTEXT('2D SPACE',''
  ) );
#1314 = ORIENTED_EDGE('',*,*,#226,.T.);
#1315 = ORIENTED_EDGE('',*,*,#1211,.T.);
#1316 = ORIENTED_EDGE('',*,*,#1317,.F.);
#1317 = EDGE_CURVE('',#447,#1179,#1318,.T.);
#1318 = SURFACE_CURVE('',#1319,(#1323,#1330),.PCURVE_S1.);
#1319 = LINE('',#1320,#1321);
#1320 = CARTESIAN_POINT('',(-86.44244643705,6.35,-41.97089412887));
#1321 = VECTOR('',#1322,1.);
#1322 = DIRECTION('',(0.833954480829,-1.225315935864E-16,0.551833239217)
  );
#1323 = PCURVE('',#242,#1324);
#1324 = DEFINITIONAL_REPRESENTATION('',(#1325),#1329);
#1325 = LINE('',#1326,#1327);
#1326 = CARTESIAN_POINT('',(95.25,6.35));
#1327 = VECTOR('',#1328,1.);
#1328 = DIRECTION('',(1.,0.));
#1329 = ( GEOMETRIC_REPRESENTATION_CONTEXT(2) 
PARAMETRIC_REPRESENTATION_CONTEXT() REPRESENTATION_CONTEXT('2D SPACE',''
  ) );
#1330 = PCURVE('',#1199,#1331);
#1331 = DEFINITIONAL_REPRESENTATION('',(#1332),#1336);
#1332 = LINE('',#1333,#1334);
#1333 = CARTESIAN_POINT('',(0.785398163397,0.));
#1334 = VECTOR('',#1335,1.);
#1335 = DIRECTION('',(0.,1.));
#1336 = ( GEOMETRIC_REPRESENTATION_CONTEXT(2) 
PARAMETRIC_REPRESENTATION_CONTEXT() REPRESENTATION_CONTEXT('2D SPACE',''
  ) );
#1337 = ORIENTED_EDGE('',*,*,#502,.F.);
#1338 = ADVANCED_FACE('',(#1339),#214,.T.);
#1339 = FACE_BOUND('',#1340,.T.);
#1340 = EDGE_LOOP('',(#1341,#1342,#1343,#1344,#1372));
#1341 = ORIENTED_EDGE('',*,*,#1050,.F.);
#1342 = ORIENTED_EDGE('',*,*,#198,.T.);
#1343 = ORIENTED_EDGE('',*,*,#1294,.T.);
#1344 = ORIENTED_EDGE('',*,*,#1345,.F.);
#1345 = EDGE_CURVE('',#1346,#1267,#1348,.T.);
#1346 = VERTEX_POINT('',#1347);
#1347 = CARTESIAN_POINT('',(-162.372469667,12.7,-99.82862111754));
#1348 = SURFACE_CURVE('',#1349,(#1354,#1365),.PCURVE_S1.);
#1349 = CIRCLE('',#1350,6.35);
#1350 = AXIS2_PLACEMENT_3D('',#1351,#1352,#1353);
#1351 = CARTESIAN_POINT('',(-162.372469667,6.35,-99.82862111754));
#1352 = DIRECTION('',(0.833954480829,-1.387778780781E-16,0.551833239217)
  );
#1353 = DIRECTION('',(-0.390205025534,0.707106781187,0.589694868595));
#1354 = PCURVE('',#214,#1355);
#1355 = DEFINITIONAL_REPRESENTATION('',(#1356),#1364);
#1356 = ( BOUNDED_CURVE() B_SPLINE_CURVE(2,(#1357,#1358,#1359,#1360,
#1361,#1362,#1363),.UNSPECIFIED.,.T.,.F.) B_SPLINE_CURVE_WITH_KNOTS((1,2
    ,2,2,2,1),(-2.094395102393,0.,2.094395102393,4.188790204786,
6.28318530718,8.377580409573),.UNSPECIFIED.) CURVE() 
GEOMETRIC_REPRESENTATION_ITEM() RATIONAL_B_SPLINE_CURVE((1.,0.5,1.,0.5,
1.,0.5,1.)) REPRESENTATION_ITEM('') );
#1357 = CARTESIAN_POINT('',(23.540128060535,10.840128060535));
#1358 = CARTESIAN_POINT('',(31.317257993871,3.062998127198));
#1359 = CARTESIAN_POINT('',(20.693500936401,0.216371003064));
#1360 = CARTESIAN_POINT('',(10.069743878931,-2.630256121069));
#1361 = CARTESIAN_POINT('',(12.916371003064,7.993500936401));
#1362 = CARTESIAN_POINT('',(15.762998127198,18.617257993871));
#1363 = CARTESIAN_POINT('',(23.540128060535,10.840128060535));
#1364 = ( GEOMETRIC_REPRESENTATION_CONTEXT(2) 
PARAMETRIC_REPRESENTATION_CONTEXT() REPRESENTATION_CONTEXT('2D SPACE',''
  ) );
#1365 = PCURVE('',#1282,#1366);
#1366 = DEFINITIONAL_REPRESENTATION('',(#1367),#1371);
#1367 = LINE('',#1368,#1369);
#1368 = CARTESIAN_POINT('',(0.,-95.25));
#1369 = VECTOR('',#1370,1.);
#1370 = DIRECTION('',(1.,0.));
#1371 = ( GEOMETRIC_REPRESENTATION_CONTEXT(2) 
PARAMETRIC_REPRESENTATION_CONTEXT() REPRESENTATION_CONTEXT('2D SPACE',''
  ) );
#1372 = ORIENTED_EDGE('',*,*,#1373,.F.);
#1373 = EDGE_CURVE('',#1051,#1346,#1374,.T.);
#1374 = SURFACE_CURVE('',#1375,(#1379,#1386),.PCURVE_S1.);
#1375 = LINE('',#1376,#1377);
#1376 = CARTESIAN_POINT('',(-151.8600464599,12.7,-115.7154539773));
#1377 = VECTOR('',#1378,1.);
#1378 = DIRECTION('',(-0.551833239217,3.686951170381E-17,0.833954480829)
  );
#1379 = PCURVE('',#214,#1380);
#1380 = DEFINITIONAL_REPRESENTATION('',(#1381),#1385);
#1381 = LINE('',#1382,#1383);
#1382 = CARTESIAN_POINT('',(0.,12.7));
#1383 = VECTOR('',#1384,1.);
#1384 = DIRECTION('',(1.,0.));
#1385 = ( GEOMETRIC_REPRESENTATION_CONTEXT(2) 
PARAMETRIC_REPRESENTATION_CONTEXT() REPRESENTATION_CONTEXT('2D SPACE',''
  ) );
#1386 = PCURVE('',#1094,#1387);
#1387 = DEFINITIONAL_REPRESENTATION('',(#1388),#1392);
#1388 = LINE('',#1389,#1390);
#1389 = CARTESIAN_POINT('',(-12.7,-190.5));
#1390 = VECTOR('',#1391,1.);
#1391 = DIRECTION('',(1.,0.));
#1392 = ( GEOMETRIC_REPRESENTATION_CONTEXT(2) 
PARAMETRIC_REPRESENTATION_CONTEXT() REPRESENTATION_CONTEXT('2D SPACE',''
  ) );
#1393 = ADVANCED_FACE('',(#1394),#349,.F.);
#1394 = FACE_BOUND('',#1395,.F.);
#1395 = EDGE_LOOP('',(#1396,#1419,#1420,#1421,#1487,#1488));
#1396 = ORIENTED_EDGE('',*,*,#1397,.T.);
#1397 = EDGE_CURVE('',#1398,#333,#1400,.T.);
#1398 = VERTEX_POINT('',#1399);
#1399 = CARTESIAN_POINT('',(23.830248971571,3.175,15.768634600115));
#1400 = SEAM_CURVE('',#1401,(#1405,#1412),.PCURVE_S1.);
#1401 = LINE('',#1402,#1403);
#1402 = CARTESIAN_POINT('',(23.830248971571,12.7,15.768634600115));
#1403 = VECTOR('',#1404,1.);
#1404 = DIRECTION('',(-1.225315935864E-16,-1.,-3.686951170381E-17));
#1405 = PCURVE('',#349,#1406);
#1406 = DEFINITIONAL_REPRESENTATION('',(#1407),#1411);
#1407 = LINE('',#1408,#1409);
#1408 = CARTESIAN_POINT('',(9.424777960769,0.));
#1409 = VECTOR('',#1410,1.);
#1410 = DIRECTION('',(0.,1.));
#1411 = ( GEOMETRIC_REPRESENTATION_CONTEXT(2) 
PARAMETRIC_REPRESENTATION_CONTEXT() REPRESENTATION_CONTEXT('2D SPACE',''
  ) );
#1412 = PCURVE('',#349,#1413);
#1413 = DEFINITIONAL_REPRESENTATION('',(#1414),#1418);
#1414 = LINE('',#1415,#1416);
#1415 = CARTESIAN_POINT('',(3.14159265359,0.));
#1416 = VECTOR('',#1417,1.);
#1417 = DIRECTION('',(0.,1.));
#1418 = ( GEOMETRIC_REPRESENTATION_CONTEXT(2) 
PARAMETRIC_REPRESENTATION_CONTEXT() REPRESENTATION_CONTEXT('2D SPACE',''
  ) );
#1419 = ORIENTED_EDGE('',*,*,#332,.T.);
#1420 = ORIENTED_EDGE('',*,*,#1397,.F.);
#1421 = ORIENTED_EDGE('',*,*,#1422,.T.);
#1422 = EDGE_CURVE('',#1398,#365,#1423,.T.);
#1423 = SURFACE_CURVE('',#1424,(#1429,#1458),.PCURVE_S1.);
#1424 = ELLIPSE('',#1425,4.490128060535,3.175);
#1425 = AXIS2_PLACEMENT_3D('',#1426,#1427,#1428);
#1426 = CARTESIAN_POINT('',(21.182443494938,6.35,14.016564065601));
#1427 = DIRECTION('',(-0.589694868595,-0.707106781187,-0.390205025534));
#1428 = DIRECTION('',(-0.589694868595,0.707106781187,-0.390205025534));
#1429 = PCURVE('',#349,#1430);
#1430 = DEFINITIONAL_REPRESENTATION('',(#1431),#1457);
#1431 = B_SPLINE_CURVE_WITH_KNOTS('',3,(#1432,#1433,#1434,#1435,#1436,
    #1437,#1438,#1439,#1440,#1441,#1442,#1443,#1444,#1445,#1446,#1447,
    #1448,#1449,#1450,#1451,#1452,#1453,#1454,#1455,#1456),
  .UNSPECIFIED.,.F.,.F.,(4,1,1,1,1,1,1,1,1,1,1,1,1,1,1,1,1,1,1,1,1,1,4),
  (3.14159265359,3.212992486626,3.284392319662,3.355792152698,
    3.427191985734,3.49859181877,3.569991651807,3.641391484843,
    3.712791317879,3.784191150915,3.855590983951,3.926990816987,
    3.998390650023,4.06979048306,4.141190316096,4.212590149132,
    4.283989982168,4.355389815204,4.42678964824,4.498189481276,
    4.569589314312,4.640989147349,4.712388980385),
  .QUASI_UNIFORM_KNOTS.);
#1432 = CARTESIAN_POINT('',(3.14159265359,9.525));
#1433 = CARTESIAN_POINT('',(3.165392597935,9.525006847064));
#1434 = CARTESIAN_POINT('',(3.212992486626,9.519599214029));
#1435 = CARTESIAN_POINT('',(3.284392319662,9.495355263627));
#1436 = CARTESIAN_POINT('',(3.355792152698,9.455078199294));
#1437 = CARTESIAN_POINT('',(3.427191985734,9.398979735948));
#1438 = CARTESIAN_POINT('',(3.49859181877,9.327344004271));
#1439 = CARTESIAN_POINT('',(3.569991651807,9.240536508215));
#1440 = CARTESIAN_POINT('',(3.641391484843,9.138999474372));
#1441 = CARTESIAN_POINT('',(3.712791317879,9.023250345553));
#1442 = CARTESIAN_POINT('',(3.784191150915,8.893878943849));
#1443 = CARTESIAN_POINT('',(3.855590983951,8.751544518661));
#1444 = CARTESIAN_POINT('',(3.926990816987,8.596972372954));
#1445 = CARTESIAN_POINT('',(3.998390650023,8.430950171126));
#1446 = CARTESIAN_POINT('',(4.06979048306,8.2543239242));
#1447 = CARTESIAN_POINT('',(4.141190316096,8.067993679114));
#1448 = CARTESIAN_POINT('',(4.212590149132,7.872908931872));
#1449 = CARTESIAN_POINT('',(4.283989982168,7.670063790413));
#1450 = CARTESIAN_POINT('',(4.355389815204,7.460491904161));
#1451 = CARTESIAN_POINT('',(4.42678964824,7.245261214304));
#1452 = CARTESIAN_POINT('',(4.498189481276,7.02546844645));
#1453 = CARTESIAN_POINT('',(4.569589314312,6.802233765878));
#1454 = CARTESIAN_POINT('',(4.640989147349,6.576694159142));
#1455 = CARTESIAN_POINT('',(4.688589036039,6.42556541138));
#1456 = CARTESIAN_POINT('',(4.712388980385,6.35));
#1457 = ( GEOMETRIC_REPRESENTATION_CONTEXT(2) 
PARAMETRIC_REPRESENTATION_CONTEXT() REPRESENTATION_CONTEXT('2D SPACE',''
  ) );
#1458 = PCURVE('',#406,#1459);
#1459 = DEFINITIONAL_REPRESENTATION('',(#1460),#1486);
#1460 = B_SPLINE_CURVE_WITH_KNOTS('',3,(#1461,#1462,#1463,#1464,#1465,
    #1466,#1467,#1468,#1469,#1470,#1471,#1472,#1473,#1474,#1475,#1476,
    #1477,#1478,#1479,#1480,#1481,#1482,#1483,#1484,#1485),
  .UNSPECIFIED.,.F.,.F.,(4,1,1,1,1,1,1,1,1,1,1,1,1,1,1,1,1,1,1,1,1,1,4),
  (3.14159265359,3.212992486626,3.284392319662,3.355792152698,
    3.427191985734,3.49859181877,3.569991651807,3.641391484843,
    3.712791317879,3.784191150915,3.855590983951,3.926990816987,
    3.998390650023,4.06979048306,4.141190316096,4.212590149132,
    4.283989982168,4.355389815204,4.42678964824,4.498189481276,
    4.569589314312,4.640989147349,4.712388980385),
  .QUASI_UNIFORM_KNOTS.);
#1461 = CARTESIAN_POINT('',(7.853981633974,161.92500038147));
#1462 = CARTESIAN_POINT('',(7.87778157832,161.9249935344));
#1463 = CARTESIAN_POINT('',(7.925381467011,161.93040116744));
#1464 = CARTESIAN_POINT('',(7.996781300047,161.95464511784));
#1465 = CARTESIAN_POINT('',(8.068181133083,161.99492218217));
#1466 = CARTESIAN_POINT('',(8.139580966119,162.05102064552));
#1467 = CARTESIAN_POINT('',(8.210980799155,162.12265637719));
#1468 = CARTESIAN_POINT('',(8.282380632191,162.20946387325));
#1469 = CARTESIAN_POINT('',(8.353780465227,162.31100090709));
#1470 = CARTESIAN_POINT('',(8.425180298264,162.42675003591));
#1471 = CARTESIAN_POINT('',(8.4965801313,162.55612143762));
#1472 = CARTESIAN_POINT('',(8.567979964336,162.6984558628));
#1473 = CARTESIAN_POINT('',(8.639379797372,162.85302800851));
#1474 = CARTESIAN_POINT('',(8.710779630408,163.01905021034));
#1475 = CARTESIAN_POINT('',(8.782179463444,163.19567645726));
#1476 = CARTESIAN_POINT('',(8.85357929648,163.38200670235));
#1477 = CARTESIAN_POINT('',(8.924979129516,163.57709144959));
#1478 = CARTESIAN_POINT('',(8.996378962553,163.77993659105));
#1479 = CARTESIAN_POINT('',(9.067778795589,163.9895084773));
#1480 = CARTESIAN_POINT('',(9.139178628625,164.20473916716));
#1481 = CARTESIAN_POINT('',(9.210578461661,164.42453193501));
#1482 = CARTESIAN_POINT('',(9.281978294697,164.64776661559));
#1483 = CARTESIAN_POINT('',(9.353378127733,164.87330622232));
#1484 = CARTESIAN_POINT('',(9.400978016424,165.02443497009));
#1485 = CARTESIAN_POINT('',(9.424777960769,165.10000038147));
#1486 = ( GEOMETRIC_REPRESENTATION_CONTEXT(2) 
PARAMETRIC_REPRESENTATION_CONTEXT() REPRESENTATION_CONTEXT('2D SPACE',''
  ) );
#1487 = ORIENTED_EDGE('',*,*,#364,.T.);
#1488 = ORIENTED_EDGE('',*,*,#1489,.T.);
#1489 = EDGE_CURVE('',#367,#1398,#1490,.T.);
#1490 = SURFACE_CURVE('',#1491,(#1496,#1525),.PCURVE_S1.);
#1491 = ELLIPSE('',#1492,4.490128060535,3.175);
#1492 = AXIS2_PLACEMENT_3D('',#1493,#1494,#1495);
#1493 = CARTESIAN_POINT('',(21.182443494938,6.35,14.016564065601));
#1494 = DIRECTION('',(-0.589694868595,-0.707106781187,-0.390205025534));
#1495 = DIRECTION('',(-0.589694868595,0.707106781187,-0.390205025534));
#1496 = PCURVE('',#349,#1497);
#1497 = DEFINITIONAL_REPRESENTATION('',(#1498),#1524);
#1498 = B_SPLINE_CURVE_WITH_KNOTS('',3,(#1499,#1500,#1501,#1502,#1503,
    #1504,#1505,#1506,#1507,#1508,#1509,#1510,#1511,#1512,#1513,#1514,
    #1515,#1516,#1517,#1518,#1519,#1520,#1521,#1522,#1523),
  .UNSPECIFIED.,.F.,.F.,(4,1,1,1,1,1,1,1,1,1,1,1,1,1,1,1,1,1,1,1,1,1,4),
  (1.570796326795,1.642196159831,1.713595992867,1.784995825903,
    1.856395658939,1.927795491976,1.999195325012,2.070595158048,
    2.141994991084,2.21339482412,2.284794657156,2.356194490192,
    2.427594323228,2.498994156265,2.570393989301,2.641793822337,
    2.713193655373,2.784593488409,2.855993321445,2.927393154481,
    2.998792987518,3.070192820554,3.14159265359),.QUASI_UNIFORM_KNOTS.);
#1499 = CARTESIAN_POINT('',(7.853981633974,6.35));
#1500 = CARTESIAN_POINT('',(7.87778157832,6.42556541138));
#1501 = CARTESIAN_POINT('',(7.925381467011,6.576694159142));
#1502 = CARTESIAN_POINT('',(7.996781300047,6.802233765878));
#1503 = CARTESIAN_POINT('',(8.068181133083,7.02546844645));
#1504 = CARTESIAN_POINT('',(8.139580966119,7.245261214304));
#1505 = CARTESIAN_POINT('',(8.210980799155,7.460491904161));
#1506 = CARTESIAN_POINT('',(8.282380632191,7.670063790413));
#1507 = CARTESIAN_POINT('',(8.353780465227,7.872908931872));
#1508 = CARTESIAN_POINT('',(8.425180298264,8.067993679114));
#1509 = CARTESIAN_POINT('',(8.4965801313,8.2543239242));
#1510 = CARTESIAN_POINT('',(8.567979964336,8.430950171126));
#1511 = CARTESIAN_POINT('',(8.639379797372,8.596972372954));
#1512 = CARTESIAN_POINT('',(8.710779630408,8.751544518661));
#1513 = CARTESIAN_POINT('',(8.782179463444,8.893878943849));
#1514 = CARTESIAN_POINT('',(8.85357929648,9.023250345553));
#1515 = CARTESIAN_POINT('',(8.924979129516,9.138999474372));
#1516 = CARTESIAN_POINT('',(8.996378962553,9.240536508215));
#1517 = CARTESIAN_POINT('',(9.067778795589,9.327344004271));
#1518 = CARTESIAN_POINT('',(9.139178628625,9.398979735948));
#1519 = CARTESIAN_POINT('',(9.210578461661,9.455078199294));
#1520 = CARTESIAN_POINT('',(9.281978294697,9.495355263627));
#1521 = CARTESIAN_POINT('',(9.353378127733,9.519599214029));
#1522 = CARTESIAN_POINT('',(9.400978016424,9.525006847064));
#1523 = CARTESIAN_POINT('',(9.424777960769,9.525));
#1524 = ( GEOMETRIC_REPRESENTATION_CONTEXT(2) 
PARAMETRIC_REPRESENTATION_CONTEXT() REPRESENTATION_CONTEXT('2D SPACE',''
  ) );
#1525 = PCURVE('',#406,#1526);
#1526 = DEFINITIONAL_REPRESENTATION('',(#1527),#1553);
#1527 = B_SPLINE_CURVE_WITH_KNOTS('',3,(#1528,#1529,#1530,#1531,#1532,
    #1533,#1534,#1535,#1536,#1537,#1538,#1539,#1540,#1541,#1542,#1543,
    #1544,#1545,#1546,#1547,#1548,#1549,#1550,#1551,#1552),
  .UNSPECIFIED.,.F.,.F.,(4,1,1,1,1,1,1,1,1,1,1,1,1,1,1,1,1,1,1,1,1,1,4),
  (1.570796326795,1.642196159831,1.713595992867,1.784995825903,
    1.856395658939,1.927795491976,1.999195325012,2.070595158048,
    2.141994991084,2.21339482412,2.284794657156,2.356194490192,
    2.427594323228,2.498994156265,2.570393989301,2.641793822337,
    2.713193655373,2.784593488409,2.855993321445,2.927393154481,
    2.998792987518,3.070192820554,3.14159265359),.QUASI_UNIFORM_KNOTS.);
#1528 = CARTESIAN_POINT('',(6.28318530718,165.10000038147));
#1529 = CARTESIAN_POINT('',(6.306985251525,165.02443497009));
#1530 = CARTESIAN_POINT('',(6.354585140216,164.87330622232));
#1531 = CARTESIAN_POINT('',(6.425984973252,164.64776661559));
#1532 = CARTESIAN_POINT('',(6.497384806288,164.42453193501));
#1533 = CARTESIAN_POINT('',(6.568784639324,164.20473916716));
#1534 = CARTESIAN_POINT('',(6.64018447236,163.9895084773));
#1535 = CARTESIAN_POINT('',(6.711584305396,163.77993659105));
#1536 = CARTESIAN_POINT('',(6.782984138433,163.57709144959));
#1537 = CARTESIAN_POINT('',(6.854383971469,163.38200670235));
#1538 = CARTESIAN_POINT('',(6.925783804505,163.19567645726));
#1539 = CARTESIAN_POINT('',(6.997183637541,163.01905021034));
#1540 = CARTESIAN_POINT('',(7.068583470577,162.85302800851));
#1541 = CARTESIAN_POINT('',(7.139983303613,162.6984558628));
#1542 = CARTESIAN_POINT('',(7.211383136649,162.55612143762));
#1543 = CARTESIAN_POINT('',(7.282782969685,162.42675003591));
#1544 = CARTESIAN_POINT('',(7.354182802722,162.31100090709));
#1545 = CARTESIAN_POINT('',(7.425582635758,162.20946387325));
#1546 = CARTESIAN_POINT('',(7.496982468794,162.12265637719));
#1547 = CARTESIAN_POINT('',(7.56838230183,162.05102064552));
#1548 = CARTESIAN_POINT('',(7.639782134866,161.99492218217));
#1549 = CARTESIAN_POINT('',(7.711181967902,161.95464511784));
#1550 = CARTESIAN_POINT('',(7.782581800938,161.93040116744));
#1551 = CARTESIAN_POINT('',(7.830181689629,161.9249935344));
#1552 = CARTESIAN_POINT('',(7.853981633974,161.92500038147));
#1553 = ( GEOMETRIC_REPRESENTATION_CONTEXT(2) 
PARAMETRIC_REPRESENTATION_CONTEXT() REPRESENTATION_CONTEXT('2D SPACE',''
  ) );
#1554 = ADVANCED_FACE('',(#1555),#406,.F.);
#1555 = FACE_BOUND('',#1556,.F.);
#1556 = EDGE_LOOP('',(#1557,#1578,#1579,#1580,#1581,#1582,#1606,#1733,
    #1755,#1756));
#1557 = ORIENTED_EDGE('',*,*,#1558,.T.);
#1558 = EDGE_CURVE('',#1236,#391,#1559,.T.);
#1559 = SEAM_CURVE('',#1560,(#1564,#1571),.PCURVE_S1.);
#1560 = LINE('',#1561,#1562);
#1561 = CARTESIAN_POINT('',(157.11625806348,6.35,107.77203754744));
#1562 = VECTOR('',#1563,1.);
#1563 = DIRECTION('',(-0.833954480829,1.225315935864E-16,-0.551833239217
    ));
#1564 = PCURVE('',#406,#1565);
#1565 = DEFINITIONAL_REPRESENTATION('',(#1566),#1570);
#1566 = LINE('',#1567,#1568);
#1567 = CARTESIAN_POINT('',(9.424777960769,0.));
#1568 = VECTOR('',#1569,1.);
#1569 = DIRECTION('',(0.,1.));
#1570 = ( GEOMETRIC_REPRESENTATION_CONTEXT(2) 
PARAMETRIC_REPRESENTATION_CONTEXT() REPRESENTATION_CONTEXT('2D SPACE',''
  ) );
#1571 = PCURVE('',#406,#1572);
#1572 = DEFINITIONAL_REPRESENTATION('',(#1573),#1577);
#1573 = LINE('',#1574,#1575);
#1574 = CARTESIAN_POINT('',(3.14159265359,0.));
#1575 = VECTOR('',#1576,1.);
#1576 = DIRECTION('',(0.,1.));
#1577 = ( GEOMETRIC_REPRESENTATION_CONTEXT(2) 
PARAMETRIC_REPRESENTATION_CONTEXT() REPRESENTATION_CONTEXT('2D SPACE',''
  ) );
#1578 = ORIENTED_EDGE('',*,*,#390,.T.);
#1579 = ORIENTED_EDGE('',*,*,#1422,.F.);
#1580 = ORIENTED_EDGE('',*,*,#1489,.F.);
#1581 = ORIENTED_EDGE('',*,*,#772,.T.);
#1582 = ORIENTED_EDGE('',*,*,#1583,.T.);
#1583 = EDGE_CURVE('',#745,#1584,#1586,.T.);
#1584 = VERTEX_POINT('',#1585);
#1585 = CARTESIAN_POINT('',(33.379464411869,7.62,18.598092293963));
#1586 = SURFACE_CURVE('',#1587,(#1592,#1599),.PCURVE_S1.);
#1587 = CIRCLE('',#1588,3.175);
#1588 = AXIS2_PLACEMENT_3D('',#1589,#1590,#1591);
#1589 = CARTESIAN_POINT('',(31.773665242407,6.35,21.024846098401));
#1590 = DIRECTION('',(0.833954480829,-1.225315935864E-16,0.551833239217)
  );
#1591 = DIRECTION('',(0.551833239217,-3.686951170381E-17,-0.833954480829
    ));
#1592 = PCURVE('',#406,#1593);
#1593 = DEFINITIONAL_REPRESENTATION('',(#1594),#1598);
#1594 = LINE('',#1595,#1596);
#1595 = CARTESIAN_POINT('',(6.28318530718,152.4000005722));
#1596 = VECTOR('',#1597,1.);
#1597 = DIRECTION('',(-1.,0.));
#1598 = ( GEOMETRIC_REPRESENTATION_CONTEXT(2) 
PARAMETRIC_REPRESENTATION_CONTEXT() REPRESENTATION_CONTEXT('2D SPACE',''
  ) );
#1599 = PCURVE('',#760,#1600);
#1600 = DEFINITIONAL_REPRESENTATION('',(#1601),#1605);
#1601 = CIRCLE('',#1602,3.175);
#1602 = AXIS2_PLACEMENT_2D('',#1603,#1604);
#1603 = CARTESIAN_POINT('',(12.7,6.35));
#1604 = DIRECTION('',(-1.,0.));
#1605 = ( GEOMETRIC_REPRESENTATION_CONTEXT(2) 
PARAMETRIC_REPRESENTATION_CONTEXT() REPRESENTATION_CONTEXT('2D SPACE',''
  ) );
#1606 = ORIENTED_EDGE('',*,*,#1607,.T.);
#1607 = EDGE_CURVE('',#1584,#1608,#1610,.T.);
#1608 = VERTEX_POINT('',#1609);
#1609 = CARTESIAN_POINT('',(30.167866072945,7.62,23.45159990284));
#1610 = SURFACE_CURVE('',#1611,(#1626,#1677),.PCURVE_S1.);
#1611 = B_SPLINE_CURVE_WITH_KNOTS('',3,(#1612,#1613,#1614,#1615,#1616,
    #1617,#1618,#1619,#1620,#1621,#1622,#1623,#1624,#1625),
  .UNSPECIFIED.,.F.,.F.,(4,2,2,2,2,2,4),(0.67348395687,0.785365433834,
    0.90754912217,1.029732810507,1.151916498844,1.27410018718,
    1.385981664144),.UNSPECIFIED.);
#1612 = CARTESIAN_POINT('',(33.379464411869,7.62,18.598092293963));
#1613 = CARTESIAN_POINT('',(33.292726291126,7.980148660589,
    18.729174728496));
#1614 = CARTESIAN_POINT('',(33.20033747105,8.309974446209,
    18.941131531155));
#1615 = CARTESIAN_POINT('',(32.989509325076,8.861755156757,
    19.450865233277));
#1616 = CARTESIAN_POINT('',(32.854682840136,9.11038459382,
    19.790520502748));
#1617 = CARTESIAN_POINT('',(32.515312932615,9.442084593627,
    20.510690373403));
#1618 = CARTESIAN_POINT('',(32.307573879415,9.525,20.889766269579));
#1619 = CARTESIAN_POINT('',(31.858073742653,9.525,21.56907049873));
#1620 = CARTESIAN_POINT('',(31.590387096784,9.442084593627,
    21.908478673218));
#1621 = CARTESIAN_POINT('',(31.060217381613,9.11038459382,
    22.502395039253));
#1622 = CARTESIAN_POINT('',(30.800307871573,8.861755156757,
    22.759282037196));
#1623 = CARTESIAN_POINT('',(30.413570499636,8.309974446209,
    23.152615431864));
#1624 = CARTESIAN_POINT('',(30.254604193688,7.980148660589,
    23.320517468307));
#1625 = CARTESIAN_POINT('',(30.167866072945,7.62,23.45159990284));
#1626 = PCURVE('',#406,#1627);
#1627 = DEFINITIONAL_REPRESENTATION('',(#1628),#1676);
#1628 = B_SPLINE_CURVE_WITH_KNOTS('',3,(#1629,#1630,#1631,#1632,#1633,
    #1634,#1635,#1636,#1637,#1638,#1639,#1640,#1641,#1642,#1643,#1644,
    #1645,#1646,#1647,#1648,#1649,#1650,#1651,#1652,#1653,#1654,#1655,
    #1656,#1657,#1658,#1659,#1660,#1661,#1662,#1663,#1664,#1665,#1666,
    #1667,#1668,#1669,#1670,#1671,#1672,#1673,#1674,#1675),
  .UNSPECIFIED.,.F.,.F.,(4,1,1,1,1,1,1,1,1,1,1,1,1,1,1,1,1,1,1,1,1,1,1,1
    ,1,1,1,1,1,1,1,1,1,1,1,1,1,1,1,1,1,1,1,1,4),(0.67348395687,
    0.68967708658,0.705870216291,0.722063346002,0.738256475713,
    0.754449605424,0.770642735134,0.786835864845,0.803028994556,
    0.819222124267,0.835415253978,0.851608383688,0.867801513399,
    0.88399464311,0.900187772821,0.916380902531,0.932574032242,
    0.948767161953,0.964960291664,0.981153421375,0.997346551085,
    1.013539680796,1.029732810507,1.045925940218,1.062119069929,
    1.078312199639,1.09450532935,1.110698459061,1.126891588772,
    1.143084718483,1.159277848193,1.175470977904,1.191664107615,
    1.207857237326,1.224050367036,1.240243496747,1.256436626458,
    1.272629756169,1.28882288588,1.30501601559,1.321209145301,
    1.337402275012,1.353595404723,1.369788534434,1.385981664144),
  .QUASI_UNIFORM_KNOTS.);
#1629 = CARTESIAN_POINT('',(5.871668461112,152.4000005722));
#1630 = CARTESIAN_POINT('',(5.853757089108,152.4000005722));
#1631 = CARTESIAN_POINT('',(5.817921938685,152.39832824262));
#1632 = CARTESIAN_POINT('',(5.764265875441,152.39133768263));
#1633 = CARTESIAN_POINT('',(5.710836183005,152.38040114182));
#1634 = CARTESIAN_POINT('',(5.657777176069,152.36605063919));
#1635 = CARTESIAN_POINT('',(5.605276537172,152.34883329527));
#1636 = CARTESIAN_POINT('',(5.553395637222,152.32923989021));
#1637 = CARTESIAN_POINT('',(5.502683450822,152.30797146422));
#1638 = CARTESIAN_POINT('',(5.451811151705,152.28492500307));
#1639 = CARTESIAN_POINT('',(5.400075572939,152.26027830167));
#1640 = CARTESIAN_POINT('',(5.347810463296,152.23465199813));
#1641 = CARTESIAN_POINT('',(5.295074365623,152.20854810638));
#1642 = CARTESIAN_POINT('',(5.241996629907,152.18250029383));
#1643 = CARTESIAN_POINT('',(5.188678775827,152.15703423812));
#1644 = CARTESIAN_POINT('',(5.135215409216,152.13267592248));
#1645 = CARTESIAN_POINT('',(5.081681727536,152.10995809766));
#1646 = CARTESIAN_POINT('',(5.028125485815,152.08965920889));
#1647 = CARTESIAN_POINT('',(4.974638961135,152.07189941762));
#1648 = CARTESIAN_POINT('',(4.921328726837,152.05690661206));
#1649 = CARTESIAN_POINT('',(4.868307486717,152.04487981505));
#1650 = CARTESIAN_POINT('',(4.8157184243,152.03602578408));
#1651 = CARTESIAN_POINT('',(4.763616302849,152.03054920342));
#1652 = CARTESIAN_POINT('',(4.712388980385,152.02865531555));
#1653 = CARTESIAN_POINT('',(4.66116165792,152.03054920342));
#1654 = CARTESIAN_POINT('',(4.609059536469,152.03602578408));
#1655 = CARTESIAN_POINT('',(4.556470474052,152.04487981505));
#1656 = CARTESIAN_POINT('',(4.503449233932,152.05690661206));
#1657 = CARTESIAN_POINT('',(4.450138999634,152.07189941762));
#1658 = CARTESIAN_POINT('',(4.396652474954,152.08965920889));
#1659 = CARTESIAN_POINT('',(4.343096233234,152.10995809766));
#1660 = CARTESIAN_POINT('',(4.289562551554,152.13267592248));
#1661 = CARTESIAN_POINT('',(4.236099184942,152.15703423812));
#1662 = CARTESIAN_POINT('',(4.182781330863,152.18250029383));
#1663 = CARTESIAN_POINT('',(4.129703595146,152.20854810638));
#1664 = CARTESIAN_POINT('',(4.076967497474,152.23465199813));
#1665 = CARTESIAN_POINT('',(4.024702387831,152.26027830167));
#1666 = CARTESIAN_POINT('',(3.972966809065,152.28492500307));
#1667 = CARTESIAN_POINT('',(3.922094509948,152.30797146422));
#1668 = CARTESIAN_POINT('',(3.871382323548,152.32923989021));
#1669 = CARTESIAN_POINT('',(3.819501423597,152.34883329527));
#1670 = CARTESIAN_POINT('',(3.7670007847,152.36605063919));
#1671 = CARTESIAN_POINT('',(3.713941777764,152.38040114182));
#1672 = CARTESIAN_POINT('',(3.660512085329,152.39133768263));
#1673 = CARTESIAN_POINT('',(3.606856022084,152.39832824262));
#1674 = CARTESIAN_POINT('',(3.571020871661,152.4000005722));
#1675 = CARTESIAN_POINT('',(3.553109499657,152.4000005722));
#1676 = ( GEOMETRIC_REPRESENTATION_CONTEXT(2) 
PARAMETRIC_REPRESENTATION_CONTEXT() REPRESENTATION_CONTEXT('2D SPACE',''
  ) );
#1677 = PCURVE('',#1678,#1683);
#1678 = CYLINDRICAL_SURFACE('',#1679,5.08);
#1679 = AXIS2_PLACEMENT_3D('',#1680,#1681,#1682);
#1680 = CARTESIAN_POINT('',(39.514295074047,7.62,18.532548000357));
#1681 = DIRECTION('',(-0.551833239217,3.686951170381E-17,0.833954480829)
  );
#1682 = DIRECTION('',(-0.589694868595,0.707106781187,-0.390205025534));
#1683 = DEFINITIONAL_REPRESENTATION('',(#1684),#1732);
#1684 = B_SPLINE_CURVE_WITH_KNOTS('',3,(#1685,#1686,#1687,#1688,#1689,
    #1690,#1691,#1692,#1693,#1694,#1695,#1696,#1697,#1698,#1699,#1700,
    #1701,#1702,#1703,#1704,#1705,#1706,#1707,#1708,#1709,#1710,#1711,
    #1712,#1713,#1714,#1715,#1716,#1717,#1718,#1719,#1720,#1721,#1722,
    #1723,#1724,#1725,#1726,#1727,#1728,#1729,#1730,#1731),
  .UNSPECIFIED.,.F.,.F.,(4,1,1,1,1,1,1,1,1,1,1,1,1,1,1,1,1,1,1,1,1,1,1,1
    ,1,1,1,1,1,1,1,1,1,1,1,1,1,1,1,1,1,1,1,1,4),(0.67348395687,
    0.68967708658,0.705870216291,0.722063346002,0.738256475713,
    0.754449605424,0.770642735134,0.786835864845,0.803028994556,
    0.819222124267,0.835415253978,0.851608383688,0.867801513399,
    0.88399464311,0.900187772821,0.916380902531,0.932574032242,
    0.948767161953,0.964960291664,0.981153421375,0.997346551085,
    1.013539680796,1.029732810507,1.045925940218,1.062119069929,
    1.078312199639,1.09450532935,1.110698459061,1.126891588772,
    1.143084718483,1.159277848193,1.175470977904,1.191664107615,
    1.207857237326,1.224050367036,1.240243496747,1.256436626458,
    1.272629756169,1.28882288588,1.30501601559,1.321209145301,
    1.337402275012,1.353595404723,1.369788534434,1.385981664144),
  .QUASI_UNIFORM_KNOTS.);
#1685 = CARTESIAN_POINT('',(7.068583470577,3.440064433703));
#1686 = CARTESIAN_POINT('',(7.058323063092,3.462814085617));
#1687 = CARTESIAN_POINT('',(7.038049990407,3.511269582174));
#1688 = CARTESIAN_POINT('',(7.008490903259,3.59210421291));
#1689 = CARTESIAN_POINT('',(6.979888244447,3.680367075293));
#1690 = CARTESIAN_POINT('',(6.952352780401,3.77535588195));
#1691 = CARTESIAN_POINT('',(6.926015940646,3.876290839945));
#1692 = CARTESIAN_POINT('',(6.900953799932,3.982681311712));
#1693 = CARTESIAN_POINT('',(6.877469625874,4.092957543774));
#1694 = CARTESIAN_POINT('',(6.855014464543,4.20967624858));
#1695 = CARTESIAN_POINT('',(6.833341925224,4.334090366407));
#1696 = CARTESIAN_POINT('',(6.812680986763,4.465177869596));
#1697 = CARTESIAN_POINT('',(6.793137950877,4.602526470929));
#1698 = CARTESIAN_POINT('',(6.77485548937,4.745559889359));
#1699 = CARTESIAN_POINT('',(6.757970571929,4.893748078712));
#1700 = CARTESIAN_POINT('',(6.742620518195,5.046540047156));
#1701 = CARTESIAN_POINT('',(6.728958502266,5.203422350616));
#1702 = CARTESIAN_POINT('',(6.717086315051,5.363756417191));
#1703 = CARTESIAN_POINT('',(6.70699989631,5.526663514824));
#1704 = CARTESIAN_POINT('',(6.698716207084,5.69130670603));
#1705 = CARTESIAN_POINT('',(6.692247309566,5.856856897436));
#1706 = CARTESIAN_POINT('',(6.687607511593,6.022411824655));
#1707 = CARTESIAN_POINT('',(6.684811438662,6.187354063238));
#1708 = CARTESIAN_POINT('',(6.683874324791,6.35));
#1709 = CARTESIAN_POINT('',(6.684811438662,6.512645936762));
#1710 = CARTESIAN_POINT('',(6.687607511593,6.677588175345));
#1711 = CARTESIAN_POINT('',(6.692247309566,6.843143102564));
#1712 = CARTESIAN_POINT('',(6.698716207084,7.00869329397));
#1713 = CARTESIAN_POINT('',(6.70699989631,7.173336485176));
#1714 = CARTESIAN_POINT('',(6.717086315051,7.336243582809));
#1715 = CARTESIAN_POINT('',(6.728958502266,7.496577649384));
#1716 = CARTESIAN_POINT('',(6.742620518195,7.653459952844));
#1717 = CARTESIAN_POINT('',(6.757970571929,7.806251921288));
#1718 = CARTESIAN_POINT('',(6.77485548937,7.954440110641));
#1719 = CARTESIAN_POINT('',(6.793137950877,8.097473529071));
#1720 = CARTESIAN_POINT('',(6.812680986763,8.234822130404));
#1721 = CARTESIAN_POINT('',(6.833341925224,8.365909633593));
#1722 = CARTESIAN_POINT('',(6.855014464543,8.49032375142));
#1723 = CARTESIAN_POINT('',(6.877469625874,8.607042456226));
#1724 = CARTESIAN_POINT('',(6.900953799932,8.717318688288));
#1725 = CARTESIAN_POINT('',(6.926015940646,8.823709160055));
#1726 = CARTESIAN_POINT('',(6.952352780401,8.92464411805));
#1727 = CARTESIAN_POINT('',(6.979888244447,9.019632924707));
#1728 = CARTESIAN_POINT('',(7.008490903259,9.10789578709));
#1729 = CARTESIAN_POINT('',(7.038049990407,9.188730417826));
#1730 = CARTESIAN_POINT('',(7.058323063092,9.237185914383));
#1731 = CARTESIAN_POINT('',(7.068583470577,9.259935566297));
#1732 = ( GEOMETRIC_REPRESENTATION_CONTEXT(2) 
PARAMETRIC_REPRESENTATION_CONTEXT() REPRESENTATION_CONTEXT('2D SPACE',''
  ) );
#1733 = ORIENTED_EDGE('',*,*,#1734,.T.);
#1734 = EDGE_CURVE('',#1608,#391,#1735,.T.);
#1735 = SURFACE_CURVE('',#1736,(#1741,#1748),.PCURVE_S1.);
#1736 = CIRCLE('',#1737,3.175);
#1737 = AXIS2_PLACEMENT_3D('',#1738,#1739,#1740);
#1738 = CARTESIAN_POINT('',(31.773665242407,6.35,21.024846098401));
#1739 = DIRECTION('',(0.833954480829,-1.225315935864E-16,0.551833239217)
  );
#1740 = DIRECTION('',(0.551833239217,-3.686951170381E-17,-0.833954480829
    ));
#1741 = PCURVE('',#406,#1742);
#1742 = DEFINITIONAL_REPRESENTATION('',(#1743),#1747);
#1743 = LINE('',#1744,#1745);
#1744 = CARTESIAN_POINT('',(6.28318530718,152.4000005722));
#1745 = VECTOR('',#1746,1.);
#1746 = DIRECTION('',(-1.,0.));
#1747 = ( GEOMETRIC_REPRESENTATION_CONTEXT(2) 
PARAMETRIC_REPRESENTATION_CONTEXT() REPRESENTATION_CONTEXT('2D SPACE',''
  ) );
#1748 = PCURVE('',#434,#1749);
#1749 = DEFINITIONAL_REPRESENTATION('',(#1750),#1754);
#1750 = CIRCLE('',#1751,3.175);
#1751 = AXIS2_PLACEMENT_2D('',#1752,#1753);
#1752 = CARTESIAN_POINT('',(12.7,6.35));
#1753 = DIRECTION('',(-1.,0.));
#1754 = ( GEOMETRIC_REPRESENTATION_CONTEXT(2) 
PARAMETRIC_REPRESENTATION_CONTEXT() REPRESENTATION_CONTEXT('2D SPACE',''
  ) );
#1755 = ORIENTED_EDGE('',*,*,#1558,.F.);
#1756 = ORIENTED_EDGE('',*,*,#1235,.T.);
#1757 = ADVANCED_FACE('',(#1758),#434,.F.);
#1758 = FACE_BOUND('',#1759,.T.);
#1759 = EDGE_LOOP('',(#1760,#1761,#1762,#1808));
#1760 = ORIENTED_EDGE('',*,*,#1734,.T.);
#1761 = ORIENTED_EDGE('',*,*,#418,.T.);
#1762 = ORIENTED_EDGE('',*,*,#1763,.F.);
#1763 = EDGE_CURVE('',#1764,#419,#1766,.T.);
#1764 = VERTEX_POINT('',#1765);
#1765 = CARTESIAN_POINT('',(28.26952417338,7.62,26.320457051668));
#1766 = SURFACE_CURVE('',#1767,(#1772,#1779),.PCURVE_S1.);
#1767 = CIRCLE('',#1768,1.27);
#1768 = AXIS2_PLACEMENT_3D('',#1769,#1770,#1771);
#1769 = CARTESIAN_POINT('',(28.26952417338,6.35,26.320457051668));
#1770 = DIRECTION('',(0.833954480829,-1.387778780781E-16,0.551833239217)
  );
#1771 = DIRECTION('',(-0.390205025534,0.707106781187,0.589694868595));
#1772 = PCURVE('',#434,#1773);
#1773 = DEFINITIONAL_REPRESENTATION('',(#1774),#1778);
#1774 = CIRCLE('',#1775,1.27);
#1775 = AXIS2_PLACEMENT_2D('',#1776,#1777);
#1776 = CARTESIAN_POINT('',(19.05,6.35));
#1777 = DIRECTION('',(0.707106781187,-0.707106781187));
#1778 = ( GEOMETRIC_REPRESENTATION_CONTEXT(2) 
PARAMETRIC_REPRESENTATION_CONTEXT() REPRESENTATION_CONTEXT('2D SPACE',''
  ) );
#1779 = PCURVE('',#463,#1780);
#1780 = DEFINITIONAL_REPRESENTATION('',(#1781),#1807);
#1781 = B_SPLINE_CURVE_WITH_KNOTS('',3,(#1782,#1783,#1784,#1785,#1786,
    #1787,#1788,#1789,#1790,#1791,#1792,#1793,#1794,#1795,#1796,#1797,
    #1798,#1799,#1800,#1801,#1802,#1803,#1804,#1805,#1806),
  .UNSPECIFIED.,.F.,.F.,(4,1,1,1,1,1,1,1,1,1,1,1,1,1,1,1,1,1,1,1,1,1,4),
  (5.497787143782,5.569186976818,5.640586809854,5.711986642891,
    5.783386475927,5.854786308963,5.926186141999,5.997585975035,
    6.068985808071,6.140385641107,6.211785474143,6.28318530718,
    6.354585140216,6.425984973252,6.497384806288,6.568784639324,
    6.64018447236,6.711584305396,6.782984138433,6.854383971469,
    6.925783804505,6.997183637541,7.068583470577),
  .QUASI_UNIFORM_KNOTS.);
#1782 = CARTESIAN_POINT('',(-1.570796326795,1.570796326795));
#1783 = CARTESIAN_POINT('',(-1.570796326795,1.597229375323));
#1784 = CARTESIAN_POINT('',(-1.570796326795,1.649321539423));
#1785 = CARTESIAN_POINT('',(-1.570796326795,1.725402781348));
#1786 = CARTESIAN_POINT('',(-1.570796326795,1.799700484976));
#1787 = CARTESIAN_POINT('',(-1.570796326795,1.872457766729));
#1788 = CARTESIAN_POINT('',(-1.570796326795,1.943902433034));
#1789 = CARTESIAN_POINT('',(-1.570796326795,2.014246930739));
#1790 = CARTESIAN_POINT('',(-1.570796326795,2.083691857827));
#1791 = CARTESIAN_POINT('',(-1.570796326795,2.152428136962));
#1792 = CARTESIAN_POINT('',(-1.570796326795,2.22063924756));
#1793 = CARTESIAN_POINT('',(-1.570796326795,2.28850321357));
#1794 = CARTESIAN_POINT('',(-1.570796326795,2.356194490192));
#1795 = CARTESIAN_POINT('',(-1.570796326795,2.423885766815));
#1796 = CARTESIAN_POINT('',(-1.570796326795,2.491749732825));
#1797 = CARTESIAN_POINT('',(-1.570796326795,2.559960843422));
#1798 = CARTESIAN_POINT('',(-1.570796326795,2.628697122557));
#1799 = CARTESIAN_POINT('',(-1.570796326795,2.698142049645));
#1800 = CARTESIAN_POINT('',(-1.570796326795,2.768486547351));
#1801 = CARTESIAN_POINT('',(-1.570796326795,2.839931213656));
#1802 = CARTESIAN_POINT('',(-1.570796326795,2.912688495409));
#1803 = CARTESIAN_POINT('',(-1.570796326795,2.986986199037));
#1804 = CARTESIAN_POINT('',(-1.570796326795,3.063067440961));
#1805 = CARTESIAN_POINT('',(-1.570796326795,3.115159605062));
#1806 = CARTESIAN_POINT('',(-1.570796326795,3.14159265359));
#1807 = ( GEOMETRIC_REPRESENTATION_CONTEXT(2) 
PARAMETRIC_REPRESENTATION_CONTEXT() REPRESENTATION_CONTEXT('2D SPACE',''
  ) );
#1808 = ORIENTED_EDGE('',*,*,#1809,.F.);
#1809 = EDGE_CURVE('',#1608,#1764,#1810,.T.);
#1810 = SURFACE_CURVE('',#1811,(#1815,#1822),.PCURVE_S1.);
#1811 = LINE('',#1812,#1813);
#1812 = CARTESIAN_POINT('',(35.277806311434,7.62,15.729235145135));
#1813 = VECTOR('',#1814,1.);
#1814 = DIRECTION('',(-0.551833239217,3.686951170381E-17,0.833954480829)
  );
#1815 = PCURVE('',#434,#1816);
#1816 = DEFINITIONAL_REPRESENTATION('',(#1817),#1821);
#1817 = LINE('',#1818,#1819);
#1818 = CARTESIAN_POINT('',(6.35,5.08));
#1819 = VECTOR('',#1820,1.);
#1820 = DIRECTION('',(1.,0.));
#1821 = ( GEOMETRIC_REPRESENTATION_CONTEXT(2) 
PARAMETRIC_REPRESENTATION_CONTEXT() REPRESENTATION_CONTEXT('2D SPACE',''
  ) );
#1822 = PCURVE('',#1678,#1823);
#1823 = DEFINITIONAL_REPRESENTATION('',(#1824),#1828);
#1824 = LINE('',#1825,#1826);
#1825 = CARTESIAN_POINT('',(7.068583470577,0.));
#1826 = VECTOR('',#1827,1.);
#1827 = DIRECTION('',(0.,1.));
#1828 = ( GEOMETRIC_REPRESENTATION_CONTEXT(2) 
PARAMETRIC_REPRESENTATION_CONTEXT() REPRESENTATION_CONTEXT('2D SPACE',''
  ) );
#1829 = ADVANCED_FACE('',(#1830),#760,.F.);
#1830 = FACE_BOUND('',#1831,.T.);
#1831 = EDGE_LOOP('',(#1832,#1833,#1856,#1900));
#1832 = ORIENTED_EDGE('',*,*,#1583,.T.);
#1833 = ORIENTED_EDGE('',*,*,#1834,.F.);
#1834 = EDGE_CURVE('',#1835,#1584,#1837,.T.);
#1835 = VERTEX_POINT('',#1836);
#1836 = CARTESIAN_POINT('',(35.277806311434,7.62,15.729235145135));
#1837 = SURFACE_CURVE('',#1838,(#1842,#1849),.PCURVE_S1.);
#1838 = LINE('',#1839,#1840);
#1839 = CARTESIAN_POINT('',(35.277806311434,7.62,15.729235145135));
#1840 = VECTOR('',#1841,1.);
#1841 = DIRECTION('',(-0.551833239217,3.686951170381E-17,0.833954480829)
  );
#1842 = PCURVE('',#760,#1843);
#1843 = DEFINITIONAL_REPRESENTATION('',(#1844),#1848);
#1844 = LINE('',#1845,#1846);
#1845 = CARTESIAN_POINT('',(6.35,5.08));
#1846 = VECTOR('',#1847,1.);
#1847 = DIRECTION('',(1.,0.));
#1848 = ( GEOMETRIC_REPRESENTATION_CONTEXT(2) 
PARAMETRIC_REPRESENTATION_CONTEXT() REPRESENTATION_CONTEXT('2D SPACE',''
  ) );
#1849 = PCURVE('',#1678,#1850);
#1850 = DEFINITIONAL_REPRESENTATION('',(#1851),#1855);
#1851 = LINE('',#1852,#1853);
#1852 = CARTESIAN_POINT('',(7.068583470577,0.));
#1853 = VECTOR('',#1854,1.);
#1854 = DIRECTION('',(0.,1.));
#1855 = ( GEOMETRIC_REPRESENTATION_CONTEXT(2) 
PARAMETRIC_REPRESENTATION_CONTEXT() REPRESENTATION_CONTEXT('2D SPACE',''
  ) );
#1856 = ORIENTED_EDGE('',*,*,#1857,.F.);
#1857 = EDGE_CURVE('',#689,#1835,#1858,.T.);
#1858 = SURFACE_CURVE('',#1859,(#1864,#1871),.PCURVE_S1.);
#1859 = CIRCLE('',#1860,1.27);
#1860 = AXIS2_PLACEMENT_3D('',#1861,#1862,#1863);
#1861 = CARTESIAN_POINT('',(35.277806311434,6.35,15.729235145135));
#1862 = DIRECTION('',(0.833954480829,-1.387778780781E-16,0.551833239217)
  );
#1863 = DIRECTION('',(0.390205025534,0.707106781187,-0.589694868595));
#1864 = PCURVE('',#760,#1865);
#1865 = DEFINITIONAL_REPRESENTATION('',(#1866),#1870);
#1866 = CIRCLE('',#1867,1.27);
#1867 = AXIS2_PLACEMENT_2D('',#1868,#1869);
#1868 = CARTESIAN_POINT('',(6.35,6.35));
#1869 = DIRECTION('',(-0.707106781187,-0.707106781187));
#1870 = ( GEOMETRIC_REPRESENTATION_CONTEXT(2) 
PARAMETRIC_REPRESENTATION_CONTEXT() REPRESENTATION_CONTEXT('2D SPACE',''
  ) );
#1871 = PCURVE('',#705,#1872);
#1872 = DEFINITIONAL_REPRESENTATION('',(#1873),#1899);
#1873 = B_SPLINE_CURVE_WITH_KNOTS('',3,(#1874,#1875,#1876,#1877,#1878,
    #1879,#1880,#1881,#1882,#1883,#1884,#1885,#1886,#1887,#1888,#1889,
    #1890,#1891,#1892,#1893,#1894,#1895,#1896,#1897,#1898),
  .UNSPECIFIED.,.F.,.F.,(4,1,1,1,1,1,1,1,1,1,1,1,1,1,1,1,1,1,1,1,1,1,4),
  (5.497787143782,5.569186976818,5.640586809854,5.711986642891,
    5.783386475927,5.854786308963,5.926186141999,5.997585975035,
    6.068985808071,6.140385641107,6.211785474143,6.28318530718,
    6.354585140216,6.425984973252,6.497384806288,6.568784639324,
    6.64018447236,6.711584305396,6.782984138433,6.854383971469,
    6.925783804505,6.997183637541,7.068583470577),
  .QUASI_UNIFORM_KNOTS.);
#1874 = CARTESIAN_POINT('',(-1.570796326795,-2.352213708095E-13));
#1875 = CARTESIAN_POINT('',(-1.570796326795,2.64330485279E-02));
#1876 = CARTESIAN_POINT('',(-1.570796326795,7.852521262823E-02));
#1877 = CARTESIAN_POINT('',(-1.570796326795,0.154606454553));
#1878 = CARTESIAN_POINT('',(-1.570796326795,0.228904158181));
#1879 = CARTESIAN_POINT('',(-1.570796326795,0.301661439934));
#1880 = CARTESIAN_POINT('',(-1.570796326795,0.373106106239));
#1881 = CARTESIAN_POINT('',(-1.570796326795,0.443450603944));
#1882 = CARTESIAN_POINT('',(-1.570796326795,0.512895531032));
#1883 = CARTESIAN_POINT('',(-1.570796326795,0.581631810167));
#1884 = CARTESIAN_POINT('',(-1.570796326795,0.649842920765));
#1885 = CARTESIAN_POINT('',(-1.570796326795,0.717706886775));
#1886 = CARTESIAN_POINT('',(-1.570796326795,0.785398163398));
#1887 = CARTESIAN_POINT('',(-1.570796326795,0.85308944002));
#1888 = CARTESIAN_POINT('',(-1.570796326795,0.92095340603));
#1889 = CARTESIAN_POINT('',(-1.570796326795,0.989164516628));
#1890 = CARTESIAN_POINT('',(-1.570796326795,1.057900795763));
#1891 = CARTESIAN_POINT('',(-1.570796326795,1.127345722851));
#1892 = CARTESIAN_POINT('',(-1.570796326795,1.197690220556));
#1893 = CARTESIAN_POINT('',(-1.570796326795,1.269134886861));
#1894 = CARTESIAN_POINT('',(-1.570796326795,1.341892168614));
#1895 = CARTESIAN_POINT('',(-1.570796326795,1.416189872242));
#1896 = CARTESIAN_POINT('',(-1.570796326795,1.492271114167));
#1897 = CARTESIAN_POINT('',(-1.570796326795,1.544363278267));
#1898 = CARTESIAN_POINT('',(-1.570796326795,1.570796326795));
#1899 = ( GEOMETRIC_REPRESENTATION_CONTEXT(2) 
PARAMETRIC_REPRESENTATION_CONTEXT() REPRESENTATION_CONTEXT('2D SPACE',''
  ) );
#1900 = ORIENTED_EDGE('',*,*,#744,.T.);
#1901 = ADVANCED_FACE('',(#1902),#463,.F.);
#1902 = FACE_BOUND('',#1903,.F.);
#1903 = EDGE_LOOP('',(#1904,#1905,#1951,#1995));
#1904 = ORIENTED_EDGE('',*,*,#1763,.F.);
#1905 = ORIENTED_EDGE('',*,*,#1906,.T.);
#1906 = EDGE_CURVE('',#1764,#1907,#1909,.T.);
#1907 = VERTEX_POINT('',#1908);
#1908 = CARTESIAN_POINT('',(32.506012935993,12.7,29.12376990689));
#1909 = SURFACE_CURVE('',#1910,(#1915,#1944),.PCURVE_S1.);
#1910 = CIRCLE('',#1911,5.08);
#1911 = AXIS2_PLACEMENT_3D('',#1912,#1913,#1914);
#1912 = CARTESIAN_POINT('',(32.506012935993,7.62,29.12376990689));
#1913 = DIRECTION('',(0.551833239217,-3.686951170381E-17,-0.833954480829
    ));
#1914 = DIRECTION('',(-0.833954480829,1.225315935864E-16,-0.551833239217
    ));
#1915 = PCURVE('',#463,#1916);
#1916 = DEFINITIONAL_REPRESENTATION('',(#1917),#1943);
#1917 = B_SPLINE_CURVE_WITH_KNOTS('',3,(#1918,#1919,#1920,#1921,#1922,
    #1923,#1924,#1925,#1926,#1927,#1928,#1929,#1930,#1931,#1932,#1933,
    #1934,#1935,#1936,#1937,#1938,#1939,#1940,#1941,#1942),
  .UNSPECIFIED.,.F.,.F.,(4,1,1,1,1,1,1,1,1,1,1,1,1,1,1,1,1,1,1,1,1,1,4),
  (0.,7.139983303613E-02,0.142799666072,0.214199499108,0.285599332145,
    0.356999165181,0.428398998217,0.499798831253,0.571198664289,
    0.642598497325,0.713998330361,0.785398163397,0.856797996434,
    0.92819782947,0.999597662506,1.070997495542,1.142397328578,
    1.213797161614,1.28519699465,1.356596827687,1.427996660723,
    1.499396493759,1.570796326795),.QUASI_UNIFORM_KNOTS.);
#1918 = CARTESIAN_POINT('',(-1.570796326795,1.570796326795));
#1919 = CARTESIAN_POINT('',(-1.544363278267,1.570796326795));
#1920 = CARTESIAN_POINT('',(-1.492271114166,1.570796326795));
#1921 = CARTESIAN_POINT('',(-1.416189872242,1.570796326795));
#1922 = CARTESIAN_POINT('',(-1.341892168614,1.570796326795));
#1923 = CARTESIAN_POINT('',(-1.269134886861,1.570796326795));
#1924 = CARTESIAN_POINT('',(-1.197690220556,1.570796326795));
#1925 = CARTESIAN_POINT('',(-1.12734572285,1.570796326795));
#1926 = CARTESIAN_POINT('',(-1.057900795762,1.570796326795));
#1927 = CARTESIAN_POINT('',(-0.989164516627,1.570796326795));
#1928 = CARTESIAN_POINT('',(-0.92095340603,1.570796326795));
#1929 = CARTESIAN_POINT('',(-0.85308944002,1.570796326795));
#1930 = CARTESIAN_POINT('',(-0.785398163397,1.570796326795));
#1931 = CARTESIAN_POINT('',(-0.717706886775,1.570796326795));
#1932 = CARTESIAN_POINT('',(-0.649842920765,1.570796326795));
#1933 = CARTESIAN_POINT('',(-0.581631810168,1.570796326795));
#1934 = CARTESIAN_POINT('',(-0.512895531033,1.570796326795));
#1935 = CARTESIAN_POINT('',(-0.443450603945,1.570796326795));
#1936 = CARTESIAN_POINT('',(-0.373106106239,1.570796326795));
#1937 = CARTESIAN_POINT('',(-0.301661439934,1.570796326795));
#1938 = CARTESIAN_POINT('',(-0.228904158181,1.570796326795));
#1939 = CARTESIAN_POINT('',(-0.154606454553,1.570796326795));
#1940 = CARTESIAN_POINT('',(-7.852521262874E-02,1.570796326795));
#1941 = CARTESIAN_POINT('',(-2.643304852829E-02,1.570796326795));
#1942 = CARTESIAN_POINT('',(-5.082127736203E-16,1.570796326795));
#1943 = ( GEOMETRIC_REPRESENTATION_CONTEXT(2) 
PARAMETRIC_REPRESENTATION_CONTEXT() REPRESENTATION_CONTEXT('2D SPACE',''
  ) );
#1944 = PCURVE('',#1678,#1945);
#1945 = DEFINITIONAL_REPRESENTATION('',(#1946),#1950);
#1946 = LINE('',#1947,#1948);
#1947 = CARTESIAN_POINT('',(7.068583470577,12.7));
#1948 = VECTOR('',#1949,1.);
#1949 = DIRECTION('',(-1.,0.));
#1950 = ( GEOMETRIC_REPRESENTATION_CONTEXT(2) 
PARAMETRIC_REPRESENTATION_CONTEXT() REPRESENTATION_CONTEXT('2D SPACE',''
  ) );
#1951 = ORIENTED_EDGE('',*,*,#1952,.F.);
#1952 = EDGE_CURVE('',#447,#1907,#1953,.T.);
#1953 = SURFACE_CURVE('',#1954,(#1959,#1988),.PCURVE_S1.);
#1954 = CIRCLE('',#1955,6.35);
#1955 = AXIS2_PLACEMENT_3D('',#1956,#1957,#1958);
#1956 = CARTESIAN_POINT('',(32.506012935993,6.35,29.12376990689));
#1957 = DIRECTION('',(-0.833954480829,1.387778780781E-16,-0.551833239217
    ));
#1958 = DIRECTION('',(-0.390205025534,0.707106781187,0.589694868595));
#1959 = PCURVE('',#463,#1960);
#1960 = DEFINITIONAL_REPRESENTATION('',(#1961),#1987);
#1961 = B_SPLINE_CURVE_WITH_KNOTS('',3,(#1962,#1963,#1964,#1965,#1966,
    #1967,#1968,#1969,#1970,#1971,#1972,#1973,#1974,#1975,#1976,#1977,
    #1978,#1979,#1980,#1981,#1982,#1983,#1984,#1985,#1986),
  .UNSPECIFIED.,.F.,.F.,(4,1,1,1,1,1,1,1,1,1,1,1,1,1,1,1,1,1,1,1,1,1,4),
  (5.497787143782,5.569186976818,5.640586809854,5.711986642891,
    5.783386475927,5.854786308963,5.926186141999,5.997585975035,
    6.068985808071,6.140385641107,6.211785474143,6.28318530718,
    6.354585140216,6.425984973252,6.497384806288,6.568784639324,
    6.64018447236,6.711584305396,6.782984138433,6.854383971469,
    6.925783804505,6.997183637541,7.068583470577),
  .QUASI_UNIFORM_KNOTS.);
#1962 = CARTESIAN_POINT('',(-5.082127736203E-16,3.14159265359));
#1963 = CARTESIAN_POINT('',(-5.082127736203E-16,3.115159605062));
#1964 = CARTESIAN_POINT('',(-5.082127736203E-16,3.063067440961));
#1965 = CARTESIAN_POINT('',(-5.082127736203E-16,2.986986199037));
#1966 = CARTESIAN_POINT('',(-5.082127736203E-16,2.912688495409));
#1967 = CARTESIAN_POINT('',(-5.082127736203E-16,2.839931213656));
#1968 = CARTESIAN_POINT('',(-5.082127736203E-16,2.768486547351));
#1969 = CARTESIAN_POINT('',(-5.082127736203E-16,2.698142049645));
#1970 = CARTESIAN_POINT('',(-5.082127736203E-16,2.628697122557));
#1971 = CARTESIAN_POINT('',(-5.082127736203E-16,2.559960843422));
#1972 = CARTESIAN_POINT('',(-5.082127736203E-16,2.491749732825));
#1973 = CARTESIAN_POINT('',(-5.082127736203E-16,2.423885766815));
#1974 = CARTESIAN_POINT('',(-5.082127736203E-16,2.356194490192));
#1975 = CARTESIAN_POINT('',(-5.082127736203E-16,2.28850321357));
#1976 = CARTESIAN_POINT('',(-5.082127736203E-16,2.22063924756));
#1977 = CARTESIAN_POINT('',(-5.082127736203E-16,2.152428136962));
#1978 = CARTESIAN_POINT('',(-5.082127736203E-16,2.083691857827));
#1979 = CARTESIAN_POINT('',(-5.082127736203E-16,2.014246930739));
#1980 = CARTESIAN_POINT('',(-5.082127736203E-16,1.943902433034));
#1981 = CARTESIAN_POINT('',(-5.082127736203E-16,1.872457766729));
#1982 = CARTESIAN_POINT('',(-5.082127736203E-16,1.799700484976));
#1983 = CARTESIAN_POINT('',(-5.082127736203E-16,1.725402781348));
#1984 = CARTESIAN_POINT('',(-5.082127736203E-16,1.649321539424));
#1985 = CARTESIAN_POINT('',(-5.082127736203E-16,1.597229375323));
#1986 = CARTESIAN_POINT('',(-5.082127736203E-16,1.570796326795));
#1987 = ( GEOMETRIC_REPRESENTATION_CONTEXT(2) 
PARAMETRIC_REPRESENTATION_CONTEXT() REPRESENTATION_CONTEXT('2D SPACE',''
  ) );
#1988 = PCURVE('',#1199,#1989);
#1989 = DEFINITIONAL_REPRESENTATION('',(#1990),#1994);
#1990 = LINE('',#1991,#1992);
#1991 = CARTESIAN_POINT('',(6.28318530718,138.42999942779));
#1992 = VECTOR('',#1993,1.);
#1993 = DIRECTION('',(-1.,0.));
#1994 = ( GEOMETRIC_REPRESENTATION_CONTEXT(2) 
PARAMETRIC_REPRESENTATION_CONTEXT() REPRESENTATION_CONTEXT('2D SPACE',''
  ) );
#1995 = ORIENTED_EDGE('',*,*,#446,.T.);
#1996 = ADVANCED_FACE('',(#1997),#705,.F.);
#1997 = FACE_BOUND('',#1998,.F.);
#1998 = EDGE_LOOP('',(#1999,#2000,#2001,#2002));
#1999 = ORIENTED_EDGE('',*,*,#1857,.F.);
#2000 = ORIENTED_EDGE('',*,*,#688,.T.);
#2001 = ORIENTED_EDGE('',*,*,#947,.F.);
#2002 = ORIENTED_EDGE('',*,*,#2003,.F.);
#2003 = EDGE_CURVE('',#1835,#948,#2004,.T.);
#2004 = SURFACE_CURVE('',#2005,(#2010,#2039),.PCURVE_S1.);
#2005 = CIRCLE('',#2006,5.08);
#2006 = AXIS2_PLACEMENT_3D('',#2007,#2008,#2009);
#2007 = CARTESIAN_POINT('',(39.514295074047,7.62,18.532548000357));
#2008 = DIRECTION('',(0.551833239217,1.816783277893E-16,-0.833954480829)
  );
#2009 = DIRECTION('',(-0.833954480829,1.225315935864E-16,-0.551833239217
    ));
#2010 = PCURVE('',#705,#2011);
#2011 = DEFINITIONAL_REPRESENTATION('',(#2012),#2038);
#2012 = B_SPLINE_CURVE_WITH_KNOTS('',3,(#2013,#2014,#2015,#2016,#2017,
    #2018,#2019,#2020,#2021,#2022,#2023,#2024,#2025,#2026,#2027,#2028,
    #2029,#2030,#2031,#2032,#2033,#2034,#2035,#2036,#2037),
  .UNSPECIFIED.,.F.,.F.,(4,1,1,1,1,1,1,1,1,1,1,1,1,1,1,1,1,1,1,1,1,1,4),
  (0.,7.139983303613E-02,0.142799666072,0.214199499108,0.285599332145,
    0.356999165181,0.428398998217,0.499798831253,0.571198664289,
    0.642598497325,0.713998330361,0.785398163397,0.856797996434,
    0.92819782947,0.999597662506,1.070997495542,1.142397328578,
    1.213797161614,1.28519699465,1.356596827687,1.427996660723,
    1.499396493759,1.570796326795),.QUASI_UNIFORM_KNOTS.);
#2013 = CARTESIAN_POINT('',(-1.570796326795,1.570796326795));
#2014 = CARTESIAN_POINT('',(-1.544363278267,1.570796326795));
#2015 = CARTESIAN_POINT('',(-1.492271114166,1.570796326795));
#2016 = CARTESIAN_POINT('',(-1.416189872242,1.570796326795));
#2017 = CARTESIAN_POINT('',(-1.341892168614,1.570796326795));
#2018 = CARTESIAN_POINT('',(-1.269134886861,1.570796326795));
#2019 = CARTESIAN_POINT('',(-1.197690220556,1.570796326795));
#2020 = CARTESIAN_POINT('',(-1.12734572285,1.570796326795));
#2021 = CARTESIAN_POINT('',(-1.057900795762,1.570796326795));
#2022 = CARTESIAN_POINT('',(-0.989164516627,1.570796326795));
#2023 = CARTESIAN_POINT('',(-0.92095340603,1.570796326795));
#2024 = CARTESIAN_POINT('',(-0.85308944002,1.570796326795));
#2025 = CARTESIAN_POINT('',(-0.785398163398,1.570796326795));
#2026 = CARTESIAN_POINT('',(-0.717706886775,1.570796326795));
#2027 = CARTESIAN_POINT('',(-0.649842920765,1.570796326795));
#2028 = CARTESIAN_POINT('',(-0.581631810168,1.570796326795));
#2029 = CARTESIAN_POINT('',(-0.512895531033,1.570796326795));
#2030 = CARTESIAN_POINT('',(-0.443450603945,1.570796326795));
#2031 = CARTESIAN_POINT('',(-0.373106106239,1.570796326795));
#2032 = CARTESIAN_POINT('',(-0.301661439934,1.570796326795));
#2033 = CARTESIAN_POINT('',(-0.228904158181,1.570796326795));
#2034 = CARTESIAN_POINT('',(-0.154606454553,1.570796326795));
#2035 = CARTESIAN_POINT('',(-7.852521262878E-02,1.570796326795));
#2036 = CARTESIAN_POINT('',(-2.643304852834E-02,1.570796326795));
#2037 = CARTESIAN_POINT('',(-6.11040884867E-14,1.570796326795));
#2038 = ( GEOMETRIC_REPRESENTATION_CONTEXT(2) 
PARAMETRIC_REPRESENTATION_CONTEXT() REPRESENTATION_CONTEXT('2D SPACE',''
  ) );
#2039 = PCURVE('',#1678,#2040);
#2040 = DEFINITIONAL_REPRESENTATION('',(#2041),#2045);
#2041 = LINE('',#2042,#2043);
#2042 = CARTESIAN_POINT('',(7.068583470577,0.));
#2043 = VECTOR('',#2044,1.);
#2044 = DIRECTION('',(-1.,5.654319433713E-16));
#2045 = ( GEOMETRIC_REPRESENTATION_CONTEXT(2) 
PARAMETRIC_REPRESENTATION_CONTEXT() REPRESENTATION_CONTEXT('2D SPACE',''
  ) );
#2046 = ADVANCED_FACE('',(#2047),#542,.F.);
#2047 = FACE_BOUND('',#2048,.F.);
#2048 = EDGE_LOOP('',(#2049,#2095,#2146,#2190));
#2049 = ORIENTED_EDGE('',*,*,#2050,.F.);
#2050 = EDGE_CURVE('',#2051,#503,#2053,.T.);
#2051 = VERTEX_POINT('',#2052);
#2052 = CARTESIAN_POINT('',(-39.51429507404,12.7,-18.53254800035));
#2053 = SURFACE_CURVE('',#2054,(#2059,#2088),.PCURVE_S1.);
#2054 = CIRCLE('',#2055,6.35);
#2055 = AXIS2_PLACEMENT_3D('',#2056,#2057,#2058);
#2056 = CARTESIAN_POINT('',(-39.51429507404,6.35,-18.53254800035));
#2057 = DIRECTION('',(0.833954480829,-1.387778780781E-16,0.551833239217)
  );
#2058 = DIRECTION('',(-0.390205025534,0.707106781187,0.589694868595));
#2059 = PCURVE('',#542,#2060);
#2060 = DEFINITIONAL_REPRESENTATION('',(#2061),#2087);
#2061 = B_SPLINE_CURVE_WITH_KNOTS('',3,(#2062,#2063,#2064,#2065,#2066,
    #2067,#2068,#2069,#2070,#2071,#2072,#2073,#2074,#2075,#2076,#2077,
    #2078,#2079,#2080,#2081,#2082,#2083,#2084,#2085,#2086),
  .UNSPECIFIED.,.F.,.F.,(4,1,1,1,1,1,1,1,1,1,1,1,1,1,1,1,1,1,1,1,1,1,4),
  (5.497787143782,5.569186976818,5.640586809854,5.711986642891,
    5.783386475927,5.854786308963,5.926186141999,5.997585975035,
    6.068985808071,6.140385641107,6.211785474143,6.28318530718,
    6.354585140216,6.425984973252,6.497384806288,6.568784639324,
    6.64018447236,6.711584305396,6.782984138433,6.854383971469,
    6.925783804505,6.997183637541,7.068583470577),
  .QUASI_UNIFORM_KNOTS.);
#2062 = CARTESIAN_POINT('',(-6.11040884867E-14,1.570796326795));
#2063 = CARTESIAN_POINT('',(-6.11040884867E-14,1.544363278267));
#2064 = CARTESIAN_POINT('',(-6.11040884867E-14,1.492271114166));
#2065 = CARTESIAN_POINT('',(-6.11040884867E-14,1.416189872242));
#2066 = CARTESIAN_POINT('',(-6.11040884867E-14,1.341892168614));
#2067 = CARTESIAN_POINT('',(-6.11040884867E-14,1.269134886861));
#2068 = CARTESIAN_POINT('',(-6.11040884867E-14,1.197690220556));
#2069 = CARTESIAN_POINT('',(-6.11040884867E-14,1.12734572285));
#2070 = CARTESIAN_POINT('',(-6.11040884867E-14,1.057900795762));
#2071 = CARTESIAN_POINT('',(-6.11040884867E-14,0.989164516627));
#2072 = CARTESIAN_POINT('',(-6.11040884867E-14,0.92095340603));
#2073 = CARTESIAN_POINT('',(-6.11040884867E-14,0.85308944002));
#2074 = CARTESIAN_POINT('',(-6.11040884867E-14,0.785398163397));
#2075 = CARTESIAN_POINT('',(-6.11040884867E-14,0.717706886775));
#2076 = CARTESIAN_POINT('',(-6.11040884867E-14,0.649842920765));
#2077 = CARTESIAN_POINT('',(-6.11040884867E-14,0.581631810168));
#2078 = CARTESIAN_POINT('',(-6.11040884867E-14,0.512895531033));
#2079 = CARTESIAN_POINT('',(-6.11040884867E-14,0.443450603944));
#2080 = CARTESIAN_POINT('',(-6.11040884867E-14,0.373106106239));
#2081 = CARTESIAN_POINT('',(-6.11040884867E-14,0.301661439934));
#2082 = CARTESIAN_POINT('',(-6.11040884867E-14,0.228904158181));
#2083 = CARTESIAN_POINT('',(-6.11040884867E-14,0.154606454553));
#2084 = CARTESIAN_POINT('',(-6.11040884867E-14,7.852521262851E-02));
#2085 = CARTESIAN_POINT('',(-6.11040884867E-14,2.643304852806E-02));
#2086 = CARTESIAN_POINT('',(-6.11040884867E-14,-2.352213708095E-13));
#2087 = ( GEOMETRIC_REPRESENTATION_CONTEXT(2) 
PARAMETRIC_REPRESENTATION_CONTEXT() REPRESENTATION_CONTEXT('2D SPACE',''
  ) );
#2088 = PCURVE('',#1282,#2089);
#2089 = DEFINITIONAL_REPRESENTATION('',(#2090),#2094);
#2090 = LINE('',#2091,#2092);
#2091 = CARTESIAN_POINT('',(0.,52.070000572205));
#2092 = VECTOR('',#2093,1.);
#2093 = DIRECTION('',(1.,0.));
#2094 = ( GEOMETRIC_REPRESENTATION_CONTEXT(2) 
PARAMETRIC_REPRESENTATION_CONTEXT() REPRESENTATION_CONTEXT('2D SPACE',''
  ) );
#2095 = ORIENTED_EDGE('',*,*,#2096,.F.);
#2096 = EDGE_CURVE('',#2097,#2051,#2099,.T.);
#2097 = VERTEX_POINT('',#2098);
#2098 = CARTESIAN_POINT('',(-35.27780631143,7.62,-15.72923514513));
#2099 = SURFACE_CURVE('',#2100,(#2105,#2134),.PCURVE_S1.);
#2100 = CIRCLE('',#2101,5.08);
#2101 = AXIS2_PLACEMENT_3D('',#2102,#2103,#2104);
#2102 = CARTESIAN_POINT('',(-39.51429507404,7.62,-18.53254800035));
#2103 = DIRECTION('',(-0.551833239217,2.55417351197E-16,0.833954480829)
  );
#2104 = DIRECTION('',(0.833954480829,-1.225315935864E-16,0.551833239217)
  );
#2105 = PCURVE('',#542,#2106);
#2106 = DEFINITIONAL_REPRESENTATION('',(#2107),#2133);
#2107 = B_SPLINE_CURVE_WITH_KNOTS('',3,(#2108,#2109,#2110,#2111,#2112,
    #2113,#2114,#2115,#2116,#2117,#2118,#2119,#2120,#2121,#2122,#2123,
    #2124,#2125,#2126,#2127,#2128,#2129,#2130,#2131,#2132),
  .UNSPECIFIED.,.F.,.F.,(4,1,1,1,1,1,1,1,1,1,1,1,1,1,1,1,1,1,1,1,1,1,4),
  (0.,7.139983303613E-02,0.142799666072,0.214199499108,0.285599332145,
    0.356999165181,0.428398998217,0.499798831253,0.571198664289,
    0.642598497325,0.713998330361,0.785398163397,0.856797996434,
    0.92819782947,0.999597662506,1.070997495542,1.142397328578,
    1.213797161614,1.28519699465,1.356596827687,1.427996660723,
    1.499396493759,1.570796326795),.QUASI_UNIFORM_KNOTS.);
#2108 = CARTESIAN_POINT('',(-1.570796326795,1.570796326795));
#2109 = CARTESIAN_POINT('',(-1.544363278267,1.570796326795));
#2110 = CARTESIAN_POINT('',(-1.492271114166,1.570796326795));
#2111 = CARTESIAN_POINT('',(-1.416189872242,1.570796326795));
#2112 = CARTESIAN_POINT('',(-1.341892168614,1.570796326795));
#2113 = CARTESIAN_POINT('',(-1.269134886861,1.570796326795));
#2114 = CARTESIAN_POINT('',(-1.197690220556,1.570796326795));
#2115 = CARTESIAN_POINT('',(-1.12734572285,1.570796326795));
#2116 = CARTESIAN_POINT('',(-1.057900795762,1.570796326795));
#2117 = CARTESIAN_POINT('',(-0.989164516627,1.570796326795));
#2118 = CARTESIAN_POINT('',(-0.92095340603,1.570796326795));
#2119 = CARTESIAN_POINT('',(-0.85308944002,1.570796326795));
#2120 = CARTESIAN_POINT('',(-0.785398163398,1.570796326795));
#2121 = CARTESIAN_POINT('',(-0.717706886775,1.570796326795));
#2122 = CARTESIAN_POINT('',(-0.649842920765,1.570796326795));
#2123 = CARTESIAN_POINT('',(-0.581631810168,1.570796326795));
#2124 = CARTESIAN_POINT('',(-0.512895531033,1.570796326795));
#2125 = CARTESIAN_POINT('',(-0.443450603945,1.570796326795));
#2126 = CARTESIAN_POINT('',(-0.373106106239,1.570796326795));
#2127 = CARTESIAN_POINT('',(-0.301661439934,1.570796326795));
#2128 = CARTESIAN_POINT('',(-0.228904158181,1.570796326795));
#2129 = CARTESIAN_POINT('',(-0.154606454553,1.570796326795));
#2130 = CARTESIAN_POINT('',(-7.852521262878E-02,1.570796326795));
#2131 = CARTESIAN_POINT('',(-2.643304852834E-02,1.570796326795));
#2132 = CARTESIAN_POINT('',(-6.11040884867E-14,1.570796326795));
#2133 = ( GEOMETRIC_REPRESENTATION_CONTEXT(2) 
PARAMETRIC_REPRESENTATION_CONTEXT() REPRESENTATION_CONTEXT('2D SPACE',''
  ) );
#2134 = PCURVE('',#2135,#2140);
#2135 = CYLINDRICAL_SURFACE('',#2136,5.08);
#2136 = AXIS2_PLACEMENT_3D('',#2137,#2138,#2139);
#2137 = CARTESIAN_POINT('',(-39.51429507404,7.62,-18.53254800035));
#2138 = DIRECTION('',(0.551833239217,-3.686951170381E-17,-0.833954480829
    ));
#2139 = DIRECTION('',(0.589694868595,0.707106781187,0.390205025534));
#2140 = DEFINITIONAL_REPRESENTATION('',(#2141),#2145);
#2141 = LINE('',#2142,#2143);
#2142 = CARTESIAN_POINT('',(7.068583470577,0.));
#2143 = VECTOR('',#2144,1.);
#2144 = DIRECTION('',(-1.,5.654319433713E-16));
#2145 = ( GEOMETRIC_REPRESENTATION_CONTEXT(2) 
PARAMETRIC_REPRESENTATION_CONTEXT() REPRESENTATION_CONTEXT('2D SPACE',''
  ) );
#2146 = ORIENTED_EDGE('',*,*,#2147,.F.);
#2147 = EDGE_CURVE('',#526,#2097,#2148,.T.);
#2148 = SURFACE_CURVE('',#2149,(#2154,#2183),.PCURVE_S1.);
#2149 = CIRCLE('',#2150,1.27);
#2150 = AXIS2_PLACEMENT_3D('',#2151,#2152,#2153);
#2151 = CARTESIAN_POINT('',(-35.27780631143,6.35,-15.72923514513));
#2152 = DIRECTION('',(-0.833954480829,1.387778780781E-16,-0.551833239217
    ));
#2153 = DIRECTION('',(-0.390205025534,0.707106781187,0.589694868595));
#2154 = PCURVE('',#542,#2155);
#2155 = DEFINITIONAL_REPRESENTATION('',(#2156),#2182);
#2156 = B_SPLINE_CURVE_WITH_KNOTS('',3,(#2157,#2158,#2159,#2160,#2161,
    #2162,#2163,#2164,#2165,#2166,#2167,#2168,#2169,#2170,#2171,#2172,
    #2173,#2174,#2175,#2176,#2177,#2178,#2179,#2180,#2181),
  .UNSPECIFIED.,.F.,.F.,(4,1,1,1,1,1,1,1,1,1,1,1,1,1,1,1,1,1,1,1,1,1,4),
  (5.497787143782,5.569186976818,5.640586809854,5.711986642891,
    5.783386475927,5.854786308963,5.926186141999,5.997585975035,
    6.068985808071,6.140385641107,6.211785474143,6.28318530718,
    6.354585140216,6.425984973252,6.497384806288,6.568784639324,
    6.64018447236,6.711584305396,6.782984138433,6.854383971469,
    6.925783804505,6.997183637541,7.068583470577),
  .QUASI_UNIFORM_KNOTS.);
#2157 = CARTESIAN_POINT('',(-1.570796326795,-2.352213708095E-13));
#2158 = CARTESIAN_POINT('',(-1.570796326795,2.64330485279E-02));
#2159 = CARTESIAN_POINT('',(-1.570796326795,7.852521262823E-02));
#2160 = CARTESIAN_POINT('',(-1.570796326795,0.154606454553));
#2161 = CARTESIAN_POINT('',(-1.570796326795,0.228904158181));
#2162 = CARTESIAN_POINT('',(-1.570796326795,0.301661439934));
#2163 = CARTESIAN_POINT('',(-1.570796326795,0.373106106239));
#2164 = CARTESIAN_POINT('',(-1.570796326795,0.443450603944));
#2165 = CARTESIAN_POINT('',(-1.570796326795,0.512895531032));
#2166 = CARTESIAN_POINT('',(-1.570796326795,0.581631810167));
#2167 = CARTESIAN_POINT('',(-1.570796326795,0.649842920765));
#2168 = CARTESIAN_POINT('',(-1.570796326795,0.717706886775));
#2169 = CARTESIAN_POINT('',(-1.570796326795,0.785398163398));
#2170 = CARTESIAN_POINT('',(-1.570796326795,0.85308944002));
#2171 = CARTESIAN_POINT('',(-1.570796326795,0.92095340603));
#2172 = CARTESIAN_POINT('',(-1.570796326795,0.989164516628));
#2173 = CARTESIAN_POINT('',(-1.570796326795,1.057900795763));
#2174 = CARTESIAN_POINT('',(-1.570796326795,1.127345722851));
#2175 = CARTESIAN_POINT('',(-1.570796326795,1.197690220556));
#2176 = CARTESIAN_POINT('',(-1.570796326795,1.269134886861));
#2177 = CARTESIAN_POINT('',(-1.570796326795,1.341892168614));
#2178 = CARTESIAN_POINT('',(-1.570796326795,1.416189872242));
#2179 = CARTESIAN_POINT('',(-1.570796326795,1.492271114167));
#2180 = CARTESIAN_POINT('',(-1.570796326795,1.544363278267));
#2181 = CARTESIAN_POINT('',(-1.570796326795,1.570796326795));
#2182 = ( GEOMETRIC_REPRESENTATION_CONTEXT(2) 
PARAMETRIC_REPRESENTATION_CONTEXT() REPRESENTATION_CONTEXT('2D SPACE',''
  ) );
#2183 = PCURVE('',#597,#2184);
#2184 = DEFINITIONAL_REPRESENTATION('',(#2185),#2189);
#2185 = CIRCLE('',#2186,1.27);
#2186 = AXIS2_PLACEMENT_2D('',#2187,#2188);
#2187 = CARTESIAN_POINT('',(6.35,6.35));
#2188 = DIRECTION('',(-0.707106781187,-0.707106781187));
#2189 = ( GEOMETRIC_REPRESENTATION_CONTEXT(2) 
PARAMETRIC_REPRESENTATION_CONTEXT() REPRESENTATION_CONTEXT('2D SPACE',''
  ) );
#2190 = ORIENTED_EDGE('',*,*,#525,.T.);
#2191 = ADVANCED_FACE('',(#2192),#626,.F.);
#2192 = FACE_BOUND('',#2193,.F.);
#2193 = EDGE_LOOP('',(#2194,#2240,#2284,#2285));
#2194 = ORIENTED_EDGE('',*,*,#2195,.F.);
#2195 = EDGE_CURVE('',#2196,#582,#2198,.T.);
#2196 = VERTEX_POINT('',#2197);
#2197 = CARTESIAN_POINT('',(-28.26952417338,7.62,-26.32045705166));
#2198 = SURFACE_CURVE('',#2199,(#2204,#2233),.PCURVE_S1.);
#2199 = CIRCLE('',#2200,1.27);
#2200 = AXIS2_PLACEMENT_3D('',#2201,#2202,#2203);
#2201 = CARTESIAN_POINT('',(-28.26952417338,6.35,-26.32045705166));
#2202 = DIRECTION('',(-0.833954480829,1.387778780781E-16,-0.551833239217
    ));
#2203 = DIRECTION('',(0.390205025534,0.707106781187,-0.589694868595));
#2204 = PCURVE('',#626,#2205);
#2205 = DEFINITIONAL_REPRESENTATION('',(#2206),#2232);
#2206 = B_SPLINE_CURVE_WITH_KNOTS('',3,(#2207,#2208,#2209,#2210,#2211,
    #2212,#2213,#2214,#2215,#2216,#2217,#2218,#2219,#2220,#2221,#2222,
    #2223,#2224,#2225,#2226,#2227,#2228,#2229,#2230,#2231),
  .UNSPECIFIED.,.F.,.F.,(4,1,1,1,1,1,1,1,1,1,1,1,1,1,1,1,1,1,1,1,1,1,4),
  (5.497787143782,5.569186976818,5.640586809854,5.711986642891,
    5.783386475927,5.854786308963,5.926186141999,5.997585975035,
    6.068985808071,6.140385641107,6.211785474143,6.28318530718,
    6.354585140216,6.425984973252,6.497384806288,6.568784639324,
    6.64018447236,6.711584305396,6.782984138433,6.854383971469,
    6.925783804505,6.997183637541,7.068583470577),
  .QUASI_UNIFORM_KNOTS.);
#2207 = CARTESIAN_POINT('',(-1.570796326795,1.570796326795));
#2208 = CARTESIAN_POINT('',(-1.570796326795,1.597229375323));
#2209 = CARTESIAN_POINT('',(-1.570796326795,1.649321539423));
#2210 = CARTESIAN_POINT('',(-1.570796326795,1.725402781348));
#2211 = CARTESIAN_POINT('',(-1.570796326795,1.799700484976));
#2212 = CARTESIAN_POINT('',(-1.570796326795,1.872457766729));
#2213 = CARTESIAN_POINT('',(-1.570796326795,1.943902433034));
#2214 = CARTESIAN_POINT('',(-1.570796326795,2.014246930739));
#2215 = CARTESIAN_POINT('',(-1.570796326795,2.083691857827));
#2216 = CARTESIAN_POINT('',(-1.570796326795,2.152428136962));
#2217 = CARTESIAN_POINT('',(-1.570796326795,2.22063924756));
#2218 = CARTESIAN_POINT('',(-1.570796326795,2.28850321357));
#2219 = CARTESIAN_POINT('',(-1.570796326795,2.356194490192));
#2220 = CARTESIAN_POINT('',(-1.570796326795,2.423885766815));
#2221 = CARTESIAN_POINT('',(-1.570796326795,2.491749732825));
#2222 = CARTESIAN_POINT('',(-1.570796326795,2.559960843422));
#2223 = CARTESIAN_POINT('',(-1.570796326795,2.628697122557));
#2224 = CARTESIAN_POINT('',(-1.570796326795,2.698142049645));
#2225 = CARTESIAN_POINT('',(-1.570796326795,2.768486547351));
#2226 = CARTESIAN_POINT('',(-1.570796326795,2.839931213656));
#2227 = CARTESIAN_POINT('',(-1.570796326795,2.912688495409));
#2228 = CARTESIAN_POINT('',(-1.570796326795,2.986986199037));
#2229 = CARTESIAN_POINT('',(-1.570796326795,3.063067440961));
#2230 = CARTESIAN_POINT('',(-1.570796326795,3.115159605062));
#2231 = CARTESIAN_POINT('',(-1.570796326795,3.14159265359));
#2232 = ( GEOMETRIC_REPRESENTATION_CONTEXT(2) 
PARAMETRIC_REPRESENTATION_CONTEXT() REPRESENTATION_CONTEXT('2D SPACE',''
  ) );
#2233 = PCURVE('',#597,#2234);
#2234 = DEFINITIONAL_REPRESENTATION('',(#2235),#2239);
#2235 = CIRCLE('',#2236,1.27);
#2236 = AXIS2_PLACEMENT_2D('',#2237,#2238);
#2237 = CARTESIAN_POINT('',(19.05,6.35));
#2238 = DIRECTION('',(0.707106781187,-0.707106781187));
#2239 = ( GEOMETRIC_REPRESENTATION_CONTEXT(2) 
PARAMETRIC_REPRESENTATION_CONTEXT() REPRESENTATION_CONTEXT('2D SPACE',''
  ) );
#2240 = ORIENTED_EDGE('',*,*,#2241,.T.);
#2241 = EDGE_CURVE('',#2196,#1079,#2242,.T.);
#2242 = SURFACE_CURVE('',#2243,(#2248,#2277),.PCURVE_S1.);
#2243 = CIRCLE('',#2244,5.08);
#2244 = AXIS2_PLACEMENT_3D('',#2245,#2246,#2247);
#2245 = CARTESIAN_POINT('',(-32.50601293599,7.62,-29.12376990689));
#2246 = DIRECTION('',(-0.551833239217,3.686951170381E-17,0.833954480829)
  );
#2247 = DIRECTION('',(0.833954480829,-1.225315935864E-16,0.551833239217)
  );
#2248 = PCURVE('',#626,#2249);
#2249 = DEFINITIONAL_REPRESENTATION('',(#2250),#2276);
#2250 = B_SPLINE_CURVE_WITH_KNOTS('',3,(#2251,#2252,#2253,#2254,#2255,
    #2256,#2257,#2258,#2259,#2260,#2261,#2262,#2263,#2264,#2265,#2266,
    #2267,#2268,#2269,#2270,#2271,#2272,#2273,#2274,#2275),
  .UNSPECIFIED.,.F.,.F.,(4,1,1,1,1,1,1,1,1,1,1,1,1,1,1,1,1,1,1,1,1,1,4),
  (0.,7.139983303613E-02,0.142799666072,0.214199499108,0.285599332145,
    0.356999165181,0.428398998217,0.499798831253,0.571198664289,
    0.642598497325,0.713998330361,0.785398163397,0.856797996434,
    0.92819782947,0.999597662506,1.070997495542,1.142397328578,
    1.213797161614,1.28519699465,1.356596827687,1.427996660723,
    1.499396493759,1.570796326795),.QUASI_UNIFORM_KNOTS.);
#2251 = CARTESIAN_POINT('',(-1.570796326795,1.570796326795));
#2252 = CARTESIAN_POINT('',(-1.544363278267,1.570796326795));
#2253 = CARTESIAN_POINT('',(-1.492271114166,1.570796326795));
#2254 = CARTESIAN_POINT('',(-1.416189872242,1.570796326795));
#2255 = CARTESIAN_POINT('',(-1.341892168614,1.570796326795));
#2256 = CARTESIAN_POINT('',(-1.269134886861,1.570796326795));
#2257 = CARTESIAN_POINT('',(-1.197690220556,1.570796326795));
#2258 = CARTESIAN_POINT('',(-1.12734572285,1.570796326795));
#2259 = CARTESIAN_POINT('',(-1.057900795762,1.570796326795));
#2260 = CARTESIAN_POINT('',(-0.989164516627,1.570796326795));
#2261 = CARTESIAN_POINT('',(-0.92095340603,1.570796326795));
#2262 = CARTESIAN_POINT('',(-0.85308944002,1.570796326795));
#2263 = CARTESIAN_POINT('',(-0.785398163397,1.570796326795));
#2264 = CARTESIAN_POINT('',(-0.717706886775,1.570796326795));
#2265 = CARTESIAN_POINT('',(-0.649842920765,1.570796326795));
#2266 = CARTESIAN_POINT('',(-0.581631810168,1.570796326795));
#2267 = CARTESIAN_POINT('',(-0.512895531033,1.570796326795));
#2268 = CARTESIAN_POINT('',(-0.443450603945,1.570796326795));
#2269 = CARTESIAN_POINT('',(-0.373106106239,1.570796326795));
#2270 = CARTESIAN_POINT('',(-0.301661439934,1.570796326795));
#2271 = CARTESIAN_POINT('',(-0.228904158181,1.570796326795));
#2272 = CARTESIAN_POINT('',(-0.154606454553,1.570796326795));
#2273 = CARTESIAN_POINT('',(-7.852521262874E-02,1.570796326795));
#2274 = CARTESIAN_POINT('',(-2.643304852829E-02,1.570796326795));
#2275 = CARTESIAN_POINT('',(-5.082127736203E-16,1.570796326795));
#2276 = ( GEOMETRIC_REPRESENTATION_CONTEXT(2) 
PARAMETRIC_REPRESENTATION_CONTEXT() REPRESENTATION_CONTEXT('2D SPACE',''
  ) );
#2277 = PCURVE('',#2135,#2278);
#2278 = DEFINITIONAL_REPRESENTATION('',(#2279),#2283);
#2279 = LINE('',#2280,#2281);
#2280 = CARTESIAN_POINT('',(7.068583470577,12.7));
#2281 = VECTOR('',#2282,1.);
#2282 = DIRECTION('',(-1.,0.));
#2283 = ( GEOMETRIC_REPRESENTATION_CONTEXT(2) 
PARAMETRIC_REPRESENTATION_CONTEXT() REPRESENTATION_CONTEXT('2D SPACE',''
  ) );
#2284 = ORIENTED_EDGE('',*,*,#1106,.F.);
#2285 = ORIENTED_EDGE('',*,*,#609,.T.);
#2286 = ADVANCED_FACE('',(#2287),#597,.F.);
#2287 = FACE_BOUND('',#2288,.T.);
#2288 = EDGE_LOOP('',(#2289,#2290,#2311,#2312));
#2289 = ORIENTED_EDGE('',*,*,#2195,.F.);
#2290 = ORIENTED_EDGE('',*,*,#2291,.F.);
#2291 = EDGE_CURVE('',#2097,#2196,#2292,.T.);
#2292 = SURFACE_CURVE('',#2293,(#2297,#2304),.PCURVE_S1.);
#2293 = LINE('',#2294,#2295);
#2294 = CARTESIAN_POINT('',(-35.27780631143,7.62,-15.72923514513));
#2295 = VECTOR('',#2296,1.);
#2296 = DIRECTION('',(0.551833239217,-3.686951170381E-17,-0.833954480829
    ));
#2297 = PCURVE('',#597,#2298);
#2298 = DEFINITIONAL_REPRESENTATION('',(#2299),#2303);
#2299 = LINE('',#2300,#2301);
#2300 = CARTESIAN_POINT('',(6.35,5.08));
#2301 = VECTOR('',#2302,1.);
#2302 = DIRECTION('',(1.,0.));
#2303 = ( GEOMETRIC_REPRESENTATION_CONTEXT(2) 
PARAMETRIC_REPRESENTATION_CONTEXT() REPRESENTATION_CONTEXT('2D SPACE',''
  ) );
#2304 = PCURVE('',#2135,#2305);
#2305 = DEFINITIONAL_REPRESENTATION('',(#2306),#2310);
#2306 = LINE('',#2307,#2308);
#2307 = CARTESIAN_POINT('',(7.068583470577,0.));
#2308 = VECTOR('',#2309,1.);
#2309 = DIRECTION('',(0.,1.));
#2310 = ( GEOMETRIC_REPRESENTATION_CONTEXT(2) 
PARAMETRIC_REPRESENTATION_CONTEXT() REPRESENTATION_CONTEXT('2D SPACE',''
  ) );
#2311 = ORIENTED_EDGE('',*,*,#2147,.F.);
#2312 = ORIENTED_EDGE('',*,*,#581,.T.);
#2313 = ADVANCED_FACE('',(#2314),#1094,.T.);
#2314 = FACE_BOUND('',#2315,.T.);
#2315 = EDGE_LOOP('',(#2316,#2337,#2338,#2339));
#2316 = ORIENTED_EDGE('',*,*,#2317,.F.);
#2317 = EDGE_CURVE('',#1079,#2051,#2318,.T.);
#2318 = SURFACE_CURVE('',#2319,(#2323,#2330),.PCURVE_S1.);
#2319 = LINE('',#2320,#2321);
#2320 = CARTESIAN_POINT('',(-39.51429507404,12.7,-18.53254800035));
#2321 = VECTOR('',#2322,1.);
#2322 = DIRECTION('',(-0.551833239217,3.686951170381E-17,0.833954480829)
  );
#2323 = PCURVE('',#1094,#2324);
#2324 = DEFINITIONAL_REPRESENTATION('',(#2325),#2329);
#2325 = LINE('',#2326,#2327);
#2326 = CARTESIAN_POINT('',(6.35,-43.17999942779));
#2327 = VECTOR('',#2328,1.);
#2328 = DIRECTION('',(1.,0.));
#2329 = ( GEOMETRIC_REPRESENTATION_CONTEXT(2) 
PARAMETRIC_REPRESENTATION_CONTEXT() REPRESENTATION_CONTEXT('2D SPACE',''
  ) );
#2330 = PCURVE('',#2135,#2331);
#2331 = DEFINITIONAL_REPRESENTATION('',(#2332),#2336);
#2332 = LINE('',#2333,#2334);
#2333 = CARTESIAN_POINT('',(5.497787143782,0.));
#2334 = VECTOR('',#2335,1.);
#2335 = DIRECTION('',(0.,-1.));
#2336 = ( GEOMETRIC_REPRESENTATION_CONTEXT(2) 
PARAMETRIC_REPRESENTATION_CONTEXT() REPRESENTATION_CONTEXT('2D SPACE',''
  ) );
#2337 = ORIENTED_EDGE('',*,*,#1078,.F.);
#2338 = ORIENTED_EDGE('',*,*,#1373,.T.);
#2339 = ORIENTED_EDGE('',*,*,#2340,.F.);
#2340 = EDGE_CURVE('',#2051,#1346,#2341,.T.);
#2341 = SURFACE_CURVE('',#2342,(#2346,#2353),.PCURVE_S1.);
#2342 = LINE('',#2343,#2344);
#2343 = CARTESIAN_POINT('',(-82.93830536802,12.7,-47.26650508214));
#2344 = VECTOR('',#2345,1.);
#2345 = DIRECTION('',(-0.833954480829,1.225315935864E-16,-0.551833239217
    ));
#2346 = PCURVE('',#1094,#2347);
#2347 = DEFINITIONAL_REPRESENTATION('',(#2348),#2352);
#2348 = LINE('',#2349,#2350);
#2349 = CARTESIAN_POINT('',(6.35,-95.25));
#2350 = VECTOR('',#2351,1.);
#2351 = DIRECTION('',(0.,-1.));
#2352 = ( GEOMETRIC_REPRESENTATION_CONTEXT(2) 
PARAMETRIC_REPRESENTATION_CONTEXT() REPRESENTATION_CONTEXT('2D SPACE',''
  ) );
#2353 = PCURVE('',#1282,#2354);
#2354 = DEFINITIONAL_REPRESENTATION('',(#2355),#2359);
#2355 = LINE('',#2356,#2357);
#2356 = CARTESIAN_POINT('',(5.497787143782,0.));
#2357 = VECTOR('',#2358,1.);
#2358 = DIRECTION('',(0.,-1.));
#2359 = ( GEOMETRIC_REPRESENTATION_CONTEXT(2) 
PARAMETRIC_REPRESENTATION_CONTEXT() REPRESENTATION_CONTEXT('2D SPACE',''
  ) );
#2360 = ADVANCED_FACE('',(#2361),#1009,.T.);
#2361 = FACE_BOUND('',#2362,.T.);
#2362 = EDGE_LOOP('',(#2363,#2384,#2405,#2406));
#2363 = ORIENTED_EDGE('',*,*,#2364,.F.);
#2364 = EDGE_CURVE('',#1907,#948,#2365,.T.);
#2365 = SURFACE_CURVE('',#2366,(#2370,#2377),.PCURVE_S1.);
#2366 = LINE('',#2367,#2368);
#2367 = CARTESIAN_POINT('',(39.514295074047,12.7,18.532548000357));
#2368 = VECTOR('',#2369,1.);
#2369 = DIRECTION('',(0.551833239217,-3.686951170381E-17,-0.833954480829
    ));
#2370 = PCURVE('',#1009,#2371);
#2371 = DEFINITIONAL_REPRESENTATION('',(#2372),#2376);
#2372 = LINE('',#2373,#2374);
#2373 = CARTESIAN_POINT('',(-6.35,43.179999427795));
#2374 = VECTOR('',#2375,1.);
#2375 = DIRECTION('',(-1.,0.));
#2376 = ( GEOMETRIC_REPRESENTATION_CONTEXT(2) 
PARAMETRIC_REPRESENTATION_CONTEXT() REPRESENTATION_CONTEXT('2D SPACE',''
  ) );
#2377 = PCURVE('',#1678,#2378);
#2378 = DEFINITIONAL_REPRESENTATION('',(#2379),#2383);
#2379 = LINE('',#2380,#2381);
#2380 = CARTESIAN_POINT('',(5.497787143782,0.));
#2381 = VECTOR('',#2382,1.);
#2382 = DIRECTION('',(0.,-1.));
#2383 = ( GEOMETRIC_REPRESENTATION_CONTEXT(2) 
PARAMETRIC_REPRESENTATION_CONTEXT() REPRESENTATION_CONTEXT('2D SPACE',''
  ) );
#2384 = ORIENTED_EDGE('',*,*,#2385,.F.);
#2385 = EDGE_CURVE('',#1156,#1907,#2386,.T.);
#2386 = SURFACE_CURVE('',#2387,(#2391,#2398),.PCURVE_S1.);
#2387 = LINE('',#2388,#2389);
#2388 = CARTESIAN_POINT('',(-82.93830536802,12.7,-47.26650508214));
#2389 = VECTOR('',#2390,1.);
#2390 = DIRECTION('',(-0.833954480829,1.225315935864E-16,-0.551833239217
    ));
#2391 = PCURVE('',#1009,#2392);
#2392 = DEFINITIONAL_REPRESENTATION('',(#2393),#2397);
#2393 = LINE('',#2394,#2395);
#2394 = CARTESIAN_POINT('',(6.35,-95.25));
#2395 = VECTOR('',#2396,1.);
#2396 = DIRECTION('',(0.,-1.));
#2397 = ( GEOMETRIC_REPRESENTATION_CONTEXT(2) 
PARAMETRIC_REPRESENTATION_CONTEXT() REPRESENTATION_CONTEXT('2D SPACE',''
  ) );
#2398 = PCURVE('',#1199,#2399);
#2399 = DEFINITIONAL_REPRESENTATION('',(#2400),#2404);
#2400 = LINE('',#2401,#2402);
#2401 = CARTESIAN_POINT('',(-0.785398163397,0.));
#2402 = VECTOR('',#2403,1.);
#2403 = DIRECTION('',(0.,-1.));
#2404 = ( GEOMETRIC_REPRESENTATION_CONTEXT(2) 
PARAMETRIC_REPRESENTATION_CONTEXT() REPRESENTATION_CONTEXT('2D SPACE',''
  ) );
#2405 = ORIENTED_EDGE('',*,*,#1155,.T.);
#2406 = ORIENTED_EDGE('',*,*,#993,.F.);
#2407 = ADVANCED_FACE('',(#2408),#1199,.T.);
#2408 = FACE_BOUND('',#2409,.T.);
#2409 = EDGE_LOOP('',(#2410,#2411,#2412,#2413));
#2410 = ORIENTED_EDGE('',*,*,#1952,.F.);
#2411 = ORIENTED_EDGE('',*,*,#1317,.T.);
#2412 = ORIENTED_EDGE('',*,*,#1178,.T.);
#2413 = ORIENTED_EDGE('',*,*,#2385,.T.);
#2414 = ADVANCED_FACE('',(#2415),#1282,.T.);
#2415 = FACE_BOUND('',#2416,.T.);
#2416 = EDGE_LOOP('',(#2417,#2418,#2419,#2420));
#2417 = ORIENTED_EDGE('',*,*,#2050,.F.);
#2418 = ORIENTED_EDGE('',*,*,#2340,.T.);
#2419 = ORIENTED_EDGE('',*,*,#1345,.T.);
#2420 = ORIENTED_EDGE('',*,*,#1266,.T.);
#2421 = ADVANCED_FACE('',(#2422),#1678,.T.);
#2422 = FACE_BOUND('',#2423,.T.);
#2423 = EDGE_LOOP('',(#2424,#2425,#2426,#2427,#2428,#2429));
#2424 = ORIENTED_EDGE('',*,*,#1607,.T.);
#2425 = ORIENTED_EDGE('',*,*,#1809,.T.);
#2426 = ORIENTED_EDGE('',*,*,#1906,.T.);
#2427 = ORIENTED_EDGE('',*,*,#2364,.T.);
#2428 = ORIENTED_EDGE('',*,*,#2003,.F.);
#2429 = ORIENTED_EDGE('',*,*,#1834,.T.);
#2430 = ADVANCED_FACE('',(#2431),#2135,.T.);
#2431 = FACE_BOUND('',#2432,.T.);
#2432 = EDGE_LOOP('',(#2433,#2434,#2435,#2436));
#2433 = ORIENTED_EDGE('',*,*,#2241,.T.);
#2434 = ORIENTED_EDGE('',*,*,#2317,.T.);
#2435 = ORIENTED_EDGE('',*,*,#2096,.F.);
#2436 = ORIENTED_EDGE('',*,*,#2291,.T.);
#2437 = ( GEOMETRIC_REPRESENTATION_CONTEXT(3) 
GLOBAL_UNCERTAINTY_ASSIGNED_CONTEXT((#2441)) 
GLOBAL_UNIT_ASSIGNED_CONTEXT((#2438,#2439,#2440)) REPRESENTATION_CONTEXT
('Context #1','3D Context with UNIT and UNCERTAINTY') );
#2438 = ( LENGTH_UNIT() NAMED_UNIT(*) SI_UNIT(.MILLI.,.METRE.) );
#2439 = ( NAMED_UNIT(*) PLANE_ANGLE_UNIT() SI_UNIT($,.RADIAN.) );
#2440 = ( NAMED_UNIT(*) SI_UNIT($,.STERADIAN.) SOLID_ANGLE_UNIT() );
#2441 = UNCERTAINTY_MEASURE_WITH_UNIT(LENGTH_MEASURE(2.E-05),#2438,
  'distance_accuracy_value','confusion accuracy');
#2442 = CONTEXT_DEPENDENT_SHAPE_REPRESENTATION(#2443,#2445);
#2443 = ( REPRESENTATION_RELATIONSHIP('','',#44,#10) 
REPRESENTATION_RELATIONSHIP_WITH_TRANSFORMATION(#2444) 
SHAPE_REPRESENTATION_RELATIONSHIP() );
#2444 = ITEM_DEFINED_TRANSFORMATION('','',#11,#15);
#2445 = PRODUCT_DEFINITION_SHAPE('Placement','Placement of an item',
  #2446);
#2446 = NEXT_ASSEMBLY_USAGE_OCCURRENCE('1','','',#5,#39,$);
#2447 = PRODUCT_RELATED_PRODUCT_CATEGORY('part',$,(#41));
#2448 = SHAPE_DEFINITION_REPRESENTATION(#2449,#2455);
#2449 = PRODUCT_DEFINITION_SHAPE('','',#2450);
#2450 = PRODUCT_DEFINITION('design','',#2451,#2454);
#2451 = PRODUCT_DEFINITION_FORMATION('','',#2452);
#2452 = PRODUCT('Open CASCADE STEP translator 7.9 1.2',
  'Open CASCADE STEP translator 7.9 1.2','',(#2453));
#2453 = PRODUCT_CONTEXT('',#2,'mechanical');
#2454 = PRODUCT_DEFINITION_CONTEXT('part definition',#2,'design');
#2455 = ADVANCED_BREP_SHAPE_REPRESENTATION('',(#11,#2456),#6110);
#2456 = MANIFOLD_SOLID_BREP('',#2457);
#2457 = CLOSED_SHELL('',(#2458,#3113,#3468,#3640,#3690,#3865,#4136,#4186
    ,#4242,#4513,#4569,#4641,#4916,#4988,#5181,#5315,#5601,#5764,#5793,
    #5822,#5901,#5931,#6010,#6040,#6096,#6103));
#2458 = ADVANCED_FACE('',(#2459,#3082),#2474,.F.);
#2459 = FACE_BOUND('',#2460,.F.);
#2460 = EDGE_LOOP('',(#2461,#2540,#2568,#2640,#2668,#2696,#2725,#2748,
    #2776,#2848,#2876,#2948,#2976,#3004,#3033,#3056));
#2461 = ORIENTED_EDGE('',*,*,#2462,.F.);
#2462 = EDGE_CURVE('',#2463,#2465,#2467,.T.);
#2463 = VERTEX_POINT('',#2464);
#2464 = CARTESIAN_POINT('',(-12.54818521827,6.35,-41.94736385536));
#2465 = VERTEX_POINT('',#2466);
#2466 = CARTESIAN_POINT('',(-7.62,6.35,-38.09999942779));
#2467 = SURFACE_CURVE('',#2468,(#2473,#2485),.PCURVE_S1.);
#2468 = CIRCLE('',#2469,5.08);
#2469 = AXIS2_PLACEMENT_3D('',#2470,#2471,#2472);
#2470 = CARTESIAN_POINT('',(-7.62,6.35,-43.17999942779));
#2471 = DIRECTION('',(-1.224646799147E-16,1.,-2.540718180781E-33));
#2472 = DIRECTION('',(-1.,-1.224646799147E-16,-2.22044604925E-16));
#2473 = PCURVE('',#2474,#2479);
#2474 = PLANE('',#2475);
#2475 = AXIS2_PLACEMENT_3D('',#2476,#2477,#2478);
#2476 = CARTESIAN_POINT('',(-1.254502557804E-14,6.35,1.613356044796E-32)
  );
#2477 = DIRECTION('',(-1.224646799147E-16,1.,-2.540718180781E-33));
#2478 = DIRECTION('',(-1.,-1.224646799147E-16,-2.22044604925E-16));
#2479 = DEFINITIONAL_REPRESENTATION('',(#2480),#2484);
#2480 = CIRCLE('',#2481,5.08);
#2481 = AXIS2_PLACEMENT_2D('',#2482,#2483);
#2482 = CARTESIAN_POINT('',(7.62,-43.17999942779));
#2483 = DIRECTION('',(1.,0.));
#2484 = ( GEOMETRIC_REPRESENTATION_CONTEXT(2) 
PARAMETRIC_REPRESENTATION_CONTEXT() REPRESENTATION_CONTEXT('2D SPACE',''
  ) );
#2485 = PCURVE('',#2486,#2512);
#2486 = ( BOUNDED_SURFACE() B_SPLINE_SURFACE(2,2,(
    (#2487,#2488,#2489,#2490,#2491)
    ,(#2492,#2493,#2494,#2495,#2496)
    ,(#2497,#2498,#2499,#2500,#2501)
    ,(#2502,#2503,#2504,#2505,#2506)
    ,(#2507,#2508,#2509,#2510,#2511
)),.UNSPECIFIED.,.F.,.F.,.F.) B_SPLINE_SURFACE_WITH_KNOTS((3,1,1,3),(3,1
    ,1,3),(-2.470582960407,-1.570796326795,-1.70478435972E-15,
    1.272490460496),(-2.588788695192,-1.570796326795,-9.965781480887E-15
,1.017992368397),.UNSPECIFIED.) GEOMETRIC_REPRESENTATION_ITEM() 
RATIONAL_B_SPLINE_SURFACE((
    (1.,1.189816500345,0.707106781187,1.189816500345,1.)
    ,(1.167775668219,1.389438758749,0.825742093902,1.389438758749
      ,1.167775668219)
    ,(0.707106781187,0.841327315762,0.5,0.841327315762,0.707106781187)
    ,(1.237270625432,1.472125005531,0.874882449406,1.472125005531
      ,1.237270625432)
    ,(1.,1.189816500345,0.707106781187,1.189816500345,1.
))) REPRESENTATION_ITEM('') SURFACE() );
#2487 = CARTESIAN_POINT('',(1.880540686978,13.310540686978,
    -38.09999942779));
#2488 = CARTESIAN_POINT('',(-8.819026937848,12.760562936651,
    -38.09999942779));
#2489 = CARTESIAN_POINT('',(-1.800128867406,10.899871132594,
    -38.09999942779));
#2490 = CARTESIAN_POINT('',(6.056293665122E-02,3.880973062152,
    -38.09999942779));
#2491 = CARTESIAN_POINT('',(0.610540686978,14.580540686978,
    -38.09999942779));
#2492 = CARTESIAN_POINT('',(1.880540686978,6.842012369107,
    -38.09999942779));
#2493 = CARTESIAN_POINT('',(-6.539498458261,6.842012369107,
    -38.09999942779));
#2494 = CARTESIAN_POINT('',(-5.857987630893,6.842012369107,
    -38.09999942779));
#2495 = CARTESIAN_POINT('',(-5.857987630893,6.160501541739,
    -38.09999942779));
#2496 = CARTESIAN_POINT('',(-5.857987630893,14.580540686978,
    -38.09999942779));
#2497 = CARTESIAN_POINT('',(1.880540686978,-5.928558007122E-14,
    -38.09999942779));
#2498 = CARTESIAN_POINT('',(-3.904298864192,-6.692189945158E-15,
    -38.09999942779));
#2499 = CARTESIAN_POINT('',(-12.7,7.327471962526E-14,-38.09999942779));
#2500 = CARTESIAN_POINT('',(-12.7,8.795701135808,-38.09999942779));
#2501 = CARTESIAN_POINT('',(-12.7,14.580540686978,-38.09999942779));
#2502 = CARTESIAN_POINT('',(1.880540686978,-7.227938385719E-14,
    -45.53189844364));
#2503 = CARTESIAN_POINT('',(-3.904298864192,-1.968599373113E-14,
    -45.53189844364));
#2504 = CARTESIAN_POINT('',(-12.7,6.028091583929E-14,-45.53189844364));
#2505 = CARTESIAN_POINT('',(-12.7,8.795701135808,-45.53189844364));
#2506 = CARTESIAN_POINT('',(-12.7,14.580540686978,-45.53189844364));
#2507 = CARTESIAN_POINT('',(1.880540686978,-8.255749934822E-14,
    -51.41054011477));
#2508 = CARTESIAN_POINT('',(-3.904298864192,-2.996410922215E-14,
    -51.41054011477));
#2509 = CARTESIAN_POINT('',(-12.7,5.000280034826E-14,-51.41054011477));
#2510 = CARTESIAN_POINT('',(-12.7,8.795701135808,-51.41054011477));
#2511 = CARTESIAN_POINT('',(-12.7,14.580540686978,-51.41054011477));
#2512 = DEFINITIONAL_REPRESENTATION('',(#2513),#2539);
#2513 = B_SPLINE_CURVE_WITH_KNOTS('',3,(#2514,#2515,#2516,#2517,#2518,
    #2519,#2520,#2521,#2522,#2523,#2524,#2525,#2526,#2527,#2528,#2529,
    #2530,#2531,#2532,#2533,#2534,#2535,#2536,#2537,#2538),
  .UNSPECIFIED.,.F.,.F.,(4,1,1,1,1,1,1,1,1,1,1,1,1,1,1,1,1,1,1,1,1,1,4),
  (0.,7.139983303613E-02,0.142799666072,0.214199499108,0.285599332145,
    0.356999165181,0.428398998217,0.499798831253,0.571198664289,
    0.642598497325,0.713998330361,0.785398163397,0.856797996434,
    0.92819782947,0.999597662506,1.070997495542,1.142397328578,
    1.213797161614,1.28519699465,1.356596827687,1.427996660723,
    1.499396493759,1.570796326795),.QUASI_UNIFORM_KNOTS.);
#2514 = CARTESIAN_POINT('',(-1.70478435972E-15,-9.965781480887E-15));
#2515 = CARTESIAN_POINT('',(-2.643304852828E-02,-9.965781480887E-15));
#2516 = CARTESIAN_POINT('',(-7.852521262872E-02,-9.965781480887E-15));
#2517 = CARTESIAN_POINT('',(-0.154606454553,-9.965781480887E-15));
#2518 = CARTESIAN_POINT('',(-0.228904158181,-9.965781480887E-15));
#2519 = CARTESIAN_POINT('',(-0.301661439934,-9.965781480887E-15));
#2520 = CARTESIAN_POINT('',(-0.373106106239,-9.965781480887E-15));
#2521 = CARTESIAN_POINT('',(-0.443450603945,-9.965781480887E-15));
#2522 = CARTESIAN_POINT('',(-0.512895531033,-9.965781480887E-15));
#2523 = CARTESIAN_POINT('',(-0.581631810168,-9.965781480887E-15));
#2524 = CARTESIAN_POINT('',(-0.649842920765,-9.965781480887E-15));
#2525 = CARTESIAN_POINT('',(-0.717706886775,-9.965781480887E-15));
#2526 = CARTESIAN_POINT('',(-0.785398163397,-9.965781480887E-15));
#2527 = CARTESIAN_POINT('',(-0.85308944002,-9.965781480887E-15));
#2528 = CARTESIAN_POINT('',(-0.92095340603,-9.965781480887E-15));
#2529 = CARTESIAN_POINT('',(-0.989164516627,-9.965781480887E-15));
#2530 = CARTESIAN_POINT('',(-1.057900795762,-9.965781480887E-15));
#2531 = CARTESIAN_POINT('',(-1.12734572285,-9.965781480887E-15));
#2532 = CARTESIAN_POINT('',(-1.197690220556,-9.965781480887E-15));
#2533 = CARTESIAN_POINT('',(-1.269134886861,-9.965781480887E-15));
#2534 = CARTESIAN_POINT('',(-1.341892168614,-9.965781480887E-15));
#2535 = CARTESIAN_POINT('',(-1.416189872242,-9.965781480887E-15));
#2536 = CARTESIAN_POINT('',(-1.492271114166,-9.965781480887E-15));
#2537 = CARTESIAN_POINT('',(-1.544363278267,-9.965781480887E-15));
#2538 = CARTESIAN_POINT('',(-1.570796326795,-9.965781480887E-15));
#2539 = ( GEOMETRIC_REPRESENTATION_CONTEXT(2) 
PARAMETRIC_REPRESENTATION_CONTEXT() REPRESENTATION_CONTEXT('2D SPACE',''
  ) );
#2540 = ORIENTED_EDGE('',*,*,#2541,.F.);
#2541 = EDGE_CURVE('',#2542,#2463,#2544,.T.);
#2542 = VERTEX_POINT('',#2543);
#2543 = CARTESIAN_POINT('',(-12.54818521827,6.35,41.947363855369));
#2544 = SURFACE_CURVE('',#2545,(#2549,#2556),.PCURVE_S1.);
#2545 = LINE('',#2546,#2547);
#2546 = CARTESIAN_POINT('',(-12.54818521827,6.35,43.179999427795));
#2547 = VECTOR('',#2548,1.);
#2548 = DIRECTION('',(2.22044604925E-16,2.465190328816E-32,-1.));
#2549 = PCURVE('',#2474,#2550);
#2550 = DEFINITIONAL_REPRESENTATION('',(#2551),#2555);
#2551 = LINE('',#2552,#2553);
#2552 = CARTESIAN_POINT('',(12.548185218272,43.179999427795));
#2553 = VECTOR('',#2554,1.);
#2554 = DIRECTION('',(0.,-1.));
#2555 = ( GEOMETRIC_REPRESENTATION_CONTEXT(2) 
PARAMETRIC_REPRESENTATION_CONTEXT() REPRESENTATION_CONTEXT('2D SPACE',''
  ) );
#2556 = PCURVE('',#2557,#2562);
#2557 = CYLINDRICAL_SURFACE('',#2558,0.15);
#2558 = AXIS2_PLACEMENT_3D('',#2559,#2560,#2561);
#2559 = CARTESIAN_POINT('',(-12.54818521827,6.5,43.179999427795));
#2560 = DIRECTION('',(2.22044604925E-16,2.465190328816E-32,-1.));
#2561 = DIRECTION('',(1.224646799147E-16,-1.,2.540718180781E-33));
#2562 = DEFINITIONAL_REPRESENTATION('',(#2563),#2567);
#2563 = LINE('',#2564,#2565);
#2564 = CARTESIAN_POINT('',(0.,0.));
#2565 = VECTOR('',#2566,1.);
#2566 = DIRECTION('',(0.,1.));
#2567 = ( GEOMETRIC_REPRESENTATION_CONTEXT(2) 
PARAMETRIC_REPRESENTATION_CONTEXT() REPRESENTATION_CONTEXT('2D SPACE',''
  ) );
#2568 = ORIENTED_EDGE('',*,*,#2569,.F.);
#2569 = EDGE_CURVE('',#2570,#2542,#2572,.T.);
#2570 = VERTEX_POINT('',#2571);
#2571 = CARTESIAN_POINT('',(-7.62,6.35,38.099999427795));
#2572 = SURFACE_CURVE('',#2573,(#2578,#2585),.PCURVE_S1.);
#2573 = CIRCLE('',#2574,5.08);
#2574 = AXIS2_PLACEMENT_3D('',#2575,#2576,#2577);
#2575 = CARTESIAN_POINT('',(-7.62,6.35,43.179999427795));
#2576 = DIRECTION('',(-1.224646799147E-16,1.,-2.540718180781E-33));
#2577 = DIRECTION('',(-1.,-1.224646799147E-16,-2.22044604925E-16));
#2578 = PCURVE('',#2474,#2579);
#2579 = DEFINITIONAL_REPRESENTATION('',(#2580),#2584);
#2580 = CIRCLE('',#2581,5.08);
#2581 = AXIS2_PLACEMENT_2D('',#2582,#2583);
#2582 = CARTESIAN_POINT('',(7.62,43.179999427795));
#2583 = DIRECTION('',(1.,0.));
#2584 = ( GEOMETRIC_REPRESENTATION_CONTEXT(2) 
PARAMETRIC_REPRESENTATION_CONTEXT() REPRESENTATION_CONTEXT('2D SPACE',''
  ) );
#2585 = PCURVE('',#2586,#2612);
#2586 = ( BOUNDED_SURFACE() B_SPLINE_SURFACE(2,2,(
    (#2587,#2588,#2589,#2590,#2591)
    ,(#2592,#2593,#2594,#2595,#2596)
    ,(#2597,#2598,#2599,#2600,#2601)
    ,(#2602,#2603,#2604,#2605,#2606)
    ,(#2607,#2608,#2609,#2610,#2611
)),.UNSPECIFIED.,.F.,.F.,.F.) B_SPLINE_SURFACE_WITH_KNOTS((3,1,1,3),(3,1
    ,1,3),(-2.470582960407,-1.570796326795,1.789481336941E-15,
    1.272490460496),(-4.159585021987,-3.14159265359,-1.570796326795,
-0.552803958398),.UNSPECIFIED.) GEOMETRIC_REPRESENTATION_ITEM() 
RATIONAL_B_SPLINE_SURFACE((
    (1.,1.189816500345,0.707106781187,1.189816500345,1.)
    ,(1.167775668219,1.389438758749,0.825742093902,1.389438758749
      ,1.167775668219)
    ,(0.707106781187,0.841327315762,0.5,0.841327315762,0.707106781187)
    ,(1.237270625432,1.472125005531,0.874882449406,1.472125005531
      ,1.237270625432)
    ,(1.,1.189816500345,0.707106781187,1.189816500345,1.
))) REPRESENTATION_ITEM('') SURFACE() );
#2587 = CARTESIAN_POINT('',(0.610540686978,14.580540686978,
    38.099999427795));
#2588 = CARTESIAN_POINT('',(6.056293665128E-02,3.880973062152,
    38.099999427795));
#2589 = CARTESIAN_POINT('',(-1.800128867406,10.899871132594,
    38.099999427795));
#2590 = CARTESIAN_POINT('',(-8.819026937848,12.760562936651,
    38.099999427795));
#2591 = CARTESIAN_POINT('',(1.880540686978,13.310540686978,
    38.099999427795));
#2592 = CARTESIAN_POINT('',(-5.857987630893,14.580540686978,
    38.099999427795));
#2593 = CARTESIAN_POINT('',(-5.857987630893,6.160501541739,
    38.099999427795));
#2594 = CARTESIAN_POINT('',(-5.857987630893,6.842012369107,
    38.099999427795));
#2595 = CARTESIAN_POINT('',(-6.539498458261,6.842012369107,
    38.099999427795));
#2596 = CARTESIAN_POINT('',(1.880540686978,6.842012369107,
    38.099999427795));
#2597 = CARTESIAN_POINT('',(-12.7,14.580540686978,38.099999427795));
#2598 = CARTESIAN_POINT('',(-12.7,8.795701135808,38.099999427795));
#2599 = CARTESIAN_POINT('',(-12.7,8.992806499464E-14,38.099999427795));
#2600 = CARTESIAN_POINT('',(-3.904298864192,-6.077880304192E-14,
    38.099999427795));
#2601 = CARTESIAN_POINT('',(1.880540686978,-1.598971152026E-13,
    38.099999427795));
#2602 = CARTESIAN_POINT('',(-12.7,14.580540686978,45.531898443649));
#2603 = CARTESIAN_POINT('',(-12.7,8.795701135808,45.531898443649));
#2604 = CARTESIAN_POINT('',(-12.7,1.029218687806E-13,45.531898443649));
#2605 = CARTESIAN_POINT('',(-3.904298864192,-4.778499925595E-14,
    45.531898443649));
#2606 = CARTESIAN_POINT('',(1.880540686978,-1.469033114166E-13,
    45.531898443649));
#2607 = CARTESIAN_POINT('',(-12.7,14.580540686978,51.410540114773));
#2608 = CARTESIAN_POINT('',(-12.7,8.795701135808,51.410540114773));
#2609 = CARTESIAN_POINT('',(-12.7,1.131999842716E-13,51.410540114774));
#2610 = CARTESIAN_POINT('',(-3.904298864192,-3.750688376492E-14,
    51.410540114773));
#2611 = CARTESIAN_POINT('',(1.880540686978,-1.366251959256E-13,
    51.410540114773));
#2612 = DEFINITIONAL_REPRESENTATION('',(#2613),#2639);
#2613 = B_SPLINE_CURVE_WITH_KNOTS('',3,(#2614,#2615,#2616,#2617,#2618,
    #2619,#2620,#2621,#2622,#2623,#2624,#2625,#2626,#2627,#2628,#2629,
    #2630,#2631,#2632,#2633,#2634,#2635,#2636,#2637,#2638),
  .UNSPECIFIED.,.F.,.F.,(4,1,1,1,1,1,1,1,1,1,1,1,1,1,1,1,1,1,1,1,1,1,4),
  (4.712388980385,4.783788813421,4.855188646457,4.926588479493,
    4.997988312529,5.069388145565,5.140787978601,5.212187811638,
    5.283587644674,5.35498747771,5.426387310746,5.497787143782,
    5.569186976818,5.640586809854,5.711986642891,5.783386475927,
    5.854786308963,5.926186141999,5.997585975035,6.068985808071,
    6.140385641107,6.211785474143,6.28318530718),.QUASI_UNIFORM_KNOTS.);
#2614 = CARTESIAN_POINT('',(-1.570796326795,-3.14159265359));
#2615 = CARTESIAN_POINT('',(-1.544363278267,-3.14159265359));
#2616 = CARTESIAN_POINT('',(-1.492271114166,-3.14159265359));
#2617 = CARTESIAN_POINT('',(-1.416189872242,-3.14159265359));
#2618 = CARTESIAN_POINT('',(-1.341892168614,-3.14159265359));
#2619 = CARTESIAN_POINT('',(-1.269134886861,-3.14159265359));
#2620 = CARTESIAN_POINT('',(-1.197690220556,-3.14159265359));
#2621 = CARTESIAN_POINT('',(-1.12734572285,-3.14159265359));
#2622 = CARTESIAN_POINT('',(-1.057900795762,-3.14159265359));
#2623 = CARTESIAN_POINT('',(-0.989164516627,-3.14159265359));
#2624 = CARTESIAN_POINT('',(-0.92095340603,-3.14159265359));
#2625 = CARTESIAN_POINT('',(-0.85308944002,-3.14159265359));
#2626 = CARTESIAN_POINT('',(-0.785398163397,-3.14159265359));
#2627 = CARTESIAN_POINT('',(-0.717706886775,-3.14159265359));
#2628 = CARTESIAN_POINT('',(-0.649842920765,-3.14159265359));
#2629 = CARTESIAN_POINT('',(-0.581631810168,-3.14159265359));
#2630 = CARTESIAN_POINT('',(-0.512895531033,-3.14159265359));
#2631 = CARTESIAN_POINT('',(-0.443450603945,-3.14159265359));
#2632 = CARTESIAN_POINT('',(-0.373106106239,-3.14159265359));
#2633 = CARTESIAN_POINT('',(-0.301661439934,-3.14159265359));
#2634 = CARTESIAN_POINT('',(-0.228904158181,-3.14159265359));
#2635 = CARTESIAN_POINT('',(-0.154606454553,-3.14159265359));
#2636 = CARTESIAN_POINT('',(-7.852521262872E-02,-3.14159265359));
#2637 = CARTESIAN_POINT('',(-2.643304852828E-02,-3.14159265359));
#2638 = CARTESIAN_POINT('',(1.789481336941E-15,-3.14159265359));
#2639 = ( GEOMETRIC_REPRESENTATION_CONTEXT(2) 
PARAMETRIC_REPRESENTATION_CONTEXT() REPRESENTATION_CONTEXT('2D SPACE',''
  ) );
#2640 = ORIENTED_EDGE('',*,*,#2641,.T.);
#2641 = EDGE_CURVE('',#2570,#2642,#2644,.T.);
#2642 = VERTEX_POINT('',#2643);
#2643 = CARTESIAN_POINT('',(-3.175,6.35,38.099999427795));
#2644 = SURFACE_CURVE('',#2645,(#2649,#2656),.PCURVE_S1.);
#2645 = LINE('',#2646,#2647);
#2646 = CARTESIAN_POINT('',(-2.100492489863E-14,6.35,38.099999427795));
#2647 = VECTOR('',#2648,1.);
#2648 = DIRECTION('',(1.,1.224646799147E-16,2.22044604925E-16));
#2649 = PCURVE('',#2474,#2650);
#2650 = DEFINITIONAL_REPRESENTATION('',(#2651),#2655);
#2651 = LINE('',#2652,#2653);
#2652 = CARTESIAN_POINT('',(5.99534287968E-29,38.099999427795));
#2653 = VECTOR('',#2654,1.);
#2654 = DIRECTION('',(-1.,-2.465190328816E-32));
#2655 = ( GEOMETRIC_REPRESENTATION_CONTEXT(2) 
PARAMETRIC_REPRESENTATION_CONTEXT() REPRESENTATION_CONTEXT('2D SPACE',''
  ) );
#2656 = PCURVE('',#2657,#2662);
#2657 = PLANE('',#2658);
#2658 = AXIS2_PLACEMENT_3D('',#2659,#2660,#2661);
#2659 = CARTESIAN_POINT('',(-12.7,1.998401444325E-14,38.099999427795));
#2660 = DIRECTION('',(-2.22044604925E-16,-2.465190328816E-32,1.));
#2661 = DIRECTION('',(1.,1.224646799147E-16,2.22044604925E-16));
#2662 = DEFINITIONAL_REPRESENTATION('',(#2663),#2667);
#2663 = LINE('',#2664,#2665);
#2664 = CARTESIAN_POINT('',(12.7,6.35));
#2665 = VECTOR('',#2666,1.);
#2666 = DIRECTION('',(1.,-5.641527646774E-49));
#2667 = ( GEOMETRIC_REPRESENTATION_CONTEXT(2) 
PARAMETRIC_REPRESENTATION_CONTEXT() REPRESENTATION_CONTEXT('2D SPACE',''
  ) );
#2668 = ORIENTED_EDGE('',*,*,#2669,.F.);
#2669 = EDGE_CURVE('',#2670,#2642,#2672,.T.);
#2670 = VERTEX_POINT('',#2671);
#2671 = CARTESIAN_POINT('',(-3.175,6.35,25.4));
#2672 = SURFACE_CURVE('',#2673,(#2677,#2684),.PCURVE_S1.);
#2673 = LINE('',#2674,#2675);
#2674 = CARTESIAN_POINT('',(-3.175,6.35,190.5));
#2675 = VECTOR('',#2676,1.);
#2676 = DIRECTION('',(-2.219101139469E-16,-4.438202278938E-16,1.));
#2677 = PCURVE('',#2474,#2678);
#2678 = DEFINITIONAL_REPRESENTATION('',(#2679),#2683);
#2679 = LINE('',#2680,#2681);
#2680 = CARTESIAN_POINT('',(3.175,190.5));
#2681 = VECTOR('',#2682,1.);
#2682 = DIRECTION('',(-1.34490978149E-19,1.));
#2683 = ( GEOMETRIC_REPRESENTATION_CONTEXT(2) 
PARAMETRIC_REPRESENTATION_CONTEXT() REPRESENTATION_CONTEXT('2D SPACE',''
  ) );
#2684 = PCURVE('',#2685,#2690);
#2685 = CYLINDRICAL_SURFACE('',#2686,3.175);
#2686 = AXIS2_PLACEMENT_3D('',#2687,#2688,#2689);
#2687 = CARTESIAN_POINT('',(-8.226752612472E-14,6.35,190.5));
#2688 = DIRECTION('',(2.219101139469E-16,4.438202278938E-16,-1.));
#2689 = DIRECTION('',(-1.,4.65414261379E-30,-2.219101139469E-16));
#2690 = DEFINITIONAL_REPRESENTATION('',(#2691),#2695);
#2691 = LINE('',#2692,#2693);
#2692 = CARTESIAN_POINT('',(6.28318530718,0.));
#2693 = VECTOR('',#2694,1.);
#2694 = DIRECTION('',(0.,-1.));
#2695 = ( GEOMETRIC_REPRESENTATION_CONTEXT(2) 
PARAMETRIC_REPRESENTATION_CONTEXT() REPRESENTATION_CONTEXT('2D SPACE',''
  ) );
#2696 = ORIENTED_EDGE('',*,*,#2697,.F.);
#2697 = EDGE_CURVE('',#2698,#2670,#2700,.T.);
#2698 = VERTEX_POINT('',#2699);
#2699 = CARTESIAN_POINT('',(3.175,6.35,25.4));
#2700 = SURFACE_CURVE('',#2701,(#2706,#2713),.PCURVE_S1.);
#2701 = CIRCLE('',#2702,3.175);
#2702 = AXIS2_PLACEMENT_3D('',#2703,#2704,#2705);
#2703 = CARTESIAN_POINT('',(-4.596422241992E-14,6.35,25.4));
#2704 = DIRECTION('',(-1.224646799147E-16,1.,-2.540718180781E-33));
#2705 = DIRECTION('',(-1.,-1.224646799147E-16,8.904085109465E-50));
#2706 = PCURVE('',#2474,#2707);
#2707 = DEFINITIONAL_REPRESENTATION('',(#2708),#2712);
#2708 = CIRCLE('',#2709,3.175);
#2709 = AXIS2_PLACEMENT_2D('',#2710,#2711);
#2710 = CARTESIAN_POINT('',(2.777926387678E-14,25.4));
#2711 = DIRECTION('',(1.,2.22044604925E-16));
#2712 = ( GEOMETRIC_REPRESENTATION_CONTEXT(2) 
PARAMETRIC_REPRESENTATION_CONTEXT() REPRESENTATION_CONTEXT('2D SPACE',''
  ) );
#2713 = PCURVE('',#2714,#2719);
#2714 = CYLINDRICAL_SURFACE('',#2715,3.175);
#2715 = AXIS2_PLACEMENT_3D('',#2716,#2717,#2718);
#2716 = CARTESIAN_POINT('',(-4.651933393224E-14,12.7,25.4));
#2717 = DIRECTION('',(8.741913579726E-17,-1.,0.));
#2718 = DIRECTION('',(-1.,-8.741913579726E-17,0.));
#2719 = DEFINITIONAL_REPRESENTATION('',(#2720),#2724);
#2720 = LINE('',#2721,#2722);
#2721 = CARTESIAN_POINT('',(12.566370614359,6.35));
#2722 = VECTOR('',#2723,1.);
#2723 = DIRECTION('',(-1.,0.));
#2724 = ( GEOMETRIC_REPRESENTATION_CONTEXT(2) 
PARAMETRIC_REPRESENTATION_CONTEXT() REPRESENTATION_CONTEXT('2D SPACE',''
  ) );
#2725 = ORIENTED_EDGE('',*,*,#2726,.F.);
#2726 = EDGE_CURVE('',#2727,#2698,#2729,.T.);
#2727 = VERTEX_POINT('',#2728);
#2728 = CARTESIAN_POINT('',(3.175,6.35,38.099999427795));
#2729 = SURFACE_CURVE('',#2730,(#2734,#2741),.PCURVE_S1.);
#2730 = LINE('',#2731,#2732);
#2731 = CARTESIAN_POINT('',(3.175,6.35,190.5));
#2732 = VECTOR('',#2733,1.);
#2733 = DIRECTION('',(2.219101139469E-16,4.438202278938E-16,-1.));
#2734 = PCURVE('',#2474,#2735);
#2735 = DEFINITIONAL_REPRESENTATION('',(#2736),#2740);
#2736 = LINE('',#2737,#2738);
#2737 = CARTESIAN_POINT('',(-3.175,190.5));
#2738 = VECTOR('',#2739,1.);
#2739 = DIRECTION('',(1.34490978149E-19,-1.));
#2740 = ( GEOMETRIC_REPRESENTATION_CONTEXT(2) 
PARAMETRIC_REPRESENTATION_CONTEXT() REPRESENTATION_CONTEXT('2D SPACE',''
  ) );
#2741 = PCURVE('',#2685,#2742);
#2742 = DEFINITIONAL_REPRESENTATION('',(#2743),#2747);
#2743 = LINE('',#2744,#2745);
#2744 = CARTESIAN_POINT('',(9.424777960769,0.));
#2745 = VECTOR('',#2746,1.);
#2746 = DIRECTION('',(0.,1.));
#2747 = ( GEOMETRIC_REPRESENTATION_CONTEXT(2) 
PARAMETRIC_REPRESENTATION_CONTEXT() REPRESENTATION_CONTEXT('2D SPACE',''
  ) );
#2748 = ORIENTED_EDGE('',*,*,#2749,.T.);
#2749 = EDGE_CURVE('',#2727,#2750,#2752,.T.);
#2750 = VERTEX_POINT('',#2751);
#2751 = CARTESIAN_POINT('',(7.62,6.35,38.099999427795));
#2752 = SURFACE_CURVE('',#2753,(#2757,#2764),.PCURVE_S1.);
#2753 = LINE('',#2754,#2755);
#2754 = CARTESIAN_POINT('',(-2.100492489863E-14,6.35,38.099999427795));
#2755 = VECTOR('',#2756,1.);
#2756 = DIRECTION('',(1.,1.224646799147E-16,2.22044604925E-16));
#2757 = PCURVE('',#2474,#2758);
#2758 = DEFINITIONAL_REPRESENTATION('',(#2759),#2763);
#2759 = LINE('',#2760,#2761);
#2760 = CARTESIAN_POINT('',(5.99534287968E-29,38.099999427795));
#2761 = VECTOR('',#2762,1.);
#2762 = DIRECTION('',(-1.,-2.465190328816E-32));
#2763 = ( GEOMETRIC_REPRESENTATION_CONTEXT(2) 
PARAMETRIC_REPRESENTATION_CONTEXT() REPRESENTATION_CONTEXT('2D SPACE',''
  ) );
#2764 = PCURVE('',#2765,#2770);
#2765 = PLANE('',#2766);
#2766 = AXIS2_PLACEMENT_3D('',#2767,#2768,#2769);
#2767 = CARTESIAN_POINT('',(-12.7,1.998401444325E-14,38.099999427795));
#2768 = DIRECTION('',(-2.22044604925E-16,-2.465190328816E-32,1.));
#2769 = DIRECTION('',(1.,1.224646799147E-16,2.22044604925E-16));
#2770 = DEFINITIONAL_REPRESENTATION('',(#2771),#2775);
#2771 = LINE('',#2772,#2773);
#2772 = CARTESIAN_POINT('',(12.7,6.35));
#2773 = VECTOR('',#2774,1.);
#2774 = DIRECTION('',(1.,-5.641527646774E-49));
#2775 = ( GEOMETRIC_REPRESENTATION_CONTEXT(2) 
PARAMETRIC_REPRESENTATION_CONTEXT() REPRESENTATION_CONTEXT('2D SPACE',''
  ) );
#2776 = ORIENTED_EDGE('',*,*,#2777,.F.);
#2777 = EDGE_CURVE('',#2778,#2750,#2780,.T.);
#2778 = VERTEX_POINT('',#2779);
#2779 = CARTESIAN_POINT('',(12.548185218272,6.35,41.947363855369));
#2780 = SURFACE_CURVE('',#2781,(#2786,#2793),.PCURVE_S1.);
#2781 = CIRCLE('',#2782,5.08);
#2782 = AXIS2_PLACEMENT_3D('',#2783,#2784,#2785);
#2783 = CARTESIAN_POINT('',(7.62,6.35,43.179999427795));
#2784 = DIRECTION('',(-1.224646799147E-16,1.,-2.540718180781E-33));
#2785 = DIRECTION('',(1.,1.224646799147E-16,2.22044604925E-16));
#2786 = PCURVE('',#2474,#2787);
#2787 = DEFINITIONAL_REPRESENTATION('',(#2788),#2792);
#2788 = CIRCLE('',#2789,5.08);
#2789 = AXIS2_PLACEMENT_2D('',#2790,#2791);
#2790 = CARTESIAN_POINT('',(-7.62,43.179999427795));
#2791 = DIRECTION('',(-1.,0.));
#2792 = ( GEOMETRIC_REPRESENTATION_CONTEXT(2) 
PARAMETRIC_REPRESENTATION_CONTEXT() REPRESENTATION_CONTEXT('2D SPACE',''
  ) );
#2793 = PCURVE('',#2794,#2820);
#2794 = ( BOUNDED_SURFACE() B_SPLINE_SURFACE(2,2,(
    (#2795,#2796,#2797,#2798,#2799)
    ,(#2800,#2801,#2802,#2803,#2804)
    ,(#2805,#2806,#2807,#2808,#2809)
    ,(#2810,#2811,#2812,#2813,#2814)
    ,(#2815,#2816,#2817,#2818,#2819
)),.UNSPECIFIED.,.F.,.F.,.F.) B_SPLINE_SURFACE_WITH_KNOTS((3,1,1,3),(3,1
    ,1,3),(-2.470582960407,-1.570796326795,1.482163061311E-14,
    1.272490460496),(-2.588788695192,-1.570796326795,-1.468641481394E-14
,1.017992368397),.UNSPECIFIED.) GEOMETRIC_REPRESENTATION_ITEM() 
RATIONAL_B_SPLINE_SURFACE((
    (1.,1.189816500345,0.707106781187,1.189816500345,1.)
    ,(1.167775668219,1.389438758749,0.825742093902,1.389438758749
      ,1.167775668219)
    ,(0.707106781187,0.841327315762,0.5,0.841327315762,0.707106781187)
    ,(1.237270625432,1.472125005531,0.874882449406,1.472125005531
      ,1.237270625432)
    ,(1.,1.189816500345,0.707106781187,1.189816500345,1.
))) REPRESENTATION_ITEM('') SURFACE() );
#2795 = CARTESIAN_POINT('',(-1.880540686978,13.310540686978,
    38.099999427796));
#2796 = CARTESIAN_POINT('',(8.819026937848,12.760562936651,
    38.099999427796));
#2797 = CARTESIAN_POINT('',(1.800128867406,10.899871132594,
    38.099999427796));
#2798 = CARTESIAN_POINT('',(-6.056293665134E-02,3.880973062152,
    38.099999427795));
#2799 = CARTESIAN_POINT('',(-0.610540686978,14.580540686978,
    38.099999427795));
#2800 = CARTESIAN_POINT('',(-1.880540686978,6.842012369107,
    38.099999427795));
#2801 = CARTESIAN_POINT('',(6.539498458261,6.842012369108,
    38.099999427795));
#2802 = CARTESIAN_POINT('',(5.857987630893,6.842012369108,
    38.099999427795));
#2803 = CARTESIAN_POINT('',(5.857987630893,6.160501541739,
    38.099999427795));
#2804 = CARTESIAN_POINT('',(5.857987630893,14.580540686978,
    38.099999427795));
#2805 = CARTESIAN_POINT('',(-1.880540686978,-1.010597360433E-13,
    38.099999427795));
#2806 = CARTESIAN_POINT('',(3.904298864192,-2.924953029429E-14,
    38.099999427795));
#2807 = CARTESIAN_POINT('',(12.7,7.993605777301E-14,38.099999427795));
#2808 = CARTESIAN_POINT('',(12.7,8.795701135808,38.099999427795));
#2809 = CARTESIAN_POINT('',(12.7,14.580540686978,38.099999427796));
#2810 = CARTESIAN_POINT('',(-1.880540686978,-9.131438320387E-14,
    45.531898443649));
#2811 = CARTESIAN_POINT('',(3.904298864192,-1.950417745482E-14,
    45.531898443649));
#2812 = CARTESIAN_POINT('',(12.7,8.968141061249E-14,45.531898443649));
#2813 = CARTESIAN_POINT('',(12.7,8.795701135808,45.531898443649));
#2814 = CARTESIAN_POINT('',(12.7,14.580540686978,45.531898443649));
#2815 = CARTESIAN_POINT('',(-1.880540686978,-8.36057965856E-14,
    51.410540114774));
#2816 = CARTESIAN_POINT('',(3.904298864192,-1.179559083654E-14,
    51.410540114774));
#2817 = CARTESIAN_POINT('',(12.7,9.738999723076E-14,51.410540114774));
#2818 = CARTESIAN_POINT('',(12.7,8.795701135808,51.410540114774));
#2819 = CARTESIAN_POINT('',(12.7,14.580540686978,51.410540114774));
#2820 = DEFINITIONAL_REPRESENTATION('',(#2821),#2847);
#2821 = B_SPLINE_CURVE_WITH_KNOTS('',3,(#2822,#2823,#2824,#2825,#2826,
    #2827,#2828,#2829,#2830,#2831,#2832,#2833,#2834,#2835,#2836,#2837,
    #2838,#2839,#2840,#2841,#2842,#2843,#2844,#2845,#2846),
  .UNSPECIFIED.,.F.,.F.,(4,1,1,1,1,1,1,1,1,1,1,1,1,1,1,1,1,1,1,1,1,1,4),
  (0.,7.139983303613E-02,0.142799666072,0.214199499108,0.285599332145,
    0.356999165181,0.428398998217,0.499798831253,0.571198664289,
    0.642598497325,0.713998330361,0.785398163397,0.856797996434,
    0.92819782947,0.999597662506,1.070997495542,1.142397328578,
    1.213797161614,1.28519699465,1.356596827687,1.427996660723,
    1.499396493759,1.570796326795),.QUASI_UNIFORM_KNOTS.);
#2822 = CARTESIAN_POINT('',(1.482163061311E-14,-1.468641481394E-14));
#2823 = CARTESIAN_POINT('',(-2.643304852828E-02,-1.468641481394E-14));
#2824 = CARTESIAN_POINT('',(-7.852521262873E-02,-1.468641481394E-14));
#2825 = CARTESIAN_POINT('',(-0.154606454553,-1.468641481394E-14));
#2826 = CARTESIAN_POINT('',(-0.228904158181,-1.468641481394E-14));
#2827 = CARTESIAN_POINT('',(-0.301661439934,-1.468641481394E-14));
#2828 = CARTESIAN_POINT('',(-0.373106106239,-1.468641481394E-14));
#2829 = CARTESIAN_POINT('',(-0.443450603945,-1.468641481394E-14));
#2830 = CARTESIAN_POINT('',(-0.512895531033,-1.468641481394E-14));
#2831 = CARTESIAN_POINT('',(-0.581631810168,-1.468641481394E-14));
#2832 = CARTESIAN_POINT('',(-0.649842920765,-1.468641481394E-14));
#2833 = CARTESIAN_POINT('',(-0.717706886775,-1.468641481394E-14));
#2834 = CARTESIAN_POINT('',(-0.785398163397,-1.468641481394E-14));
#2835 = CARTESIAN_POINT('',(-0.85308944002,-1.468641481394E-14));
#2836 = CARTESIAN_POINT('',(-0.92095340603,-1.468641481394E-14));
#2837 = CARTESIAN_POINT('',(-0.989164516627,-1.468641481394E-14));
#2838 = CARTESIAN_POINT('',(-1.057900795762,-1.468641481394E-14));
#2839 = CARTESIAN_POINT('',(-1.12734572285,-1.468641481394E-14));
#2840 = CARTESIAN_POINT('',(-1.197690220556,-1.468641481394E-14));
#2841 = CARTESIAN_POINT('',(-1.269134886861,-1.468641481394E-14));
#2842 = CARTESIAN_POINT('',(-1.341892168614,-1.468641481394E-14));
#2843 = CARTESIAN_POINT('',(-1.416189872242,-1.468641481394E-14));
#2844 = CARTESIAN_POINT('',(-1.492271114166,-1.468641481394E-14));
#2845 = CARTESIAN_POINT('',(-1.544363278267,-1.468641481394E-14));
#2846 = CARTESIAN_POINT('',(-1.570796326795,-1.468641481394E-14));
#2847 = ( GEOMETRIC_REPRESENTATION_CONTEXT(2) 
PARAMETRIC_REPRESENTATION_CONTEXT() REPRESENTATION_CONTEXT('2D SPACE',''
  ) );
#2848 = ORIENTED_EDGE('',*,*,#2849,.F.);
#2849 = EDGE_CURVE('',#2850,#2778,#2852,.T.);
#2850 = VERTEX_POINT('',#2851);
#2851 = CARTESIAN_POINT('',(12.548185218272,6.35,-41.94736385536));
#2852 = SURFACE_CURVE('',#2853,(#2857,#2864),.PCURVE_S1.);
#2853 = LINE('',#2854,#2855);
#2854 = CARTESIAN_POINT('',(12.548185218272,6.35,-43.17999942779));
#2855 = VECTOR('',#2856,1.);
#2856 = DIRECTION('',(-2.22044604925E-16,-2.465190328816E-32,1.));
#2857 = PCURVE('',#2474,#2858);
#2858 = DEFINITIONAL_REPRESENTATION('',(#2859),#2863);
#2859 = LINE('',#2860,#2861);
#2860 = CARTESIAN_POINT('',(-12.54818521827,-43.17999942779));
#2861 = VECTOR('',#2862,1.);
#2862 = DIRECTION('',(0.,1.));
#2863 = ( GEOMETRIC_REPRESENTATION_CONTEXT(2) 
PARAMETRIC_REPRESENTATION_CONTEXT() REPRESENTATION_CONTEXT('2D SPACE',''
  ) );
#2864 = PCURVE('',#2865,#2870);
#2865 = CYLINDRICAL_SURFACE('',#2866,0.15);
#2866 = AXIS2_PLACEMENT_3D('',#2867,#2868,#2869);
#2867 = CARTESIAN_POINT('',(12.548185218272,6.5,-43.17999942779));
#2868 = DIRECTION('',(-2.22044604925E-16,-2.465190328816E-32,1.));
#2869 = DIRECTION('',(1.224646799147E-16,-1.,2.540718180781E-33));
#2870 = DEFINITIONAL_REPRESENTATION('',(#2871),#2875);
#2871 = LINE('',#2872,#2873);
#2872 = CARTESIAN_POINT('',(0.,0.));
#2873 = VECTOR('',#2874,1.);
#2874 = DIRECTION('',(0.,1.));
#2875 = ( GEOMETRIC_REPRESENTATION_CONTEXT(2) 
PARAMETRIC_REPRESENTATION_CONTEXT() REPRESENTATION_CONTEXT('2D SPACE',''
  ) );
#2876 = ORIENTED_EDGE('',*,*,#2877,.F.);
#2877 = EDGE_CURVE('',#2878,#2850,#2880,.T.);
#2878 = VERTEX_POINT('',#2879);
#2879 = CARTESIAN_POINT('',(7.62,6.35,-38.09999942779));
#2880 = SURFACE_CURVE('',#2881,(#2886,#2893),.PCURVE_S1.);
#2881 = CIRCLE('',#2882,5.08);
#2882 = AXIS2_PLACEMENT_3D('',#2883,#2884,#2885);
#2883 = CARTESIAN_POINT('',(7.62,6.35,-43.17999942779));
#2884 = DIRECTION('',(-1.224646799147E-16,1.,-2.540718180781E-33));
#2885 = DIRECTION('',(1.,1.224646799147E-16,2.22044604925E-16));
#2886 = PCURVE('',#2474,#2887);
#2887 = DEFINITIONAL_REPRESENTATION('',(#2888),#2892);
#2888 = CIRCLE('',#2889,5.08);
#2889 = AXIS2_PLACEMENT_2D('',#2890,#2891);
#2890 = CARTESIAN_POINT('',(-7.62,-43.17999942779));
#2891 = DIRECTION('',(-1.,0.));
#2892 = ( GEOMETRIC_REPRESENTATION_CONTEXT(2) 
PARAMETRIC_REPRESENTATION_CONTEXT() REPRESENTATION_CONTEXT('2D SPACE',''
  ) );
#2893 = PCURVE('',#2894,#2920);
#2894 = ( BOUNDED_SURFACE() B_SPLINE_SURFACE(2,2,(
    (#2895,#2896,#2897,#2898,#2899)
    ,(#2900,#2901,#2902,#2903,#2904)
    ,(#2905,#2906,#2907,#2908,#2909)
    ,(#2910,#2911,#2912,#2913,#2914)
    ,(#2915,#2916,#2917,#2918,#2919
)),.UNSPECIFIED.,.F.,.F.,.F.) B_SPLINE_SURFACE_WITH_KNOTS((3,1,1,3),(3,1
    ,1,3),(-2.470582960407,-1.570796326795,3.94807314735E-13,
    1.272490460497),(-4.159585021987,-3.14159265359,-1.570796326795,
-0.552803958398),.UNSPECIFIED.) GEOMETRIC_REPRESENTATION_ITEM() 
RATIONAL_B_SPLINE_SURFACE((
    (1.,1.189816500345,0.707106781187,1.189816500345,1.)
    ,(1.167775668219,1.389438758749,0.825742093902,1.389438758749
      ,1.167775668219)
    ,(0.707106781186,0.841327315762,0.5,0.841327315762,0.707106781186)
    ,(1.237270625432,1.472125005531,0.874882449406,1.472125005531
      ,1.237270625432)
    ,(1.,1.189816500345,0.707106781187,1.189816500345,1.
))) REPRESENTATION_ITEM('') SURFACE() );
#2895 = CARTESIAN_POINT('',(-0.61054068698,14.580540686981,
    -38.09999942779));
#2896 = CARTESIAN_POINT('',(-6.05629366532E-02,3.880973062154,
    -38.09999942779));
#2897 = CARTESIAN_POINT('',(1.800128867405,10.899871132595,
    -38.09999942779));
#2898 = CARTESIAN_POINT('',(8.819026937846,12.760562936653,
    -38.09999942779));
#2899 = CARTESIAN_POINT('',(-1.880540686982,13.310540686979,
    -38.09999942779));
#2900 = CARTESIAN_POINT('',(5.857987630892,14.580540686981,
    -38.09999942779));
#2901 = CARTESIAN_POINT('',(5.857987630892,6.160501541741,
    -38.09999942779));
#2902 = CARTESIAN_POINT('',(5.857987630892,6.842012369108,
    -38.09999942779));
#2903 = CARTESIAN_POINT('',(6.539498458259,6.842012369108,
    -38.09999942779));
#2904 = CARTESIAN_POINT('',(-1.880540686982,6.842012369107,
    -38.09999942779));
#2905 = CARTESIAN_POINT('',(12.700000000001,14.580540686981,
    -38.09999942779));
#2906 = CARTESIAN_POINT('',(12.700000000001,8.79570113581,
    -38.09999942779));
#2907 = CARTESIAN_POINT('',(12.7,-5.229150445984E-13,-38.09999942779));
#2908 = CARTESIAN_POINT('',(3.90429886419,-9.012200398739E-13,
    -38.09999942779));
#2909 = CARTESIAN_POINT('',(-1.880540686982,-1.150027231624E-12,
    -38.09999942779));
#2910 = CARTESIAN_POINT('',(12.7,14.58054068698,-45.53189844365));
#2911 = CARTESIAN_POINT('',(12.7,8.795701135807,-45.53189844365));
#2912 = CARTESIAN_POINT('',(12.7,5.214619346987E-13,-45.53189844364));
#2913 = CARTESIAN_POINT('',(3.904298864193,1.431569394233E-13,
    -45.53189844365));
#2914 = CARTESIAN_POINT('',(-1.880540686979,-1.056502523271E-13,
    -45.53189844365));
#2915 = CARTESIAN_POINT('',(12.7,14.580540686978,-51.41054011477));
#2916 = CARTESIAN_POINT('',(12.699999999999,8.795701135805,
    -51.41054011477));
#2917 = CARTESIAN_POINT('',(12.699999999999,1.34756546729E-12,
    -51.41054011477));
#2918 = CARTESIAN_POINT('',(3.904298864196,9.692604720148E-13,
    -51.41054011477));
#2919 = CARTESIAN_POINT('',(-1.880540686978,7.204532802643E-13,
    -51.41054011477));
#2920 = DEFINITIONAL_REPRESENTATION('',(#2921),#2947);
#2921 = B_SPLINE_CURVE_WITH_KNOTS('',3,(#2922,#2923,#2924,#2925,#2926,
    #2927,#2928,#2929,#2930,#2931,#2932,#2933,#2934,#2935,#2936,#2937,
    #2938,#2939,#2940,#2941,#2942,#2943,#2944,#2945,#2946),
  .UNSPECIFIED.,.F.,.F.,(4,1,1,1,1,1,1,1,1,1,1,1,1,1,1,1,1,1,1,1,1,1,4),
  (4.712388980385,4.783788813421,4.855188646457,4.926588479493,
    4.997988312529,5.069388145565,5.140787978601,5.212187811638,
    5.283587644674,5.35498747771,5.426387310746,5.497787143782,
    5.569186976818,5.640586809854,5.711986642891,5.783386475927,
    5.854786308963,5.926186141999,5.997585975035,6.068985808071,
    6.140385641107,6.211785474143,6.28318530718),.QUASI_UNIFORM_KNOTS.);
#2922 = CARTESIAN_POINT('',(-1.570796326795,-3.14159265359));
#2923 = CARTESIAN_POINT('',(-1.544363278266,-3.14159265359));
#2924 = CARTESIAN_POINT('',(-1.492271114166,-3.14159265359));
#2925 = CARTESIAN_POINT('',(-1.416189872242,-3.14159265359));
#2926 = CARTESIAN_POINT('',(-1.341892168613,-3.14159265359));
#2927 = CARTESIAN_POINT('',(-1.26913488686,-3.14159265359));
#2928 = CARTESIAN_POINT('',(-1.197690220555,-3.14159265359));
#2929 = CARTESIAN_POINT('',(-1.12734572285,-3.14159265359));
#2930 = CARTESIAN_POINT('',(-1.057900795762,-3.14159265359));
#2931 = CARTESIAN_POINT('',(-0.989164516627,-3.14159265359));
#2932 = CARTESIAN_POINT('',(-0.92095340603,-3.14159265359));
#2933 = CARTESIAN_POINT('',(-0.85308944002,-3.14159265359));
#2934 = CARTESIAN_POINT('',(-0.785398163397,-3.14159265359));
#2935 = CARTESIAN_POINT('',(-0.717706886775,-3.14159265359));
#2936 = CARTESIAN_POINT('',(-0.649842920765,-3.14159265359));
#2937 = CARTESIAN_POINT('',(-0.581631810167,-3.14159265359));
#2938 = CARTESIAN_POINT('',(-0.512895531032,-3.14159265359));
#2939 = CARTESIAN_POINT('',(-0.443450603944,-3.14159265359));
#2940 = CARTESIAN_POINT('',(-0.373106106239,-3.14159265359));
#2941 = CARTESIAN_POINT('',(-0.301661439934,-3.14159265359));
#2942 = CARTESIAN_POINT('',(-0.228904158181,-3.14159265359));
#2943 = CARTESIAN_POINT('',(-0.154606454553,-3.14159265359));
#2944 = CARTESIAN_POINT('',(-7.852521262848E-02,-3.14159265359));
#2945 = CARTESIAN_POINT('',(-2.643304852796E-02,-3.14159265359));
#2946 = CARTESIAN_POINT('',(3.94807314735E-13,-3.14159265359));
#2947 = ( GEOMETRIC_REPRESENTATION_CONTEXT(2) 
PARAMETRIC_REPRESENTATION_CONTEXT() REPRESENTATION_CONTEXT('2D SPACE',''
  ) );
#2948 = ORIENTED_EDGE('',*,*,#2949,.T.);
#2949 = EDGE_CURVE('',#2878,#2950,#2952,.T.);
#2950 = VERTEX_POINT('',#2951);
#2951 = CARTESIAN_POINT('',(3.175,6.35,-38.09999942779));
#2952 = SURFACE_CURVE('',#2953,(#2957,#2964),.PCURVE_S1.);
#2953 = LINE('',#2954,#2955);
#2954 = CARTESIAN_POINT('',(-3.209195043,6.35,-38.09999942779));
#2955 = VECTOR('',#2956,1.);
#2956 = DIRECTION('',(-1.,-1.224646799147E-16,-2.22044604925E-16));
#2957 = PCURVE('',#2474,#2958);
#2958 = DEFINITIONAL_REPRESENTATION('',(#2959),#2963);
#2959 = LINE('',#2960,#2961);
#2960 = CARTESIAN_POINT('',(3.209195043,-38.09999942779));
#2961 = VECTOR('',#2962,1.);
#2962 = DIRECTION('',(1.,2.465190328816E-32));
#2963 = ( GEOMETRIC_REPRESENTATION_CONTEXT(2) 
PARAMETRIC_REPRESENTATION_CONTEXT() REPRESENTATION_CONTEXT('2D SPACE',''
  ) );
#2964 = PCURVE('',#2965,#2970);
#2965 = PLANE('',#2966);
#2966 = AXIS2_PLACEMENT_3D('',#2967,#2968,#2969);
#2967 = CARTESIAN_POINT('',(12.7,2.442490654175E-14,-38.09999942779));
#2968 = DIRECTION('',(2.22044604925E-16,2.465190328816E-32,-1.));
#2969 = DIRECTION('',(-1.,-1.224646799147E-16,-2.22044604925E-16));
#2970 = DEFINITIONAL_REPRESENTATION('',(#2971),#2975);
#2971 = LINE('',#2972,#2973);
#2972 = CARTESIAN_POINT('',(15.909195043,6.35));
#2973 = VECTOR('',#2974,1.);
#2974 = DIRECTION('',(1.,5.641527646774E-49));
#2975 = ( GEOMETRIC_REPRESENTATION_CONTEXT(2) 
PARAMETRIC_REPRESENTATION_CONTEXT() REPRESENTATION_CONTEXT('2D SPACE',''
  ) );
#2976 = ORIENTED_EDGE('',*,*,#2977,.F.);
#2977 = EDGE_CURVE('',#2978,#2950,#2980,.T.);
#2978 = VERTEX_POINT('',#2979);
#2979 = CARTESIAN_POINT('',(3.175,6.35,-25.40000081062));
#2980 = SURFACE_CURVE('',#2981,(#2985,#2992),.PCURVE_S1.);
#2981 = LINE('',#2982,#2983);
#2982 = CARTESIAN_POINT('',(3.175,6.35,-190.5));
#2983 = VECTOR('',#2984,1.);
#2984 = DIRECTION('',(2.219101139469E-16,0.,-1.));
#2985 = PCURVE('',#2474,#2986);
#2986 = DEFINITIONAL_REPRESENTATION('',(#2987),#2991);
#2987 = LINE('',#2988,#2989);
#2988 = CARTESIAN_POINT('',(-3.175,-190.5));
#2989 = VECTOR('',#2990,1.);
#2990 = DIRECTION('',(1.34490978149E-19,-1.));
#2991 = ( GEOMETRIC_REPRESENTATION_CONTEXT(2) 
PARAMETRIC_REPRESENTATION_CONTEXT() REPRESENTATION_CONTEXT('2D SPACE',''
  ) );
#2992 = PCURVE('',#2993,#2998);
#2993 = CYLINDRICAL_SURFACE('',#2994,3.175);
#2994 = AXIS2_PLACEMENT_3D('',#2995,#2996,#2997);
#2995 = CARTESIAN_POINT('',(1.975207783391E-15,6.35,-190.5));
#2996 = DIRECTION('',(-2.219101139469E-16,0.,1.));
#2997 = DIRECTION('',(-1.,-2.307865185048E-14,-2.219101139469E-16));
#2998 = DEFINITIONAL_REPRESENTATION('',(#2999),#3003);
#2999 = LINE('',#3000,#3001);
#3000 = CARTESIAN_POINT('',(3.14159265359,0.));
#3001 = VECTOR('',#3002,1.);
#3002 = DIRECTION('',(0.,-1.));
#3003 = ( GEOMETRIC_REPRESENTATION_CONTEXT(2) 
PARAMETRIC_REPRESENTATION_CONTEXT() REPRESENTATION_CONTEXT('2D SPACE',''
  ) );
#3004 = ORIENTED_EDGE('',*,*,#3005,.F.);
#3005 = EDGE_CURVE('',#3006,#2978,#3008,.T.);
#3006 = VERTEX_POINT('',#3007);
#3007 = CARTESIAN_POINT('',(-3.175,6.35,-25.40000081062));
#3008 = SURFACE_CURVE('',#3009,(#3014,#3021),.PCURVE_S1.);
#3009 = CIRCLE('',#3010,3.175);
#3010 = AXIS2_PLACEMENT_3D('',#3011,#3012,#3013);
#3011 = CARTESIAN_POINT('',(-1.000189922605E-15,6.35,-25.40000081062));
#3012 = DIRECTION('',(-1.224646799147E-16,1.,-2.540718180781E-33));
#3013 = DIRECTION('',(-1.,-1.224646799147E-16,8.904085109465E-50));
#3014 = PCURVE('',#2474,#3015);
#3015 = DEFINITIONAL_REPRESENTATION('',(#3016),#3020);
#3016 = CIRCLE('',#3017,3.175);
#3017 = AXIS2_PLACEMENT_2D('',#3018,#3019);
#3018 = CARTESIAN_POINT('',(-5.904902510348E-15,-25.40000081062));
#3019 = DIRECTION('',(1.,2.22044604925E-16));
#3020 = ( GEOMETRIC_REPRESENTATION_CONTEXT(2) 
PARAMETRIC_REPRESENTATION_CONTEXT() REPRESENTATION_CONTEXT('2D SPACE',''
  ) );
#3021 = PCURVE('',#3022,#3027);
#3022 = CYLINDRICAL_SURFACE('',#3023,3.175);
#3023 = AXIS2_PLACEMENT_3D('',#3024,#3025,#3026);
#3024 = CARTESIAN_POINT('',(-1.555301434917E-15,12.7,-25.40000081062));
#3025 = DIRECTION('',(8.741913579726E-17,-1.,0.));
#3026 = DIRECTION('',(-1.,-8.741913579726E-17,0.));
#3027 = DEFINITIONAL_REPRESENTATION('',(#3028),#3032);
#3028 = LINE('',#3029,#3030);
#3029 = CARTESIAN_POINT('',(6.28318530718,6.35));
#3030 = VECTOR('',#3031,1.);
#3031 = DIRECTION('',(-1.,0.));
#3032 = ( GEOMETRIC_REPRESENTATION_CONTEXT(2) 
PARAMETRIC_REPRESENTATION_CONTEXT() REPRESENTATION_CONTEXT('2D SPACE',''
  ) );
#3033 = ORIENTED_EDGE('',*,*,#3034,.F.);
#3034 = EDGE_CURVE('',#3035,#3006,#3037,.T.);
#3035 = VERTEX_POINT('',#3036);
#3036 = CARTESIAN_POINT('',(-3.175,6.35,-38.09999942779));
#3037 = SURFACE_CURVE('',#3038,(#3042,#3049),.PCURVE_S1.);
#3038 = LINE('',#3039,#3040);
#3039 = CARTESIAN_POINT('',(-3.175,6.35,-190.5));
#3040 = VECTOR('',#3041,1.);
#3041 = DIRECTION('',(-2.219101139469E-16,0.,1.));
#3042 = PCURVE('',#2474,#3043);
#3043 = DEFINITIONAL_REPRESENTATION('',(#3044),#3048);
#3044 = LINE('',#3045,#3046);
#3045 = CARTESIAN_POINT('',(3.175,-190.5));
#3046 = VECTOR('',#3047,1.);
#3047 = DIRECTION('',(-1.34490978149E-19,1.));
#3048 = ( GEOMETRIC_REPRESENTATION_CONTEXT(2) 
PARAMETRIC_REPRESENTATION_CONTEXT() REPRESENTATION_CONTEXT('2D SPACE',''
  ) );
#3049 = PCURVE('',#2993,#3050);
#3050 = DEFINITIONAL_REPRESENTATION('',(#3051),#3055);
#3051 = LINE('',#3052,#3053);
#3052 = CARTESIAN_POINT('',(6.28318530718,0.));
#3053 = VECTOR('',#3054,1.);
#3054 = DIRECTION('',(0.,1.));
#3055 = ( GEOMETRIC_REPRESENTATION_CONTEXT(2) 
PARAMETRIC_REPRESENTATION_CONTEXT() REPRESENTATION_CONTEXT('2D SPACE',''
  ) );
#3056 = ORIENTED_EDGE('',*,*,#3057,.T.);
#3057 = EDGE_CURVE('',#3035,#2465,#3058,.T.);
#3058 = SURFACE_CURVE('',#3059,(#3063,#3070),.PCURVE_S1.);
#3059 = LINE('',#3060,#3061);
#3060 = CARTESIAN_POINT('',(-3.209195043,6.35,-38.09999942779));
#3061 = VECTOR('',#3062,1.);
#3062 = DIRECTION('',(-1.,-1.224646799147E-16,-2.22044604925E-16));
#3063 = PCURVE('',#2474,#3064);
#3064 = DEFINITIONAL_REPRESENTATION('',(#3065),#3069);
#3065 = LINE('',#3066,#3067);
#3066 = CARTESIAN_POINT('',(3.209195043,-38.09999942779));
#3067 = VECTOR('',#3068,1.);
#3068 = DIRECTION('',(1.,2.465190328816E-32));
#3069 = ( GEOMETRIC_REPRESENTATION_CONTEXT(2) 
PARAMETRIC_REPRESENTATION_CONTEXT() REPRESENTATION_CONTEXT('2D SPACE',''
  ) );
#3070 = PCURVE('',#3071,#3076);
#3071 = PLANE('',#3072);
#3072 = AXIS2_PLACEMENT_3D('',#3073,#3074,#3075);
#3073 = CARTESIAN_POINT('',(12.7,2.442490654175E-14,-38.09999942779));
#3074 = DIRECTION('',(2.22044604925E-16,2.465190328816E-32,-1.));
#3075 = DIRECTION('',(-1.,-1.224646799147E-16,-2.22044604925E-16));
#3076 = DEFINITIONAL_REPRESENTATION('',(#3077),#3081);
#3077 = LINE('',#3078,#3079);
#3078 = CARTESIAN_POINT('',(15.909195043,6.35));
#3079 = VECTOR('',#3080,1.);
#3080 = DIRECTION('',(1.,5.641527646774E-49));
#3081 = ( GEOMETRIC_REPRESENTATION_CONTEXT(2) 
PARAMETRIC_REPRESENTATION_CONTEXT() REPRESENTATION_CONTEXT('2D SPACE',''
  ) );
#3082 = FACE_BOUND('',#3083,.F.);
#3083 = EDGE_LOOP('',(#3084));
#3084 = ORIENTED_EDGE('',*,*,#3085,.F.);
#3085 = EDGE_CURVE('',#3086,#3086,#3088,.T.);
#3086 = VERTEX_POINT('',#3087);
#3087 = CARTESIAN_POINT('',(8.47700005,6.35,3.944304526105E-30));
#3088 = SURFACE_CURVE('',#3089,(#3094,#3101),.PCURVE_S1.);
#3089 = CIRCLE('',#3090,8.477);
#3090 = AXIS2_PLACEMENT_3D('',#3091,#3092,#3093);
#3091 = CARTESIAN_POINT('',(4.999998282074E-08,6.35,3.549874073495E-30)
  );
#3092 = DIRECTION('',(5.176899690513E-31,1.,2.22044604925E-16));
#3093 = DIRECTION('',(1.,-5.176899690513E-31,-1.149502646516E-46));
#3094 = PCURVE('',#2474,#3095);
#3095 = DEFINITIONAL_REPRESENTATION('',(#3096),#3100);
#3096 = CIRCLE('',#3097,8.477);
#3097 = AXIS2_PLACEMENT_2D('',#3098,#3099);
#3098 = CARTESIAN_POINT('',(-4.999999536576E-08,-1.11022256835E-23));
#3099 = DIRECTION('',(-1.,-2.22044604925E-16));
#3100 = ( GEOMETRIC_REPRESENTATION_CONTEXT(2) 
PARAMETRIC_REPRESENTATION_CONTEXT() REPRESENTATION_CONTEXT('2D SPACE',''
  ) );
#3101 = PCURVE('',#3102,#3107);
#3102 = CYLINDRICAL_SURFACE('',#3103,8.477);
#3103 = AXIS2_PLACEMENT_3D('',#3104,#3105,#3106);
#3104 = CARTESIAN_POINT('',(4.999998282074E-08,19.2600002,
    2.866595893991E-15));
#3105 = DIRECTION('',(5.176899690513E-31,1.,2.22044604925E-16));
#3106 = DIRECTION('',(1.,-5.176899690513E-31,-1.149502646516E-46));
#3107 = DEFINITIONAL_REPRESENTATION('',(#3108),#3112);
#3108 = LINE('',#3109,#3110);
#3109 = CARTESIAN_POINT('',(0.,-12.9100002));
#3110 = VECTOR('',#3111,1.);
#3111 = DIRECTION('',(1.,0.));
#3112 = ( GEOMETRIC_REPRESENTATION_CONTEXT(2) 
PARAMETRIC_REPRESENTATION_CONTEXT() REPRESENTATION_CONTEXT('2D SPACE',''
  ) );
#3113 = ADVANCED_FACE('',(#3114),#2486,.F.);
#3114 = FACE_BOUND('',#3115,.F.);
#3115 = EDGE_LOOP('',(#3116,#3117,#3163,#3214,#3265,#3303));
#3116 = ORIENTED_EDGE('',*,*,#2462,.T.);
#3117 = ORIENTED_EDGE('',*,*,#3118,.F.);
#3118 = EDGE_CURVE('',#3119,#2465,#3121,.T.);
#3119 = VERTEX_POINT('',#3120);
#3120 = CARTESIAN_POINT('',(-6.35,5.08,-38.09999942779));
#3121 = SURFACE_CURVE('',#3122,(#3127,#3156),.PCURVE_S1.);
#3122 = CIRCLE('',#3123,1.27);
#3123 = AXIS2_PLACEMENT_3D('',#3124,#3125,#3126);
#3124 = CARTESIAN_POINT('',(-6.35,6.35,-38.09999942779));
#3125 = DIRECTION('',(2.22044604925E-16,3.697785493223E-32,-1.));
#3126 = DIRECTION('',(-0.707106781187,-0.707106781187,
    -1.570092458684E-16));
#3127 = PCURVE('',#2486,#3128);
#3128 = DEFINITIONAL_REPRESENTATION('',(#3129),#3155);
#3129 = B_SPLINE_CURVE_WITH_KNOTS('',3,(#3130,#3131,#3132,#3133,#3134,
    #3135,#3136,#3137,#3138,#3139,#3140,#3141,#3142,#3143,#3144,#3145,
    #3146,#3147,#3148,#3149,#3150,#3151,#3152,#3153,#3154),
  .UNSPECIFIED.,.F.,.F.,(4,1,1,1,1,1,1,1,1,1,1,1,1,1,1,1,1,1,1,1,1,1,4),
  (5.497787143782,5.569186976818,5.640586809854,5.711986642891,
    5.783386475927,5.854786308963,5.926186141999,5.997585975035,
    6.068985808071,6.140385641107,6.211785474143,6.28318530718,
    6.354585140216,6.425984973252,6.497384806288,6.568784639324,
    6.64018447236,6.711584305396,6.782984138433,6.854383971469,
    6.925783804505,6.997183637541,7.068583470577),
  .QUASI_UNIFORM_KNOTS.);
#3130 = CARTESIAN_POINT('',(-1.570796326795,-1.570796326795));
#3131 = CARTESIAN_POINT('',(-1.570796326795,-1.544363278267));
#3132 = CARTESIAN_POINT('',(-1.570796326795,-1.492271114166));
#3133 = CARTESIAN_POINT('',(-1.570796326795,-1.416189872242));
#3134 = CARTESIAN_POINT('',(-1.570796326795,-1.341892168614));
#3135 = CARTESIAN_POINT('',(-1.570796326795,-1.269134886861));
#3136 = CARTESIAN_POINT('',(-1.570796326795,-1.197690220556));
#3137 = CARTESIAN_POINT('',(-1.570796326795,-1.12734572285));
#3138 = CARTESIAN_POINT('',(-1.570796326795,-1.057900795762));
#3139 = CARTESIAN_POINT('',(-1.570796326795,-0.989164516627));
#3140 = CARTESIAN_POINT('',(-1.570796326795,-0.92095340603));
#3141 = CARTESIAN_POINT('',(-1.570796326795,-0.85308944002));
#3142 = CARTESIAN_POINT('',(-1.570796326795,-0.785398163397));
#3143 = CARTESIAN_POINT('',(-1.570796326795,-0.717706886775));
#3144 = CARTESIAN_POINT('',(-1.570796326795,-0.649842920765));
#3145 = CARTESIAN_POINT('',(-1.570796326795,-0.581631810168));
#3146 = CARTESIAN_POINT('',(-1.570796326795,-0.512895531033));
#3147 = CARTESIAN_POINT('',(-1.570796326795,-0.443450603945));
#3148 = CARTESIAN_POINT('',(-1.570796326795,-0.373106106239));
#3149 = CARTESIAN_POINT('',(-1.570796326795,-0.301661439934));
#3150 = CARTESIAN_POINT('',(-1.570796326795,-0.228904158181));
#3151 = CARTESIAN_POINT('',(-1.570796326795,-0.154606454553));
#3152 = CARTESIAN_POINT('',(-1.570796326795,-7.852521262878E-02));
#3153 = CARTESIAN_POINT('',(-1.570796326795,-2.643304852832E-02));
#3154 = CARTESIAN_POINT('',(-1.570796326795,-9.965781480887E-15));
#3155 = ( GEOMETRIC_REPRESENTATION_CONTEXT(2) 
PARAMETRIC_REPRESENTATION_CONTEXT() REPRESENTATION_CONTEXT('2D SPACE',''
  ) );
#3156 = PCURVE('',#3071,#3157);
#3157 = DEFINITIONAL_REPRESENTATION('',(#3158),#3162);
#3158 = CIRCLE('',#3159,1.27);
#3159 = AXIS2_PLACEMENT_2D('',#3160,#3161);
#3160 = CARTESIAN_POINT('',(19.05,6.35));
#3161 = DIRECTION('',(0.707106781187,-0.707106781187));
#3162 = ( GEOMETRIC_REPRESENTATION_CONTEXT(2) 
PARAMETRIC_REPRESENTATION_CONTEXT() REPRESENTATION_CONTEXT('2D SPACE',''
  ) );
#3163 = ORIENTED_EDGE('',*,*,#3164,.T.);
#3164 = EDGE_CURVE('',#3119,#3165,#3167,.T.);
#3165 = VERTEX_POINT('',#3166);
#3166 = CARTESIAN_POINT('',(-6.35,2.109423746788E-14,-43.17999942779));
#3167 = SURFACE_CURVE('',#3168,(#3173,#3202),.PCURVE_S1.);
#3168 = CIRCLE('',#3169,5.08);
#3169 = AXIS2_PLACEMENT_3D('',#3170,#3171,#3172);
#3170 = CARTESIAN_POINT('',(-6.35,5.08,-43.17999942779));
#3171 = DIRECTION('',(1.,2.185478394931E-16,2.185478394931E-16));
#3172 = DIRECTION('',(-2.185478394931E-16,0.,1.));
#3173 = PCURVE('',#2486,#3174);
#3174 = DEFINITIONAL_REPRESENTATION('',(#3175),#3201);
#3175 = B_SPLINE_CURVE_WITH_KNOTS('',3,(#3176,#3177,#3178,#3179,#3180,
    #3181,#3182,#3183,#3184,#3185,#3186,#3187,#3188,#3189,#3190,#3191,
    #3192,#3193,#3194,#3195,#3196,#3197,#3198,#3199,#3200),
  .UNSPECIFIED.,.F.,.F.,(4,1,1,1,1,1,1,1,1,1,1,1,1,1,1,1,1,1,1,1,1,1,4),
  (0.,7.139983303613E-02,0.142799666072,0.214199499108,0.285599332145,
    0.356999165181,0.428398998217,0.499798831253,0.571198664289,
    0.642598497325,0.713998330361,0.785398163397,0.856797996434,
    0.92819782947,0.999597662506,1.070997495542,1.142397328578,
    1.213797161614,1.28519699465,1.356596827687,1.427996660723,
    1.499396493759,1.570796326795),.QUASI_UNIFORM_KNOTS.);
#3176 = CARTESIAN_POINT('',(-1.570796326795,-1.570796326795));
#3177 = CARTESIAN_POINT('',(-1.544363278267,-1.570796326795));
#3178 = CARTESIAN_POINT('',(-1.492271114166,-1.570796326795));
#3179 = CARTESIAN_POINT('',(-1.416189872242,-1.570796326795));
#3180 = CARTESIAN_POINT('',(-1.341892168614,-1.570796326795));
#3181 = CARTESIAN_POINT('',(-1.269134886861,-1.570796326795));
#3182 = CARTESIAN_POINT('',(-1.197690220556,-1.570796326795));
#3183 = CARTESIAN_POINT('',(-1.12734572285,-1.570796326795));
#3184 = CARTESIAN_POINT('',(-1.057900795762,-1.570796326795));
#3185 = CARTESIAN_POINT('',(-0.989164516627,-1.570796326795));
#3186 = CARTESIAN_POINT('',(-0.92095340603,-1.570796326795));
#3187 = CARTESIAN_POINT('',(-0.85308944002,-1.570796326795));
#3188 = CARTESIAN_POINT('',(-0.785398163397,-1.570796326795));
#3189 = CARTESIAN_POINT('',(-0.717706886775,-1.570796326795));
#3190 = CARTESIAN_POINT('',(-0.649842920765,-1.570796326795));
#3191 = CARTESIAN_POINT('',(-0.581631810168,-1.570796326795));
#3192 = CARTESIAN_POINT('',(-0.512895531033,-1.570796326795));
#3193 = CARTESIAN_POINT('',(-0.443450603945,-1.570796326795));
#3194 = CARTESIAN_POINT('',(-0.373106106239,-1.570796326795));
#3195 = CARTESIAN_POINT('',(-0.301661439934,-1.570796326795));
#3196 = CARTESIAN_POINT('',(-0.228904158181,-1.570796326795));
#3197 = CARTESIAN_POINT('',(-0.154606454553,-1.570796326795));
#3198 = CARTESIAN_POINT('',(-7.852521262872E-02,-1.570796326795));
#3199 = CARTESIAN_POINT('',(-2.643304852828E-02,-1.570796326795));
#3200 = CARTESIAN_POINT('',(-1.70478435972E-15,-1.570796326795));
#3201 = ( GEOMETRIC_REPRESENTATION_CONTEXT(2) 
PARAMETRIC_REPRESENTATION_CONTEXT() REPRESENTATION_CONTEXT('2D SPACE',''
  ) );
#3202 = PCURVE('',#3203,#3208);
#3203 = CYLINDRICAL_SURFACE('',#3204,5.08);
#3204 = AXIS2_PLACEMENT_3D('',#3205,#3206,#3207);
#3205 = CARTESIAN_POINT('',(6.35,5.08,-43.17999942779));
#3206 = DIRECTION('',(-1.,-1.224646799147E-16,-2.22044604925E-16));
#3207 = DIRECTION('',(-7.041364024483E-17,-0.707106781187,0.707106781187
    ));
#3208 = DEFINITIONAL_REPRESENTATION('',(#3209),#3213);
#3209 = LINE('',#3210,#3211);
#3210 = CARTESIAN_POINT('',(0.785398163397,12.7));
#3211 = VECTOR('',#3212,1.);
#3212 = DIRECTION('',(-1.,0.));
#3213 = ( GEOMETRIC_REPRESENTATION_CONTEXT(2) 
PARAMETRIC_REPRESENTATION_CONTEXT() REPRESENTATION_CONTEXT('2D SPACE',''
  ) );
#3214 = ORIENTED_EDGE('',*,*,#3215,.F.);
#3215 = EDGE_CURVE('',#3216,#3165,#3218,.T.);
#3216 = VERTEX_POINT('',#3217);
#3217 = CARTESIAN_POINT('',(-12.7,6.35,-43.17999942779));
#3218 = SURFACE_CURVE('',#3219,(#3224,#3253),.PCURVE_S1.);
#3219 = CIRCLE('',#3220,6.35);
#3220 = AXIS2_PLACEMENT_3D('',#3221,#3222,#3223);
#3221 = CARTESIAN_POINT('',(-6.35,6.35,-43.17999942779));
#3222 = DIRECTION('',(-2.22044604925E-16,-3.697785493223E-32,1.));
#3223 = DIRECTION('',(-0.707106781187,-0.707106781187,
    -1.570092458684E-16));
#3224 = PCURVE('',#2486,#3225);
#3225 = DEFINITIONAL_REPRESENTATION('',(#3226),#3252);
#3226 = B_SPLINE_CURVE_WITH_KNOTS('',3,(#3227,#3228,#3229,#3230,#3231,
    #3232,#3233,#3234,#3235,#3236,#3237,#3238,#3239,#3240,#3241,#3242,
    #3243,#3244,#3245,#3246,#3247,#3248,#3249,#3250,#3251),
  .UNSPECIFIED.,.F.,.F.,(4,1,1,1,1,1,1,1,1,1,1,1,1,1,1,1,1,1,1,1,1,1,4),
  (5.497787143782,5.569186976818,5.640586809854,5.711986642891,
    5.783386475927,5.854786308963,5.926186141999,5.997585975035,
    6.068985808071,6.140385641107,6.211785474143,6.28318530718,
    6.354585140216,6.425984973252,6.497384806288,6.568784639324,
    6.64018447236,6.711584305396,6.782984138433,6.854383971469,
    6.925783804505,6.997183637541,7.068583470577),
  .QUASI_UNIFORM_KNOTS.);
#3227 = CARTESIAN_POINT('',(-1.70478435972E-15,-9.965781480887E-15));
#3228 = CARTESIAN_POINT('',(-1.70478435972E-15,-2.64330485283E-02));
#3229 = CARTESIAN_POINT('',(-1.70478435972E-15,-7.852521262874E-02));
#3230 = CARTESIAN_POINT('',(-1.70478435972E-15,-0.154606454553));
#3231 = CARTESIAN_POINT('',(-1.70478435972E-15,-0.228904158181));
#3232 = CARTESIAN_POINT('',(-1.70478435972E-15,-0.301661439934));
#3233 = CARTESIAN_POINT('',(-1.70478435972E-15,-0.373106106239));
#3234 = CARTESIAN_POINT('',(-1.70478435972E-15,-0.443450603945));
#3235 = CARTESIAN_POINT('',(-1.70478435972E-15,-0.512895531033));
#3236 = CARTESIAN_POINT('',(-1.70478435972E-15,-0.581631810168));
#3237 = CARTESIAN_POINT('',(-1.70478435972E-15,-0.649842920765));
#3238 = CARTESIAN_POINT('',(-1.70478435972E-15,-0.717706886775));
#3239 = CARTESIAN_POINT('',(-1.70478435972E-15,-0.785398163397));
#3240 = CARTESIAN_POINT('',(-1.70478435972E-15,-0.85308944002));
#3241 = CARTESIAN_POINT('',(-1.70478435972E-15,-0.92095340603));
#3242 = CARTESIAN_POINT('',(-1.70478435972E-15,-0.989164516627));
#3243 = CARTESIAN_POINT('',(-1.70478435972E-15,-1.057900795762));
#3244 = CARTESIAN_POINT('',(-1.70478435972E-15,-1.12734572285));
#3245 = CARTESIAN_POINT('',(-1.70478435972E-15,-1.197690220556));
#3246 = CARTESIAN_POINT('',(-1.70478435972E-15,-1.269134886861));
#3247 = CARTESIAN_POINT('',(-1.70478435972E-15,-1.341892168614));
#3248 = CARTESIAN_POINT('',(-1.70478435972E-15,-1.416189872242));
#3249 = CARTESIAN_POINT('',(-1.70478435972E-15,-1.492271114166));
#3250 = CARTESIAN_POINT('',(-1.70478435972E-15,-1.544363278267));
#3251 = CARTESIAN_POINT('',(-1.70478435972E-15,-1.570796326795));
#3252 = ( GEOMETRIC_REPRESENTATION_CONTEXT(2) 
PARAMETRIC_REPRESENTATION_CONTEXT() REPRESENTATION_CONTEXT('2D SPACE',''
  ) );
#3253 = PCURVE('',#3254,#3259);
#3254 = CYLINDRICAL_SURFACE('',#3255,6.35);
#3255 = AXIS2_PLACEMENT_3D('',#3256,#3257,#3258);
#3256 = CARTESIAN_POINT('',(-6.35,6.35,95.25));
#3257 = DIRECTION('',(2.22044604925E-16,2.465190328816E-32,-1.));
#3258 = DIRECTION('',(-0.707106781187,0.707106781187,-1.570092458684E-16
    ));
#3259 = DEFINITIONAL_REPRESENTATION('',(#3260),#3264);
#3260 = LINE('',#3261,#3262);
#3261 = CARTESIAN_POINT('',(10.995574287564,138.42999942779));
#3262 = VECTOR('',#3263,1.);
#3263 = DIRECTION('',(-1.,0.));
#3264 = ( GEOMETRIC_REPRESENTATION_CONTEXT(2) 
PARAMETRIC_REPRESENTATION_CONTEXT() REPRESENTATION_CONTEXT('2D SPACE',''
  ) );
#3265 = ORIENTED_EDGE('',*,*,#3266,.T.);
#3266 = EDGE_CURVE('',#3216,#3267,#3269,.T.);
#3267 = VERTEX_POINT('',#3268);
#3268 = CARTESIAN_POINT('',(-12.69814131226,6.503629032258,
    -43.0425919582));
#3269 = SURFACE_CURVE('',#3270,(#3279,#3291),.PCURVE_S1.);
#3270 = B_SPLINE_CURVE_WITH_KNOTS('',4,(#3271,#3272,#3273,#3274,#3275,
    #3276,#3277,#3278),.UNSPECIFIED.,.F.,.F.,(5,3,5),(0.,0.270783818506,
    1.),.UNSPECIFIED.);
#3271 = CARTESIAN_POINT('',(-12.7,6.35,-43.17999942779));
#3272 = CARTESIAN_POINT('',(-12.7,6.360399431062,-43.17069789387));
#3273 = CARTESIAN_POINT('',(-12.69997729172,6.370799030595,
    -43.16139620928));
#3274 = CARTESIAN_POINT('',(-12.69993187351,6.381198776727,
    -43.15209440603));
#3275 = CARTESIAN_POINT('',(-12.6996802681,6.419605315971,
    -43.11774269123));
#3276 = CARTESIAN_POINT('',(-12.69933207878,6.447612925095,
    -43.09269220583));
#3277 = CARTESIAN_POINT('',(-12.69881912443,6.47562099638,-43.0676417317
    ));
#3278 = CARTESIAN_POINT('',(-12.69814131226,6.503629032258,
    -43.0425919582));
#3279 = PCURVE('',#2486,#3280);
#3280 = DEFINITIONAL_REPRESENTATION('',(#3281),#3290);
#3281 = B_SPLINE_CURVE_WITH_KNOTS('',4,(#3282,#3283,#3284,#3285,#3286,
    #3287,#3288,#3289),.UNSPECIFIED.,.F.,.F.,(5,3,5),(0.,0.270783818506,
    1.),.UNSPECIFIED.);
#3282 = CARTESIAN_POINT('',(-1.703498453409E-15,-9.965781480887E-15));
#3283 = CARTESIAN_POINT('',(-2.033741453956E-03,1.819033654665E-03));
#3284 = CARTESIAN_POINT('',(-4.065459252543E-03,3.637797043301E-03));
#3285 = CARTESIAN_POINT('',(-6.095178198091E-03,5.456291508484E-03));
#3286 = CARTESIAN_POINT('',(-1.358360325915E-02,1.217096708147E-02));
#3287 = CARTESIAN_POINT('',(-1.902997271525E-02,1.706547456799E-02));
#3288 = CARTESIAN_POINT('',(-2.446250014429E-02,2.195803455145E-02));
#3289 = CARTESIAN_POINT('',(-2.98816385116E-02,2.684858172934E-02));
#3290 = ( GEOMETRIC_REPRESENTATION_CONTEXT(2) 
PARAMETRIC_REPRESENTATION_CONTEXT() REPRESENTATION_CONTEXT('2D SPACE',''
  ) );
#3291 = PCURVE('',#3254,#3292);
#3292 = DEFINITIONAL_REPRESENTATION('',(#3293),#3302);
#3293 = B_SPLINE_CURVE_WITH_KNOTS('',4,(#3294,#3295,#3296,#3297,#3298,
    #3299,#3300,#3301),.UNSPECIFIED.,.F.,.F.,(5,3,5),(0.,0.270783818506,
    1.),.UNSPECIFIED.);
#3294 = CARTESIAN_POINT('',(5.497787143782,138.42999942779));
#3295 = CARTESIAN_POINT('',(5.499424849461,138.42069789387));
#3296 = CARTESIAN_POINT('',(5.501062581671,138.41139620928));
#3297 = CARTESIAN_POINT('',(5.502700348681,138.40209440603));
#3298 = CARTESIAN_POINT('',(5.508748752363,138.36774269123));
#3299 = CARTESIAN_POINT('',(5.513159664042,138.34269220583));
#3300 = CARTESIAN_POINT('',(5.517571047248,138.3176417317));
#3301 = CARTESIAN_POINT('',(5.521983052984,138.2925919582));
#3302 = ( GEOMETRIC_REPRESENTATION_CONTEXT(2) 
PARAMETRIC_REPRESENTATION_CONTEXT() REPRESENTATION_CONTEXT('2D SPACE',''
  ) );
#3303 = ORIENTED_EDGE('',*,*,#3304,.F.);
#3304 = EDGE_CURVE('',#2463,#3267,#3305,.T.);
#3305 = SURFACE_CURVE('',#3306,(#3358,#3413),.PCURVE_S1.);
#3306 = B_SPLINE_CURVE_WITH_KNOTS('',8,(#3307,#3308,#3309,#3310,#3311,
    #3312,#3313,#3314,#3315,#3316,#3317,#3318,#3319,#3320,#3321,#3322,
    #3323,#3324,#3325,#3326,#3327,#3328,#3329,#3330,#3331,#3332,#3333,
    #3334,#3335,#3336,#3337,#3338,#3339,#3340,#3341,#3342,#3343,#3344,
    #3345,#3346,#3347,#3348,#3349,#3350,#3351,#3352,#3353,#3354,#3355,
    #3356,#3357),.UNSPECIFIED.,.F.,.F.,(9,7,7,7,7,7,7,9),(0.,
    5.084060198419E-02,0.367906323161,0.663336339311,0.780911600628,
    0.855834271116,0.953176615068,1.),.UNSPECIFIED.);
#3307 = CARTESIAN_POINT('',(-12.54818521827,6.35,-41.94736385536));
#3308 = CARTESIAN_POINT('',(-12.54981863835,6.35,-41.95389441224));
#3309 = CARTESIAN_POINT('',(-12.55144766363,6.350020328256,
    -41.96044941438));
#3310 = CARTESIAN_POINT('',(-12.55307205163,6.350060793002,
    -41.96702838622));
#3311 = CARTESIAN_POINT('',(-12.55469156608,6.35012120205,
    -41.97363086256));
#3312 = CARTESIAN_POINT('',(-12.55630597697,6.35020136279,
    -41.98025638857));
#3313 = CARTESIAN_POINT('',(-12.55791506051,6.35030108219,
    -41.98690451977));
#3314 = CARTESIAN_POINT('',(-12.55951859914,6.350420166797,
    -41.99357482206));
#3315 = CARTESIAN_POINT('',(-12.57108089827,6.351420651271,
    -42.04200161617));
#3316 = CARTESIAN_POINT('',(-12.58082110141,6.353028520269,
    -42.08458051049));
#3317 = CARTESIAN_POINT('',(-12.59028639068,6.355334934678,
    -42.1279031437));
#3318 = CARTESIAN_POINT('',(-12.59943409377,6.358293040175,
    -42.17188102215));
#3319 = CARTESIAN_POINT('',(-12.6082284511,6.361856818892,
    -42.21643597608));
#3320 = CARTESIAN_POINT('',(-12.61663960066,6.365981685142,
    -42.26149856628));
#3321 = CARTESIAN_POINT('',(-12.62464256276,6.370625081145,
    -42.30700649078));
#3322 = CARTESIAN_POINT('',(-12.63927308083,6.380519553553,
    -42.39566763934));
#3323 = CARTESIAN_POINT('',(-12.64595697946,6.385707325934,
    -42.43876805419));
#3324 = CARTESIAN_POINT('',(-12.6522507049,6.391277949104,
    -42.48215613226));
#3325 = CARTESIAN_POINT('',(-12.6581398124,6.39720021307,-42.52578721892
    ));
#3326 = CARTESIAN_POINT('',(-12.66361216469,6.403445534151,
    -42.56961381283));
#3327 = CARTESIAN_POINT('',(-12.6686575947,6.409987352268,
    -42.61358749736));
#3328 = CARTESIAN_POINT('',(-12.67326757521,6.416802441604,
    -42.65765291744));
#3329 = CARTESIAN_POINT('',(-12.67909323872,6.426693995799,
    -42.71925449368));
#3330 = CARTESIAN_POINT('',(-12.68068154496,6.429551177864,
    -42.73679093726));
#3331 = CARTESIAN_POINT('',(-12.68219924521,6.432448780471,
    -42.7543212884));
#3332 = CARTESIAN_POINT('',(-12.6836459014,6.435386338622,
    -42.77183838644));
#3333 = CARTESIAN_POINT('',(-12.68502109203,6.438363690073,
    -42.78933374225));
#3334 = CARTESIAN_POINT('',(-12.68632440863,6.44138116676,
    -42.80679673016));
#3335 = CARTESIAN_POINT('',(-12.68755544312,6.444440021766,
    -42.82421280214));
#3336 = CARTESIAN_POINT('',(-12.68945188626,6.449520466093,
    -42.85261536772));
#3337 = CARTESIAN_POINT('',(-12.69016045587,6.45151573903,
    -42.86364192968));
#3338 = CARTESIAN_POINT('',(-12.69083938703,6.453529679653,
    -42.87463525789));
#3339 = CARTESIAN_POINT('',(-12.69148855852,6.45556335466,
    -42.88558840224));
#3340 = CARTESIAN_POINT('',(-12.69210782561,6.457618113592,
    -42.89649267841));
#3341 = CARTESIAN_POINT('',(-12.69269701848,6.459695771778,
    -42.90733686186));
#3342 = CARTESIAN_POINT('',(-12.69325592931,6.461798991078,
    -42.91810551186));
#3343 = CARTESIAN_POINT('',(-12.69447075186,6.466702959648,
    -42.94264047677));
#3344 = CARTESIAN_POINT('',(-12.69510146038,6.469507349885,
    -42.95625492147));
#3345 = CARTESIAN_POINT('',(-12.69568123025,6.472369587438,
    -42.96966223633));
#3346 = CARTESIAN_POINT('',(-12.69621002818,6.475312162393,
    -42.98281852511));
#3347 = CARTESIAN_POINT('',(-12.69668620415,6.478350404175,
    -42.9956321571));
#3348 = CARTESIAN_POINT('',(-12.6971034982,6.481513047866,
    -43.00782414562));
#3349 = CARTESIAN_POINT('',(-12.69745843996,6.484822612042,
    -43.01905826689));
#3350 = CARTESIAN_POINT('',(-12.69786909941,6.490115242541,
    -43.03280781964));
#3351 = CARTESIAN_POINT('',(-12.6979859664,6.491914175577,
    -43.03687153869));
#3352 = CARTESIAN_POINT('',(-12.69808190268,6.493782967524,
    -43.04033525474));
#3353 = CARTESIAN_POINT('',(-12.69815297558,6.495710221552,
    -43.0429963683));
#3354 = CARTESIAN_POINT('',(-12.6981957629,6.497682287298,
    -43.04462897743));
#3355 = CARTESIAN_POINT('',(-12.69820779542,6.499680270621,
    -43.04507447527));
#3356 = CARTESIAN_POINT('',(-12.6981885736,6.501676135075,
    -43.04433858665));
#3357 = CARTESIAN_POINT('',(-12.69814131226,6.503629032258,
    -43.0425919582));
#3358 = PCURVE('',#2486,#3359);
#3359 = DEFINITIONAL_REPRESENTATION('',(#3360),#3412);
#3360 = B_SPLINE_CURVE_WITH_KNOTS('',8,(#3361,#3362,#3363,#3364,#3365,
    #3366,#3367,#3368,#3369,#3370,#3371,#3372,#3373,#3374,#3375,#3376,
    #3377,#3378,#3379,#3380,#3381,#3382,#3383,#3384,#3385,#3386,#3387,
    #3388,#3389,#3390,#3391,#3392,#3393,#3394,#3395,#3396,#3397,#3398,
    #3399,#3400,#3401,#3402,#3403,#3404,#3405,#3406,#3407,#3408,#3409,
    #3410,#3411),.UNSPECIFIED.,.F.,.F.,(9,7,7,7,7,7,7,9),(0.,
    5.084060198419E-02,0.367906323161,0.663336339311,0.780911600628,
    0.855834271116,0.953176615068,1.),.UNSPECIFIED.);
#3361 = CARTESIAN_POINT('',(-0.260318505567,-2.116348045059E-14));
#3362 = CARTESIAN_POINT('',(-0.258965847406,-2.116189153498E-14));
#3363 = CARTESIAN_POINT('',(-0.257608071055,3.642846543733E-06));
#3364 = CARTESIAN_POINT('',(-0.256245268512,1.089032765105E-05));
#3365 = CARTESIAN_POINT('',(-0.25487752949,2.170424656809E-05));
#3366 = CARTESIAN_POINT('',(-0.253504941411,3.604642185188E-05));
#3367 = CARTESIAN_POINT('',(-0.252127589415,5.387868734922E-05));
#3368 = CARTESIAN_POINT('',(-0.250745556351,7.516289219666E-05));
#3369 = CARTESIAN_POINT('',(-0.240711228725,2.53889209108E-04));
#3370 = CARTESIAN_POINT('',(-0.231884955069,5.406960866988E-04));
#3371 = CARTESIAN_POINT('',(-0.222899148855,9.510088538042E-04));
#3372 = CARTESIAN_POINT('',(-0.213770202085,1.475767656794E-03));
#3373 = CARTESIAN_POINT('',(-0.204512220008,2.106225872274E-03));
#3374 = CARTESIAN_POINT('',(-0.195137389407,2.834050511163E-03));
#3375 = CARTESIAN_POINT('',(-0.185656346878,3.651422622772E-03));
#3376 = CARTESIAN_POINT('',(-0.167154310436,5.389458657956E-03));
#3377 = CARTESIAN_POINT('',(-0.158146400033,6.299227748695E-03));
#3378 = CARTESIAN_POINT('',(-0.149062923531,7.274585787595E-03));
#3379 = CARTESIAN_POINT('',(-0.139911230993,8.309995386827E-03));
#3380 = CARTESIAN_POINT('',(-0.130699298117,9.400472390584E-03));
#3381 = CARTESIAN_POINT('',(-0.121435312169,1.0541466649E-02));
#3382 = CARTESIAN_POINT('',(-0.11212898998,1.1729076773E-02));
#3383 = CARTESIAN_POINT('',(-9.908467188964E-02,1.345167725008E-02));
#3384 = CARTESIAN_POINT('',(-9.536737157748E-02,1.394912932368E-02));
#3385 = CARTESIAN_POINT('',(-9.164734478053E-02,1.445351108915E-02));
#3386 = CARTESIAN_POINT('',(-8.792600601719E-02,1.496475582814E-02));
#3387 = CARTESIAN_POINT('',(-8.420505938229E-02,1.548285092456E-02));
#3388 = CARTESIAN_POINT('',(-8.04866750046E-02,1.60078711715E-02));
#3389 = CARTESIAN_POINT('',(-7.677387857385E-02,1.654005320948E-02));
#3390 = CARTESIAN_POINT('',(-7.071166083673E-02,1.742392559448E-02));
#3391 = CARTESIAN_POINT('',(-6.835634489027E-02,1.777104733528E-02));
#3392 = CARTESIAN_POINT('',(-6.600629319316E-02,1.81214154117E-02));
#3393 = CARTESIAN_POINT('',(-6.36629830829E-02,1.847522108244E-02));
#3394 = CARTESIAN_POINT('',(-6.132826885394E-02,1.883270516546E-02));
#3395 = CARTESIAN_POINT('',(-5.900455776244E-02,1.919418997935E-02));
#3396 = CARTESIAN_POINT('',(-5.669517532082E-02,1.956014583218E-02));
#3397 = CARTESIAN_POINT('',(-5.142933410595E-02,2.041349915694E-02));
#3398 = CARTESIAN_POINT('',(-4.850419848002E-02,2.090155178947E-02));
#3399 = CARTESIAN_POINT('',(-4.562053335232E-02,2.139973959725E-02));
#3400 = CARTESIAN_POINT('',(-4.278786399212E-02,2.191199948966E-02));
#3401 = CARTESIAN_POINT('',(-4.002602004312E-02,2.244102074757E-02));
#3402 = CARTESIAN_POINT('',(-3.739539356441E-02,2.299185027386E-02));
#3403 = CARTESIAN_POINT('',(-3.496911638724E-02,2.356844124247E-02));
#3404 = CARTESIAN_POINT('',(-3.199768928485E-02,2.449092141053E-02));
#3405 = CARTESIAN_POINT('',(-3.111911868587E-02,2.480452474583E-02));
#3406 = CARTESIAN_POINT('',(-3.036997492457E-02,2.513037519287E-02));
#3407 = CARTESIAN_POINT('',(-2.979420862595E-02,2.54664994303E-02));
#3408 = CARTESIAN_POINT('',(-2.944090650502E-02,2.581053091982E-02));
#3409 = CARTESIAN_POINT('',(-2.93445281964E-02,2.615918655679E-02));
#3410 = CARTESIAN_POINT('',(-2.950378195286E-02,2.650758188735E-02));
#3411 = CARTESIAN_POINT('',(-2.988163851159E-02,2.684858172934E-02));
#3412 = ( GEOMETRIC_REPRESENTATION_CONTEXT(2) 
PARAMETRIC_REPRESENTATION_CONTEXT() REPRESENTATION_CONTEXT('2D SPACE',''
  ) );
#3413 = PCURVE('',#2557,#3414);
#3414 = DEFINITIONAL_REPRESENTATION('',(#3415),#3467);
#3415 = B_SPLINE_CURVE_WITH_KNOTS('',8,(#3416,#3417,#3418,#3419,#3420,
    #3421,#3422,#3423,#3424,#3425,#3426,#3427,#3428,#3429,#3430,#3431,
    #3432,#3433,#3434,#3435,#3436,#3437,#3438,#3439,#3440,#3441,#3442,
    #3443,#3444,#3445,#3446,#3447,#3448,#3449,#3450,#3451,#3452,#3453,
    #3454,#3455,#3456,#3457,#3458,#3459,#3460,#3461,#3462,#3463,#3464,
    #3465,#3466),.UNSPECIFIED.,.F.,.F.,(9,7,7,7,7,7,7,9),(0.,
    5.084060198419E-02,0.367906323161,0.663336339311,0.780911600628,
    0.855834271116,0.953176615068,1.),.UNSPECIFIED.);
#3416 = CARTESIAN_POINT('',(0.,85.127363283165));
#3417 = CARTESIAN_POINT('',(1.08894672322E-02,85.133893840044));
#3418 = CARTESIAN_POINT('',(2.174963688291E-02,85.140448842183));
#3419 = CARTESIAN_POINT('',(3.258085783476E-02,85.147027814021));
#3420 = CARTESIAN_POINT('',(4.338347826093E-02,85.153630290364));
#3421 = CARTESIAN_POINT('',(5.415784562513E-02,85.160255816373));
#3422 = CARTESIAN_POINT('',(6.490430668158E-02,85.166903947575));
#3423 = CARTESIAN_POINT('',(7.562320747507E-02,85.173574249855));
#3424 = CARTESIAN_POINT('',(0.152993236188,85.222001043973));
#3425 = CARTESIAN_POINT('',(0.21861038505,85.264579938288));
#3426 = CARTESIAN_POINT('',(0.283254466433,85.3079025715));
#3427 = CARTESIAN_POINT('',(0.347006986501,85.35188044995));
#3428 = CARTESIAN_POINT('',(0.409945249973,85.396435403879));
#3429 = CARTESIAN_POINT('',(0.472144779026,85.441497994084));
#3430 = CARTESIAN_POINT('',(0.53368173219,85.487005918575));
#3431 = CARTESIAN_POINT('',(0.65142960654,85.575667067139));
#3432 = CARTESIAN_POINT('',(0.707715219987,85.618767481992));
#3433 = CARTESIAN_POINT('',(0.763555454611,85.662155560058));
#3434 = CARTESIAN_POINT('',(0.819011231982,85.705786646723));
#3435 = CARTESIAN_POINT('',(0.874151459622,85.749613240633));
#3436 = CARTESIAN_POINT('',(0.929049977094,85.79358692516));
#3437 = CARTESIAN_POINT('',(0.983795253378,85.837652345244));
#3438 = CARTESIAN_POINT('',(1.060325915286,85.899253921479));
#3439 = CARTESIAN_POINT('',(1.082112345003,85.916790365059));
#3440 = CARTESIAN_POINT('',(1.103907825488,85.934320716196));
#3441 = CARTESIAN_POINT('',(1.125724010909,85.951837814243));
#3442 = CARTESIAN_POINT('',(1.147574406646,85.969333170048));
#3443 = CARTESIAN_POINT('',(1.169475668024,85.986796157962));
#3444 = CARTESIAN_POINT('',(1.19145046057,86.004212229943));
#3445 = CARTESIAN_POINT('',(1.227602860933,86.032614795524));
#3446 = CARTESIAN_POINT('',(1.241716738834,86.043641357481));
#3447 = CARTESIAN_POINT('',(1.255882344274,86.054634685692));
#3448 = CARTESIAN_POINT('',(1.270110432719,86.065587830041));
#3449 = CARTESIAN_POINT('',(1.284413608051,86.076492106209));
#3450 = CARTESIAN_POINT('',(1.298807555644,86.087336289661));
#3451 = CARTESIAN_POINT('',(1.313313586783,86.098104939661));
#3452 = CARTESIAN_POINT('',(1.346994904752,86.122639904565));
#3453 = CARTESIAN_POINT('',(1.366153392034,86.136254349271));
#3454 = CARTESIAN_POINT('',(1.385614805156,86.149661664131));
#3455 = CARTESIAN_POINT('',(1.405536799587,86.162817952906));
#3456 = CARTESIAN_POINT('',(1.426027111634,86.175631584904));
#3457 = CARTESIAN_POINT('',(1.447284046967,86.187823573422));
#3458 = CARTESIAN_POINT('',(1.469464768476,86.199057694691));
#3459 = CARTESIAN_POINT('',(1.504855023745,86.212807247443));
#3460 = CARTESIAN_POINT('',(1.516872242198,86.216870966489));
#3461 = CARTESIAN_POINT('',(1.529345314088,86.220334682537));
#3462 = CARTESIAN_POINT('',(1.54219965372,86.222995796102));
#3463 = CARTESIAN_POINT('',(1.555346727449,86.224628405234));
#3464 = CARTESIAN_POINT('',(1.568664140772,86.225073903069));
#3465 = CARTESIAN_POINT('',(1.581969109484,86.224338014448));
#3466 = CARTESIAN_POINT('',(1.594992235997,86.222591386005));
#3467 = ( GEOMETRIC_REPRESENTATION_CONTEXT(2) 
PARAMETRIC_REPRESENTATION_CONTEXT() REPRESENTATION_CONTEXT('2D SPACE',''
  ) );
#3468 = ADVANCED_FACE('',(#3469),#2557,.T.);
#3469 = FACE_BOUND('',#3470,.T.);
#3470 = EDGE_LOOP('',(#3471,#3617,#3638,#3639));
#3471 = ORIENTED_EDGE('',*,*,#3472,.T.);
#3472 = EDGE_CURVE('',#2542,#3473,#3475,.T.);
#3473 = VERTEX_POINT('',#3474);
#3474 = CARTESIAN_POINT('',(-12.69814131226,6.503629032258,
    43.04259195821));
#3475 = SURFACE_CURVE('',#3476,(#3521,#3569),.PCURVE_S1.);
#3476 = B_SPLINE_CURVE_WITH_KNOTS('',8,(#3477,#3478,#3479,#3480,#3481,
    #3482,#3483,#3484,#3485,#3486,#3487,#3488,#3489,#3490,#3491,#3492,
    #3493,#3494,#3495,#3496,#3497,#3498,#3499,#3500,#3501,#3502,#3503,
    #3504,#3505,#3506,#3507,#3508,#3509,#3510,#3511,#3512,#3513,#3514,
    #3515,#3516,#3517,#3518,#3519,#3520),.UNSPECIFIED.,.F.,.F.,(9,7,7,7,
    7,7,9),(0.,0.600441534803,0.663556918241,0.811473011669,
    0.878989559608,0.937883655508,1.),.UNSPECIFIED.);
#3477 = CARTESIAN_POINT('',(-12.54818521827,6.35,41.94736385537));
#3478 = CARTESIAN_POINT('',(-12.56746524796,6.35,42.024447106459));
#3479 = CARTESIAN_POINT('',(-12.5861266725,6.352832256582,
    42.104910391812));
#3480 = CARTESIAN_POINT('',(-12.60378341213,6.358177917588,
    42.188020250524));
#3481 = CARTESIAN_POINT('',(-12.62016029067,6.36571794191,42.27319204044
    ));
#3482 = CARTESIAN_POINT('',(-12.63506140025,6.375139124808,
    42.359984612838));
#3483 = CARTESIAN_POINT('',(-12.64834988401,6.386170471743,
    42.447971166578));
#3484 = CARTESIAN_POINT('',(-12.65992964347,6.398546612012,
    42.536889366993));
#3485 = CARTESIAN_POINT('',(-12.67075891491,6.413520069921,
    42.635643224911));
#3486 = CARTESIAN_POINT('',(-12.67176924006,6.414957198981,
    42.64504081784));
#3487 = CARTESIAN_POINT('',(-12.6727597595,6.416407018103,
    42.654442249802));
#3488 = CARTESIAN_POINT('',(-12.67373039034,6.417869331405,
    42.663846857109));
#3489 = CARTESIAN_POINT('',(-12.67468105247,6.41934395933,
    42.673253919382));
#3490 = CARTESIAN_POINT('',(-12.67561166854,6.420830738647,
    42.682662659553));
#3491 = CARTESIAN_POINT('',(-12.67652216402,6.422329522453,
    42.692072243863));
#3492 = CARTESIAN_POINT('',(-12.67949896566,6.42738053081,
    42.723533808258));
#3493 = CARTESIAN_POINT('',(-12.68147448702,6.430986052059,
    42.745584539976));
#3494 = CARTESIAN_POINT('',(-12.68333820287,6.434655023781,
    42.767623994859));
#3495 = CARTESIAN_POINT('',(-12.68508925739,6.438386953558,
    42.789636544777));
#3496 = CARTESIAN_POINT('',(-12.68672682228,6.442181866276,
    42.811603866901));
#3497 = CARTESIAN_POINT('',(-12.68825009324,6.446040987145,
    42.833502045228));
#3498 = CARTESIAN_POINT('',(-12.68965822801,6.449968818184,
    42.855292822361));
#3499 = CARTESIAN_POINT('',(-12.69153996048,6.455805970563,
    42.88677574263));
#3500 = CARTESIAN_POINT('',(-12.69210545602,6.457651891135,
    42.896605315667));
#3501 = CARTESIAN_POINT('',(-12.69264664943,6.459515521953,
    42.906391755104));
#3502 = CARTESIAN_POINT('',(-12.69316342459,6.461398355844,
    42.916126680727));
#3503 = CARTESIAN_POINT('',(-12.69365562775,6.463302199307,
    42.925799425862));
#3504 = CARTESIAN_POINT('',(-12.69412306595,6.465229400225,
    42.935396001094));
#3505 = CARTESIAN_POINT('',(-12.69456548847,6.467183330344,
    42.944896893471));
#3506 = CARTESIAN_POINT('',(-12.69534635163,6.47090131174,
    42.962453008819));
#3507 = CARTESIAN_POINT('',(-12.6956905604,6.472656417148,
    42.970531128237));
#3508 = CARTESIAN_POINT('',(-12.69601530904,6.474438977745,
    42.978496722487));
#3509 = CARTESIAN_POINT('',(-12.69632029084,6.476254073435,
    42.986324807379));
#3510 = CARTESIAN_POINT('',(-12.69660494131,6.478106974403,
    42.993979081987));
#3511 = CARTESIAN_POINT('',(-12.69686845976,6.480004007223,
    43.001407182176));
#3512 = CARTESIAN_POINT('',(-12.69710967211,6.481954637719,
    43.008528857175));
#3513 = CARTESIAN_POINT('',(-12.69755567402,6.486105430163,
    43.022271210632));
#3514 = CARTESIAN_POINT('',(-12.69776068637,6.488341008047,
    43.028933178044));
#3515 = CARTESIAN_POINT('',(-12.69793682323,6.490689081528,
    43.034986905514));
#3516 = CARTESIAN_POINT('',(-12.69807660599,6.4931474865,43.04006405829)
  );
#3517 = CARTESIAN_POINT('',(-12.69817266711,6.495703168749,
    43.043764610758));
#3518 = CARTESIAN_POINT('',(-12.6982172561,6.498341905374,
    43.045443869755));
#3519 = CARTESIAN_POINT('',(-12.69820451914,6.501017245999,
    43.044927882603));
#3520 = CARTESIAN_POINT('',(-12.69814131226,6.503629032258,
    43.04259195821));
#3521 = PCURVE('',#2557,#3522);
#3522 = DEFINITIONAL_REPRESENTATION('',(#3523),#3568);
#3523 = B_SPLINE_CURVE_WITH_KNOTS('',8,(#3524,#3525,#3526,#3527,#3528,
    #3529,#3530,#3531,#3532,#3533,#3534,#3535,#3536,#3537,#3538,#3539,
    #3540,#3541,#3542,#3543,#3544,#3545,#3546,#3547,#3548,#3549,#3550,
    #3551,#3552,#3553,#3554,#3555,#3556,#3557,#3558,#3559,#3560,#3561,
    #3562,#3563,#3564,#3565,#3566,#3567),.UNSPECIFIED.,.F.,.F.,(9,7,7,7,
    7,7,9),(0.,0.600441534803,0.663556918241,0.811473011669,
    0.878989559608,0.937883655508,1.),.UNSPECIFIED.);
#3524 = CARTESIAN_POINT('',(0.,1.232635572426));
#3525 = CARTESIAN_POINT('',(0.128533531273,1.155552321336));
#3526 = CARTESIAN_POINT('',(0.252943784308,1.075089035984));
#3527 = CARTESIAN_POINT('',(0.373886995929,0.99197917727));
#3528 = CARTESIAN_POINT('',(0.491912742787,0.906807387357));
#3529 = CARTESIAN_POINT('',(0.60746054792,0.820014814956));
#3530 = CARTESIAN_POINT('',(0.721076432414,0.732028261217));
#3531 = CARTESIAN_POINT('',(0.833172269426,0.643110060802));
#3532 = CARTESIAN_POINT('',(0.95636634605,0.544356202885));
#3533 = CARTESIAN_POINT('',(0.968076825834,0.534958609956));
#3534 = CARTESIAN_POINT('',(0.979780926121,0.525557177994));
#3535 = CARTESIAN_POINT('',(0.991479703168,0.516152570687));
#3536 = CARTESIAN_POINT('',(1.003174307488,0.506745508413));
#3537 = CARTESIAN_POINT('',(1.014865983845,0.497336768242));
#3538 = CARTESIAN_POINT('',(1.026556071258,0.487927183933));
#3539 = CARTESIAN_POINT('',(1.065642319726,0.456465619537));
#3540 = CARTESIAN_POINT('',(1.093037354784,0.434414887819));
#3541 = CARTESIAN_POINT('',(1.120449499145,0.412375432936));
#3542 = CARTESIAN_POINT('',(1.147904725157,0.390362883019));
#3543 = CARTESIAN_POINT('',(1.175432010785,0.368395560895));
#3544 = CARTESIAN_POINT('',(1.203067996377,0.346497382567));
#3545 = CARTESIAN_POINT('',(1.230870873952,0.324706605434));
#3546 = CARTESIAN_POINT('',(1.271757310176,0.293223685165));
#3547 = CARTESIAN_POINT('',(1.284626597643,0.283394112129));
#3548 = CARTESIAN_POINT('',(1.297561742797,0.273607672691));
#3549 = CARTESIAN_POINT('',(1.310575326745,0.263872747069));
#3550 = CARTESIAN_POINT('',(1.323681986483,0.254200001934));
#3551 = CARTESIAN_POINT('',(1.33689995059,0.244603426701));
#3552 = CARTESIAN_POINT('',(1.350254264445,0.235102534324));
#3553 = CARTESIAN_POINT('',(1.375581573311,0.217546418977));
#3554 = CARTESIAN_POINT('',(1.387504124209,0.209468299559));
#3555 = CARTESIAN_POINT('',(1.399581588306,0.201502705308));
#3556 = CARTESIAN_POINT('',(1.41184950983,0.193674620416));
#3557 = CARTESIAN_POINT('',(1.424344576014,0.186020345808));
#3558 = CARTESIAN_POINT('',(1.437110521712,0.178592245619));
#3559 = CARTESIAN_POINT('',(1.450212109196,0.17147057062));
#3560 = CARTESIAN_POINT('',(1.478043343142,0.157728217163));
#3561 = CARTESIAN_POINT('',(1.493007918881,0.151066249751));
#3562 = CARTESIAN_POINT('',(1.508702021418,0.145012522281));
#3563 = CARTESIAN_POINT('',(1.52511229541,0.139935369506));
#3564 = CARTESIAN_POINT('',(1.542155509203,0.136234817037));
#3565 = CARTESIAN_POINT('',(1.559742791514,0.13455555804));
#3566 = CARTESIAN_POINT('',(1.577575229529,0.135071545193));
#3567 = CARTESIAN_POINT('',(1.594992235997,0.137407469585));
#3568 = ( GEOMETRIC_REPRESENTATION_CONTEXT(2) 
PARAMETRIC_REPRESENTATION_CONTEXT() REPRESENTATION_CONTEXT('2D SPACE',''
  ) );
#3569 = PCURVE('',#2586,#3570);
#3570 = DEFINITIONAL_REPRESENTATION('',(#3571),#3616);
#3571 = B_SPLINE_CURVE_WITH_KNOTS('',8,(#3572,#3573,#3574,#3575,#3576,
    #3577,#3578,#3579,#3580,#3581,#3582,#3583,#3584,#3585,#3586,#3587,
    #3588,#3589,#3590,#3591,#3592,#3593,#3594,#3595,#3596,#3597,#3598,
    #3599,#3600,#3601,#3602,#3603,#3604,#3605,#3606,#3607,#3608,#3609,
    #3610,#3611,#3612,#3613,#3614,#3615),.UNSPECIFIED.,.F.,.F.,(9,7,7,7,
    7,7,9),(0.,0.600441534803,0.663556918241,0.811473011669,
    0.878989559608,0.937883655508,1.),.UNSPECIFIED.);
#3572 = CARTESIAN_POINT('',(-0.260318505567,-3.14159265359));
#3573 = CARTESIAN_POINT('',(-0.244352441623,-3.14159265359));
#3574 = CARTESIAN_POINT('',(-0.227678634354,-3.142100196223));
#3575 = CARTESIAN_POINT('',(-0.21043830031,-3.143051831552));
#3576 = CARTESIAN_POINT('',(-0.19273904773,-3.144385691323));
#3577 = CARTESIAN_POINT('',(-0.17465664428,-3.146043549287));
#3578 = CARTESIAN_POINT('',(-0.156264060865,-3.147976631773));
#3579 = CARTESIAN_POINT('',(-0.137598797006,-3.15013870488));
#3580 = CARTESIAN_POINT('',(-0.116766439436,-3.152749300197));
#3581 = CARTESIAN_POINT('',(-0.114782976187,-3.152999813365));
#3582 = CARTESIAN_POINT('',(-0.112797665442,-3.153252492698));
#3583 = CARTESIAN_POINT('',(-0.110810629014,-3.153507305534));
#3584 = CARTESIAN_POINT('',(-0.108822001108,-3.153764222187));
#3585 = CARTESIAN_POINT('',(-0.106831928324,-3.154023215942));
#3586 = CARTESIAN_POINT('',(-0.104840569656,-3.154284263064));
#3587 = CARTESIAN_POINT('',(-9.817857170418E-02,-3.155163891762));
#3588 = CARTESIAN_POINT('',(-9.350314782321E-02,-3.155791596655));
#3589 = CARTESIAN_POINT('',(-8.882371449755E-02,-3.15643018314));
#3590 = CARTESIAN_POINT('',(-8.414338825477E-02,-3.157079594668));
#3591 = CARTESIAN_POINT('',(-7.946587174602E-02,-3.157739868043));
#3592 = CARTESIAN_POINT('',(-7.479608724012E-02,-3.158411252336));
#3593 = CARTESIAN_POINT('',(-7.014208436339E-02,-3.159094571121));
#3594 = CARTESIAN_POINT('',(-6.340765242432E-02,-3.160110092144));
#3595 = CARTESIAN_POINT('',(-6.130353207621E-02,-3.160431242644));
#3596 = CARTESIAN_POINT('',(-5.920713617104E-02,-3.160755484425));
#3597 = CARTESIAN_POINT('',(-5.712026336157E-02,-3.161083082019));
#3598 = CARTESIAN_POINT('',(-5.504520892331E-02,-3.161414354871));
#3599 = CARTESIAN_POINT('',(-5.298499106826E-02,-3.161749717114));
#3600 = CARTESIAN_POINT('',(-5.094383047233E-02,-3.162089761834));
#3601 = CARTESIAN_POINT('',(-4.716938963343E-02,-3.162736878183));
#3602 = CARTESIAN_POINT('',(-4.543153735637E-02,-3.163042383811));
#3603 = CARTESIAN_POINT('',(-4.371679837329E-02,-3.163352701472));
#3604 = CARTESIAN_POINT('',(-4.203059281313E-02,-3.163668721351));
#3605 = CARTESIAN_POINT('',(-4.038079333421E-02,-3.163991367553));
#3606 = CARTESIAN_POINT('',(-3.87787639497E-02,-3.164321749399));
#3607 = CARTESIAN_POINT('',(-3.724193309002E-02,-3.164661525566));
#3608 = CARTESIAN_POINT('',(-3.427486197153E-02,-3.165384692952));
#3609 = CARTESIAN_POINT('',(-3.283561973381E-02,-3.165774262476));
#3610 = CARTESIAN_POINT('',(-3.152697773082E-02,-3.166183529835));
#3611 = CARTESIAN_POINT('',(-3.042880976713E-02,-3.166612144554));
#3612 = CARTESIAN_POINT('',(-2.962792222957E-02,-3.167057859754));
#3613 = CARTESIAN_POINT('',(-2.926457241846E-02,-3.167518229597));
#3614 = CARTESIAN_POINT('',(-2.937629671652E-02,-3.167985185349));
#3615 = CARTESIAN_POINT('',(-2.988163851143E-02,-3.168441235319));
#3616 = ( GEOMETRIC_REPRESENTATION_CONTEXT(2) 
PARAMETRIC_REPRESENTATION_CONTEXT() REPRESENTATION_CONTEXT('2D SPACE',''
  ) );
#3617 = ORIENTED_EDGE('',*,*,#3618,.T.);
#3618 = EDGE_CURVE('',#3473,#3267,#3619,.T.);
#3619 = SURFACE_CURVE('',#3620,(#3624,#3631),.PCURVE_S1.);
#3620 = LINE('',#3621,#3622);
#3621 = CARTESIAN_POINT('',(-12.69814131226,6.503629032258,
    43.179999427795));
#3622 = VECTOR('',#3623,1.);
#3623 = DIRECTION('',(2.22044604925E-16,2.465190328816E-32,-1.));
#3624 = PCURVE('',#2557,#3625);
#3625 = DEFINITIONAL_REPRESENTATION('',(#3626),#3630);
#3626 = LINE('',#3627,#3628);
#3627 = CARTESIAN_POINT('',(1.594992235997,0.));
#3628 = VECTOR('',#3629,1.);
#3629 = DIRECTION('',(0.,1.));
#3630 = ( GEOMETRIC_REPRESENTATION_CONTEXT(2) 
PARAMETRIC_REPRESENTATION_CONTEXT() REPRESENTATION_CONTEXT('2D SPACE',''
  ) );
#3631 = PCURVE('',#3254,#3632);
#3632 = DEFINITIONAL_REPRESENTATION('',(#3633),#3637);
#3633 = LINE('',#3634,#3635);
#3634 = CARTESIAN_POINT('',(5.521983052984,52.070000572205));
#3635 = VECTOR('',#3636,1.);
#3636 = DIRECTION('',(0.,1.));
#3637 = ( GEOMETRIC_REPRESENTATION_CONTEXT(2) 
PARAMETRIC_REPRESENTATION_CONTEXT() REPRESENTATION_CONTEXT('2D SPACE',''
  ) );
#3638 = ORIENTED_EDGE('',*,*,#3304,.F.);
#3639 = ORIENTED_EDGE('',*,*,#2541,.F.);
#3640 = ADVANCED_FACE('',(#3641),#3071,.F.);
#3641 = FACE_BOUND('',#3642,.T.);
#3642 = EDGE_LOOP('',(#3643,#3667,#3668,#3669));
#3643 = ORIENTED_EDGE('',*,*,#3644,.T.);
#3644 = EDGE_CURVE('',#3645,#3035,#3647,.T.);
#3645 = VERTEX_POINT('',#3646);
#3646 = CARTESIAN_POINT('',(-2.909935566297,5.08,-38.09999942779));
#3647 = SURFACE_CURVE('',#3648,(#3653,#3660),.PCURVE_S1.);
#3648 = CIRCLE('',#3649,3.175);
#3649 = AXIS2_PLACEMENT_3D('',#3650,#3651,#3652);
#3650 = CARTESIAN_POINT('',(-3.184389370909E-14,6.35,-38.09999942779));
#3651 = DIRECTION('',(2.22044604925E-16,2.465190328816E-32,-1.));
#3652 = DIRECTION('',(-1.,-2.307865185048E-14,-2.22044604925E-16));
#3653 = PCURVE('',#3071,#3654);
#3654 = DEFINITIONAL_REPRESENTATION('',(#3655),#3659);
#3655 = CIRCLE('',#3656,3.175);
#3656 = AXIS2_PLACEMENT_2D('',#3657,#3658);
#3657 = CARTESIAN_POINT('',(12.7,6.35));
#3658 = DIRECTION('',(1.,-2.295618717056E-14));
#3659 = ( GEOMETRIC_REPRESENTATION_CONTEXT(2) 
PARAMETRIC_REPRESENTATION_CONTEXT() REPRESENTATION_CONTEXT('2D SPACE',''
  ) );
#3660 = PCURVE('',#2993,#3661);
#3661 = DEFINITIONAL_REPRESENTATION('',(#3662),#3666);
#3662 = LINE('',#3663,#3664);
#3663 = CARTESIAN_POINT('',(12.566370614359,152.4000005722));
#3664 = VECTOR('',#3665,1.);
#3665 = DIRECTION('',(-1.,0.));
#3666 = ( GEOMETRIC_REPRESENTATION_CONTEXT(2) 
PARAMETRIC_REPRESENTATION_CONTEXT() REPRESENTATION_CONTEXT('2D SPACE',''
  ) );
#3667 = ORIENTED_EDGE('',*,*,#3057,.T.);
#3668 = ORIENTED_EDGE('',*,*,#3118,.F.);
#3669 = ORIENTED_EDGE('',*,*,#3670,.F.);
#3670 = EDGE_CURVE('',#3645,#3119,#3671,.T.);
#3671 = SURFACE_CURVE('',#3672,(#3676,#3683),.PCURVE_S1.);
#3672 = LINE('',#3673,#3674);
#3673 = CARTESIAN_POINT('',(6.35,5.08,-38.09999942779));
#3674 = VECTOR('',#3675,1.);
#3675 = DIRECTION('',(-1.,-1.224646799147E-16,-2.22044604925E-16));
#3676 = PCURVE('',#3071,#3677);
#3677 = DEFINITIONAL_REPRESENTATION('',(#3678),#3682);
#3678 = LINE('',#3679,#3680);
#3679 = CARTESIAN_POINT('',(6.35,5.08));
#3680 = VECTOR('',#3681,1.);
#3681 = DIRECTION('',(1.,5.641527646774E-49));
#3682 = ( GEOMETRIC_REPRESENTATION_CONTEXT(2) 
PARAMETRIC_REPRESENTATION_CONTEXT() REPRESENTATION_CONTEXT('2D SPACE',''
  ) );
#3683 = PCURVE('',#3203,#3684);
#3684 = DEFINITIONAL_REPRESENTATION('',(#3685),#3689);
#3685 = LINE('',#3686,#3687);
#3686 = CARTESIAN_POINT('',(0.785398163397,0.));
#3687 = VECTOR('',#3688,1.);
#3688 = DIRECTION('',(-1.613666031584E-16,1.));
#3689 = ( GEOMETRIC_REPRESENTATION_CONTEXT(2) 
PARAMETRIC_REPRESENTATION_CONTEXT() REPRESENTATION_CONTEXT('2D SPACE',''
  ) );
#3690 = ADVANCED_FACE('',(#3691),#2586,.F.);
#3691 = FACE_BOUND('',#3692,.F.);
#3692 = EDGE_LOOP('',(#3693,#3694,#3695,#3724,#3770,#3821));
#3693 = ORIENTED_EDGE('',*,*,#2569,.T.);
#3694 = ORIENTED_EDGE('',*,*,#3472,.T.);
#3695 = ORIENTED_EDGE('',*,*,#3696,.F.);
#3696 = EDGE_CURVE('',#3697,#3473,#3699,.T.);
#3697 = VERTEX_POINT('',#3698);
#3698 = CARTESIAN_POINT('',(-12.7,6.35,43.179999427795));
#3699 = SURFACE_CURVE('',#3700,(#3706,#3715),.PCURVE_S1.);
#3700 = B_SPLINE_CURVE_WITH_KNOTS('',4,(#3701,#3702,#3703,#3704,#3705),
  .UNSPECIFIED.,.F.,.F.,(5,5),(0.,1.),.PIECEWISE_BEZIER_KNOTS.);
#3701 = CARTESIAN_POINT('',(-12.7,6.35,43.179999427795));
#3702 = CARTESIAN_POINT('',(-12.70000000003,6.388404939098,
    43.145649006003));
#3703 = CARTESIAN_POINT('',(-12.69969030128,6.426812182069,
    43.111296523595));
#3704 = CARTESIAN_POINT('',(-12.69907082114,6.465220577366,
    43.076943638547));
#3705 = CARTESIAN_POINT('',(-12.69814131226,6.503629032258,
    43.04259195821));
#3706 = PCURVE('',#2586,#3707);
#3707 = DEFINITIONAL_REPRESENTATION('',(#3708),#3714);
#3708 = B_SPLINE_CURVE_WITH_KNOTS('',4,(#3709,#3710,#3711,#3712,#3713),
  .UNSPECIFIED.,.F.,.F.,(5,5),(0.,1.),.PIECEWISE_BEZIER_KNOTS.);
#3709 = CARTESIAN_POINT('',(1.790234627208E-15,-3.14159265359));
#3710 = CARTESIAN_POINT('',(-7.510575896756E-03,-3.14831031684));
#3711 = CARTESIAN_POINT('',(-1.499355437233E-02,-3.155024295774));
#3712 = CARTESIAN_POINT('',(-2.245017375463E-02,-3.161734647199));
#3713 = CARTESIAN_POINT('',(-2.988163851143E-02,-3.168441235319));
#3714 = ( GEOMETRIC_REPRESENTATION_CONTEXT(2) 
PARAMETRIC_REPRESENTATION_CONTEXT() REPRESENTATION_CONTEXT('2D SPACE',''
  ) );
#3715 = PCURVE('',#3254,#3716);
#3716 = DEFINITIONAL_REPRESENTATION('',(#3717),#3723);
#3717 = B_SPLINE_CURVE_WITH_KNOTS('',4,(#3718,#3719,#3720,#3721,#3722),
  .UNSPECIFIED.,.F.,.F.,(5,5),(0.,1.),.PIECEWISE_BEZIER_KNOTS.);
#3718 = CARTESIAN_POINT('',(5.497787143782,52.070000572205));
#3719 = CARTESIAN_POINT('',(5.503835165678,52.104350993997));
#3720 = CARTESIAN_POINT('',(5.509883550449,52.138703476405));
#3721 = CARTESIAN_POINT('',(5.515932706433,52.173056361453));
#3722 = CARTESIAN_POINT('',(5.521983052984,52.20740804179));
#3723 = ( GEOMETRIC_REPRESENTATION_CONTEXT(2) 
PARAMETRIC_REPRESENTATION_CONTEXT() REPRESENTATION_CONTEXT('2D SPACE',''
  ) );
#3724 = ORIENTED_EDGE('',*,*,#3725,.F.);
#3725 = EDGE_CURVE('',#3726,#3697,#3728,.T.);
#3726 = VERTEX_POINT('',#3727);
#3727 = CARTESIAN_POINT('',(-6.35,2.109423746788E-14,43.179999427795));
#3728 = SURFACE_CURVE('',#3729,(#3734,#3763),.PCURVE_S1.);
#3729 = CIRCLE('',#3730,6.35);
#3730 = AXIS2_PLACEMENT_3D('',#3731,#3732,#3733);
#3731 = CARTESIAN_POINT('',(-6.35,6.35,43.179999427795));
#3732 = DIRECTION('',(2.22044604925E-16,3.697785493223E-32,-1.));
#3733 = DIRECTION('',(-0.707106781187,-0.707106781187,
    -1.570092458684E-16));
#3734 = PCURVE('',#2586,#3735);
#3735 = DEFINITIONAL_REPRESENTATION('',(#3736),#3762);
#3736 = B_SPLINE_CURVE_WITH_KNOTS('',3,(#3737,#3738,#3739,#3740,#3741,
    #3742,#3743,#3744,#3745,#3746,#3747,#3748,#3749,#3750,#3751,#3752,
    #3753,#3754,#3755,#3756,#3757,#3758,#3759,#3760,#3761),
  .UNSPECIFIED.,.F.,.F.,(4,1,1,1,1,1,1,1,1,1,1,1,1,1,1,1,1,1,1,1,1,1,4),
  (5.497787143782,5.569186976818,5.640586809854,5.711986642891,
    5.783386475927,5.854786308963,5.926186141999,5.997585975035,
    6.068985808071,6.140385641107,6.211785474143,6.28318530718,
    6.354585140216,6.425984973252,6.497384806288,6.568784639324,
    6.64018447236,6.711584305396,6.782984138433,6.854383971469,
    6.925783804505,6.997183637541,7.068583470577),
  .QUASI_UNIFORM_KNOTS.);
#3737 = CARTESIAN_POINT('',(1.789481336941E-15,-1.570796326795));
#3738 = CARTESIAN_POINT('',(1.789481336941E-15,-1.597229375323));
#3739 = CARTESIAN_POINT('',(1.789481336941E-15,-1.649321539424));
#3740 = CARTESIAN_POINT('',(1.789481336941E-15,-1.725402781348));
#3741 = CARTESIAN_POINT('',(1.789481336941E-15,-1.799700484976));
#3742 = CARTESIAN_POINT('',(1.789481336941E-15,-1.872457766729));
#3743 = CARTESIAN_POINT('',(1.789481336941E-15,-1.943902433034));
#3744 = CARTESIAN_POINT('',(1.789481336941E-15,-2.014246930739));
#3745 = CARTESIAN_POINT('',(1.789481336941E-15,-2.083691857828));
#3746 = CARTESIAN_POINT('',(1.789481336941E-15,-2.152428136962));
#3747 = CARTESIAN_POINT('',(1.789481336941E-15,-2.22063924756));
#3748 = CARTESIAN_POINT('',(1.789481336941E-15,-2.28850321357));
#3749 = CARTESIAN_POINT('',(1.789481336941E-15,-2.356194490192));
#3750 = CARTESIAN_POINT('',(1.789481336941E-15,-2.423885766815));
#3751 = CARTESIAN_POINT('',(1.789481336941E-15,-2.491749732825));
#3752 = CARTESIAN_POINT('',(1.789481336941E-15,-2.559960843422));
#3753 = CARTESIAN_POINT('',(1.789481336941E-15,-2.628697122557));
#3754 = CARTESIAN_POINT('',(1.789481336941E-15,-2.698142049645));
#3755 = CARTESIAN_POINT('',(1.789481336941E-15,-2.768486547351));
#3756 = CARTESIAN_POINT('',(1.789481336941E-15,-2.839931213656));
#3757 = CARTESIAN_POINT('',(1.789481336941E-15,-2.912688495409));
#3758 = CARTESIAN_POINT('',(1.789481336941E-15,-2.986986199037));
#3759 = CARTESIAN_POINT('',(1.789481336941E-15,-3.063067440961));
#3760 = CARTESIAN_POINT('',(1.789481336941E-15,-3.115159605061));
#3761 = CARTESIAN_POINT('',(1.789481336941E-15,-3.14159265359));
#3762 = ( GEOMETRIC_REPRESENTATION_CONTEXT(2) 
PARAMETRIC_REPRESENTATION_CONTEXT() REPRESENTATION_CONTEXT('2D SPACE',''
  ) );
#3763 = PCURVE('',#3254,#3764);
#3764 = DEFINITIONAL_REPRESENTATION('',(#3765),#3769);
#3765 = LINE('',#3766,#3767);
#3766 = CARTESIAN_POINT('',(-1.570796326795,52.070000572205));
#3767 = VECTOR('',#3768,1.);
#3768 = DIRECTION('',(1.,0.));
#3769 = ( GEOMETRIC_REPRESENTATION_CONTEXT(2) 
PARAMETRIC_REPRESENTATION_CONTEXT() REPRESENTATION_CONTEXT('2D SPACE',''
  ) );
#3770 = ORIENTED_EDGE('',*,*,#3771,.F.);
#3771 = EDGE_CURVE('',#3772,#3726,#3774,.T.);
#3772 = VERTEX_POINT('',#3773);
#3773 = CARTESIAN_POINT('',(-6.35,5.08,38.099999427795));
#3774 = SURFACE_CURVE('',#3775,(#3780,#3809),.PCURVE_S1.);
#3775 = CIRCLE('',#3776,5.08);
#3776 = AXIS2_PLACEMENT_3D('',#3777,#3778,#3779);
#3777 = CARTESIAN_POINT('',(-6.35,5.08,43.179999427795));
#3778 = DIRECTION('',(-1.,-2.185478394931E-16,-2.185478394931E-16));
#3779 = DIRECTION('',(2.185478394931E-16,0.,-1.));
#3780 = PCURVE('',#2586,#3781);
#3781 = DEFINITIONAL_REPRESENTATION('',(#3782),#3808);
#3782 = B_SPLINE_CURVE_WITH_KNOTS('',3,(#3783,#3784,#3785,#3786,#3787,
    #3788,#3789,#3790,#3791,#3792,#3793,#3794,#3795,#3796,#3797,#3798,
    #3799,#3800,#3801,#3802,#3803,#3804,#3805,#3806,#3807),
  .UNSPECIFIED.,.F.,.F.,(4,1,1,1,1,1,1,1,1,1,1,1,1,1,1,1,1,1,1,1,1,1,4),
  (0.,7.139983303613E-02,0.142799666072,0.214199499108,0.285599332145,
    0.356999165181,0.428398998217,0.499798831253,0.571198664289,
    0.642598497325,0.713998330361,0.785398163397,0.856797996434,
    0.92819782947,0.999597662506,1.070997495542,1.142397328578,
    1.213797161614,1.28519699465,1.356596827687,1.427996660723,
    1.499396493759,1.570796326795),.QUASI_UNIFORM_KNOTS.);
#3783 = CARTESIAN_POINT('',(-1.570796326795,-1.570796326795));
#3784 = CARTESIAN_POINT('',(-1.544363278267,-1.570796326795));
#3785 = CARTESIAN_POINT('',(-1.492271114166,-1.570796326795));
#3786 = CARTESIAN_POINT('',(-1.416189872242,-1.570796326795));
#3787 = CARTESIAN_POINT('',(-1.341892168614,-1.570796326795));
#3788 = CARTESIAN_POINT('',(-1.269134886861,-1.570796326795));
#3789 = CARTESIAN_POINT('',(-1.197690220556,-1.570796326795));
#3790 = CARTESIAN_POINT('',(-1.12734572285,-1.570796326795));
#3791 = CARTESIAN_POINT('',(-1.057900795762,-1.570796326795));
#3792 = CARTESIAN_POINT('',(-0.989164516627,-1.570796326795));
#3793 = CARTESIAN_POINT('',(-0.92095340603,-1.570796326795));
#3794 = CARTESIAN_POINT('',(-0.85308944002,-1.570796326795));
#3795 = CARTESIAN_POINT('',(-0.785398163397,-1.570796326795));
#3796 = CARTESIAN_POINT('',(-0.717706886775,-1.570796326795));
#3797 = CARTESIAN_POINT('',(-0.649842920765,-1.570796326795));
#3798 = CARTESIAN_POINT('',(-0.581631810168,-1.570796326795));
#3799 = CARTESIAN_POINT('',(-0.512895531033,-1.570796326795));
#3800 = CARTESIAN_POINT('',(-0.443450603945,-1.570796326795));
#3801 = CARTESIAN_POINT('',(-0.373106106239,-1.570796326795));
#3802 = CARTESIAN_POINT('',(-0.301661439934,-1.570796326795));
#3803 = CARTESIAN_POINT('',(-0.228904158181,-1.570796326795));
#3804 = CARTESIAN_POINT('',(-0.154606454553,-1.570796326795));
#3805 = CARTESIAN_POINT('',(-7.852521262872E-02,-1.570796326795));
#3806 = CARTESIAN_POINT('',(-2.643304852828E-02,-1.570796326795));
#3807 = CARTESIAN_POINT('',(1.789481336941E-15,-1.570796326795));
#3808 = ( GEOMETRIC_REPRESENTATION_CONTEXT(2) 
PARAMETRIC_REPRESENTATION_CONTEXT() REPRESENTATION_CONTEXT('2D SPACE',''
  ) );
#3809 = PCURVE('',#3810,#3815);
#3810 = CYLINDRICAL_SURFACE('',#3811,5.08);
#3811 = AXIS2_PLACEMENT_3D('',#3812,#3813,#3814);
#3812 = CARTESIAN_POINT('',(-6.35,5.08,43.179999427795));
#3813 = DIRECTION('',(1.,1.224646799147E-16,2.22044604925E-16));
#3814 = DIRECTION('',(2.436048514919E-16,-0.707106781187,-0.707106781187
    ));
#3815 = DEFINITIONAL_REPRESENTATION('',(#3816),#3820);
#3816 = LINE('',#3817,#3818);
#3817 = CARTESIAN_POINT('',(0.785398163397,0.));
#3818 = VECTOR('',#3819,1.);
#3819 = DIRECTION('',(-1.,0.));
#3820 = ( GEOMETRIC_REPRESENTATION_CONTEXT(2) 
PARAMETRIC_REPRESENTATION_CONTEXT() REPRESENTATION_CONTEXT('2D SPACE',''
  ) );
#3821 = ORIENTED_EDGE('',*,*,#3822,.F.);
#3822 = EDGE_CURVE('',#2570,#3772,#3823,.T.);
#3823 = SURFACE_CURVE('',#3824,(#3829,#3858),.PCURVE_S1.);
#3824 = CIRCLE('',#3825,1.27);
#3825 = AXIS2_PLACEMENT_3D('',#3826,#3827,#3828);
#3826 = CARTESIAN_POINT('',(-6.35,6.35,38.099999427795));
#3827 = DIRECTION('',(-2.22044604925E-16,-3.697785493223E-32,1.));
#3828 = DIRECTION('',(-0.707106781187,-0.707106781187,
    -1.570092458684E-16));
#3829 = PCURVE('',#2586,#3830);
#3830 = DEFINITIONAL_REPRESENTATION('',(#3831),#3857);
#3831 = B_SPLINE_CURVE_WITH_KNOTS('',3,(#3832,#3833,#3834,#3835,#3836,
    #3837,#3838,#3839,#3840,#3841,#3842,#3843,#3844,#3845,#3846,#3847,
    #3848,#3849,#3850,#3851,#3852,#3853,#3854,#3855,#3856),
  .UNSPECIFIED.,.F.,.F.,(4,1,1,1,1,1,1,1,1,1,1,1,1,1,1,1,1,1,1,1,1,1,4),
  (5.497787143782,5.569186976818,5.640586809854,5.711986642891,
    5.783386475927,5.854786308963,5.926186141999,5.997585975035,
    6.068985808071,6.140385641107,6.211785474143,6.28318530718,
    6.354585140216,6.425984973252,6.497384806288,6.568784639324,
    6.64018447236,6.711584305396,6.782984138433,6.854383971469,
    6.925783804505,6.997183637541,7.068583470577),
  .QUASI_UNIFORM_KNOTS.);
#3832 = CARTESIAN_POINT('',(-1.570796326795,-3.14159265359));
#3833 = CARTESIAN_POINT('',(-1.570796326795,-3.115159605061));
#3834 = CARTESIAN_POINT('',(-1.570796326795,-3.063067440961));
#3835 = CARTESIAN_POINT('',(-1.570796326795,-2.986986199037));
#3836 = CARTESIAN_POINT('',(-1.570796326795,-2.912688495408));
#3837 = CARTESIAN_POINT('',(-1.570796326795,-2.839931213656));
#3838 = CARTESIAN_POINT('',(-1.570796326795,-2.768486547351));
#3839 = CARTESIAN_POINT('',(-1.570796326795,-2.698142049645));
#3840 = CARTESIAN_POINT('',(-1.570796326795,-2.628697122557));
#3841 = CARTESIAN_POINT('',(-1.570796326795,-2.559960843422));
#3842 = CARTESIAN_POINT('',(-1.570796326795,-2.491749732825));
#3843 = CARTESIAN_POINT('',(-1.570796326795,-2.423885766815));
#3844 = CARTESIAN_POINT('',(-1.570796326795,-2.356194490192));
#3845 = CARTESIAN_POINT('',(-1.570796326795,-2.28850321357));
#3846 = CARTESIAN_POINT('',(-1.570796326795,-2.22063924756));
#3847 = CARTESIAN_POINT('',(-1.570796326795,-2.152428136963));
#3848 = CARTESIAN_POINT('',(-1.570796326795,-2.083691857828));
#3849 = CARTESIAN_POINT('',(-1.570796326795,-2.01424693074));
#3850 = CARTESIAN_POINT('',(-1.570796326795,-1.943902433034));
#3851 = CARTESIAN_POINT('',(-1.570796326795,-1.872457766729));
#3852 = CARTESIAN_POINT('',(-1.570796326795,-1.799700484976));
#3853 = CARTESIAN_POINT('',(-1.570796326795,-1.725402781348));
#3854 = CARTESIAN_POINT('',(-1.570796326795,-1.649321539424));
#3855 = CARTESIAN_POINT('',(-1.570796326795,-1.597229375323));
#3856 = CARTESIAN_POINT('',(-1.570796326795,-1.570796326795));
#3857 = ( GEOMETRIC_REPRESENTATION_CONTEXT(2) 
PARAMETRIC_REPRESENTATION_CONTEXT() REPRESENTATION_CONTEXT('2D SPACE',''
  ) );
#3858 = PCURVE('',#2657,#3859);
#3859 = DEFINITIONAL_REPRESENTATION('',(#3860),#3864);
#3860 = CIRCLE('',#3861,1.27);
#3861 = AXIS2_PLACEMENT_2D('',#3862,#3863);
#3862 = CARTESIAN_POINT('',(6.35,6.35));
#3863 = DIRECTION('',(-0.707106781187,-0.707106781187));
#3864 = ( GEOMETRIC_REPRESENTATION_CONTEXT(2) 
PARAMETRIC_REPRESENTATION_CONTEXT() REPRESENTATION_CONTEXT('2D SPACE',''
  ) );
#3865 = ADVANCED_FACE('',(#3866),#2993,.F.);
#3866 = FACE_BOUND('',#3867,.F.);
#3867 = EDGE_LOOP('',(#3868,#3891,#3915,#4035,#4036,#4037,#4103,#4104,
    #4105));
#3868 = ORIENTED_EDGE('',*,*,#3869,.T.);
#3869 = EDGE_CURVE('',#3870,#2950,#3872,.T.);
#3870 = VERTEX_POINT('',#3871);
#3871 = CARTESIAN_POINT('',(3.175,6.35,-190.5));
#3872 = SEAM_CURVE('',#3873,(#3877,#3884),.PCURVE_S1.);
#3873 = LINE('',#3874,#3875);
#3874 = CARTESIAN_POINT('',(3.175,6.35,-190.5));
#3875 = VECTOR('',#3876,1.);
#3876 = DIRECTION('',(-2.219101139469E-16,0.,1.));
#3877 = PCURVE('',#2993,#3878);
#3878 = DEFINITIONAL_REPRESENTATION('',(#3879),#3883);
#3879 = LINE('',#3880,#3881);
#3880 = CARTESIAN_POINT('',(9.424777960769,0.));
#3881 = VECTOR('',#3882,1.);
#3882 = DIRECTION('',(0.,1.));
#3883 = ( GEOMETRIC_REPRESENTATION_CONTEXT(2) 
PARAMETRIC_REPRESENTATION_CONTEXT() REPRESENTATION_CONTEXT('2D SPACE',''
  ) );
#3884 = PCURVE('',#2993,#3885);
#3885 = DEFINITIONAL_REPRESENTATION('',(#3886),#3890);
#3886 = LINE('',#3887,#3888);
#3887 = CARTESIAN_POINT('',(3.14159265359,0.));
#3888 = VECTOR('',#3889,1.);
#3889 = DIRECTION('',(0.,1.));
#3890 = ( GEOMETRIC_REPRESENTATION_CONTEXT(2) 
PARAMETRIC_REPRESENTATION_CONTEXT() REPRESENTATION_CONTEXT('2D SPACE',''
  ) );
#3891 = ORIENTED_EDGE('',*,*,#3892,.T.);
#3892 = EDGE_CURVE('',#2950,#3893,#3895,.T.);
#3893 = VERTEX_POINT('',#3894);
#3894 = CARTESIAN_POINT('',(2.909935566297,5.08,-38.09999942779));
#3895 = SURFACE_CURVE('',#3896,(#3901,#3908),.PCURVE_S1.);
#3896 = CIRCLE('',#3897,3.175);
#3897 = AXIS2_PLACEMENT_3D('',#3898,#3899,#3900);
#3898 = CARTESIAN_POINT('',(-3.184389370909E-14,6.35,-38.09999942779));
#3899 = DIRECTION('',(2.22044604925E-16,2.465190328816E-32,-1.));
#3900 = DIRECTION('',(-1.,-2.307865185048E-14,-2.22044604925E-16));
#3901 = PCURVE('',#2993,#3902);
#3902 = DEFINITIONAL_REPRESENTATION('',(#3903),#3907);
#3903 = LINE('',#3904,#3905);
#3904 = CARTESIAN_POINT('',(12.566370614359,152.4000005722));
#3905 = VECTOR('',#3906,1.);
#3906 = DIRECTION('',(-1.,0.));
#3907 = ( GEOMETRIC_REPRESENTATION_CONTEXT(2) 
PARAMETRIC_REPRESENTATION_CONTEXT() REPRESENTATION_CONTEXT('2D SPACE',''
  ) );
#3908 = PCURVE('',#2965,#3909);
#3909 = DEFINITIONAL_REPRESENTATION('',(#3910),#3914);
#3910 = CIRCLE('',#3911,3.175);
#3911 = AXIS2_PLACEMENT_2D('',#3912,#3913);
#3912 = CARTESIAN_POINT('',(12.7,6.35));
#3913 = DIRECTION('',(1.,-2.295618717056E-14));
#3914 = ( GEOMETRIC_REPRESENTATION_CONTEXT(2) 
PARAMETRIC_REPRESENTATION_CONTEXT() REPRESENTATION_CONTEXT('2D SPACE',''
  ) );
#3915 = ORIENTED_EDGE('',*,*,#3916,.T.);
#3916 = EDGE_CURVE('',#3893,#3645,#3917,.T.);
#3917 = SURFACE_CURVE('',#3918,(#3933,#3984),.PCURVE_S1.);
#3918 = B_SPLINE_CURVE_WITH_KNOTS('',3,(#3919,#3920,#3921,#3922,#3923,
    #3924,#3925,#3926,#3927,#3928,#3929,#3930,#3931,#3932),
  .UNSPECIFIED.,.F.,.F.,(4,2,2,2,2,2,4),(0.67348395687,0.785365433834,
    0.90754912217,1.029732810507,1.151916498844,1.27410018718,
    1.385981664144),.UNSPECIFIED.);
#3919 = CARTESIAN_POINT('',(2.909935566297,5.08,-38.09999942779));
#3920 = CARTESIAN_POINT('',(2.752753804527,4.719851339411,
    -38.09999942779));
#3921 = CARTESIAN_POINT('',(2.525008257358,4.390025553791,-38.1399161663
    ));
#3922 = CARTESIAN_POINT('',(1.983571573732,3.838244843243,
    -38.24538308926));
#3923 = CARTESIAN_POINT('',(1.625912803903,3.589615406181,
    -38.32037700558));
#3924 = CARTESIAN_POINT('',(0.838048317952,3.257915406374,
    -38.43477162305));
#3925 = CARTESIAN_POINT('',(0.407278961122,3.175,-38.47071338849));
#3926 = CARTESIAN_POINT('',(-0.407278961122,3.175,-38.47071338849));
#3927 = CARTESIAN_POINT('',(-0.838048317952,3.257915406374,
    -38.43477162305));
#3928 = CARTESIAN_POINT('',(-1.625912803903,3.589615406181,
    -38.32037700558));
#3929 = CARTESIAN_POINT('',(-1.983571573732,3.838244843243,
    -38.24538308926));
#3930 = CARTESIAN_POINT('',(-2.525008257358,4.390025553791,
    -38.1399161663));
#3931 = CARTESIAN_POINT('',(-2.752753804527,4.719851339411,
    -38.09999942779));
#3932 = CARTESIAN_POINT('',(-2.909935566297,5.08,-38.09999942779));
#3933 = PCURVE('',#2993,#3934);
#3934 = DEFINITIONAL_REPRESENTATION('',(#3935),#3983);
#3935 = B_SPLINE_CURVE_WITH_KNOTS('',3,(#3936,#3937,#3938,#3939,#3940,
    #3941,#3942,#3943,#3944,#3945,#3946,#3947,#3948,#3949,#3950,#3951,
    #3952,#3953,#3954,#3955,#3956,#3957,#3958,#3959,#3960,#3961,#3962,
    #3963,#3964,#3965,#3966,#3967,#3968,#3969,#3970,#3971,#3972,#3973,
    #3974,#3975,#3976,#3977,#3978,#3979,#3980,#3981,#3982),
  .UNSPECIFIED.,.F.,.F.,(4,1,1,1,1,1,1,1,1,1,1,1,1,1,1,1,1,1,1,1,1,1,1,1
    ,1,1,1,1,1,1,1,1,1,1,1,1,1,1,1,1,1,1,1,1,4),(0.67348395687,
    0.68967708658,0.705870216291,0.722063346002,0.738256475713,
    0.754449605424,0.770642735134,0.786835864845,0.803028994556,
    0.819222124267,0.835415253978,0.851608383688,0.867801513399,
    0.88399464311,0.900187772821,0.916380902531,0.932574032242,
    0.948767161953,0.964960291664,0.981153421375,0.997346551085,
    1.013539680796,1.029732810507,1.045925940218,1.062119069929,
    1.078312199639,1.09450532935,1.110698459061,1.126891588772,
    1.143084718483,1.159277848193,1.175470977904,1.191664107615,
    1.207857237326,1.224050367036,1.240243496747,1.256436626458,
    1.272629756169,1.28882288588,1.30501601559,1.321209145301,
    1.337402275012,1.353595404723,1.369788534434,1.385981664144),
  .QUASI_UNIFORM_KNOTS.);
#3936 = CARTESIAN_POINT('',(9.013261114702,152.4000005722));
#3937 = CARTESIAN_POINT('',(8.995349742698,152.4000005722));
#3938 = CARTESIAN_POINT('',(8.959514592275,152.39832824262));
#3939 = CARTESIAN_POINT('',(8.90585852903,152.39133768263));
#3940 = CARTESIAN_POINT('',(8.852428836595,152.38040114182));
#3941 = CARTESIAN_POINT('',(8.799369829659,152.36605063919));
#3942 = CARTESIAN_POINT('',(8.746869190762,152.34883329527));
#3943 = CARTESIAN_POINT('',(8.694988290811,152.32923989021));
#3944 = CARTESIAN_POINT('',(8.644276104411,152.30797146422));
#3945 = CARTESIAN_POINT('',(8.593403805294,152.28492500307));
#3946 = CARTESIAN_POINT('',(8.541668226529,152.26027830167));
#3947 = CARTESIAN_POINT('',(8.489403116885,152.23465199813));
#3948 = CARTESIAN_POINT('',(8.436667019213,152.20854810638));
#3949 = CARTESIAN_POINT('',(8.383589283496,152.18250029383));
#3950 = CARTESIAN_POINT('',(8.330271429417,152.15703423812));
#3951 = CARTESIAN_POINT('',(8.276808062806,152.13267592248));
#3952 = CARTESIAN_POINT('',(8.223274381125,152.10995809766));
#3953 = CARTESIAN_POINT('',(8.169718139405,152.08965920889));
#3954 = CARTESIAN_POINT('',(8.116231614725,152.07189941762));
#3955 = CARTESIAN_POINT('',(8.062921380427,152.05690661206));
#3956 = CARTESIAN_POINT('',(8.009900140307,152.04487981505));
#3957 = CARTESIAN_POINT('',(7.95731107789,152.03602578408));
#3958 = CARTESIAN_POINT('',(7.905208956439,152.03054920342));
#3959 = CARTESIAN_POINT('',(7.853981633974,152.02865531555));
#3960 = CARTESIAN_POINT('',(7.80275431151,152.03054920342));
#3961 = CARTESIAN_POINT('',(7.750652190059,152.03602578408));
#3962 = CARTESIAN_POINT('',(7.698063127642,152.04487981505));
#3963 = CARTESIAN_POINT('',(7.645041887522,152.05690661206));
#3964 = CARTESIAN_POINT('',(7.591731653224,152.07189941762));
#3965 = CARTESIAN_POINT('',(7.538245128544,152.08965920889));
#3966 = CARTESIAN_POINT('',(7.484688886824,152.10995809766));
#3967 = CARTESIAN_POINT('',(7.431155205143,152.13267592248));
#3968 = CARTESIAN_POINT('',(7.377691838532,152.15703423812));
#3969 = CARTESIAN_POINT('',(7.324373984453,152.18250029383));
#3970 = CARTESIAN_POINT('',(7.271296248736,152.20854810638));
#3971 = CARTESIAN_POINT('',(7.218560151064,152.23465199813));
#3972 = CARTESIAN_POINT('',(7.16629504142,152.26027830167));
#3973 = CARTESIAN_POINT('',(7.114559462654,152.28492500307));
#3974 = CARTESIAN_POINT('',(7.063687163538,152.30797146422));
#3975 = CARTESIAN_POINT('',(7.012974977137,152.32923989021));
#3976 = CARTESIAN_POINT('',(6.961094077187,152.34883329527));
#3977 = CARTESIAN_POINT('',(6.90859343829,152.36605063919));
#3978 = CARTESIAN_POINT('',(6.855534431354,152.38040114182));
#3979 = CARTESIAN_POINT('',(6.802104738918,152.39133768263));
#3980 = CARTESIAN_POINT('',(6.748448675674,152.39832824262));
#3981 = CARTESIAN_POINT('',(6.712613525251,152.4000005722));
#3982 = CARTESIAN_POINT('',(6.694702153247,152.4000005722));
#3983 = ( GEOMETRIC_REPRESENTATION_CONTEXT(2) 
PARAMETRIC_REPRESENTATION_CONTEXT() REPRESENTATION_CONTEXT('2D SPACE',''
  ) );
#3984 = PCURVE('',#3203,#3985);
#3985 = DEFINITIONAL_REPRESENTATION('',(#3986),#4034);
#3986 = B_SPLINE_CURVE_WITH_KNOTS('',3,(#3987,#3988,#3989,#3990,#3991,
    #3992,#3993,#3994,#3995,#3996,#3997,#3998,#3999,#4000,#4001,#4002,
    #4003,#4004,#4005,#4006,#4007,#4008,#4009,#4010,#4011,#4012,#4013,
    #4014,#4015,#4016,#4017,#4018,#4019,#4020,#4021,#4022,#4023,#4024,
    #4025,#4026,#4027,#4028,#4029,#4030,#4031,#4032,#4033),
  .UNSPECIFIED.,.F.,.F.,(4,1,1,1,1,1,1,1,1,1,1,1,1,1,1,1,1,1,1,1,1,1,1,1
    ,1,1,1,1,1,1,1,1,1,1,1,1,1,1,1,1,1,1,1,1,4),(0.67348395687,
    0.68967708658,0.705870216291,0.722063346002,0.738256475713,
    0.754449605424,0.770642735134,0.786835864845,0.803028994556,
    0.819222124267,0.835415253978,0.851608383688,0.867801513399,
    0.88399464311,0.900187772821,0.916380902531,0.932574032242,
    0.948767161953,0.964960291664,0.981153421375,0.997346551085,
    1.013539680796,1.029732810507,1.045925940218,1.062119069929,
    1.078312199639,1.09450532935,1.110698459061,1.126891588772,
    1.143084718483,1.159277848193,1.175470977904,1.191664107615,
    1.207857237326,1.224050367036,1.240243496747,1.256436626458,
    1.272629756169,1.28882288588,1.30501601559,1.321209145301,
    1.337402275012,1.353595404723,1.369788534434,1.385981664144),
  .QUASI_UNIFORM_KNOTS.);
#3987 = CARTESIAN_POINT('',(0.785398163397,3.440064433703));
#3988 = CARTESIAN_POINT('',(0.775137755912,3.462814085617));
#3989 = CARTESIAN_POINT('',(0.754864683228,3.511269582174));
#3990 = CARTESIAN_POINT('',(0.725305596079,3.59210421291));
#3991 = CARTESIAN_POINT('',(0.696702937267,3.680367075293));
#3992 = CARTESIAN_POINT('',(0.669167473221,3.77535588195));
#3993 = CARTESIAN_POINT('',(0.642830633466,3.876290839945));
#3994 = CARTESIAN_POINT('',(0.617768492753,3.982681311712));
#3995 = CARTESIAN_POINT('',(0.594284318694,4.092957543774));
#3996 = CARTESIAN_POINT('',(0.571829157364,4.20967624858));
#3997 = CARTESIAN_POINT('',(0.550156618044,4.334090366407));
#3998 = CARTESIAN_POINT('',(0.529495679583,4.465177869596));
#3999 = CARTESIAN_POINT('',(0.509952643698,4.602526470929));
#4000 = CARTESIAN_POINT('',(0.491670182191,4.745559889359));
#4001 = CARTESIAN_POINT('',(0.47478526475,4.893748078712));
#4002 = CARTESIAN_POINT('',(0.459435211015,5.046540047156));
#4003 = CARTESIAN_POINT('',(0.445773195086,5.203422350616));
#4004 = CARTESIAN_POINT('',(0.433901007872,5.363756417191));
#4005 = CARTESIAN_POINT('',(0.423814589131,5.526663514824));
#4006 = CARTESIAN_POINT('',(0.415530899905,5.69130670603));
#4007 = CARTESIAN_POINT('',(0.409062002386,5.856856897436));
#4008 = CARTESIAN_POINT('',(0.404422204414,6.022411824655));
#4009 = CARTESIAN_POINT('',(0.401626131482,6.187354063238));
#4010 = CARTESIAN_POINT('',(0.400689017612,6.35));
#4011 = CARTESIAN_POINT('',(0.401626131482,6.512645936762));
#4012 = CARTESIAN_POINT('',(0.404422204414,6.677588175345));
#4013 = CARTESIAN_POINT('',(0.409062002386,6.843143102564));
#4014 = CARTESIAN_POINT('',(0.415530899905,7.00869329397));
#4015 = CARTESIAN_POINT('',(0.423814589131,7.173336485176));
#4016 = CARTESIAN_POINT('',(0.433901007872,7.336243582809));
#4017 = CARTESIAN_POINT('',(0.445773195086,7.496577649384));
#4018 = CARTESIAN_POINT('',(0.459435211015,7.653459952844));
#4019 = CARTESIAN_POINT('',(0.47478526475,7.806251921288));
#4020 = CARTESIAN_POINT('',(0.491670182191,7.954440110641));
#4021 = CARTESIAN_POINT('',(0.509952643698,8.097473529071));
#4022 = CARTESIAN_POINT('',(0.529495679583,8.234822130404));
#4023 = CARTESIAN_POINT('',(0.550156618044,8.365909633593));
#4024 = CARTESIAN_POINT('',(0.571829157364,8.49032375142));
#4025 = CARTESIAN_POINT('',(0.594284318694,8.607042456226));
#4026 = CARTESIAN_POINT('',(0.617768492753,8.717318688288));
#4027 = CARTESIAN_POINT('',(0.642830633466,8.823709160055));
#4028 = CARTESIAN_POINT('',(0.669167473221,8.92464411805));
#4029 = CARTESIAN_POINT('',(0.696702937267,9.019632924707));
#4030 = CARTESIAN_POINT('',(0.725305596079,9.10789578709));
#4031 = CARTESIAN_POINT('',(0.754864683228,9.188730417826));
#4032 = CARTESIAN_POINT('',(0.775137755912,9.237185914383));
#4033 = CARTESIAN_POINT('',(0.785398163397,9.259935566297));
#4034 = ( GEOMETRIC_REPRESENTATION_CONTEXT(2) 
PARAMETRIC_REPRESENTATION_CONTEXT() REPRESENTATION_CONTEXT('2D SPACE',''
  ) );
#4035 = ORIENTED_EDGE('',*,*,#3644,.T.);
#4036 = ORIENTED_EDGE('',*,*,#3034,.T.);
#4037 = ORIENTED_EDGE('',*,*,#4038,.T.);
#4038 = EDGE_CURVE('',#3006,#2978,#4039,.T.);
#4039 = SURFACE_CURVE('',#4040,(#4045,#4074),.PCURVE_S1.);
#4040 = ELLIPSE('',#4041,4.490128060535,3.175);
#4041 = AXIS2_PLACEMENT_3D('',#4042,#4043,#4044);
#4042 = CARTESIAN_POINT('',(-3.466215184935E-14,6.35,-25.40000081062));
#4043 = DIRECTION('',(0.,-0.707106781187,-0.707106781187));
#4044 = DIRECTION('',(1.616215707773E-14,-0.707106781187,0.707106781187)
  );
#4045 = PCURVE('',#2993,#4046);
#4046 = DEFINITIONAL_REPRESENTATION('',(#4047),#4073);
#4047 = B_SPLINE_CURVE_WITH_KNOTS('',3,(#4048,#4049,#4050,#4051,#4052,
    #4053,#4054,#4055,#4056,#4057,#4058,#4059,#4060,#4061,#4062,#4063,
    #4064,#4065,#4066,#4067,#4068,#4069,#4070,#4071,#4072),
  .UNSPECIFIED.,.F.,.F.,(4,1,1,1,1,1,1,1,1,1,1,1,1,1,1,1,1,1,1,1,1,1,4),
  (1.570796326795,1.713595992867,1.856395658939,1.999195325012,
    2.141994991084,2.284794657156,2.427594323228,2.570393989301,
    2.713193655373,2.855993321445,2.998792987518,3.14159265359,
    3.284392319662,3.427191985734,3.569991651807,3.712791317879,
    3.855590983951,3.998390650023,4.141190316096,4.283989982168,
    4.42678964824,4.569589314312,4.712388980385),.QUASI_UNIFORM_KNOTS.);
#4048 = CARTESIAN_POINT('',(6.28318530718,165.09999918937));
#4049 = CARTESIAN_POINT('',(6.235585418489,164.9488508267));
#4050 = CARTESIAN_POINT('',(6.140385641107,164.64662014811));
#4051 = CARTESIAN_POINT('',(5.997585975035,164.20245070868));
#4052 = CARTESIAN_POINT('',(5.854786308963,163.77656694557));
#4053 = CARTESIAN_POINT('',(5.711986642891,163.3776206476));
#4054 = CARTESIAN_POINT('',(5.569186976818,163.01373802773));
#4055 = CARTESIAN_POINT('',(5.426387310746,162.69232539607));
#4056 = CARTESIAN_POINT('',(5.283587644674,162.41992613277));
#4057 = CARTESIAN_POINT('',(5.140787978601,162.20208540863));
#4058 = CARTESIAN_POINT('',(4.997988312529,162.04323785742));
#4059 = CARTESIAN_POINT('',(4.855188646457,161.94661715055));
#4060 = CARTESIAN_POINT('',(4.712388980385,161.91419020878));
#4061 = CARTESIAN_POINT('',(4.569589314312,161.94661715055));
#4062 = CARTESIAN_POINT('',(4.42678964824,162.04323785742));
#4063 = CARTESIAN_POINT('',(4.283989982168,162.20208540863));
#4064 = CARTESIAN_POINT('',(4.141190316096,162.41992613277));
#4065 = CARTESIAN_POINT('',(3.998390650023,162.69232539607));
#4066 = CARTESIAN_POINT('',(3.855590983951,163.01373802773));
#4067 = CARTESIAN_POINT('',(3.712791317879,163.3776206476));
#4068 = CARTESIAN_POINT('',(3.569991651807,163.77656694557));
#4069 = CARTESIAN_POINT('',(3.427191985734,164.20245070868));
#4070 = CARTESIAN_POINT('',(3.284392319662,164.64662014811));
#4071 = CARTESIAN_POINT('',(3.189192542281,164.9488508267));
#4072 = CARTESIAN_POINT('',(3.14159265359,165.09999918937));
#4073 = ( GEOMETRIC_REPRESENTATION_CONTEXT(2) 
PARAMETRIC_REPRESENTATION_CONTEXT() REPRESENTATION_CONTEXT('2D SPACE',''
  ) );
#4074 = PCURVE('',#3022,#4075);
#4075 = DEFINITIONAL_REPRESENTATION('',(#4076),#4102);
#4076 = B_SPLINE_CURVE_WITH_KNOTS('',3,(#4077,#4078,#4079,#4080,#4081,
    #4082,#4083,#4084,#4085,#4086,#4087,#4088,#4089,#4090,#4091,#4092,
    #4093,#4094,#4095,#4096,#4097,#4098,#4099,#4100,#4101),
  .UNSPECIFIED.,.F.,.F.,(4,1,1,1,1,1,1,1,1,1,1,1,1,1,1,1,1,1,1,1,1,1,4),
  (1.570796326795,1.713595992867,1.856395658939,1.999195325012,
    2.141994991084,2.284794657156,2.427594323228,2.570393989301,
    2.713193655373,2.855993321445,2.998792987518,3.14159265359,
    3.284392319662,3.427191985734,3.569991651807,3.712791317879,
    3.855590983951,3.998390650023,4.141190316096,4.283989982168,
    4.42678964824,4.569589314312,4.712388980385),.QUASI_UNIFORM_KNOTS.);
#4077 = CARTESIAN_POINT('',(6.28318530718,6.35));
#4078 = CARTESIAN_POINT('',(6.33078519587,6.198851637326));
#4079 = CARTESIAN_POINT('',(6.425984973252,5.896620958742));
#4080 = CARTESIAN_POINT('',(6.568784639324,5.452451519309));
#4081 = CARTESIAN_POINT('',(6.711584305396,5.026567756193));
#4082 = CARTESIAN_POINT('',(6.854383971469,4.627621458231));
#4083 = CARTESIAN_POINT('',(6.997183637541,4.263738838353));
#4084 = CARTESIAN_POINT('',(7.139983303613,3.942326206699));
#4085 = CARTESIAN_POINT('',(7.282782969685,3.669926943401));
#4086 = CARTESIAN_POINT('',(7.425582635758,3.452086219261));
#4087 = CARTESIAN_POINT('',(7.56838230183,3.293238668052));
#4088 = CARTESIAN_POINT('',(7.711181967902,3.196617961176));
#4089 = CARTESIAN_POINT('',(7.853981633974,3.164191019412));
#4090 = CARTESIAN_POINT('',(7.996781300047,3.196617961176));
#4091 = CARTESIAN_POINT('',(8.139580966119,3.293238668052));
#4092 = CARTESIAN_POINT('',(8.282380632191,3.452086219261));
#4093 = CARTESIAN_POINT('',(8.425180298264,3.669926943401));
#4094 = CARTESIAN_POINT('',(8.567979964336,3.942326206699));
#4095 = CARTESIAN_POINT('',(8.710779630408,4.263738838353));
#4096 = CARTESIAN_POINT('',(8.85357929648,4.627621458231));
#4097 = CARTESIAN_POINT('',(8.996378962553,5.026567756193));
#4098 = CARTESIAN_POINT('',(9.139178628625,5.452451519309));
#4099 = CARTESIAN_POINT('',(9.281978294697,5.896620958742));
#4100 = CARTESIAN_POINT('',(9.377178072079,6.198851637326));
#4101 = CARTESIAN_POINT('',(9.424777960769,6.35));
#4102 = ( GEOMETRIC_REPRESENTATION_CONTEXT(2) 
PARAMETRIC_REPRESENTATION_CONTEXT() REPRESENTATION_CONTEXT('2D SPACE',''
  ) );
#4103 = ORIENTED_EDGE('',*,*,#2977,.T.);
#4104 = ORIENTED_EDGE('',*,*,#3869,.F.);
#4105 = ORIENTED_EDGE('',*,*,#4106,.T.);
#4106 = EDGE_CURVE('',#3870,#3870,#4107,.T.);
#4107 = SURFACE_CURVE('',#4108,(#4113,#4120),.PCURVE_S1.);
#4108 = CIRCLE('',#4109,3.175);
#4109 = AXIS2_PLACEMENT_3D('',#4110,#4111,#4112);
#4110 = CARTESIAN_POINT('',(1.975207783391E-15,6.35,-190.5));
#4111 = DIRECTION('',(-2.22044604925E-16,-2.465190328816E-32,1.));
#4112 = DIRECTION('',(-1.,-2.307865185048E-14,-2.22044604925E-16));
#4113 = PCURVE('',#2993,#4114);
#4114 = DEFINITIONAL_REPRESENTATION('',(#4115),#4119);
#4115 = LINE('',#4116,#4117);
#4116 = CARTESIAN_POINT('',(0.,0.));
#4117 = VECTOR('',#4118,1.);
#4118 = DIRECTION('',(1.,0.));
#4119 = ( GEOMETRIC_REPRESENTATION_CONTEXT(2) 
PARAMETRIC_REPRESENTATION_CONTEXT() REPRESENTATION_CONTEXT('2D SPACE',''
  ) );
#4120 = PCURVE('',#4121,#4126);
#4121 = PLANE('',#4122);
#4122 = AXIS2_PLACEMENT_3D('',#4123,#4124,#4125);
#4123 = CARTESIAN_POINT('',(-12.7,12.7,-190.5));
#4124 = DIRECTION('',(2.22044604925E-16,2.465190328816E-32,-1.));
#4125 = DIRECTION('',(1.,1.224646799147E-16,2.22044604925E-16));
#4126 = DEFINITIONAL_REPRESENTATION('',(#4127),#4135);
#4127 = ( BOUNDED_CURVE() B_SPLINE_CURVE(2,(#4128,#4129,#4130,#4131,
#4132,#4133,#4134),.UNSPECIFIED.,.T.,.F.) B_SPLINE_CURVE_WITH_KNOTS((1,2
    ,2,2,2,1),(-2.094395102393,0.,2.094395102393,4.188790204786,
6.28318530718,8.377580409573),.UNSPECIFIED.) CURVE() 
GEOMETRIC_REPRESENTATION_ITEM() RATIONAL_B_SPLINE_CURVE((1.,0.5,1.,0.5,
1.,0.5,1.)) REPRESENTATION_ITEM('') );
#4128 = CARTESIAN_POINT('',(9.525,6.35));
#4129 = CARTESIAN_POINT('',(9.525,11.849261314031));
#4130 = CARTESIAN_POINT('',(14.2875,9.099630657015));
#4131 = CARTESIAN_POINT('',(19.05,6.35));
#4132 = CARTESIAN_POINT('',(14.2875,3.600369342984));
#4133 = CARTESIAN_POINT('',(9.525,0.850738685969));
#4134 = CARTESIAN_POINT('',(9.525,6.35));
#4135 = ( GEOMETRIC_REPRESENTATION_CONTEXT(2) 
PARAMETRIC_REPRESENTATION_CONTEXT() REPRESENTATION_CONTEXT('2D SPACE',''
  ) );
#4136 = ADVANCED_FACE('',(#4137),#2657,.F.);
#4137 = FACE_BOUND('',#4138,.T.);
#4138 = EDGE_LOOP('',(#4139,#4140,#4141,#4165));
#4139 = ORIENTED_EDGE('',*,*,#3822,.F.);
#4140 = ORIENTED_EDGE('',*,*,#2641,.T.);
#4141 = ORIENTED_EDGE('',*,*,#4142,.T.);
#4142 = EDGE_CURVE('',#2642,#4143,#4145,.T.);
#4143 = VERTEX_POINT('',#4144);
#4144 = CARTESIAN_POINT('',(-2.909935566297,5.08,38.099999427795));
#4145 = SURFACE_CURVE('',#4146,(#4151,#4158),.PCURVE_S1.);
#4146 = CIRCLE('',#4147,3.175);
#4147 = AXIS2_PLACEMENT_3D('',#4148,#4149,#4150);
#4148 = CARTESIAN_POINT('',(-4.844842463224E-14,6.35,38.099999427795));
#4149 = DIRECTION('',(-2.22044604925E-16,-2.465190328816E-32,1.));
#4150 = DIRECTION('',(-1.,4.65414261379E-30,-2.22044604925E-16));
#4151 = PCURVE('',#2657,#4152);
#4152 = DEFINITIONAL_REPRESENTATION('',(#4153),#4157);
#4153 = CIRCLE('',#4154,3.175);
#4154 = AXIS2_PLACEMENT_2D('',#4155,#4156);
#4155 = CARTESIAN_POINT('',(12.7,6.35));
#4156 = DIRECTION('',(-1.,1.224646799147E-16));
#4157 = ( GEOMETRIC_REPRESENTATION_CONTEXT(2) 
PARAMETRIC_REPRESENTATION_CONTEXT() REPRESENTATION_CONTEXT('2D SPACE',''
  ) );
#4158 = PCURVE('',#2685,#4159);
#4159 = DEFINITIONAL_REPRESENTATION('',(#4160),#4164);
#4160 = LINE('',#4161,#4162);
#4161 = CARTESIAN_POINT('',(6.28318530718,152.4000005722));
#4162 = VECTOR('',#4163,1.);
#4163 = DIRECTION('',(-1.,0.));
#4164 = ( GEOMETRIC_REPRESENTATION_CONTEXT(2) 
PARAMETRIC_REPRESENTATION_CONTEXT() REPRESENTATION_CONTEXT('2D SPACE',''
  ) );
#4165 = ORIENTED_EDGE('',*,*,#4166,.F.);
#4166 = EDGE_CURVE('',#3772,#4143,#4167,.T.);
#4167 = SURFACE_CURVE('',#4168,(#4172,#4179),.PCURVE_S1.);
#4168 = LINE('',#4169,#4170);
#4169 = CARTESIAN_POINT('',(-6.35,5.08,38.099999427795));
#4170 = VECTOR('',#4171,1.);
#4171 = DIRECTION('',(1.,1.224646799147E-16,2.22044604925E-16));
#4172 = PCURVE('',#2657,#4173);
#4173 = DEFINITIONAL_REPRESENTATION('',(#4174),#4178);
#4174 = LINE('',#4175,#4176);
#4175 = CARTESIAN_POINT('',(6.35,5.08));
#4176 = VECTOR('',#4177,1.);
#4177 = DIRECTION('',(1.,-5.641527646774E-49));
#4178 = ( GEOMETRIC_REPRESENTATION_CONTEXT(2) 
PARAMETRIC_REPRESENTATION_CONTEXT() REPRESENTATION_CONTEXT('2D SPACE',''
  ) );
#4179 = PCURVE('',#3810,#4180);
#4180 = DEFINITIONAL_REPRESENTATION('',(#4181),#4185);
#4181 = LINE('',#4182,#4183);
#4182 = CARTESIAN_POINT('',(0.785398163397,-8.881784197001E-16));
#4183 = VECTOR('',#4184,1.);
#4184 = DIRECTION('',(1.290932825267E-16,1.));
#4185 = ( GEOMETRIC_REPRESENTATION_CONTEXT(2) 
PARAMETRIC_REPRESENTATION_CONTEXT() REPRESENTATION_CONTEXT('2D SPACE',''
  ) );
#4186 = ADVANCED_FACE('',(#4187),#3022,.F.);
#4187 = FACE_BOUND('',#4188,.F.);
#4188 = EDGE_LOOP('',(#4189,#4212,#4213,#4214,#4215));
#4189 = ORIENTED_EDGE('',*,*,#4190,.T.);
#4190 = EDGE_CURVE('',#4191,#2978,#4193,.T.);
#4191 = VERTEX_POINT('',#4192);
#4192 = CARTESIAN_POINT('',(3.175,12.7,-25.40000081062));
#4193 = SEAM_CURVE('',#4194,(#4198,#4205),.PCURVE_S1.);
#4194 = LINE('',#4195,#4196);
#4195 = CARTESIAN_POINT('',(3.175,12.7,-25.40000081062));
#4196 = VECTOR('',#4197,1.);
#4197 = DIRECTION('',(8.741913579726E-17,-1.,0.));
#4198 = PCURVE('',#3022,#4199);
#4199 = DEFINITIONAL_REPRESENTATION('',(#4200),#4204);
#4200 = LINE('',#4201,#4202);
#4201 = CARTESIAN_POINT('',(9.424777960769,0.));
#4202 = VECTOR('',#4203,1.);
#4203 = DIRECTION('',(0.,1.));
#4204 = ( GEOMETRIC_REPRESENTATION_CONTEXT(2) 
PARAMETRIC_REPRESENTATION_CONTEXT() REPRESENTATION_CONTEXT('2D SPACE',''
  ) );
#4205 = PCURVE('',#3022,#4206);
#4206 = DEFINITIONAL_REPRESENTATION('',(#4207),#4211);
#4207 = LINE('',#4208,#4209);
#4208 = CARTESIAN_POINT('',(3.14159265359,0.));
#4209 = VECTOR('',#4210,1.);
#4210 = DIRECTION('',(0.,1.));
#4211 = ( GEOMETRIC_REPRESENTATION_CONTEXT(2) 
PARAMETRIC_REPRESENTATION_CONTEXT() REPRESENTATION_CONTEXT('2D SPACE',''
  ) );
#4212 = ORIENTED_EDGE('',*,*,#4038,.F.);
#4213 = ORIENTED_EDGE('',*,*,#3005,.T.);
#4214 = ORIENTED_EDGE('',*,*,#4190,.F.);
#4215 = ORIENTED_EDGE('',*,*,#4216,.T.);
#4216 = EDGE_CURVE('',#4191,#4191,#4217,.T.);
#4217 = SURFACE_CURVE('',#4218,(#4223,#4230),.PCURVE_S1.);
#4218 = CIRCLE('',#4219,3.175);
#4219 = AXIS2_PLACEMENT_3D('',#4220,#4221,#4222);
#4220 = CARTESIAN_POINT('',(-1.555301434917E-15,12.7,-25.40000081062));
#4221 = DIRECTION('',(1.224646799147E-16,-1.,2.540718180781E-33));
#4222 = DIRECTION('',(-1.,-1.224646799147E-16,8.904085109465E-50));
#4223 = PCURVE('',#3022,#4224);
#4224 = DEFINITIONAL_REPRESENTATION('',(#4225),#4229);
#4225 = LINE('',#4226,#4227);
#4226 = CARTESIAN_POINT('',(0.,0.));
#4227 = VECTOR('',#4228,1.);
#4228 = DIRECTION('',(1.,0.));
#4229 = ( GEOMETRIC_REPRESENTATION_CONTEXT(2) 
PARAMETRIC_REPRESENTATION_CONTEXT() REPRESENTATION_CONTEXT('2D SPACE',''
  ) );
#4230 = PCURVE('',#4231,#4236);
#4231 = PLANE('',#4232);
#4232 = AXIS2_PLACEMENT_3D('',#4233,#4234,#4235);
#4233 = CARTESIAN_POINT('',(-1.33226762955E-14,12.7,0.));
#4234 = DIRECTION('',(1.224646799147E-16,-1.,2.540718180781E-33));
#4235 = DIRECTION('',(-2.22044604925E-16,-2.465190328816E-32,1.));
#4236 = DEFINITIONAL_REPRESENTATION('',(#4237),#4241);
#4237 = CIRCLE('',#4238,3.175);
#4238 = AXIS2_PLACEMENT_2D('',#4239,#4240);
#4239 = CARTESIAN_POINT('',(-25.40000081062,-6.127441715494E-15));
#4240 = DIRECTION('',(2.22044604925E-16,1.));
#4241 = ( GEOMETRIC_REPRESENTATION_CONTEXT(2) 
PARAMETRIC_REPRESENTATION_CONTEXT() REPRESENTATION_CONTEXT('2D SPACE',''
  ) );
#4242 = ADVANCED_FACE('',(#4243),#2685,.F.);
#4243 = FACE_BOUND('',#4244,.F.);
#4244 = EDGE_LOOP('',(#4245,#4268,#4269,#4335,#4336,#4337,#4459,#4481,
    #4482));
#4245 = ORIENTED_EDGE('',*,*,#4246,.T.);
#4246 = EDGE_CURVE('',#4247,#2727,#4249,.T.);
#4247 = VERTEX_POINT('',#4248);
#4248 = CARTESIAN_POINT('',(3.175,6.35,190.5));
#4249 = SEAM_CURVE('',#4250,(#4254,#4261),.PCURVE_S1.);
#4250 = LINE('',#4251,#4252);
#4251 = CARTESIAN_POINT('',(3.175,6.35,190.5));
#4252 = VECTOR('',#4253,1.);
#4253 = DIRECTION('',(2.219101139469E-16,4.438202278938E-16,-1.));
#4254 = PCURVE('',#2685,#4255);
#4255 = DEFINITIONAL_REPRESENTATION('',(#4256),#4260);
#4256 = LINE('',#4257,#4258);
#4257 = CARTESIAN_POINT('',(9.424777960769,0.));
#4258 = VECTOR('',#4259,1.);
#4259 = DIRECTION('',(0.,1.));
#4260 = ( GEOMETRIC_REPRESENTATION_CONTEXT(2) 
PARAMETRIC_REPRESENTATION_CONTEXT() REPRESENTATION_CONTEXT('2D SPACE',''
  ) );
#4261 = PCURVE('',#2685,#4262);
#4262 = DEFINITIONAL_REPRESENTATION('',(#4263),#4267);
#4263 = LINE('',#4264,#4265);
#4264 = CARTESIAN_POINT('',(3.14159265359,0.));
#4265 = VECTOR('',#4266,1.);
#4266 = DIRECTION('',(0.,1.));
#4267 = ( GEOMETRIC_REPRESENTATION_CONTEXT(2) 
PARAMETRIC_REPRESENTATION_CONTEXT() REPRESENTATION_CONTEXT('2D SPACE',''
  ) );
#4268 = ORIENTED_EDGE('',*,*,#2726,.T.);
#4269 = ORIENTED_EDGE('',*,*,#4270,.F.);
#4270 = EDGE_CURVE('',#2670,#2698,#4271,.T.);
#4271 = SURFACE_CURVE('',#4272,(#4277,#4306),.PCURVE_S1.);
#4272 = ELLIPSE('',#4273,4.490128060535,3.175);
#4273 = AXIS2_PLACEMENT_3D('',#4274,#4275,#4276);
#4274 = CARTESIAN_POINT('',(-4.596422241992E-14,6.35,25.4));
#4275 = DIRECTION('',(0.,0.707106781187,-0.707106781187));
#4276 = DIRECTION('',(6.181466372771E-17,-0.707106781187,-0.707106781187
    ));
#4277 = PCURVE('',#2685,#4278);
#4278 = DEFINITIONAL_REPRESENTATION('',(#4279),#4305);
#4279 = B_SPLINE_CURVE_WITH_KNOTS('',3,(#4280,#4281,#4282,#4283,#4284,
    #4285,#4286,#4287,#4288,#4289,#4290,#4291,#4292,#4293,#4294,#4295,
    #4296,#4297,#4298,#4299,#4300,#4301,#4302,#4303,#4304),
  .UNSPECIFIED.,.F.,.F.,(4,1,1,1,1,1,1,1,1,1,1,1,1,1,1,1,1,1,1,1,1,1,4),
  (1.570796326795,1.713595992867,1.856395658939,1.999195325012,
    2.141994991084,2.284794657156,2.427594323228,2.570393989301,
    2.713193655373,2.855993321445,2.998792987518,3.14159265359,
    3.284392319662,3.427191985734,3.569991651807,3.712791317879,
    3.855590983951,3.998390650023,4.141190316096,4.283989982168,
    4.42678964824,4.569589314312,4.712388980385),.QUASI_UNIFORM_KNOTS.);
#4280 = CARTESIAN_POINT('',(6.28318530718,165.1));
#4281 = CARTESIAN_POINT('',(6.33078519587,164.94885163732));
#4282 = CARTESIAN_POINT('',(6.425984973252,164.64662095874));
#4283 = CARTESIAN_POINT('',(6.568784639324,164.2024515193));
#4284 = CARTESIAN_POINT('',(6.711584305396,163.77656775619));
#4285 = CARTESIAN_POINT('',(6.854383971469,163.37762145823));
#4286 = CARTESIAN_POINT('',(6.997183637541,163.01373883835));
#4287 = CARTESIAN_POINT('',(7.139983303613,162.69232620669));
#4288 = CARTESIAN_POINT('',(7.282782969685,162.4199269434));
#4289 = CARTESIAN_POINT('',(7.425582635758,162.20208621926));
#4290 = CARTESIAN_POINT('',(7.56838230183,162.04323866805));
#4291 = CARTESIAN_POINT('',(7.711181967902,161.94661796117));
#4292 = CARTESIAN_POINT('',(7.853981633974,161.91419101941));
#4293 = CARTESIAN_POINT('',(7.996781300047,161.94661796117));
#4294 = CARTESIAN_POINT('',(8.139580966119,162.04323866805));
#4295 = CARTESIAN_POINT('',(8.282380632191,162.20208621926));
#4296 = CARTESIAN_POINT('',(8.425180298264,162.4199269434));
#4297 = CARTESIAN_POINT('',(8.567979964336,162.69232620669));
#4298 = CARTESIAN_POINT('',(8.710779630408,163.01373883835));
#4299 = CARTESIAN_POINT('',(8.85357929648,163.37762145823));
#4300 = CARTESIAN_POINT('',(8.996378962553,163.77656775619));
#4301 = CARTESIAN_POINT('',(9.139178628625,164.2024515193));
#4302 = CARTESIAN_POINT('',(9.281978294697,164.64662095874));
#4303 = CARTESIAN_POINT('',(9.377178072079,164.94885163732));
#4304 = CARTESIAN_POINT('',(9.424777960769,165.1));
#4305 = ( GEOMETRIC_REPRESENTATION_CONTEXT(2) 
PARAMETRIC_REPRESENTATION_CONTEXT() REPRESENTATION_CONTEXT('2D SPACE',''
  ) );
#4306 = PCURVE('',#2714,#4307);
#4307 = DEFINITIONAL_REPRESENTATION('',(#4308),#4334);
#4308 = B_SPLINE_CURVE_WITH_KNOTS('',3,(#4309,#4310,#4311,#4312,#4313,
    #4314,#4315,#4316,#4317,#4318,#4319,#4320,#4321,#4322,#4323,#4324,
    #4325,#4326,#4327,#4328,#4329,#4330,#4331,#4332,#4333),
  .UNSPECIFIED.,.F.,.F.,(4,1,1,1,1,1,1,1,1,1,1,1,1,1,1,1,1,1,1,1,1,1,4),
  (1.570796326795,1.713595992867,1.856395658939,1.999195325012,
    2.141994991084,2.284794657156,2.427594323228,2.570393989301,
    2.713193655373,2.855993321445,2.998792987518,3.14159265359,
    3.284392319662,3.427191985734,3.569991651807,3.712791317879,
    3.855590983951,3.998390650023,4.141190316096,4.283989982168,
    4.42678964824,4.569589314312,4.712388980385),.QUASI_UNIFORM_KNOTS.);
#4309 = CARTESIAN_POINT('',(6.28318530718,6.35));
#4310 = CARTESIAN_POINT('',(6.235585418489,6.198851637326));
#4311 = CARTESIAN_POINT('',(6.140385641107,5.896620958742));
#4312 = CARTESIAN_POINT('',(5.997585975035,5.452451519309));
#4313 = CARTESIAN_POINT('',(5.854786308963,5.026567756193));
#4314 = CARTESIAN_POINT('',(5.711986642891,4.627621458231));
#4315 = CARTESIAN_POINT('',(5.569186976818,4.263738838353));
#4316 = CARTESIAN_POINT('',(5.426387310746,3.942326206699));
#4317 = CARTESIAN_POINT('',(5.283587644674,3.669926943401));
#4318 = CARTESIAN_POINT('',(5.140787978601,3.452086219261));
#4319 = CARTESIAN_POINT('',(4.997988312529,3.293238668052));
#4320 = CARTESIAN_POINT('',(4.855188646457,3.196617961176));
#4321 = CARTESIAN_POINT('',(4.712388980385,3.164191019412));
#4322 = CARTESIAN_POINT('',(4.569589314312,3.196617961176));
#4323 = CARTESIAN_POINT('',(4.42678964824,3.293238668052));
#4324 = CARTESIAN_POINT('',(4.283989982168,3.452086219261));
#4325 = CARTESIAN_POINT('',(4.141190316096,3.669926943401));
#4326 = CARTESIAN_POINT('',(3.998390650023,3.942326206699));
#4327 = CARTESIAN_POINT('',(3.855590983951,4.263738838353));
#4328 = CARTESIAN_POINT('',(3.712791317879,4.627621458231));
#4329 = CARTESIAN_POINT('',(3.569991651807,5.026567756193));
#4330 = CARTESIAN_POINT('',(3.427191985734,5.452451519309));
#4331 = CARTESIAN_POINT('',(3.284392319662,5.896620958742));
#4332 = CARTESIAN_POINT('',(3.189192542281,6.198851637326));
#4333 = CARTESIAN_POINT('',(3.14159265359,6.35));
#4334 = ( GEOMETRIC_REPRESENTATION_CONTEXT(2) 
PARAMETRIC_REPRESENTATION_CONTEXT() REPRESENTATION_CONTEXT('2D SPACE',''
  ) );
#4335 = ORIENTED_EDGE('',*,*,#2669,.T.);
#4336 = ORIENTED_EDGE('',*,*,#4142,.T.);
#4337 = ORIENTED_EDGE('',*,*,#4338,.T.);
#4338 = EDGE_CURVE('',#4143,#4339,#4341,.T.);
#4339 = VERTEX_POINT('',#4340);
#4340 = CARTESIAN_POINT('',(2.909935566297,5.08,38.099999427795));
#4341 = SURFACE_CURVE('',#4342,(#4357,#4408),.PCURVE_S1.);
#4342 = B_SPLINE_CURVE_WITH_KNOTS('',3,(#4343,#4344,#4345,#4346,#4347,
    #4348,#4349,#4350,#4351,#4352,#4353,#4354,#4355,#4356),
  .UNSPECIFIED.,.F.,.F.,(4,2,2,2,2,2,4),(-1.385981664144,-1.27410018718,
    -1.151916498844,-1.029732810507,-0.90754912217,-0.785365433834,
    -0.67348395687),.UNSPECIFIED.);
#4343 = CARTESIAN_POINT('',(-2.909935566297,5.08,38.099999427795));
#4344 = CARTESIAN_POINT('',(-2.752753804527,4.719851339411,
    38.099999427795));
#4345 = CARTESIAN_POINT('',(-2.525008257358,4.390025553791,38.1399161663
    ));
#4346 = CARTESIAN_POINT('',(-1.983571573732,3.838244843243,
    38.24538308926));
#4347 = CARTESIAN_POINT('',(-1.625912803903,3.589615406181,
    38.32037700558));
#4348 = CARTESIAN_POINT('',(-0.838048317952,3.257915406373,
    38.434771623054));
#4349 = CARTESIAN_POINT('',(-0.407278961122,3.175,38.47071338849));
#4350 = CARTESIAN_POINT('',(0.407278961122,3.175,38.47071338849));
#4351 = CARTESIAN_POINT('',(0.838048317952,3.257915406373,
    38.434771623054));
#4352 = CARTESIAN_POINT('',(1.625912803903,3.589615406181,38.32037700558
    ));
#4353 = CARTESIAN_POINT('',(1.983571573732,3.838244843243,38.24538308926
    ));
#4354 = CARTESIAN_POINT('',(2.525008257358,4.390025553791,38.1399161663)
  );
#4355 = CARTESIAN_POINT('',(2.752753804527,4.719851339411,
    38.099999427795));
#4356 = CARTESIAN_POINT('',(2.909935566297,5.08,38.099999427795));
#4357 = PCURVE('',#2685,#4358);
#4358 = DEFINITIONAL_REPRESENTATION('',(#4359),#4407);
#4359 = B_SPLINE_CURVE_WITH_KNOTS('',3,(#4360,#4361,#4362,#4363,#4364,
    #4365,#4366,#4367,#4368,#4369,#4370,#4371,#4372,#4373,#4374,#4375,
    #4376,#4377,#4378,#4379,#4380,#4381,#4382,#4383,#4384,#4385,#4386,
    #4387,#4388,#4389,#4390,#4391,#4392,#4393,#4394,#4395,#4396,#4397,
    #4398,#4399,#4400,#4401,#4402,#4403,#4404,#4405,#4406),
  .UNSPECIFIED.,.F.,.F.,(4,1,1,1,1,1,1,1,1,1,1,1,1,1,1,1,1,1,1,1,1,1,1,1
    ,1,1,1,1,1,1,1,1,1,1,1,1,1,1,1,1,1,1,1,1,4),(-1.385981664144,
    -1.369788534434,-1.353595404723,-1.337402275012,-1.321209145301,
    -1.30501601559,-1.28882288588,-1.272629756169,-1.256436626458,
    -1.240243496747,-1.224050367036,-1.207857237326,-1.191664107615,
    -1.175470977904,-1.159277848193,-1.143084718483,-1.126891588772,
    -1.110698459061,-1.09450532935,-1.078312199639,-1.062119069929,
    -1.045925940218,-1.029732810507,-1.013539680796,-0.997346551085,
    -0.981153421375,-0.964960291664,-0.948767161953,-0.932574032242,
    -0.916380902531,-0.900187772821,-0.88399464311,-0.867801513399,
    -0.851608383688,-0.835415253978,-0.819222124267,-0.803028994556,
    -0.786835864845,-0.770642735134,-0.754449605424,-0.738256475713,
    -0.722063346002,-0.705870216291,-0.68967708658,-0.67348395687),
  .QUASI_UNIFORM_KNOTS.);
#4360 = CARTESIAN_POINT('',(5.871668461112,152.4000005722));
#4361 = CARTESIAN_POINT('',(5.853757089108,152.4000005722));
#4362 = CARTESIAN_POINT('',(5.817921938685,152.39832824262));
#4363 = CARTESIAN_POINT('',(5.764265875441,152.39133768263));
#4364 = CARTESIAN_POINT('',(5.710836183005,152.38040114182));
#4365 = CARTESIAN_POINT('',(5.657777176069,152.36605063919));
#4366 = CARTESIAN_POINT('',(5.605276537172,152.34883329527));
#4367 = CARTESIAN_POINT('',(5.553395637222,152.32923989021));
#4368 = CARTESIAN_POINT('',(5.502683450822,152.30797146422));
#4369 = CARTESIAN_POINT('',(5.451811151705,152.28492500307));
#4370 = CARTESIAN_POINT('',(5.400075572939,152.26027830167));
#4371 = CARTESIAN_POINT('',(5.347810463296,152.23465199813));
#4372 = CARTESIAN_POINT('',(5.295074365623,152.20854810638));
#4373 = CARTESIAN_POINT('',(5.241996629907,152.18250029383));
#4374 = CARTESIAN_POINT('',(5.188678775827,152.15703423812));
#4375 = CARTESIAN_POINT('',(5.135215409216,152.13267592248));
#4376 = CARTESIAN_POINT('',(5.081681727536,152.10995809766));
#4377 = CARTESIAN_POINT('',(5.028125485815,152.08965920889));
#4378 = CARTESIAN_POINT('',(4.974638961135,152.07189941762));
#4379 = CARTESIAN_POINT('',(4.921328726837,152.05690661206));
#4380 = CARTESIAN_POINT('',(4.868307486717,152.04487981505));
#4381 = CARTESIAN_POINT('',(4.8157184243,152.03602578408));
#4382 = CARTESIAN_POINT('',(4.763616302849,152.03054920342));
#4383 = CARTESIAN_POINT('',(4.712388980385,152.02865531555));
#4384 = CARTESIAN_POINT('',(4.66116165792,152.03054920342));
#4385 = CARTESIAN_POINT('',(4.609059536469,152.03602578408));
#4386 = CARTESIAN_POINT('',(4.556470474052,152.04487981505));
#4387 = CARTESIAN_POINT('',(4.503449233932,152.05690661206));
#4388 = CARTESIAN_POINT('',(4.450138999634,152.07189941762));
#4389 = CARTESIAN_POINT('',(4.396652474954,152.08965920889));
#4390 = CARTESIAN_POINT('',(4.343096233234,152.10995809766));
#4391 = CARTESIAN_POINT('',(4.289562551554,152.13267592248));
#4392 = CARTESIAN_POINT('',(4.236099184942,152.15703423812));
#4393 = CARTESIAN_POINT('',(4.182781330863,152.18250029383));
#4394 = CARTESIAN_POINT('',(4.129703595146,152.20854810638));
#4395 = CARTESIAN_POINT('',(4.076967497474,152.23465199813));
#4396 = CARTESIAN_POINT('',(4.024702387831,152.26027830167));
#4397 = CARTESIAN_POINT('',(3.972966809065,152.28492500307));
#4398 = CARTESIAN_POINT('',(3.922094509948,152.30797146422));
#4399 = CARTESIAN_POINT('',(3.871382323548,152.32923989021));
#4400 = CARTESIAN_POINT('',(3.819501423597,152.34883329527));
#4401 = CARTESIAN_POINT('',(3.7670007847,152.36605063919));
#4402 = CARTESIAN_POINT('',(3.713941777764,152.38040114182));
#4403 = CARTESIAN_POINT('',(3.660512085329,152.39133768263));
#4404 = CARTESIAN_POINT('',(3.606856022084,152.39832824262));
#4405 = CARTESIAN_POINT('',(3.571020871661,152.4000005722));
#4406 = CARTESIAN_POINT('',(3.553109499657,152.4000005722));
#4407 = ( GEOMETRIC_REPRESENTATION_CONTEXT(2) 
PARAMETRIC_REPRESENTATION_CONTEXT() REPRESENTATION_CONTEXT('2D SPACE',''
  ) );
#4408 = PCURVE('',#3810,#4409);
#4409 = DEFINITIONAL_REPRESENTATION('',(#4410),#4458);
#4410 = B_SPLINE_CURVE_WITH_KNOTS('',3,(#4411,#4412,#4413,#4414,#4415,
    #4416,#4417,#4418,#4419,#4420,#4421,#4422,#4423,#4424,#4425,#4426,
    #4427,#4428,#4429,#4430,#4431,#4432,#4433,#4434,#4435,#4436,#4437,
    #4438,#4439,#4440,#4441,#4442,#4443,#4444,#4445,#4446,#4447,#4448,
    #4449,#4450,#4451,#4452,#4453,#4454,#4455,#4456,#4457),
  .UNSPECIFIED.,.F.,.F.,(4,1,1,1,1,1,1,1,1,1,1,1,1,1,1,1,1,1,1,1,1,1,1,1
    ,1,1,1,1,1,1,1,1,1,1,1,1,1,1,1,1,1,1,1,1,4),(-1.385981664144,
    -1.369788534434,-1.353595404723,-1.337402275012,-1.321209145301,
    -1.30501601559,-1.28882288588,-1.272629756169,-1.256436626458,
    -1.240243496747,-1.224050367036,-1.207857237326,-1.191664107615,
    -1.175470977904,-1.159277848193,-1.143084718483,-1.126891588772,
    -1.110698459061,-1.09450532935,-1.078312199639,-1.062119069929,
    -1.045925940218,-1.029732810507,-1.013539680796,-0.997346551085,
    -0.981153421375,-0.964960291664,-0.948767161953,-0.932574032242,
    -0.916380902531,-0.900187772821,-0.88399464311,-0.867801513399,
    -0.851608383688,-0.835415253978,-0.819222124267,-0.803028994556,
    -0.786835864845,-0.770642735134,-0.754449605424,-0.738256475713,
    -0.722063346002,-0.705870216291,-0.68967708658,-0.67348395687),
  .QUASI_UNIFORM_KNOTS.);
#4411 = CARTESIAN_POINT('',(0.785398163397,3.440064433703));
#4412 = CARTESIAN_POINT('',(0.775137755912,3.462814085617));
#4413 = CARTESIAN_POINT('',(0.754864683228,3.511269582174));
#4414 = CARTESIAN_POINT('',(0.725305596079,3.59210421291));
#4415 = CARTESIAN_POINT('',(0.696702937267,3.680367075293));
#4416 = CARTESIAN_POINT('',(0.669167473221,3.77535588195));
#4417 = CARTESIAN_POINT('',(0.642830633466,3.876290839945));
#4418 = CARTESIAN_POINT('',(0.617768492753,3.982681311712));
#4419 = CARTESIAN_POINT('',(0.594284318694,4.092957543774));
#4420 = CARTESIAN_POINT('',(0.571829157364,4.20967624858));
#4421 = CARTESIAN_POINT('',(0.550156618044,4.334090366407));
#4422 = CARTESIAN_POINT('',(0.529495679583,4.465177869596));
#4423 = CARTESIAN_POINT('',(0.509952643698,4.602526470929));
#4424 = CARTESIAN_POINT('',(0.491670182191,4.745559889359));
#4425 = CARTESIAN_POINT('',(0.47478526475,4.893748078712));
#4426 = CARTESIAN_POINT('',(0.459435211015,5.046540047156));
#4427 = CARTESIAN_POINT('',(0.445773195086,5.203422350616));
#4428 = CARTESIAN_POINT('',(0.433901007872,5.363756417191));
#4429 = CARTESIAN_POINT('',(0.423814589131,5.526663514824));
#4430 = CARTESIAN_POINT('',(0.415530899905,5.69130670603));
#4431 = CARTESIAN_POINT('',(0.409062002386,5.856856897436));
#4432 = CARTESIAN_POINT('',(0.404422204414,6.022411824655));
#4433 = CARTESIAN_POINT('',(0.401626131482,6.187354063237));
#4434 = CARTESIAN_POINT('',(0.400689017612,6.35));
#4435 = CARTESIAN_POINT('',(0.401626131482,6.512645936762));
#4436 = CARTESIAN_POINT('',(0.404422204414,6.677588175345));
#4437 = CARTESIAN_POINT('',(0.409062002386,6.843143102564));
#4438 = CARTESIAN_POINT('',(0.415530899905,7.00869329397));
#4439 = CARTESIAN_POINT('',(0.423814589131,7.173336485176));
#4440 = CARTESIAN_POINT('',(0.433901007872,7.336243582809));
#4441 = CARTESIAN_POINT('',(0.445773195086,7.496577649384));
#4442 = CARTESIAN_POINT('',(0.459435211015,7.653459952844));
#4443 = CARTESIAN_POINT('',(0.47478526475,7.806251921288));
#4444 = CARTESIAN_POINT('',(0.491670182191,7.954440110641));
#4445 = CARTESIAN_POINT('',(0.509952643698,8.097473529071));
#4446 = CARTESIAN_POINT('',(0.529495679583,8.234822130404));
#4447 = CARTESIAN_POINT('',(0.550156618044,8.365909633593));
#4448 = CARTESIAN_POINT('',(0.571829157364,8.49032375142));
#4449 = CARTESIAN_POINT('',(0.594284318694,8.607042456226));
#4450 = CARTESIAN_POINT('',(0.617768492753,8.717318688288));
#4451 = CARTESIAN_POINT('',(0.642830633466,8.823709160055));
#4452 = CARTESIAN_POINT('',(0.669167473221,8.92464411805));
#4453 = CARTESIAN_POINT('',(0.696702937267,9.019632924707));
#4454 = CARTESIAN_POINT('',(0.725305596079,9.10789578709));
#4455 = CARTESIAN_POINT('',(0.754864683228,9.188730417826));
#4456 = CARTESIAN_POINT('',(0.775137755912,9.237185914383));
#4457 = CARTESIAN_POINT('',(0.785398163397,9.259935566297));
#4458 = ( GEOMETRIC_REPRESENTATION_CONTEXT(2) 
PARAMETRIC_REPRESENTATION_CONTEXT() REPRESENTATION_CONTEXT('2D SPACE',''
  ) );
#4459 = ORIENTED_EDGE('',*,*,#4460,.T.);
#4460 = EDGE_CURVE('',#4339,#2727,#4461,.T.);
#4461 = SURFACE_CURVE('',#4462,(#4467,#4474),.PCURVE_S1.);
#4462 = CIRCLE('',#4463,3.175);
#4463 = AXIS2_PLACEMENT_3D('',#4464,#4465,#4466);
#4464 = CARTESIAN_POINT('',(-4.844842463224E-14,6.35,38.099999427795));
#4465 = DIRECTION('',(-2.22044604925E-16,-2.465190328816E-32,1.));
#4466 = DIRECTION('',(-1.,4.65414261379E-30,-2.22044604925E-16));
#4467 = PCURVE('',#2685,#4468);
#4468 = DEFINITIONAL_REPRESENTATION('',(#4469),#4473);
#4469 = LINE('',#4470,#4471);
#4470 = CARTESIAN_POINT('',(6.28318530718,152.4000005722));
#4471 = VECTOR('',#4472,1.);
#4472 = DIRECTION('',(-1.,0.));
#4473 = ( GEOMETRIC_REPRESENTATION_CONTEXT(2) 
PARAMETRIC_REPRESENTATION_CONTEXT() REPRESENTATION_CONTEXT('2D SPACE',''
  ) );
#4474 = PCURVE('',#2765,#4475);
#4475 = DEFINITIONAL_REPRESENTATION('',(#4476),#4480);
#4476 = CIRCLE('',#4477,3.175);
#4477 = AXIS2_PLACEMENT_2D('',#4478,#4479);
#4478 = CARTESIAN_POINT('',(12.7,6.35));
#4479 = DIRECTION('',(-1.,1.224646799147E-16));
#4480 = ( GEOMETRIC_REPRESENTATION_CONTEXT(2) 
PARAMETRIC_REPRESENTATION_CONTEXT() REPRESENTATION_CONTEXT('2D SPACE',''
  ) );
#4481 = ORIENTED_EDGE('',*,*,#4246,.F.);
#4482 = ORIENTED_EDGE('',*,*,#4483,.T.);
#4483 = EDGE_CURVE('',#4247,#4247,#4484,.T.);
#4484 = SURFACE_CURVE('',#4485,(#4490,#4497),.PCURVE_S1.);
#4485 = CIRCLE('',#4486,3.175);
#4486 = AXIS2_PLACEMENT_3D('',#4487,#4488,#4489);
#4487 = CARTESIAN_POINT('',(-8.226752612472E-14,6.35,190.5));
#4488 = DIRECTION('',(2.22044604925E-16,2.465190328816E-32,-1.));
#4489 = DIRECTION('',(-1.,4.65414261379E-30,-2.22044604925E-16));
#4490 = PCURVE('',#2685,#4491);
#4491 = DEFINITIONAL_REPRESENTATION('',(#4492),#4496);
#4492 = LINE('',#4493,#4494);
#4493 = CARTESIAN_POINT('',(0.,0.));
#4494 = VECTOR('',#4495,1.);
#4495 = DIRECTION('',(1.,0.));
#4496 = ( GEOMETRIC_REPRESENTATION_CONTEXT(2) 
PARAMETRIC_REPRESENTATION_CONTEXT() REPRESENTATION_CONTEXT('2D SPACE',''
  ) );
#4497 = PCURVE('',#4498,#4503);
#4498 = PLANE('',#4499);
#4499 = AXIS2_PLACEMENT_3D('',#4500,#4501,#4502);
#4500 = CARTESIAN_POINT('',(12.7,12.7,190.5));
#4501 = DIRECTION('',(-2.22044604925E-16,-2.465190328816E-32,1.));
#4502 = DIRECTION('',(-1.,-1.224646799147E-16,-2.22044604925E-16));
#4503 = DEFINITIONAL_REPRESENTATION('',(#4504),#4512);
#4504 = ( BOUNDED_CURVE() B_SPLINE_CURVE(2,(#4505,#4506,#4507,#4508,
#4509,#4510,#4511),.UNSPECIFIED.,.T.,.F.) B_SPLINE_CURVE_WITH_KNOTS((1,2
    ,2,2,2,1),(-2.094395102393,0.,2.094395102393,4.188790204786,
6.28318530718,8.377580409573),.UNSPECIFIED.) CURVE() 
GEOMETRIC_REPRESENTATION_ITEM() RATIONAL_B_SPLINE_CURVE((1.,0.5,1.,0.5,
1.,0.5,1.)) REPRESENTATION_ITEM('') );
#4505 = CARTESIAN_POINT('',(15.875,6.35));
#4506 = CARTESIAN_POINT('',(15.875,0.850738685969));
#4507 = CARTESIAN_POINT('',(11.1125,3.600369342984));
#4508 = CARTESIAN_POINT('',(6.35,6.35));
#4509 = CARTESIAN_POINT('',(11.1125,9.099630657016));
#4510 = CARTESIAN_POINT('',(15.875,11.849261314031));
#4511 = CARTESIAN_POINT('',(15.875,6.35));
#4512 = ( GEOMETRIC_REPRESENTATION_CONTEXT(2) 
PARAMETRIC_REPRESENTATION_CONTEXT() REPRESENTATION_CONTEXT('2D SPACE',''
  ) );
#4513 = ADVANCED_FACE('',(#4514),#2714,.F.);
#4514 = FACE_BOUND('',#4515,.F.);
#4515 = EDGE_LOOP('',(#4516,#4539,#4540,#4541,#4542));
#4516 = ORIENTED_EDGE('',*,*,#4517,.T.);
#4517 = EDGE_CURVE('',#4518,#2698,#4520,.T.);
#4518 = VERTEX_POINT('',#4519);
#4519 = CARTESIAN_POINT('',(3.175,12.7,25.4));
#4520 = SEAM_CURVE('',#4521,(#4525,#4532),.PCURVE_S1.);
#4521 = LINE('',#4522,#4523);
#4522 = CARTESIAN_POINT('',(3.175,12.7,25.4));
#4523 = VECTOR('',#4524,1.);
#4524 = DIRECTION('',(8.741913579726E-17,-1.,0.));
#4525 = PCURVE('',#2714,#4526);
#4526 = DEFINITIONAL_REPRESENTATION('',(#4527),#4531);
#4527 = LINE('',#4528,#4529);
#4528 = CARTESIAN_POINT('',(9.424777960769,0.));
#4529 = VECTOR('',#4530,1.);
#4530 = DIRECTION('',(0.,1.));
#4531 = ( GEOMETRIC_REPRESENTATION_CONTEXT(2) 
PARAMETRIC_REPRESENTATION_CONTEXT() REPRESENTATION_CONTEXT('2D SPACE',''
  ) );
#4532 = PCURVE('',#2714,#4533);
#4533 = DEFINITIONAL_REPRESENTATION('',(#4534),#4538);
#4534 = LINE('',#4535,#4536);
#4535 = CARTESIAN_POINT('',(3.14159265359,0.));
#4536 = VECTOR('',#4537,1.);
#4537 = DIRECTION('',(0.,1.));
#4538 = ( GEOMETRIC_REPRESENTATION_CONTEXT(2) 
PARAMETRIC_REPRESENTATION_CONTEXT() REPRESENTATION_CONTEXT('2D SPACE',''
  ) );
#4539 = ORIENTED_EDGE('',*,*,#2697,.T.);
#4540 = ORIENTED_EDGE('',*,*,#4270,.T.);
#4541 = ORIENTED_EDGE('',*,*,#4517,.F.);
#4542 = ORIENTED_EDGE('',*,*,#4543,.T.);
#4543 = EDGE_CURVE('',#4518,#4518,#4544,.T.);
#4544 = SURFACE_CURVE('',#4545,(#4550,#4557),.PCURVE_S1.);
#4545 = CIRCLE('',#4546,3.175);
#4546 = AXIS2_PLACEMENT_3D('',#4547,#4548,#4549);
#4547 = CARTESIAN_POINT('',(-4.651933393224E-14,12.7,25.4));
#4548 = DIRECTION('',(1.224646799147E-16,-1.,2.540718180781E-33));
#4549 = DIRECTION('',(-1.,-1.224646799147E-16,8.904085109465E-50));
#4550 = PCURVE('',#2714,#4551);
#4551 = DEFINITIONAL_REPRESENTATION('',(#4552),#4556);
#4552 = LINE('',#4553,#4554);
#4553 = CARTESIAN_POINT('',(0.,0.));
#4554 = VECTOR('',#4555,1.);
#4555 = DIRECTION('',(1.,0.));
#4556 = ( GEOMETRIC_REPRESENTATION_CONTEXT(2) 
PARAMETRIC_REPRESENTATION_CONTEXT() REPRESENTATION_CONTEXT('2D SPACE',''
  ) );
#4557 = PCURVE('',#4558,#4563);
#4558 = PLANE('',#4559);
#4559 = AXIS2_PLACEMENT_3D('',#4560,#4561,#4562);
#4560 = CARTESIAN_POINT('',(-1.33226762955E-14,12.7,0.));
#4561 = DIRECTION('',(1.224646799147E-16,-1.,2.540718180781E-33));
#4562 = DIRECTION('',(-2.22044604925E-16,-2.465190328816E-32,1.));
#4563 = DEFINITIONAL_REPRESENTATION('',(#4564),#4568);
#4564 = CIRCLE('',#4565,3.175);
#4565 = AXIS2_PLACEMENT_2D('',#4566,#4567);
#4566 = CARTESIAN_POINT('',(25.4,2.755672467164E-14));
#4567 = DIRECTION('',(2.22044604925E-16,1.));
#4568 = ( GEOMETRIC_REPRESENTATION_CONTEXT(2) 
PARAMETRIC_REPRESENTATION_CONTEXT() REPRESENTATION_CONTEXT('2D SPACE',''
  ) );
#4569 = ADVANCED_FACE('',(#4570),#2965,.F.);
#4570 = FACE_BOUND('',#4571,.T.);
#4571 = EDGE_LOOP('',(#4572,#4573,#4596,#4640));
#4572 = ORIENTED_EDGE('',*,*,#3892,.T.);
#4573 = ORIENTED_EDGE('',*,*,#4574,.F.);
#4574 = EDGE_CURVE('',#4575,#3893,#4577,.T.);
#4575 = VERTEX_POINT('',#4576);
#4576 = CARTESIAN_POINT('',(6.35,5.08,-38.09999942779));
#4577 = SURFACE_CURVE('',#4578,(#4582,#4589),.PCURVE_S1.);
#4578 = LINE('',#4579,#4580);
#4579 = CARTESIAN_POINT('',(6.35,5.08,-38.09999942779));
#4580 = VECTOR('',#4581,1.);
#4581 = DIRECTION('',(-1.,-1.224646799147E-16,-2.22044604925E-16));
#4582 = PCURVE('',#2965,#4583);
#4583 = DEFINITIONAL_REPRESENTATION('',(#4584),#4588);
#4584 = LINE('',#4585,#4586);
#4585 = CARTESIAN_POINT('',(6.35,5.08));
#4586 = VECTOR('',#4587,1.);
#4587 = DIRECTION('',(1.,5.641527646774E-49));
#4588 = ( GEOMETRIC_REPRESENTATION_CONTEXT(2) 
PARAMETRIC_REPRESENTATION_CONTEXT() REPRESENTATION_CONTEXT('2D SPACE',''
  ) );
#4589 = PCURVE('',#3203,#4590);
#4590 = DEFINITIONAL_REPRESENTATION('',(#4591),#4595);
#4591 = LINE('',#4592,#4593);
#4592 = CARTESIAN_POINT('',(0.785398163397,-8.881784197001E-16));
#4593 = VECTOR('',#4594,1.);
#4594 = DIRECTION('',(0.,1.));
#4595 = ( GEOMETRIC_REPRESENTATION_CONTEXT(2) 
PARAMETRIC_REPRESENTATION_CONTEXT() REPRESENTATION_CONTEXT('2D SPACE',''
  ) );
#4596 = ORIENTED_EDGE('',*,*,#4597,.F.);
#4597 = EDGE_CURVE('',#2878,#4575,#4598,.T.);
#4598 = SURFACE_CURVE('',#4599,(#4604,#4611),.PCURVE_S1.);
#4599 = CIRCLE('',#4600,1.27);
#4600 = AXIS2_PLACEMENT_3D('',#4601,#4602,#4603);
#4601 = CARTESIAN_POINT('',(6.35,6.35,-38.09999942779));
#4602 = DIRECTION('',(2.22044604925E-16,3.697785493223E-32,-1.));
#4603 = DIRECTION('',(0.707106781187,-0.707106781187,1.570092458684E-16)
  );
#4604 = PCURVE('',#2965,#4605);
#4605 = DEFINITIONAL_REPRESENTATION('',(#4606),#4610);
#4606 = CIRCLE('',#4607,1.27);
#4607 = AXIS2_PLACEMENT_2D('',#4608,#4609);
#4608 = CARTESIAN_POINT('',(6.35,6.35));
#4609 = DIRECTION('',(-0.707106781187,-0.707106781187));
#4610 = ( GEOMETRIC_REPRESENTATION_CONTEXT(2) 
PARAMETRIC_REPRESENTATION_CONTEXT() REPRESENTATION_CONTEXT('2D SPACE',''
  ) );
#4611 = PCURVE('',#2894,#4612);
#4612 = DEFINITIONAL_REPRESENTATION('',(#4613),#4639);
#4613 = B_SPLINE_CURVE_WITH_KNOTS('',3,(#4614,#4615,#4616,#4617,#4618,
    #4619,#4620,#4621,#4622,#4623,#4624,#4625,#4626,#4627,#4628,#4629,
    #4630,#4631,#4632,#4633,#4634,#4635,#4636,#4637,#4638),
  .UNSPECIFIED.,.F.,.F.,(4,1,1,1,1,1,1,1,1,1,1,1,1,1,1,1,1,1,1,1,1,1,4),
  (5.497787143782,5.569186976818,5.640586809854,5.711986642891,
    5.783386475927,5.854786308963,5.926186141999,5.997585975035,
    6.068985808071,6.140385641107,6.211785474143,6.28318530718,
    6.354585140216,6.425984973252,6.497384806288,6.568784639324,
    6.64018447236,6.711584305396,6.782984138433,6.854383971469,
    6.925783804505,6.997183637541,7.068583470577),
  .QUASI_UNIFORM_KNOTS.);
#4614 = CARTESIAN_POINT('',(-1.570796326795,-3.14159265359));
#4615 = CARTESIAN_POINT('',(-1.570796326795,-3.115159605061));
#4616 = CARTESIAN_POINT('',(-1.570796326795,-3.06306744096));
#4617 = CARTESIAN_POINT('',(-1.570796326795,-2.986986199036));
#4618 = CARTESIAN_POINT('',(-1.570796326795,-2.912688495408));
#4619 = CARTESIAN_POINT('',(-1.570796326795,-2.839931213655));
#4620 = CARTESIAN_POINT('',(-1.570796326795,-2.76848654735));
#4621 = CARTESIAN_POINT('',(-1.570796326795,-2.698142049645));
#4622 = CARTESIAN_POINT('',(-1.570796326795,-2.628697122557));
#4623 = CARTESIAN_POINT('',(-1.570796326795,-2.559960843422));
#4624 = CARTESIAN_POINT('',(-1.570796326795,-2.491749732825));
#4625 = CARTESIAN_POINT('',(-1.570796326795,-2.423885766815));
#4626 = CARTESIAN_POINT('',(-1.570796326795,-2.356194490192));
#4627 = CARTESIAN_POINT('',(-1.570796326795,-2.28850321357));
#4628 = CARTESIAN_POINT('',(-1.570796326795,-2.22063924756));
#4629 = CARTESIAN_POINT('',(-1.570796326795,-2.152428136963));
#4630 = CARTESIAN_POINT('',(-1.570796326795,-2.083691857828));
#4631 = CARTESIAN_POINT('',(-1.570796326795,-2.01424693074));
#4632 = CARTESIAN_POINT('',(-1.570796326795,-1.943902433035));
#4633 = CARTESIAN_POINT('',(-1.570796326795,-1.87245776673));
#4634 = CARTESIAN_POINT('',(-1.570796326795,-1.799700484977));
#4635 = CARTESIAN_POINT('',(-1.570796326795,-1.725402781349));
#4636 = CARTESIAN_POINT('',(-1.570796326795,-1.649321539425));
#4637 = CARTESIAN_POINT('',(-1.570796326795,-1.597229375324));
#4638 = CARTESIAN_POINT('',(-1.570796326795,-1.570796326795));
#4639 = ( GEOMETRIC_REPRESENTATION_CONTEXT(2) 
PARAMETRIC_REPRESENTATION_CONTEXT() REPRESENTATION_CONTEXT('2D SPACE',''
  ) );
#4640 = ORIENTED_EDGE('',*,*,#2949,.T.);
#4641 = ADVANCED_FACE('',(#4642),#2894,.F.);
#4642 = FACE_BOUND('',#4643,.F.);
#4643 = EDGE_LOOP('',(#4644,#4645,#4791,#4825,#4871,#4915));
#4644 = ORIENTED_EDGE('',*,*,#2877,.T.);
#4645 = ORIENTED_EDGE('',*,*,#4646,.T.);
#4646 = EDGE_CURVE('',#2850,#4647,#4649,.T.);
#4647 = VERTEX_POINT('',#4648);
#4648 = CARTESIAN_POINT('',(12.698141312262,6.503629032258,
    -43.0425919582));
#4649 = SURFACE_CURVE('',#4650,(#4695,#4743),.PCURVE_S1.);
#4650 = B_SPLINE_CURVE_WITH_KNOTS('',8,(#4651,#4652,#4653,#4654,#4655,
    #4656,#4657,#4658,#4659,#4660,#4661,#4662,#4663,#4664,#4665,#4666,
    #4667,#4668,#4669,#4670,#4671,#4672,#4673,#4674,#4675,#4676,#4677,
    #4678,#4679,#4680,#4681,#4682,#4683,#4684,#4685,#4686,#4687,#4688,
    #4689,#4690,#4691,#4692,#4693,#4694),.UNSPECIFIED.,.F.,.F.,(9,7,7,7,
    7,7,9),(0.,0.600441534802,0.663556918239,0.811473011667,
    0.878989559606,0.937883655507,1.),.UNSPECIFIED.);
#4651 = CARTESIAN_POINT('',(12.548185218272,6.35,-41.94736385536));
#4652 = CARTESIAN_POINT('',(12.567465247963,6.35,-42.02444710645));
#4653 = CARTESIAN_POINT('',(12.586126672504,6.352832256582,
    -42.10491039181));
#4654 = CARTESIAN_POINT('',(12.603783412133,6.358177917588,
    -42.18802025052));
#4655 = CARTESIAN_POINT('',(12.62016029067,6.365717941909,
    -42.27319204043));
#4656 = CARTESIAN_POINT('',(12.635061400256,6.375139124809,
    -42.35998461284));
#4657 = CARTESIAN_POINT('',(12.64834988401,6.386170471743,
    -42.44797116657));
#4658 = CARTESIAN_POINT('',(12.659929643478,6.398546612012,
    -42.53688936699));
#4659 = CARTESIAN_POINT('',(12.670758914914,6.413520069921,
    -42.63564322491));
#4660 = CARTESIAN_POINT('',(12.671769240068,6.414957198981,
    -42.64504081784));
#4661 = CARTESIAN_POINT('',(12.672759759509,6.416407018104,
    -42.6544422498));
#4662 = CARTESIAN_POINT('',(12.673730390346,6.417869331406,
    -42.6638468571));
#4663 = CARTESIAN_POINT('',(12.67468105247,6.419343959331,
    -42.67325391938));
#4664 = CARTESIAN_POINT('',(12.675611668546,6.420830738648,
    -42.68266265955));
#4665 = CARTESIAN_POINT('',(12.67652216402,6.422329522454,
    -42.69207224386));
#4666 = CARTESIAN_POINT('',(12.679498965661,6.427380530811,
    -42.72353380825));
#4667 = CARTESIAN_POINT('',(12.681474487021,6.43098605206,
    -42.74558453997));
#4668 = CARTESIAN_POINT('',(12.683338202871,6.434655023781,
    -42.76762399485));
#4669 = CARTESIAN_POINT('',(12.685089257397,6.438386953558,
    -42.78963654477));
#4670 = CARTESIAN_POINT('',(12.686726822289,6.442181866276,
    -42.8116038669));
#4671 = CARTESIAN_POINT('',(12.688250093249,6.446040987145,
    -42.83350204522));
#4672 = CARTESIAN_POINT('',(12.689658228012,6.449968818184,
    -42.85529282236));
#4673 = CARTESIAN_POINT('',(12.691539960488,6.455805970563,
    -42.88677574263));
#4674 = CARTESIAN_POINT('',(12.692105456028,6.457651891135,
    -42.89660531566));
#4675 = CARTESIAN_POINT('',(12.692646649436,6.459515521953,
    -42.9063917551));
#4676 = CARTESIAN_POINT('',(12.693163424597,6.461398355844,
    -42.91612668072));
#4677 = CARTESIAN_POINT('',(12.693655627757,6.463302199308,
    -42.92579942586));
#4678 = CARTESIAN_POINT('',(12.694123065955,6.465229400225,
    -42.93539600109));
#4679 = CARTESIAN_POINT('',(12.694565488475,6.467183330345,
    -42.94489689347));
#4680 = CARTESIAN_POINT('',(12.695346351631,6.47090131174,
    -42.96245300881));
#4681 = CARTESIAN_POINT('',(12.695690560407,6.472656417149,
    -42.97053112823));
#4682 = CARTESIAN_POINT('',(12.696015309045,6.474438977745,
    -42.97849672248));
#4683 = CARTESIAN_POINT('',(12.696320290843,6.476254073436,
    -42.98632480737));
#4684 = CARTESIAN_POINT('',(12.696604941314,6.478106974404,
    -42.99397908198));
#4685 = CARTESIAN_POINT('',(12.696868459762,6.480004007223,
    -43.00140718217));
#4686 = CARTESIAN_POINT('',(12.697109672117,6.48195463772,
    -43.00852885717));
#4687 = CARTESIAN_POINT('',(12.697555674026,6.486105430164,
    -43.02227121063));
#4688 = CARTESIAN_POINT('',(12.697760686372,6.488341008047,
    -43.02893317804));
#4689 = CARTESIAN_POINT('',(12.697936823232,6.49068908153,
    -43.03498690551));
#4690 = CARTESIAN_POINT('',(12.698076605991,6.493147486499,
    -43.04006405828));
#4691 = CARTESIAN_POINT('',(12.698172667113,6.49570316875,
    -43.04376461075));
#4692 = CARTESIAN_POINT('',(12.698217256106,6.498341905374,
    -43.04544386975));
#4693 = CARTESIAN_POINT('',(12.69820451914,6.501017246,-43.04492788259)
  );
#4694 = CARTESIAN_POINT('',(12.698141312262,6.503629032258,
    -43.0425919582));
#4695 = PCURVE('',#2894,#4696);
#4696 = DEFINITIONAL_REPRESENTATION('',(#4697),#4742);
#4697 = B_SPLINE_CURVE_WITH_KNOTS('',8,(#4698,#4699,#4700,#4701,#4702,
    #4703,#4704,#4705,#4706,#4707,#4708,#4709,#4710,#4711,#4712,#4713,
    #4714,#4715,#4716,#4717,#4718,#4719,#4720,#4721,#4722,#4723,#4724,
    #4725,#4726,#4727,#4728,#4729,#4730,#4731,#4732,#4733,#4734,#4735,
    #4736,#4737,#4738,#4739,#4740,#4741),.UNSPECIFIED.,.F.,.F.,(9,7,7,7,
    7,7,9),(0.,0.600441534802,0.663556918239,0.811473011667,
    0.878989559606,0.937883655507,1.),.UNSPECIFIED.);
#4698 = CARTESIAN_POINT('',(-0.260318505567,-3.14159265359));
#4699 = CARTESIAN_POINT('',(-0.244352441623,-3.14159265359));
#4700 = CARTESIAN_POINT('',(-0.227678634354,-3.142100196222));
#4701 = CARTESIAN_POINT('',(-0.210438300309,-3.143051831552));
#4702 = CARTESIAN_POINT('',(-0.19273904773,-3.144385691323));
#4703 = CARTESIAN_POINT('',(-0.174656644279,-3.146043549287));
#4704 = CARTESIAN_POINT('',(-0.156264060865,-3.147976631773));
#4705 = CARTESIAN_POINT('',(-0.137598797006,-3.15013870488));
#4706 = CARTESIAN_POINT('',(-0.116766439436,-3.152749300197));
#4707 = CARTESIAN_POINT('',(-0.114782976187,-3.152999813365));
#4708 = CARTESIAN_POINT('',(-0.112797665442,-3.153252492698));
#4709 = CARTESIAN_POINT('',(-0.110810629014,-3.153507305534));
#4710 = CARTESIAN_POINT('',(-0.108822001108,-3.153764222187));
#4711 = CARTESIAN_POINT('',(-0.106831928324,-3.154023215942));
#4712 = CARTESIAN_POINT('',(-0.104840569655,-3.154284263064));
#4713 = CARTESIAN_POINT('',(-9.817857170386E-02,-3.155163891762));
#4714 = CARTESIAN_POINT('',(-9.350314782292E-02,-3.155791596655));
#4715 = CARTESIAN_POINT('',(-8.882371449726E-02,-3.15643018314));
#4716 = CARTESIAN_POINT('',(-8.414338825449E-02,-3.157079594668));
#4717 = CARTESIAN_POINT('',(-7.946587174577E-02,-3.157739868043));
#4718 = CARTESIAN_POINT('',(-7.47960872399E-02,-3.158411252336));
#4719 = CARTESIAN_POINT('',(-7.014208436317E-02,-3.159094571121));
#4720 = CARTESIAN_POINT('',(-6.340765242413E-02,-3.160110092144));
#4721 = CARTESIAN_POINT('',(-6.130353207605E-02,-3.160431242644));
#4722 = CARTESIAN_POINT('',(-5.920713617087E-02,-3.160755484425));
#4723 = CARTESIAN_POINT('',(-5.71202633614E-02,-3.161083082019));
#4724 = CARTESIAN_POINT('',(-5.504520892315E-02,-3.161414354871));
#4725 = CARTESIAN_POINT('',(-5.298499106812E-02,-3.161749717114));
#4726 = CARTESIAN_POINT('',(-5.094383047219E-02,-3.162089761834));
#4727 = CARTESIAN_POINT('',(-4.71693896333E-02,-3.162736878183));
#4728 = CARTESIAN_POINT('',(-4.54315373562E-02,-3.163042383811));
#4729 = CARTESIAN_POINT('',(-4.371679837314E-02,-3.163352701472));
#4730 = CARTESIAN_POINT('',(-4.2030592813E-02,-3.163668721351));
#4731 = CARTESIAN_POINT('',(-4.038079333408E-02,-3.163991367553));
#4732 = CARTESIAN_POINT('',(-3.877876394957E-02,-3.164321749399));
#4733 = CARTESIAN_POINT('',(-3.724193308991E-02,-3.164661525566));
#4734 = CARTESIAN_POINT('',(-3.42748619715E-02,-3.165384692952));
#4735 = CARTESIAN_POINT('',(-3.283561973423E-02,-3.165774262476));
#4736 = CARTESIAN_POINT('',(-3.152697773101E-02,-3.166183529835));
#4737 = CARTESIAN_POINT('',(-3.04288097678E-02,-3.166612144554));
#4738 = CARTESIAN_POINT('',(-2.962792223018E-02,-3.167057859754));
#4739 = CARTESIAN_POINT('',(-2.926457241914E-02,-3.167518229597));
#4740 = CARTESIAN_POINT('',(-2.937629671735E-02,-3.167985185349));
#4741 = CARTESIAN_POINT('',(-2.988163851214E-02,-3.168441235319));
#4742 = ( GEOMETRIC_REPRESENTATION_CONTEXT(2) 
PARAMETRIC_REPRESENTATION_CONTEXT() REPRESENTATION_CONTEXT('2D SPACE',''
  ) );
#4743 = PCURVE('',#2865,#4744);
#4744 = DEFINITIONAL_REPRESENTATION('',(#4745),#4790);
#4745 = B_SPLINE_CURVE_WITH_KNOTS('',8,(#4746,#4747,#4748,#4749,#4750,
    #4751,#4752,#4753,#4754,#4755,#4756,#4757,#4758,#4759,#4760,#4761,
    #4762,#4763,#4764,#4765,#4766,#4767,#4768,#4769,#4770,#4771,#4772,
    #4773,#4774,#4775,#4776,#4777,#4778,#4779,#4780,#4781,#4782,#4783,
    #4784,#4785,#4786,#4787,#4788,#4789),.UNSPECIFIED.,.F.,.F.,(9,7,7,7,
    7,7,9),(0.,0.600441534802,0.663556918239,0.811473011667,
    0.878989559606,0.937883655507,1.),.UNSPECIFIED.);
#4746 = CARTESIAN_POINT('',(0.,1.232635572426));
#4747 = CARTESIAN_POINT('',(0.128533531274,1.155552321337));
#4748 = CARTESIAN_POINT('',(0.252943784307,1.075089035984));
#4749 = CARTESIAN_POINT('',(0.373886995933,0.99197917727));
#4750 = CARTESIAN_POINT('',(0.491912742783,0.906807387357));
#4751 = CARTESIAN_POINT('',(0.607460547924,0.820014814956));
#4752 = CARTESIAN_POINT('',(0.721076432414,0.732028261218));
#4753 = CARTESIAN_POINT('',(0.833172269428,0.643110060802));
#4754 = CARTESIAN_POINT('',(0.956366346052,0.544356202884));
#4755 = CARTESIAN_POINT('',(0.968076825836,0.534958609955));
#4756 = CARTESIAN_POINT('',(0.979780926123,0.525557177993));
#4757 = CARTESIAN_POINT('',(0.99147970317,0.516152570686));
#4758 = CARTESIAN_POINT('',(1.00317430749,0.506745508413));
#4759 = CARTESIAN_POINT('',(1.014865983847,0.497336768242));
#4760 = CARTESIAN_POINT('',(1.02655607126,0.487927183932));
#4761 = CARTESIAN_POINT('',(1.065642319728,0.456465619537));
#4762 = CARTESIAN_POINT('',(1.093037354786,0.434414887819));
#4763 = CARTESIAN_POINT('',(1.120449499147,0.412375432936));
#4764 = CARTESIAN_POINT('',(1.147904725159,0.390362883019));
#4765 = CARTESIAN_POINT('',(1.175432010787,0.368395560895));
#4766 = CARTESIAN_POINT('',(1.203067996379,0.346497382568));
#4767 = CARTESIAN_POINT('',(1.230870873954,0.324706605434));
#4768 = CARTESIAN_POINT('',(1.271757310178,0.293223685165));
#4769 = CARTESIAN_POINT('',(1.284626597645,0.283394112129));
#4770 = CARTESIAN_POINT('',(1.2975617428,0.273607672692));
#4771 = CARTESIAN_POINT('',(1.310575326748,0.263872747069));
#4772 = CARTESIAN_POINT('',(1.323681986485,0.254200001934));
#4773 = CARTESIAN_POINT('',(1.336899950593,0.244603426702));
#4774 = CARTESIAN_POINT('',(1.350254264447,0.235102534325));
#4775 = CARTESIAN_POINT('',(1.375581573314,0.217546418977));
#4776 = CARTESIAN_POINT('',(1.387504124213,0.209468299559));
#4777 = CARTESIAN_POINT('',(1.39958158831,0.201502705309));
#4778 = CARTESIAN_POINT('',(1.411849509834,0.193674620417));
#4779 = CARTESIAN_POINT('',(1.424344576019,0.186020345809));
#4780 = CARTESIAN_POINT('',(1.437110521717,0.17859224562));
#4781 = CARTESIAN_POINT('',(1.450212109201,0.171470570621));
#4782 = CARTESIAN_POINT('',(1.478043343148,0.157728217164));
#4783 = CARTESIAN_POINT('',(1.493007918883,0.151066249754));
#4784 = CARTESIAN_POINT('',(1.508702021428,0.145012522283));
#4785 = CARTESIAN_POINT('',(1.525112295404,0.13993536951));
#4786 = CARTESIAN_POINT('',(1.542155509214,0.136234817041));
#4787 = CARTESIAN_POINT('',(1.559742791514,0.134555558044));
#4788 = CARTESIAN_POINT('',(1.577575229533,0.135071545198));
#4789 = CARTESIAN_POINT('',(1.594992235997,0.13740746959));
#4790 = ( GEOMETRIC_REPRESENTATION_CONTEXT(2) 
PARAMETRIC_REPRESENTATION_CONTEXT() REPRESENTATION_CONTEXT('2D SPACE',''
  ) );
#4791 = ORIENTED_EDGE('',*,*,#4792,.F.);
#4792 = EDGE_CURVE('',#4793,#4647,#4795,.T.);
#4793 = VERTEX_POINT('',#4794);
#4794 = CARTESIAN_POINT('',(12.7,6.35,-43.17999942779));
#4795 = SURFACE_CURVE('',#4796,(#4802,#4811),.PCURVE_S1.);
#4796 = B_SPLINE_CURVE_WITH_KNOTS('',4,(#4797,#4798,#4799,#4800,#4801),
  .UNSPECIFIED.,.F.,.F.,(5,5),(0.,1.),.PIECEWISE_BEZIER_KNOTS.);
#4797 = CARTESIAN_POINT('',(12.7,6.35,-43.17999942779));
#4798 = CARTESIAN_POINT('',(12.700000000038,6.388404939018,
    -43.14564900595));
#4799 = CARTESIAN_POINT('',(12.699690301286,6.426812182123,
    -43.11129652362));
#4800 = CARTESIAN_POINT('',(12.699070821147,6.465220577364,
    -43.07694363854));
#4801 = CARTESIAN_POINT('',(12.698141312262,6.503629032258,
    -43.0425919582));
#4802 = PCURVE('',#2894,#4803);
#4803 = DEFINITIONAL_REPRESENTATION('',(#4804),#4810);
#4804 = B_SPLINE_CURVE_WITH_KNOTS('',4,(#4805,#4806,#4807,#4808,#4809),
  .UNSPECIFIED.,.F.,.F.,(5,5),(0.,1.),.PIECEWISE_BEZIER_KNOTS.);
#4805 = CARTESIAN_POINT('',(3.948057158976E-13,-3.14159265359));
#4806 = CARTESIAN_POINT('',(-7.510575907071E-03,-3.148310316826));
#4807 = CARTESIAN_POINT('',(-1.499355436558E-02,-3.155024295783));
#4808 = CARTESIAN_POINT('',(-2.245017375529E-02,-3.161734647199));
#4809 = CARTESIAN_POINT('',(-2.988163851214E-02,-3.168441235319));
#4810 = ( GEOMETRIC_REPRESENTATION_CONTEXT(2) 
PARAMETRIC_REPRESENTATION_CONTEXT() REPRESENTATION_CONTEXT('2D SPACE',''
  ) );
#4811 = PCURVE('',#4812,#4817);
#4812 = CYLINDRICAL_SURFACE('',#4813,6.35);
#4813 = AXIS2_PLACEMENT_3D('',#4814,#4815,#4816);
#4814 = CARTESIAN_POINT('',(6.35,6.35,-95.25));
#4815 = DIRECTION('',(-2.22044604925E-16,-2.465190328816E-32,1.));
#4816 = DIRECTION('',(0.707106781187,0.707106781187,1.570092458684E-16)
  );
#4817 = DEFINITIONAL_REPRESENTATION('',(#4818),#4824);
#4818 = B_SPLINE_CURVE_WITH_KNOTS('',4,(#4819,#4820,#4821,#4822,#4823),
  .UNSPECIFIED.,.F.,.F.,(5,5),(0.,1.),.PIECEWISE_BEZIER_KNOTS.);
#4819 = CARTESIAN_POINT('',(5.497787143782,52.070000572205));
#4820 = CARTESIAN_POINT('',(5.503835165665,52.104350994044));
#4821 = CARTESIAN_POINT('',(5.509883550457,52.138703476376));
#4822 = CARTESIAN_POINT('',(5.515932706433,52.173056361457));
#4823 = CARTESIAN_POINT('',(5.521983052984,52.207408041795));
#4824 = ( GEOMETRIC_REPRESENTATION_CONTEXT(2) 
PARAMETRIC_REPRESENTATION_CONTEXT() REPRESENTATION_CONTEXT('2D SPACE',''
  ) );
#4825 = ORIENTED_EDGE('',*,*,#4826,.F.);
#4826 = EDGE_CURVE('',#4827,#4793,#4829,.T.);
#4827 = VERTEX_POINT('',#4828);
#4828 = CARTESIAN_POINT('',(6.35,2.331468351713E-14,-43.17999942779));
#4829 = SURFACE_CURVE('',#4830,(#4835,#4864),.PCURVE_S1.);
#4830 = CIRCLE('',#4831,6.35);
#4831 = AXIS2_PLACEMENT_3D('',#4832,#4833,#4834);
#4832 = CARTESIAN_POINT('',(6.35,6.35,-43.17999942779));
#4833 = DIRECTION('',(-2.22044604925E-16,-3.697785493223E-32,1.));
#4834 = DIRECTION('',(0.707106781187,-0.707106781187,1.570092458684E-16)
  );
#4835 = PCURVE('',#2894,#4836);
#4836 = DEFINITIONAL_REPRESENTATION('',(#4837),#4863);
#4837 = B_SPLINE_CURVE_WITH_KNOTS('',3,(#4838,#4839,#4840,#4841,#4842,
    #4843,#4844,#4845,#4846,#4847,#4848,#4849,#4850,#4851,#4852,#4853,
    #4854,#4855,#4856,#4857,#4858,#4859,#4860,#4861,#4862),
  .UNSPECIFIED.,.F.,.F.,(4,1,1,1,1,1,1,1,1,1,1,1,1,1,1,1,1,1,1,1,1,1,4),
  (5.497787143782,5.569186976818,5.640586809854,5.711986642891,
    5.783386475927,5.854786308963,5.926186141999,5.997585975035,
    6.068985808071,6.140385641107,6.211785474143,6.28318530718,
    6.354585140216,6.425984973252,6.497384806288,6.568784639324,
    6.64018447236,6.711584305396,6.782984138433,6.854383971469,
    6.925783804505,6.997183637541,7.068583470577),
  .QUASI_UNIFORM_KNOTS.);
#4838 = CARTESIAN_POINT('',(3.94807314735E-13,-1.570796326795));
#4839 = CARTESIAN_POINT('',(3.94807314735E-13,-1.597229375323));
#4840 = CARTESIAN_POINT('',(3.94807314735E-13,-1.649321539424));
#4841 = CARTESIAN_POINT('',(3.94807314735E-13,-1.725402781348));
#4842 = CARTESIAN_POINT('',(3.94807314735E-13,-1.799700484976));
#4843 = CARTESIAN_POINT('',(3.94807314735E-13,-1.872457766729));
#4844 = CARTESIAN_POINT('',(3.94807314735E-13,-1.943902433034));
#4845 = CARTESIAN_POINT('',(3.94807314735E-13,-2.01424693074));
#4846 = CARTESIAN_POINT('',(3.94807314735E-13,-2.083691857828));
#4847 = CARTESIAN_POINT('',(3.94807314735E-13,-2.152428136963));
#4848 = CARTESIAN_POINT('',(3.94807314735E-13,-2.22063924756));
#4849 = CARTESIAN_POINT('',(3.94807314735E-13,-2.28850321357));
#4850 = CARTESIAN_POINT('',(3.94807314735E-13,-2.356194490192));
#4851 = CARTESIAN_POINT('',(3.94807314735E-13,-2.423885766815));
#4852 = CARTESIAN_POINT('',(3.94807314735E-13,-2.491749732825));
#4853 = CARTESIAN_POINT('',(3.94807314735E-13,-2.559960843422));
#4854 = CARTESIAN_POINT('',(3.94807314735E-13,-2.628697122557));
#4855 = CARTESIAN_POINT('',(3.94807314735E-13,-2.698142049645));
#4856 = CARTESIAN_POINT('',(3.94807314735E-13,-2.768486547351));
#4857 = CARTESIAN_POINT('',(3.94807314735E-13,-2.839931213656));
#4858 = CARTESIAN_POINT('',(3.94807314735E-13,-2.912688495408));
#4859 = CARTESIAN_POINT('',(3.94807314735E-13,-2.986986199037));
#4860 = CARTESIAN_POINT('',(3.94807314735E-13,-3.063067440961));
#4861 = CARTESIAN_POINT('',(3.94807314735E-13,-3.115159605061));
#4862 = CARTESIAN_POINT('',(3.94807314735E-13,-3.14159265359));
#4863 = ( GEOMETRIC_REPRESENTATION_CONTEXT(2) 
PARAMETRIC_REPRESENTATION_CONTEXT() REPRESENTATION_CONTEXT('2D SPACE',''
  ) );
#4864 = PCURVE('',#4812,#4865);
#4865 = DEFINITIONAL_REPRESENTATION('',(#4866),#4870);
#4866 = LINE('',#4867,#4868);
#4867 = CARTESIAN_POINT('',(-1.570796326795,52.070000572205));
#4868 = VECTOR('',#4869,1.);
#4869 = DIRECTION('',(1.,0.));
#4870 = ( GEOMETRIC_REPRESENTATION_CONTEXT(2) 
PARAMETRIC_REPRESENTATION_CONTEXT() REPRESENTATION_CONTEXT('2D SPACE',''
  ) );
#4871 = ORIENTED_EDGE('',*,*,#4872,.F.);
#4872 = EDGE_CURVE('',#4575,#4827,#4873,.T.);
#4873 = SURFACE_CURVE('',#4874,(#4879,#4908),.PCURVE_S1.);
#4874 = CIRCLE('',#4875,5.08);
#4875 = AXIS2_PLACEMENT_3D('',#4876,#4877,#4878);
#4876 = CARTESIAN_POINT('',(6.35,5.08,-43.17999942779));
#4877 = DIRECTION('',(1.,2.185478394931E-16,2.185478394931E-16));
#4878 = DIRECTION('',(-2.185478394931E-16,0.,1.));
#4879 = PCURVE('',#2894,#4880);
#4880 = DEFINITIONAL_REPRESENTATION('',(#4881),#4907);
#4881 = B_SPLINE_CURVE_WITH_KNOTS('',3,(#4882,#4883,#4884,#4885,#4886,
    #4887,#4888,#4889,#4890,#4891,#4892,#4893,#4894,#4895,#4896,#4897,
    #4898,#4899,#4900,#4901,#4902,#4903,#4904,#4905,#4906),
  .UNSPECIFIED.,.F.,.F.,(4,1,1,1,1,1,1,1,1,1,1,1,1,1,1,1,1,1,1,1,1,1,4),
  (0.,7.139983303613E-02,0.142799666072,0.214199499108,0.285599332145,
    0.356999165181,0.428398998217,0.499798831253,0.571198664289,
    0.642598497325,0.713998330361,0.785398163397,0.856797996434,
    0.92819782947,0.999597662506,1.070997495542,1.142397328578,
    1.213797161614,1.28519699465,1.356596827687,1.427996660723,
    1.499396493759,1.570796326795),.QUASI_UNIFORM_KNOTS.);
#4882 = CARTESIAN_POINT('',(-1.570796326795,-1.570796326795));
#4883 = CARTESIAN_POINT('',(-1.544363278266,-1.570796326795));
#4884 = CARTESIAN_POINT('',(-1.492271114166,-1.570796326795));
#4885 = CARTESIAN_POINT('',(-1.416189872242,-1.570796326795));
#4886 = CARTESIAN_POINT('',(-1.341892168613,-1.570796326795));
#4887 = CARTESIAN_POINT('',(-1.26913488686,-1.570796326795));
#4888 = CARTESIAN_POINT('',(-1.197690220555,-1.570796326795));
#4889 = CARTESIAN_POINT('',(-1.12734572285,-1.570796326795));
#4890 = CARTESIAN_POINT('',(-1.057900795762,-1.570796326795));
#4891 = CARTESIAN_POINT('',(-0.989164516627,-1.570796326795));
#4892 = CARTESIAN_POINT('',(-0.92095340603,-1.570796326795));
#4893 = CARTESIAN_POINT('',(-0.85308944002,-1.570796326795));
#4894 = CARTESIAN_POINT('',(-0.785398163397,-1.570796326795));
#4895 = CARTESIAN_POINT('',(-0.717706886775,-1.570796326795));
#4896 = CARTESIAN_POINT('',(-0.649842920765,-1.570796326795));
#4897 = CARTESIAN_POINT('',(-0.581631810167,-1.570796326795));
#4898 = CARTESIAN_POINT('',(-0.512895531032,-1.570796326795));
#4899 = CARTESIAN_POINT('',(-0.443450603944,-1.570796326795));
#4900 = CARTESIAN_POINT('',(-0.373106106239,-1.570796326795));
#4901 = CARTESIAN_POINT('',(-0.301661439934,-1.570796326795));
#4902 = CARTESIAN_POINT('',(-0.228904158181,-1.570796326795));
#4903 = CARTESIAN_POINT('',(-0.154606454553,-1.570796326795));
#4904 = CARTESIAN_POINT('',(-7.852521262855E-02,-1.570796326795));
#4905 = CARTESIAN_POINT('',(-2.643304852801E-02,-1.570796326795));
#4906 = CARTESIAN_POINT('',(3.94807314735E-13,-1.570796326795));
#4907 = ( GEOMETRIC_REPRESENTATION_CONTEXT(2) 
PARAMETRIC_REPRESENTATION_CONTEXT() REPRESENTATION_CONTEXT('2D SPACE',''
  ) );
#4908 = PCURVE('',#3203,#4909);
#4909 = DEFINITIONAL_REPRESENTATION('',(#4910),#4914);
#4910 = LINE('',#4911,#4912);
#4911 = CARTESIAN_POINT('',(0.785398163397,0.));
#4912 = VECTOR('',#4913,1.);
#4913 = DIRECTION('',(-1.,0.));
#4914 = ( GEOMETRIC_REPRESENTATION_CONTEXT(2) 
PARAMETRIC_REPRESENTATION_CONTEXT() REPRESENTATION_CONTEXT('2D SPACE',''
  ) );
#4915 = ORIENTED_EDGE('',*,*,#4597,.F.);
#4916 = ADVANCED_FACE('',(#4917),#2765,.F.);
#4917 = FACE_BOUND('',#4918,.T.);
#4918 = EDGE_LOOP('',(#4919,#4965,#4986,#4987));
#4919 = ORIENTED_EDGE('',*,*,#4920,.F.);
#4920 = EDGE_CURVE('',#4921,#2750,#4923,.T.);
#4921 = VERTEX_POINT('',#4922);
#4922 = CARTESIAN_POINT('',(6.35,5.08,38.099999427795));
#4923 = SURFACE_CURVE('',#4924,(#4929,#4936),.PCURVE_S1.);
#4924 = CIRCLE('',#4925,1.27);
#4925 = AXIS2_PLACEMENT_3D('',#4926,#4927,#4928);
#4926 = CARTESIAN_POINT('',(6.35,6.35,38.099999427795));
#4927 = DIRECTION('',(-2.22044604925E-16,-3.697785493223E-32,1.));
#4928 = DIRECTION('',(0.707106781187,-0.707106781187,1.570092458684E-16)
  );
#4929 = PCURVE('',#2765,#4930);
#4930 = DEFINITIONAL_REPRESENTATION('',(#4931),#4935);
#4931 = CIRCLE('',#4932,1.27);
#4932 = AXIS2_PLACEMENT_2D('',#4933,#4934);
#4933 = CARTESIAN_POINT('',(19.05,6.35));
#4934 = DIRECTION('',(0.707106781187,-0.707106781187));
#4935 = ( GEOMETRIC_REPRESENTATION_CONTEXT(2) 
PARAMETRIC_REPRESENTATION_CONTEXT() REPRESENTATION_CONTEXT('2D SPACE',''
  ) );
#4936 = PCURVE('',#2794,#4937);
#4937 = DEFINITIONAL_REPRESENTATION('',(#4938),#4964);
#4938 = B_SPLINE_CURVE_WITH_KNOTS('',3,(#4939,#4940,#4941,#4942,#4943,
    #4944,#4945,#4946,#4947,#4948,#4949,#4950,#4951,#4952,#4953,#4954,
    #4955,#4956,#4957,#4958,#4959,#4960,#4961,#4962,#4963),
  .UNSPECIFIED.,.F.,.F.,(4,1,1,1,1,1,1,1,1,1,1,1,1,1,1,1,1,1,1,1,1,1,4),
  (5.497787143782,5.569186976818,5.640586809854,5.711986642891,
    5.783386475927,5.854786308963,5.926186141999,5.997585975035,
    6.068985808071,6.140385641107,6.211785474143,6.28318530718,
    6.354585140216,6.425984973252,6.497384806288,6.568784639324,
    6.64018447236,6.711584305396,6.782984138433,6.854383971469,
    6.925783804505,6.997183637541,7.068583470577),
  .QUASI_UNIFORM_KNOTS.);
#4939 = CARTESIAN_POINT('',(-1.570796326795,-1.570796326795));
#4940 = CARTESIAN_POINT('',(-1.570796326795,-1.544363278267));
#4941 = CARTESIAN_POINT('',(-1.570796326795,-1.492271114166));
#4942 = CARTESIAN_POINT('',(-1.570796326795,-1.416189872242));
#4943 = CARTESIAN_POINT('',(-1.570796326795,-1.341892168614));
#4944 = CARTESIAN_POINT('',(-1.570796326795,-1.269134886861));
#4945 = CARTESIAN_POINT('',(-1.570796326795,-1.197690220556));
#4946 = CARTESIAN_POINT('',(-1.570796326795,-1.12734572285));
#4947 = CARTESIAN_POINT('',(-1.570796326795,-1.057900795762));
#4948 = CARTESIAN_POINT('',(-1.570796326795,-0.989164516627));
#4949 = CARTESIAN_POINT('',(-1.570796326795,-0.92095340603));
#4950 = CARTESIAN_POINT('',(-1.570796326795,-0.85308944002));
#4951 = CARTESIAN_POINT('',(-1.570796326795,-0.785398163397));
#4952 = CARTESIAN_POINT('',(-1.570796326795,-0.717706886775));
#4953 = CARTESIAN_POINT('',(-1.570796326795,-0.649842920765));
#4954 = CARTESIAN_POINT('',(-1.570796326795,-0.581631810168));
#4955 = CARTESIAN_POINT('',(-1.570796326795,-0.512895531033));
#4956 = CARTESIAN_POINT('',(-1.570796326795,-0.443450603945));
#4957 = CARTESIAN_POINT('',(-1.570796326795,-0.373106106239));
#4958 = CARTESIAN_POINT('',(-1.570796326795,-0.301661439934));
#4959 = CARTESIAN_POINT('',(-1.570796326795,-0.228904158181));
#4960 = CARTESIAN_POINT('',(-1.570796326795,-0.154606454553));
#4961 = CARTESIAN_POINT('',(-1.570796326795,-7.852521262889E-02));
#4962 = CARTESIAN_POINT('',(-1.570796326795,-2.643304852838E-02));
#4963 = CARTESIAN_POINT('',(-1.570796326795,-1.468641481394E-14));
#4964 = ( GEOMETRIC_REPRESENTATION_CONTEXT(2) 
PARAMETRIC_REPRESENTATION_CONTEXT() REPRESENTATION_CONTEXT('2D SPACE',''
  ) );
#4965 = ORIENTED_EDGE('',*,*,#4966,.F.);
#4966 = EDGE_CURVE('',#4339,#4921,#4967,.T.);
#4967 = SURFACE_CURVE('',#4968,(#4972,#4979),.PCURVE_S1.);
#4968 = LINE('',#4969,#4970);
#4969 = CARTESIAN_POINT('',(-6.35,5.08,38.099999427795));
#4970 = VECTOR('',#4971,1.);
#4971 = DIRECTION('',(1.,1.224646799147E-16,2.22044604925E-16));
#4972 = PCURVE('',#2765,#4973);
#4973 = DEFINITIONAL_REPRESENTATION('',(#4974),#4978);
#4974 = LINE('',#4975,#4976);
#4975 = CARTESIAN_POINT('',(6.35,5.08));
#4976 = VECTOR('',#4977,1.);
#4977 = DIRECTION('',(1.,-5.641527646774E-49));
#4978 = ( GEOMETRIC_REPRESENTATION_CONTEXT(2) 
PARAMETRIC_REPRESENTATION_CONTEXT() REPRESENTATION_CONTEXT('2D SPACE',''
  ) );
#4979 = PCURVE('',#3810,#4980);
#4980 = DEFINITIONAL_REPRESENTATION('',(#4981),#4985);
#4981 = LINE('',#4982,#4983);
#4982 = CARTESIAN_POINT('',(0.785398163397,-1.7763568394E-15));
#4983 = VECTOR('',#4984,1.);
#4984 = DIRECTION('',(0.,1.));
#4985 = ( GEOMETRIC_REPRESENTATION_CONTEXT(2) 
PARAMETRIC_REPRESENTATION_CONTEXT() REPRESENTATION_CONTEXT('2D SPACE',''
  ) );
#4986 = ORIENTED_EDGE('',*,*,#4460,.T.);
#4987 = ORIENTED_EDGE('',*,*,#2749,.T.);
#4988 = ADVANCED_FACE('',(#4989),#2865,.T.);
#4989 = FACE_BOUND('',#4990,.T.);
#4990 = EDGE_LOOP('',(#4991,#4992,#5015,#5180));
#4991 = ORIENTED_EDGE('',*,*,#4646,.T.);
#4992 = ORIENTED_EDGE('',*,*,#4993,.T.);
#4993 = EDGE_CURVE('',#4647,#4994,#4996,.T.);
#4994 = VERTEX_POINT('',#4995);
#4995 = CARTESIAN_POINT('',(12.698141312262,6.503629032258,
    43.042591958209));
#4996 = SURFACE_CURVE('',#4997,(#5001,#5008),.PCURVE_S1.);
#4997 = LINE('',#4998,#4999);
#4998 = CARTESIAN_POINT('',(12.698141312262,6.503629032258,
    -43.17999942779));
#4999 = VECTOR('',#5000,1.);
#5000 = DIRECTION('',(-2.22044604925E-16,-2.465190328816E-32,1.));
#5001 = PCURVE('',#2865,#5002);
#5002 = DEFINITIONAL_REPRESENTATION('',(#5003),#5007);
#5003 = LINE('',#5004,#5005);
#5004 = CARTESIAN_POINT('',(1.594992235997,0.));
#5005 = VECTOR('',#5006,1.);
#5006 = DIRECTION('',(0.,1.));
#5007 = ( GEOMETRIC_REPRESENTATION_CONTEXT(2) 
PARAMETRIC_REPRESENTATION_CONTEXT() REPRESENTATION_CONTEXT('2D SPACE',''
  ) );
#5008 = PCURVE('',#4812,#5009);
#5009 = DEFINITIONAL_REPRESENTATION('',(#5010),#5014);
#5010 = LINE('',#5011,#5012);
#5011 = CARTESIAN_POINT('',(5.521983052984,52.070000572205));
#5012 = VECTOR('',#5013,1.);
#5013 = DIRECTION('',(0.,1.));
#5014 = ( GEOMETRIC_REPRESENTATION_CONTEXT(2) 
PARAMETRIC_REPRESENTATION_CONTEXT() REPRESENTATION_CONTEXT('2D SPACE',''
  ) );
#5015 = ORIENTED_EDGE('',*,*,#5016,.F.);
#5016 = EDGE_CURVE('',#2778,#4994,#5017,.T.);
#5017 = SURFACE_CURVE('',#5018,(#5070,#5125),.PCURVE_S1.);
#5018 = B_SPLINE_CURVE_WITH_KNOTS('',8,(#5019,#5020,#5021,#5022,#5023,
    #5024,#5025,#5026,#5027,#5028,#5029,#5030,#5031,#5032,#5033,#5034,
    #5035,#5036,#5037,#5038,#5039,#5040,#5041,#5042,#5043,#5044,#5045,
    #5046,#5047,#5048,#5049,#5050,#5051,#5052,#5053,#5054,#5055,#5056,
    #5057,#5058,#5059,#5060,#5061,#5062,#5063,#5064,#5065,#5066,#5067,
    #5068,#5069),.UNSPECIFIED.,.F.,.F.,(9,7,7,7,7,7,7,9),(0.,
    5.084021801298E-02,0.367905985305,0.663336024714,0.78091128828,
    0.855833950705,0.953176120169,1.),.UNSPECIFIED.);
#5019 = CARTESIAN_POINT('',(12.548185218272,6.35,41.947363855369));
#5020 = CARTESIAN_POINT('',(12.549818625975,6.35,41.953894362748));
#5021 = CARTESIAN_POINT('',(12.551447638942,6.350020327948,
    41.960449315015));
#5022 = CARTESIAN_POINT('',(12.553072014692,6.350060792082,
    41.967028236623));
#5023 = CARTESIAN_POINT('',(12.55469151698,6.350121200218,
    41.973630662385));
#5024 = CARTESIAN_POINT('',(12.55630591579,6.350201359752,
    41.980256137475));
#5025 = CARTESIAN_POINT('',(12.557914987336,6.350301077655,
    41.986904217428));
#5026 = CARTESIAN_POINT('',(12.559518514067,6.350420160478,
    41.99357446814));
#5027 = CARTESIAN_POINT('',(12.571080804467,6.351420636645,
    42.04200120811));
#5028 = CARTESIAN_POINT('',(12.580821011009,6.35302849992,
    42.084580101102));
#5029 = CARTESIAN_POINT('',(12.590286303937,6.355334909107,
    42.127902733819));
#5030 = CARTESIAN_POINT('',(12.599434010868,6.358293009864,
    42.171880612501));
#5031 = CARTESIAN_POINT('',(12.608228372184,6.361856784298,
    42.216435567301));
#5032 = CARTESIAN_POINT('',(12.616639525825,6.365981646694,
    42.261498158948));
#5033 = CARTESIAN_POINT('',(12.624642492082,6.370625039248,42.3070060854
    ));
#5034 = CARTESIAN_POINT('',(12.639273017777,6.380519505407,
    42.395667235838));
#5035 = CARTESIAN_POINT('',(12.645956919934,6.385707274882,
    42.438767650489));
#5036 = CARTESIAN_POINT('',(12.652250648957,6.391277895403,
    42.48215572871));
#5037 = CARTESIAN_POINT('',(12.658139760088,6.397200156964,
    42.525786815868));
#5038 = CARTESIAN_POINT('',(12.663612116042,6.403445475862,
    42.569613410621));
#5039 = CARTESIAN_POINT('',(12.66865754974,6.409987292,42.613587096363)
  );
#5040 = CARTESIAN_POINT('',(12.673267533954,6.416802379532,
    42.657652518086));
#5041 = CARTESIAN_POINT('',(12.67909320255,6.426693931196,
    42.719254096454));
#5042 = CARTESIAN_POINT('',(12.680681510169,6.429551112434,
    42.736790539997));
#5043 = CARTESIAN_POINT('',(12.682199211821,6.432448714223,
    42.754320891212));
#5044 = CARTESIAN_POINT('',(12.683645869405,6.43538627156,
    42.771837989473));
#5045 = CARTESIAN_POINT('',(12.685021061445,6.438363622193,
    42.789333345656));
#5046 = CARTESIAN_POINT('',(12.686324379465,6.441381098051,
    42.806796334151));
#5047 = CARTESIAN_POINT('',(12.687555415382,6.444439952202,
    42.824212406977));
#5048 = CARTESIAN_POINT('',(12.689451860784,6.449520394799,
    42.852614973145));
#5049 = CARTESIAN_POINT('',(12.690160431221,6.451515666885,
    42.863641534637));
#5050 = CARTESIAN_POINT('',(12.690839363226,6.453529606627,
    42.874634862569));
#5051 = CARTESIAN_POINT('',(12.691488535575,6.455563280713,
    42.885588006867));
#5052 = CARTESIAN_POINT('',(12.692107803534,6.457618038674,
    42.896492283264));
#5053 = CARTESIAN_POINT('',(12.692696997276,6.459695695826,
    42.907336467303));
#5054 = CARTESIAN_POINT('',(12.693255909008,6.461798914006,
    42.91810511836));
#5055 = CARTESIAN_POINT('',(12.694470732491,6.466702875059,
    42.942640063836));
#5056 = CARTESIAN_POINT('',(12.695101441371,6.469507259235,
    42.956254491952));
#5057 = CARTESIAN_POINT('',(12.695681211775,6.472369490273,42.9696617923
    ));
#5058 = CARTESIAN_POINT('',(12.696210010381,6.475312057772,
    42.982818068487));
#5059 = CARTESIAN_POINT('',(12.696686187207,6.478350290899,
    42.99563169134));
#5060 = CARTESIAN_POINT('',(12.697103482478,6.48151292444,
    43.007823679984));
#5061 = CARTESIAN_POINT('',(12.697458425862,6.484822476856,
    43.019057818622));
#5062 = CARTESIAN_POINT('',(12.697869090567,6.490115106169,
    43.032807512062));
#5063 = CARTESIAN_POINT('',(12.697985960213,6.49191405473,43.03687131499
    ));
#5064 = CARTESIAN_POINT('',(12.698081898853,6.493782863769,
    43.040335111554));
#5065 = CARTESIAN_POINT('',(12.698152973733,6.495710136433,
    43.042996297496));
#5066 = CARTESIAN_POINT('',(12.6981957625,6.497682222314,43.044628962468
    ));
#5067 = CARTESIAN_POINT('',(12.698207795842,6.499680227073,
    43.045074491232));
#5068 = CARTESIAN_POINT('',(12.698188574127,6.501676113649,
    43.044338605815));
#5069 = CARTESIAN_POINT('',(12.698141312262,6.503629032258,
    43.042591958209));
#5070 = PCURVE('',#2865,#5071);
#5071 = DEFINITIONAL_REPRESENTATION('',(#5072),#5124);
#5072 = B_SPLINE_CURVE_WITH_KNOTS('',8,(#5073,#5074,#5075,#5076,#5077,
    #5078,#5079,#5080,#5081,#5082,#5083,#5084,#5085,#5086,#5087,#5088,
    #5089,#5090,#5091,#5092,#5093,#5094,#5095,#5096,#5097,#5098,#5099,
    #5100,#5101,#5102,#5103,#5104,#5105,#5106,#5107,#5108,#5109,#5110,
    #5111,#5112,#5113,#5114,#5115,#5116,#5117,#5118,#5119,#5120,#5121,
    #5122,#5123),.UNSPECIFIED.,.F.,.F.,(9,7,7,7,7,7,7,9),(0.,
    5.084021801298E-02,0.367905985305,0.663336024714,0.78091128828,
    0.855833950705,0.953176120169,1.),.UNSPECIFIED.);
#5073 = CARTESIAN_POINT('',(0.,85.127363283165));
#5074 = CARTESIAN_POINT('',(1.088938469149E-02,85.133893790543));
#5075 = CARTESIAN_POINT('',(2.174947224574E-02,85.14044874281));
#5076 = CARTESIAN_POINT('',(3.258061153739E-02,85.147027664418));
#5077 = CARTESIAN_POINT('',(4.338315073165E-02,85.15363009018));
#5078 = CARTESIAN_POINT('',(5.415743728431E-02,85.16025556527));
#5079 = CARTESIAN_POINT('',(6.490381794173E-02,85.166903645223));
#5080 = CARTESIAN_POINT('',(7.562263874088E-02,85.173573895936));
#5081 = CARTESIAN_POINT('',(0.152992604733,85.222000635906));
#5082 = CARTESIAN_POINT('',(0.218609769606,85.264579528897));
#5083 = CARTESIAN_POINT('',(0.283253866183,85.307902161615));
#5084 = CARTESIAN_POINT('',(0.347006400671,85.351880040296));
#5085 = CARTESIAN_POINT('',(0.409944677833,85.396434995096));
#5086 = CARTESIAN_POINT('',(0.472144219881,85.441497586743));
#5087 = CARTESIAN_POINT('',(0.533681185376,85.487005513196));
#5088 = CARTESIAN_POINT('',(0.651429078525,85.575666663633));
#5089 = CARTESIAN_POINT('',(0.707714698589,85.618767078285));
#5090 = CARTESIAN_POINT('',(0.763554939338,85.662155156505));
#5091 = CARTESIAN_POINT('',(0.819010722344,85.705786243663));
#5092 = CARTESIAN_POINT('',(0.874150955092,85.749612838417));
#5093 = CARTESIAN_POINT('',(0.92904947709,85.793586524159));
#5094 = CARTESIAN_POINT('',(0.983794757229,85.837651945882));
#5095 = CARTESIAN_POINT('',(1.06032542179,85.89925352425));
#5096 = CARTESIAN_POINT('',(1.082111851173,85.916789967793));
#5097 = CARTESIAN_POINT('',(1.103907331138,85.934320319008));
#5098 = CARTESIAN_POINT('',(1.125723515818,85.951837417269));
#5099 = CARTESIAN_POINT('',(1.147573910552,85.969332773451));
#5100 = CARTESIAN_POINT('',(1.169475170607,85.986795761946));
#5101 = CARTESIAN_POINT('',(1.19144996142,86.004211834772));
#5102 = CARTESIAN_POINT('',(1.227602356235,86.032614400941));
#5103 = CARTESIAN_POINT('',(1.241716230652,86.043640962432));
#5104 = CARTESIAN_POINT('',(1.255881832326,86.054634290365));
#5105 = CARTESIAN_POINT('',(1.27010991666,86.065587434663));
#5106 = CARTESIAN_POINT('',(1.284413087466,86.07649171106));
#5107 = CARTESIAN_POINT('',(1.298807030027,86.087335895098));
#5108 = CARTESIAN_POINT('',(1.313313055487,86.098104546155));
#5109 = CARTESIAN_POINT('',(1.346994326315,86.122639491632));
#5110 = CARTESIAN_POINT('',(1.366152774739,86.136253919747));
#5111 = CARTESIAN_POINT('',(1.38561414604,86.149661220095));
#5112 = CARTESIAN_POINT('',(1.40553609239,86.162817496282));
#5113 = CARTESIAN_POINT('',(1.426026348435,86.175631119135));
#5114 = CARTESIAN_POINT('',(1.447283217826,86.187823107779));
#5115 = CARTESIAN_POINT('',(1.46946386266,86.199057246418));
#5116 = CARTESIAN_POINT('',(1.504854112759,86.212806939857));
#5117 = CARTESIAN_POINT('',(1.516871435622,86.216870742785));
#5118 = CARTESIAN_POINT('',(1.529344622066,86.220334539349));
#5119 = CARTESIAN_POINT('',(1.542199086256,86.222995725291));
#5120 = CARTESIAN_POINT('',(1.555346294304,86.224628390264));
#5121 = CARTESIAN_POINT('',(1.568663850469,86.225073919027));
#5122 = CARTESIAN_POINT('',(1.581968966603,86.22433803361));
#5123 = CARTESIAN_POINT('',(1.594992235997,86.222591386004));
#5124 = ( GEOMETRIC_REPRESENTATION_CONTEXT(2) 
PARAMETRIC_REPRESENTATION_CONTEXT() REPRESENTATION_CONTEXT('2D SPACE',''
  ) );
#5125 = PCURVE('',#2794,#5126);
#5126 = DEFINITIONAL_REPRESENTATION('',(#5127),#5179);
#5127 = B_SPLINE_CURVE_WITH_KNOTS('',8,(#5128,#5129,#5130,#5131,#5132,
    #5133,#5134,#5135,#5136,#5137,#5138,#5139,#5140,#5141,#5142,#5143,
    #5144,#5145,#5146,#5147,#5148,#5149,#5150,#5151,#5152,#5153,#5154,
    #5155,#5156,#5157,#5158,#5159,#5160,#5161,#5162,#5163,#5164,#5165,
    #5166,#5167,#5168,#5169,#5170,#5171,#5172,#5173,#5174,#5175,#5176,
    #5177,#5178),.UNSPECIFIED.,.F.,.F.,(9,7,7,7,7,7,7,9),(0.,
    5.084021801298E-02,0.367905985305,0.663336024714,0.78091128828,
    0.855833950705,0.953176120169,1.),.UNSPECIFIED.);
#5128 = CARTESIAN_POINT('',(-0.260318505567,-3.386786080661E-14));
#5129 = CARTESIAN_POINT('',(-0.258965857659,-3.384244833855E-14));
#5130 = CARTESIAN_POINT('',(-0.257608091638,3.642791305891E-06));
#5131 = CARTESIAN_POINT('',(-0.256245299502,1.089016283288E-05));
#5132 = CARTESIAN_POINT('',(-0.254877570959,2.170391868343E-05));
#5133 = CARTESIAN_POINT('',(-0.253504993431,3.604587828263E-05));
#5134 = CARTESIAN_POINT('',(-0.252127652056,5.38778763443E-05));
#5135 = CARTESIAN_POINT('',(-0.250745629681,7.516176287107E-05));
#5136 = CARTESIAN_POINT('',(-0.24071131331,2.538865999832E-04));
#5137 = CARTESIAN_POINT('',(-0.231885039972,5.40692464881E-04));
#5138 = CARTESIAN_POINT('',(-0.222899233916,9.510043138419E-04));
#5139 = CARTESIAN_POINT('',(-0.213770287166,1.475762288239E-03));
#5140 = CARTESIAN_POINT('',(-0.20451230499,2.106219759186E-03));
#5141 = CARTESIAN_POINT('',(-0.195137474184,2.834043731897E-03));
#5142 = CARTESIAN_POINT('',(-0.185656431353,3.651415250047E-03));
#5143 = CARTESIAN_POINT('',(-0.167154394753,5.389450213145E-03));
#5144 = CARTESIAN_POINT('',(-0.158146484516,6.299218806772E-03));
#5145 = CARTESIAN_POINT('',(-0.149063008119,7.274576394113E-03));
#5146 = CARTESIAN_POINT('',(-0.139911315626,8.309985584258E-03));
#5147 = CARTESIAN_POINT('',(-0.130699382734,9.400462217428E-03));
#5148 = CARTESIAN_POINT('',(-0.121435396703,1.054145613972E-02));
#5149 = CARTESIAN_POINT('',(-0.112129074352,1.172906595726E-02));
#5150 = CARTESIAN_POINT('',(-9.908475608144E-02,1.345166600209E-02));
#5151 = CARTESIAN_POINT('',(-9.53674558565E-02,1.394911793381E-02));
#5152 = CARTESIAN_POINT('',(-9.164742912425E-02,1.445349955876E-02));
#5153 = CARTESIAN_POINT('',(-8.792609039843E-02,1.496474415761E-02));
#5154 = CARTESIAN_POINT('',(-8.420514376785E-02,1.548283911309E-02));
#5155 = CARTESIAN_POINT('',(-8.048675935289E-02,1.600785921676E-02));
#5156 = CARTESIAN_POINT('',(-7.677396282981E-02,1.654004110671E-02));
#5157 = CARTESIAN_POINT('',(-7.071174511292E-02,1.742391319117E-02));
#5158 = CARTESIAN_POINT('',(-6.83564293232E-02,1.777103478409E-02));
#5159 = CARTESIAN_POINT('',(-6.600637774372E-02,1.812140270715E-02));
#5160 = CARTESIAN_POINT('',(-6.366306770315E-02,1.847520821747E-02));
#5161 = CARTESIAN_POINT('',(-6.132835348419E-02,1.883269213117E-02));
#5162 = CARTESIAN_POINT('',(-5.900464232663E-02,1.919417676441E-02));
#5163 = CARTESIAN_POINT('',(-5.669525971804E-02,1.956013242166E-02));
#5164 = CARTESIAN_POINT('',(-5.142942280937E-02,2.041348443603E-02));
#5165 = CARTESIAN_POINT('',(-4.850429083063E-02,2.090153601206E-02));
#5166 = CARTESIAN_POINT('',(-4.562062891022E-02,2.13997226837E-02));
#5167 = CARTESIAN_POINT('',(-4.278796234896E-02,2.191198127496E-02));
#5168 = CARTESIAN_POINT('',(-4.002612046317E-02,2.24410010223E-02));
#5169 = CARTESIAN_POINT('',(-3.739549405113E-02,2.299182877587E-02));
#5170 = CARTESIAN_POINT('',(-3.496921320732E-02,2.35684176893E-02));
#5171 = CARTESIAN_POINT('',(-3.199775578475E-02,2.4490897637E-02));
#5172 = CARTESIAN_POINT('',(-3.111916706963E-02,2.480450367446E-02));
#5173 = CARTESIAN_POINT('',(-3.037000590486E-02,2.513035709743E-02));
#5174 = CARTESIAN_POINT('',(-2.979422394966E-02,2.546648458103E-02));
#5175 = CARTESIAN_POINT('',(-2.944090974382E-02,2.581051957992E-02));
#5176 = CARTESIAN_POINT('',(-2.934452474272E-02,2.61591789551E-02));
#5177 = CARTESIAN_POINT('',(-2.950377780742E-02,2.650757814612E-02));
#5178 = CARTESIAN_POINT('',(-2.988163851173E-02,2.684858172933E-02));
#5179 = ( GEOMETRIC_REPRESENTATION_CONTEXT(2) 
PARAMETRIC_REPRESENTATION_CONTEXT() REPRESENTATION_CONTEXT('2D SPACE',''
  ) );
#5180 = ORIENTED_EDGE('',*,*,#2849,.F.);
#5181 = ADVANCED_FACE('',(#5182),#2794,.F.);
#5182 = FACE_BOUND('',#5183,.F.);
#5183 = EDGE_LOOP('',(#5184,#5185,#5186,#5232,#5278,#5314));
#5184 = ORIENTED_EDGE('',*,*,#2777,.T.);
#5185 = ORIENTED_EDGE('',*,*,#4920,.F.);
#5186 = ORIENTED_EDGE('',*,*,#5187,.T.);
#5187 = EDGE_CURVE('',#4921,#5188,#5190,.T.);
#5188 = VERTEX_POINT('',#5189);
#5189 = CARTESIAN_POINT('',(6.35,2.331468351713E-14,43.179999427795));
#5190 = SURFACE_CURVE('',#5191,(#5196,#5225),.PCURVE_S1.);
#5191 = CIRCLE('',#5192,5.08);
#5192 = AXIS2_PLACEMENT_3D('',#5193,#5194,#5195);
#5193 = CARTESIAN_POINT('',(6.35,5.08,43.179999427795));
#5194 = DIRECTION('',(-1.,-2.185478394931E-16,-2.185478394931E-16));
#5195 = DIRECTION('',(2.185478394931E-16,0.,-1.));
#5196 = PCURVE('',#2794,#5197);
#5197 = DEFINITIONAL_REPRESENTATION('',(#5198),#5224);
#5198 = B_SPLINE_CURVE_WITH_KNOTS('',3,(#5199,#5200,#5201,#5202,#5203,
    #5204,#5205,#5206,#5207,#5208,#5209,#5210,#5211,#5212,#5213,#5214,
    #5215,#5216,#5217,#5218,#5219,#5220,#5221,#5222,#5223),
  .UNSPECIFIED.,.F.,.F.,(4,1,1,1,1,1,1,1,1,1,1,1,1,1,1,1,1,1,1,1,1,1,4),
  (0.,7.139983303613E-02,0.142799666072,0.214199499108,0.285599332145,
    0.356999165181,0.428398998217,0.499798831253,0.571198664289,
    0.642598497325,0.713998330361,0.785398163397,0.856797996434,
    0.92819782947,0.999597662506,1.070997495542,1.142397328578,
    1.213797161614,1.28519699465,1.356596827687,1.427996660723,
    1.499396493759,1.570796326795),.QUASI_UNIFORM_KNOTS.);
#5199 = CARTESIAN_POINT('',(-1.570796326795,-1.570796326795));
#5200 = CARTESIAN_POINT('',(-1.544363278267,-1.570796326795));
#5201 = CARTESIAN_POINT('',(-1.492271114166,-1.570796326795));
#5202 = CARTESIAN_POINT('',(-1.416189872242,-1.570796326795));
#5203 = CARTESIAN_POINT('',(-1.341892168614,-1.570796326795));
#5204 = CARTESIAN_POINT('',(-1.269134886861,-1.570796326795));
#5205 = CARTESIAN_POINT('',(-1.197690220556,-1.570796326795));
#5206 = CARTESIAN_POINT('',(-1.12734572285,-1.570796326795));
#5207 = CARTESIAN_POINT('',(-1.057900795762,-1.570796326795));
#5208 = CARTESIAN_POINT('',(-0.989164516627,-1.570796326795));
#5209 = CARTESIAN_POINT('',(-0.92095340603,-1.570796326795));
#5210 = CARTESIAN_POINT('',(-0.85308944002,-1.570796326795));
#5211 = CARTESIAN_POINT('',(-0.785398163397,-1.570796326795));
#5212 = CARTESIAN_POINT('',(-0.717706886775,-1.570796326795));
#5213 = CARTESIAN_POINT('',(-0.649842920765,-1.570796326795));
#5214 = CARTESIAN_POINT('',(-0.581631810168,-1.570796326795));
#5215 = CARTESIAN_POINT('',(-0.512895531033,-1.570796326795));
#5216 = CARTESIAN_POINT('',(-0.443450603945,-1.570796326795));
#5217 = CARTESIAN_POINT('',(-0.373106106239,-1.570796326795));
#5218 = CARTESIAN_POINT('',(-0.301661439934,-1.570796326795));
#5219 = CARTESIAN_POINT('',(-0.228904158181,-1.570796326795));
#5220 = CARTESIAN_POINT('',(-0.154606454553,-1.570796326795));
#5221 = CARTESIAN_POINT('',(-7.85252126287E-02,-1.570796326795));
#5222 = CARTESIAN_POINT('',(-2.643304852826E-02,-1.570796326795));
#5223 = CARTESIAN_POINT('',(1.482163061311E-14,-1.570796326795));
#5224 = ( GEOMETRIC_REPRESENTATION_CONTEXT(2) 
PARAMETRIC_REPRESENTATION_CONTEXT() REPRESENTATION_CONTEXT('2D SPACE',''
  ) );
#5225 = PCURVE('',#3810,#5226);
#5226 = DEFINITIONAL_REPRESENTATION('',(#5227),#5231);
#5227 = LINE('',#5228,#5229);
#5228 = CARTESIAN_POINT('',(0.785398163397,12.7));
#5229 = VECTOR('',#5230,1.);
#5230 = DIRECTION('',(-1.,0.));
#5231 = ( GEOMETRIC_REPRESENTATION_CONTEXT(2) 
PARAMETRIC_REPRESENTATION_CONTEXT() REPRESENTATION_CONTEXT('2D SPACE',''
  ) );
#5232 = ORIENTED_EDGE('',*,*,#5233,.F.);
#5233 = EDGE_CURVE('',#5234,#5188,#5236,.T.);
#5234 = VERTEX_POINT('',#5235);
#5235 = CARTESIAN_POINT('',(12.7,6.35,43.179999427795));
#5236 = SURFACE_CURVE('',#5237,(#5242,#5271),.PCURVE_S1.);
#5237 = CIRCLE('',#5238,6.35);
#5238 = AXIS2_PLACEMENT_3D('',#5239,#5240,#5241);
#5239 = CARTESIAN_POINT('',(6.35,6.35,43.179999427795));
#5240 = DIRECTION('',(2.22044604925E-16,3.697785493223E-32,-1.));
#5241 = DIRECTION('',(0.707106781187,-0.707106781187,1.570092458684E-16)
  );
#5242 = PCURVE('',#2794,#5243);
#5243 = DEFINITIONAL_REPRESENTATION('',(#5244),#5270);
#5244 = B_SPLINE_CURVE_WITH_KNOTS('',3,(#5245,#5246,#5247,#5248,#5249,
    #5250,#5251,#5252,#5253,#5254,#5255,#5256,#5257,#5258,#5259,#5260,
    #5261,#5262,#5263,#5264,#5265,#5266,#5267,#5268,#5269),
  .UNSPECIFIED.,.F.,.F.,(4,1,1,1,1,1,1,1,1,1,1,1,1,1,1,1,1,1,1,1,1,1,4),
  (5.497787143782,5.569186976818,5.640586809854,5.711986642891,
    5.783386475927,5.854786308963,5.926186141999,5.997585975035,
    6.068985808071,6.140385641107,6.211785474143,6.28318530718,
    6.354585140216,6.425984973252,6.497384806288,6.568784639324,
    6.64018447236,6.711584305396,6.782984138433,6.854383971469,
    6.925783804505,6.997183637541,7.068583470577),
  .QUASI_UNIFORM_KNOTS.);
#5245 = CARTESIAN_POINT('',(1.482163061311E-14,-1.468641481394E-14));
#5246 = CARTESIAN_POINT('',(1.482163061311E-14,-2.64330485283E-02));
#5247 = CARTESIAN_POINT('',(1.482163061311E-14,-7.852521262875E-02));
#5248 = CARTESIAN_POINT('',(1.482163061311E-14,-0.154606454553));
#5249 = CARTESIAN_POINT('',(1.482163061311E-14,-0.228904158181));
#5250 = CARTESIAN_POINT('',(1.482163061311E-14,-0.301661439934));
#5251 = CARTESIAN_POINT('',(1.482163061311E-14,-0.373106106239));
#5252 = CARTESIAN_POINT('',(1.482163061311E-14,-0.443450603945));
#5253 = CARTESIAN_POINT('',(1.482163061311E-14,-0.512895531033));
#5254 = CARTESIAN_POINT('',(1.482163061311E-14,-0.581631810168));
#5255 = CARTESIAN_POINT('',(1.482163061311E-14,-0.649842920765));
#5256 = CARTESIAN_POINT('',(1.482163061311E-14,-0.717706886775));
#5257 = CARTESIAN_POINT('',(1.482163061311E-14,-0.785398163397));
#5258 = CARTESIAN_POINT('',(1.482163061311E-14,-0.85308944002));
#5259 = CARTESIAN_POINT('',(1.482163061311E-14,-0.92095340603));
#5260 = CARTESIAN_POINT('',(1.482163061311E-14,-0.989164516627));
#5261 = CARTESIAN_POINT('',(1.482163061311E-14,-1.057900795762));
#5262 = CARTESIAN_POINT('',(1.482163061311E-14,-1.12734572285));
#5263 = CARTESIAN_POINT('',(1.482163061311E-14,-1.197690220556));
#5264 = CARTESIAN_POINT('',(1.482163061311E-14,-1.269134886861));
#5265 = CARTESIAN_POINT('',(1.482163061311E-14,-1.341892168614));
#5266 = CARTESIAN_POINT('',(1.482163061311E-14,-1.416189872242));
#5267 = CARTESIAN_POINT('',(1.482163061311E-14,-1.492271114166));
#5268 = CARTESIAN_POINT('',(1.482163061311E-14,-1.544363278267));
#5269 = CARTESIAN_POINT('',(1.482163061311E-14,-1.570796326795));
#5270 = ( GEOMETRIC_REPRESENTATION_CONTEXT(2) 
PARAMETRIC_REPRESENTATION_CONTEXT() REPRESENTATION_CONTEXT('2D SPACE',''
  ) );
#5271 = PCURVE('',#4812,#5272);
#5272 = DEFINITIONAL_REPRESENTATION('',(#5273),#5277);
#5273 = LINE('',#5274,#5275);
#5274 = CARTESIAN_POINT('',(10.995574287564,138.42999942779));
#5275 = VECTOR('',#5276,1.);
#5276 = DIRECTION('',(-1.,0.));
#5277 = ( GEOMETRIC_REPRESENTATION_CONTEXT(2) 
PARAMETRIC_REPRESENTATION_CONTEXT() REPRESENTATION_CONTEXT('2D SPACE',''
  ) );
#5278 = ORIENTED_EDGE('',*,*,#5279,.T.);
#5279 = EDGE_CURVE('',#5234,#4994,#5280,.T.);
#5280 = SURFACE_CURVE('',#5281,(#5290,#5302),.PCURVE_S1.);
#5281 = B_SPLINE_CURVE_WITH_KNOTS('',4,(#5282,#5283,#5284,#5285,#5286,
    #5287,#5288,#5289),.UNSPECIFIED.,.F.,.F.,(5,3,5),(0.,0.270783818519,
    1.),.UNSPECIFIED.);
#5282 = CARTESIAN_POINT('',(12.7,6.35,43.179999427795));
#5283 = CARTESIAN_POINT('',(12.7,6.360399431035,43.17069789386));
#5284 = CARTESIAN_POINT('',(12.699977291725,6.370799030611,
    43.161396209296));
#5285 = CARTESIAN_POINT('',(12.699931873513,6.381198776726,
    43.152094406035));
#5286 = CARTESIAN_POINT('',(12.699680268109,6.419605315972,
    43.117742691237));
#5287 = CARTESIAN_POINT('',(12.699332078788,6.447612925095,
    43.092692205838));
#5288 = CARTESIAN_POINT('',(12.698819124433,6.47562099638,
    43.067641731704));
#5289 = CARTESIAN_POINT('',(12.698141312262,6.503629032258,
    43.042591958209));
#5290 = PCURVE('',#2794,#5291);
#5291 = DEFINITIONAL_REPRESENTATION('',(#5292),#5301);
#5292 = B_SPLINE_CURVE_WITH_KNOTS('',4,(#5293,#5294,#5295,#5296,#5297,
    #5298,#5299,#5300),.UNSPECIFIED.,.F.,.F.,(5,3,5),(0.,0.270783818519,
    1.),.UNSPECIFIED.);
#5293 = CARTESIAN_POINT('',(1.482147737875E-14,-1.468641481394E-14));
#5294 = CARTESIAN_POINT('',(-2.033741457578E-03,1.81903364989E-03));
#5295 = CARTESIAN_POINT('',(-4.065459250816E-03,3.63779704614E-03));
#5296 = CARTESIAN_POINT('',(-6.095178198722E-03,5.456291508303E-03));
#5297 = CARTESIAN_POINT('',(-1.358360325957E-02,1.217096708162E-02));
#5298 = CARTESIAN_POINT('',(-1.902997271561E-02,1.706547456801E-02));
#5299 = CARTESIAN_POINT('',(-2.446250014448E-02,2.195803455151E-02));
#5300 = CARTESIAN_POINT('',(-2.98816385117E-02,2.684858172933E-02));
#5301 = ( GEOMETRIC_REPRESENTATION_CONTEXT(2) 
PARAMETRIC_REPRESENTATION_CONTEXT() REPRESENTATION_CONTEXT('2D SPACE',''
  ) );
#5302 = PCURVE('',#4812,#5303);
#5303 = DEFINITIONAL_REPRESENTATION('',(#5304),#5313);
#5304 = B_SPLINE_CURVE_WITH_KNOTS('',4,(#5305,#5306,#5307,#5308,#5309,
    #5310,#5311,#5312),.UNSPECIFIED.,.F.,.F.,(5,3,5),(0.,0.270783818519,
    1.),.UNSPECIFIED.);
#5305 = CARTESIAN_POINT('',(5.497787143782,138.42999942779));
#5306 = CARTESIAN_POINT('',(5.499424849457,138.42069789386));
#5307 = CARTESIAN_POINT('',(5.501062581674,138.41139620929));
#5308 = CARTESIAN_POINT('',(5.50270034868,138.40209440603));
#5309 = CARTESIAN_POINT('',(5.508748752363,138.36774269123));
#5310 = CARTESIAN_POINT('',(5.513159664042,138.34269220583));
#5311 = CARTESIAN_POINT('',(5.517571047249,138.3176417317));
#5312 = CARTESIAN_POINT('',(5.521983052984,138.2925919582));
#5313 = ( GEOMETRIC_REPRESENTATION_CONTEXT(2) 
PARAMETRIC_REPRESENTATION_CONTEXT() REPRESENTATION_CONTEXT('2D SPACE',''
  ) );
#5314 = ORIENTED_EDGE('',*,*,#5016,.F.);
#5315 = ADVANCED_FACE('',(#5316),#3102,.F.);
#5316 = FACE_BOUND('',#5317,.F.);
#5317 = EDGE_LOOP('',(#5318,#5376,#5397,#5398,#5399,#5455,#5483,#5575));
#5318 = ORIENTED_EDGE('',*,*,#5319,.F.);
#5319 = EDGE_CURVE('',#5320,#5322,#5324,.T.);
#5320 = VERTEX_POINT('',#5321);
#5321 = CARTESIAN_POINT('',(8.47700005,12.333173972675,1.32853150096E-15
    ));
#5322 = VERTEX_POINT('',#5323);
#5323 = CARTESIAN_POINT('',(6.35,12.7,-5.61578397332));
#5324 = SURFACE_CURVE('',#5325,(#5340,#5358),.PCURVE_S1.);
#5325 = B_SPLINE_CURVE_WITH_KNOTS('',7,(#5326,#5327,#5328,#5329,#5330,
    #5331,#5332,#5333,#5334,#5335,#5336,#5337,#5338,#5339),
  .UNSPECIFIED.,.F.,.F.,(8,6,8),(0.,0.408210029537,1.),.UNSPECIFIED.);
#5326 = CARTESIAN_POINT('',(8.47700005,12.333173972675,1.24344978758E-14
    ));
#5327 = CARTESIAN_POINT('',(8.47700005,12.333173972675,-0.344851493223)
  );
#5328 = CARTESIAN_POINT('',(8.460633079295,12.338992273501,
    -0.689586925528));
#5329 = CARTESIAN_POINT('',(8.42791885969,12.350622431464,
    -1.033701185296));
#5330 = CARTESIAN_POINT('',(8.378822219746,12.367758027457,
    -1.37667759948));
#5331 = CARTESIAN_POINT('',(8.313258740926,12.389796849175,
    -1.717968762777));
#5332 = CARTESIAN_POINT('',(8.231105002146,12.415851938599,
    -2.056977618624));
#5333 = CARTESIAN_POINT('',(7.988848388516,12.486691859326,
    -2.880233171166));
#5334 = CARTESIAN_POINT('',(7.810406089449,12.534601356134,
    -3.360891160989));
#5335 = CARTESIAN_POINT('',(7.596104466805,12.585082828265,
    -3.834434651486));
#5336 = CARTESIAN_POINT('',(7.344531459788,12.633656353882,
    -4.299565178429));
#5337 = CARTESIAN_POINT('',(7.053972100437,12.674466857664,
    -4.753985095271));
#5338 = CARTESIAN_POINT('',(6.722798662608,12.7,-5.194245057264));
#5339 = CARTESIAN_POINT('',(6.35,12.7,-5.61578397332));
#5340 = PCURVE('',#3102,#5341);
#5341 = DEFINITIONAL_REPRESENTATION('',(#5342),#5357);
#5342 = B_SPLINE_CURVE_WITH_KNOTS('',7,(#5343,#5344,#5345,#5346,#5347,
    #5348,#5349,#5350,#5351,#5352,#5353,#5354,#5355,#5356),
  .UNSPECIFIED.,.F.,.F.,(8,6,8),(0.,0.408210029537,1.),.UNSPECIFIED.);
#5343 = CARTESIAN_POINT('',(-8.881784197001E-16,-6.926826227325));
#5344 = CARTESIAN_POINT('',(4.06808414797E-02,-6.926826227325));
#5345 = CARTESIAN_POINT('',(8.134799168056E-02,-6.9210079265));
#5346 = CARTESIAN_POINT('',(0.122051826685,-6.909377768536));
#5347 = CARTESIAN_POINT('',(0.162841028277,-6.892242172543));
#5348 = CARTESIAN_POINT('',(0.203762969903,-6.870203350825));
#5349 = CARTESIAN_POINT('',(0.244863844075,-6.844148261401));
#5350 = CARTESIAN_POINT('',(0.346097728973,-6.773308340675));
#5351 = CARTESIAN_POINT('',(0.406435356555,-6.725398843866));
#5352 = CARTESIAN_POINT('',(0.467513150868,-6.674917371735));
#5353 = CARTESIAN_POINT('',(0.529605296719,-6.626343846118));
#5354 = CARTESIAN_POINT('',(0.592945890392,-6.585533342336));
#5355 = CARTESIAN_POINT('',(0.657731292655,-6.5600002));
#5356 = CARTESIAN_POINT('',(0.724115374447,-6.5600002));
#5357 = ( GEOMETRIC_REPRESENTATION_CONTEXT(2) 
PARAMETRIC_REPRESENTATION_CONTEXT() REPRESENTATION_CONTEXT('2D SPACE',''
  ) );
#5358 = PCURVE('',#4812,#5359);
#5359 = DEFINITIONAL_REPRESENTATION('',(#5360),#5375);
#5360 = B_SPLINE_CURVE_WITH_KNOTS('',7,(#5361,#5362,#5363,#5364,#5365,
    #5366,#5367,#5368,#5369,#5370,#5371,#5372,#5373,#5374),
  .UNSPECIFIED.,.F.,.F.,(8,6,8),(0.,0.408210029537,1.),.UNSPECIFIED.);
#5361 = CARTESIAN_POINT('',(6.727020016271,95.25));
#5362 = CARTESIAN_POINT('',(6.727020016271,94.905148506777));
#5363 = CARTESIAN_POINT('',(6.72975550424,94.560413074472));
#5364 = CARTESIAN_POINT('',(6.735223246975,94.216298814704));
#5365 = CARTESIAN_POINT('',(6.743412224861,93.87332240052));
#5366 = CARTESIAN_POINT('',(6.754303279408,93.532031237223));
#5367 = CARTESIAN_POINT('',(6.767872466216,93.193022381376));
#5368 = CARTESIAN_POINT('',(6.807620747664,92.369766828834));
#5369 = CARTESIAN_POINT('',(6.836709832769,91.889108839011));
#5370 = CARTESIAN_POINT('',(6.871354778343,91.415565348514));
#5371 = CARTESIAN_POINT('',(6.91163446941,90.950434821572));
#5372 = CARTESIAN_POINT('',(6.957721592025,90.496014904729));
#5373 = CARTESIAN_POINT('',(7.009875019773,90.055754942736));
#5374 = CARTESIAN_POINT('',(7.068583470577,89.63421602668));
#5375 = ( GEOMETRIC_REPRESENTATION_CONTEXT(2) 
PARAMETRIC_REPRESENTATION_CONTEXT() REPRESENTATION_CONTEXT('2D SPACE',''
  ) );
#5376 = ORIENTED_EDGE('',*,*,#5377,.T.);
#5377 = EDGE_CURVE('',#5320,#3086,#5378,.T.);
#5378 = SEAM_CURVE('',#5379,(#5383,#5390),.PCURVE_S1.);
#5379 = LINE('',#5380,#5381);
#5380 = CARTESIAN_POINT('',(8.47700005,19.2600002,2.866595893991E-15));
#5381 = VECTOR('',#5382,1.);
#5382 = DIRECTION('',(-5.176899690513E-31,-1.,-2.22044604925E-16));
#5383 = PCURVE('',#3102,#5384);
#5384 = DEFINITIONAL_REPRESENTATION('',(#5385),#5389);
#5385 = LINE('',#5386,#5387);
#5386 = CARTESIAN_POINT('',(6.28318530718,0.));
#5387 = VECTOR('',#5388,1.);
#5388 = DIRECTION('',(0.,-1.));
#5389 = ( GEOMETRIC_REPRESENTATION_CONTEXT(2) 
PARAMETRIC_REPRESENTATION_CONTEXT() REPRESENTATION_CONTEXT('2D SPACE',''
  ) );
#5390 = PCURVE('',#3102,#5391);
#5391 = DEFINITIONAL_REPRESENTATION('',(#5392),#5396);
#5392 = LINE('',#5393,#5394);
#5393 = CARTESIAN_POINT('',(0.,0.));
#5394 = VECTOR('',#5395,1.);
#5395 = DIRECTION('',(0.,-1.));
#5396 = ( GEOMETRIC_REPRESENTATION_CONTEXT(2) 
PARAMETRIC_REPRESENTATION_CONTEXT() REPRESENTATION_CONTEXT('2D SPACE',''
  ) );
#5397 = ORIENTED_EDGE('',*,*,#3085,.T.);
#5398 = ORIENTED_EDGE('',*,*,#5377,.F.);
#5399 = ORIENTED_EDGE('',*,*,#5400,.F.);
#5400 = EDGE_CURVE('',#5401,#5320,#5403,.T.);
#5401 = VERTEX_POINT('',#5402);
#5402 = CARTESIAN_POINT('',(6.35,12.7,5.61578397332));
#5403 = SURFACE_CURVE('',#5404,(#5419,#5437),.PCURVE_S1.);
#5404 = B_SPLINE_CURVE_WITH_KNOTS('',7,(#5405,#5406,#5407,#5408,#5409,
    #5410,#5411,#5412,#5413,#5414,#5415,#5416,#5417,#5418),
  .UNSPECIFIED.,.F.,.F.,(8,6,8),(0.,0.593368150294,1.),.UNSPECIFIED.);
#5405 = CARTESIAN_POINT('',(6.35,12.7,5.61578397332));
#5406 = CARTESIAN_POINT('',(6.723793779243,12.7,5.193119837595));
#5407 = CARTESIAN_POINT('',(7.055737032202,12.674330385235,
    4.751637725879));
#5408 = CARTESIAN_POINT('',(7.346853329386,12.633329828047,
    4.295932246559));
#5409 = CARTESIAN_POINT('',(7.598785126858,12.584564777066,
    3.829475511719));
#5410 = CARTESIAN_POINT('',(7.813261049123,12.533928036778,3.35457709513
    ));
#5411 = CARTESIAN_POINT('',(7.991699762926,12.485925514879,
    2.872540114963));
#5412 = CARTESIAN_POINT('',(8.233004914146,12.415249082892,
    2.049121255025));
#5413 = CARTESIAN_POINT('',(8.314522169934,12.389372068542,
    1.711378730619));
#5414 = CARTESIAN_POINT('',(8.379579218205,12.367493806287,1.37137944701
    ));
#5415 = CARTESIAN_POINT('',(8.428297300676,12.350487888774,
    1.029713677733));
#5416 = CARTESIAN_POINT('',(8.460759376678,12.338947378734,
    0.686922897319));
#5417 = CARTESIAN_POINT('',(8.47700005,12.333173972675,0.343518374489));
#5418 = CARTESIAN_POINT('',(8.47700005,12.333173972675,
    1.257237043162E-14));
#5419 = PCURVE('',#3102,#5420);
#5420 = DEFINITIONAL_REPRESENTATION('',(#5421),#5436);
#5421 = B_SPLINE_CURVE_WITH_KNOTS('',7,(#5422,#5423,#5424,#5425,#5426,
    #5427,#5428,#5429,#5430,#5431,#5432,#5433,#5434,#5435),
  .UNSPECIFIED.,.F.,.F.,(8,6,8),(0.,0.593368150294,1.),.UNSPECIFIED.);
#5422 = CARTESIAN_POINT('',(5.559069932733,-6.5600002));
#5423 = CARTESIAN_POINT('',(5.625631214474,-6.5600002));
#5424 = CARTESIAN_POINT('',(5.690584775209,-6.585669814766));
#5425 = CARTESIAN_POINT('',(5.754086329279,-6.626670371953));
#5426 = CARTESIAN_POINT('',(5.816334079438,-6.675435422935));
#5427 = CARTESIAN_POINT('',(5.877564205194,-6.726072163223));
#5428 = CARTESIAN_POINT('',(5.938053105631,-6.774074685121));
#5429 = CARTESIAN_POINT('',(6.039273849694,-6.844751117108));
#5430 = CARTESIAN_POINT('',(6.080212453711,-6.870628131459));
#5431 = CARTESIAN_POINT('',(6.120974354799,-6.892506393714));
#5432 = CARTESIAN_POINT('',(6.161605142096,-6.909512311226));
#5433 = CARTESIAN_POINT('',(6.202151580988,-6.921052821267));
#5434 = CARTESIAN_POINT('',(6.242661728733,-6.926826227325));
#5435 = CARTESIAN_POINT('',(6.28318530718,-6.926826227325));
#5436 = ( GEOMETRIC_REPRESENTATION_CONTEXT(2) 
PARAMETRIC_REPRESENTATION_CONTEXT() REPRESENTATION_CONTEXT('2D SPACE',''
  ) );
#5437 = PCURVE('',#4812,#5438);
#5438 = DEFINITIONAL_REPRESENTATION('',(#5439),#5454);
#5439 = B_SPLINE_CURVE_WITH_KNOTS('',7,(#5440,#5441,#5442,#5443,#5444,
    #5445,#5446,#5447,#5448,#5449,#5450,#5451,#5452,#5453),
  .UNSPECIFIED.,.F.,.F.,(8,6,8),(0.,0.593368150294,1.),.UNSPECIFIED.);
#5440 = CARTESIAN_POINT('',(7.068583470577,100.86578397332));
#5441 = CARTESIAN_POINT('',(7.009718308492,100.44311983759));
#5442 = CARTESIAN_POINT('',(6.957443647291,100.00163772587));
#5443 = CARTESIAN_POINT('',(6.911266180034,99.545932246559));
#5444 = CARTESIAN_POINT('',(6.870925555159,99.079475511719));
#5445 = CARTESIAN_POINT('',(6.836248264487,98.60457709513));
#5446 = CARTESIAN_POINT('',(6.807155891346,98.122540114963));
#5447 = CARTESIAN_POINT('',(6.767558646238,97.299121255025));
#5448 = CARTESIAN_POINT('',(6.75409340102,96.961378730619));
#5449 = CARTESIAN_POINT('',(6.743285961891,96.62137944701));
#5450 = CARTESIAN_POINT('',(6.735159995306,96.279713677733));
#5451 = CARTESIAN_POINT('',(6.729734395818,95.936922897319));
#5452 = CARTESIAN_POINT('',(6.727020016271,95.593518374489));
#5453 = CARTESIAN_POINT('',(6.727020016271,95.25));
#5454 = ( GEOMETRIC_REPRESENTATION_CONTEXT(2) 
PARAMETRIC_REPRESENTATION_CONTEXT() REPRESENTATION_CONTEXT('2D SPACE',''
  ) );
#5455 = ORIENTED_EDGE('',*,*,#5456,.F.);
#5456 = EDGE_CURVE('',#5457,#5401,#5459,.T.);
#5457 = VERTEX_POINT('',#5458);
#5458 = CARTESIAN_POINT('',(-6.35,12.7,5.615783860246));
#5459 = SURFACE_CURVE('',#5460,(#5465,#5472),.PCURVE_S1.);
#5460 = CIRCLE('',#5461,8.477);
#5461 = AXIS2_PLACEMENT_3D('',#5462,#5463,#5464);
#5462 = CARTESIAN_POINT('',(4.999998282074E-08,12.7,1.409983241274E-15)
  );
#5463 = DIRECTION('',(5.176899690513E-31,1.,2.22044604925E-16));
#5464 = DIRECTION('',(1.,-5.176899690513E-31,-1.149502646516E-46));
#5465 = PCURVE('',#3102,#5466);
#5466 = DEFINITIONAL_REPRESENTATION('',(#5467),#5471);
#5467 = LINE('',#5468,#5469);
#5468 = CARTESIAN_POINT('',(0.,-6.5600002));
#5469 = VECTOR('',#5470,1.);
#5470 = DIRECTION('',(1.,0.));
#5471 = ( GEOMETRIC_REPRESENTATION_CONTEXT(2) 
PARAMETRIC_REPRESENTATION_CONTEXT() REPRESENTATION_CONTEXT('2D SPACE',''
  ) );
#5472 = PCURVE('',#4558,#5473);
#5473 = DEFINITIONAL_REPRESENTATION('',(#5474),#5482);
#5474 = ( BOUNDED_CURVE() B_SPLINE_CURVE(2,(#5475,#5476,#5477,#5478,
#5479,#5480,#5481),.UNSPECIFIED.,.T.,.F.) B_SPLINE_CURVE_WITH_KNOTS((1,2
    ,2,2,2,1),(-2.094395102393,0.,2.094395102393,4.188790204786,
6.28318530718,8.377580409573),.UNSPECIFIED.) CURVE() 
GEOMETRIC_REPRESENTATION_ITEM() RATIONAL_B_SPLINE_CURVE((1.,0.5,1.,0.5,
1.,0.5,1.)) REPRESENTATION_ITEM('') );
#5475 = CARTESIAN_POINT('',(-4.722888857778E-16,-8.47700005));
#5476 = CARTESIAN_POINT('',(-14.68259469576,-8.47700005));
#5477 = CARTESIAN_POINT('',(-7.341297347881,4.23849995));
#5478 = CARTESIAN_POINT('',(3.098261278796E-15,16.95399995));
#5479 = CARTESIAN_POINT('',(7.341297347881,4.23849995));
#5480 = CARTESIAN_POINT('',(14.682594695761,-8.47700005));
#5481 = CARTESIAN_POINT('',(-4.722888857778E-16,-8.47700005));
#5482 = ( GEOMETRIC_REPRESENTATION_CONTEXT(2) 
PARAMETRIC_REPRESENTATION_CONTEXT() REPRESENTATION_CONTEXT('2D SPACE',''
  ) );
#5483 = ORIENTED_EDGE('',*,*,#5484,.F.);
#5484 = EDGE_CURVE('',#5485,#5457,#5487,.T.);
#5485 = VERTEX_POINT('',#5486);
#5486 = CARTESIAN_POINT('',(-6.35,12.7,-5.615783860246));
#5487 = SURFACE_CURVE('',#5488,(#5515,#5545),.PCURVE_S1.);
#5488 = B_SPLINE_CURVE_WITH_KNOTS('',7,(#5489,#5490,#5491,#5492,#5493,
    #5494,#5495,#5496,#5497,#5498,#5499,#5500,#5501,#5502,#5503,#5504,
    #5505,#5506,#5507,#5508,#5509,#5510,#5511,#5512,#5513,#5514),
  .UNSPECIFIED.,.F.,.F.,(8,6,6,6,8),(0.,0.296684128102,0.500000080652,
    0.704105067193,1.),.UNSPECIFIED.);
#5489 = CARTESIAN_POINT('',(-6.349999999998,12.7,-5.615783860248));
#5490 = CARTESIAN_POINT('',(-6.723793767519,12.7,-5.193119722611));
#5491 = CARTESIAN_POINT('',(-7.055737009503,12.674330386844,
    -4.751637609993));
#5492 = CARTESIAN_POINT('',(-7.346853296521,12.633329832371,
    -4.295932130489));
#5493 = CARTESIAN_POINT('',(-7.598785084612,12.584564784816,
    -3.829475395938));
#5494 = CARTESIAN_POINT('',(-7.813260998116,12.533928048381,
    -3.354576980027));
#5495 = CARTESIAN_POINT('',(-7.991699703693,12.485925530518,
    -2.872540000905));
#5496 = CARTESIAN_POINT('',(-8.233004837659,12.415249106466,
    -2.049121157622));
#5497 = CARTESIAN_POINT('',(-8.314522085583,12.389372095798,
    -1.711378648854));
#5498 = CARTESIAN_POINT('',(-8.379579127587,12.367493836733,
    -1.371379381236));
#5499 = CARTESIAN_POINT('',(-8.428297205368,12.350487921739,
    -1.02971362821));
#5500 = CARTESIAN_POINT('',(-8.460759278245,12.338947413421,
    -0.686922864222));
#5501 = CARTESIAN_POINT('',(-8.47699995,12.333174008225,-0.343518357922)
  );
#5502 = CARTESIAN_POINT('',(-8.47699995,12.333174008225,0.344851493162)
  );
#5503 = CARTESIAN_POINT('',(-8.460632979301,12.33899230874,
    0.689586925417));
#5504 = CARTESIAN_POINT('',(-8.427918759705,12.350622466084,
    1.033701185151));
#5505 = CARTESIAN_POINT('',(-8.378822119772,12.367758061155,
    1.37667759932));
#5506 = CARTESIAN_POINT('',(-8.313258640959,12.38979688166,
    1.717968762628));
#5507 = CARTESIAN_POINT('',(-8.231104902175,12.415851969594,
    2.056977618524));
#5508 = CARTESIAN_POINT('',(-7.988848294047,12.486691884397,
    2.88023315237));
#5509 = CARTESIAN_POINT('',(-7.810406003144,12.53460137603,
    3.360891124147));
#5510 = CARTESIAN_POINT('',(-7.596104391406,12.585082842396,
    3.834434597147));
#5511 = CARTESIAN_POINT('',(-7.344531398248,12.633656362221,
    4.299565107337));
#5512 = CARTESIAN_POINT('',(-7.053972055927,12.674466860955,
    4.753985008472));
#5513 = CARTESIAN_POINT('',(-6.722798638584,12.7,5.194244956227));
#5514 = CARTESIAN_POINT('',(-6.349999999998,12.7,5.615783860248));
#5515 = PCURVE('',#3102,#5516);
#5516 = DEFINITIONAL_REPRESENTATION('',(#5517),#5544);
#5517 = B_SPLINE_CURVE_WITH_KNOTS('',7,(#5518,#5519,#5520,#5521,#5522,
    #5523,#5524,#5525,#5526,#5527,#5528,#5529,#5530,#5531,#5532,#5533,
    #5534,#5535,#5536,#5537,#5538,#5539,#5540,#5541,#5542,#5543),
  .UNSPECIFIED.,.F.,.F.,(8,6,6,6,8),(0.,0.296684128102,0.500000080652,
    0.704105067193,1.),.UNSPECIFIED.);
#5518 = CARTESIAN_POINT('',(2.41747729695,-6.5600002));
#5519 = CARTESIAN_POINT('',(2.484038577943,-6.5600002));
#5520 = CARTESIAN_POINT('',(2.548992137992,-6.585669813156));
#5521 = CARTESIAN_POINT('',(2.612493691444,-6.62667036763));
#5522 = CARTESIAN_POINT('',(2.674741441054,-6.675435415184));
#5523 = CARTESIAN_POINT('',(2.735971566318,-6.726072151619));
#5524 = CARTESIAN_POINT('',(2.796460466305,-6.774074669482));
#5525 = CARTESIAN_POINT('',(2.89768120791,-6.844751093534));
#5526 = CARTESIAN_POINT('',(2.938619809924,-6.870628104202));
#5527 = CARTESIAN_POINT('',(2.979381709031,-6.892506363267));
#5528 = CARTESIAN_POINT('',(3.020012494364,-6.909512278262));
#5529 = CARTESIAN_POINT('',(3.060558931302,-6.92105278658));
#5530 = CARTESIAN_POINT('',(3.101069077098,-6.926826191775));
#5531 = CARTESIAN_POINT('',(3.182273495062,-6.926826191775));
#5532 = CARTESIAN_POINT('',(3.222940645257,-6.92100789126));
#5533 = CARTESIAN_POINT('',(3.263644480258,-6.909377733916));
#5534 = CARTESIAN_POINT('',(3.304433681848,-6.892242138845));
#5535 = CARTESIAN_POINT('',(3.345355623474,-6.87020331834));
#5536 = CARTESIAN_POINT('',(3.386456497653,-6.844148230406));
#5537 = CARTESIAN_POINT('',(3.487690380252,-6.773308315604));
#5538 = CARTESIAN_POINT('',(3.54802800552,-6.72539882397));
#5539 = CARTESIAN_POINT('',(3.609105797448,-6.674917357605));
#5540 = CARTESIAN_POINT('',(3.671197940817,-6.626343837779));
#5541 = CARTESIAN_POINT('',(3.734538531883,-6.585533339045));
#5542 = CARTESIAN_POINT('',(3.799323931379,-6.5600002));
#5543 = CARTESIAN_POINT('',(3.86570801023,-6.5600002));
#5544 = ( GEOMETRIC_REPRESENTATION_CONTEXT(2) 
PARAMETRIC_REPRESENTATION_CONTEXT() REPRESENTATION_CONTEXT('2D SPACE',''
  ) );
#5545 = PCURVE('',#3254,#5546);
#5546 = DEFINITIONAL_REPRESENTATION('',(#5547),#5574);
#5547 = B_SPLINE_CURVE_WITH_KNOTS('',7,(#5548,#5549,#5550,#5551,#5552,
    #5553,#5554,#5555,#5556,#5557,#5558,#5559,#5560,#5561,#5562,#5563,
    #5564,#5565,#5566,#5567,#5568,#5569,#5570,#5571,#5572,#5573),
  .UNSPECIFIED.,.F.,.F.,(8,6,6,6,8),(0.,0.296684128102,0.500000080652,
    0.704105067193,1.),.UNSPECIFIED.);
#5548 = CARTESIAN_POINT('',(7.068583470577,100.86578386024));
#5549 = CARTESIAN_POINT('',(7.009718310338,100.44311972261));
#5550 = CARTESIAN_POINT('',(6.957443650866,100.00163760999));
#5551 = CARTESIAN_POINT('',(6.911266185241,99.545932130492));
#5552 = CARTESIAN_POINT('',(6.87092556191,99.079475395935));
#5553 = CARTESIAN_POINT('',(6.836248272716,98.604576980028));
#5554 = CARTESIAN_POINT('',(6.80715590099,98.122540000905));
#5555 = CARTESIAN_POINT('',(6.767558658841,97.299121157622));
#5556 = CARTESIAN_POINT('',(6.754093414977,96.961378648854));
#5557 = CARTESIAN_POINT('',(6.743285976944,96.621379381236));
#5558 = CARTESIAN_POINT('',(6.735160011187,96.27971362821));
#5559 = CARTESIAN_POINT('',(6.729734412254,95.936922864222));
#5560 = CARTESIAN_POINT('',(6.727020032985,95.593518357922));
#5561 = CARTESIAN_POINT('',(6.727020032985,94.905148506838));
#5562 = CARTESIAN_POINT('',(6.729755520936,94.560413074583));
#5563 = CARTESIAN_POINT('',(6.735223263637,94.216298814849));
#5564 = CARTESIAN_POINT('',(6.743412241474,93.87332240068));
#5565 = CARTESIAN_POINT('',(6.754303295959,93.532031237372));
#5566 = CARTESIAN_POINT('',(6.767872482697,93.193022381476));
#5567 = CARTESIAN_POINT('',(6.807620763051,92.36976684763));
#5568 = CARTESIAN_POINT('',(6.836709846705,91.889108875853));
#5569 = CARTESIAN_POINT('',(6.871354790402,91.415565402854));
#5570 = CARTESIAN_POINT('',(6.911634479166,90.950434892662));
#5571 = CARTESIAN_POINT('',(6.957721599034,90.496014991529));
#5572 = CARTESIAN_POINT('',(7.009875023556,90.055755043773));
#5573 = CARTESIAN_POINT('',(7.068583470577,89.634216139752));
#5574 = ( GEOMETRIC_REPRESENTATION_CONTEXT(2) 
PARAMETRIC_REPRESENTATION_CONTEXT() REPRESENTATION_CONTEXT('2D SPACE',''
  ) );
#5575 = ORIENTED_EDGE('',*,*,#5576,.F.);
#5576 = EDGE_CURVE('',#5322,#5485,#5577,.T.);
#5577 = SURFACE_CURVE('',#5578,(#5583,#5590),.PCURVE_S1.);
#5578 = CIRCLE('',#5579,8.477);
#5579 = AXIS2_PLACEMENT_3D('',#5580,#5581,#5582);
#5580 = CARTESIAN_POINT('',(4.999998282074E-08,12.7,1.409983241274E-15)
  );
#5581 = DIRECTION('',(5.176899690513E-31,1.,2.22044604925E-16));
#5582 = DIRECTION('',(1.,-5.176899690513E-31,-1.149502646516E-46));
#5583 = PCURVE('',#3102,#5584);
#5584 = DEFINITIONAL_REPRESENTATION('',(#5585),#5589);
#5585 = LINE('',#5586,#5587);
#5586 = CARTESIAN_POINT('',(0.,-6.5600002));
#5587 = VECTOR('',#5588,1.);
#5588 = DIRECTION('',(1.,0.));
#5589 = ( GEOMETRIC_REPRESENTATION_CONTEXT(2) 
PARAMETRIC_REPRESENTATION_CONTEXT() REPRESENTATION_CONTEXT('2D SPACE',''
  ) );
#5590 = PCURVE('',#4231,#5591);
#5591 = DEFINITIONAL_REPRESENTATION('',(#5592),#5600);
#5592 = ( BOUNDED_CURVE() B_SPLINE_CURVE(2,(#5593,#5594,#5595,#5596,
#5597,#5598,#5599),.UNSPECIFIED.,.T.,.F.) B_SPLINE_CURVE_WITH_KNOTS((1,2
    ,2,2,2,1),(-2.094395102393,0.,2.094395102393,4.188790204786,
6.28318530718,8.377580409573),.UNSPECIFIED.) CURVE() 
GEOMETRIC_REPRESENTATION_ITEM() RATIONAL_B_SPLINE_CURVE((1.,0.5,1.,0.5,
1.,0.5,1.)) REPRESENTATION_ITEM('') );
#5593 = CARTESIAN_POINT('',(-4.722888857778E-16,-8.47700005));
#5594 = CARTESIAN_POINT('',(-14.68259469576,-8.47700005));
#5595 = CARTESIAN_POINT('',(-7.341297347881,4.23849995));
#5596 = CARTESIAN_POINT('',(3.098261278796E-15,16.95399995));
#5597 = CARTESIAN_POINT('',(7.341297347881,4.23849995));
#5598 = CARTESIAN_POINT('',(14.682594695761,-8.47700005));
#5599 = CARTESIAN_POINT('',(-4.722888857778E-16,-8.47700005));
#5600 = ( GEOMETRIC_REPRESENTATION_CONTEXT(2) 
PARAMETRIC_REPRESENTATION_CONTEXT() REPRESENTATION_CONTEXT('2D SPACE',''
  ) );
#5601 = ADVANCED_FACE('',(#5602),#3254,.T.);
#5602 = FACE_BOUND('',#5603,.T.);
#5603 = EDGE_LOOP('',(#5604,#5605,#5606,#5634,#5662,#5683,#5684,#5707,
    #5735,#5761,#5762,#5763));
#5604 = ORIENTED_EDGE('',*,*,#3696,.F.);
#5605 = ORIENTED_EDGE('',*,*,#3725,.F.);
#5606 = ORIENTED_EDGE('',*,*,#5607,.T.);
#5607 = EDGE_CURVE('',#3726,#5608,#5610,.T.);
#5608 = VERTEX_POINT('',#5609);
#5609 = CARTESIAN_POINT('',(-6.35,2.209195438938E-14,190.5));
#5610 = SURFACE_CURVE('',#5611,(#5615,#5622),.PCURVE_S1.);
#5611 = LINE('',#5612,#5613);
#5612 = CARTESIAN_POINT('',(-6.35,2.109423746788E-14,95.25));
#5613 = VECTOR('',#5614,1.);
#5614 = DIRECTION('',(-2.22044604925E-16,-2.465190328816E-32,1.));
#5615 = PCURVE('',#3254,#5616);
#5616 = DEFINITIONAL_REPRESENTATION('',(#5617),#5621);
#5617 = LINE('',#5618,#5619);
#5618 = CARTESIAN_POINT('',(3.926990816987,0.));
#5619 = VECTOR('',#5620,1.);
#5620 = DIRECTION('',(0.,-1.));
#5621 = ( GEOMETRIC_REPRESENTATION_CONTEXT(2) 
PARAMETRIC_REPRESENTATION_CONTEXT() REPRESENTATION_CONTEXT('2D SPACE',''
  ) );
#5622 = PCURVE('',#5623,#5628);
#5623 = PLANE('',#5624);
#5624 = AXIS2_PLACEMENT_3D('',#5625,#5626,#5627);
#5625 = CARTESIAN_POINT('',(-1.176737486058E-14,2.22044604925E-14,
    3.226712089592E-32));
#5626 = DIRECTION('',(1.224646799147E-16,-1.,2.540718180781E-33));
#5627 = DIRECTION('',(1.,1.224646799147E-16,2.22044604925E-16));
#5628 = DEFINITIONAL_REPRESENTATION('',(#5629),#5633);
#5629 = LINE('',#5630,#5631);
#5630 = CARTESIAN_POINT('',(-6.35,95.25));
#5631 = VECTOR('',#5632,1.);
#5632 = DIRECTION('',(2.465190328816E-32,1.));
#5633 = ( GEOMETRIC_REPRESENTATION_CONTEXT(2) 
PARAMETRIC_REPRESENTATION_CONTEXT() REPRESENTATION_CONTEXT('2D SPACE',''
  ) );
#5634 = ORIENTED_EDGE('',*,*,#5635,.T.);
#5635 = EDGE_CURVE('',#5608,#5636,#5638,.T.);
#5636 = VERTEX_POINT('',#5637);
#5637 = CARTESIAN_POINT('',(-6.35,12.7,190.5));
#5638 = SURFACE_CURVE('',#5639,(#5644,#5651),.PCURVE_S1.);
#5639 = CIRCLE('',#5640,6.35);
#5640 = AXIS2_PLACEMENT_3D('',#5641,#5642,#5643);
#5641 = CARTESIAN_POINT('',(-6.35,6.35,190.5));
#5642 = DIRECTION('',(2.22044604925E-16,3.697785493223E-32,-1.));
#5643 = DIRECTION('',(-0.707106781187,-0.707106781187,
    -1.570092458684E-16));
#5644 = PCURVE('',#3254,#5645);
#5645 = DEFINITIONAL_REPRESENTATION('',(#5646),#5650);
#5646 = LINE('',#5647,#5648);
#5647 = CARTESIAN_POINT('',(-1.570796326795,-95.25));
#5648 = VECTOR('',#5649,1.);
#5649 = DIRECTION('',(1.,0.));
#5650 = ( GEOMETRIC_REPRESENTATION_CONTEXT(2) 
PARAMETRIC_REPRESENTATION_CONTEXT() REPRESENTATION_CONTEXT('2D SPACE',''
  ) );
#5651 = PCURVE('',#4498,#5652);
#5652 = DEFINITIONAL_REPRESENTATION('',(#5653),#5661);
#5653 = ( BOUNDED_CURVE() B_SPLINE_CURVE(2,(#5654,#5655,#5656,#5657,
#5658,#5659,#5660),.UNSPECIFIED.,.T.,.F.) B_SPLINE_CURVE_WITH_KNOTS((1,2
    ,2,2,2,1),(-2.094395102393,0.,2.094395102393,4.188790204786,
6.28318530718,8.377580409573),.UNSPECIFIED.) CURVE() 
GEOMETRIC_REPRESENTATION_ITEM() RATIONAL_B_SPLINE_CURVE((1.,0.5,1.,0.5,
1.,0.5,1.)) REPRESENTATION_ITEM('') );
#5654 = CARTESIAN_POINT('',(23.540128060535,10.840128060535));
#5655 = CARTESIAN_POINT('',(31.317257993871,3.062998127198));
#5656 = CARTESIAN_POINT('',(20.693500936401,0.216371003064));
#5657 = CARTESIAN_POINT('',(10.069743878931,-2.630256121069));
#5658 = CARTESIAN_POINT('',(12.916371003064,7.993500936401));
#5659 = CARTESIAN_POINT('',(15.762998127198,18.617257993871));
#5660 = CARTESIAN_POINT('',(23.540128060535,10.840128060535));
#5661 = ( GEOMETRIC_REPRESENTATION_CONTEXT(2) 
PARAMETRIC_REPRESENTATION_CONTEXT() REPRESENTATION_CONTEXT('2D SPACE',''
  ) );
#5662 = ORIENTED_EDGE('',*,*,#5663,.T.);
#5663 = EDGE_CURVE('',#5636,#5457,#5664,.T.);
#5664 = SURFACE_CURVE('',#5665,(#5669,#5676),.PCURVE_S1.);
#5665 = LINE('',#5666,#5667);
#5666 = CARTESIAN_POINT('',(-6.35,12.7,95.25));
#5667 = VECTOR('',#5668,1.);
#5668 = DIRECTION('',(2.22044604925E-16,2.465190328816E-32,-1.));
#5669 = PCURVE('',#3254,#5670);
#5670 = DEFINITIONAL_REPRESENTATION('',(#5671),#5675);
#5671 = LINE('',#5672,#5673);
#5672 = CARTESIAN_POINT('',(7.068583470577,0.));
#5673 = VECTOR('',#5674,1.);
#5674 = DIRECTION('',(0.,1.));
#5675 = ( GEOMETRIC_REPRESENTATION_CONTEXT(2) 
PARAMETRIC_REPRESENTATION_CONTEXT() REPRESENTATION_CONTEXT('2D SPACE',''
  ) );
#5676 = PCURVE('',#4558,#5677);
#5677 = DEFINITIONAL_REPRESENTATION('',(#5678),#5682);
#5678 = LINE('',#5679,#5680);
#5679 = CARTESIAN_POINT('',(95.25,6.35));
#5680 = VECTOR('',#5681,1.);
#5681 = DIRECTION('',(-1.,2.465190328816E-32));
#5682 = ( GEOMETRIC_REPRESENTATION_CONTEXT(2) 
PARAMETRIC_REPRESENTATION_CONTEXT() REPRESENTATION_CONTEXT('2D SPACE',''
  ) );
#5683 = ORIENTED_EDGE('',*,*,#5484,.F.);
#5684 = ORIENTED_EDGE('',*,*,#5685,.T.);
#5685 = EDGE_CURVE('',#5485,#5686,#5688,.T.);
#5686 = VERTEX_POINT('',#5687);
#5687 = CARTESIAN_POINT('',(-6.35,12.7,-190.5));
#5688 = SURFACE_CURVE('',#5689,(#5693,#5700),.PCURVE_S1.);
#5689 = LINE('',#5690,#5691);
#5690 = CARTESIAN_POINT('',(-6.35,12.7,95.25));
#5691 = VECTOR('',#5692,1.);
#5692 = DIRECTION('',(2.22044604925E-16,2.465190328816E-32,-1.));
#5693 = PCURVE('',#3254,#5694);
#5694 = DEFINITIONAL_REPRESENTATION('',(#5695),#5699);
#5695 = LINE('',#5696,#5697);
#5696 = CARTESIAN_POINT('',(7.068583470577,0.));
#5697 = VECTOR('',#5698,1.);
#5698 = DIRECTION('',(0.,1.));
#5699 = ( GEOMETRIC_REPRESENTATION_CONTEXT(2) 
PARAMETRIC_REPRESENTATION_CONTEXT() REPRESENTATION_CONTEXT('2D SPACE',''
  ) );
#5700 = PCURVE('',#4231,#5701);
#5701 = DEFINITIONAL_REPRESENTATION('',(#5702),#5706);
#5702 = LINE('',#5703,#5704);
#5703 = CARTESIAN_POINT('',(95.25,6.35));
#5704 = VECTOR('',#5705,1.);
#5705 = DIRECTION('',(-1.,2.465190328816E-32));
#5706 = ( GEOMETRIC_REPRESENTATION_CONTEXT(2) 
PARAMETRIC_REPRESENTATION_CONTEXT() REPRESENTATION_CONTEXT('2D SPACE',''
  ) );
#5707 = ORIENTED_EDGE('',*,*,#5708,.T.);
#5708 = EDGE_CURVE('',#5686,#5709,#5711,.T.);
#5709 = VERTEX_POINT('',#5710);
#5710 = CARTESIAN_POINT('',(-6.35,2.076166516071E-14,-190.5));
#5711 = SURFACE_CURVE('',#5712,(#5717,#5724),.PCURVE_S1.);
#5712 = CIRCLE('',#5713,6.35);
#5713 = AXIS2_PLACEMENT_3D('',#5714,#5715,#5716);
#5714 = CARTESIAN_POINT('',(-6.35,6.35,-190.5));
#5715 = DIRECTION('',(-2.22044604925E-16,-3.697785493223E-32,1.));
#5716 = DIRECTION('',(-0.707106781187,-0.707106781187,
    -1.570092458684E-16));
#5717 = PCURVE('',#3254,#5718);
#5718 = DEFINITIONAL_REPRESENTATION('',(#5719),#5723);
#5719 = LINE('',#5720,#5721);
#5720 = CARTESIAN_POINT('',(10.995574287564,285.75));
#5721 = VECTOR('',#5722,1.);
#5722 = DIRECTION('',(-1.,0.));
#5723 = ( GEOMETRIC_REPRESENTATION_CONTEXT(2) 
PARAMETRIC_REPRESENTATION_CONTEXT() REPRESENTATION_CONTEXT('2D SPACE',''
  ) );
#5724 = PCURVE('',#4121,#5725);
#5725 = DEFINITIONAL_REPRESENTATION('',(#5726),#5734);
#5726 = ( BOUNDED_CURVE() B_SPLINE_CURVE(2,(#5727,#5728,#5729,#5730,
#5731,#5732,#5733),.UNSPECIFIED.,.T.,.F.) B_SPLINE_CURVE_WITH_KNOTS((1,2
    ,2,2,2,1),(-2.094395102393,0.,2.094395102393,4.188790204786,
6.28318530718,8.377580409573),.UNSPECIFIED.) CURVE() 
GEOMETRIC_REPRESENTATION_ITEM() RATIONAL_B_SPLINE_CURVE((1.,0.5,1.,0.5,
1.,0.5,1.)) REPRESENTATION_ITEM('') );
#5727 = CARTESIAN_POINT('',(1.859871939465,10.840128060535));
#5728 = CARTESIAN_POINT('',(9.637001872802,18.617257993871));
#5729 = CARTESIAN_POINT('',(12.483628996936,7.993500936401));
#5730 = CARTESIAN_POINT('',(15.330256121069,-2.630256121069));
#5731 = CARTESIAN_POINT('',(4.706499063599,0.216371003064));
#5732 = CARTESIAN_POINT('',(-5.917257993871,3.062998127198));
#5733 = CARTESIAN_POINT('',(1.859871939465,10.840128060535));
#5734 = ( GEOMETRIC_REPRESENTATION_CONTEXT(2) 
PARAMETRIC_REPRESENTATION_CONTEXT() REPRESENTATION_CONTEXT('2D SPACE',''
  ) );
#5735 = ORIENTED_EDGE('',*,*,#5736,.T.);
#5736 = EDGE_CURVE('',#5709,#3165,#5737,.T.);
#5737 = SURFACE_CURVE('',#5738,(#5742,#5749),.PCURVE_S1.);
#5738 = LINE('',#5739,#5740);
#5739 = CARTESIAN_POINT('',(-6.35,2.109423746788E-14,95.25));
#5740 = VECTOR('',#5741,1.);
#5741 = DIRECTION('',(-2.22044604925E-16,-2.465190328816E-32,1.));
#5742 = PCURVE('',#3254,#5743);
#5743 = DEFINITIONAL_REPRESENTATION('',(#5744),#5748);
#5744 = LINE('',#5745,#5746);
#5745 = CARTESIAN_POINT('',(3.926990816987,0.));
#5746 = VECTOR('',#5747,1.);
#5747 = DIRECTION('',(0.,-1.));
#5748 = ( GEOMETRIC_REPRESENTATION_CONTEXT(2) 
PARAMETRIC_REPRESENTATION_CONTEXT() REPRESENTATION_CONTEXT('2D SPACE',''
  ) );
#5749 = PCURVE('',#5750,#5755);
#5750 = PLANE('',#5751);
#5751 = AXIS2_PLACEMENT_3D('',#5752,#5753,#5754);
#5752 = CARTESIAN_POINT('',(-1.176737486058E-14,2.22044604925E-14,
    3.226712089592E-32));
#5753 = DIRECTION('',(1.224646799147E-16,-1.,2.540718180781E-33));
#5754 = DIRECTION('',(1.,1.224646799147E-16,2.22044604925E-16));
#5755 = DEFINITIONAL_REPRESENTATION('',(#5756),#5760);
#5756 = LINE('',#5757,#5758);
#5757 = CARTESIAN_POINT('',(-6.35,95.25));
#5758 = VECTOR('',#5759,1.);
#5759 = DIRECTION('',(2.465190328816E-32,1.));
#5760 = ( GEOMETRIC_REPRESENTATION_CONTEXT(2) 
PARAMETRIC_REPRESENTATION_CONTEXT() REPRESENTATION_CONTEXT('2D SPACE',''
  ) );
#5761 = ORIENTED_EDGE('',*,*,#3215,.F.);
#5762 = ORIENTED_EDGE('',*,*,#3266,.T.);
#5763 = ORIENTED_EDGE('',*,*,#3618,.F.);
#5764 = ADVANCED_FACE('',(#5765),#3203,.T.);
#5765 = FACE_BOUND('',#5766,.T.);
#5766 = EDGE_LOOP('',(#5767,#5768,#5769,#5770,#5791,#5792));
#5767 = ORIENTED_EDGE('',*,*,#3916,.T.);
#5768 = ORIENTED_EDGE('',*,*,#3670,.T.);
#5769 = ORIENTED_EDGE('',*,*,#3164,.T.);
#5770 = ORIENTED_EDGE('',*,*,#5771,.T.);
#5771 = EDGE_CURVE('',#3165,#4827,#5772,.T.);
#5772 = SURFACE_CURVE('',#5773,(#5777,#5784),.PCURVE_S1.);
#5773 = LINE('',#5774,#5775);
#5774 = CARTESIAN_POINT('',(6.35,2.331468351713E-14,-43.17999942779));
#5775 = VECTOR('',#5776,1.);
#5776 = DIRECTION('',(1.,1.224646799147E-16,2.22044604925E-16));
#5777 = PCURVE('',#3203,#5778);
#5778 = DEFINITIONAL_REPRESENTATION('',(#5779),#5783);
#5779 = LINE('',#5780,#5781);
#5780 = CARTESIAN_POINT('',(-0.785398163397,0.));
#5781 = VECTOR('',#5782,1.);
#5782 = DIRECTION('',(-6.993530863781E-17,-1.));
#5783 = ( GEOMETRIC_REPRESENTATION_CONTEXT(2) 
PARAMETRIC_REPRESENTATION_CONTEXT() REPRESENTATION_CONTEXT('2D SPACE',''
  ) );
#5784 = PCURVE('',#5750,#5785);
#5785 = DEFINITIONAL_REPRESENTATION('',(#5786),#5790);
#5786 = LINE('',#5787,#5788);
#5787 = CARTESIAN_POINT('',(6.35,-43.17999942779));
#5788 = VECTOR('',#5789,1.);
#5789 = DIRECTION('',(1.,-2.465190328816E-32));
#5790 = ( GEOMETRIC_REPRESENTATION_CONTEXT(2) 
PARAMETRIC_REPRESENTATION_CONTEXT() REPRESENTATION_CONTEXT('2D SPACE',''
  ) );
#5791 = ORIENTED_EDGE('',*,*,#4872,.F.);
#5792 = ORIENTED_EDGE('',*,*,#4574,.T.);
#5793 = ADVANCED_FACE('',(#5794),#3810,.T.);
#5794 = FACE_BOUND('',#5795,.T.);
#5795 = EDGE_LOOP('',(#5796,#5797,#5798,#5799,#5820,#5821));
#5796 = ORIENTED_EDGE('',*,*,#4338,.T.);
#5797 = ORIENTED_EDGE('',*,*,#4966,.T.);
#5798 = ORIENTED_EDGE('',*,*,#5187,.T.);
#5799 = ORIENTED_EDGE('',*,*,#5800,.T.);
#5800 = EDGE_CURVE('',#5188,#3726,#5801,.T.);
#5801 = SURFACE_CURVE('',#5802,(#5806,#5813),.PCURVE_S1.);
#5802 = LINE('',#5803,#5804);
#5803 = CARTESIAN_POINT('',(-6.35,2.109423746788E-14,43.179999427795));
#5804 = VECTOR('',#5805,1.);
#5805 = DIRECTION('',(-1.,-1.224646799147E-16,-2.22044604925E-16));
#5806 = PCURVE('',#3810,#5807);
#5807 = DEFINITIONAL_REPRESENTATION('',(#5808),#5812);
#5808 = LINE('',#5809,#5810);
#5809 = CARTESIAN_POINT('',(-0.785398163397,0.));
#5810 = VECTOR('',#5811,1.);
#5811 = DIRECTION('',(-6.993530863781E-17,-1.));
#5812 = ( GEOMETRIC_REPRESENTATION_CONTEXT(2) 
PARAMETRIC_REPRESENTATION_CONTEXT() REPRESENTATION_CONTEXT('2D SPACE',''
  ) );
#5813 = PCURVE('',#5623,#5814);
#5814 = DEFINITIONAL_REPRESENTATION('',(#5815),#5819);
#5815 = LINE('',#5816,#5817);
#5816 = CARTESIAN_POINT('',(-6.35,43.179999427795));
#5817 = VECTOR('',#5818,1.);
#5818 = DIRECTION('',(-1.,2.465190328816E-32));
#5819 = ( GEOMETRIC_REPRESENTATION_CONTEXT(2) 
PARAMETRIC_REPRESENTATION_CONTEXT() REPRESENTATION_CONTEXT('2D SPACE',''
  ) );
#5820 = ORIENTED_EDGE('',*,*,#3771,.F.);
#5821 = ORIENTED_EDGE('',*,*,#4166,.T.);
#5822 = ADVANCED_FACE('',(#5823,#5898),#4121,.T.);
#5823 = FACE_BOUND('',#5824,.T.);
#5824 = EDGE_LOOP('',(#5825,#5826,#5849,#5877));
#5825 = ORIENTED_EDGE('',*,*,#5708,.F.);
#5826 = ORIENTED_EDGE('',*,*,#5827,.T.);
#5827 = EDGE_CURVE('',#5686,#5828,#5830,.T.);
#5828 = VERTEX_POINT('',#5829);
#5829 = CARTESIAN_POINT('',(6.35,12.7,-190.5));
#5830 = SURFACE_CURVE('',#5831,(#5835,#5842),.PCURVE_S1.);
#5831 = LINE('',#5832,#5833);
#5832 = CARTESIAN_POINT('',(-12.7,12.7,-190.5));
#5833 = VECTOR('',#5834,1.);
#5834 = DIRECTION('',(1.,1.224646799147E-16,2.22044604925E-16));
#5835 = PCURVE('',#4121,#5836);
#5836 = DEFINITIONAL_REPRESENTATION('',(#5837),#5841);
#5837 = LINE('',#5838,#5839);
#5838 = CARTESIAN_POINT('',(0.,0.));
#5839 = VECTOR('',#5840,1.);
#5840 = DIRECTION('',(1.,5.641527646774E-49));
#5841 = ( GEOMETRIC_REPRESENTATION_CONTEXT(2) 
PARAMETRIC_REPRESENTATION_CONTEXT() REPRESENTATION_CONTEXT('2D SPACE',''
  ) );
#5842 = PCURVE('',#4231,#5843);
#5843 = DEFINITIONAL_REPRESENTATION('',(#5844),#5848);
#5844 = LINE('',#5845,#5846);
#5845 = CARTESIAN_POINT('',(-190.5,12.7));
#5846 = VECTOR('',#5847,1.);
#5847 = DIRECTION('',(-2.465190328816E-32,-1.));
#5848 = ( GEOMETRIC_REPRESENTATION_CONTEXT(2) 
PARAMETRIC_REPRESENTATION_CONTEXT() REPRESENTATION_CONTEXT('2D SPACE',''
  ) );
#5849 = ORIENTED_EDGE('',*,*,#5850,.F.);
#5850 = EDGE_CURVE('',#5851,#5828,#5853,.T.);
#5851 = VERTEX_POINT('',#5852);
#5852 = CARTESIAN_POINT('',(6.35,2.231696659563E-14,-190.5));
#5853 = SURFACE_CURVE('',#5854,(#5859,#5870),.PCURVE_S1.);
#5854 = CIRCLE('',#5855,6.35);
#5855 = AXIS2_PLACEMENT_3D('',#5856,#5857,#5858);
#5856 = CARTESIAN_POINT('',(6.35,6.35,-190.5));
#5857 = DIRECTION('',(-2.22044604925E-16,-3.697785493223E-32,1.));
#5858 = DIRECTION('',(0.707106781187,-0.707106781187,1.570092458684E-16)
  );
#5859 = PCURVE('',#4121,#5860);
#5860 = DEFINITIONAL_REPRESENTATION('',(#5861),#5869);
#5861 = ( BOUNDED_CURVE() B_SPLINE_CURVE(2,(#5862,#5863,#5864,#5865,
#5866,#5867,#5868),.UNSPECIFIED.,.T.,.F.) B_SPLINE_CURVE_WITH_KNOTS((1,2
    ,2,2,2,1),(-2.094395102393,0.,2.094395102393,4.188790204786,
6.28318530718,8.377580409573),.UNSPECIFIED.) CURVE() 
GEOMETRIC_REPRESENTATION_ITEM() RATIONAL_B_SPLINE_CURVE((1.,0.5,1.,0.5,
1.,0.5,1.)) REPRESENTATION_ITEM('') );
#5862 = CARTESIAN_POINT('',(23.540128060535,10.840128060535));
#5863 = CARTESIAN_POINT('',(31.317257993871,3.062998127198));
#5864 = CARTESIAN_POINT('',(20.693500936401,0.216371003064));
#5865 = CARTESIAN_POINT('',(10.069743878931,-2.630256121069));
#5866 = CARTESIAN_POINT('',(12.916371003064,7.993500936401));
#5867 = CARTESIAN_POINT('',(15.762998127198,18.617257993871));
#5868 = CARTESIAN_POINT('',(23.540128060535,10.840128060535));
#5869 = ( GEOMETRIC_REPRESENTATION_CONTEXT(2) 
PARAMETRIC_REPRESENTATION_CONTEXT() REPRESENTATION_CONTEXT('2D SPACE',''
  ) );
#5870 = PCURVE('',#4812,#5871);
#5871 = DEFINITIONAL_REPRESENTATION('',(#5872),#5876);
#5872 = LINE('',#5873,#5874);
#5873 = CARTESIAN_POINT('',(-1.570796326795,-95.25));
#5874 = VECTOR('',#5875,1.);
#5875 = DIRECTION('',(1.,0.));
#5876 = ( GEOMETRIC_REPRESENTATION_CONTEXT(2) 
PARAMETRIC_REPRESENTATION_CONTEXT() REPRESENTATION_CONTEXT('2D SPACE',''
  ) );
#5877 = ORIENTED_EDGE('',*,*,#5878,.F.);
#5878 = EDGE_CURVE('',#5709,#5851,#5879,.T.);
#5879 = SURFACE_CURVE('',#5880,(#5884,#5891),.PCURVE_S1.);
#5880 = LINE('',#5881,#5882);
#5881 = CARTESIAN_POINT('',(-12.7,1.998401444325E-14,-190.5));
#5882 = VECTOR('',#5883,1.);
#5883 = DIRECTION('',(1.,1.224646799147E-16,2.22044604925E-16));
#5884 = PCURVE('',#4121,#5885);
#5885 = DEFINITIONAL_REPRESENTATION('',(#5886),#5890);
#5886 = LINE('',#5887,#5888);
#5887 = CARTESIAN_POINT('',(-1.555301434917E-15,12.7));
#5888 = VECTOR('',#5889,1.);
#5889 = DIRECTION('',(1.,5.641527646774E-49));
#5890 = ( GEOMETRIC_REPRESENTATION_CONTEXT(2) 
PARAMETRIC_REPRESENTATION_CONTEXT() REPRESENTATION_CONTEXT('2D SPACE',''
  ) );
#5891 = PCURVE('',#5750,#5892);
#5892 = DEFINITIONAL_REPRESENTATION('',(#5893),#5897);
#5893 = LINE('',#5894,#5895);
#5894 = CARTESIAN_POINT('',(-12.7,-190.5));
#5895 = VECTOR('',#5896,1.);
#5896 = DIRECTION('',(1.,-2.465190328816E-32));
#5897 = ( GEOMETRIC_REPRESENTATION_CONTEXT(2) 
PARAMETRIC_REPRESENTATION_CONTEXT() REPRESENTATION_CONTEXT('2D SPACE',''
  ) );
#5898 = FACE_BOUND('',#5899,.T.);
#5899 = EDGE_LOOP('',(#5900));
#5900 = ORIENTED_EDGE('',*,*,#4106,.T.);
#5901 = ADVANCED_FACE('',(#5902,#5928),#4231,.F.);
#5902 = FACE_BOUND('',#5903,.F.);
#5903 = EDGE_LOOP('',(#5904,#5905,#5906,#5907));
#5904 = ORIENTED_EDGE('',*,*,#5576,.T.);
#5905 = ORIENTED_EDGE('',*,*,#5685,.T.);
#5906 = ORIENTED_EDGE('',*,*,#5827,.T.);
#5907 = ORIENTED_EDGE('',*,*,#5908,.T.);
#5908 = EDGE_CURVE('',#5828,#5322,#5909,.T.);
#5909 = SURFACE_CURVE('',#5910,(#5914,#5921),.PCURVE_S1.);
#5910 = LINE('',#5911,#5912);
#5911 = CARTESIAN_POINT('',(6.35,12.7,-95.25));
#5912 = VECTOR('',#5913,1.);
#5913 = DIRECTION('',(-2.22044604925E-16,-2.465190328816E-32,1.));
#5914 = PCURVE('',#4231,#5915);
#5915 = DEFINITIONAL_REPRESENTATION('',(#5916),#5920);
#5916 = LINE('',#5917,#5918);
#5917 = CARTESIAN_POINT('',(-95.25,-6.35));
#5918 = VECTOR('',#5919,1.);
#5919 = DIRECTION('',(1.,-2.465190328816E-32));
#5920 = ( GEOMETRIC_REPRESENTATION_CONTEXT(2) 
PARAMETRIC_REPRESENTATION_CONTEXT() REPRESENTATION_CONTEXT('2D SPACE',''
  ) );
#5921 = PCURVE('',#4812,#5922);
#5922 = DEFINITIONAL_REPRESENTATION('',(#5923),#5927);
#5923 = LINE('',#5924,#5925);
#5924 = CARTESIAN_POINT('',(7.068583470577,0.));
#5925 = VECTOR('',#5926,1.);
#5926 = DIRECTION('',(0.,1.));
#5927 = ( GEOMETRIC_REPRESENTATION_CONTEXT(2) 
PARAMETRIC_REPRESENTATION_CONTEXT() REPRESENTATION_CONTEXT('2D SPACE',''
  ) );
#5928 = FACE_BOUND('',#5929,.F.);
#5929 = EDGE_LOOP('',(#5930));
#5930 = ORIENTED_EDGE('',*,*,#4216,.F.);
#5931 = ADVANCED_FACE('',(#5932,#6007),#4498,.T.);
#5932 = FACE_BOUND('',#5933,.T.);
#5933 = EDGE_LOOP('',(#5934,#5964,#5985,#5986));
#5934 = ORIENTED_EDGE('',*,*,#5935,.F.);
#5935 = EDGE_CURVE('',#5936,#5938,#5940,.T.);
#5936 = VERTEX_POINT('',#5937);
#5937 = CARTESIAN_POINT('',(6.35,12.7,190.5));
#5938 = VERTEX_POINT('',#5939);
#5939 = CARTESIAN_POINT('',(6.35,2.364725582429E-14,190.5));
#5940 = SURFACE_CURVE('',#5941,(#5946,#5957),.PCURVE_S1.);
#5941 = CIRCLE('',#5942,6.35);
#5942 = AXIS2_PLACEMENT_3D('',#5943,#5944,#5945);
#5943 = CARTESIAN_POINT('',(6.35,6.35,190.5));
#5944 = DIRECTION('',(2.22044604925E-16,3.697785493223E-32,-1.));
#5945 = DIRECTION('',(0.707106781187,-0.707106781187,1.570092458684E-16)
  );
#5946 = PCURVE('',#4498,#5947);
#5947 = DEFINITIONAL_REPRESENTATION('',(#5948),#5956);
#5948 = ( BOUNDED_CURVE() B_SPLINE_CURVE(2,(#5949,#5950,#5951,#5952,
#5953,#5954,#5955),.UNSPECIFIED.,.T.,.F.) B_SPLINE_CURVE_WITH_KNOTS((1,2
    ,2,2,2,1),(-2.094395102393,0.,2.094395102393,4.188790204786,
6.28318530718,8.377580409573),.UNSPECIFIED.) CURVE() 
GEOMETRIC_REPRESENTATION_ITEM() RATIONAL_B_SPLINE_CURVE((1.,0.5,1.,0.5,
1.,0.5,1.)) REPRESENTATION_ITEM('') );
#5949 = CARTESIAN_POINT('',(1.859871939465,10.840128060535));
#5950 = CARTESIAN_POINT('',(9.637001872802,18.617257993871));
#5951 = CARTESIAN_POINT('',(12.483628996936,7.993500936401));
#5952 = CARTESIAN_POINT('',(15.330256121069,-2.630256121069));
#5953 = CARTESIAN_POINT('',(4.706499063599,0.216371003064));
#5954 = CARTESIAN_POINT('',(-5.917257993871,3.062998127198));
#5955 = CARTESIAN_POINT('',(1.859871939465,10.840128060535));
#5956 = ( GEOMETRIC_REPRESENTATION_CONTEXT(2) 
PARAMETRIC_REPRESENTATION_CONTEXT() REPRESENTATION_CONTEXT('2D SPACE',''
  ) );
#5957 = PCURVE('',#4812,#5958);
#5958 = DEFINITIONAL_REPRESENTATION('',(#5959),#5963);
#5959 = LINE('',#5960,#5961);
#5960 = CARTESIAN_POINT('',(10.995574287564,285.75));
#5961 = VECTOR('',#5962,1.);
#5962 = DIRECTION('',(-1.,0.));
#5963 = ( GEOMETRIC_REPRESENTATION_CONTEXT(2) 
PARAMETRIC_REPRESENTATION_CONTEXT() REPRESENTATION_CONTEXT('2D SPACE',''
  ) );
#5964 = ORIENTED_EDGE('',*,*,#5965,.T.);
#5965 = EDGE_CURVE('',#5936,#5636,#5966,.T.);
#5966 = SURFACE_CURVE('',#5967,(#5971,#5978),.PCURVE_S1.);
#5967 = LINE('',#5968,#5969);
#5968 = CARTESIAN_POINT('',(12.7,12.7,190.5));
#5969 = VECTOR('',#5970,1.);
#5970 = DIRECTION('',(-1.,-1.224646799147E-16,-2.22044604925E-16));
#5971 = PCURVE('',#4498,#5972);
#5972 = DEFINITIONAL_REPRESENTATION('',(#5973),#5977);
#5973 = LINE('',#5974,#5975);
#5974 = CARTESIAN_POINT('',(-0.,0.));
#5975 = VECTOR('',#5976,1.);
#5976 = DIRECTION('',(1.,-5.641527646774E-49));
#5977 = ( GEOMETRIC_REPRESENTATION_CONTEXT(2) 
PARAMETRIC_REPRESENTATION_CONTEXT() REPRESENTATION_CONTEXT('2D SPACE',''
  ) );
#5978 = PCURVE('',#4558,#5979);
#5979 = DEFINITIONAL_REPRESENTATION('',(#5980),#5984);
#5980 = LINE('',#5981,#5982);
#5981 = CARTESIAN_POINT('',(190.5,-12.7));
#5982 = VECTOR('',#5983,1.);
#5983 = DIRECTION('',(2.465190328816E-32,1.));
#5984 = ( GEOMETRIC_REPRESENTATION_CONTEXT(2) 
PARAMETRIC_REPRESENTATION_CONTEXT() REPRESENTATION_CONTEXT('2D SPACE',''
  ) );
#5985 = ORIENTED_EDGE('',*,*,#5635,.F.);
#5986 = ORIENTED_EDGE('',*,*,#5987,.F.);
#5987 = EDGE_CURVE('',#5938,#5608,#5988,.T.);
#5988 = SURFACE_CURVE('',#5989,(#5993,#6000),.PCURVE_S1.);
#5989 = LINE('',#5990,#5991);
#5990 = CARTESIAN_POINT('',(12.7,2.442490654175E-14,190.5));
#5991 = VECTOR('',#5992,1.);
#5992 = DIRECTION('',(-1.,-1.224646799147E-16,-2.22044604925E-16));
#5993 = PCURVE('',#4498,#5994);
#5994 = DEFINITIONAL_REPRESENTATION('',(#5995),#5999);
#5995 = LINE('',#5996,#5997);
#5996 = CARTESIAN_POINT('',(1.555301434917E-15,12.7));
#5997 = VECTOR('',#5998,1.);
#5998 = DIRECTION('',(1.,-5.641527646774E-49));
#5999 = ( GEOMETRIC_REPRESENTATION_CONTEXT(2) 
PARAMETRIC_REPRESENTATION_CONTEXT() REPRESENTATION_CONTEXT('2D SPACE',''
  ) );
#6000 = PCURVE('',#5623,#6001);
#6001 = DEFINITIONAL_REPRESENTATION('',(#6002),#6006);
#6002 = LINE('',#6003,#6004);
#6003 = CARTESIAN_POINT('',(12.7,190.5));
#6004 = VECTOR('',#6005,1.);
#6005 = DIRECTION('',(-1.,2.465190328816E-32));
#6006 = ( GEOMETRIC_REPRESENTATION_CONTEXT(2) 
PARAMETRIC_REPRESENTATION_CONTEXT() REPRESENTATION_CONTEXT('2D SPACE',''
  ) );
#6007 = FACE_BOUND('',#6008,.T.);
#6008 = EDGE_LOOP('',(#6009));
#6009 = ORIENTED_EDGE('',*,*,#4483,.T.);
#6010 = ADVANCED_FACE('',(#6011,#6037),#4558,.F.);
#6011 = FACE_BOUND('',#6012,.F.);
#6012 = EDGE_LOOP('',(#6013,#6014,#6015,#6016));
#6013 = ORIENTED_EDGE('',*,*,#5965,.T.);
#6014 = ORIENTED_EDGE('',*,*,#5663,.T.);
#6015 = ORIENTED_EDGE('',*,*,#5456,.T.);
#6016 = ORIENTED_EDGE('',*,*,#6017,.T.);
#6017 = EDGE_CURVE('',#5401,#5936,#6018,.T.);
#6018 = SURFACE_CURVE('',#6019,(#6023,#6030),.PCURVE_S1.);
#6019 = LINE('',#6020,#6021);
#6020 = CARTESIAN_POINT('',(6.35,12.7,-95.25));
#6021 = VECTOR('',#6022,1.);
#6022 = DIRECTION('',(-2.22044604925E-16,-2.465190328816E-32,1.));
#6023 = PCURVE('',#4558,#6024);
#6024 = DEFINITIONAL_REPRESENTATION('',(#6025),#6029);
#6025 = LINE('',#6026,#6027);
#6026 = CARTESIAN_POINT('',(-95.25,-6.35));
#6027 = VECTOR('',#6028,1.);
#6028 = DIRECTION('',(1.,-2.465190328816E-32));
#6029 = ( GEOMETRIC_REPRESENTATION_CONTEXT(2) 
PARAMETRIC_REPRESENTATION_CONTEXT() REPRESENTATION_CONTEXT('2D SPACE',''
  ) );
#6030 = PCURVE('',#4812,#6031);
#6031 = DEFINITIONAL_REPRESENTATION('',(#6032),#6036);
#6032 = LINE('',#6033,#6034);
#6033 = CARTESIAN_POINT('',(7.068583470577,0.));
#6034 = VECTOR('',#6035,1.);
#6035 = DIRECTION('',(0.,1.));
#6036 = ( GEOMETRIC_REPRESENTATION_CONTEXT(2) 
PARAMETRIC_REPRESENTATION_CONTEXT() REPRESENTATION_CONTEXT('2D SPACE',''
  ) );
#6037 = FACE_BOUND('',#6038,.F.);
#6038 = EDGE_LOOP('',(#6039));
#6039 = ORIENTED_EDGE('',*,*,#4543,.F.);
#6040 = ADVANCED_FACE('',(#6041),#4812,.T.);
#6041 = FACE_BOUND('',#6042,.T.);
#6042 = EDGE_LOOP('',(#6043,#6044,#6045,#6066,#6067,#6068,#6069,#6070,
    #6071,#6072,#6093,#6094,#6095));
#6043 = ORIENTED_EDGE('',*,*,#4792,.F.);
#6044 = ORIENTED_EDGE('',*,*,#4826,.F.);
#6045 = ORIENTED_EDGE('',*,*,#6046,.T.);
#6046 = EDGE_CURVE('',#4827,#5851,#6047,.T.);
#6047 = SURFACE_CURVE('',#6048,(#6052,#6059),.PCURVE_S1.);
#6048 = LINE('',#6049,#6050);
#6049 = CARTESIAN_POINT('',(6.35,2.331468351713E-14,-95.25));
#6050 = VECTOR('',#6051,1.);
#6051 = DIRECTION('',(2.22044604925E-16,2.465190328816E-32,-1.));
#6052 = PCURVE('',#4812,#6053);
#6053 = DEFINITIONAL_REPRESENTATION('',(#6054),#6058);
#6054 = LINE('',#6055,#6056);
#6055 = CARTESIAN_POINT('',(3.926990816987,0.));
#6056 = VECTOR('',#6057,1.);
#6057 = DIRECTION('',(0.,-1.));
#6058 = ( GEOMETRIC_REPRESENTATION_CONTEXT(2) 
PARAMETRIC_REPRESENTATION_CONTEXT() REPRESENTATION_CONTEXT('2D SPACE',''
  ) );
#6059 = PCURVE('',#5750,#6060);
#6060 = DEFINITIONAL_REPRESENTATION('',(#6061),#6065);
#6061 = LINE('',#6062,#6063);
#6062 = CARTESIAN_POINT('',(6.35,-95.25));
#6063 = VECTOR('',#6064,1.);
#6064 = DIRECTION('',(-2.465190328816E-32,-1.));
#6065 = ( GEOMETRIC_REPRESENTATION_CONTEXT(2) 
PARAMETRIC_REPRESENTATION_CONTEXT() REPRESENTATION_CONTEXT('2D SPACE',''
  ) );
#6066 = ORIENTED_EDGE('',*,*,#5850,.T.);
#6067 = ORIENTED_EDGE('',*,*,#5908,.T.);
#6068 = ORIENTED_EDGE('',*,*,#5319,.F.);
#6069 = ORIENTED_EDGE('',*,*,#5400,.F.);
#6070 = ORIENTED_EDGE('',*,*,#6017,.T.);
#6071 = ORIENTED_EDGE('',*,*,#5935,.T.);
#6072 = ORIENTED_EDGE('',*,*,#6073,.T.);
#6073 = EDGE_CURVE('',#5938,#5188,#6074,.T.);
#6074 = SURFACE_CURVE('',#6075,(#6079,#6086),.PCURVE_S1.);
#6075 = LINE('',#6076,#6077);
#6076 = CARTESIAN_POINT('',(6.35,2.331468351713E-14,-95.25));
#6077 = VECTOR('',#6078,1.);
#6078 = DIRECTION('',(2.22044604925E-16,2.465190328816E-32,-1.));
#6079 = PCURVE('',#4812,#6080);
#6080 = DEFINITIONAL_REPRESENTATION('',(#6081),#6085);
#6081 = LINE('',#6082,#6083);
#6082 = CARTESIAN_POINT('',(3.926990816987,0.));
#6083 = VECTOR('',#6084,1.);
#6084 = DIRECTION('',(0.,-1.));
#6085 = ( GEOMETRIC_REPRESENTATION_CONTEXT(2) 
PARAMETRIC_REPRESENTATION_CONTEXT() REPRESENTATION_CONTEXT('2D SPACE',''
  ) );
#6086 = PCURVE('',#5623,#6087);
#6087 = DEFINITIONAL_REPRESENTATION('',(#6088),#6092);
#6088 = LINE('',#6089,#6090);
#6089 = CARTESIAN_POINT('',(6.35,-95.25));
#6090 = VECTOR('',#6091,1.);
#6091 = DIRECTION('',(-2.465190328816E-32,-1.));
#6092 = ( GEOMETRIC_REPRESENTATION_CONTEXT(2) 
PARAMETRIC_REPRESENTATION_CONTEXT() REPRESENTATION_CONTEXT('2D SPACE',''
  ) );
#6093 = ORIENTED_EDGE('',*,*,#5233,.F.);
#6094 = ORIENTED_EDGE('',*,*,#5279,.T.);
#6095 = ORIENTED_EDGE('',*,*,#4993,.F.);
#6096 = ADVANCED_FACE('',(#6097),#5623,.T.);
#6097 = FACE_BOUND('',#6098,.T.);
#6098 = EDGE_LOOP('',(#6099,#6100,#6101,#6102));
#6099 = ORIENTED_EDGE('',*,*,#5800,.F.);
#6100 = ORIENTED_EDGE('',*,*,#6073,.F.);
#6101 = ORIENTED_EDGE('',*,*,#5987,.T.);
#6102 = ORIENTED_EDGE('',*,*,#5607,.F.);
#6103 = ADVANCED_FACE('',(#6104),#5750,.T.);
#6104 = FACE_BOUND('',#6105,.T.);
#6105 = EDGE_LOOP('',(#6106,#6107,#6108,#6109));
#6106 = ORIENTED_EDGE('',*,*,#5771,.F.);
#6107 = ORIENTED_EDGE('',*,*,#5736,.F.);
#6108 = ORIENTED_EDGE('',*,*,#5878,.T.);
#6109 = ORIENTED_EDGE('',*,*,#6046,.F.);
#6110 = ( GEOMETRIC_REPRESENTATION_CONTEXT(3) 
GLOBAL_UNCERTAINTY_ASSIGNED_CONTEXT((#6114)) 
GLOBAL_UNIT_ASSIGNED_CONTEXT((#6111,#6112,#6113)) REPRESENTATION_CONTEXT
('Context #1','3D Context with UNIT and UNCERTAINTY') );
#6111 = ( LENGTH_UNIT() NAMED_UNIT(*) SI_UNIT(.MILLI.,.METRE.) );
#6112 = ( NAMED_UNIT(*) PLANE_ANGLE_UNIT() SI_UNIT($,.RADIAN.) );
#6113 = ( NAMED_UNIT(*) SI_UNIT($,.STERADIAN.) SOLID_ANGLE_UNIT() );
#6114 = UNCERTAINTY_MEASURE_WITH_UNIT(LENGTH_MEASURE(2.E-04),#6111,
  'distance_accuracy_value','confusion accuracy');
#6115 = CONTEXT_DEPENDENT_SHAPE_REPRESENTATION(#6116,#6118);
#6116 = ( REPRESENTATION_RELATIONSHIP('','',#2455,#10) 
REPRESENTATION_RELATIONSHIP_WITH_TRANSFORMATION(#6117) 
SHAPE_REPRESENTATION_RELATIONSHIP() );
#6117 = ITEM_DEFINED_TRANSFORMATION('','',#11,#19);
#6118 = PRODUCT_DEFINITION_SHAPE('Placement','Placement of an item',
  #6119);
#6119 = NEXT_ASSEMBLY_USAGE_OCCURRENCE('2','','',#5,#2450,$);
#6120 = PRODUCT_RELATED_PRODUCT_CATEGORY('part',$,(#2452));
#6121 = SHAPE_DEFINITION_REPRESENTATION(#6122,#6128);
#6122 = PRODUCT_DEFINITION_SHAPE('','',#6123);
#6123 = PRODUCT_DEFINITION('design','',#6124,#6127);
#6124 = PRODUCT_DEFINITION_FORMATION('','',#6125);
#6125 = PRODUCT('Open CASCADE STEP translator 7.9 1.3',
  'Open CASCADE STEP translator 7.9 1.3','',(#6126));
#6126 = PRODUCT_CONTEXT('',#2,'mechanical');
#6127 = PRODUCT_DEFINITION_CONTEXT('part definition',#2,'design');
#6128 = ADVANCED_BREP_SHAPE_REPRESENTATION('',(#11,#6129),#9051);
#6129 = MANIFOLD_SOLID_BREP('',#6130);
#6130 = CLOSED_SHELL('',(#6131,#6257,#6333,#6415,#6491,#6612,#6688,#6972
    ,#7026,#7075,#7147,#7196,#7328,#7355,#7382,#7389,#7443,#7474,#7481,
    #7488,#7614,#7690,#7772,#7848,#7969,#8045,#8329,#8383,#8432,#8504,
    #8553,#8681,#8708,#8735,#8742,#8796,#8827,#8834,#8841,#8908,#8935,
    #8997,#9024));
#6131 = ADVANCED_FACE('',(#6132),#6146,.F.);
#6132 = FACE_BOUND('',#6133,.F.);
#6133 = EDGE_LOOP('',(#6134,#6169,#6198,#6226));
#6134 = ORIENTED_EDGE('',*,*,#6135,.T.);
#6135 = EDGE_CURVE('',#6136,#6138,#6140,.T.);
#6136 = VERTEX_POINT('',#6137);
#6137 = CARTESIAN_POINT('',(-22.86000072956,17.78,-15.24000072956));
#6138 = VERTEX_POINT('',#6139);
#6139 = CARTESIAN_POINT('',(-22.86000072956,27.94,-15.24000072956));
#6140 = SURFACE_CURVE('',#6141,(#6145,#6157),.PCURVE_S1.);
#6141 = LINE('',#6142,#6143);
#6142 = CARTESIAN_POINT('',(-22.86000072956,27.94,-15.24000072956));
#6143 = VECTOR('',#6144,1.);
#6144 = DIRECTION('',(0.,1.,-4.370956789863E-16));
#6145 = PCURVE('',#6146,#6151);
#6146 = CYLINDRICAL_SURFACE('',#6147,7.62);
#6147 = AXIS2_PLACEMENT_3D('',#6148,#6149,#6150);
#6148 = CARTESIAN_POINT('',(-15.24000072956,27.94,-15.24000072956));
#6149 = DIRECTION('',(0.,1.,-4.370956789863E-16));
#6150 = DIRECTION('',(-0.707106781187,-3.090733186385E-16,
    -0.707106781187));
#6151 = DEFINITIONAL_REPRESENTATION('',(#6152),#6156);
#6152 = LINE('',#6153,#6154);
#6153 = CARTESIAN_POINT('',(0.785398163397,0.));
#6154 = VECTOR('',#6155,1.);
#6155 = DIRECTION('',(-2.185478394931E-17,1.));
#6156 = ( GEOMETRIC_REPRESENTATION_CONTEXT(2) 
PARAMETRIC_REPRESENTATION_CONTEXT() REPRESENTATION_CONTEXT('2D SPACE',''
  ) );
#6157 = PCURVE('',#6158,#6163);
#6158 = PLANE('',#6159);
#6159 = AXIS2_PLACEMENT_3D('',#6160,#6161,#6162);
#6160 = CARTESIAN_POINT('',(-22.86000072956,27.94,-22.86000072956));
#6161 = DIRECTION('',(1.,0.,0.));
#6162 = DIRECTION('',(-0.,2.22044604925E-16,1.));
#6163 = DEFINITIONAL_REPRESENTATION('',(#6164),#6168);
#6164 = LINE('',#6165,#6166);
#6165 = CARTESIAN_POINT('',(7.62,1.691979889529E-15));
#6166 = VECTOR('',#6167,1.);
#6167 = DIRECTION('',(-2.150510740613E-16,-1.));
#6168 = ( GEOMETRIC_REPRESENTATION_CONTEXT(2) 
PARAMETRIC_REPRESENTATION_CONTEXT() REPRESENTATION_CONTEXT('2D SPACE',''
  ) );
#6169 = ORIENTED_EDGE('',*,*,#6170,.T.);
#6170 = EDGE_CURVE('',#6138,#6171,#6173,.T.);
#6171 = VERTEX_POINT('',#6172);
#6172 = CARTESIAN_POINT('',(-15.24000072956,27.94,-22.86000072956));
#6173 = SURFACE_CURVE('',#6174,(#6179,#6186),.PCURVE_S1.);
#6174 = CIRCLE('',#6175,7.62);
#6175 = AXIS2_PLACEMENT_3D('',#6176,#6177,#6178);
#6176 = CARTESIAN_POINT('',(-15.24000072956,27.94,-15.24000072956));
#6177 = DIRECTION('',(0.,-1.,2.22044604925E-16));
#6178 = DIRECTION('',(-0.707106781187,-1.570092458684E-16,
    -0.707106781187));
#6179 = PCURVE('',#6146,#6180);
#6180 = DEFINITIONAL_REPRESENTATION('',(#6181),#6185);
#6181 = LINE('',#6182,#6183);
#6182 = CARTESIAN_POINT('',(6.28318530718,-1.24344978758E-14));
#6183 = VECTOR('',#6184,1.);
#6184 = DIRECTION('',(-1.,2.261727773485E-15));
#6185 = ( GEOMETRIC_REPRESENTATION_CONTEXT(2) 
PARAMETRIC_REPRESENTATION_CONTEXT() REPRESENTATION_CONTEXT('2D SPACE',''
  ) );
#6186 = PCURVE('',#6187,#6192);
#6187 = PLANE('',#6188);
#6188 = AXIS2_PLACEMENT_3D('',#6189,#6190,#6191);
#6189 = CARTESIAN_POINT('',(4.697264799347E-10,27.94,-4.697278899179E-10
    ));
#6190 = DIRECTION('',(0.,-1.,2.22044604925E-16));
#6191 = DIRECTION('',(0.,-2.22044604925E-16,-1.));
#6192 = DEFINITIONAL_REPRESENTATION('',(#6193),#6197);
#6193 = CIRCLE('',#6194,7.62);
#6194 = AXIS2_PLACEMENT_2D('',#6195,#6196);
#6195 = CARTESIAN_POINT('',(15.240000729091,-15.24000073003));
#6196 = DIRECTION('',(0.707106781187,-0.707106781187));
#6197 = ( GEOMETRIC_REPRESENTATION_CONTEXT(2) 
PARAMETRIC_REPRESENTATION_CONTEXT() REPRESENTATION_CONTEXT('2D SPACE',''
  ) );
#6198 = ORIENTED_EDGE('',*,*,#6199,.T.);
#6199 = EDGE_CURVE('',#6171,#6200,#6202,.T.);
#6200 = VERTEX_POINT('',#6201);
#6201 = CARTESIAN_POINT('',(-15.24000072956,17.78,-22.86000072956));
#6202 = SURFACE_CURVE('',#6203,(#6207,#6214),.PCURVE_S1.);
#6203 = LINE('',#6204,#6205);
#6204 = CARTESIAN_POINT('',(-15.24000072956,27.94,-22.86000072956));
#6205 = VECTOR('',#6206,1.);
#6206 = DIRECTION('',(0.,-1.,4.370956789863E-16));
#6207 = PCURVE('',#6146,#6208);
#6208 = DEFINITIONAL_REPRESENTATION('',(#6209),#6213);
#6209 = LINE('',#6210,#6211);
#6210 = CARTESIAN_POINT('',(-0.785398163397,3.552713678801E-15));
#6211 = VECTOR('',#6212,1.);
#6212 = DIRECTION('',(0.,-1.));
#6213 = ( GEOMETRIC_REPRESENTATION_CONTEXT(2) 
PARAMETRIC_REPRESENTATION_CONTEXT() REPRESENTATION_CONTEXT('2D SPACE',''
  ) );
#6214 = PCURVE('',#6215,#6220);
#6215 = PLANE('',#6216);
#6216 = AXIS2_PLACEMENT_3D('',#6217,#6218,#6219);
#6217 = CARTESIAN_POINT('',(22.860000729561,27.94,-22.86000072956));
#6218 = DIRECTION('',(0.,4.370956789863E-16,1.));
#6219 = DIRECTION('',(-1.,0.,0.));
#6220 = DEFINITIONAL_REPRESENTATION('',(#6221),#6225);
#6221 = LINE('',#6222,#6223);
#6222 = CARTESIAN_POINT('',(38.100001459122,0.));
#6223 = VECTOR('',#6224,1.);
#6224 = DIRECTION('',(0.,1.));
#6225 = ( GEOMETRIC_REPRESENTATION_CONTEXT(2) 
PARAMETRIC_REPRESENTATION_CONTEXT() REPRESENTATION_CONTEXT('2D SPACE',''
  ) );
#6226 = ORIENTED_EDGE('',*,*,#6227,.F.);
#6227 = EDGE_CURVE('',#6136,#6200,#6228,.T.);
#6228 = SURFACE_CURVE('',#6229,(#6234,#6241),.PCURVE_S1.);
#6229 = CIRCLE('',#6230,7.62);
#6230 = AXIS2_PLACEMENT_3D('',#6231,#6232,#6233);
#6231 = CARTESIAN_POINT('',(-15.24000072956,17.78,-15.24000072956));
#6232 = DIRECTION('',(0.,-1.,4.370956789863E-16));
#6233 = DIRECTION('',(-0.707106781187,-3.090733186385E-16,
    -0.707106781187));
#6234 = PCURVE('',#6146,#6235);
#6235 = DEFINITIONAL_REPRESENTATION('',(#6236),#6240);
#6236 = LINE('',#6237,#6238);
#6237 = CARTESIAN_POINT('',(6.28318530718,-10.16));
#6238 = VECTOR('',#6239,1.);
#6239 = DIRECTION('',(-1.,0.));
#6240 = ( GEOMETRIC_REPRESENTATION_CONTEXT(2) 
PARAMETRIC_REPRESENTATION_CONTEXT() REPRESENTATION_CONTEXT('2D SPACE',''
  ) );
#6241 = PCURVE('',#6242,#6247);
#6242 = PLANE('',#6243);
#6243 = AXIS2_PLACEMENT_3D('',#6244,#6245,#6246);
#6244 = CARTESIAN_POINT('',(0.,17.78,-2.958228394579E-30));
#6245 = DIRECTION('',(0.,1.,-4.370956789863E-16));
#6246 = DIRECTION('',(0.,4.370956789863E-16,1.));
#6247 = DEFINITIONAL_REPRESENTATION('',(#6248),#6256);
#6248 = ( BOUNDED_CURVE() B_SPLINE_CURVE(2,(#6249,#6250,#6251,#6252,
#6253,#6254,#6255),.UNSPECIFIED.,.T.,.F.) B_SPLINE_CURVE_WITH_KNOTS((1,2
    ,2,2,2,1),(-2.094395102393,0.,2.094395102393,4.188790204786,
6.28318530718,8.377580409573),.UNSPECIFIED.) CURVE() 
GEOMETRIC_REPRESENTATION_ITEM() RATIONAL_B_SPLINE_CURVE((1.,0.5,1.,0.5,
1.,0.5,1.)) REPRESENTATION_ITEM('') );
#6249 = CARTESIAN_POINT('',(-20.6281544022,-20.6281544022));
#6250 = CARTESIAN_POINT('',(-29.9607103222,-11.29559848219));
#6251 = CARTESIAN_POINT('',(-17.21220185324,-7.879645933238));
#6252 = CARTESIAN_POINT('',(-4.463693384278,-4.463693384278));
#6253 = CARTESIAN_POINT('',(-7.879645933238,-17.21220185324));
#6254 = CARTESIAN_POINT('',(-11.29559848219,-29.9607103222));
#6255 = CARTESIAN_POINT('',(-20.6281544022,-20.6281544022));
#6256 = ( GEOMETRIC_REPRESENTATION_CONTEXT(2) 
PARAMETRIC_REPRESENTATION_CONTEXT() REPRESENTATION_CONTEXT('2D SPACE',''
  ) );
#6257 = ADVANCED_FACE('',(#6258),#6158,.T.);
#6258 = FACE_BOUND('',#6259,.T.);
#6259 = EDGE_LOOP('',(#6260,#6261,#6284,#6312));
#6260 = ORIENTED_EDGE('',*,*,#6135,.T.);
#6261 = ORIENTED_EDGE('',*,*,#6262,.T.);
#6262 = EDGE_CURVE('',#6138,#6263,#6265,.T.);
#6263 = VERTEX_POINT('',#6264);
#6264 = CARTESIAN_POINT('',(-22.86000072956,27.94,15.240000729561));
#6265 = SURFACE_CURVE('',#6266,(#6270,#6277),.PCURVE_S1.);
#6266 = LINE('',#6267,#6268);
#6267 = CARTESIAN_POINT('',(-22.86000072956,27.94,-11.43000036501));
#6268 = VECTOR('',#6269,1.);
#6269 = DIRECTION('',(0.,2.22044604925E-16,1.));
#6270 = PCURVE('',#6158,#6271);
#6271 = DEFINITIONAL_REPRESENTATION('',(#6272),#6276);
#6272 = LINE('',#6273,#6274);
#6273 = CARTESIAN_POINT('',(11.430000364546,2.537969915238E-15));
#6274 = VECTOR('',#6275,1.);
#6275 = DIRECTION('',(1.,2.465190328816E-32));
#6276 = ( GEOMETRIC_REPRESENTATION_CONTEXT(2) 
PARAMETRIC_REPRESENTATION_CONTEXT() REPRESENTATION_CONTEXT('2D SPACE',''
  ) );
#6277 = PCURVE('',#6187,#6278);
#6278 = DEFINITIONAL_REPRESENTATION('',(#6279),#6283);
#6279 = LINE('',#6280,#6281);
#6280 = CARTESIAN_POINT('',(11.430000364546,-22.86000073003));
#6281 = VECTOR('',#6282,1.);
#6282 = DIRECTION('',(-1.,0.));
#6283 = ( GEOMETRIC_REPRESENTATION_CONTEXT(2) 
PARAMETRIC_REPRESENTATION_CONTEXT() REPRESENTATION_CONTEXT('2D SPACE',''
  ) );
#6284 = ORIENTED_EDGE('',*,*,#6285,.T.);
#6285 = EDGE_CURVE('',#6263,#6286,#6288,.T.);
#6286 = VERTEX_POINT('',#6287);
#6287 = CARTESIAN_POINT('',(-22.86000072956,17.78,15.240000729561));
#6288 = SURFACE_CURVE('',#6289,(#6293,#6300),.PCURVE_S1.);
#6289 = LINE('',#6290,#6291);
#6290 = CARTESIAN_POINT('',(-22.86000072956,27.94,15.240000729561));
#6291 = VECTOR('',#6292,1.);
#6292 = DIRECTION('',(0.,-1.,4.370956789863E-16));
#6293 = PCURVE('',#6158,#6294);
#6294 = DEFINITIONAL_REPRESENTATION('',(#6295),#6299);
#6295 = LINE('',#6296,#6297);
#6296 = CARTESIAN_POINT('',(38.100001459122,8.459899771634E-15));
#6297 = VECTOR('',#6298,1.);
#6298 = DIRECTION('',(2.150510740613E-16,1.));
#6299 = ( GEOMETRIC_REPRESENTATION_CONTEXT(2) 
PARAMETRIC_REPRESENTATION_CONTEXT() REPRESENTATION_CONTEXT('2D SPACE',''
  ) );
#6300 = PCURVE('',#6301,#6306);
#6301 = CYLINDRICAL_SURFACE('',#6302,7.62);
#6302 = AXIS2_PLACEMENT_3D('',#6303,#6304,#6305);
#6303 = CARTESIAN_POINT('',(-15.24000072956,27.94,15.240000729561));
#6304 = DIRECTION('',(0.,1.,-4.370956789863E-16));
#6305 = DIRECTION('',(-0.707106781187,3.090733186385E-16,0.707106781187)
  );
#6306 = DEFINITIONAL_REPRESENTATION('',(#6307),#6311);
#6307 = LINE('',#6308,#6309);
#6308 = CARTESIAN_POINT('',(5.497787143782,0.));
#6309 = VECTOR('',#6310,1.);
#6310 = DIRECTION('',(8.741913579726E-17,-1.));
#6311 = ( GEOMETRIC_REPRESENTATION_CONTEXT(2) 
PARAMETRIC_REPRESENTATION_CONTEXT() REPRESENTATION_CONTEXT('2D SPACE',''
  ) );
#6312 = ORIENTED_EDGE('',*,*,#6313,.F.);
#6313 = EDGE_CURVE('',#6136,#6286,#6314,.T.);
#6314 = SURFACE_CURVE('',#6315,(#6319,#6326),.PCURVE_S1.);
#6315 = LINE('',#6316,#6317);
#6316 = CARTESIAN_POINT('',(-22.86000072956,17.78,-22.86000072956));
#6317 = VECTOR('',#6318,1.);
#6318 = DIRECTION('',(0.,2.22044604925E-16,1.));
#6319 = PCURVE('',#6158,#6320);
#6320 = DEFINITIONAL_REPRESENTATION('',(#6321),#6325);
#6321 = LINE('',#6322,#6323);
#6322 = CARTESIAN_POINT('',(1.007727234992E-13,10.16));
#6323 = VECTOR('',#6324,1.);
#6324 = DIRECTION('',(1.,2.465190328816E-32));
#6325 = ( GEOMETRIC_REPRESENTATION_CONTEXT(2) 
PARAMETRIC_REPRESENTATION_CONTEXT() REPRESENTATION_CONTEXT('2D SPACE',''
  ) );
#6326 = PCURVE('',#6242,#6327);
#6327 = DEFINITIONAL_REPRESENTATION('',(#6328),#6332);
#6328 = LINE('',#6329,#6330);
#6329 = CARTESIAN_POINT('',(-22.86000072956,-22.86000072956));
#6330 = VECTOR('',#6331,1.);
#6331 = DIRECTION('',(1.,0.));
#6332 = ( GEOMETRIC_REPRESENTATION_CONTEXT(2) 
PARAMETRIC_REPRESENTATION_CONTEXT() REPRESENTATION_CONTEXT('2D SPACE',''
  ) );
#6333 = ADVANCED_FACE('',(#6334),#6301,.F.);
#6334 = FACE_BOUND('',#6335,.F.);
#6335 = EDGE_LOOP('',(#6336,#6366,#6388,#6389));
#6336 = ORIENTED_EDGE('',*,*,#6337,.T.);
#6337 = EDGE_CURVE('',#6338,#6340,#6342,.T.);
#6338 = VERTEX_POINT('',#6339);
#6339 = CARTESIAN_POINT('',(-15.24000072956,17.78,22.860000729561));
#6340 = VERTEX_POINT('',#6341);
#6341 = CARTESIAN_POINT('',(-15.24000072956,27.94,22.860000729561));
#6342 = SURFACE_CURVE('',#6343,(#6347,#6354),.PCURVE_S1.);
#6343 = LINE('',#6344,#6345);
#6344 = CARTESIAN_POINT('',(-15.24000072956,27.94,22.860000729561));
#6345 = VECTOR('',#6346,1.);
#6346 = DIRECTION('',(0.,1.,-4.370956789863E-16));
#6347 = PCURVE('',#6301,#6348);
#6348 = DEFINITIONAL_REPRESENTATION('',(#6349),#6353);
#6349 = LINE('',#6350,#6351);
#6350 = CARTESIAN_POINT('',(7.068583470577,-3.552713678801E-15));
#6351 = VECTOR('',#6352,1.);
#6352 = DIRECTION('',(0.,1.));
#6353 = ( GEOMETRIC_REPRESENTATION_CONTEXT(2) 
PARAMETRIC_REPRESENTATION_CONTEXT() REPRESENTATION_CONTEXT('2D SPACE',''
  ) );
#6354 = PCURVE('',#6355,#6360);
#6355 = PLANE('',#6356);
#6356 = AXIS2_PLACEMENT_3D('',#6357,#6358,#6359);
#6357 = CARTESIAN_POINT('',(-22.86000072956,27.94,22.860000729561));
#6358 = DIRECTION('',(0.,-4.370956789863E-16,-1.));
#6359 = DIRECTION('',(1.,0.,0.));
#6360 = DEFINITIONAL_REPRESENTATION('',(#6361),#6365);
#6361 = LINE('',#6362,#6363);
#6362 = CARTESIAN_POINT('',(7.62,0.));
#6363 = VECTOR('',#6364,1.);
#6364 = DIRECTION('',(0.,-1.));
#6365 = ( GEOMETRIC_REPRESENTATION_CONTEXT(2) 
PARAMETRIC_REPRESENTATION_CONTEXT() REPRESENTATION_CONTEXT('2D SPACE',''
  ) );
#6366 = ORIENTED_EDGE('',*,*,#6367,.T.);
#6367 = EDGE_CURVE('',#6340,#6263,#6368,.T.);
#6368 = SURFACE_CURVE('',#6369,(#6374,#6381),.PCURVE_S1.);
#6369 = CIRCLE('',#6370,7.62);
#6370 = AXIS2_PLACEMENT_3D('',#6371,#6372,#6373);
#6371 = CARTESIAN_POINT('',(-15.24000072956,27.94,15.240000729561));
#6372 = DIRECTION('',(0.,-1.,2.22044604925E-16));
#6373 = DIRECTION('',(-0.707106781187,1.570092458684E-16,0.707106781187)
  );
#6374 = PCURVE('',#6301,#6375);
#6375 = DEFINITIONAL_REPRESENTATION('',(#6376),#6380);
#6376 = LINE('',#6377,#6378);
#6377 = CARTESIAN_POINT('',(12.566370614359,-1.59872115546E-14));
#6378 = VECTOR('',#6379,1.);
#6379 = DIRECTION('',(-1.,2.261727773485E-15));
#6380 = ( GEOMETRIC_REPRESENTATION_CONTEXT(2) 
PARAMETRIC_REPRESENTATION_CONTEXT() REPRESENTATION_CONTEXT('2D SPACE',''
  ) );
#6381 = PCURVE('',#6187,#6382);
#6382 = DEFINITIONAL_REPRESENTATION('',(#6383),#6387);
#6383 = CIRCLE('',#6384,7.62);
#6384 = AXIS2_PLACEMENT_2D('',#6385,#6386);
#6385 = CARTESIAN_POINT('',(-15.24000073003,-15.24000073003));
#6386 = DIRECTION('',(-0.707106781187,-0.707106781187));
#6387 = ( GEOMETRIC_REPRESENTATION_CONTEXT(2) 
PARAMETRIC_REPRESENTATION_CONTEXT() REPRESENTATION_CONTEXT('2D SPACE',''
  ) );
#6388 = ORIENTED_EDGE('',*,*,#6285,.T.);
#6389 = ORIENTED_EDGE('',*,*,#6390,.F.);
#6390 = EDGE_CURVE('',#6338,#6286,#6391,.T.);
#6391 = SURFACE_CURVE('',#6392,(#6397,#6404),.PCURVE_S1.);
#6392 = CIRCLE('',#6393,7.62);
#6393 = AXIS2_PLACEMENT_3D('',#6394,#6395,#6396);
#6394 = CARTESIAN_POINT('',(-15.24000072956,17.78,15.240000729561));
#6395 = DIRECTION('',(0.,-1.,4.370956789863E-16));
#6396 = DIRECTION('',(-0.707106781187,3.090733186385E-16,0.707106781187)
  );
#6397 = PCURVE('',#6301,#6398);
#6398 = DEFINITIONAL_REPRESENTATION('',(#6399),#6403);
#6399 = LINE('',#6400,#6401);
#6400 = CARTESIAN_POINT('',(12.566370614359,-10.16));
#6401 = VECTOR('',#6402,1.);
#6402 = DIRECTION('',(-1.,0.));
#6403 = ( GEOMETRIC_REPRESENTATION_CONTEXT(2) 
PARAMETRIC_REPRESENTATION_CONTEXT() REPRESENTATION_CONTEXT('2D SPACE',''
  ) );
#6404 = PCURVE('',#6242,#6405);
#6405 = DEFINITIONAL_REPRESENTATION('',(#6406),#6414);
#6406 = ( BOUNDED_CURVE() B_SPLINE_CURVE(2,(#6407,#6408,#6409,#6410,
#6411,#6412,#6413),.UNSPECIFIED.,.T.,.F.) B_SPLINE_CURVE_WITH_KNOTS((1,2
    ,2,2,2,1),(-2.094395102393,0.,2.094395102393,4.188790204786,
6.28318530718,8.377580409573),.UNSPECIFIED.) CURVE() 
GEOMETRIC_REPRESENTATION_ITEM() RATIONAL_B_SPLINE_CURVE((1.,0.5,1.,0.5,
1.,0.5,1.)) REPRESENTATION_ITEM('') );
#6407 = CARTESIAN_POINT('',(20.628154402202,-20.6281544022));
#6408 = CARTESIAN_POINT('',(11.295598482198,-29.9607103222));
#6409 = CARTESIAN_POINT('',(7.879645933238,-17.21220185324));
#6410 = CARTESIAN_POINT('',(4.463693384278,-4.463693384278));
#6411 = CARTESIAN_POINT('',(17.212201853242,-7.879645933238));
#6412 = CARTESIAN_POINT('',(29.960710322206,-11.29559848219));
#6413 = CARTESIAN_POINT('',(20.628154402202,-20.6281544022));
#6414 = ( GEOMETRIC_REPRESENTATION_CONTEXT(2) 
PARAMETRIC_REPRESENTATION_CONTEXT() REPRESENTATION_CONTEXT('2D SPACE',''
  ) );
#6415 = ADVANCED_FACE('',(#6416),#6355,.T.);
#6416 = FACE_BOUND('',#6417,.T.);
#6417 = EDGE_LOOP('',(#6418,#6419,#6442,#6470));
#6418 = ORIENTED_EDGE('',*,*,#6337,.T.);
#6419 = ORIENTED_EDGE('',*,*,#6420,.T.);
#6420 = EDGE_CURVE('',#6340,#6421,#6423,.T.);
#6421 = VERTEX_POINT('',#6422);
#6422 = CARTESIAN_POINT('',(15.240000729561,27.94,22.860000729561));
#6423 = SURFACE_CURVE('',#6424,(#6428,#6435),.PCURVE_S1.);
#6424 = LINE('',#6425,#6426);
#6425 = CARTESIAN_POINT('',(-11.43000036454,27.94,22.860000729561));
#6426 = VECTOR('',#6427,1.);
#6427 = DIRECTION('',(1.,0.,0.));
#6428 = PCURVE('',#6355,#6429);
#6429 = DEFINITIONAL_REPRESENTATION('',(#6430),#6434);
#6430 = LINE('',#6431,#6432);
#6431 = CARTESIAN_POINT('',(11.430000365015,0.));
#6432 = VECTOR('',#6433,1.);
#6433 = DIRECTION('',(1.,0.));
#6434 = ( GEOMETRIC_REPRESENTATION_CONTEXT(2) 
PARAMETRIC_REPRESENTATION_CONTEXT() REPRESENTATION_CONTEXT('2D SPACE',''
  ) );
#6435 = PCURVE('',#6187,#6436);
#6436 = DEFINITIONAL_REPRESENTATION('',(#6437),#6441);
#6437 = LINE('',#6438,#6439);
#6438 = CARTESIAN_POINT('',(-22.86000073003,-11.43000036501));
#6439 = VECTOR('',#6440,1.);
#6440 = DIRECTION('',(0.,1.));
#6441 = ( GEOMETRIC_REPRESENTATION_CONTEXT(2) 
PARAMETRIC_REPRESENTATION_CONTEXT() REPRESENTATION_CONTEXT('2D SPACE',''
  ) );
#6442 = ORIENTED_EDGE('',*,*,#6443,.T.);
#6443 = EDGE_CURVE('',#6421,#6444,#6446,.T.);
#6444 = VERTEX_POINT('',#6445);
#6445 = CARTESIAN_POINT('',(15.240000729561,17.78,22.860000729561));
#6446 = SURFACE_CURVE('',#6447,(#6451,#6458),.PCURVE_S1.);
#6447 = LINE('',#6448,#6449);
#6448 = CARTESIAN_POINT('',(15.240000729561,27.94,22.860000729561));
#6449 = VECTOR('',#6450,1.);
#6450 = DIRECTION('',(0.,-1.,4.370956789863E-16));
#6451 = PCURVE('',#6355,#6452);
#6452 = DEFINITIONAL_REPRESENTATION('',(#6453),#6457);
#6453 = LINE('',#6454,#6455);
#6454 = CARTESIAN_POINT('',(38.100001459122,0.));
#6455 = VECTOR('',#6456,1.);
#6456 = DIRECTION('',(0.,1.));
#6457 = ( GEOMETRIC_REPRESENTATION_CONTEXT(2) 
PARAMETRIC_REPRESENTATION_CONTEXT() REPRESENTATION_CONTEXT('2D SPACE',''
  ) );
#6458 = PCURVE('',#6459,#6464);
#6459 = CYLINDRICAL_SURFACE('',#6460,7.62);
#6460 = AXIS2_PLACEMENT_3D('',#6461,#6462,#6463);
#6461 = CARTESIAN_POINT('',(15.240000729561,27.94,15.240000729561));
#6462 = DIRECTION('',(0.,1.,-4.370956789863E-16));
#6463 = DIRECTION('',(0.707106781187,3.090733186385E-16,0.707106781187)
  );
#6464 = DEFINITIONAL_REPRESENTATION('',(#6465),#6469);
#6465 = LINE('',#6466,#6467);
#6466 = CARTESIAN_POINT('',(5.497787143782,-3.552713678801E-15));
#6467 = VECTOR('',#6468,1.);
#6468 = DIRECTION('',(0.,-1.));
#6469 = ( GEOMETRIC_REPRESENTATION_CONTEXT(2) 
PARAMETRIC_REPRESENTATION_CONTEXT() REPRESENTATION_CONTEXT('2D SPACE',''
  ) );
#6470 = ORIENTED_EDGE('',*,*,#6471,.F.);
#6471 = EDGE_CURVE('',#6338,#6444,#6472,.T.);
#6472 = SURFACE_CURVE('',#6473,(#6477,#6484),.PCURVE_S1.);
#6473 = LINE('',#6474,#6475);
#6474 = CARTESIAN_POINT('',(-22.86000072956,17.78,22.860000729561));
#6475 = VECTOR('',#6476,1.);
#6476 = DIRECTION('',(1.,0.,0.));
#6477 = PCURVE('',#6355,#6478);
#6478 = DEFINITIONAL_REPRESENTATION('',(#6479),#6483);
#6479 = LINE('',#6480,#6481);
#6480 = CARTESIAN_POINT('',(0.,10.16));
#6481 = VECTOR('',#6482,1.);
#6482 = DIRECTION('',(1.,0.));
#6483 = ( GEOMETRIC_REPRESENTATION_CONTEXT(2) 
PARAMETRIC_REPRESENTATION_CONTEXT() REPRESENTATION_CONTEXT('2D SPACE',''
  ) );
#6484 = PCURVE('',#6242,#6485);
#6485 = DEFINITIONAL_REPRESENTATION('',(#6486),#6490);
#6486 = LINE('',#6487,#6488);
#6487 = CARTESIAN_POINT('',(22.860000729561,-22.86000072956));
#6488 = VECTOR('',#6489,1.);
#6489 = DIRECTION('',(0.,1.));
#6490 = ( GEOMETRIC_REPRESENTATION_CONTEXT(2) 
PARAMETRIC_REPRESENTATION_CONTEXT() REPRESENTATION_CONTEXT('2D SPACE',''
  ) );
#6491 = ADVANCED_FACE('',(#6492),#6507,.T.);
#6492 = FACE_BOUND('',#6493,.T.);
#6493 = EDGE_LOOP('',(#6494,#6530,#6558,#6586));
#6494 = ORIENTED_EDGE('',*,*,#6495,.F.);
#6495 = EDGE_CURVE('',#6496,#6498,#6500,.T.);
#6496 = VERTEX_POINT('',#6497);
#6497 = CARTESIAN_POINT('',(17.77999961947,15.24,-25.39999961947));
#6498 = VERTEX_POINT('',#6499);
#6499 = CARTESIAN_POINT('',(25.39999961947,15.24,-17.77999961947));
#6500 = SURFACE_CURVE('',#6501,(#6506,#6518),.PCURVE_S1.);
#6501 = CIRCLE('',#6502,7.62);
#6502 = AXIS2_PLACEMENT_3D('',#6503,#6504,#6505);
#6503 = CARTESIAN_POINT('',(17.77999961947,15.24,-17.77999961947));
#6504 = DIRECTION('',(0.,-1.,2.22044604925E-16));
#6505 = DIRECTION('',(0.707106781187,-1.570092458684E-16,-0.707106781187
    ));
#6506 = PCURVE('',#6507,#6512);
#6507 = CYLINDRICAL_SURFACE('',#6508,7.62);
#6508 = AXIS2_PLACEMENT_3D('',#6509,#6510,#6511);
#6509 = CARTESIAN_POINT('',(17.77999961947,21.59,-17.77999961947));
#6510 = DIRECTION('',(0.,1.,-2.22044604925E-16));
#6511 = DIRECTION('',(0.707106781187,-1.570092458684E-16,-0.707106781187
    ));
#6512 = DEFINITIONAL_REPRESENTATION('',(#6513),#6517);
#6513 = LINE('',#6514,#6515);
#6514 = CARTESIAN_POINT('',(6.28318530718,-6.35));
#6515 = VECTOR('',#6516,1.);
#6516 = DIRECTION('',(-1.,0.));
#6517 = ( GEOMETRIC_REPRESENTATION_CONTEXT(2) 
PARAMETRIC_REPRESENTATION_CONTEXT() REPRESENTATION_CONTEXT('2D SPACE',''
  ) );
#6518 = PCURVE('',#6519,#6524);
#6519 = PLANE('',#6520);
#6520 = AXIS2_PLACEMENT_3D('',#6521,#6522,#6523);
#6521 = CARTESIAN_POINT('',(4.697264799347E-10,15.24,-4.697250699515E-10
    ));
#6522 = DIRECTION('',(0.,-1.,2.22044604925E-16));
#6523 = DIRECTION('',(0.,-2.22044604925E-16,-1.));
#6524 = DEFINITIONAL_REPRESENTATION('',(#6525),#6529);
#6525 = CIRCLE('',#6526,7.62);
#6526 = AXIS2_PLACEMENT_2D('',#6527,#6528);
#6527 = CARTESIAN_POINT('',(17.779999619,17.779999619));
#6528 = DIRECTION('',(0.707106781187,0.707106781187));
#6529 = ( GEOMETRIC_REPRESENTATION_CONTEXT(2) 
PARAMETRIC_REPRESENTATION_CONTEXT() REPRESENTATION_CONTEXT('2D SPACE',''
  ) );
#6530 = ORIENTED_EDGE('',*,*,#6531,.F.);
#6531 = EDGE_CURVE('',#6532,#6496,#6534,.T.);
#6532 = VERTEX_POINT('',#6533);
#6533 = CARTESIAN_POINT('',(17.77999961947,27.94,-25.39999961947));
#6534 = SURFACE_CURVE('',#6535,(#6539,#6546),.PCURVE_S1.);
#6535 = LINE('',#6536,#6537);
#6536 = CARTESIAN_POINT('',(17.77999961947,21.59,-25.39999961947));
#6537 = VECTOR('',#6538,1.);
#6538 = DIRECTION('',(0.,-1.,2.22044604925E-16));
#6539 = PCURVE('',#6507,#6540);
#6540 = DEFINITIONAL_REPRESENTATION('',(#6541),#6545);
#6541 = LINE('',#6542,#6543);
#6542 = CARTESIAN_POINT('',(0.785398163397,3.552713678801E-15));
#6543 = VECTOR('',#6544,1.);
#6544 = DIRECTION('',(-1.748382715945E-17,-1.));
#6545 = ( GEOMETRIC_REPRESENTATION_CONTEXT(2) 
PARAMETRIC_REPRESENTATION_CONTEXT() REPRESENTATION_CONTEXT('2D SPACE',''
  ) );
#6546 = PCURVE('',#6547,#6552);
#6547 = PLANE('',#6548);
#6548 = AXIS2_PLACEMENT_3D('',#6549,#6550,#6551);
#6549 = CARTESIAN_POINT('',(4.697264799347E-10,21.59,-25.39999961947));
#6550 = DIRECTION('',(0.,-2.22044604925E-16,-1.));
#6551 = DIRECTION('',(0.,1.,-2.22044604925E-16));
#6552 = DEFINITIONAL_REPRESENTATION('',(#6553),#6557);
#6553 = LINE('',#6554,#6555);
#6554 = CARTESIAN_POINT('',(0.,17.779999619));
#6555 = VECTOR('',#6556,1.);
#6556 = DIRECTION('',(-1.,0.));
#6557 = ( GEOMETRIC_REPRESENTATION_CONTEXT(2) 
PARAMETRIC_REPRESENTATION_CONTEXT() REPRESENTATION_CONTEXT('2D SPACE',''
  ) );
#6558 = ORIENTED_EDGE('',*,*,#6559,.F.);
#6559 = EDGE_CURVE('',#6560,#6532,#6562,.T.);
#6560 = VERTEX_POINT('',#6561);
#6561 = CARTESIAN_POINT('',(25.39999961947,27.94,-17.77999961947));
#6562 = SURFACE_CURVE('',#6563,(#6568,#6575),.PCURVE_S1.);
#6563 = CIRCLE('',#6564,7.62);
#6564 = AXIS2_PLACEMENT_3D('',#6565,#6566,#6567);
#6565 = CARTESIAN_POINT('',(17.77999961947,27.94,-17.77999961947));
#6566 = DIRECTION('',(0.,1.,-2.22044604925E-16));
#6567 = DIRECTION('',(0.707106781187,-1.570092458684E-16,-0.707106781187
    ));
#6568 = PCURVE('',#6507,#6569);
#6569 = DEFINITIONAL_REPRESENTATION('',(#6570),#6574);
#6570 = LINE('',#6571,#6572);
#6571 = CARTESIAN_POINT('',(-6.28318530718,6.35));
#6572 = VECTOR('',#6573,1.);
#6573 = DIRECTION('',(1.,2.261727773485E-15));
#6574 = ( GEOMETRIC_REPRESENTATION_CONTEXT(2) 
PARAMETRIC_REPRESENTATION_CONTEXT() REPRESENTATION_CONTEXT('2D SPACE',''
  ) );
#6575 = PCURVE('',#6187,#6576);
#6576 = DEFINITIONAL_REPRESENTATION('',(#6577),#6585);
#6577 = ( BOUNDED_CURVE() B_SPLINE_CURVE(2,(#6578,#6579,#6580,#6581,
#6582,#6583,#6584),.UNSPECIFIED.,.T.,.F.) B_SPLINE_CURVE_WITH_KNOTS((1,2
    ,2,2,2,1),(-2.094395102393,0.,2.094395102393,4.188790204786,
6.28318530718,8.377580409573),.UNSPECIFIED.) CURVE() 
GEOMETRIC_REPRESENTATION_ITEM() RATIONAL_B_SPLINE_CURVE((1.,0.5,1.,0.5,
1.,0.5,1.)) REPRESENTATION_ITEM('') );
#6578 = CARTESIAN_POINT('',(23.168153291641,23.168153291641));
#6579 = CARTESIAN_POINT('',(32.500709211645,13.835597371638));
#6580 = CARTESIAN_POINT('',(19.752200742681,10.419644822677));
#6581 = CARTESIAN_POINT('',(7.003692273717,7.003692273717));
#6582 = CARTESIAN_POINT('',(10.419644822677,19.752200742681));
#6583 = CARTESIAN_POINT('',(13.835597371638,32.500709211645));
#6584 = CARTESIAN_POINT('',(23.168153291641,23.168153291641));
#6585 = ( GEOMETRIC_REPRESENTATION_CONTEXT(2) 
PARAMETRIC_REPRESENTATION_CONTEXT() REPRESENTATION_CONTEXT('2D SPACE',''
  ) );
#6586 = ORIENTED_EDGE('',*,*,#6587,.F.);
#6587 = EDGE_CURVE('',#6498,#6560,#6588,.T.);
#6588 = SURFACE_CURVE('',#6589,(#6593,#6600),.PCURVE_S1.);
#6589 = LINE('',#6590,#6591);
#6590 = CARTESIAN_POINT('',(25.39999961947,21.59,-17.77999961947));
#6591 = VECTOR('',#6592,1.);
#6592 = DIRECTION('',(0.,1.,-2.22044604925E-16));
#6593 = PCURVE('',#6507,#6594);
#6594 = DEFINITIONAL_REPRESENTATION('',(#6595),#6599);
#6595 = LINE('',#6596,#6597);
#6596 = CARTESIAN_POINT('',(-0.785398163397,0.));
#6597 = VECTOR('',#6598,1.);
#6598 = DIRECTION('',(0.,1.));
#6599 = ( GEOMETRIC_REPRESENTATION_CONTEXT(2) 
PARAMETRIC_REPRESENTATION_CONTEXT() REPRESENTATION_CONTEXT('2D SPACE',''
  ) );
#6600 = PCURVE('',#6601,#6606);
#6601 = PLANE('',#6602);
#6602 = AXIS2_PLACEMENT_3D('',#6603,#6604,#6605);
#6603 = CARTESIAN_POINT('',(25.39999961947,21.59,-4.697264799347E-10));
#6604 = DIRECTION('',(1.,0.,0.));
#6605 = DIRECTION('',(0.,-1.,2.22044604925E-16));
#6606 = DEFINITIONAL_REPRESENTATION('',(#6607),#6611);
#6607 = LINE('',#6608,#6609);
#6608 = CARTESIAN_POINT('',(-3.947952990968E-15,17.779999619));
#6609 = VECTOR('',#6610,1.);
#6610 = DIRECTION('',(-1.,-2.465190328816E-32));
#6611 = ( GEOMETRIC_REPRESENTATION_CONTEXT(2) 
PARAMETRIC_REPRESENTATION_CONTEXT() REPRESENTATION_CONTEXT('2D SPACE',''
  ) );
#6612 = ADVANCED_FACE('',(#6613),#6547,.T.);
#6613 = FACE_BOUND('',#6614,.T.);
#6614 = EDGE_LOOP('',(#6615,#6616,#6639,#6667));
#6615 = ORIENTED_EDGE('',*,*,#6531,.T.);
#6616 = ORIENTED_EDGE('',*,*,#6617,.T.);
#6617 = EDGE_CURVE('',#6496,#6618,#6620,.T.);
#6618 = VERTEX_POINT('',#6619);
#6619 = CARTESIAN_POINT('',(-17.77999961853,15.24,-25.39999961947));
#6620 = SURFACE_CURVE('',#6621,(#6625,#6632),.PCURVE_S1.);
#6621 = LINE('',#6622,#6623);
#6622 = CARTESIAN_POINT('',(4.697264799347E-10,15.24,-25.39999961947));
#6623 = VECTOR('',#6624,1.);
#6624 = DIRECTION('',(-1.,0.,0.));
#6625 = PCURVE('',#6547,#6626);
#6626 = DEFINITIONAL_REPRESENTATION('',(#6627),#6631);
#6627 = LINE('',#6628,#6629);
#6628 = CARTESIAN_POINT('',(-6.35,0.));
#6629 = VECTOR('',#6630,1.);
#6630 = DIRECTION('',(0.,-1.));
#6631 = ( GEOMETRIC_REPRESENTATION_CONTEXT(2) 
PARAMETRIC_REPRESENTATION_CONTEXT() REPRESENTATION_CONTEXT('2D SPACE',''
  ) );
#6632 = PCURVE('',#6519,#6633);
#6633 = DEFINITIONAL_REPRESENTATION('',(#6634),#6638);
#6634 = LINE('',#6635,#6636);
#6635 = CARTESIAN_POINT('',(25.399999619,0.));
#6636 = VECTOR('',#6637,1.);
#6637 = DIRECTION('',(-0.,-1.));
#6638 = ( GEOMETRIC_REPRESENTATION_CONTEXT(2) 
PARAMETRIC_REPRESENTATION_CONTEXT() REPRESENTATION_CONTEXT('2D SPACE',''
  ) );
#6639 = ORIENTED_EDGE('',*,*,#6640,.T.);
#6640 = EDGE_CURVE('',#6618,#6641,#6643,.T.);
#6641 = VERTEX_POINT('',#6642);
#6642 = CARTESIAN_POINT('',(-17.77999961853,27.94,-25.39999961947));
#6643 = SURFACE_CURVE('',#6644,(#6648,#6655),.PCURVE_S1.);
#6644 = LINE('',#6645,#6646);
#6645 = CARTESIAN_POINT('',(-17.77999961853,21.59,-25.39999961947));
#6646 = VECTOR('',#6647,1.);
#6647 = DIRECTION('',(0.,1.,-2.22044604925E-16));
#6648 = PCURVE('',#6547,#6649);
#6649 = DEFINITIONAL_REPRESENTATION('',(#6650),#6654);
#6650 = LINE('',#6651,#6652);
#6651 = CARTESIAN_POINT('',(0.,-17.779999619));
#6652 = VECTOR('',#6653,1.);
#6653 = DIRECTION('',(1.,0.));
#6654 = ( GEOMETRIC_REPRESENTATION_CONTEXT(2) 
PARAMETRIC_REPRESENTATION_CONTEXT() REPRESENTATION_CONTEXT('2D SPACE',''
  ) );
#6655 = PCURVE('',#6656,#6661);
#6656 = CYLINDRICAL_SURFACE('',#6657,7.62);
#6657 = AXIS2_PLACEMENT_3D('',#6658,#6659,#6660);
#6658 = CARTESIAN_POINT('',(-17.77999961853,21.59,-17.77999961947));
#6659 = DIRECTION('',(0.,1.,-2.22044604925E-16));
#6660 = DIRECTION('',(-0.707106781187,-1.570092458684E-16,
    -0.707106781187));
#6661 = DEFINITIONAL_REPRESENTATION('',(#6662),#6666);
#6662 = LINE('',#6663,#6664);
#6663 = CARTESIAN_POINT('',(-0.785398163397,1.7763568394E-15));
#6664 = VECTOR('',#6665,1.);
#6665 = DIRECTION('',(0.,1.));
#6666 = ( GEOMETRIC_REPRESENTATION_CONTEXT(2) 
PARAMETRIC_REPRESENTATION_CONTEXT() REPRESENTATION_CONTEXT('2D SPACE',''
  ) );
#6667 = ORIENTED_EDGE('',*,*,#6668,.T.);
#6668 = EDGE_CURVE('',#6641,#6532,#6669,.T.);
#6669 = SURFACE_CURVE('',#6670,(#6674,#6681),.PCURVE_S1.);
#6670 = LINE('',#6671,#6672);
#6671 = CARTESIAN_POINT('',(4.697264799347E-10,27.94,-25.39999961947));
#6672 = VECTOR('',#6673,1.);
#6673 = DIRECTION('',(1.,0.,0.));
#6674 = PCURVE('',#6547,#6675);
#6675 = DEFINITIONAL_REPRESENTATION('',(#6676),#6680);
#6676 = LINE('',#6677,#6678);
#6677 = CARTESIAN_POINT('',(6.35,0.));
#6678 = VECTOR('',#6679,1.);
#6679 = DIRECTION('',(0.,1.));
#6680 = ( GEOMETRIC_REPRESENTATION_CONTEXT(2) 
PARAMETRIC_REPRESENTATION_CONTEXT() REPRESENTATION_CONTEXT('2D SPACE',''
  ) );
#6681 = PCURVE('',#6187,#6682);
#6682 = DEFINITIONAL_REPRESENTATION('',(#6683),#6687);
#6683 = LINE('',#6684,#6685);
#6684 = CARTESIAN_POINT('',(25.399999619,0.));
#6685 = VECTOR('',#6686,1.);
#6686 = DIRECTION('',(0.,1.));
#6687 = ( GEOMETRIC_REPRESENTATION_CONTEXT(2) 
PARAMETRIC_REPRESENTATION_CONTEXT() REPRESENTATION_CONTEXT('2D SPACE',''
  ) );
#6688 = ADVANCED_FACE('',(#6689,#6864),#6187,.F.);
#6689 = FACE_BOUND('',#6690,.T.);
#6690 = EDGE_LOOP('',(#6691,#6692,#6693,#6721,#6749,#6782,#6810,#6843));
#6691 = ORIENTED_EDGE('',*,*,#6559,.T.);
#6692 = ORIENTED_EDGE('',*,*,#6668,.F.);
#6693 = ORIENTED_EDGE('',*,*,#6694,.T.);
#6694 = EDGE_CURVE('',#6641,#6695,#6697,.T.);
#6695 = VERTEX_POINT('',#6696);
#6696 = CARTESIAN_POINT('',(-25.39999961853,27.94,-17.77999961947));
#6697 = SURFACE_CURVE('',#6698,(#6703,#6714),.PCURVE_S1.);
#6698 = CIRCLE('',#6699,7.62);
#6699 = AXIS2_PLACEMENT_3D('',#6700,#6701,#6702);
#6700 = CARTESIAN_POINT('',(-17.77999961853,27.94,-17.77999961947));
#6701 = DIRECTION('',(0.,1.,-2.22044604925E-16));
#6702 = DIRECTION('',(-0.707106781187,-1.570092458684E-16,
    -0.707106781187));
#6703 = PCURVE('',#6187,#6704);
#6704 = DEFINITIONAL_REPRESENTATION('',(#6705),#6713);
#6705 = ( BOUNDED_CURVE() B_SPLINE_CURVE(2,(#6706,#6707,#6708,#6709,
#6710,#6711,#6712),.UNSPECIFIED.,.T.,.F.) B_SPLINE_CURVE_WITH_KNOTS((1,2
    ,2,2,2,1),(-2.094395102393,0.,2.094395102393,4.188790204786,
6.28318530718,8.377580409573),.UNSPECIFIED.) CURVE() 
GEOMETRIC_REPRESENTATION_ITEM() RATIONAL_B_SPLINE_CURVE((1.,0.5,1.,0.5,
1.,0.5,1.)) REPRESENTATION_ITEM('') );
#6706 = CARTESIAN_POINT('',(23.168153291641,-23.16815329164));
#6707 = CARTESIAN_POINT('',(13.835597371638,-32.50070921164));
#6708 = CARTESIAN_POINT('',(10.419644822677,-19.75220074268));
#6709 = CARTESIAN_POINT('',(7.003692273717,-7.003692273717));
#6710 = CARTESIAN_POINT('',(19.752200742681,-10.41964482267));
#6711 = CARTESIAN_POINT('',(32.500709211645,-13.83559737163));
#6712 = CARTESIAN_POINT('',(23.168153291641,-23.16815329164));
#6713 = ( GEOMETRIC_REPRESENTATION_CONTEXT(2) 
PARAMETRIC_REPRESENTATION_CONTEXT() REPRESENTATION_CONTEXT('2D SPACE',''
  ) );
#6714 = PCURVE('',#6656,#6715);
#6715 = DEFINITIONAL_REPRESENTATION('',(#6716),#6720);
#6716 = LINE('',#6717,#6718);
#6717 = CARTESIAN_POINT('',(-6.28318530718,6.35));
#6718 = VECTOR('',#6719,1.);
#6719 = DIRECTION('',(1.,-2.261727773485E-15));
#6720 = ( GEOMETRIC_REPRESENTATION_CONTEXT(2) 
PARAMETRIC_REPRESENTATION_CONTEXT() REPRESENTATION_CONTEXT('2D SPACE',''
  ) );
#6721 = ORIENTED_EDGE('',*,*,#6722,.F.);
#6722 = EDGE_CURVE('',#6723,#6695,#6725,.T.);
#6723 = VERTEX_POINT('',#6724);
#6724 = CARTESIAN_POINT('',(-25.39999961853,27.94,17.77999961853));
#6725 = SURFACE_CURVE('',#6726,(#6730,#6737),.PCURVE_S1.);
#6726 = LINE('',#6727,#6728);
#6727 = CARTESIAN_POINT('',(-25.39999961853,27.94,-4.697278899179E-10));
#6728 = VECTOR('',#6729,1.);
#6729 = DIRECTION('',(0.,-2.22044604925E-16,-1.));
#6730 = PCURVE('',#6187,#6731);
#6731 = DEFINITIONAL_REPRESENTATION('',(#6732),#6736);
#6732 = LINE('',#6733,#6734);
#6733 = CARTESIAN_POINT('',(-0.,-25.399999619));
#6734 = VECTOR('',#6735,1.);
#6735 = DIRECTION('',(1.,0.));
#6736 = ( GEOMETRIC_REPRESENTATION_CONTEXT(2) 
PARAMETRIC_REPRESENTATION_CONTEXT() REPRESENTATION_CONTEXT('2D SPACE',''
  ) );
#6737 = PCURVE('',#6738,#6743);
#6738 = PLANE('',#6739);
#6739 = AXIS2_PLACEMENT_3D('',#6740,#6741,#6742);
#6740 = CARTESIAN_POINT('',(-25.39999961853,21.59,-4.697264799347E-10));
#6741 = DIRECTION('',(-1.,0.,0.));
#6742 = DIRECTION('',(0.,1.,-2.22044604925E-16));
#6743 = DEFINITIONAL_REPRESENTATION('',(#6744),#6748);
#6744 = LINE('',#6745,#6746);
#6745 = CARTESIAN_POINT('',(6.35,-1.861147700774E-25));
#6746 = VECTOR('',#6747,1.);
#6747 = DIRECTION('',(2.465190328816E-32,1.));
#6748 = ( GEOMETRIC_REPRESENTATION_CONTEXT(2) 
PARAMETRIC_REPRESENTATION_CONTEXT() REPRESENTATION_CONTEXT('2D SPACE',''
  ) );
#6749 = ORIENTED_EDGE('',*,*,#6750,.T.);
#6750 = EDGE_CURVE('',#6723,#6751,#6753,.T.);
#6751 = VERTEX_POINT('',#6752);
#6752 = CARTESIAN_POINT('',(-17.77999961853,27.94,25.39999961853));
#6753 = SURFACE_CURVE('',#6754,(#6759,#6770),.PCURVE_S1.);
#6754 = CIRCLE('',#6755,7.62);
#6755 = AXIS2_PLACEMENT_3D('',#6756,#6757,#6758);
#6756 = CARTESIAN_POINT('',(-17.77999961853,27.94,17.77999961853));
#6757 = DIRECTION('',(0.,1.,-2.22044604925E-16));
#6758 = DIRECTION('',(-0.707106781187,1.570092458684E-16,0.707106781187)
  );
#6759 = PCURVE('',#6187,#6760);
#6760 = DEFINITIONAL_REPRESENTATION('',(#6761),#6769);
#6761 = ( BOUNDED_CURVE() B_SPLINE_CURVE(2,(#6762,#6763,#6764,#6765,
#6766,#6767,#6768),.UNSPECIFIED.,.T.,.F.) B_SPLINE_CURVE_WITH_KNOTS((1,2
    ,2,2,2,1),(-2.094395102393,0.,2.094395102393,4.188790204786,
6.28318530718,8.377580409573),.UNSPECIFIED.) CURVE() 
GEOMETRIC_REPRESENTATION_ITEM() RATIONAL_B_SPLINE_CURVE((1.,0.5,1.,0.5,
1.,0.5,1.)) REPRESENTATION_ITEM('') );
#6762 = CARTESIAN_POINT('',(-23.16815329164,-23.16815329164));
#6763 = CARTESIAN_POINT('',(-32.50070921164,-13.83559737163));
#6764 = CARTESIAN_POINT('',(-19.75220074268,-10.41964482267));
#6765 = CARTESIAN_POINT('',(-7.003692273717,-7.003692273717));
#6766 = CARTESIAN_POINT('',(-10.41964482267,-19.75220074268));
#6767 = CARTESIAN_POINT('',(-13.83559737163,-32.50070921164));
#6768 = CARTESIAN_POINT('',(-23.16815329164,-23.16815329164));
#6769 = ( GEOMETRIC_REPRESENTATION_CONTEXT(2) 
PARAMETRIC_REPRESENTATION_CONTEXT() REPRESENTATION_CONTEXT('2D SPACE',''
  ) );
#6770 = PCURVE('',#6771,#6776);
#6771 = CYLINDRICAL_SURFACE('',#6772,7.62);
#6772 = AXIS2_PLACEMENT_3D('',#6773,#6774,#6775);
#6773 = CARTESIAN_POINT('',(-17.77999961853,21.59,17.77999961853));
#6774 = DIRECTION('',(0.,1.,-2.22044604925E-16));
#6775 = DIRECTION('',(-0.707106781187,1.570092458684E-16,0.707106781187)
  );
#6776 = DEFINITIONAL_REPRESENTATION('',(#6777),#6781);
#6777 = LINE('',#6778,#6779);
#6778 = CARTESIAN_POINT('',(-6.28318530718,6.35));
#6779 = VECTOR('',#6780,1.);
#6780 = DIRECTION('',(1.,-2.261727773485E-15));
#6781 = ( GEOMETRIC_REPRESENTATION_CONTEXT(2) 
PARAMETRIC_REPRESENTATION_CONTEXT() REPRESENTATION_CONTEXT('2D SPACE',''
  ) );
#6782 = ORIENTED_EDGE('',*,*,#6783,.F.);
#6783 = EDGE_CURVE('',#6784,#6751,#6786,.T.);
#6784 = VERTEX_POINT('',#6785);
#6785 = CARTESIAN_POINT('',(17.77999961947,27.94,25.39999961853));
#6786 = SURFACE_CURVE('',#6787,(#6791,#6798),.PCURVE_S1.);
#6787 = LINE('',#6788,#6789);
#6788 = CARTESIAN_POINT('',(4.697264799347E-10,27.94,25.39999961853));
#6789 = VECTOR('',#6790,1.);
#6790 = DIRECTION('',(-1.,0.,0.));
#6791 = PCURVE('',#6187,#6792);
#6792 = DEFINITIONAL_REPRESENTATION('',(#6793),#6797);
#6793 = LINE('',#6794,#6795);
#6794 = CARTESIAN_POINT('',(-25.399999619,0.));
#6795 = VECTOR('',#6796,1.);
#6796 = DIRECTION('',(-0.,-1.));
#6797 = ( GEOMETRIC_REPRESENTATION_CONTEXT(2) 
PARAMETRIC_REPRESENTATION_CONTEXT() REPRESENTATION_CONTEXT('2D SPACE',''
  ) );
#6798 = PCURVE('',#6799,#6804);
#6799 = PLANE('',#6800);
#6800 = AXIS2_PLACEMENT_3D('',#6801,#6802,#6803);
#6801 = CARTESIAN_POINT('',(4.697264799347E-10,21.59,25.39999961853));
#6802 = DIRECTION('',(0.,2.22044604925E-16,1.));
#6803 = DIRECTION('',(0.,-1.,2.22044604925E-16));
#6804 = DEFINITIONAL_REPRESENTATION('',(#6805),#6809);
#6805 = LINE('',#6806,#6807);
#6806 = CARTESIAN_POINT('',(-6.35,0.));
#6807 = VECTOR('',#6808,1.);
#6808 = DIRECTION('',(0.,-1.));
#6809 = ( GEOMETRIC_REPRESENTATION_CONTEXT(2) 
PARAMETRIC_REPRESENTATION_CONTEXT() REPRESENTATION_CONTEXT('2D SPACE',''
  ) );
#6810 = ORIENTED_EDGE('',*,*,#6811,.T.);
#6811 = EDGE_CURVE('',#6784,#6812,#6814,.T.);
#6812 = VERTEX_POINT('',#6813);
#6813 = CARTESIAN_POINT('',(25.39999961947,27.94,17.77999961853));
#6814 = SURFACE_CURVE('',#6815,(#6820,#6831),.PCURVE_S1.);
#6815 = CIRCLE('',#6816,7.62);
#6816 = AXIS2_PLACEMENT_3D('',#6817,#6818,#6819);
#6817 = CARTESIAN_POINT('',(17.77999961947,27.94,17.77999961853));
#6818 = DIRECTION('',(0.,1.,-2.22044604925E-16));
#6819 = DIRECTION('',(0.707106781187,1.570092458684E-16,0.707106781187)
  );
#6820 = PCURVE('',#6187,#6821);
#6821 = DEFINITIONAL_REPRESENTATION('',(#6822),#6830);
#6822 = ( BOUNDED_CURVE() B_SPLINE_CURVE(2,(#6823,#6824,#6825,#6826,
#6827,#6828,#6829),.UNSPECIFIED.,.T.,.F.) B_SPLINE_CURVE_WITH_KNOTS((1,2
    ,2,2,2,1),(-2.094395102393,0.,2.094395102393,4.188790204786,
6.28318530718,8.377580409573),.UNSPECIFIED.) CURVE() 
GEOMETRIC_REPRESENTATION_ITEM() RATIONAL_B_SPLINE_CURVE((1.,0.5,1.,0.5,
1.,0.5,1.)) REPRESENTATION_ITEM('') );
#6823 = CARTESIAN_POINT('',(-23.16815329164,23.168153291641));
#6824 = CARTESIAN_POINT('',(-13.83559737163,32.500709211645));
#6825 = CARTESIAN_POINT('',(-10.41964482267,19.752200742681));
#6826 = CARTESIAN_POINT('',(-7.003692273717,7.003692273717));
#6827 = CARTESIAN_POINT('',(-19.75220074268,10.419644822677));
#6828 = CARTESIAN_POINT('',(-32.50070921164,13.835597371638));
#6829 = CARTESIAN_POINT('',(-23.16815329164,23.168153291641));
#6830 = ( GEOMETRIC_REPRESENTATION_CONTEXT(2) 
PARAMETRIC_REPRESENTATION_CONTEXT() REPRESENTATION_CONTEXT('2D SPACE',''
  ) );
#6831 = PCURVE('',#6832,#6837);
#6832 = CYLINDRICAL_SURFACE('',#6833,7.62);
#6833 = AXIS2_PLACEMENT_3D('',#6834,#6835,#6836);
#6834 = CARTESIAN_POINT('',(17.77999961947,21.59,17.77999961853));
#6835 = DIRECTION('',(0.,1.,-2.22044604925E-16));
#6836 = DIRECTION('',(0.707106781187,1.570092458684E-16,0.707106781187)
  );
#6837 = DEFINITIONAL_REPRESENTATION('',(#6838),#6842);
#6838 = LINE('',#6839,#6840);
#6839 = CARTESIAN_POINT('',(-6.28318530718,6.35));
#6840 = VECTOR('',#6841,1.);
#6841 = DIRECTION('',(1.,2.261727773485E-15));
#6842 = ( GEOMETRIC_REPRESENTATION_CONTEXT(2) 
PARAMETRIC_REPRESENTATION_CONTEXT() REPRESENTATION_CONTEXT('2D SPACE',''
  ) );
#6843 = ORIENTED_EDGE('',*,*,#6844,.F.);
#6844 = EDGE_CURVE('',#6560,#6812,#6845,.T.);
#6845 = SURFACE_CURVE('',#6846,(#6850,#6857),.PCURVE_S1.);
#6846 = LINE('',#6847,#6848);
#6847 = CARTESIAN_POINT('',(25.39999961947,27.94,-4.697278899179E-10));
#6848 = VECTOR('',#6849,1.);
#6849 = DIRECTION('',(0.,2.22044604925E-16,1.));
#6850 = PCURVE('',#6187,#6851);
#6851 = DEFINITIONAL_REPRESENTATION('',(#6852),#6856);
#6852 = LINE('',#6853,#6854);
#6853 = CARTESIAN_POINT('',(0.,25.399999619));
#6854 = VECTOR('',#6855,1.);
#6855 = DIRECTION('',(-1.,0.));
#6856 = ( GEOMETRIC_REPRESENTATION_CONTEXT(2) 
PARAMETRIC_REPRESENTATION_CONTEXT() REPRESENTATION_CONTEXT('2D SPACE',''
  ) );
#6857 = PCURVE('',#6601,#6858);
#6858 = DEFINITIONAL_REPRESENTATION('',(#6859),#6863);
#6859 = LINE('',#6860,#6861);
#6860 = CARTESIAN_POINT('',(-6.35,-1.861147700774E-25));
#6861 = VECTOR('',#6862,1.);
#6862 = DIRECTION('',(2.465190328816E-32,-1.));
#6863 = ( GEOMETRIC_REPRESENTATION_CONTEXT(2) 
PARAMETRIC_REPRESENTATION_CONTEXT() REPRESENTATION_CONTEXT('2D SPACE',''
  ) );
#6864 = FACE_BOUND('',#6865,.T.);
#6865 = EDGE_LOOP('',(#6866,#6896,#6918,#6919,#6920,#6921,#6922,#6945));
#6866 = ORIENTED_EDGE('',*,*,#6867,.F.);
#6867 = EDGE_CURVE('',#6868,#6870,#6872,.T.);
#6868 = VERTEX_POINT('',#6869);
#6869 = CARTESIAN_POINT('',(22.860000729561,27.94,15.240000729561));
#6870 = VERTEX_POINT('',#6871);
#6871 = CARTESIAN_POINT('',(22.860000729561,27.94,-15.24000072956));
#6872 = SURFACE_CURVE('',#6873,(#6877,#6884),.PCURVE_S1.);
#6873 = LINE('',#6874,#6875);
#6874 = CARTESIAN_POINT('',(22.860000729561,27.94,11.430000364546));
#6875 = VECTOR('',#6876,1.);
#6876 = DIRECTION('',(0.,-2.22044604925E-16,-1.));
#6877 = PCURVE('',#6187,#6878);
#6878 = DEFINITIONAL_REPRESENTATION('',(#6879),#6883);
#6879 = LINE('',#6880,#6881);
#6880 = CARTESIAN_POINT('',(-11.43000036501,22.860000729091));
#6881 = VECTOR('',#6882,1.);
#6882 = DIRECTION('',(1.,0.));
#6883 = ( GEOMETRIC_REPRESENTATION_CONTEXT(2) 
PARAMETRIC_REPRESENTATION_CONTEXT() REPRESENTATION_CONTEXT('2D SPACE',''
  ) );
#6884 = PCURVE('',#6885,#6890);
#6885 = PLANE('',#6886);
#6886 = AXIS2_PLACEMENT_3D('',#6887,#6888,#6889);
#6887 = CARTESIAN_POINT('',(22.860000729561,27.94,22.860000729561));
#6888 = DIRECTION('',(-1.,0.,0.));
#6889 = DIRECTION('',(-0.,-2.22044604925E-16,-1.));
#6890 = DEFINITIONAL_REPRESENTATION('',(#6891),#6895);
#6891 = LINE('',#6892,#6893);
#6892 = CARTESIAN_POINT('',(11.430000365015,-2.537969915343E-15));
#6893 = VECTOR('',#6894,1.);
#6894 = DIRECTION('',(1.,-2.465190328816E-32));
#6895 = ( GEOMETRIC_REPRESENTATION_CONTEXT(2) 
PARAMETRIC_REPRESENTATION_CONTEXT() REPRESENTATION_CONTEXT('2D SPACE',''
  ) );
#6896 = ORIENTED_EDGE('',*,*,#6897,.T.);
#6897 = EDGE_CURVE('',#6868,#6421,#6898,.T.);
#6898 = SURFACE_CURVE('',#6899,(#6904,#6911),.PCURVE_S1.);
#6899 = CIRCLE('',#6900,7.62);
#6900 = AXIS2_PLACEMENT_3D('',#6901,#6902,#6903);
#6901 = CARTESIAN_POINT('',(15.240000729561,27.94,15.240000729561));
#6902 = DIRECTION('',(0.,-1.,2.22044604925E-16));
#6903 = DIRECTION('',(0.707106781187,1.570092458684E-16,0.707106781187)
  );
#6904 = PCURVE('',#6187,#6905);
#6905 = DEFINITIONAL_REPRESENTATION('',(#6906),#6910);
#6906 = CIRCLE('',#6907,7.62);
#6907 = AXIS2_PLACEMENT_2D('',#6908,#6909);
#6908 = CARTESIAN_POINT('',(-15.24000073003,15.240000729091));
#6909 = DIRECTION('',(-0.707106781187,0.707106781187));
#6910 = ( GEOMETRIC_REPRESENTATION_CONTEXT(2) 
PARAMETRIC_REPRESENTATION_CONTEXT() REPRESENTATION_CONTEXT('2D SPACE',''
  ) );
#6911 = PCURVE('',#6459,#6912);
#6912 = DEFINITIONAL_REPRESENTATION('',(#6913),#6917);
#6913 = LINE('',#6914,#6915);
#6914 = CARTESIAN_POINT('',(12.566370614359,1.24344978758E-14));
#6915 = VECTOR('',#6916,1.);
#6916 = DIRECTION('',(-1.,-2.261727773485E-15));
#6917 = ( GEOMETRIC_REPRESENTATION_CONTEXT(2) 
PARAMETRIC_REPRESENTATION_CONTEXT() REPRESENTATION_CONTEXT('2D SPACE',''
  ) );
#6918 = ORIENTED_EDGE('',*,*,#6420,.F.);
#6919 = ORIENTED_EDGE('',*,*,#6367,.T.);
#6920 = ORIENTED_EDGE('',*,*,#6262,.F.);
#6921 = ORIENTED_EDGE('',*,*,#6170,.T.);
#6922 = ORIENTED_EDGE('',*,*,#6923,.F.);
#6923 = EDGE_CURVE('',#6924,#6171,#6926,.T.);
#6924 = VERTEX_POINT('',#6925);
#6925 = CARTESIAN_POINT('',(15.240000729561,27.94,-22.86000072956));
#6926 = SURFACE_CURVE('',#6927,(#6931,#6938),.PCURVE_S1.);
#6927 = LINE('',#6928,#6929);
#6928 = CARTESIAN_POINT('',(11.430000365015,27.94,-22.86000072956));
#6929 = VECTOR('',#6930,1.);
#6930 = DIRECTION('',(-1.,0.,0.));
#6931 = PCURVE('',#6187,#6932);
#6932 = DEFINITIONAL_REPRESENTATION('',(#6933),#6937);
#6933 = LINE('',#6934,#6935);
#6934 = CARTESIAN_POINT('',(22.860000729091,11.430000364546));
#6935 = VECTOR('',#6936,1.);
#6936 = DIRECTION('',(-0.,-1.));
#6937 = ( GEOMETRIC_REPRESENTATION_CONTEXT(2) 
PARAMETRIC_REPRESENTATION_CONTEXT() REPRESENTATION_CONTEXT('2D SPACE',''
  ) );
#6938 = PCURVE('',#6215,#6939);
#6939 = DEFINITIONAL_REPRESENTATION('',(#6940),#6944);
#6940 = LINE('',#6941,#6942);
#6941 = CARTESIAN_POINT('',(11.430000364546,0.));
#6942 = VECTOR('',#6943,1.);
#6943 = DIRECTION('',(1.,0.));
#6944 = ( GEOMETRIC_REPRESENTATION_CONTEXT(2) 
PARAMETRIC_REPRESENTATION_CONTEXT() REPRESENTATION_CONTEXT('2D SPACE',''
  ) );
#6945 = ORIENTED_EDGE('',*,*,#6946,.T.);
#6946 = EDGE_CURVE('',#6924,#6870,#6947,.T.);
#6947 = SURFACE_CURVE('',#6948,(#6953,#6960),.PCURVE_S1.);
#6948 = CIRCLE('',#6949,7.62);
#6949 = AXIS2_PLACEMENT_3D('',#6950,#6951,#6952);
#6950 = CARTESIAN_POINT('',(15.240000729561,27.94,-15.24000072956));
#6951 = DIRECTION('',(0.,-1.,2.22044604925E-16));
#6952 = DIRECTION('',(0.707106781187,-1.570092458684E-16,-0.707106781187
    ));
#6953 = PCURVE('',#6187,#6954);
#6954 = DEFINITIONAL_REPRESENTATION('',(#6955),#6959);
#6955 = CIRCLE('',#6956,7.62);
#6956 = AXIS2_PLACEMENT_2D('',#6957,#6958);
#6957 = CARTESIAN_POINT('',(15.240000729091,15.240000729091));
#6958 = DIRECTION('',(0.707106781187,0.707106781187));
#6959 = ( GEOMETRIC_REPRESENTATION_CONTEXT(2) 
PARAMETRIC_REPRESENTATION_CONTEXT() REPRESENTATION_CONTEXT('2D SPACE',''
  ) );
#6960 = PCURVE('',#6961,#6966);
#6961 = CYLINDRICAL_SURFACE('',#6962,7.62);
#6962 = AXIS2_PLACEMENT_3D('',#6963,#6964,#6965);
#6963 = CARTESIAN_POINT('',(15.240000729561,27.94,-15.24000072956));
#6964 = DIRECTION('',(0.,1.,-4.370956789863E-16));
#6965 = DIRECTION('',(0.707106781187,-3.090733186385E-16,-0.707106781187
    ));
#6966 = DEFINITIONAL_REPRESENTATION('',(#6967),#6971);
#6967 = LINE('',#6968,#6969);
#6968 = CARTESIAN_POINT('',(6.28318530718,1.59872115546E-14));
#6969 = VECTOR('',#6970,1.);
#6970 = DIRECTION('',(-1.,-2.261727773485E-15));
#6971 = ( GEOMETRIC_REPRESENTATION_CONTEXT(2) 
PARAMETRIC_REPRESENTATION_CONTEXT() REPRESENTATION_CONTEXT('2D SPACE',''
  ) );
#6972 = ADVANCED_FACE('',(#6973),#6459,.F.);
#6973 = FACE_BOUND('',#6974,.F.);
#6974 = EDGE_LOOP('',(#6975,#6998,#6999,#7000));
#6975 = ORIENTED_EDGE('',*,*,#6976,.T.);
#6976 = EDGE_CURVE('',#6977,#6868,#6979,.T.);
#6977 = VERTEX_POINT('',#6978);
#6978 = CARTESIAN_POINT('',(22.860000729561,17.78,15.240000729561));
#6979 = SURFACE_CURVE('',#6980,(#6984,#6991),.PCURVE_S1.);
#6980 = LINE('',#6981,#6982);
#6981 = CARTESIAN_POINT('',(22.860000729561,27.94,15.240000729561));
#6982 = VECTOR('',#6983,1.);
#6983 = DIRECTION('',(0.,1.,-4.370956789863E-16));
#6984 = PCURVE('',#6459,#6985);
#6985 = DEFINITIONAL_REPRESENTATION('',(#6986),#6990);
#6986 = LINE('',#6987,#6988);
#6987 = CARTESIAN_POINT('',(7.068583470577,0.));
#6988 = VECTOR('',#6989,1.);
#6989 = DIRECTION('',(9.834652777191E-17,1.));
#6990 = ( GEOMETRIC_REPRESENTATION_CONTEXT(2) 
PARAMETRIC_REPRESENTATION_CONTEXT() REPRESENTATION_CONTEXT('2D SPACE',''
  ) );
#6991 = PCURVE('',#6885,#6992);
#6992 = DEFINITIONAL_REPRESENTATION('',(#6993),#6997);
#6993 = LINE('',#6994,#6995);
#6994 = CARTESIAN_POINT('',(7.62,-1.691979889529E-15));
#6995 = VECTOR('',#6996,1.);
#6996 = DIRECTION('',(2.150510740613E-16,-1.));
#6997 = ( GEOMETRIC_REPRESENTATION_CONTEXT(2) 
PARAMETRIC_REPRESENTATION_CONTEXT() REPRESENTATION_CONTEXT('2D SPACE',''
  ) );
#6998 = ORIENTED_EDGE('',*,*,#6897,.T.);
#6999 = ORIENTED_EDGE('',*,*,#6443,.T.);
#7000 = ORIENTED_EDGE('',*,*,#7001,.F.);
#7001 = EDGE_CURVE('',#6977,#6444,#7002,.T.);
#7002 = SURFACE_CURVE('',#7003,(#7008,#7015),.PCURVE_S1.);
#7003 = CIRCLE('',#7004,7.62);
#7004 = AXIS2_PLACEMENT_3D('',#7005,#7006,#7007);
#7005 = CARTESIAN_POINT('',(15.240000729561,17.78,15.240000729561));
#7006 = DIRECTION('',(0.,-1.,4.370956789863E-16));
#7007 = DIRECTION('',(0.707106781187,3.090733186385E-16,0.707106781187)
  );
#7008 = PCURVE('',#6459,#7009);
#7009 = DEFINITIONAL_REPRESENTATION('',(#7010),#7014);
#7010 = LINE('',#7011,#7012);
#7011 = CARTESIAN_POINT('',(12.566370614359,-10.16));
#7012 = VECTOR('',#7013,1.);
#7013 = DIRECTION('',(-1.,0.));
#7014 = ( GEOMETRIC_REPRESENTATION_CONTEXT(2) 
PARAMETRIC_REPRESENTATION_CONTEXT() REPRESENTATION_CONTEXT('2D SPACE',''
  ) );
#7015 = PCURVE('',#6242,#7016);
#7016 = DEFINITIONAL_REPRESENTATION('',(#7017),#7025);
#7017 = ( BOUNDED_CURVE() B_SPLINE_CURVE(2,(#7018,#7019,#7020,#7021,
#7022,#7023,#7024),.UNSPECIFIED.,.T.,.F.) B_SPLINE_CURVE_WITH_KNOTS((1,2
    ,2,2,2,1),(-2.094395102393,0.,2.094395102393,4.188790204786,
6.28318530718,8.377580409573),.UNSPECIFIED.) CURVE() 
GEOMETRIC_REPRESENTATION_ITEM() RATIONAL_B_SPLINE_CURVE((1.,0.5,1.,0.5,
1.,0.5,1.)) REPRESENTATION_ITEM('') );
#7018 = CARTESIAN_POINT('',(20.628154402202,20.628154402202));
#7019 = CARTESIAN_POINT('',(29.960710322206,11.295598482198));
#7020 = CARTESIAN_POINT('',(17.212201853242,7.879645933238));
#7021 = CARTESIAN_POINT('',(4.463693384278,4.463693384278));
#7022 = CARTESIAN_POINT('',(7.879645933238,17.212201853242));
#7023 = CARTESIAN_POINT('',(11.295598482198,29.960710322206));
#7024 = CARTESIAN_POINT('',(20.628154402202,20.628154402202));
#7025 = ( GEOMETRIC_REPRESENTATION_CONTEXT(2) 
PARAMETRIC_REPRESENTATION_CONTEXT() REPRESENTATION_CONTEXT('2D SPACE',''
  ) );
#7026 = ADVANCED_FACE('',(#7027),#6885,.T.);
#7027 = FACE_BOUND('',#7028,.T.);
#7028 = EDGE_LOOP('',(#7029,#7030,#7031,#7054));
#7029 = ORIENTED_EDGE('',*,*,#6976,.T.);
#7030 = ORIENTED_EDGE('',*,*,#6867,.T.);
#7031 = ORIENTED_EDGE('',*,*,#7032,.T.);
#7032 = EDGE_CURVE('',#6870,#7033,#7035,.T.);
#7033 = VERTEX_POINT('',#7034);
#7034 = CARTESIAN_POINT('',(22.860000729561,17.78,-15.24000072956));
#7035 = SURFACE_CURVE('',#7036,(#7040,#7047),.PCURVE_S1.);
#7036 = LINE('',#7037,#7038);
#7037 = CARTESIAN_POINT('',(22.860000729561,27.94,-15.24000072956));
#7038 = VECTOR('',#7039,1.);
#7039 = DIRECTION('',(0.,-1.,4.370956789863E-16));
#7040 = PCURVE('',#6885,#7041);
#7041 = DEFINITIONAL_REPRESENTATION('',(#7042),#7046);
#7042 = LINE('',#7043,#7044);
#7043 = CARTESIAN_POINT('',(38.100001459122,-8.459899771634E-15));
#7044 = VECTOR('',#7045,1.);
#7045 = DIRECTION('',(-2.150510740613E-16,1.));
#7046 = ( GEOMETRIC_REPRESENTATION_CONTEXT(2) 
PARAMETRIC_REPRESENTATION_CONTEXT() REPRESENTATION_CONTEXT('2D SPACE',''
  ) );
#7047 = PCURVE('',#6961,#7048);
#7048 = DEFINITIONAL_REPRESENTATION('',(#7049),#7053);
#7049 = LINE('',#7050,#7051);
#7050 = CARTESIAN_POINT('',(-0.785398163397,0.));
#7051 = VECTOR('',#7052,1.);
#7052 = DIRECTION('',(0.,-1.));
#7053 = ( GEOMETRIC_REPRESENTATION_CONTEXT(2) 
PARAMETRIC_REPRESENTATION_CONTEXT() REPRESENTATION_CONTEXT('2D SPACE',''
  ) );
#7054 = ORIENTED_EDGE('',*,*,#7055,.F.);
#7055 = EDGE_CURVE('',#6977,#7033,#7056,.T.);
#7056 = SURFACE_CURVE('',#7057,(#7061,#7068),.PCURVE_S1.);
#7057 = LINE('',#7058,#7059);
#7058 = CARTESIAN_POINT('',(22.860000729561,17.78,22.860000729561));
#7059 = VECTOR('',#7060,1.);
#7060 = DIRECTION('',(0.,-2.22044604925E-16,-1.));
#7061 = PCURVE('',#6885,#7062);
#7062 = DEFINITIONAL_REPRESENTATION('',(#7063),#7067);
#7063 = LINE('',#7064,#7065);
#7064 = CARTESIAN_POINT('',(-1.007727234992E-13,10.16));
#7065 = VECTOR('',#7066,1.);
#7066 = DIRECTION('',(1.,-2.465190328816E-32));
#7067 = ( GEOMETRIC_REPRESENTATION_CONTEXT(2) 
PARAMETRIC_REPRESENTATION_CONTEXT() REPRESENTATION_CONTEXT('2D SPACE',''
  ) );
#7068 = PCURVE('',#6242,#7069);
#7069 = DEFINITIONAL_REPRESENTATION('',(#7070),#7074);
#7070 = LINE('',#7071,#7072);
#7071 = CARTESIAN_POINT('',(22.860000729561,22.860000729561));
#7072 = VECTOR('',#7073,1.);
#7073 = DIRECTION('',(-1.,0.));
#7074 = ( GEOMETRIC_REPRESENTATION_CONTEXT(2) 
PARAMETRIC_REPRESENTATION_CONTEXT() REPRESENTATION_CONTEXT('2D SPACE',''
  ) );
#7075 = ADVANCED_FACE('',(#7076),#6832,.T.);
#7076 = FACE_BOUND('',#7077,.T.);
#7077 = EDGE_LOOP('',(#7078,#7104,#7125,#7126));
#7078 = ORIENTED_EDGE('',*,*,#7079,.F.);
#7079 = EDGE_CURVE('',#7080,#7082,#7084,.T.);
#7080 = VERTEX_POINT('',#7081);
#7081 = CARTESIAN_POINT('',(25.39999961947,15.24,17.77999961853));
#7082 = VERTEX_POINT('',#7083);
#7083 = CARTESIAN_POINT('',(17.77999961947,15.24,25.39999961853));
#7084 = SURFACE_CURVE('',#7085,(#7090,#7097),.PCURVE_S1.);
#7085 = CIRCLE('',#7086,7.62);
#7086 = AXIS2_PLACEMENT_3D('',#7087,#7088,#7089);
#7087 = CARTESIAN_POINT('',(17.77999961947,15.24,17.77999961853));
#7088 = DIRECTION('',(0.,-1.,2.22044604925E-16));
#7089 = DIRECTION('',(0.707106781187,1.570092458684E-16,0.707106781187)
  );
#7090 = PCURVE('',#6832,#7091);
#7091 = DEFINITIONAL_REPRESENTATION('',(#7092),#7096);
#7092 = LINE('',#7093,#7094);
#7093 = CARTESIAN_POINT('',(6.28318530718,-6.35));
#7094 = VECTOR('',#7095,1.);
#7095 = DIRECTION('',(-1.,0.));
#7096 = ( GEOMETRIC_REPRESENTATION_CONTEXT(2) 
PARAMETRIC_REPRESENTATION_CONTEXT() REPRESENTATION_CONTEXT('2D SPACE',''
  ) );
#7097 = PCURVE('',#6519,#7098);
#7098 = DEFINITIONAL_REPRESENTATION('',(#7099),#7103);
#7099 = CIRCLE('',#7100,7.62);
#7100 = AXIS2_PLACEMENT_2D('',#7101,#7102);
#7101 = CARTESIAN_POINT('',(-17.779999619,17.779999619));
#7102 = DIRECTION('',(-0.707106781187,0.707106781187));
#7103 = ( GEOMETRIC_REPRESENTATION_CONTEXT(2) 
PARAMETRIC_REPRESENTATION_CONTEXT() REPRESENTATION_CONTEXT('2D SPACE',''
  ) );
#7104 = ORIENTED_EDGE('',*,*,#7105,.F.);
#7105 = EDGE_CURVE('',#6812,#7080,#7106,.T.);
#7106 = SURFACE_CURVE('',#7107,(#7111,#7118),.PCURVE_S1.);
#7107 = LINE('',#7108,#7109);
#7108 = CARTESIAN_POINT('',(25.39999961947,21.59,17.77999961853));
#7109 = VECTOR('',#7110,1.);
#7110 = DIRECTION('',(0.,-1.,2.22044604925E-16));
#7111 = PCURVE('',#6832,#7112);
#7112 = DEFINITIONAL_REPRESENTATION('',(#7113),#7117);
#7113 = LINE('',#7114,#7115);
#7114 = CARTESIAN_POINT('',(0.785398163397,0.));
#7115 = VECTOR('',#7116,1.);
#7116 = DIRECTION('',(0.,-1.));
#7117 = ( GEOMETRIC_REPRESENTATION_CONTEXT(2) 
PARAMETRIC_REPRESENTATION_CONTEXT() REPRESENTATION_CONTEXT('2D SPACE',''
  ) );
#7118 = PCURVE('',#6601,#7119);
#7119 = DEFINITIONAL_REPRESENTATION('',(#7120),#7124);
#7120 = LINE('',#7121,#7122);
#7121 = CARTESIAN_POINT('',(3.947952990968E-15,-17.779999619));
#7122 = VECTOR('',#7123,1.);
#7123 = DIRECTION('',(1.,2.465190328816E-32));
#7124 = ( GEOMETRIC_REPRESENTATION_CONTEXT(2) 
PARAMETRIC_REPRESENTATION_CONTEXT() REPRESENTATION_CONTEXT('2D SPACE',''
  ) );
#7125 = ORIENTED_EDGE('',*,*,#6811,.F.);
#7126 = ORIENTED_EDGE('',*,*,#7127,.F.);
#7127 = EDGE_CURVE('',#7082,#6784,#7128,.T.);
#7128 = SURFACE_CURVE('',#7129,(#7133,#7140),.PCURVE_S1.);
#7129 = LINE('',#7130,#7131);
#7130 = CARTESIAN_POINT('',(17.77999961947,21.59,25.39999961853));
#7131 = VECTOR('',#7132,1.);
#7132 = DIRECTION('',(0.,1.,-2.22044604925E-16));
#7133 = PCURVE('',#6832,#7134);
#7134 = DEFINITIONAL_REPRESENTATION('',(#7135),#7139);
#7135 = LINE('',#7136,#7137);
#7136 = CARTESIAN_POINT('',(-0.785398163397,-1.7763568394E-15));
#7137 = VECTOR('',#7138,1.);
#7138 = DIRECTION('',(0.,1.));
#7139 = ( GEOMETRIC_REPRESENTATION_CONTEXT(2) 
PARAMETRIC_REPRESENTATION_CONTEXT() REPRESENTATION_CONTEXT('2D SPACE',''
  ) );
#7140 = PCURVE('',#6799,#7141);
#7141 = DEFINITIONAL_REPRESENTATION('',(#7142),#7146);
#7142 = LINE('',#7143,#7144);
#7143 = CARTESIAN_POINT('',(0.,17.779999619));
#7144 = VECTOR('',#7145,1.);
#7145 = DIRECTION('',(-1.,0.));
#7146 = ( GEOMETRIC_REPRESENTATION_CONTEXT(2) 
PARAMETRIC_REPRESENTATION_CONTEXT() REPRESENTATION_CONTEXT('2D SPACE',''
  ) );
#7147 = ADVANCED_FACE('',(#7148),#6799,.T.);
#7148 = FACE_BOUND('',#7149,.T.);
#7149 = EDGE_LOOP('',(#7150,#7151,#7152,#7175));
#7150 = ORIENTED_EDGE('',*,*,#7127,.T.);
#7151 = ORIENTED_EDGE('',*,*,#6783,.T.);
#7152 = ORIENTED_EDGE('',*,*,#7153,.T.);
#7153 = EDGE_CURVE('',#6751,#7154,#7156,.T.);
#7154 = VERTEX_POINT('',#7155);
#7155 = CARTESIAN_POINT('',(-17.77999961853,15.24,25.39999961853));
#7156 = SURFACE_CURVE('',#7157,(#7161,#7168),.PCURVE_S1.);
#7157 = LINE('',#7158,#7159);
#7158 = CARTESIAN_POINT('',(-17.77999961853,21.59,25.39999961853));
#7159 = VECTOR('',#7160,1.);
#7160 = DIRECTION('',(0.,-1.,2.22044604925E-16));
#7161 = PCURVE('',#6799,#7162);
#7162 = DEFINITIONAL_REPRESENTATION('',(#7163),#7167);
#7163 = LINE('',#7164,#7165);
#7164 = CARTESIAN_POINT('',(0.,-17.779999619));
#7165 = VECTOR('',#7166,1.);
#7166 = DIRECTION('',(1.,0.));
#7167 = ( GEOMETRIC_REPRESENTATION_CONTEXT(2) 
PARAMETRIC_REPRESENTATION_CONTEXT() REPRESENTATION_CONTEXT('2D SPACE',''
  ) );
#7168 = PCURVE('',#6771,#7169);
#7169 = DEFINITIONAL_REPRESENTATION('',(#7170),#7174);
#7170 = LINE('',#7171,#7172);
#7171 = CARTESIAN_POINT('',(0.785398163397,-3.552713678801E-15));
#7172 = VECTOR('',#7173,1.);
#7173 = DIRECTION('',(8.741913579726E-18,-1.));
#7174 = ( GEOMETRIC_REPRESENTATION_CONTEXT(2) 
PARAMETRIC_REPRESENTATION_CONTEXT() REPRESENTATION_CONTEXT('2D SPACE',''
  ) );
#7175 = ORIENTED_EDGE('',*,*,#7176,.T.);
#7176 = EDGE_CURVE('',#7154,#7082,#7177,.T.);
#7177 = SURFACE_CURVE('',#7178,(#7182,#7189),.PCURVE_S1.);
#7178 = LINE('',#7179,#7180);
#7179 = CARTESIAN_POINT('',(4.697264799347E-10,15.24,25.39999961853));
#7180 = VECTOR('',#7181,1.);
#7181 = DIRECTION('',(1.,0.,0.));
#7182 = PCURVE('',#6799,#7183);
#7183 = DEFINITIONAL_REPRESENTATION('',(#7184),#7188);
#7184 = LINE('',#7185,#7186);
#7185 = CARTESIAN_POINT('',(6.35,0.));
#7186 = VECTOR('',#7187,1.);
#7187 = DIRECTION('',(0.,1.));
#7188 = ( GEOMETRIC_REPRESENTATION_CONTEXT(2) 
PARAMETRIC_REPRESENTATION_CONTEXT() REPRESENTATION_CONTEXT('2D SPACE',''
  ) );
#7189 = PCURVE('',#6519,#7190);
#7190 = DEFINITIONAL_REPRESENTATION('',(#7191),#7195);
#7191 = LINE('',#7192,#7193);
#7192 = CARTESIAN_POINT('',(-25.399999619,0.));
#7193 = VECTOR('',#7194,1.);
#7194 = DIRECTION('',(0.,1.));
#7195 = ( GEOMETRIC_REPRESENTATION_CONTEXT(2) 
PARAMETRIC_REPRESENTATION_CONTEXT() REPRESENTATION_CONTEXT('2D SPACE',''
  ) );
#7196 = ADVANCED_FACE('',(#7197,#7293),#6519,.T.);
#7197 = FACE_BOUND('',#7198,.T.);
#7198 = EDGE_LOOP('',(#7199,#7200,#7221,#7222,#7223,#7247,#7270,#7292));
#7199 = ORIENTED_EDGE('',*,*,#6495,.T.);
#7200 = ORIENTED_EDGE('',*,*,#7201,.F.);
#7201 = EDGE_CURVE('',#7080,#6498,#7202,.T.);
#7202 = SURFACE_CURVE('',#7203,(#7207,#7214),.PCURVE_S1.);
#7203 = LINE('',#7204,#7205);
#7204 = CARTESIAN_POINT('',(25.39999961947,15.24,-4.697250699515E-10));
#7205 = VECTOR('',#7206,1.);
#7206 = DIRECTION('',(0.,-2.22044604925E-16,-1.));
#7207 = PCURVE('',#6519,#7208);
#7208 = DEFINITIONAL_REPRESENTATION('',(#7209),#7213);
#7209 = LINE('',#7210,#7211);
#7210 = CARTESIAN_POINT('',(0.,25.399999619));
#7211 = VECTOR('',#7212,1.);
#7212 = DIRECTION('',(1.,0.));
#7213 = ( GEOMETRIC_REPRESENTATION_CONTEXT(2) 
PARAMETRIC_REPRESENTATION_CONTEXT() REPRESENTATION_CONTEXT('2D SPACE',''
  ) );
#7214 = PCURVE('',#6601,#7215);
#7215 = DEFINITIONAL_REPRESENTATION('',(#7216),#7220);
#7216 = LINE('',#7217,#7218);
#7217 = CARTESIAN_POINT('',(6.35,-6.410678146279E-25));
#7218 = VECTOR('',#7219,1.);
#7219 = DIRECTION('',(-2.465190328816E-32,1.));
#7220 = ( GEOMETRIC_REPRESENTATION_CONTEXT(2) 
PARAMETRIC_REPRESENTATION_CONTEXT() REPRESENTATION_CONTEXT('2D SPACE',''
  ) );
#7221 = ORIENTED_EDGE('',*,*,#7079,.T.);
#7222 = ORIENTED_EDGE('',*,*,#7176,.F.);
#7223 = ORIENTED_EDGE('',*,*,#7224,.T.);
#7224 = EDGE_CURVE('',#7154,#7225,#7227,.T.);
#7225 = VERTEX_POINT('',#7226);
#7226 = CARTESIAN_POINT('',(-25.39999961853,15.24,17.77999961853));
#7227 = SURFACE_CURVE('',#7228,(#7233,#7240),.PCURVE_S1.);
#7228 = CIRCLE('',#7229,7.62);
#7229 = AXIS2_PLACEMENT_3D('',#7230,#7231,#7232);
#7230 = CARTESIAN_POINT('',(-17.77999961853,15.24,17.77999961853));
#7231 = DIRECTION('',(0.,-1.,2.22044604925E-16));
#7232 = DIRECTION('',(-0.707106781187,1.570092458684E-16,0.707106781187)
  );
#7233 = PCURVE('',#6519,#7234);
#7234 = DEFINITIONAL_REPRESENTATION('',(#7235),#7239);
#7235 = CIRCLE('',#7236,7.62);
#7236 = AXIS2_PLACEMENT_2D('',#7237,#7238);
#7237 = CARTESIAN_POINT('',(-17.779999619,-17.779999619));
#7238 = DIRECTION('',(-0.707106781187,-0.707106781187));
#7239 = ( GEOMETRIC_REPRESENTATION_CONTEXT(2) 
PARAMETRIC_REPRESENTATION_CONTEXT() REPRESENTATION_CONTEXT('2D SPACE',''
  ) );
#7240 = PCURVE('',#6771,#7241);
#7241 = DEFINITIONAL_REPRESENTATION('',(#7242),#7246);
#7242 = LINE('',#7243,#7244);
#7243 = CARTESIAN_POINT('',(6.28318530718,-6.35));
#7244 = VECTOR('',#7245,1.);
#7245 = DIRECTION('',(-1.,0.));
#7246 = ( GEOMETRIC_REPRESENTATION_CONTEXT(2) 
PARAMETRIC_REPRESENTATION_CONTEXT() REPRESENTATION_CONTEXT('2D SPACE',''
  ) );
#7247 = ORIENTED_EDGE('',*,*,#7248,.F.);
#7248 = EDGE_CURVE('',#7249,#7225,#7251,.T.);
#7249 = VERTEX_POINT('',#7250);
#7250 = CARTESIAN_POINT('',(-25.39999961853,15.24,-17.77999961947));
#7251 = SURFACE_CURVE('',#7252,(#7256,#7263),.PCURVE_S1.);
#7252 = LINE('',#7253,#7254);
#7253 = CARTESIAN_POINT('',(-25.39999961853,15.24,-4.697250699515E-10));
#7254 = VECTOR('',#7255,1.);
#7255 = DIRECTION('',(0.,2.22044604925E-16,1.));
#7256 = PCURVE('',#6519,#7257);
#7257 = DEFINITIONAL_REPRESENTATION('',(#7258),#7262);
#7258 = LINE('',#7259,#7260);
#7259 = CARTESIAN_POINT('',(-0.,-25.399999619));
#7260 = VECTOR('',#7261,1.);
#7261 = DIRECTION('',(-1.,0.));
#7262 = ( GEOMETRIC_REPRESENTATION_CONTEXT(2) 
PARAMETRIC_REPRESENTATION_CONTEXT() REPRESENTATION_CONTEXT('2D SPACE',''
  ) );
#7263 = PCURVE('',#6738,#7264);
#7264 = DEFINITIONAL_REPRESENTATION('',(#7265),#7269);
#7265 = LINE('',#7266,#7267);
#7266 = CARTESIAN_POINT('',(-6.35,-6.410678146279E-25));
#7267 = VECTOR('',#7268,1.);
#7268 = DIRECTION('',(-2.465190328816E-32,-1.));
#7269 = ( GEOMETRIC_REPRESENTATION_CONTEXT(2) 
PARAMETRIC_REPRESENTATION_CONTEXT() REPRESENTATION_CONTEXT('2D SPACE',''
  ) );
#7270 = ORIENTED_EDGE('',*,*,#7271,.T.);
#7271 = EDGE_CURVE('',#7249,#6618,#7272,.T.);
#7272 = SURFACE_CURVE('',#7273,(#7278,#7285),.PCURVE_S1.);
#7273 = CIRCLE('',#7274,7.62);
#7274 = AXIS2_PLACEMENT_3D('',#7275,#7276,#7277);
#7275 = CARTESIAN_POINT('',(-17.77999961853,15.24,-17.77999961947));
#7276 = DIRECTION('',(0.,-1.,2.22044604925E-16));
#7277 = DIRECTION('',(-0.707106781187,-1.570092458684E-16,
    -0.707106781187));
#7278 = PCURVE('',#6519,#7279);
#7279 = DEFINITIONAL_REPRESENTATION('',(#7280),#7284);
#7280 = CIRCLE('',#7281,7.62);
#7281 = AXIS2_PLACEMENT_2D('',#7282,#7283);
#7282 = CARTESIAN_POINT('',(17.779999619,-17.779999619));
#7283 = DIRECTION('',(0.707106781187,-0.707106781187));
#7284 = ( GEOMETRIC_REPRESENTATION_CONTEXT(2) 
PARAMETRIC_REPRESENTATION_CONTEXT() REPRESENTATION_CONTEXT('2D SPACE',''
  ) );
#7285 = PCURVE('',#6656,#7286);
#7286 = DEFINITIONAL_REPRESENTATION('',(#7287),#7291);
#7287 = LINE('',#7288,#7289);
#7288 = CARTESIAN_POINT('',(6.28318530718,-6.35));
#7289 = VECTOR('',#7290,1.);
#7290 = DIRECTION('',(-1.,0.));
#7291 = ( GEOMETRIC_REPRESENTATION_CONTEXT(2) 
PARAMETRIC_REPRESENTATION_CONTEXT() REPRESENTATION_CONTEXT('2D SPACE',''
  ) );
#7292 = ORIENTED_EDGE('',*,*,#6617,.F.);
#7293 = FACE_BOUND('',#7294,.T.);
#7294 = EDGE_LOOP('',(#7295));
#7295 = ORIENTED_EDGE('',*,*,#7296,.T.);
#7296 = EDGE_CURVE('',#7297,#7297,#7299,.T.);
#7297 = VERTEX_POINT('',#7298);
#7298 = CARTESIAN_POINT('',(-9.525,15.24,4.550435855245E-15));
#7299 = SURFACE_CURVE('',#7300,(#7305,#7316),.PCURVE_S1.);
#7300 = CIRCLE('',#7301,9.525);
#7301 = AXIS2_PLACEMENT_3D('',#7302,#7303,#7304);
#7302 = CARTESIAN_POINT('',(0.,15.24,3.383959779057E-15));
#7303 = DIRECTION('',(0.,1.,2.22044604925E-16));
#7304 = DIRECTION('',(1.,0.,-0.));
#7305 = PCURVE('',#6519,#7306);
#7306 = DEFINITIONAL_REPRESENTATION('',(#7307),#7315);
#7307 = ( BOUNDED_CURVE() B_SPLINE_CURVE(2,(#7308,#7309,#7310,#7311,
#7312,#7313,#7314),.UNSPECIFIED.,.T.,.F.) B_SPLINE_CURVE_WITH_KNOTS((1,2
    ,2,2,2,1),(-2.094395102393,0.,2.094395102393,4.188790204786,
6.28318530718,8.377580409573),.UNSPECIFIED.) CURVE() 
GEOMETRIC_REPRESENTATION_ITEM() RATIONAL_B_SPLINE_CURVE((1.,0.5,1.,0.5,
1.,0.5,1.)) REPRESENTATION_ITEM('') );
#7308 = CARTESIAN_POINT('',(-4.697284539112E-10,9.52499999953));
#7309 = CARTESIAN_POINT('',(16.497783941624,9.52499999953));
#7310 = CARTESIAN_POINT('',(8.248891970577,-4.76250000047));
#7311 = CARTESIAN_POINT('',(-4.697261209591E-10,-19.05000000047));
#7312 = CARTESIAN_POINT('',(-8.248891971517,-4.76250000047));
#7313 = CARTESIAN_POINT('',(-16.49778394256,9.52499999953));
#7314 = CARTESIAN_POINT('',(-4.697284539112E-10,9.52499999953));
#7315 = ( GEOMETRIC_REPRESENTATION_CONTEXT(2) 
PARAMETRIC_REPRESENTATION_CONTEXT() REPRESENTATION_CONTEXT('2D SPACE',''
  ) );
#7316 = PCURVE('',#7317,#7322);
#7317 = CYLINDRICAL_SURFACE('',#7318,9.525);
#7318 = AXIS2_PLACEMENT_3D('',#7319,#7320,#7321);
#7319 = CARTESIAN_POINT('',(0.,13.97,3.101963130803E-15));
#7320 = DIRECTION('',(0.,1.,2.22044604925E-16));
#7321 = DIRECTION('',(1.,0.,-0.));
#7322 = DEFINITIONAL_REPRESENTATION('',(#7323),#7327);
#7323 = LINE('',#7324,#7325);
#7324 = CARTESIAN_POINT('',(-6.28318530718,1.27));
#7325 = VECTOR('',#7326,1.);
#7326 = DIRECTION('',(1.,0.));
#7327 = ( GEOMETRIC_REPRESENTATION_CONTEXT(2) 
PARAMETRIC_REPRESENTATION_CONTEXT() REPRESENTATION_CONTEXT('2D SPACE',''
  ) );
#7328 = ADVANCED_FACE('',(#7329),#6771,.T.);
#7329 = FACE_BOUND('',#7330,.T.);
#7330 = EDGE_LOOP('',(#7331,#7332,#7333,#7334));
#7331 = ORIENTED_EDGE('',*,*,#7224,.F.);
#7332 = ORIENTED_EDGE('',*,*,#7153,.F.);
#7333 = ORIENTED_EDGE('',*,*,#6750,.F.);
#7334 = ORIENTED_EDGE('',*,*,#7335,.F.);
#7335 = EDGE_CURVE('',#7225,#6723,#7336,.T.);
#7336 = SURFACE_CURVE('',#7337,(#7341,#7348),.PCURVE_S1.);
#7337 = LINE('',#7338,#7339);
#7338 = CARTESIAN_POINT('',(-25.39999961853,21.59,17.77999961853));
#7339 = VECTOR('',#7340,1.);
#7340 = DIRECTION('',(0.,1.,-2.22044604925E-16));
#7341 = PCURVE('',#6771,#7342);
#7342 = DEFINITIONAL_REPRESENTATION('',(#7343),#7347);
#7343 = LINE('',#7344,#7345);
#7344 = CARTESIAN_POINT('',(-0.785398163397,0.));
#7345 = VECTOR('',#7346,1.);
#7346 = DIRECTION('',(0.,1.));
#7347 = ( GEOMETRIC_REPRESENTATION_CONTEXT(2) 
PARAMETRIC_REPRESENTATION_CONTEXT() REPRESENTATION_CONTEXT('2D SPACE',''
  ) );
#7348 = PCURVE('',#6738,#7349);
#7349 = DEFINITIONAL_REPRESENTATION('',(#7350),#7354);
#7350 = LINE('',#7351,#7352);
#7351 = CARTESIAN_POINT('',(-3.947952990968E-15,-17.779999619));
#7352 = VECTOR('',#7353,1.);
#7353 = DIRECTION('',(1.,-2.465190328816E-32));
#7354 = ( GEOMETRIC_REPRESENTATION_CONTEXT(2) 
PARAMETRIC_REPRESENTATION_CONTEXT() REPRESENTATION_CONTEXT('2D SPACE',''
  ) );
#7355 = ADVANCED_FACE('',(#7356),#6738,.T.);
#7356 = FACE_BOUND('',#7357,.T.);
#7357 = EDGE_LOOP('',(#7358,#7359,#7360,#7381));
#7358 = ORIENTED_EDGE('',*,*,#7335,.T.);
#7359 = ORIENTED_EDGE('',*,*,#6722,.T.);
#7360 = ORIENTED_EDGE('',*,*,#7361,.T.);
#7361 = EDGE_CURVE('',#6695,#7249,#7362,.T.);
#7362 = SURFACE_CURVE('',#7363,(#7367,#7374),.PCURVE_S1.);
#7363 = LINE('',#7364,#7365);
#7364 = CARTESIAN_POINT('',(-25.39999961853,21.59,-17.77999961947));
#7365 = VECTOR('',#7366,1.);
#7366 = DIRECTION('',(0.,-1.,2.22044604925E-16));
#7367 = PCURVE('',#6738,#7368);
#7368 = DEFINITIONAL_REPRESENTATION('',(#7369),#7373);
#7369 = LINE('',#7370,#7371);
#7370 = CARTESIAN_POINT('',(3.947952990968E-15,17.779999619));
#7371 = VECTOR('',#7372,1.);
#7372 = DIRECTION('',(-1.,2.465190328816E-32));
#7373 = ( GEOMETRIC_REPRESENTATION_CONTEXT(2) 
PARAMETRIC_REPRESENTATION_CONTEXT() REPRESENTATION_CONTEXT('2D SPACE',''
  ) );
#7374 = PCURVE('',#6656,#7375);
#7375 = DEFINITIONAL_REPRESENTATION('',(#7376),#7380);
#7376 = LINE('',#7377,#7378);
#7377 = CARTESIAN_POINT('',(0.785398163397,0.));
#7378 = VECTOR('',#7379,1.);
#7379 = DIRECTION('',(0.,-1.));
#7380 = ( GEOMETRIC_REPRESENTATION_CONTEXT(2) 
PARAMETRIC_REPRESENTATION_CONTEXT() REPRESENTATION_CONTEXT('2D SPACE',''
  ) );
#7381 = ORIENTED_EDGE('',*,*,#7248,.T.);
#7382 = ADVANCED_FACE('',(#7383),#6656,.T.);
#7383 = FACE_BOUND('',#7384,.T.);
#7384 = EDGE_LOOP('',(#7385,#7386,#7387,#7388));
#7385 = ORIENTED_EDGE('',*,*,#7271,.F.);
#7386 = ORIENTED_EDGE('',*,*,#7361,.F.);
#7387 = ORIENTED_EDGE('',*,*,#6694,.F.);
#7388 = ORIENTED_EDGE('',*,*,#6640,.F.);
#7389 = ADVANCED_FACE('',(#7390),#6961,.F.);
#7390 = FACE_BOUND('',#7391,.F.);
#7391 = EDGE_LOOP('',(#7392,#7415,#7416,#7417));
#7392 = ORIENTED_EDGE('',*,*,#7393,.T.);
#7393 = EDGE_CURVE('',#7394,#6924,#7396,.T.);
#7394 = VERTEX_POINT('',#7395);
#7395 = CARTESIAN_POINT('',(15.240000729561,17.78,-22.86000072956));
#7396 = SURFACE_CURVE('',#7397,(#7401,#7408),.PCURVE_S1.);
#7397 = LINE('',#7398,#7399);
#7398 = CARTESIAN_POINT('',(15.240000729561,27.94,-22.86000072956));
#7399 = VECTOR('',#7400,1.);
#7400 = DIRECTION('',(0.,1.,-4.370956789863E-16));
#7401 = PCURVE('',#6961,#7402);
#7402 = DEFINITIONAL_REPRESENTATION('',(#7403),#7407);
#7403 = LINE('',#7404,#7405);
#7404 = CARTESIAN_POINT('',(0.785398163397,3.552713678801E-15));
#7405 = VECTOR('',#7406,1.);
#7406 = DIRECTION('',(0.,1.));
#7407 = ( GEOMETRIC_REPRESENTATION_CONTEXT(2) 
PARAMETRIC_REPRESENTATION_CONTEXT() REPRESENTATION_CONTEXT('2D SPACE',''
  ) );
#7408 = PCURVE('',#6215,#7409);
#7409 = DEFINITIONAL_REPRESENTATION('',(#7410),#7414);
#7410 = LINE('',#7411,#7412);
#7411 = CARTESIAN_POINT('',(7.62,0.));
#7412 = VECTOR('',#7413,1.);
#7413 = DIRECTION('',(0.,-1.));
#7414 = ( GEOMETRIC_REPRESENTATION_CONTEXT(2) 
PARAMETRIC_REPRESENTATION_CONTEXT() REPRESENTATION_CONTEXT('2D SPACE',''
  ) );
#7415 = ORIENTED_EDGE('',*,*,#6946,.T.);
#7416 = ORIENTED_EDGE('',*,*,#7032,.T.);
#7417 = ORIENTED_EDGE('',*,*,#7418,.F.);
#7418 = EDGE_CURVE('',#7394,#7033,#7419,.T.);
#7419 = SURFACE_CURVE('',#7420,(#7425,#7432),.PCURVE_S1.);
#7420 = CIRCLE('',#7421,7.62);
#7421 = AXIS2_PLACEMENT_3D('',#7422,#7423,#7424);
#7422 = CARTESIAN_POINT('',(15.240000729561,17.78,-15.24000072956));
#7423 = DIRECTION('',(0.,-1.,4.370956789863E-16));
#7424 = DIRECTION('',(0.707106781187,-3.090733186385E-16,-0.707106781187
    ));
#7425 = PCURVE('',#6961,#7426);
#7426 = DEFINITIONAL_REPRESENTATION('',(#7427),#7431);
#7427 = LINE('',#7428,#7429);
#7428 = CARTESIAN_POINT('',(6.28318530718,-10.16));
#7429 = VECTOR('',#7430,1.);
#7430 = DIRECTION('',(-1.,0.));
#7431 = ( GEOMETRIC_REPRESENTATION_CONTEXT(2) 
PARAMETRIC_REPRESENTATION_CONTEXT() REPRESENTATION_CONTEXT('2D SPACE',''
  ) );
#7432 = PCURVE('',#6242,#7433);
#7433 = DEFINITIONAL_REPRESENTATION('',(#7434),#7442);
#7434 = ( BOUNDED_CURVE() B_SPLINE_CURVE(2,(#7435,#7436,#7437,#7438,
#7439,#7440,#7441),.UNSPECIFIED.,.T.,.F.) B_SPLINE_CURVE_WITH_KNOTS((1,2
    ,2,2,2,1),(-2.094395102393,0.,2.094395102393,4.188790204786,
6.28318530718,8.377580409573),.UNSPECIFIED.) CURVE() 
GEOMETRIC_REPRESENTATION_ITEM() RATIONAL_B_SPLINE_CURVE((1.,0.5,1.,0.5,
1.,0.5,1.)) REPRESENTATION_ITEM('') );
#7435 = CARTESIAN_POINT('',(-20.6281544022,20.628154402202));
#7436 = CARTESIAN_POINT('',(-11.29559848219,29.960710322206));
#7437 = CARTESIAN_POINT('',(-7.879645933238,17.212201853242));
#7438 = CARTESIAN_POINT('',(-4.463693384278,4.463693384278));
#7439 = CARTESIAN_POINT('',(-17.21220185324,7.879645933238));
#7440 = CARTESIAN_POINT('',(-29.9607103222,11.295598482198));
#7441 = CARTESIAN_POINT('',(-20.6281544022,20.628154402202));
#7442 = ( GEOMETRIC_REPRESENTATION_CONTEXT(2) 
PARAMETRIC_REPRESENTATION_CONTEXT() REPRESENTATION_CONTEXT('2D SPACE',''
  ) );
#7443 = ADVANCED_FACE('',(#7444),#6242,.T.);
#7444 = FACE_BOUND('',#7445,.T.);
#7445 = EDGE_LOOP('',(#7446,#7447,#7448,#7449,#7450,#7451,#7452,#7453));
#7446 = ORIENTED_EDGE('',*,*,#6227,.F.);
#7447 = ORIENTED_EDGE('',*,*,#6313,.T.);
#7448 = ORIENTED_EDGE('',*,*,#6390,.F.);
#7449 = ORIENTED_EDGE('',*,*,#6471,.T.);
#7450 = ORIENTED_EDGE('',*,*,#7001,.F.);
#7451 = ORIENTED_EDGE('',*,*,#7055,.T.);
#7452 = ORIENTED_EDGE('',*,*,#7418,.F.);
#7453 = ORIENTED_EDGE('',*,*,#7454,.T.);
#7454 = EDGE_CURVE('',#7394,#6200,#7455,.T.);
#7455 = SURFACE_CURVE('',#7456,(#7460,#7467),.PCURVE_S1.);
#7456 = LINE('',#7457,#7458);
#7457 = CARTESIAN_POINT('',(22.860000729561,17.78,-22.86000072956));
#7458 = VECTOR('',#7459,1.);
#7459 = DIRECTION('',(-1.,0.,0.));
#7460 = PCURVE('',#6242,#7461);
#7461 = DEFINITIONAL_REPRESENTATION('',(#7462),#7466);
#7462 = LINE('',#7463,#7464);
#7463 = CARTESIAN_POINT('',(-22.86000072956,22.860000729561));
#7464 = VECTOR('',#7465,1.);
#7465 = DIRECTION('',(0.,-1.));
#7466 = ( GEOMETRIC_REPRESENTATION_CONTEXT(2) 
PARAMETRIC_REPRESENTATION_CONTEXT() REPRESENTATION_CONTEXT('2D SPACE',''
  ) );
#7467 = PCURVE('',#6215,#7468);
#7468 = DEFINITIONAL_REPRESENTATION('',(#7469),#7473);
#7469 = LINE('',#7470,#7471);
#7470 = CARTESIAN_POINT('',(0.,10.16));
#7471 = VECTOR('',#7472,1.);
#7472 = DIRECTION('',(1.,0.));
#7473 = ( GEOMETRIC_REPRESENTATION_CONTEXT(2) 
PARAMETRIC_REPRESENTATION_CONTEXT() REPRESENTATION_CONTEXT('2D SPACE',''
  ) );
#7474 = ADVANCED_FACE('',(#7475),#6215,.T.);
#7475 = FACE_BOUND('',#7476,.T.);
#7476 = EDGE_LOOP('',(#7477,#7478,#7479,#7480));
#7477 = ORIENTED_EDGE('',*,*,#6199,.T.);
#7478 = ORIENTED_EDGE('',*,*,#7454,.F.);
#7479 = ORIENTED_EDGE('',*,*,#7393,.T.);
#7480 = ORIENTED_EDGE('',*,*,#6923,.T.);
#7481 = ADVANCED_FACE('',(#7482),#6601,.T.);
#7482 = FACE_BOUND('',#7483,.T.);
#7483 = EDGE_LOOP('',(#7484,#7485,#7486,#7487));
#7484 = ORIENTED_EDGE('',*,*,#6587,.T.);
#7485 = ORIENTED_EDGE('',*,*,#6844,.T.);
#7486 = ORIENTED_EDGE('',*,*,#7105,.T.);
#7487 = ORIENTED_EDGE('',*,*,#7201,.T.);
#7488 = ADVANCED_FACE('',(#7489),#7503,.F.);
#7489 = FACE_BOUND('',#7490,.F.);
#7490 = EDGE_LOOP('',(#7491,#7526,#7555,#7583));
#7491 = ORIENTED_EDGE('',*,*,#7492,.F.);
#7492 = EDGE_CURVE('',#7493,#7495,#7497,.T.);
#7493 = VERTEX_POINT('',#7494);
#7494 = CARTESIAN_POINT('',(-15.24000072956,-15.24,-22.86000072956));
#7495 = VERTEX_POINT('',#7496);
#7496 = CARTESIAN_POINT('',(-15.24000072956,-5.08,-22.86000072956));
#7497 = SURFACE_CURVE('',#7498,(#7502,#7514),.PCURVE_S1.);
#7498 = LINE('',#7499,#7500);
#7499 = CARTESIAN_POINT('',(-15.24000072956,-15.24,-22.86000072956));
#7500 = VECTOR('',#7501,1.);
#7501 = DIRECTION('',(0.,1.,4.370956789863E-16));
#7502 = PCURVE('',#7503,#7508);
#7503 = CYLINDRICAL_SURFACE('',#7504,7.62);
#7504 = AXIS2_PLACEMENT_3D('',#7505,#7506,#7507);
#7505 = CARTESIAN_POINT('',(-15.24000072956,-15.24,-15.24000072956));
#7506 = DIRECTION('',(0.,1.,4.370956789863E-16));
#7507 = DIRECTION('',(-0.707106781187,3.090733186385E-16,-0.707106781187
    ));
#7508 = DEFINITIONAL_REPRESENTATION('',(#7509),#7513);
#7509 = LINE('',#7510,#7511);
#7510 = CARTESIAN_POINT('',(5.497787143782,-3.552713678801E-15));
#7511 = VECTOR('',#7512,1.);
#7512 = DIRECTION('',(0.,1.));
#7513 = ( GEOMETRIC_REPRESENTATION_CONTEXT(2) 
PARAMETRIC_REPRESENTATION_CONTEXT() REPRESENTATION_CONTEXT('2D SPACE',''
  ) );
#7514 = PCURVE('',#7515,#7520);
#7515 = PLANE('',#7516);
#7516 = AXIS2_PLACEMENT_3D('',#7517,#7518,#7519);
#7517 = CARTESIAN_POINT('',(22.860000729561,-15.24,-22.86000072956));
#7518 = DIRECTION('',(0.,4.370956789863E-16,-1.));
#7519 = DIRECTION('',(-1.,0.,0.));
#7520 = DEFINITIONAL_REPRESENTATION('',(#7521),#7525);
#7521 = LINE('',#7522,#7523);
#7522 = CARTESIAN_POINT('',(38.100001459122,0.));
#7523 = VECTOR('',#7524,1.);
#7524 = DIRECTION('',(0.,1.));
#7525 = ( GEOMETRIC_REPRESENTATION_CONTEXT(2) 
PARAMETRIC_REPRESENTATION_CONTEXT() REPRESENTATION_CONTEXT('2D SPACE',''
  ) );
#7526 = ORIENTED_EDGE('',*,*,#7527,.F.);
#7527 = EDGE_CURVE('',#7528,#7493,#7530,.T.);
#7528 = VERTEX_POINT('',#7529);
#7529 = CARTESIAN_POINT('',(-22.86000072956,-15.24,-15.24000072956));
#7530 = SURFACE_CURVE('',#7531,(#7536,#7543),.PCURVE_S1.);
#7531 = CIRCLE('',#7532,7.62);
#7532 = AXIS2_PLACEMENT_3D('',#7533,#7534,#7535);
#7533 = CARTESIAN_POINT('',(-15.24000072956,-15.24,-15.24000072956));
#7534 = DIRECTION('',(0.,-1.,-2.22044604925E-16));
#7535 = DIRECTION('',(-0.707106781187,1.570092458684E-16,-0.707106781187
    ));
#7536 = PCURVE('',#7503,#7537);
#7537 = DEFINITIONAL_REPRESENTATION('',(#7538),#7542);
#7538 = LINE('',#7539,#7540);
#7539 = CARTESIAN_POINT('',(12.566370614359,6.217248937901E-15));
#7540 = VECTOR('',#7541,1.);
#7541 = DIRECTION('',(-1.,-1.130863886743E-15));
#7542 = ( GEOMETRIC_REPRESENTATION_CONTEXT(2) 
PARAMETRIC_REPRESENTATION_CONTEXT() REPRESENTATION_CONTEXT('2D SPACE',''
  ) );
#7543 = PCURVE('',#7544,#7549);
#7544 = PLANE('',#7545);
#7545 = AXIS2_PLACEMENT_3D('',#7546,#7547,#7548);
#7546 = CARTESIAN_POINT('',(4.697264799347E-10,-15.24,
    -4.697278899179E-10));
#7547 = DIRECTION('',(0.,-1.,-2.22044604925E-16));
#7548 = DIRECTION('',(0.,2.22044604925E-16,-1.));
#7549 = DEFINITIONAL_REPRESENTATION('',(#7550),#7554);
#7550 = CIRCLE('',#7551,7.62);
#7551 = AXIS2_PLACEMENT_2D('',#7552,#7553);
#7552 = CARTESIAN_POINT('',(15.240000729091,-15.24000073003));
#7553 = DIRECTION('',(0.707106781187,-0.707106781187));
#7554 = ( GEOMETRIC_REPRESENTATION_CONTEXT(2) 
PARAMETRIC_REPRESENTATION_CONTEXT() REPRESENTATION_CONTEXT('2D SPACE',''
  ) );
#7555 = ORIENTED_EDGE('',*,*,#7556,.F.);
#7556 = EDGE_CURVE('',#7557,#7528,#7559,.T.);
#7557 = VERTEX_POINT('',#7558);
#7558 = CARTESIAN_POINT('',(-22.86000072956,-5.08,-15.24000072956));
#7559 = SURFACE_CURVE('',#7560,(#7564,#7571),.PCURVE_S1.);
#7560 = LINE('',#7561,#7562);
#7561 = CARTESIAN_POINT('',(-22.86000072956,-15.24,-15.24000072956));
#7562 = VECTOR('',#7563,1.);
#7563 = DIRECTION('',(0.,-1.,-4.370956789863E-16));
#7564 = PCURVE('',#7503,#7565);
#7565 = DEFINITIONAL_REPRESENTATION('',(#7566),#7570);
#7566 = LINE('',#7567,#7568);
#7567 = CARTESIAN_POINT('',(7.068583470577,0.));
#7568 = VECTOR('',#7569,1.);
#7569 = DIRECTION('',(8.741913579726E-17,-1.));
#7570 = ( GEOMETRIC_REPRESENTATION_CONTEXT(2) 
PARAMETRIC_REPRESENTATION_CONTEXT() REPRESENTATION_CONTEXT('2D SPACE',''
  ) );
#7571 = PCURVE('',#7572,#7577);
#7572 = PLANE('',#7573);
#7573 = AXIS2_PLACEMENT_3D('',#7574,#7575,#7576);
#7574 = CARTESIAN_POINT('',(-22.86000072956,-15.24,-22.86000072956));
#7575 = DIRECTION('',(-1.,0.,0.));
#7576 = DIRECTION('',(0.,-2.22044604925E-16,1.));
#7577 = DEFINITIONAL_REPRESENTATION('',(#7578),#7582);
#7578 = LINE('',#7579,#7580);
#7579 = CARTESIAN_POINT('',(7.62,1.691979889529E-15));
#7580 = VECTOR('',#7581,1.);
#7581 = DIRECTION('',(-2.150510740613E-16,-1.));
#7582 = ( GEOMETRIC_REPRESENTATION_CONTEXT(2) 
PARAMETRIC_REPRESENTATION_CONTEXT() REPRESENTATION_CONTEXT('2D SPACE',''
  ) );
#7583 = ORIENTED_EDGE('',*,*,#7584,.T.);
#7584 = EDGE_CURVE('',#7557,#7495,#7585,.T.);
#7585 = SURFACE_CURVE('',#7586,(#7591,#7598),.PCURVE_S1.);
#7586 = CIRCLE('',#7587,7.62);
#7587 = AXIS2_PLACEMENT_3D('',#7588,#7589,#7590);
#7588 = CARTESIAN_POINT('',(-15.24000072956,-5.08,-15.24000072956));
#7589 = DIRECTION('',(0.,-1.,-4.370956789863E-16));
#7590 = DIRECTION('',(-0.707106781187,3.090733186385E-16,-0.707106781187
    ));
#7591 = PCURVE('',#7503,#7592);
#7592 = DEFINITIONAL_REPRESENTATION('',(#7593),#7597);
#7593 = LINE('',#7594,#7595);
#7594 = CARTESIAN_POINT('',(12.566370614359,10.16));
#7595 = VECTOR('',#7596,1.);
#7596 = DIRECTION('',(-1.,0.));
#7597 = ( GEOMETRIC_REPRESENTATION_CONTEXT(2) 
PARAMETRIC_REPRESENTATION_CONTEXT() REPRESENTATION_CONTEXT('2D SPACE',''
  ) );
#7598 = PCURVE('',#7599,#7604);
#7599 = PLANE('',#7600);
#7600 = AXIS2_PLACEMENT_3D('',#7601,#7602,#7603);
#7601 = CARTESIAN_POINT('',(0.,-5.08,-2.958228394579E-30));
#7602 = DIRECTION('',(0.,1.,4.370956789863E-16));
#7603 = DIRECTION('',(0.,-4.370956789863E-16,1.));
#7604 = DEFINITIONAL_REPRESENTATION('',(#7605),#7613);
#7605 = ( BOUNDED_CURVE() B_SPLINE_CURVE(2,(#7606,#7607,#7608,#7609,
#7610,#7611,#7612),.UNSPECIFIED.,.T.,.F.) B_SPLINE_CURVE_WITH_KNOTS((1,2
    ,2,2,2,1),(-2.094395102393,0.,2.094395102393,4.188790204786,
6.28318530718,8.377580409573),.UNSPECIFIED.) CURVE() 
GEOMETRIC_REPRESENTATION_ITEM() RATIONAL_B_SPLINE_CURVE((1.,0.5,1.,0.5,
1.,0.5,1.)) REPRESENTATION_ITEM('') );
#7606 = CARTESIAN_POINT('',(-20.6281544022,-20.6281544022));
#7607 = CARTESIAN_POINT('',(-29.9607103222,-11.29559848219));
#7608 = CARTESIAN_POINT('',(-17.21220185324,-7.879645933238));
#7609 = CARTESIAN_POINT('',(-4.463693384278,-4.463693384278));
#7610 = CARTESIAN_POINT('',(-7.879645933238,-17.21220185324));
#7611 = CARTESIAN_POINT('',(-11.29559848219,-29.9607103222));
#7612 = CARTESIAN_POINT('',(-20.6281544022,-20.6281544022));
#7613 = ( GEOMETRIC_REPRESENTATION_CONTEXT(2) 
PARAMETRIC_REPRESENTATION_CONTEXT() REPRESENTATION_CONTEXT('2D SPACE',''
  ) );
#7614 = ADVANCED_FACE('',(#7615),#7572,.F.);
#7615 = FACE_BOUND('',#7616,.T.);
#7616 = EDGE_LOOP('',(#7617,#7618,#7641,#7669));
#7617 = ORIENTED_EDGE('',*,*,#7556,.F.);
#7618 = ORIENTED_EDGE('',*,*,#7619,.T.);
#7619 = EDGE_CURVE('',#7557,#7620,#7622,.T.);
#7620 = VERTEX_POINT('',#7621);
#7621 = CARTESIAN_POINT('',(-22.86000072956,-5.08,15.240000729561));
#7622 = SURFACE_CURVE('',#7623,(#7627,#7634),.PCURVE_S1.);
#7623 = LINE('',#7624,#7625);
#7624 = CARTESIAN_POINT('',(-22.86000072956,-5.08,-22.86000072956));
#7625 = VECTOR('',#7626,1.);
#7626 = DIRECTION('',(0.,-2.22044604925E-16,1.));
#7627 = PCURVE('',#7572,#7628);
#7628 = DEFINITIONAL_REPRESENTATION('',(#7629),#7633);
#7629 = LINE('',#7630,#7631);
#7630 = CARTESIAN_POINT('',(1.007727234992E-13,10.16));
#7631 = VECTOR('',#7632,1.);
#7632 = DIRECTION('',(1.,2.465190328816E-32));
#7633 = ( GEOMETRIC_REPRESENTATION_CONTEXT(2) 
PARAMETRIC_REPRESENTATION_CONTEXT() REPRESENTATION_CONTEXT('2D SPACE',''
  ) );
#7634 = PCURVE('',#7599,#7635);
#7635 = DEFINITIONAL_REPRESENTATION('',(#7636),#7640);
#7636 = LINE('',#7637,#7638);
#7637 = CARTESIAN_POINT('',(-22.86000072956,-22.86000072956));
#7638 = VECTOR('',#7639,1.);
#7639 = DIRECTION('',(1.,0.));
#7640 = ( GEOMETRIC_REPRESENTATION_CONTEXT(2) 
PARAMETRIC_REPRESENTATION_CONTEXT() REPRESENTATION_CONTEXT('2D SPACE',''
  ) );
#7641 = ORIENTED_EDGE('',*,*,#7642,.F.);
#7642 = EDGE_CURVE('',#7643,#7620,#7645,.T.);
#7643 = VERTEX_POINT('',#7644);
#7644 = CARTESIAN_POINT('',(-22.86000072956,-15.24,15.240000729561));
#7645 = SURFACE_CURVE('',#7646,(#7650,#7657),.PCURVE_S1.);
#7646 = LINE('',#7647,#7648);
#7647 = CARTESIAN_POINT('',(-22.86000072956,-15.24,15.240000729561));
#7648 = VECTOR('',#7649,1.);
#7649 = DIRECTION('',(0.,1.,4.370956789863E-16));
#7650 = PCURVE('',#7572,#7651);
#7651 = DEFINITIONAL_REPRESENTATION('',(#7652),#7656);
#7652 = LINE('',#7653,#7654);
#7653 = CARTESIAN_POINT('',(38.100001459122,8.459899771634E-15));
#7654 = VECTOR('',#7655,1.);
#7655 = DIRECTION('',(2.150510740613E-16,1.));
#7656 = ( GEOMETRIC_REPRESENTATION_CONTEXT(2) 
PARAMETRIC_REPRESENTATION_CONTEXT() REPRESENTATION_CONTEXT('2D SPACE',''
  ) );
#7657 = PCURVE('',#7658,#7663);
#7658 = CYLINDRICAL_SURFACE('',#7659,7.62);
#7659 = AXIS2_PLACEMENT_3D('',#7660,#7661,#7662);
#7660 = CARTESIAN_POINT('',(-15.24000072956,-15.24,15.240000729561));
#7661 = DIRECTION('',(0.,1.,4.370956789863E-16));
#7662 = DIRECTION('',(-0.707106781187,-3.090733186385E-16,0.707106781187
    ));
#7663 = DEFINITIONAL_REPRESENTATION('',(#7664),#7668);
#7664 = LINE('',#7665,#7666);
#7665 = CARTESIAN_POINT('',(5.497787143782,0.));
#7666 = VECTOR('',#7667,1.);
#7667 = DIRECTION('',(0.,1.));
#7668 = ( GEOMETRIC_REPRESENTATION_CONTEXT(2) 
PARAMETRIC_REPRESENTATION_CONTEXT() REPRESENTATION_CONTEXT('2D SPACE',''
  ) );
#7669 = ORIENTED_EDGE('',*,*,#7670,.F.);
#7670 = EDGE_CURVE('',#7528,#7643,#7671,.T.);
#7671 = SURFACE_CURVE('',#7672,(#7676,#7683),.PCURVE_S1.);
#7672 = LINE('',#7673,#7674);
#7673 = CARTESIAN_POINT('',(-22.86000072956,-15.24,-11.43000036501));
#7674 = VECTOR('',#7675,1.);
#7675 = DIRECTION('',(0.,-2.22044604925E-16,1.));
#7676 = PCURVE('',#7572,#7677);
#7677 = DEFINITIONAL_REPRESENTATION('',(#7678),#7682);
#7678 = LINE('',#7679,#7680);
#7679 = CARTESIAN_POINT('',(11.430000364546,2.537969915238E-15));
#7680 = VECTOR('',#7681,1.);
#7681 = DIRECTION('',(1.,2.465190328816E-32));
#7682 = ( GEOMETRIC_REPRESENTATION_CONTEXT(2) 
PARAMETRIC_REPRESENTATION_CONTEXT() REPRESENTATION_CONTEXT('2D SPACE',''
  ) );
#7683 = PCURVE('',#7544,#7684);
#7684 = DEFINITIONAL_REPRESENTATION('',(#7685),#7689);
#7685 = LINE('',#7686,#7687);
#7686 = CARTESIAN_POINT('',(11.430000364546,-22.86000073003));
#7687 = VECTOR('',#7688,1.);
#7688 = DIRECTION('',(-1.,0.));
#7689 = ( GEOMETRIC_REPRESENTATION_CONTEXT(2) 
PARAMETRIC_REPRESENTATION_CONTEXT() REPRESENTATION_CONTEXT('2D SPACE',''
  ) );
#7690 = ADVANCED_FACE('',(#7691),#7658,.F.);
#7691 = FACE_BOUND('',#7692,.F.);
#7692 = EDGE_LOOP('',(#7693,#7694,#7718,#7746));
#7693 = ORIENTED_EDGE('',*,*,#7642,.F.);
#7694 = ORIENTED_EDGE('',*,*,#7695,.F.);
#7695 = EDGE_CURVE('',#7696,#7643,#7698,.T.);
#7696 = VERTEX_POINT('',#7697);
#7697 = CARTESIAN_POINT('',(-15.24000072956,-15.24,22.860000729561));
#7698 = SURFACE_CURVE('',#7699,(#7704,#7711),.PCURVE_S1.);
#7699 = CIRCLE('',#7700,7.62);
#7700 = AXIS2_PLACEMENT_3D('',#7701,#7702,#7703);
#7701 = CARTESIAN_POINT('',(-15.24000072956,-15.24,15.240000729561));
#7702 = DIRECTION('',(0.,-1.,-2.22044604925E-16));
#7703 = DIRECTION('',(-0.707106781187,-1.570092458684E-16,0.707106781187
    ));
#7704 = PCURVE('',#7658,#7705);
#7705 = DEFINITIONAL_REPRESENTATION('',(#7706),#7710);
#7706 = LINE('',#7707,#7708);
#7707 = CARTESIAN_POINT('',(12.566370614359,7.993605777301E-15));
#7708 = VECTOR('',#7709,1.);
#7709 = DIRECTION('',(-1.,-1.130863886743E-15));
#7710 = ( GEOMETRIC_REPRESENTATION_CONTEXT(2) 
PARAMETRIC_REPRESENTATION_CONTEXT() REPRESENTATION_CONTEXT('2D SPACE',''
  ) );
#7711 = PCURVE('',#7544,#7712);
#7712 = DEFINITIONAL_REPRESENTATION('',(#7713),#7717);
#7713 = CIRCLE('',#7714,7.62);
#7714 = AXIS2_PLACEMENT_2D('',#7715,#7716);
#7715 = CARTESIAN_POINT('',(-15.24000073003,-15.24000073003));
#7716 = DIRECTION('',(-0.707106781187,-0.707106781187));
#7717 = ( GEOMETRIC_REPRESENTATION_CONTEXT(2) 
PARAMETRIC_REPRESENTATION_CONTEXT() REPRESENTATION_CONTEXT('2D SPACE',''
  ) );
#7718 = ORIENTED_EDGE('',*,*,#7719,.F.);
#7719 = EDGE_CURVE('',#7720,#7696,#7722,.T.);
#7720 = VERTEX_POINT('',#7721);
#7721 = CARTESIAN_POINT('',(-15.24000072956,-5.08,22.860000729561));
#7722 = SURFACE_CURVE('',#7723,(#7727,#7734),.PCURVE_S1.);
#7723 = LINE('',#7724,#7725);
#7724 = CARTESIAN_POINT('',(-15.24000072956,-15.24,22.860000729561));
#7725 = VECTOR('',#7726,1.);
#7726 = DIRECTION('',(0.,-1.,-4.370956789863E-16));
#7727 = PCURVE('',#7658,#7728);
#7728 = DEFINITIONAL_REPRESENTATION('',(#7729),#7733);
#7729 = LINE('',#7730,#7731);
#7730 = CARTESIAN_POINT('',(7.068583470577,3.552713678801E-15));
#7731 = VECTOR('',#7732,1.);
#7732 = DIRECTION('',(0.,-1.));
#7733 = ( GEOMETRIC_REPRESENTATION_CONTEXT(2) 
PARAMETRIC_REPRESENTATION_CONTEXT() REPRESENTATION_CONTEXT('2D SPACE',''
  ) );
#7734 = PCURVE('',#7735,#7740);
#7735 = PLANE('',#7736);
#7736 = AXIS2_PLACEMENT_3D('',#7737,#7738,#7739);
#7737 = CARTESIAN_POINT('',(-22.86000072956,-15.24,22.860000729561));
#7738 = DIRECTION('',(0.,-4.370956789863E-16,1.));
#7739 = DIRECTION('',(1.,0.,0.));
#7740 = DEFINITIONAL_REPRESENTATION('',(#7741),#7745);
#7741 = LINE('',#7742,#7743);
#7742 = CARTESIAN_POINT('',(7.62,0.));
#7743 = VECTOR('',#7744,1.);
#7744 = DIRECTION('',(0.,-1.));
#7745 = ( GEOMETRIC_REPRESENTATION_CONTEXT(2) 
PARAMETRIC_REPRESENTATION_CONTEXT() REPRESENTATION_CONTEXT('2D SPACE',''
  ) );
#7746 = ORIENTED_EDGE('',*,*,#7747,.T.);
#7747 = EDGE_CURVE('',#7720,#7620,#7748,.T.);
#7748 = SURFACE_CURVE('',#7749,(#7754,#7761),.PCURVE_S1.);
#7749 = CIRCLE('',#7750,7.62);
#7750 = AXIS2_PLACEMENT_3D('',#7751,#7752,#7753);
#7751 = CARTESIAN_POINT('',(-15.24000072956,-5.08,15.240000729561));
#7752 = DIRECTION('',(0.,-1.,-4.370956789863E-16));
#7753 = DIRECTION('',(-0.707106781187,-3.090733186385E-16,0.707106781187
    ));
#7754 = PCURVE('',#7658,#7755);
#7755 = DEFINITIONAL_REPRESENTATION('',(#7756),#7760);
#7756 = LINE('',#7757,#7758);
#7757 = CARTESIAN_POINT('',(12.566370614359,10.16));
#7758 = VECTOR('',#7759,1.);
#7759 = DIRECTION('',(-1.,0.));
#7760 = ( GEOMETRIC_REPRESENTATION_CONTEXT(2) 
PARAMETRIC_REPRESENTATION_CONTEXT() REPRESENTATION_CONTEXT('2D SPACE',''
  ) );
#7761 = PCURVE('',#7599,#7762);
#7762 = DEFINITIONAL_REPRESENTATION('',(#7763),#7771);
#7763 = ( BOUNDED_CURVE() B_SPLINE_CURVE(2,(#7764,#7765,#7766,#7767,
#7768,#7769,#7770),.UNSPECIFIED.,.T.,.F.) B_SPLINE_CURVE_WITH_KNOTS((1,2
    ,2,2,2,1),(-2.094395102393,0.,2.094395102393,4.188790204786,
6.28318530718,8.377580409573),.UNSPECIFIED.) CURVE() 
GEOMETRIC_REPRESENTATION_ITEM() RATIONAL_B_SPLINE_CURVE((1.,0.5,1.,0.5,
1.,0.5,1.)) REPRESENTATION_ITEM('') );
#7764 = CARTESIAN_POINT('',(20.628154402202,-20.6281544022));
#7765 = CARTESIAN_POINT('',(11.295598482198,-29.9607103222));
#7766 = CARTESIAN_POINT('',(7.879645933238,-17.21220185324));
#7767 = CARTESIAN_POINT('',(4.463693384278,-4.463693384278));
#7768 = CARTESIAN_POINT('',(17.212201853242,-7.879645933238));
#7769 = CARTESIAN_POINT('',(29.960710322206,-11.29559848219));
#7770 = CARTESIAN_POINT('',(20.628154402202,-20.6281544022));
#7771 = ( GEOMETRIC_REPRESENTATION_CONTEXT(2) 
PARAMETRIC_REPRESENTATION_CONTEXT() REPRESENTATION_CONTEXT('2D SPACE',''
  ) );
#7772 = ADVANCED_FACE('',(#7773),#7735,.F.);
#7773 = FACE_BOUND('',#7774,.T.);
#7774 = EDGE_LOOP('',(#7775,#7776,#7799,#7827));
#7775 = ORIENTED_EDGE('',*,*,#7719,.F.);
#7776 = ORIENTED_EDGE('',*,*,#7777,.T.);
#7777 = EDGE_CURVE('',#7720,#7778,#7780,.T.);
#7778 = VERTEX_POINT('',#7779);
#7779 = CARTESIAN_POINT('',(15.240000729561,-5.08,22.860000729561));
#7780 = SURFACE_CURVE('',#7781,(#7785,#7792),.PCURVE_S1.);
#7781 = LINE('',#7782,#7783);
#7782 = CARTESIAN_POINT('',(-22.86000072956,-5.08,22.860000729561));
#7783 = VECTOR('',#7784,1.);
#7784 = DIRECTION('',(1.,0.,0.));
#7785 = PCURVE('',#7735,#7786);
#7786 = DEFINITIONAL_REPRESENTATION('',(#7787),#7791);
#7787 = LINE('',#7788,#7789);
#7788 = CARTESIAN_POINT('',(0.,10.16));
#7789 = VECTOR('',#7790,1.);
#7790 = DIRECTION('',(1.,0.));
#7791 = ( GEOMETRIC_REPRESENTATION_CONTEXT(2) 
PARAMETRIC_REPRESENTATION_CONTEXT() REPRESENTATION_CONTEXT('2D SPACE',''
  ) );
#7792 = PCURVE('',#7599,#7793);
#7793 = DEFINITIONAL_REPRESENTATION('',(#7794),#7798);
#7794 = LINE('',#7795,#7796);
#7795 = CARTESIAN_POINT('',(22.860000729561,-22.86000072956));
#7796 = VECTOR('',#7797,1.);
#7797 = DIRECTION('',(0.,1.));
#7798 = ( GEOMETRIC_REPRESENTATION_CONTEXT(2) 
PARAMETRIC_REPRESENTATION_CONTEXT() REPRESENTATION_CONTEXT('2D SPACE',''
  ) );
#7799 = ORIENTED_EDGE('',*,*,#7800,.F.);
#7800 = EDGE_CURVE('',#7801,#7778,#7803,.T.);
#7801 = VERTEX_POINT('',#7802);
#7802 = CARTESIAN_POINT('',(15.240000729561,-15.24,22.860000729561));
#7803 = SURFACE_CURVE('',#7804,(#7808,#7815),.PCURVE_S1.);
#7804 = LINE('',#7805,#7806);
#7805 = CARTESIAN_POINT('',(15.240000729561,-15.24,22.860000729561));
#7806 = VECTOR('',#7807,1.);
#7807 = DIRECTION('',(0.,1.,4.370956789863E-16));
#7808 = PCURVE('',#7735,#7809);
#7809 = DEFINITIONAL_REPRESENTATION('',(#7810),#7814);
#7810 = LINE('',#7811,#7812);
#7811 = CARTESIAN_POINT('',(38.100001459122,0.));
#7812 = VECTOR('',#7813,1.);
#7813 = DIRECTION('',(0.,1.));
#7814 = ( GEOMETRIC_REPRESENTATION_CONTEXT(2) 
PARAMETRIC_REPRESENTATION_CONTEXT() REPRESENTATION_CONTEXT('2D SPACE',''
  ) );
#7815 = PCURVE('',#7816,#7821);
#7816 = CYLINDRICAL_SURFACE('',#7817,7.62);
#7817 = AXIS2_PLACEMENT_3D('',#7818,#7819,#7820);
#7818 = CARTESIAN_POINT('',(15.240000729561,-15.24,15.240000729561));
#7819 = DIRECTION('',(0.,1.,4.370956789863E-16));
#7820 = DIRECTION('',(0.707106781187,-3.090733186385E-16,0.707106781187)
  );
#7821 = DEFINITIONAL_REPRESENTATION('',(#7822),#7826);
#7822 = LINE('',#7823,#7824);
#7823 = CARTESIAN_POINT('',(5.497787143782,3.552713678801E-15));
#7824 = VECTOR('',#7825,1.);
#7825 = DIRECTION('',(0.,1.));
#7826 = ( GEOMETRIC_REPRESENTATION_CONTEXT(2) 
PARAMETRIC_REPRESENTATION_CONTEXT() REPRESENTATION_CONTEXT('2D SPACE',''
  ) );
#7827 = ORIENTED_EDGE('',*,*,#7828,.F.);
#7828 = EDGE_CURVE('',#7696,#7801,#7829,.T.);
#7829 = SURFACE_CURVE('',#7830,(#7834,#7841),.PCURVE_S1.);
#7830 = LINE('',#7831,#7832);
#7831 = CARTESIAN_POINT('',(-11.43000036454,-15.24,22.860000729561));
#7832 = VECTOR('',#7833,1.);
#7833 = DIRECTION('',(1.,0.,0.));
#7834 = PCURVE('',#7735,#7835);
#7835 = DEFINITIONAL_REPRESENTATION('',(#7836),#7840);
#7836 = LINE('',#7837,#7838);
#7837 = CARTESIAN_POINT('',(11.430000365015,0.));
#7838 = VECTOR('',#7839,1.);
#7839 = DIRECTION('',(1.,0.));
#7840 = ( GEOMETRIC_REPRESENTATION_CONTEXT(2) 
PARAMETRIC_REPRESENTATION_CONTEXT() REPRESENTATION_CONTEXT('2D SPACE',''
  ) );
#7841 = PCURVE('',#7544,#7842);
#7842 = DEFINITIONAL_REPRESENTATION('',(#7843),#7847);
#7843 = LINE('',#7844,#7845);
#7844 = CARTESIAN_POINT('',(-22.86000073003,-11.43000036501));
#7845 = VECTOR('',#7846,1.);
#7846 = DIRECTION('',(0.,1.));
#7847 = ( GEOMETRIC_REPRESENTATION_CONTEXT(2) 
PARAMETRIC_REPRESENTATION_CONTEXT() REPRESENTATION_CONTEXT('2D SPACE',''
  ) );
#7848 = ADVANCED_FACE('',(#7849),#7864,.T.);
#7849 = FACE_BOUND('',#7850,.T.);
#7850 = EDGE_LOOP('',(#7851,#7887,#7915,#7943));
#7851 = ORIENTED_EDGE('',*,*,#7852,.T.);
#7852 = EDGE_CURVE('',#7853,#7855,#7857,.T.);
#7853 = VERTEX_POINT('',#7854);
#7854 = CARTESIAN_POINT('',(17.77999961947,-2.54,-25.39999961947));
#7855 = VERTEX_POINT('',#7856);
#7856 = CARTESIAN_POINT('',(25.39999961947,-2.54,-17.77999961947));
#7857 = SURFACE_CURVE('',#7858,(#7863,#7875),.PCURVE_S1.);
#7858 = CIRCLE('',#7859,7.62);
#7859 = AXIS2_PLACEMENT_3D('',#7860,#7861,#7862);
#7860 = CARTESIAN_POINT('',(17.77999961947,-2.54,-17.77999961947));
#7861 = DIRECTION('',(0.,-1.,-2.22044604925E-16));
#7862 = DIRECTION('',(0.707106781187,1.570092458684E-16,-0.707106781187)
  );
#7863 = PCURVE('',#7864,#7869);
#7864 = CYLINDRICAL_SURFACE('',#7865,7.62);
#7865 = AXIS2_PLACEMENT_3D('',#7866,#7867,#7868);
#7866 = CARTESIAN_POINT('',(17.77999961947,-8.89,-17.77999961947));
#7867 = DIRECTION('',(0.,1.,2.22044604925E-16));
#7868 = DIRECTION('',(0.707106781187,1.570092458684E-16,-0.707106781187)
  );
#7869 = DEFINITIONAL_REPRESENTATION('',(#7870),#7874);
#7870 = LINE('',#7871,#7872);
#7871 = CARTESIAN_POINT('',(6.28318530718,6.35));
#7872 = VECTOR('',#7873,1.);
#7873 = DIRECTION('',(-1.,0.));
#7874 = ( GEOMETRIC_REPRESENTATION_CONTEXT(2) 
PARAMETRIC_REPRESENTATION_CONTEXT() REPRESENTATION_CONTEXT('2D SPACE',''
  ) );
#7875 = PCURVE('',#7876,#7881);
#7876 = PLANE('',#7877);
#7877 = AXIS2_PLACEMENT_3D('',#7878,#7879,#7880);
#7878 = CARTESIAN_POINT('',(4.697264799347E-10,-2.54,-4.697250699515E-10
    ));
#7879 = DIRECTION('',(0.,-1.,-2.22044604925E-16));
#7880 = DIRECTION('',(0.,2.22044604925E-16,-1.));
#7881 = DEFINITIONAL_REPRESENTATION('',(#7882),#7886);
#7882 = CIRCLE('',#7883,7.62);
#7883 = AXIS2_PLACEMENT_2D('',#7884,#7885);
#7884 = CARTESIAN_POINT('',(17.779999619,17.779999619));
#7885 = DIRECTION('',(0.707106781187,0.707106781187));
#7886 = ( GEOMETRIC_REPRESENTATION_CONTEXT(2) 
PARAMETRIC_REPRESENTATION_CONTEXT() REPRESENTATION_CONTEXT('2D SPACE',''
  ) );
#7887 = ORIENTED_EDGE('',*,*,#7888,.T.);
#7888 = EDGE_CURVE('',#7855,#7889,#7891,.T.);
#7889 = VERTEX_POINT('',#7890);
#7890 = CARTESIAN_POINT('',(25.39999961947,-15.24,-17.77999961947));
#7891 = SURFACE_CURVE('',#7892,(#7896,#7903),.PCURVE_S1.);
#7892 = LINE('',#7893,#7894);
#7893 = CARTESIAN_POINT('',(25.39999961947,-8.89,-17.77999961947));
#7894 = VECTOR('',#7895,1.);
#7895 = DIRECTION('',(0.,-1.,-2.22044604925E-16));
#7896 = PCURVE('',#7864,#7897);
#7897 = DEFINITIONAL_REPRESENTATION('',(#7898),#7902);
#7898 = LINE('',#7899,#7900);
#7899 = CARTESIAN_POINT('',(-0.785398163397,-8.881784197001E-16));
#7900 = VECTOR('',#7901,1.);
#7901 = DIRECTION('',(-6.993530863781E-17,-1.));
#7902 = ( GEOMETRIC_REPRESENTATION_CONTEXT(2) 
PARAMETRIC_REPRESENTATION_CONTEXT() REPRESENTATION_CONTEXT('2D SPACE',''
  ) );
#7903 = PCURVE('',#7904,#7909);
#7904 = PLANE('',#7905);
#7905 = AXIS2_PLACEMENT_3D('',#7906,#7907,#7908);
#7906 = CARTESIAN_POINT('',(25.39999961947,-8.89,-4.697264799347E-10));
#7907 = DIRECTION('',(-1.,0.,0.));
#7908 = DIRECTION('',(0.,1.,2.22044604925E-16));
#7909 = DEFINITIONAL_REPRESENTATION('',(#7910),#7914);
#7910 = LINE('',#7911,#7912);
#7911 = CARTESIAN_POINT('',(-3.947952990968E-15,17.779999619));
#7912 = VECTOR('',#7913,1.);
#7913 = DIRECTION('',(-1.,-2.465190328816E-32));
#7914 = ( GEOMETRIC_REPRESENTATION_CONTEXT(2) 
PARAMETRIC_REPRESENTATION_CONTEXT() REPRESENTATION_CONTEXT('2D SPACE',''
  ) );
#7915 = ORIENTED_EDGE('',*,*,#7916,.T.);
#7916 = EDGE_CURVE('',#7889,#7917,#7919,.T.);
#7917 = VERTEX_POINT('',#7918);
#7918 = CARTESIAN_POINT('',(17.77999961947,-15.24,-25.39999961947));
#7919 = SURFACE_CURVE('',#7920,(#7925,#7932),.PCURVE_S1.);
#7920 = CIRCLE('',#7921,7.62);
#7921 = AXIS2_PLACEMENT_3D('',#7922,#7923,#7924);
#7922 = CARTESIAN_POINT('',(17.77999961947,-15.24,-17.77999961947));
#7923 = DIRECTION('',(0.,1.,2.22044604925E-16));
#7924 = DIRECTION('',(0.707106781187,1.570092458684E-16,-0.707106781187)
  );
#7925 = PCURVE('',#7864,#7926);
#7926 = DEFINITIONAL_REPRESENTATION('',(#7927),#7931);
#7927 = LINE('',#7928,#7929);
#7928 = CARTESIAN_POINT('',(-6.28318530718,-6.35));
#7929 = VECTOR('',#7930,1.);
#7930 = DIRECTION('',(1.,0.));
#7931 = ( GEOMETRIC_REPRESENTATION_CONTEXT(2) 
PARAMETRIC_REPRESENTATION_CONTEXT() REPRESENTATION_CONTEXT('2D SPACE',''
  ) );
#7932 = PCURVE('',#7544,#7933);
#7933 = DEFINITIONAL_REPRESENTATION('',(#7934),#7942);
#7934 = ( BOUNDED_CURVE() B_SPLINE_CURVE(2,(#7935,#7936,#7937,#7938,
#7939,#7940,#7941),.UNSPECIFIED.,.T.,.F.) B_SPLINE_CURVE_WITH_KNOTS((1,2
    ,2,2,2,1),(-2.094395102393,0.,2.094395102393,4.188790204786,
6.28318530718,8.377580409573),.UNSPECIFIED.) CURVE() 
GEOMETRIC_REPRESENTATION_ITEM() RATIONAL_B_SPLINE_CURVE((1.,0.5,1.,0.5,
1.,0.5,1.)) REPRESENTATION_ITEM('') );
#7935 = CARTESIAN_POINT('',(23.168153291641,23.168153291641));
#7936 = CARTESIAN_POINT('',(32.500709211645,13.835597371638));
#7937 = CARTESIAN_POINT('',(19.752200742681,10.419644822677));
#7938 = CARTESIAN_POINT('',(7.003692273717,7.003692273717));
#7939 = CARTESIAN_POINT('',(10.419644822677,19.752200742681));
#7940 = CARTESIAN_POINT('',(13.835597371638,32.500709211645));
#7941 = CARTESIAN_POINT('',(23.168153291641,23.168153291641));
#7942 = ( GEOMETRIC_REPRESENTATION_CONTEXT(2) 
PARAMETRIC_REPRESENTATION_CONTEXT() REPRESENTATION_CONTEXT('2D SPACE',''
  ) );
#7943 = ORIENTED_EDGE('',*,*,#7944,.T.);
#7944 = EDGE_CURVE('',#7917,#7853,#7945,.T.);
#7945 = SURFACE_CURVE('',#7946,(#7950,#7957),.PCURVE_S1.);
#7946 = LINE('',#7947,#7948);
#7947 = CARTESIAN_POINT('',(17.77999961947,-8.89,-25.39999961947));
#7948 = VECTOR('',#7949,1.);
#7949 = DIRECTION('',(0.,1.,2.22044604925E-16));
#7950 = PCURVE('',#7864,#7951);
#7951 = DEFINITIONAL_REPRESENTATION('',(#7952),#7956);
#7952 = LINE('',#7953,#7954);
#7953 = CARTESIAN_POINT('',(0.785398163397,8.881784197001E-15));
#7954 = VECTOR('',#7955,1.);
#7955 = DIRECTION('',(-1.748382715945E-17,1.));
#7956 = ( GEOMETRIC_REPRESENTATION_CONTEXT(2) 
PARAMETRIC_REPRESENTATION_CONTEXT() REPRESENTATION_CONTEXT('2D SPACE',''
  ) );
#7957 = PCURVE('',#7958,#7963);
#7958 = PLANE('',#7959);
#7959 = AXIS2_PLACEMENT_3D('',#7960,#7961,#7962);
#7960 = CARTESIAN_POINT('',(4.697264799347E-10,-8.89,-25.39999961947));
#7961 = DIRECTION('',(0.,-2.22044604925E-16,1.));
#7962 = DIRECTION('',(0.,-1.,-2.22044604925E-16));
#7963 = DEFINITIONAL_REPRESENTATION('',(#7964),#7968);
#7964 = LINE('',#7965,#7966);
#7965 = CARTESIAN_POINT('',(0.,17.779999619));
#7966 = VECTOR('',#7967,1.);
#7967 = DIRECTION('',(-1.,0.));
#7968 = ( GEOMETRIC_REPRESENTATION_CONTEXT(2) 
PARAMETRIC_REPRESENTATION_CONTEXT() REPRESENTATION_CONTEXT('2D SPACE',''
  ) );
#7969 = ADVANCED_FACE('',(#7970),#7958,.F.);
#7970 = FACE_BOUND('',#7971,.T.);
#7971 = EDGE_LOOP('',(#7972,#7973,#7996,#8024));
#7972 = ORIENTED_EDGE('',*,*,#7944,.F.);
#7973 = ORIENTED_EDGE('',*,*,#7974,.F.);
#7974 = EDGE_CURVE('',#7975,#7917,#7977,.T.);
#7975 = VERTEX_POINT('',#7976);
#7976 = CARTESIAN_POINT('',(-17.77999961853,-15.24,-25.39999961947));
#7977 = SURFACE_CURVE('',#7978,(#7982,#7989),.PCURVE_S1.);
#7978 = LINE('',#7979,#7980);
#7979 = CARTESIAN_POINT('',(4.697264799347E-10,-15.24,-25.39999961947));
#7980 = VECTOR('',#7981,1.);
#7981 = DIRECTION('',(1.,0.,0.));
#7982 = PCURVE('',#7958,#7983);
#7983 = DEFINITIONAL_REPRESENTATION('',(#7984),#7988);
#7984 = LINE('',#7985,#7986);
#7985 = CARTESIAN_POINT('',(6.35,0.));
#7986 = VECTOR('',#7987,1.);
#7987 = DIRECTION('',(0.,1.));
#7988 = ( GEOMETRIC_REPRESENTATION_CONTEXT(2) 
PARAMETRIC_REPRESENTATION_CONTEXT() REPRESENTATION_CONTEXT('2D SPACE',''
  ) );
#7989 = PCURVE('',#7544,#7990);
#7990 = DEFINITIONAL_REPRESENTATION('',(#7991),#7995);
#7991 = LINE('',#7992,#7993);
#7992 = CARTESIAN_POINT('',(25.399999619,0.));
#7993 = VECTOR('',#7994,1.);
#7994 = DIRECTION('',(0.,1.));
#7995 = ( GEOMETRIC_REPRESENTATION_CONTEXT(2) 
PARAMETRIC_REPRESENTATION_CONTEXT() REPRESENTATION_CONTEXT('2D SPACE',''
  ) );
#7996 = ORIENTED_EDGE('',*,*,#7997,.F.);
#7997 = EDGE_CURVE('',#7998,#7975,#8000,.T.);
#7998 = VERTEX_POINT('',#7999);
#7999 = CARTESIAN_POINT('',(-17.77999961853,-2.54,-25.39999961947));
#8000 = SURFACE_CURVE('',#8001,(#8005,#8012),.PCURVE_S1.);
#8001 = LINE('',#8002,#8003);
#8002 = CARTESIAN_POINT('',(-17.77999961853,-8.89,-25.39999961947));
#8003 = VECTOR('',#8004,1.);
#8004 = DIRECTION('',(0.,-1.,-2.22044604925E-16));
#8005 = PCURVE('',#7958,#8006);
#8006 = DEFINITIONAL_REPRESENTATION('',(#8007),#8011);
#8007 = LINE('',#8008,#8009);
#8008 = CARTESIAN_POINT('',(-0.,-17.779999619));
#8009 = VECTOR('',#8010,1.);
#8010 = DIRECTION('',(1.,0.));
#8011 = ( GEOMETRIC_REPRESENTATION_CONTEXT(2) 
PARAMETRIC_REPRESENTATION_CONTEXT() REPRESENTATION_CONTEXT('2D SPACE',''
  ) );
#8012 = PCURVE('',#8013,#8018);
#8013 = CYLINDRICAL_SURFACE('',#8014,7.62);
#8014 = AXIS2_PLACEMENT_3D('',#8015,#8016,#8017);
#8015 = CARTESIAN_POINT('',(-17.77999961853,-8.89,-17.77999961947));
#8016 = DIRECTION('',(0.,1.,2.22044604925E-16));
#8017 = DIRECTION('',(-0.707106781187,1.570092458684E-16,-0.707106781187
    ));
#8018 = DEFINITIONAL_REPRESENTATION('',(#8019),#8023);
#8019 = LINE('',#8020,#8021);
#8020 = CARTESIAN_POINT('',(-0.785398163397,8.881784197001E-15));
#8021 = VECTOR('',#8022,1.);
#8022 = DIRECTION('',(0.,-1.));
#8023 = ( GEOMETRIC_REPRESENTATION_CONTEXT(2) 
PARAMETRIC_REPRESENTATION_CONTEXT() REPRESENTATION_CONTEXT('2D SPACE',''
  ) );
#8024 = ORIENTED_EDGE('',*,*,#8025,.F.);
#8025 = EDGE_CURVE('',#7853,#7998,#8026,.T.);
#8026 = SURFACE_CURVE('',#8027,(#8031,#8038),.PCURVE_S1.);
#8027 = LINE('',#8028,#8029);
#8028 = CARTESIAN_POINT('',(4.697264799347E-10,-2.54,-25.39999961947));
#8029 = VECTOR('',#8030,1.);
#8030 = DIRECTION('',(-1.,0.,0.));
#8031 = PCURVE('',#7958,#8032);
#8032 = DEFINITIONAL_REPRESENTATION('',(#8033),#8037);
#8033 = LINE('',#8034,#8035);
#8034 = CARTESIAN_POINT('',(-6.35,0.));
#8035 = VECTOR('',#8036,1.);
#8036 = DIRECTION('',(-0.,-1.));
#8037 = ( GEOMETRIC_REPRESENTATION_CONTEXT(2) 
PARAMETRIC_REPRESENTATION_CONTEXT() REPRESENTATION_CONTEXT('2D SPACE',''
  ) );
#8038 = PCURVE('',#7876,#8039);
#8039 = DEFINITIONAL_REPRESENTATION('',(#8040),#8044);
#8040 = LINE('',#8041,#8042);
#8041 = CARTESIAN_POINT('',(25.399999619,0.));
#8042 = VECTOR('',#8043,1.);
#8043 = DIRECTION('',(0.,-1.));
#8044 = ( GEOMETRIC_REPRESENTATION_CONTEXT(2) 
PARAMETRIC_REPRESENTATION_CONTEXT() REPRESENTATION_CONTEXT('2D SPACE',''
  ) );
#8045 = ADVANCED_FACE('',(#8046,#8221),#7544,.T.);
#8046 = FACE_BOUND('',#8047,.T.);
#8047 = EDGE_LOOP('',(#8048,#8049,#8072,#8105,#8133,#8166,#8194,#8220));
#8048 = ORIENTED_EDGE('',*,*,#7916,.F.);
#8049 = ORIENTED_EDGE('',*,*,#8050,.T.);
#8050 = EDGE_CURVE('',#7889,#8051,#8053,.T.);
#8051 = VERTEX_POINT('',#8052);
#8052 = CARTESIAN_POINT('',(25.39999961947,-15.24,17.77999961853));
#8053 = SURFACE_CURVE('',#8054,(#8058,#8065),.PCURVE_S1.);
#8054 = LINE('',#8055,#8056);
#8055 = CARTESIAN_POINT('',(25.39999961947,-15.24,-4.697278899179E-10));
#8056 = VECTOR('',#8057,1.);
#8057 = DIRECTION('',(0.,-2.22044604925E-16,1.));
#8058 = PCURVE('',#7544,#8059);
#8059 = DEFINITIONAL_REPRESENTATION('',(#8060),#8064);
#8060 = LINE('',#8061,#8062);
#8061 = CARTESIAN_POINT('',(0.,25.399999619));
#8062 = VECTOR('',#8063,1.);
#8063 = DIRECTION('',(-1.,0.));
#8064 = ( GEOMETRIC_REPRESENTATION_CONTEXT(2) 
PARAMETRIC_REPRESENTATION_CONTEXT() REPRESENTATION_CONTEXT('2D SPACE',''
  ) );
#8065 = PCURVE('',#7904,#8066);
#8066 = DEFINITIONAL_REPRESENTATION('',(#8067),#8071);
#8067 = LINE('',#8068,#8069);
#8068 = CARTESIAN_POINT('',(-6.35,-1.861135867861E-25));
#8069 = VECTOR('',#8070,1.);
#8070 = DIRECTION('',(2.465190328816E-32,-1.));
#8071 = ( GEOMETRIC_REPRESENTATION_CONTEXT(2) 
PARAMETRIC_REPRESENTATION_CONTEXT() REPRESENTATION_CONTEXT('2D SPACE',''
  ) );
#8072 = ORIENTED_EDGE('',*,*,#8073,.F.);
#8073 = EDGE_CURVE('',#8074,#8051,#8076,.T.);
#8074 = VERTEX_POINT('',#8075);
#8075 = CARTESIAN_POINT('',(17.77999961947,-15.24,25.39999961853));
#8076 = SURFACE_CURVE('',#8077,(#8082,#8093),.PCURVE_S1.);
#8077 = CIRCLE('',#8078,7.62);
#8078 = AXIS2_PLACEMENT_3D('',#8079,#8080,#8081);
#8079 = CARTESIAN_POINT('',(17.77999961947,-15.24,17.77999961853));
#8080 = DIRECTION('',(0.,1.,2.22044604925E-16));
#8081 = DIRECTION('',(0.707106781187,-1.570092458684E-16,0.707106781187)
  );
#8082 = PCURVE('',#7544,#8083);
#8083 = DEFINITIONAL_REPRESENTATION('',(#8084),#8092);
#8084 = ( BOUNDED_CURVE() B_SPLINE_CURVE(2,(#8085,#8086,#8087,#8088,
#8089,#8090,#8091),.UNSPECIFIED.,.T.,.F.) B_SPLINE_CURVE_WITH_KNOTS((1,2
    ,2,2,2,1),(-2.094395102393,0.,2.094395102393,4.188790204786,
6.28318530718,8.377580409573),.UNSPECIFIED.) CURVE() 
GEOMETRIC_REPRESENTATION_ITEM() RATIONAL_B_SPLINE_CURVE((1.,0.5,1.,0.5,
1.,0.5,1.)) REPRESENTATION_ITEM('') );
#8085 = CARTESIAN_POINT('',(-23.16815329164,23.168153291641));
#8086 = CARTESIAN_POINT('',(-13.83559737163,32.500709211645));
#8087 = CARTESIAN_POINT('',(-10.41964482267,19.752200742681));
#8088 = CARTESIAN_POINT('',(-7.003692273717,7.003692273717));
#8089 = CARTESIAN_POINT('',(-19.75220074268,10.419644822677));
#8090 = CARTESIAN_POINT('',(-32.50070921164,13.835597371638));
#8091 = CARTESIAN_POINT('',(-23.16815329164,23.168153291641));
#8092 = ( GEOMETRIC_REPRESENTATION_CONTEXT(2) 
PARAMETRIC_REPRESENTATION_CONTEXT() REPRESENTATION_CONTEXT('2D SPACE',''
  ) );
#8093 = PCURVE('',#8094,#8099);
#8094 = CYLINDRICAL_SURFACE('',#8095,7.62);
#8095 = AXIS2_PLACEMENT_3D('',#8096,#8097,#8098);
#8096 = CARTESIAN_POINT('',(17.77999961947,-8.89,17.77999961853));
#8097 = DIRECTION('',(0.,1.,2.22044604925E-16));
#8098 = DIRECTION('',(0.707106781187,-1.570092458684E-16,0.707106781187)
  );
#8099 = DEFINITIONAL_REPRESENTATION('',(#8100),#8104);
#8100 = LINE('',#8101,#8102);
#8101 = CARTESIAN_POINT('',(-6.28318530718,-6.35));
#8102 = VECTOR('',#8103,1.);
#8103 = DIRECTION('',(1.,0.));
#8104 = ( GEOMETRIC_REPRESENTATION_CONTEXT(2) 
PARAMETRIC_REPRESENTATION_CONTEXT() REPRESENTATION_CONTEXT('2D SPACE',''
  ) );
#8105 = ORIENTED_EDGE('',*,*,#8106,.T.);
#8106 = EDGE_CURVE('',#8074,#8107,#8109,.T.);
#8107 = VERTEX_POINT('',#8108);
#8108 = CARTESIAN_POINT('',(-17.77999961853,-15.24,25.39999961853));
#8109 = SURFACE_CURVE('',#8110,(#8114,#8121),.PCURVE_S1.);
#8110 = LINE('',#8111,#8112);
#8111 = CARTESIAN_POINT('',(4.697264799347E-10,-15.24,25.39999961853));
#8112 = VECTOR('',#8113,1.);
#8113 = DIRECTION('',(-1.,0.,0.));
#8114 = PCURVE('',#7544,#8115);
#8115 = DEFINITIONAL_REPRESENTATION('',(#8116),#8120);
#8116 = LINE('',#8117,#8118);
#8117 = CARTESIAN_POINT('',(-25.399999619,0.));
#8118 = VECTOR('',#8119,1.);
#8119 = DIRECTION('',(0.,-1.));
#8120 = ( GEOMETRIC_REPRESENTATION_CONTEXT(2) 
PARAMETRIC_REPRESENTATION_CONTEXT() REPRESENTATION_CONTEXT('2D SPACE',''
  ) );
#8121 = PCURVE('',#8122,#8127);
#8122 = PLANE('',#8123);
#8123 = AXIS2_PLACEMENT_3D('',#8124,#8125,#8126);
#8124 = CARTESIAN_POINT('',(4.697264799347E-10,-8.89,25.39999961853));
#8125 = DIRECTION('',(0.,2.22044604925E-16,-1.));
#8126 = DIRECTION('',(0.,1.,2.22044604925E-16));
#8127 = DEFINITIONAL_REPRESENTATION('',(#8128),#8132);
#8128 = LINE('',#8129,#8130);
#8129 = CARTESIAN_POINT('',(-6.35,0.));
#8130 = VECTOR('',#8131,1.);
#8131 = DIRECTION('',(0.,-1.));
#8132 = ( GEOMETRIC_REPRESENTATION_CONTEXT(2) 
PARAMETRIC_REPRESENTATION_CONTEXT() REPRESENTATION_CONTEXT('2D SPACE',''
  ) );
#8133 = ORIENTED_EDGE('',*,*,#8134,.F.);
#8134 = EDGE_CURVE('',#8135,#8107,#8137,.T.);
#8135 = VERTEX_POINT('',#8136);
#8136 = CARTESIAN_POINT('',(-25.39999961853,-15.24,17.77999961853));
#8137 = SURFACE_CURVE('',#8138,(#8143,#8154),.PCURVE_S1.);
#8138 = CIRCLE('',#8139,7.62);
#8139 = AXIS2_PLACEMENT_3D('',#8140,#8141,#8142);
#8140 = CARTESIAN_POINT('',(-17.77999961853,-15.24,17.77999961853));
#8141 = DIRECTION('',(0.,1.,2.22044604925E-16));
#8142 = DIRECTION('',(-0.707106781187,-1.570092458684E-16,0.707106781187
    ));
#8143 = PCURVE('',#7544,#8144);
#8144 = DEFINITIONAL_REPRESENTATION('',(#8145),#8153);
#8145 = ( BOUNDED_CURVE() B_SPLINE_CURVE(2,(#8146,#8147,#8148,#8149,
#8150,#8151,#8152),.UNSPECIFIED.,.T.,.F.) B_SPLINE_CURVE_WITH_KNOTS((1,2
    ,2,2,2,1),(-2.094395102393,0.,2.094395102393,4.188790204786,
6.28318530718,8.377580409573),.UNSPECIFIED.) CURVE() 
GEOMETRIC_REPRESENTATION_ITEM() RATIONAL_B_SPLINE_CURVE((1.,0.5,1.,0.5,
1.,0.5,1.)) REPRESENTATION_ITEM('') );
#8146 = CARTESIAN_POINT('',(-23.16815329164,-23.16815329164));
#8147 = CARTESIAN_POINT('',(-32.50070921164,-13.83559737163));
#8148 = CARTESIAN_POINT('',(-19.75220074268,-10.41964482267));
#8149 = CARTESIAN_POINT('',(-7.003692273717,-7.003692273717));
#8150 = CARTESIAN_POINT('',(-10.41964482267,-19.75220074268));
#8151 = CARTESIAN_POINT('',(-13.83559737163,-32.50070921164));
#8152 = CARTESIAN_POINT('',(-23.16815329164,-23.16815329164));
#8153 = ( GEOMETRIC_REPRESENTATION_CONTEXT(2) 
PARAMETRIC_REPRESENTATION_CONTEXT() REPRESENTATION_CONTEXT('2D SPACE',''
  ) );
#8154 = PCURVE('',#8155,#8160);
#8155 = CYLINDRICAL_SURFACE('',#8156,7.62);
#8156 = AXIS2_PLACEMENT_3D('',#8157,#8158,#8159);
#8157 = CARTESIAN_POINT('',(-17.77999961853,-8.89,17.77999961853));
#8158 = DIRECTION('',(0.,1.,2.22044604925E-16));
#8159 = DIRECTION('',(-0.707106781187,-1.570092458684E-16,0.707106781187
    ));
#8160 = DEFINITIONAL_REPRESENTATION('',(#8161),#8165);
#8161 = LINE('',#8162,#8163);
#8162 = CARTESIAN_POINT('',(-6.28318530718,-6.35));
#8163 = VECTOR('',#8164,1.);
#8164 = DIRECTION('',(1.,0.));
#8165 = ( GEOMETRIC_REPRESENTATION_CONTEXT(2) 
PARAMETRIC_REPRESENTATION_CONTEXT() REPRESENTATION_CONTEXT('2D SPACE',''
  ) );
#8166 = ORIENTED_EDGE('',*,*,#8167,.T.);
#8167 = EDGE_CURVE('',#8135,#8168,#8170,.T.);
#8168 = VERTEX_POINT('',#8169);
#8169 = CARTESIAN_POINT('',(-25.39999961853,-15.24,-17.77999961947));
#8170 = SURFACE_CURVE('',#8171,(#8175,#8182),.PCURVE_S1.);
#8171 = LINE('',#8172,#8173);
#8172 = CARTESIAN_POINT('',(-25.39999961853,-15.24,-4.697278899179E-10)
  );
#8173 = VECTOR('',#8174,1.);
#8174 = DIRECTION('',(0.,2.22044604925E-16,-1.));
#8175 = PCURVE('',#7544,#8176);
#8176 = DEFINITIONAL_REPRESENTATION('',(#8177),#8181);
#8177 = LINE('',#8178,#8179);
#8178 = CARTESIAN_POINT('',(0.,-25.399999619));
#8179 = VECTOR('',#8180,1.);
#8180 = DIRECTION('',(1.,0.));
#8181 = ( GEOMETRIC_REPRESENTATION_CONTEXT(2) 
PARAMETRIC_REPRESENTATION_CONTEXT() REPRESENTATION_CONTEXT('2D SPACE',''
  ) );
#8182 = PCURVE('',#8183,#8188);
#8183 = PLANE('',#8184);
#8184 = AXIS2_PLACEMENT_3D('',#8185,#8186,#8187);
#8185 = CARTESIAN_POINT('',(-25.39999961853,-8.89,-4.697264799347E-10));
#8186 = DIRECTION('',(1.,0.,0.));
#8187 = DIRECTION('',(0.,-1.,-2.22044604925E-16));
#8188 = DEFINITIONAL_REPRESENTATION('',(#8189),#8193);
#8189 = LINE('',#8190,#8191);
#8190 = CARTESIAN_POINT('',(6.35,-1.861135867861E-25));
#8191 = VECTOR('',#8192,1.);
#8192 = DIRECTION('',(2.465190328816E-32,1.));
#8193 = ( GEOMETRIC_REPRESENTATION_CONTEXT(2) 
PARAMETRIC_REPRESENTATION_CONTEXT() REPRESENTATION_CONTEXT('2D SPACE',''
  ) );
#8194 = ORIENTED_EDGE('',*,*,#8195,.F.);
#8195 = EDGE_CURVE('',#7975,#8168,#8196,.T.);
#8196 = SURFACE_CURVE('',#8197,(#8202,#8213),.PCURVE_S1.);
#8197 = CIRCLE('',#8198,7.62);
#8198 = AXIS2_PLACEMENT_3D('',#8199,#8200,#8201);
#8199 = CARTESIAN_POINT('',(-17.77999961853,-15.24,-17.77999961947));
#8200 = DIRECTION('',(0.,1.,2.22044604925E-16));
#8201 = DIRECTION('',(-0.707106781187,1.570092458684E-16,-0.707106781187
    ));
#8202 = PCURVE('',#7544,#8203);
#8203 = DEFINITIONAL_REPRESENTATION('',(#8204),#8212);
#8204 = ( BOUNDED_CURVE() B_SPLINE_CURVE(2,(#8205,#8206,#8207,#8208,
#8209,#8210,#8211),.UNSPECIFIED.,.T.,.F.) B_SPLINE_CURVE_WITH_KNOTS((1,2
    ,2,2,2,1),(-2.094395102393,0.,2.094395102393,4.188790204786,
6.28318530718,8.377580409573),.UNSPECIFIED.) CURVE() 
GEOMETRIC_REPRESENTATION_ITEM() RATIONAL_B_SPLINE_CURVE((1.,0.5,1.,0.5,
1.,0.5,1.)) REPRESENTATION_ITEM('') );
#8205 = CARTESIAN_POINT('',(23.168153291641,-23.16815329164));
#8206 = CARTESIAN_POINT('',(13.835597371638,-32.50070921164));
#8207 = CARTESIAN_POINT('',(10.419644822677,-19.75220074268));
#8208 = CARTESIAN_POINT('',(7.003692273717,-7.003692273717));
#8209 = CARTESIAN_POINT('',(19.752200742681,-10.41964482267));
#8210 = CARTESIAN_POINT('',(32.500709211645,-13.83559737163));
#8211 = CARTESIAN_POINT('',(23.168153291641,-23.16815329164));
#8212 = ( GEOMETRIC_REPRESENTATION_CONTEXT(2) 
PARAMETRIC_REPRESENTATION_CONTEXT() REPRESENTATION_CONTEXT('2D SPACE',''
  ) );
#8213 = PCURVE('',#8013,#8214);
#8214 = DEFINITIONAL_REPRESENTATION('',(#8215),#8219);
#8215 = LINE('',#8216,#8217);
#8216 = CARTESIAN_POINT('',(-6.28318530718,-6.35));
#8217 = VECTOR('',#8218,1.);
#8218 = DIRECTION('',(1.,0.));
#8219 = ( GEOMETRIC_REPRESENTATION_CONTEXT(2) 
PARAMETRIC_REPRESENTATION_CONTEXT() REPRESENTATION_CONTEXT('2D SPACE',''
  ) );
#8220 = ORIENTED_EDGE('',*,*,#7974,.T.);
#8221 = FACE_BOUND('',#8222,.T.);
#8222 = EDGE_LOOP('',(#8223,#8253,#8282,#8303,#8304,#8305,#8306,#8307));
#8223 = ORIENTED_EDGE('',*,*,#8224,.T.);
#8224 = EDGE_CURVE('',#8225,#8227,#8229,.T.);
#8225 = VERTEX_POINT('',#8226);
#8226 = CARTESIAN_POINT('',(22.860000729561,-15.24,15.240000729561));
#8227 = VERTEX_POINT('',#8228);
#8228 = CARTESIAN_POINT('',(22.860000729561,-15.24,-15.24000072956));
#8229 = SURFACE_CURVE('',#8230,(#8234,#8241),.PCURVE_S1.);
#8230 = LINE('',#8231,#8232);
#8231 = CARTESIAN_POINT('',(22.860000729561,-15.24,11.430000364546));
#8232 = VECTOR('',#8233,1.);
#8233 = DIRECTION('',(0.,2.22044604925E-16,-1.));
#8234 = PCURVE('',#7544,#8235);
#8235 = DEFINITIONAL_REPRESENTATION('',(#8236),#8240);
#8236 = LINE('',#8237,#8238);
#8237 = CARTESIAN_POINT('',(-11.43000036501,22.860000729091));
#8238 = VECTOR('',#8239,1.);
#8239 = DIRECTION('',(1.,0.));
#8240 = ( GEOMETRIC_REPRESENTATION_CONTEXT(2) 
PARAMETRIC_REPRESENTATION_CONTEXT() REPRESENTATION_CONTEXT('2D SPACE',''
  ) );
#8241 = PCURVE('',#8242,#8247);
#8242 = PLANE('',#8243);
#8243 = AXIS2_PLACEMENT_3D('',#8244,#8245,#8246);
#8244 = CARTESIAN_POINT('',(22.860000729561,-15.24,22.860000729561));
#8245 = DIRECTION('',(1.,0.,0.));
#8246 = DIRECTION('',(0.,2.22044604925E-16,-1.));
#8247 = DEFINITIONAL_REPRESENTATION('',(#8248),#8252);
#8248 = LINE('',#8249,#8250);
#8249 = CARTESIAN_POINT('',(11.430000365015,-2.537969915343E-15));
#8250 = VECTOR('',#8251,1.);
#8251 = DIRECTION('',(1.,-2.465190328816E-32));
#8252 = ( GEOMETRIC_REPRESENTATION_CONTEXT(2) 
PARAMETRIC_REPRESENTATION_CONTEXT() REPRESENTATION_CONTEXT('2D SPACE',''
  ) );
#8253 = ORIENTED_EDGE('',*,*,#8254,.F.);
#8254 = EDGE_CURVE('',#8255,#8227,#8257,.T.);
#8255 = VERTEX_POINT('',#8256);
#8256 = CARTESIAN_POINT('',(15.240000729561,-15.24,-22.86000072956));
#8257 = SURFACE_CURVE('',#8258,(#8263,#8270),.PCURVE_S1.);
#8258 = CIRCLE('',#8259,7.62);
#8259 = AXIS2_PLACEMENT_3D('',#8260,#8261,#8262);
#8260 = CARTESIAN_POINT('',(15.240000729561,-15.24,-15.24000072956));
#8261 = DIRECTION('',(0.,-1.,-2.22044604925E-16));
#8262 = DIRECTION('',(0.707106781187,1.570092458684E-16,-0.707106781187)
  );
#8263 = PCURVE('',#7544,#8264);
#8264 = DEFINITIONAL_REPRESENTATION('',(#8265),#8269);
#8265 = CIRCLE('',#8266,7.62);
#8266 = AXIS2_PLACEMENT_2D('',#8267,#8268);
#8267 = CARTESIAN_POINT('',(15.240000729091,15.240000729091));
#8268 = DIRECTION('',(0.707106781187,0.707106781187));
#8269 = ( GEOMETRIC_REPRESENTATION_CONTEXT(2) 
PARAMETRIC_REPRESENTATION_CONTEXT() REPRESENTATION_CONTEXT('2D SPACE',''
  ) );
#8270 = PCURVE('',#8271,#8276);
#8271 = CYLINDRICAL_SURFACE('',#8272,7.62);
#8272 = AXIS2_PLACEMENT_3D('',#8273,#8274,#8275);
#8273 = CARTESIAN_POINT('',(15.240000729561,-15.24,-15.24000072956));
#8274 = DIRECTION('',(0.,1.,4.370956789863E-16));
#8275 = DIRECTION('',(0.707106781187,3.090733186385E-16,-0.707106781187)
  );
#8276 = DEFINITIONAL_REPRESENTATION('',(#8277),#8281);
#8277 = LINE('',#8278,#8279);
#8278 = CARTESIAN_POINT('',(12.566370614359,-7.993605777301E-15));
#8279 = VECTOR('',#8280,1.);
#8280 = DIRECTION('',(-1.,1.130863886743E-15));
#8281 = ( GEOMETRIC_REPRESENTATION_CONTEXT(2) 
PARAMETRIC_REPRESENTATION_CONTEXT() REPRESENTATION_CONTEXT('2D SPACE',''
  ) );
#8282 = ORIENTED_EDGE('',*,*,#8283,.T.);
#8283 = EDGE_CURVE('',#8255,#7493,#8284,.T.);
#8284 = SURFACE_CURVE('',#8285,(#8289,#8296),.PCURVE_S1.);
#8285 = LINE('',#8286,#8287);
#8286 = CARTESIAN_POINT('',(11.430000365015,-15.24,-22.86000072956));
#8287 = VECTOR('',#8288,1.);
#8288 = DIRECTION('',(-1.,0.,0.));
#8289 = PCURVE('',#7544,#8290);
#8290 = DEFINITIONAL_REPRESENTATION('',(#8291),#8295);
#8291 = LINE('',#8292,#8293);
#8292 = CARTESIAN_POINT('',(22.860000729091,11.430000364546));
#8293 = VECTOR('',#8294,1.);
#8294 = DIRECTION('',(0.,-1.));
#8295 = ( GEOMETRIC_REPRESENTATION_CONTEXT(2) 
PARAMETRIC_REPRESENTATION_CONTEXT() REPRESENTATION_CONTEXT('2D SPACE',''
  ) );
#8296 = PCURVE('',#7515,#8297);
#8297 = DEFINITIONAL_REPRESENTATION('',(#8298),#8302);
#8298 = LINE('',#8299,#8300);
#8299 = CARTESIAN_POINT('',(11.430000364546,0.));
#8300 = VECTOR('',#8301,1.);
#8301 = DIRECTION('',(1.,0.));
#8302 = ( GEOMETRIC_REPRESENTATION_CONTEXT(2) 
PARAMETRIC_REPRESENTATION_CONTEXT() REPRESENTATION_CONTEXT('2D SPACE',''
  ) );
#8303 = ORIENTED_EDGE('',*,*,#7527,.F.);
#8304 = ORIENTED_EDGE('',*,*,#7670,.T.);
#8305 = ORIENTED_EDGE('',*,*,#7695,.F.);
#8306 = ORIENTED_EDGE('',*,*,#7828,.T.);
#8307 = ORIENTED_EDGE('',*,*,#8308,.F.);
#8308 = EDGE_CURVE('',#8225,#7801,#8309,.T.);
#8309 = SURFACE_CURVE('',#8310,(#8315,#8322),.PCURVE_S1.);
#8310 = CIRCLE('',#8311,7.62);
#8311 = AXIS2_PLACEMENT_3D('',#8312,#8313,#8314);
#8312 = CARTESIAN_POINT('',(15.240000729561,-15.24,15.240000729561));
#8313 = DIRECTION('',(0.,-1.,-2.22044604925E-16));
#8314 = DIRECTION('',(0.707106781187,-1.570092458684E-16,0.707106781187)
  );
#8315 = PCURVE('',#7544,#8316);
#8316 = DEFINITIONAL_REPRESENTATION('',(#8317),#8321);
#8317 = CIRCLE('',#8318,7.62);
#8318 = AXIS2_PLACEMENT_2D('',#8319,#8320);
#8319 = CARTESIAN_POINT('',(-15.24000073003,15.240000729091));
#8320 = DIRECTION('',(-0.707106781187,0.707106781187));
#8321 = ( GEOMETRIC_REPRESENTATION_CONTEXT(2) 
PARAMETRIC_REPRESENTATION_CONTEXT() REPRESENTATION_CONTEXT('2D SPACE',''
  ) );
#8322 = PCURVE('',#7816,#8323);
#8323 = DEFINITIONAL_REPRESENTATION('',(#8324),#8328);
#8324 = LINE('',#8325,#8326);
#8325 = CARTESIAN_POINT('',(12.566370614359,-6.217248937901E-15));
#8326 = VECTOR('',#8327,1.);
#8327 = DIRECTION('',(-1.,1.130863886743E-15));
#8328 = ( GEOMETRIC_REPRESENTATION_CONTEXT(2) 
PARAMETRIC_REPRESENTATION_CONTEXT() REPRESENTATION_CONTEXT('2D SPACE',''
  ) );
#8329 = ADVANCED_FACE('',(#8330),#7816,.F.);
#8330 = FACE_BOUND('',#8331,.F.);
#8331 = EDGE_LOOP('',(#8332,#8333,#8334,#8357));
#8332 = ORIENTED_EDGE('',*,*,#7800,.F.);
#8333 = ORIENTED_EDGE('',*,*,#8308,.F.);
#8334 = ORIENTED_EDGE('',*,*,#8335,.F.);
#8335 = EDGE_CURVE('',#8336,#8225,#8338,.T.);
#8336 = VERTEX_POINT('',#8337);
#8337 = CARTESIAN_POINT('',(22.860000729561,-5.08,15.240000729561));
#8338 = SURFACE_CURVE('',#8339,(#8343,#8350),.PCURVE_S1.);
#8339 = LINE('',#8340,#8341);
#8340 = CARTESIAN_POINT('',(22.860000729561,-15.24,15.240000729561));
#8341 = VECTOR('',#8342,1.);
#8342 = DIRECTION('',(0.,-1.,-4.370956789863E-16));
#8343 = PCURVE('',#7816,#8344);
#8344 = DEFINITIONAL_REPRESENTATION('',(#8345),#8349);
#8345 = LINE('',#8346,#8347);
#8346 = CARTESIAN_POINT('',(7.068583470577,0.));
#8347 = VECTOR('',#8348,1.);
#8348 = DIRECTION('',(0.,-1.));
#8349 = ( GEOMETRIC_REPRESENTATION_CONTEXT(2) 
PARAMETRIC_REPRESENTATION_CONTEXT() REPRESENTATION_CONTEXT('2D SPACE',''
  ) );
#8350 = PCURVE('',#8242,#8351);
#8351 = DEFINITIONAL_REPRESENTATION('',(#8352),#8356);
#8352 = LINE('',#8353,#8354);
#8353 = CARTESIAN_POINT('',(7.62,-1.691979889529E-15));
#8354 = VECTOR('',#8355,1.);
#8355 = DIRECTION('',(2.150510740613E-16,-1.));
#8356 = ( GEOMETRIC_REPRESENTATION_CONTEXT(2) 
PARAMETRIC_REPRESENTATION_CONTEXT() REPRESENTATION_CONTEXT('2D SPACE',''
  ) );
#8357 = ORIENTED_EDGE('',*,*,#8358,.T.);
#8358 = EDGE_CURVE('',#8336,#7778,#8359,.T.);
#8359 = SURFACE_CURVE('',#8360,(#8365,#8372),.PCURVE_S1.);
#8360 = CIRCLE('',#8361,7.62);
#8361 = AXIS2_PLACEMENT_3D('',#8362,#8363,#8364);
#8362 = CARTESIAN_POINT('',(15.240000729561,-5.08,15.240000729561));
#8363 = DIRECTION('',(0.,-1.,-4.370956789863E-16));
#8364 = DIRECTION('',(0.707106781187,-3.090733186385E-16,0.707106781187)
  );
#8365 = PCURVE('',#7816,#8366);
#8366 = DEFINITIONAL_REPRESENTATION('',(#8367),#8371);
#8367 = LINE('',#8368,#8369);
#8368 = CARTESIAN_POINT('',(12.566370614359,10.16));
#8369 = VECTOR('',#8370,1.);
#8370 = DIRECTION('',(-1.,0.));
#8371 = ( GEOMETRIC_REPRESENTATION_CONTEXT(2) 
PARAMETRIC_REPRESENTATION_CONTEXT() REPRESENTATION_CONTEXT('2D SPACE',''
  ) );
#8372 = PCURVE('',#7599,#8373);
#8373 = DEFINITIONAL_REPRESENTATION('',(#8374),#8382);
#8374 = ( BOUNDED_CURVE() B_SPLINE_CURVE(2,(#8375,#8376,#8377,#8378,
#8379,#8380,#8381),.UNSPECIFIED.,.T.,.F.) B_SPLINE_CURVE_WITH_KNOTS((1,2
    ,2,2,2,1),(-2.094395102393,0.,2.094395102393,4.188790204786,
6.28318530718,8.377580409573),.UNSPECIFIED.) CURVE() 
GEOMETRIC_REPRESENTATION_ITEM() RATIONAL_B_SPLINE_CURVE((1.,0.5,1.,0.5,
1.,0.5,1.)) REPRESENTATION_ITEM('') );
#8375 = CARTESIAN_POINT('',(20.628154402202,20.628154402202));
#8376 = CARTESIAN_POINT('',(29.960710322206,11.295598482198));
#8377 = CARTESIAN_POINT('',(17.212201853242,7.879645933238));
#8378 = CARTESIAN_POINT('',(4.463693384278,4.463693384278));
#8379 = CARTESIAN_POINT('',(7.879645933238,17.212201853242));
#8380 = CARTESIAN_POINT('',(11.295598482198,29.960710322206));
#8381 = CARTESIAN_POINT('',(20.628154402202,20.628154402202));
#8382 = ( GEOMETRIC_REPRESENTATION_CONTEXT(2) 
PARAMETRIC_REPRESENTATION_CONTEXT() REPRESENTATION_CONTEXT('2D SPACE',''
  ) );
#8383 = ADVANCED_FACE('',(#8384),#8242,.F.);
#8384 = FACE_BOUND('',#8385,.T.);
#8385 = EDGE_LOOP('',(#8386,#8387,#8410,#8431));
#8386 = ORIENTED_EDGE('',*,*,#8335,.F.);
#8387 = ORIENTED_EDGE('',*,*,#8388,.T.);
#8388 = EDGE_CURVE('',#8336,#8389,#8391,.T.);
#8389 = VERTEX_POINT('',#8390);
#8390 = CARTESIAN_POINT('',(22.860000729561,-5.08,-15.24000072956));
#8391 = SURFACE_CURVE('',#8392,(#8396,#8403),.PCURVE_S1.);
#8392 = LINE('',#8393,#8394);
#8393 = CARTESIAN_POINT('',(22.860000729561,-5.08,22.860000729561));
#8394 = VECTOR('',#8395,1.);
#8395 = DIRECTION('',(0.,2.22044604925E-16,-1.));
#8396 = PCURVE('',#8242,#8397);
#8397 = DEFINITIONAL_REPRESENTATION('',(#8398),#8402);
#8398 = LINE('',#8399,#8400);
#8399 = CARTESIAN_POINT('',(-1.007727234992E-13,10.16));
#8400 = VECTOR('',#8401,1.);
#8401 = DIRECTION('',(1.,-2.465190328816E-32));
#8402 = ( GEOMETRIC_REPRESENTATION_CONTEXT(2) 
PARAMETRIC_REPRESENTATION_CONTEXT() REPRESENTATION_CONTEXT('2D SPACE',''
  ) );
#8403 = PCURVE('',#7599,#8404);
#8404 = DEFINITIONAL_REPRESENTATION('',(#8405),#8409);
#8405 = LINE('',#8406,#8407);
#8406 = CARTESIAN_POINT('',(22.860000729561,22.860000729561));
#8407 = VECTOR('',#8408,1.);
#8408 = DIRECTION('',(-1.,0.));
#8409 = ( GEOMETRIC_REPRESENTATION_CONTEXT(2) 
PARAMETRIC_REPRESENTATION_CONTEXT() REPRESENTATION_CONTEXT('2D SPACE',''
  ) );
#8410 = ORIENTED_EDGE('',*,*,#8411,.F.);
#8411 = EDGE_CURVE('',#8227,#8389,#8412,.T.);
#8412 = SURFACE_CURVE('',#8413,(#8417,#8424),.PCURVE_S1.);
#8413 = LINE('',#8414,#8415);
#8414 = CARTESIAN_POINT('',(22.860000729561,-15.24,-15.24000072956));
#8415 = VECTOR('',#8416,1.);
#8416 = DIRECTION('',(0.,1.,4.370956789863E-16));
#8417 = PCURVE('',#8242,#8418);
#8418 = DEFINITIONAL_REPRESENTATION('',(#8419),#8423);
#8419 = LINE('',#8420,#8421);
#8420 = CARTESIAN_POINT('',(38.100001459122,-8.459899771634E-15));
#8421 = VECTOR('',#8422,1.);
#8422 = DIRECTION('',(-2.150510740613E-16,1.));
#8423 = ( GEOMETRIC_REPRESENTATION_CONTEXT(2) 
PARAMETRIC_REPRESENTATION_CONTEXT() REPRESENTATION_CONTEXT('2D SPACE',''
  ) );
#8424 = PCURVE('',#8271,#8425);
#8425 = DEFINITIONAL_REPRESENTATION('',(#8426),#8430);
#8426 = LINE('',#8427,#8428);
#8427 = CARTESIAN_POINT('',(5.497787143782,0.));
#8428 = VECTOR('',#8429,1.);
#8429 = DIRECTION('',(8.741913579726E-17,1.));
#8430 = ( GEOMETRIC_REPRESENTATION_CONTEXT(2) 
PARAMETRIC_REPRESENTATION_CONTEXT() REPRESENTATION_CONTEXT('2D SPACE',''
  ) );
#8431 = ORIENTED_EDGE('',*,*,#8224,.F.);
#8432 = ADVANCED_FACE('',(#8433),#8094,.T.);
#8433 = FACE_BOUND('',#8434,.T.);
#8434 = EDGE_LOOP('',(#8435,#8461,#8482,#8483));
#8435 = ORIENTED_EDGE('',*,*,#8436,.T.);
#8436 = EDGE_CURVE('',#8437,#8439,#8441,.T.);
#8437 = VERTEX_POINT('',#8438);
#8438 = CARTESIAN_POINT('',(25.39999961947,-2.54,17.77999961853));
#8439 = VERTEX_POINT('',#8440);
#8440 = CARTESIAN_POINT('',(17.77999961947,-2.54,25.39999961853));
#8441 = SURFACE_CURVE('',#8442,(#8447,#8454),.PCURVE_S1.);
#8442 = CIRCLE('',#8443,7.62);
#8443 = AXIS2_PLACEMENT_3D('',#8444,#8445,#8446);
#8444 = CARTESIAN_POINT('',(17.77999961947,-2.54,17.77999961853));
#8445 = DIRECTION('',(0.,-1.,-2.22044604925E-16));
#8446 = DIRECTION('',(0.707106781187,-1.570092458684E-16,0.707106781187)
  );
#8447 = PCURVE('',#8094,#8448);
#8448 = DEFINITIONAL_REPRESENTATION('',(#8449),#8453);
#8449 = LINE('',#8450,#8451);
#8450 = CARTESIAN_POINT('',(6.28318530718,6.35));
#8451 = VECTOR('',#8452,1.);
#8452 = DIRECTION('',(-1.,0.));
#8453 = ( GEOMETRIC_REPRESENTATION_CONTEXT(2) 
PARAMETRIC_REPRESENTATION_CONTEXT() REPRESENTATION_CONTEXT('2D SPACE',''
  ) );
#8454 = PCURVE('',#7876,#8455);
#8455 = DEFINITIONAL_REPRESENTATION('',(#8456),#8460);
#8456 = CIRCLE('',#8457,7.62);
#8457 = AXIS2_PLACEMENT_2D('',#8458,#8459);
#8458 = CARTESIAN_POINT('',(-17.779999619,17.779999619));
#8459 = DIRECTION('',(-0.707106781187,0.707106781187));
#8460 = ( GEOMETRIC_REPRESENTATION_CONTEXT(2) 
PARAMETRIC_REPRESENTATION_CONTEXT() REPRESENTATION_CONTEXT('2D SPACE',''
  ) );
#8461 = ORIENTED_EDGE('',*,*,#8462,.T.);
#8462 = EDGE_CURVE('',#8439,#8074,#8463,.T.);
#8463 = SURFACE_CURVE('',#8464,(#8468,#8475),.PCURVE_S1.);
#8464 = LINE('',#8465,#8466);
#8465 = CARTESIAN_POINT('',(17.77999961947,-8.89,25.39999961853));
#8466 = VECTOR('',#8467,1.);
#8467 = DIRECTION('',(0.,-1.,-2.22044604925E-16));
#8468 = PCURVE('',#8094,#8469);
#8469 = DEFINITIONAL_REPRESENTATION('',(#8470),#8474);
#8470 = LINE('',#8471,#8472);
#8471 = CARTESIAN_POINT('',(-0.785398163397,-7.105427357601E-15));
#8472 = VECTOR('',#8473,1.);
#8473 = DIRECTION('',(0.,-1.));
#8474 = ( GEOMETRIC_REPRESENTATION_CONTEXT(2) 
PARAMETRIC_REPRESENTATION_CONTEXT() REPRESENTATION_CONTEXT('2D SPACE',''
  ) );
#8475 = PCURVE('',#8122,#8476);
#8476 = DEFINITIONAL_REPRESENTATION('',(#8477),#8481);
#8477 = LINE('',#8478,#8479);
#8478 = CARTESIAN_POINT('',(0.,17.779999619));
#8479 = VECTOR('',#8480,1.);
#8480 = DIRECTION('',(-1.,0.));
#8481 = ( GEOMETRIC_REPRESENTATION_CONTEXT(2) 
PARAMETRIC_REPRESENTATION_CONTEXT() REPRESENTATION_CONTEXT('2D SPACE',''
  ) );
#8482 = ORIENTED_EDGE('',*,*,#8073,.T.);
#8483 = ORIENTED_EDGE('',*,*,#8484,.T.);
#8484 = EDGE_CURVE('',#8051,#8437,#8485,.T.);
#8485 = SURFACE_CURVE('',#8486,(#8490,#8497),.PCURVE_S1.);
#8486 = LINE('',#8487,#8488);
#8487 = CARTESIAN_POINT('',(25.39999961947,-8.89,17.77999961853));
#8488 = VECTOR('',#8489,1.);
#8489 = DIRECTION('',(0.,1.,2.22044604925E-16));
#8490 = PCURVE('',#8094,#8491);
#8491 = DEFINITIONAL_REPRESENTATION('',(#8492),#8496);
#8492 = LINE('',#8493,#8494);
#8493 = CARTESIAN_POINT('',(0.785398163397,0.));
#8494 = VECTOR('',#8495,1.);
#8495 = DIRECTION('',(7.867722221753E-17,1.));
#8496 = ( GEOMETRIC_REPRESENTATION_CONTEXT(2) 
PARAMETRIC_REPRESENTATION_CONTEXT() REPRESENTATION_CONTEXT('2D SPACE',''
  ) );
#8497 = PCURVE('',#7904,#8498);
#8498 = DEFINITIONAL_REPRESENTATION('',(#8499),#8503);
#8499 = LINE('',#8500,#8501);
#8500 = CARTESIAN_POINT('',(3.947952990968E-15,-17.779999619));
#8501 = VECTOR('',#8502,1.);
#8502 = DIRECTION('',(1.,2.465190328816E-32));
#8503 = ( GEOMETRIC_REPRESENTATION_CONTEXT(2) 
PARAMETRIC_REPRESENTATION_CONTEXT() REPRESENTATION_CONTEXT('2D SPACE',''
  ) );
#8504 = ADVANCED_FACE('',(#8505),#8122,.F.);
#8505 = FACE_BOUND('',#8506,.T.);
#8506 = EDGE_LOOP('',(#8507,#8508,#8531,#8552));
#8507 = ORIENTED_EDGE('',*,*,#8462,.F.);
#8508 = ORIENTED_EDGE('',*,*,#8509,.F.);
#8509 = EDGE_CURVE('',#8510,#8439,#8512,.T.);
#8510 = VERTEX_POINT('',#8511);
#8511 = CARTESIAN_POINT('',(-17.77999961853,-2.54,25.39999961853));
#8512 = SURFACE_CURVE('',#8513,(#8517,#8524),.PCURVE_S1.);
#8513 = LINE('',#8514,#8515);
#8514 = CARTESIAN_POINT('',(4.697264799347E-10,-2.54,25.39999961853));
#8515 = VECTOR('',#8516,1.);
#8516 = DIRECTION('',(1.,0.,0.));
#8517 = PCURVE('',#8122,#8518);
#8518 = DEFINITIONAL_REPRESENTATION('',(#8519),#8523);
#8519 = LINE('',#8520,#8521);
#8520 = CARTESIAN_POINT('',(6.35,0.));
#8521 = VECTOR('',#8522,1.);
#8522 = DIRECTION('',(0.,1.));
#8523 = ( GEOMETRIC_REPRESENTATION_CONTEXT(2) 
PARAMETRIC_REPRESENTATION_CONTEXT() REPRESENTATION_CONTEXT('2D SPACE',''
  ) );
#8524 = PCURVE('',#7876,#8525);
#8525 = DEFINITIONAL_REPRESENTATION('',(#8526),#8530);
#8526 = LINE('',#8527,#8528);
#8527 = CARTESIAN_POINT('',(-25.399999619,0.));
#8528 = VECTOR('',#8529,1.);
#8529 = DIRECTION('',(0.,1.));
#8530 = ( GEOMETRIC_REPRESENTATION_CONTEXT(2) 
PARAMETRIC_REPRESENTATION_CONTEXT() REPRESENTATION_CONTEXT('2D SPACE',''
  ) );
#8531 = ORIENTED_EDGE('',*,*,#8532,.F.);
#8532 = EDGE_CURVE('',#8107,#8510,#8533,.T.);
#8533 = SURFACE_CURVE('',#8534,(#8538,#8545),.PCURVE_S1.);
#8534 = LINE('',#8535,#8536);
#8535 = CARTESIAN_POINT('',(-17.77999961853,-8.89,25.39999961853));
#8536 = VECTOR('',#8537,1.);
#8537 = DIRECTION('',(0.,1.,2.22044604925E-16));
#8538 = PCURVE('',#8122,#8539);
#8539 = DEFINITIONAL_REPRESENTATION('',(#8540),#8544);
#8540 = LINE('',#8541,#8542);
#8541 = CARTESIAN_POINT('',(0.,-17.779999619));
#8542 = VECTOR('',#8543,1.);
#8543 = DIRECTION('',(1.,0.));
#8544 = ( GEOMETRIC_REPRESENTATION_CONTEXT(2) 
PARAMETRIC_REPRESENTATION_CONTEXT() REPRESENTATION_CONTEXT('2D SPACE',''
  ) );
#8545 = PCURVE('',#8155,#8546);
#8546 = DEFINITIONAL_REPRESENTATION('',(#8547),#8551);
#8547 = LINE('',#8548,#8549);
#8548 = CARTESIAN_POINT('',(0.785398163397,-7.105427357601E-15));
#8549 = VECTOR('',#8550,1.);
#8550 = DIRECTION('',(8.741913579726E-18,1.));
#8551 = ( GEOMETRIC_REPRESENTATION_CONTEXT(2) 
PARAMETRIC_REPRESENTATION_CONTEXT() REPRESENTATION_CONTEXT('2D SPACE',''
  ) );
#8552 = ORIENTED_EDGE('',*,*,#8106,.F.);
#8553 = ADVANCED_FACE('',(#8554,#8650),#7876,.F.);
#8554 = FACE_BOUND('',#8555,.T.);
#8555 = EDGE_LOOP('',(#8556,#8557,#8558,#8582,#8605,#8627,#8628,#8629));
#8556 = ORIENTED_EDGE('',*,*,#7852,.F.);
#8557 = ORIENTED_EDGE('',*,*,#8025,.T.);
#8558 = ORIENTED_EDGE('',*,*,#8559,.F.);
#8559 = EDGE_CURVE('',#8560,#7998,#8562,.T.);
#8560 = VERTEX_POINT('',#8561);
#8561 = CARTESIAN_POINT('',(-25.39999961853,-2.54,-17.77999961947));
#8562 = SURFACE_CURVE('',#8563,(#8568,#8575),.PCURVE_S1.);
#8563 = CIRCLE('',#8564,7.62);
#8564 = AXIS2_PLACEMENT_3D('',#8565,#8566,#8567);
#8565 = CARTESIAN_POINT('',(-17.77999961853,-2.54,-17.77999961947));
#8566 = DIRECTION('',(0.,-1.,-2.22044604925E-16));
#8567 = DIRECTION('',(-0.707106781187,1.570092458684E-16,-0.707106781187
    ));
#8568 = PCURVE('',#7876,#8569);
#8569 = DEFINITIONAL_REPRESENTATION('',(#8570),#8574);
#8570 = CIRCLE('',#8571,7.62);
#8571 = AXIS2_PLACEMENT_2D('',#8572,#8573);
#8572 = CARTESIAN_POINT('',(17.779999619,-17.779999619));
#8573 = DIRECTION('',(0.707106781187,-0.707106781187));
#8574 = ( GEOMETRIC_REPRESENTATION_CONTEXT(2) 
PARAMETRIC_REPRESENTATION_CONTEXT() REPRESENTATION_CONTEXT('2D SPACE',''
  ) );
#8575 = PCURVE('',#8013,#8576);
#8576 = DEFINITIONAL_REPRESENTATION('',(#8577),#8581);
#8577 = LINE('',#8578,#8579);
#8578 = CARTESIAN_POINT('',(6.28318530718,6.35));
#8579 = VECTOR('',#8580,1.);
#8580 = DIRECTION('',(-1.,0.));
#8581 = ( GEOMETRIC_REPRESENTATION_CONTEXT(2) 
PARAMETRIC_REPRESENTATION_CONTEXT() REPRESENTATION_CONTEXT('2D SPACE',''
  ) );
#8582 = ORIENTED_EDGE('',*,*,#8583,.T.);
#8583 = EDGE_CURVE('',#8560,#8584,#8586,.T.);
#8584 = VERTEX_POINT('',#8585);
#8585 = CARTESIAN_POINT('',(-25.39999961853,-2.54,17.77999961853));
#8586 = SURFACE_CURVE('',#8587,(#8591,#8598),.PCURVE_S1.);
#8587 = LINE('',#8588,#8589);
#8588 = CARTESIAN_POINT('',(-25.39999961853,-2.54,-4.697250699515E-10));
#8589 = VECTOR('',#8590,1.);
#8590 = DIRECTION('',(0.,-2.22044604925E-16,1.));
#8591 = PCURVE('',#7876,#8592);
#8592 = DEFINITIONAL_REPRESENTATION('',(#8593),#8597);
#8593 = LINE('',#8594,#8595);
#8594 = CARTESIAN_POINT('',(0.,-25.399999619));
#8595 = VECTOR('',#8596,1.);
#8596 = DIRECTION('',(-1.,0.));
#8597 = ( GEOMETRIC_REPRESENTATION_CONTEXT(2) 
PARAMETRIC_REPRESENTATION_CONTEXT() REPRESENTATION_CONTEXT('2D SPACE',''
  ) );
#8598 = PCURVE('',#8183,#8599);
#8599 = DEFINITIONAL_REPRESENTATION('',(#8600),#8604);
#8600 = LINE('',#8601,#8602);
#8601 = CARTESIAN_POINT('',(-6.35,-6.410668285517E-25));
#8602 = VECTOR('',#8603,1.);
#8603 = DIRECTION('',(-2.465190328816E-32,-1.));
#8604 = ( GEOMETRIC_REPRESENTATION_CONTEXT(2) 
PARAMETRIC_REPRESENTATION_CONTEXT() REPRESENTATION_CONTEXT('2D SPACE',''
  ) );
#8605 = ORIENTED_EDGE('',*,*,#8606,.F.);
#8606 = EDGE_CURVE('',#8510,#8584,#8607,.T.);
#8607 = SURFACE_CURVE('',#8608,(#8613,#8620),.PCURVE_S1.);
#8608 = CIRCLE('',#8609,7.62);
#8609 = AXIS2_PLACEMENT_3D('',#8610,#8611,#8612);
#8610 = CARTESIAN_POINT('',(-17.77999961853,-2.54,17.77999961853));
#8611 = DIRECTION('',(0.,-1.,-2.22044604925E-16));
#8612 = DIRECTION('',(-0.707106781187,-1.570092458684E-16,0.707106781187
    ));
#8613 = PCURVE('',#7876,#8614);
#8614 = DEFINITIONAL_REPRESENTATION('',(#8615),#8619);
#8615 = CIRCLE('',#8616,7.62);
#8616 = AXIS2_PLACEMENT_2D('',#8617,#8618);
#8617 = CARTESIAN_POINT('',(-17.779999619,-17.779999619));
#8618 = DIRECTION('',(-0.707106781187,-0.707106781187));
#8619 = ( GEOMETRIC_REPRESENTATION_CONTEXT(2) 
PARAMETRIC_REPRESENTATION_CONTEXT() REPRESENTATION_CONTEXT('2D SPACE',''
  ) );
#8620 = PCURVE('',#8155,#8621);
#8621 = DEFINITIONAL_REPRESENTATION('',(#8622),#8626);
#8622 = LINE('',#8623,#8624);
#8623 = CARTESIAN_POINT('',(6.28318530718,6.35));
#8624 = VECTOR('',#8625,1.);
#8625 = DIRECTION('',(-1.,0.));
#8626 = ( GEOMETRIC_REPRESENTATION_CONTEXT(2) 
PARAMETRIC_REPRESENTATION_CONTEXT() REPRESENTATION_CONTEXT('2D SPACE',''
  ) );
#8627 = ORIENTED_EDGE('',*,*,#8509,.T.);
#8628 = ORIENTED_EDGE('',*,*,#8436,.F.);
#8629 = ORIENTED_EDGE('',*,*,#8630,.T.);
#8630 = EDGE_CURVE('',#8437,#7855,#8631,.T.);
#8631 = SURFACE_CURVE('',#8632,(#8636,#8643),.PCURVE_S1.);
#8632 = LINE('',#8633,#8634);
#8633 = CARTESIAN_POINT('',(25.39999961947,-2.54,-4.697250699515E-10));
#8634 = VECTOR('',#8635,1.);
#8635 = DIRECTION('',(0.,2.22044604925E-16,-1.));
#8636 = PCURVE('',#7876,#8637);
#8637 = DEFINITIONAL_REPRESENTATION('',(#8638),#8642);
#8638 = LINE('',#8639,#8640);
#8639 = CARTESIAN_POINT('',(0.,25.399999619));
#8640 = VECTOR('',#8641,1.);
#8641 = DIRECTION('',(1.,0.));
#8642 = ( GEOMETRIC_REPRESENTATION_CONTEXT(2) 
PARAMETRIC_REPRESENTATION_CONTEXT() REPRESENTATION_CONTEXT('2D SPACE',''
  ) );
#8643 = PCURVE('',#7904,#8644);
#8644 = DEFINITIONAL_REPRESENTATION('',(#8645),#8649);
#8645 = LINE('',#8646,#8647);
#8646 = CARTESIAN_POINT('',(6.35,-6.410668285517E-25));
#8647 = VECTOR('',#8648,1.);
#8648 = DIRECTION('',(-2.465190328816E-32,1.));
#8649 = ( GEOMETRIC_REPRESENTATION_CONTEXT(2) 
PARAMETRIC_REPRESENTATION_CONTEXT() REPRESENTATION_CONTEXT('2D SPACE',''
  ) );
#8650 = FACE_BOUND('',#8651,.T.);
#8651 = EDGE_LOOP('',(#8652));
#8652 = ORIENTED_EDGE('',*,*,#8653,.T.);
#8653 = EDGE_CURVE('',#8654,#8654,#8656,.T.);
#8654 = VERTEX_POINT('',#8655);
#8655 = CARTESIAN_POINT('',(-9.525,-2.54,-1.730469372697E-15));
#8656 = SURFACE_CURVE('',#8657,(#8662,#8669),.PCURVE_S1.);
#8657 = CIRCLE('',#8658,9.525);
#8658 = AXIS2_PLACEMENT_3D('',#8659,#8660,#8661);
#8659 = CARTESIAN_POINT('',(0.,-2.54,-5.639932965096E-16));
#8660 = DIRECTION('',(0.,-1.,-2.22044604925E-16));
#8661 = DIRECTION('',(1.,0.,0.));
#8662 = PCURVE('',#7876,#8663);
#8663 = DEFINITIONAL_REPRESENTATION('',(#8664),#8668);
#8664 = CIRCLE('',#8665,9.525);
#8665 = AXIS2_PLACEMENT_2D('',#8666,#8667);
#8666 = CARTESIAN_POINT('',(-4.697245059582E-10,-4.697264799347E-10));
#8667 = DIRECTION('',(0.,1.));
#8668 = ( GEOMETRIC_REPRESENTATION_CONTEXT(2) 
PARAMETRIC_REPRESENTATION_CONTEXT() REPRESENTATION_CONTEXT('2D SPACE',''
  ) );
#8669 = PCURVE('',#8670,#8675);
#8670 = CYLINDRICAL_SURFACE('',#8671,9.525);
#8671 = AXIS2_PLACEMENT_3D('',#8672,#8673,#8674);
#8672 = CARTESIAN_POINT('',(0.,-1.27,-2.819966482548E-16));
#8673 = DIRECTION('',(0.,-1.,-2.22044604925E-16));
#8674 = DIRECTION('',(1.,0.,0.));
#8675 = DEFINITIONAL_REPRESENTATION('',(#8676),#8680);
#8676 = LINE('',#8677,#8678);
#8677 = CARTESIAN_POINT('',(-6.28318530718,1.27));
#8678 = VECTOR('',#8679,1.);
#8679 = DIRECTION('',(1.,0.));
#8680 = ( GEOMETRIC_REPRESENTATION_CONTEXT(2) 
PARAMETRIC_REPRESENTATION_CONTEXT() REPRESENTATION_CONTEXT('2D SPACE',''
  ) );
#8681 = ADVANCED_FACE('',(#8682),#8155,.T.);
#8682 = FACE_BOUND('',#8683,.T.);
#8683 = EDGE_LOOP('',(#8684,#8685,#8706,#8707));
#8684 = ORIENTED_EDGE('',*,*,#8606,.T.);
#8685 = ORIENTED_EDGE('',*,*,#8686,.T.);
#8686 = EDGE_CURVE('',#8584,#8135,#8687,.T.);
#8687 = SURFACE_CURVE('',#8688,(#8692,#8699),.PCURVE_S1.);
#8688 = LINE('',#8689,#8690);
#8689 = CARTESIAN_POINT('',(-25.39999961853,-8.89,17.77999961853));
#8690 = VECTOR('',#8691,1.);
#8691 = DIRECTION('',(0.,-1.,-2.22044604925E-16));
#8692 = PCURVE('',#8155,#8693);
#8693 = DEFINITIONAL_REPRESENTATION('',(#8694),#8698);
#8694 = LINE('',#8695,#8696);
#8695 = CARTESIAN_POINT('',(-0.785398163397,8.881784197001E-16));
#8696 = VECTOR('',#8697,1.);
#8697 = DIRECTION('',(6.993530863781E-17,-1.));
#8698 = ( GEOMETRIC_REPRESENTATION_CONTEXT(2) 
PARAMETRIC_REPRESENTATION_CONTEXT() REPRESENTATION_CONTEXT('2D SPACE',''
  ) );
#8699 = PCURVE('',#8183,#8700);
#8700 = DEFINITIONAL_REPRESENTATION('',(#8701),#8705);
#8701 = LINE('',#8702,#8703);
#8702 = CARTESIAN_POINT('',(-3.947952990968E-15,-17.779999619));
#8703 = VECTOR('',#8704,1.);
#8704 = DIRECTION('',(1.,-2.465190328816E-32));
#8705 = ( GEOMETRIC_REPRESENTATION_CONTEXT(2) 
PARAMETRIC_REPRESENTATION_CONTEXT() REPRESENTATION_CONTEXT('2D SPACE',''
  ) );
#8706 = ORIENTED_EDGE('',*,*,#8134,.T.);
#8707 = ORIENTED_EDGE('',*,*,#8532,.T.);
#8708 = ADVANCED_FACE('',(#8709),#8183,.F.);
#8709 = FACE_BOUND('',#8710,.T.);
#8710 = EDGE_LOOP('',(#8711,#8712,#8713,#8734));
#8711 = ORIENTED_EDGE('',*,*,#8686,.F.);
#8712 = ORIENTED_EDGE('',*,*,#8583,.F.);
#8713 = ORIENTED_EDGE('',*,*,#8714,.F.);
#8714 = EDGE_CURVE('',#8168,#8560,#8715,.T.);
#8715 = SURFACE_CURVE('',#8716,(#8720,#8727),.PCURVE_S1.);
#8716 = LINE('',#8717,#8718);
#8717 = CARTESIAN_POINT('',(-25.39999961853,-8.89,-17.77999961947));
#8718 = VECTOR('',#8719,1.);
#8719 = DIRECTION('',(0.,1.,2.22044604925E-16));
#8720 = PCURVE('',#8183,#8721);
#8721 = DEFINITIONAL_REPRESENTATION('',(#8722),#8726);
#8722 = LINE('',#8723,#8724);
#8723 = CARTESIAN_POINT('',(3.947952990968E-15,17.779999619));
#8724 = VECTOR('',#8725,1.);
#8725 = DIRECTION('',(-1.,2.465190328816E-32));
#8726 = ( GEOMETRIC_REPRESENTATION_CONTEXT(2) 
PARAMETRIC_REPRESENTATION_CONTEXT() REPRESENTATION_CONTEXT('2D SPACE',''
  ) );
#8727 = PCURVE('',#8013,#8728);
#8728 = DEFINITIONAL_REPRESENTATION('',(#8729),#8733);
#8729 = LINE('',#8730,#8731);
#8730 = CARTESIAN_POINT('',(0.785398163397,0.));
#8731 = VECTOR('',#8732,1.);
#8732 = DIRECTION('',(-7.867722221753E-17,1.));
#8733 = ( GEOMETRIC_REPRESENTATION_CONTEXT(2) 
PARAMETRIC_REPRESENTATION_CONTEXT() REPRESENTATION_CONTEXT('2D SPACE',''
  ) );
#8734 = ORIENTED_EDGE('',*,*,#8167,.F.);
#8735 = ADVANCED_FACE('',(#8736),#8013,.T.);
#8736 = FACE_BOUND('',#8737,.T.);
#8737 = EDGE_LOOP('',(#8738,#8739,#8740,#8741));
#8738 = ORIENTED_EDGE('',*,*,#8559,.T.);
#8739 = ORIENTED_EDGE('',*,*,#7997,.T.);
#8740 = ORIENTED_EDGE('',*,*,#8195,.T.);
#8741 = ORIENTED_EDGE('',*,*,#8714,.T.);
#8742 = ADVANCED_FACE('',(#8743),#8271,.F.);
#8743 = FACE_BOUND('',#8744,.F.);
#8744 = EDGE_LOOP('',(#8745,#8746,#8747,#8770));
#8745 = ORIENTED_EDGE('',*,*,#8411,.F.);
#8746 = ORIENTED_EDGE('',*,*,#8254,.F.);
#8747 = ORIENTED_EDGE('',*,*,#8748,.F.);
#8748 = EDGE_CURVE('',#8749,#8255,#8751,.T.);
#8749 = VERTEX_POINT('',#8750);
#8750 = CARTESIAN_POINT('',(15.240000729561,-5.08,-22.86000072956));
#8751 = SURFACE_CURVE('',#8752,(#8756,#8763),.PCURVE_S1.);
#8752 = LINE('',#8753,#8754);
#8753 = CARTESIAN_POINT('',(15.240000729561,-15.24,-22.86000072956));
#8754 = VECTOR('',#8755,1.);
#8755 = DIRECTION('',(0.,-1.,-4.370956789863E-16));
#8756 = PCURVE('',#8271,#8757);
#8757 = DEFINITIONAL_REPRESENTATION('',(#8758),#8762);
#8758 = LINE('',#8759,#8760);
#8759 = CARTESIAN_POINT('',(7.068583470577,-3.552713678801E-15));
#8760 = VECTOR('',#8761,1.);
#8761 = DIRECTION('',(0.,-1.));
#8762 = ( GEOMETRIC_REPRESENTATION_CONTEXT(2) 
PARAMETRIC_REPRESENTATION_CONTEXT() REPRESENTATION_CONTEXT('2D SPACE',''
  ) );
#8763 = PCURVE('',#7515,#8764);
#8764 = DEFINITIONAL_REPRESENTATION('',(#8765),#8769);
#8765 = LINE('',#8766,#8767);
#8766 = CARTESIAN_POINT('',(7.62,0.));
#8767 = VECTOR('',#8768,1.);
#8768 = DIRECTION('',(-0.,-1.));
#8769 = ( GEOMETRIC_REPRESENTATION_CONTEXT(2) 
PARAMETRIC_REPRESENTATION_CONTEXT() REPRESENTATION_CONTEXT('2D SPACE',''
  ) );
#8770 = ORIENTED_EDGE('',*,*,#8771,.T.);
#8771 = EDGE_CURVE('',#8749,#8389,#8772,.T.);
#8772 = SURFACE_CURVE('',#8773,(#8778,#8785),.PCURVE_S1.);
#8773 = CIRCLE('',#8774,7.62);
#8774 = AXIS2_PLACEMENT_3D('',#8775,#8776,#8777);
#8775 = CARTESIAN_POINT('',(15.240000729561,-5.08,-15.24000072956));
#8776 = DIRECTION('',(0.,-1.,-4.370956789863E-16));
#8777 = DIRECTION('',(0.707106781187,3.090733186385E-16,-0.707106781187)
  );
#8778 = PCURVE('',#8271,#8779);
#8779 = DEFINITIONAL_REPRESENTATION('',(#8780),#8784);
#8780 = LINE('',#8781,#8782);
#8781 = CARTESIAN_POINT('',(12.566370614359,10.16));
#8782 = VECTOR('',#8783,1.);
#8783 = DIRECTION('',(-1.,0.));
#8784 = ( GEOMETRIC_REPRESENTATION_CONTEXT(2) 
PARAMETRIC_REPRESENTATION_CONTEXT() REPRESENTATION_CONTEXT('2D SPACE',''
  ) );
#8785 = PCURVE('',#7599,#8786);
#8786 = DEFINITIONAL_REPRESENTATION('',(#8787),#8795);
#8787 = ( BOUNDED_CURVE() B_SPLINE_CURVE(2,(#8788,#8789,#8790,#8791,
#8792,#8793,#8794),.UNSPECIFIED.,.T.,.F.) B_SPLINE_CURVE_WITH_KNOTS((1,2
    ,2,2,2,1),(-2.094395102393,0.,2.094395102393,4.188790204786,
6.28318530718,8.377580409573),.UNSPECIFIED.) CURVE() 
GEOMETRIC_REPRESENTATION_ITEM() RATIONAL_B_SPLINE_CURVE((1.,0.5,1.,0.5,
1.,0.5,1.)) REPRESENTATION_ITEM('') );
#8788 = CARTESIAN_POINT('',(-20.6281544022,20.628154402202));
#8789 = CARTESIAN_POINT('',(-11.29559848219,29.960710322206));
#8790 = CARTESIAN_POINT('',(-7.879645933238,17.212201853242));
#8791 = CARTESIAN_POINT('',(-4.463693384278,4.463693384278));
#8792 = CARTESIAN_POINT('',(-17.21220185324,7.879645933238));
#8793 = CARTESIAN_POINT('',(-29.9607103222,11.295598482198));
#8794 = CARTESIAN_POINT('',(-20.6281544022,20.628154402202));
#8795 = ( GEOMETRIC_REPRESENTATION_CONTEXT(2) 
PARAMETRIC_REPRESENTATION_CONTEXT() REPRESENTATION_CONTEXT('2D SPACE',''
  ) );
#8796 = ADVANCED_FACE('',(#8797),#7599,.F.);
#8797 = FACE_BOUND('',#8798,.T.);
#8798 = EDGE_LOOP('',(#8799,#8800,#8821,#8822,#8823,#8824,#8825,#8826));
#8799 = ORIENTED_EDGE('',*,*,#7584,.T.);
#8800 = ORIENTED_EDGE('',*,*,#8801,.F.);
#8801 = EDGE_CURVE('',#8749,#7495,#8802,.T.);
#8802 = SURFACE_CURVE('',#8803,(#8807,#8814),.PCURVE_S1.);
#8803 = LINE('',#8804,#8805);
#8804 = CARTESIAN_POINT('',(22.860000729561,-5.08,-22.86000072956));
#8805 = VECTOR('',#8806,1.);
#8806 = DIRECTION('',(-1.,0.,0.));
#8807 = PCURVE('',#7599,#8808);
#8808 = DEFINITIONAL_REPRESENTATION('',(#8809),#8813);
#8809 = LINE('',#8810,#8811);
#8810 = CARTESIAN_POINT('',(-22.86000072956,22.860000729561));
#8811 = VECTOR('',#8812,1.);
#8812 = DIRECTION('',(0.,-1.));
#8813 = ( GEOMETRIC_REPRESENTATION_CONTEXT(2) 
PARAMETRIC_REPRESENTATION_CONTEXT() REPRESENTATION_CONTEXT('2D SPACE',''
  ) );
#8814 = PCURVE('',#7515,#8815);
#8815 = DEFINITIONAL_REPRESENTATION('',(#8816),#8820);
#8816 = LINE('',#8817,#8818);
#8817 = CARTESIAN_POINT('',(0.,10.16));
#8818 = VECTOR('',#8819,1.);
#8819 = DIRECTION('',(1.,0.));
#8820 = ( GEOMETRIC_REPRESENTATION_CONTEXT(2) 
PARAMETRIC_REPRESENTATION_CONTEXT() REPRESENTATION_CONTEXT('2D SPACE',''
  ) );
#8821 = ORIENTED_EDGE('',*,*,#8771,.T.);
#8822 = ORIENTED_EDGE('',*,*,#8388,.F.);
#8823 = ORIENTED_EDGE('',*,*,#8358,.T.);
#8824 = ORIENTED_EDGE('',*,*,#7777,.F.);
#8825 = ORIENTED_EDGE('',*,*,#7747,.T.);
#8826 = ORIENTED_EDGE('',*,*,#7619,.F.);
#8827 = ADVANCED_FACE('',(#8828),#7515,.F.);
#8828 = FACE_BOUND('',#8829,.T.);
#8829 = EDGE_LOOP('',(#8830,#8831,#8832,#8833));
#8830 = ORIENTED_EDGE('',*,*,#7492,.F.);
#8831 = ORIENTED_EDGE('',*,*,#8283,.F.);
#8832 = ORIENTED_EDGE('',*,*,#8748,.F.);
#8833 = ORIENTED_EDGE('',*,*,#8801,.T.);
#8834 = ADVANCED_FACE('',(#8835),#7904,.F.);
#8835 = FACE_BOUND('',#8836,.T.);
#8836 = EDGE_LOOP('',(#8837,#8838,#8839,#8840));
#8837 = ORIENTED_EDGE('',*,*,#7888,.F.);
#8838 = ORIENTED_EDGE('',*,*,#8630,.F.);
#8839 = ORIENTED_EDGE('',*,*,#8484,.F.);
#8840 = ORIENTED_EDGE('',*,*,#8050,.F.);
#8841 = ADVANCED_FACE('',(#8842,#8873),#8855,.T.);
#8842 = FACE_BOUND('',#8843,.T.);
#8843 = EDGE_LOOP('',(#8844));
#8844 = ORIENTED_EDGE('',*,*,#8845,.T.);
#8845 = EDGE_CURVE('',#8846,#8846,#8848,.T.);
#8846 = VERTEX_POINT('',#8847);
#8847 = CARTESIAN_POINT('',(-9.525,0.,-1.166476076188E-15));
#8848 = SURFACE_CURVE('',#8849,(#8854,#8866),.PCURVE_S1.);
#8849 = CIRCLE('',#8850,9.525);
#8850 = AXIS2_PLACEMENT_3D('',#8851,#8852,#8853);
#8851 = CARTESIAN_POINT('',(0.,0.,0.));
#8852 = DIRECTION('',(0.,1.,2.22044604925E-16));
#8853 = DIRECTION('',(1.,0.,-0.));
#8854 = PCURVE('',#8855,#8860);
#8855 = PLANE('',#8856);
#8856 = AXIS2_PLACEMENT_3D('',#8857,#8858,#8859);
#8857 = CARTESIAN_POINT('',(0.,0.,0.));
#8858 = DIRECTION('',(0.,1.,2.22044604925E-16));
#8859 = DIRECTION('',(-1.,0.,0.));
#8860 = DEFINITIONAL_REPRESENTATION('',(#8861),#8865);
#8861 = CIRCLE('',#8862,9.525);
#8862 = AXIS2_PLACEMENT_2D('',#8863,#8864);
#8863 = CARTESIAN_POINT('',(0.,0.));
#8864 = DIRECTION('',(-1.,0.));
#8865 = ( GEOMETRIC_REPRESENTATION_CONTEXT(2) 
PARAMETRIC_REPRESENTATION_CONTEXT() REPRESENTATION_CONTEXT('2D SPACE',''
  ) );
#8866 = PCURVE('',#8670,#8867);
#8867 = DEFINITIONAL_REPRESENTATION('',(#8868),#8872);
#8868 = LINE('',#8869,#8870);
#8869 = CARTESIAN_POINT('',(6.28318530718,-1.27));
#8870 = VECTOR('',#8871,1.);
#8871 = DIRECTION('',(-1.,0.));
#8872 = ( GEOMETRIC_REPRESENTATION_CONTEXT(2) 
PARAMETRIC_REPRESENTATION_CONTEXT() REPRESENTATION_CONTEXT('2D SPACE',''
  ) );
#8873 = FACE_BOUND('',#8874,.T.);
#8874 = EDGE_LOOP('',(#8875));
#8875 = ORIENTED_EDGE('',*,*,#8876,.T.);
#8876 = EDGE_CURVE('',#8877,#8877,#8879,.T.);
#8877 = VERTEX_POINT('',#8878);
#8878 = CARTESIAN_POINT('',(-6.35,0.,7.776507174586E-16));
#8879 = SURFACE_CURVE('',#8880,(#8885,#8896),.PCURVE_S1.);
#8880 = CIRCLE('',#8881,6.35);
#8881 = AXIS2_PLACEMENT_3D('',#8882,#8883,#8884);
#8882 = CARTESIAN_POINT('',(0.,0.,0.));
#8883 = DIRECTION('',(0.,-1.,-2.22044604925E-16));
#8884 = DIRECTION('',(1.,0.,0.));
#8885 = PCURVE('',#8855,#8886);
#8886 = DEFINITIONAL_REPRESENTATION('',(#8887),#8895);
#8887 = ( BOUNDED_CURVE() B_SPLINE_CURVE(2,(#8888,#8889,#8890,#8891,
#8892,#8893,#8894),.UNSPECIFIED.,.T.,.F.) B_SPLINE_CURVE_WITH_KNOTS((1,2
    ,2,2,2,1),(-2.094395102393,0.,2.094395102393,4.188790204786,
6.28318530718,8.377580409573),.UNSPECIFIED.) CURVE() 
GEOMETRIC_REPRESENTATION_ITEM() RATIONAL_B_SPLINE_CURVE((1.,0.5,1.,0.5,
1.,0.5,1.)) REPRESENTATION_ITEM('') );
#8888 = CARTESIAN_POINT('',(-6.35,0.));
#8889 = CARTESIAN_POINT('',(-6.35,10.998522628062));
#8890 = CARTESIAN_POINT('',(3.175,5.499261314031));
#8891 = CARTESIAN_POINT('',(12.7,1.555301434917E-15));
#8892 = CARTESIAN_POINT('',(3.175,-5.499261314031));
#8893 = CARTESIAN_POINT('',(-6.35,-10.99852262806));
#8894 = CARTESIAN_POINT('',(-6.35,0.));
#8895 = ( GEOMETRIC_REPRESENTATION_CONTEXT(2) 
PARAMETRIC_REPRESENTATION_CONTEXT() REPRESENTATION_CONTEXT('2D SPACE',''
  ) );
#8896 = PCURVE('',#8897,#8902);
#8897 = CYLINDRICAL_SURFACE('',#8898,6.35);
#8898 = AXIS2_PLACEMENT_3D('',#8899,#8900,#8901);
#8899 = CARTESIAN_POINT('',(0.,6.35,1.409983241274E-15));
#8900 = DIRECTION('',(0.,1.,2.22044604925E-16));
#8901 = DIRECTION('',(1.,0.,-0.));
#8902 = DEFINITIONAL_REPRESENTATION('',(#8903),#8907);
#8903 = LINE('',#8904,#8905);
#8904 = CARTESIAN_POINT('',(6.28318530718,-6.35));
#8905 = VECTOR('',#8906,1.);
#8906 = DIRECTION('',(-1.,0.));
#8907 = ( GEOMETRIC_REPRESENTATION_CONTEXT(2) 
PARAMETRIC_REPRESENTATION_CONTEXT() REPRESENTATION_CONTEXT('2D SPACE',''
  ) );
#8908 = ADVANCED_FACE('',(#8909),#8670,.T.);
#8909 = FACE_BOUND('',#8910,.T.);
#8910 = EDGE_LOOP('',(#8911,#8912,#8933,#8934));
#8911 = ORIENTED_EDGE('',*,*,#8653,.F.);
#8912 = ORIENTED_EDGE('',*,*,#8913,.T.);
#8913 = EDGE_CURVE('',#8654,#8846,#8914,.T.);
#8914 = SEAM_CURVE('',#8915,(#8919,#8926),.PCURVE_S1.);
#8915 = LINE('',#8916,#8917);
#8916 = CARTESIAN_POINT('',(-9.525,-1.27,-1.448472724443E-15));
#8917 = VECTOR('',#8918,1.);
#8918 = DIRECTION('',(0.,1.,2.22044604925E-16));
#8919 = PCURVE('',#8670,#8920);
#8920 = DEFINITIONAL_REPRESENTATION('',(#8921),#8925);
#8921 = LINE('',#8922,#8923);
#8922 = CARTESIAN_POINT('',(-3.14159265359,0.));
#8923 = VECTOR('',#8924,1.);
#8924 = DIRECTION('',(0.,-1.));
#8925 = ( GEOMETRIC_REPRESENTATION_CONTEXT(2) 
PARAMETRIC_REPRESENTATION_CONTEXT() REPRESENTATION_CONTEXT('2D SPACE',''
  ) );
#8926 = PCURVE('',#8670,#8927);
#8927 = DEFINITIONAL_REPRESENTATION('',(#8928),#8932);
#8928 = LINE('',#8929,#8930);
#8929 = CARTESIAN_POINT('',(3.14159265359,0.));
#8930 = VECTOR('',#8931,1.);
#8931 = DIRECTION('',(0.,-1.));
#8932 = ( GEOMETRIC_REPRESENTATION_CONTEXT(2) 
PARAMETRIC_REPRESENTATION_CONTEXT() REPRESENTATION_CONTEXT('2D SPACE',''
  ) );
#8933 = ORIENTED_EDGE('',*,*,#8845,.F.);
#8934 = ORIENTED_EDGE('',*,*,#8913,.F.);
#8935 = ADVANCED_FACE('',(#8936,#8967),#8949,.T.);
#8936 = FACE_BOUND('',#8937,.T.);
#8937 = EDGE_LOOP('',(#8938));
#8938 = ORIENTED_EDGE('',*,*,#8939,.T.);
#8939 = EDGE_CURVE('',#8940,#8940,#8942,.T.);
#8940 = VERTEX_POINT('',#8941);
#8941 = CARTESIAN_POINT('',(-9.525,12.7,3.986442558736E-15));
#8942 = SURFACE_CURVE('',#8943,(#8948,#8960),.PCURVE_S1.);
#8943 = CIRCLE('',#8944,9.525);
#8944 = AXIS2_PLACEMENT_3D('',#8945,#8946,#8947);
#8945 = CARTESIAN_POINT('',(0.,12.7,2.819966482548E-15));
#8946 = DIRECTION('',(0.,-1.,-2.22044604925E-16));
#8947 = DIRECTION('',(1.,0.,0.));
#8948 = PCURVE('',#8949,#8954);
#8949 = PLANE('',#8950);
#8950 = AXIS2_PLACEMENT_3D('',#8951,#8952,#8953);
#8951 = CARTESIAN_POINT('',(0.,12.7,2.819966482548E-15));
#8952 = DIRECTION('',(0.,-1.,-2.22044604925E-16));
#8953 = DIRECTION('',(-1.,-0.,0.));
#8954 = DEFINITIONAL_REPRESENTATION('',(#8955),#8959);
#8955 = CIRCLE('',#8956,9.525);
#8956 = AXIS2_PLACEMENT_2D('',#8957,#8958);
#8957 = CARTESIAN_POINT('',(0.,0.));
#8958 = DIRECTION('',(-1.,0.));
#8959 = ( GEOMETRIC_REPRESENTATION_CONTEXT(2) 
PARAMETRIC_REPRESENTATION_CONTEXT() REPRESENTATION_CONTEXT('2D SPACE',''
  ) );
#8960 = PCURVE('',#7317,#8961);
#8961 = DEFINITIONAL_REPRESENTATION('',(#8962),#8966);
#8962 = LINE('',#8963,#8964);
#8963 = CARTESIAN_POINT('',(6.28318530718,-1.27));
#8964 = VECTOR('',#8965,1.);
#8965 = DIRECTION('',(-1.,0.));
#8966 = ( GEOMETRIC_REPRESENTATION_CONTEXT(2) 
PARAMETRIC_REPRESENTATION_CONTEXT() REPRESENTATION_CONTEXT('2D SPACE',''
  ) );
#8967 = FACE_BOUND('',#8968,.T.);
#8968 = EDGE_LOOP('',(#8969));
#8969 = ORIENTED_EDGE('',*,*,#8970,.T.);
#8970 = EDGE_CURVE('',#8971,#8971,#8973,.T.);
#8971 = VERTEX_POINT('',#8972);
#8972 = CARTESIAN_POINT('',(-6.35,12.7,3.597617200006E-15));
#8973 = SURFACE_CURVE('',#8974,(#8979,#8990),.PCURVE_S1.);
#8974 = CIRCLE('',#8975,6.35);
#8975 = AXIS2_PLACEMENT_3D('',#8976,#8977,#8978);
#8976 = CARTESIAN_POINT('',(0.,12.7,2.819966482548E-15));
#8977 = DIRECTION('',(0.,1.,2.22044604925E-16));
#8978 = DIRECTION('',(1.,0.,-0.));
#8979 = PCURVE('',#8949,#8980);
#8980 = DEFINITIONAL_REPRESENTATION('',(#8981),#8989);
#8981 = ( BOUNDED_CURVE() B_SPLINE_CURVE(2,(#8982,#8983,#8984,#8985,
#8986,#8987,#8988),.UNSPECIFIED.,.T.,.F.) B_SPLINE_CURVE_WITH_KNOTS((1,2
    ,2,2,2,1),(-2.094395102393,0.,2.094395102393,4.188790204786,
6.28318530718,8.377580409573),.UNSPECIFIED.) CURVE() 
GEOMETRIC_REPRESENTATION_ITEM() RATIONAL_B_SPLINE_CURVE((1.,0.5,1.,0.5,
1.,0.5,1.)) REPRESENTATION_ITEM('') );
#8982 = CARTESIAN_POINT('',(-6.35,0.));
#8983 = CARTESIAN_POINT('',(-6.35,10.998522628062));
#8984 = CARTESIAN_POINT('',(3.175,5.499261314031));
#8985 = CARTESIAN_POINT('',(12.7,1.555301434917E-15));
#8986 = CARTESIAN_POINT('',(3.175,-5.499261314031));
#8987 = CARTESIAN_POINT('',(-6.35,-10.99852262806));
#8988 = CARTESIAN_POINT('',(-6.35,0.));
#8989 = ( GEOMETRIC_REPRESENTATION_CONTEXT(2) 
PARAMETRIC_REPRESENTATION_CONTEXT() REPRESENTATION_CONTEXT('2D SPACE',''
  ) );
#8990 = PCURVE('',#8897,#8991);
#8991 = DEFINITIONAL_REPRESENTATION('',(#8992),#8996);
#8992 = LINE('',#8993,#8994);
#8993 = CARTESIAN_POINT('',(-6.28318530718,6.35));
#8994 = VECTOR('',#8995,1.);
#8995 = DIRECTION('',(1.,0.));
#8996 = ( GEOMETRIC_REPRESENTATION_CONTEXT(2) 
PARAMETRIC_REPRESENTATION_CONTEXT() REPRESENTATION_CONTEXT('2D SPACE',''
  ) );
#8997 = ADVANCED_FACE('',(#8998),#7317,.T.);
#8998 = FACE_BOUND('',#8999,.T.);
#8999 = EDGE_LOOP('',(#9000,#9001,#9022,#9023));
#9000 = ORIENTED_EDGE('',*,*,#7296,.F.);
#9001 = ORIENTED_EDGE('',*,*,#9002,.T.);
#9002 = EDGE_CURVE('',#7297,#8940,#9003,.T.);
#9003 = SEAM_CURVE('',#9004,(#9008,#9015),.PCURVE_S1.);
#9004 = LINE('',#9005,#9006);
#9005 = CARTESIAN_POINT('',(-9.525,13.97,4.268439206991E-15));
#9006 = VECTOR('',#9007,1.);
#9007 = DIRECTION('',(0.,-1.,-2.22044604925E-16));
#9008 = PCURVE('',#7317,#9009);
#9009 = DEFINITIONAL_REPRESENTATION('',(#9010),#9014);
#9010 = LINE('',#9011,#9012);
#9011 = CARTESIAN_POINT('',(-3.14159265359,0.));
#9012 = VECTOR('',#9013,1.);
#9013 = DIRECTION('',(0.,-1.));
#9014 = ( GEOMETRIC_REPRESENTATION_CONTEXT(2) 
PARAMETRIC_REPRESENTATION_CONTEXT() REPRESENTATION_CONTEXT('2D SPACE',''
  ) );
#9015 = PCURVE('',#7317,#9016);
#9016 = DEFINITIONAL_REPRESENTATION('',(#9017),#9021);
#9017 = LINE('',#9018,#9019);
#9018 = CARTESIAN_POINT('',(3.14159265359,0.));
#9019 = VECTOR('',#9020,1.);
#9020 = DIRECTION('',(0.,-1.));
#9021 = ( GEOMETRIC_REPRESENTATION_CONTEXT(2) 
PARAMETRIC_REPRESENTATION_CONTEXT() REPRESENTATION_CONTEXT('2D SPACE',''
  ) );
#9022 = ORIENTED_EDGE('',*,*,#8939,.F.);
#9023 = ORIENTED_EDGE('',*,*,#9002,.F.);
#9024 = ADVANCED_FACE('',(#9025),#8897,.T.);
#9025 = FACE_BOUND('',#9026,.T.);
#9026 = EDGE_LOOP('',(#9027,#9028,#9049,#9050));
#9027 = ORIENTED_EDGE('',*,*,#8970,.F.);
#9028 = ORIENTED_EDGE('',*,*,#9029,.T.);
#9029 = EDGE_CURVE('',#8971,#8877,#9030,.T.);
#9030 = SEAM_CURVE('',#9031,(#9035,#9042),.PCURVE_S1.);
#9031 = LINE('',#9032,#9033);
#9032 = CARTESIAN_POINT('',(-6.35,6.35,2.187633958733E-15));
#9033 = VECTOR('',#9034,1.);
#9034 = DIRECTION('',(0.,-1.,-2.22044604925E-16));
#9035 = PCURVE('',#8897,#9036);
#9036 = DEFINITIONAL_REPRESENTATION('',(#9037),#9041);
#9037 = LINE('',#9038,#9039);
#9038 = CARTESIAN_POINT('',(-3.14159265359,0.));
#9039 = VECTOR('',#9040,1.);
#9040 = DIRECTION('',(0.,-1.));
#9041 = ( GEOMETRIC_REPRESENTATION_CONTEXT(2) 
PARAMETRIC_REPRESENTATION_CONTEXT() REPRESENTATION_CONTEXT('2D SPACE',''
  ) );
#9042 = PCURVE('',#8897,#9043);
#9043 = DEFINITIONAL_REPRESENTATION('',(#9044),#9048);
#9044 = LINE('',#9045,#9046);
#9045 = CARTESIAN_POINT('',(3.14159265359,0.));
#9046 = VECTOR('',#9047,1.);
#9047 = DIRECTION('',(0.,-1.));
#9048 = ( GEOMETRIC_REPRESENTATION_CONTEXT(2) 
PARAMETRIC_REPRESENTATION_CONTEXT() REPRESENTATION_CONTEXT('2D SPACE',''
  ) );
#9049 = ORIENTED_EDGE('',*,*,#8876,.F.);
#9050 = ORIENTED_EDGE('',*,*,#9029,.F.);
#9051 = ( GEOMETRIC_REPRESENTATION_CONTEXT(3) 
GLOBAL_UNCERTAINTY_ASSIGNED_CONTEXT((#9055)) 
GLOBAL_UNIT_ASSIGNED_CONTEXT((#9052,#9053,#9054)) REPRESENTATION_CONTEXT
('Context #1','3D Context with UNIT and UNCERTAINTY') );
#9052 = ( LENGTH_UNIT() NAMED_UNIT(*) SI_UNIT(.MILLI.,.METRE.) );
#9053 = ( NAMED_UNIT(*) PLANE_ANGLE_UNIT() SI_UNIT($,.RADIAN.) );
#9054 = ( NAMED_UNIT(*) SI_UNIT($,.STERADIAN.) SOLID_ANGLE_UNIT() );
#9055 = UNCERTAINTY_MEASURE_WITH_UNIT(LENGTH_MEASURE(1.E-07),#9052,
  'distance_accuracy_value','confusion accuracy');
#9056 = CONTEXT_DEPENDENT_SHAPE_REPRESENTATION(#9057,#9059);
#9057 = ( REPRESENTATION_RELATIONSHIP('','',#6128,#10) 
REPRESENTATION_RELATIONSHIP_WITH_TRANSFORMATION(#9058) 
SHAPE_REPRESENTATION_RELATIONSHIP() );
#9058 = ITEM_DEFINED_TRANSFORMATION('','',#11,#23);
#9059 = PRODUCT_DEFINITION_SHAPE('Placement','Placement of an item',
  #9060);
#9060 = NEXT_ASSEMBLY_USAGE_OCCURRENCE('3','','',#5,#6123,$);
#9061 = PRODUCT_RELATED_PRODUCT_CATEGORY('part',$,(#6125));
#9062 = SHAPE_DEFINITION_REPRESENTATION(#9063,#9069);
#9063 = PRODUCT_DEFINITION_SHAPE('','',#9064);
#9064 = PRODUCT_DEFINITION('design','',#9065,#9068);
#9065 = PRODUCT_DEFINITION_FORMATION('','',#9066);
#9066 = PRODUCT('Open CASCADE STEP translator 7.9 1.4',
  'Open CASCADE STEP translator 7.9 1.4','',(#9067));
#9067 = PRODUCT_CONTEXT('',#2,'mechanical');
#9068 = PRODUCT_DEFINITION_CONTEXT('part definition',#2,'design');
#9069 = ADVANCED_BREP_SHAPE_REPRESENTATION('',(#11,#9070),#12808);
#9070 = MANIFOLD_SOLID_BREP('',#9071);
#9071 = CLOSED_SHELL('',(#9072,#9756,#10111,#10283,#10333,#10508,#10779,
    #10829,#10885,#11156,#11212,#11284,#11559,#11631,#11824,#11958,
    #12210,#12298,#12461,#12490,#12519,#12598,#12629,#12708,#12738,
    #12794,#12801));
#9072 = ADVANCED_FACE('',(#9073,#9696),#9088,.F.);
#9073 = FACE_BOUND('',#9074,.F.);
#9074 = EDGE_LOOP('',(#9075,#9154,#9182,#9254,#9282,#9310,#9339,#9362,
    #9390,#9462,#9490,#9562,#9590,#9618,#9647,#9670));
#9075 = ORIENTED_EDGE('',*,*,#9076,.F.);
#9076 = EDGE_CURVE('',#9077,#9079,#9081,.T.);
#9077 = VERTEX_POINT('',#9078);
#9078 = CARTESIAN_POINT('',(30.103838651773,6.35,-31.7930368065));
#9079 = VERTEX_POINT('',#9080);
#9080 = CARTESIAN_POINT('',(29.226199665103,6.35,-25.60280479201));
#9081 = SURFACE_CURVE('',#9082,(#9087,#9099),.PCURVE_S1.);
#9082 = CIRCLE('',#9083,5.08);
#9083 = AXIS2_PLACEMENT_3D('',#9084,#9085,#9086);
#9084 = CARTESIAN_POINT('',(33.629630580851,6.35,-28.13582594673));
#9085 = DIRECTION('',(1.314079632032E-16,1.,5.172864927124E-18));
#9086 = DIRECTION('',(-0.498626211558,7.000738268404E-17,-0.866817109399
    ));
#9087 = PCURVE('',#9088,#9093);
#9088 = PLANE('',#9089);
#9089 = AXIS2_PLACEMENT_3D('',#9090,#9091,#9092);
#9090 = CARTESIAN_POINT('',(2.506867455357E-08,6.35,-4.334085145292E-08)
  );
#9091 = DIRECTION('',(1.314079632032E-16,1.,5.172864927124E-18));
#9092 = DIRECTION('',(-0.498626211558,7.000738268404E-17,-0.866817109399
    ));
#9093 = DEFINITIONAL_REPRESENTATION('',(#9094),#9098);
#9094 = CIRCLE('',#9095,5.08);
#9095 = AXIS2_PLACEMENT_2D('',#9096,#9097);
#9096 = CARTESIAN_POINT('',(7.62,-43.17999942779));
#9097 = DIRECTION('',(1.,0.));
#9098 = ( GEOMETRIC_REPRESENTATION_CONTEXT(2) 
PARAMETRIC_REPRESENTATION_CONTEXT() REPRESENTATION_CONTEXT('2D SPACE',''
  ) );
#9099 = PCURVE('',#9100,#9126);
#9100 = ( BOUNDED_SURFACE() B_SPLINE_SURFACE(2,2,(
    (#9101,#9102,#9103,#9104,#9105)
    ,(#9106,#9107,#9108,#9109,#9110)
    ,(#9111,#9112,#9113,#9114,#9115)
    ,(#9116,#9117,#9118,#9119,#9120)
    ,(#9121,#9122,#9123,#9124,#9125
)),.UNSPECIFIED.,.F.,.F.,.F.) B_SPLINE_SURFACE_WITH_KNOTS((3,1,1,3),(3,1
    ,1,3),(-2.470582960407,-1.570796326795,-1.70478435972E-15,
    1.272490460496),(-2.588788695192,-1.570796326795,-9.965781480887E-15
,1.017992368397),.UNSPECIFIED.) GEOMETRIC_REPRESENTATION_ITEM() 
RATIONAL_B_SPLINE_SURFACE((
    (1.,1.189816500345,0.707106781187,1.189816500345,1.)
    ,(1.167775668219,1.389438758749,0.825742093902,1.389438758749
      ,1.167775668219)
    ,(0.707106781187,0.841327315762,0.5,0.841327315762,0.707106781187)
    ,(1.237270625432,1.472125005531,0.874882449406,1.472125005531
      ,1.237270625432)
    ,(1.,1.189816500345,0.707106781187,1.189816500345,1.
))) REPRESENTATION_ITEM('') SURFACE() );
#9101 = CARTESIAN_POINT('',(33.963418275607,13.310540686978,
    -17.367573576));
#9102 = CARTESIAN_POINT('',(28.628333405528,12.760562936651,
    -26.64214185637));
#9103 = CARTESIAN_POINT('',(32.128139959706,10.899871132594,
    -20.55804091978));
#9104 = CARTESIAN_POINT('',(33.055929664841,3.880973062152,
    -18.94516142871));
#9105 = CARTESIAN_POINT('',(33.330162986928,14.580540686978,
    -18.46843130494));
#9106 = CARTESIAN_POINT('',(33.963418275607,6.842012369107,-17.367573576
    ));
#9107 = CARTESIAN_POINT('',(29.764966055443,6.842012369107,
    -24.6662075689));
#9108 = CARTESIAN_POINT('',(30.10478521743,6.842012369107,-24.0754623235
    ));
#9109 = CARTESIAN_POINT('',(30.10478521743,6.160501541739,-24.0754623235
    ));
#9110 = CARTESIAN_POINT('',(30.10478521743,14.580540686978,
    -24.0754623235));
#9111 = CARTESIAN_POINT('',(33.963418275607,-6.388910338825E-14,
    -17.367573576));
#9112 = CARTESIAN_POINT('',(31.078945645734,-1.018229326196E-14,
    -22.38197147408));
#9113 = CARTESIAN_POINT('',(26.693178510387,7.147754304807E-14,
    -30.00623570776));
#9114 = CARTESIAN_POINT('',(26.693178510387,8.795701135808,
    -30.00623570776));
#9115 = CARTESIAN_POINT('',(26.693178510387,14.580540686978,
    -30.00623570776));
#9116 = CARTESIAN_POINT('',(40.405515497875,-7.771028075828E-14,
    -21.07331322696));
#9117 = CARTESIAN_POINT('',(37.521042868002,-2.4003470632E-14,
    -26.08771112504));
#9118 = CARTESIAN_POINT('',(33.135275732655,5.765636567803E-14,
    -33.71197535872));
#9119 = CARTESIAN_POINT('',(33.135275732655,8.795701135808,
    -33.71197535872));
#9120 = CARTESIAN_POINT('',(33.135275732655,14.580540686978,
    -33.71197535872));
#9121 = CARTESIAN_POINT('',(45.501222678432,-8.864284981743E-14,
    -24.00455805254));
#9122 = CARTESIAN_POINT('',(42.616750048559,-3.493603969115E-14,
    -29.01895595062));
#9123 = CARTESIAN_POINT('',(38.230982913212,4.672379661888E-14,
    -36.6432201843));
#9124 = CARTESIAN_POINT('',(38.230982913212,8.795701135808,
    -36.6432201843));
#9125 = CARTESIAN_POINT('',(38.230982913212,14.580540686978,
    -36.6432201843));
#9126 = DEFINITIONAL_REPRESENTATION('',(#9127),#9153);
#9127 = B_SPLINE_CURVE_WITH_KNOTS('',3,(#9128,#9129,#9130,#9131,#9132,
    #9133,#9134,#9135,#9136,#9137,#9138,#9139,#9140,#9141,#9142,#9143,
    #9144,#9145,#9146,#9147,#9148,#9149,#9150,#9151,#9152),
  .UNSPECIFIED.,.F.,.F.,(4,1,1,1,1,1,1,1,1,1,1,1,1,1,1,1,1,1,1,1,1,1,4),
  (0.,7.139983303613E-02,0.142799666072,0.214199499108,0.285599332145,
    0.356999165181,0.428398998217,0.499798831253,0.571198664289,
    0.642598497325,0.713998330361,0.785398163397,0.856797996434,
    0.92819782947,0.999597662506,1.070997495542,1.142397328578,
    1.213797161614,1.28519699465,1.356596827687,1.427996660723,
    1.499396493759,1.570796326795),.QUASI_UNIFORM_KNOTS.);
#9128 = CARTESIAN_POINT('',(-1.70478435972E-15,-9.965781480887E-15));
#9129 = CARTESIAN_POINT('',(-2.643304852828E-02,-9.965781480887E-15));
#9130 = CARTESIAN_POINT('',(-7.852521262872E-02,-9.965781480887E-15));
#9131 = CARTESIAN_POINT('',(-0.154606454553,-9.965781480887E-15));
#9132 = CARTESIAN_POINT('',(-0.228904158181,-9.965781480887E-15));
#9133 = CARTESIAN_POINT('',(-0.301661439934,-9.965781480887E-15));
#9134 = CARTESIAN_POINT('',(-0.373106106239,-9.965781480887E-15));
#9135 = CARTESIAN_POINT('',(-0.443450603945,-9.965781480887E-15));
#9136 = CARTESIAN_POINT('',(-0.512895531033,-9.965781480887E-15));
#9137 = CARTESIAN_POINT('',(-0.581631810168,-9.965781480887E-15));
#9138 = CARTESIAN_POINT('',(-0.649842920765,-9.965781480887E-15));
#9139 = CARTESIAN_POINT('',(-0.717706886775,-9.965781480887E-15));
#9140 = CARTESIAN_POINT('',(-0.785398163397,-9.965781480887E-15));
#9141 = CARTESIAN_POINT('',(-0.85308944002,-9.965781480887E-15));
#9142 = CARTESIAN_POINT('',(-0.92095340603,-9.965781480887E-15));
#9143 = CARTESIAN_POINT('',(-0.989164516627,-9.965781480887E-15));
#9144 = CARTESIAN_POINT('',(-1.057900795762,-9.965781480887E-15));
#9145 = CARTESIAN_POINT('',(-1.12734572285,-9.965781480887E-15));
#9146 = CARTESIAN_POINT('',(-1.197690220556,-9.965781480887E-15));
#9147 = CARTESIAN_POINT('',(-1.269134886861,-9.965781480887E-15));
#9148 = CARTESIAN_POINT('',(-1.341892168614,-9.965781480887E-15));
#9149 = CARTESIAN_POINT('',(-1.416189872242,-9.965781480887E-15));
#9150 = CARTESIAN_POINT('',(-1.492271114166,-9.965781480887E-15));
#9151 = CARTESIAN_POINT('',(-1.544363278267,-9.965781480887E-15));
#9152 = CARTESIAN_POINT('',(-1.570796326795,-9.965781480887E-15));
#9153 = ( GEOMETRIC_REPRESENTATION_CONTEXT(2) 
PARAMETRIC_REPRESENTATION_CONTEXT() REPRESENTATION_CONTEXT('2D SPACE',''
  ) );
#9154 = ORIENTED_EDGE('',*,*,#9155,.F.);
#9155 = EDGE_CURVE('',#9156,#9077,#9158,.T.);
#9156 = VERTEX_POINT('',#9157);
#9157 = CARTESIAN_POINT('',(-42.61754671627,6.35,10.039073441614));
#9158 = SURFACE_CURVE('',#9159,(#9163,#9170),.PCURVE_S1.);
#9159 = LINE('',#9160,#9161);
#9160 = CARTESIAN_POINT('',(-43.6860163201,6.35,10.653697847324));
#9161 = VECTOR('',#9162,1.);
#9162 = DIRECTION('',(0.866817109399,-1.113273447743E-16,-0.498626211558
    ));
#9163 = PCURVE('',#9088,#9164);
#9164 = DEFINITIONAL_REPRESENTATION('',(#9165),#9169);
#9165 = LINE('',#9166,#9167);
#9166 = CARTESIAN_POINT('',(12.548185218272,43.179999427795));
#9167 = VECTOR('',#9168,1.);
#9168 = DIRECTION('',(0.,-1.));
#9169 = ( GEOMETRIC_REPRESENTATION_CONTEXT(2) 
PARAMETRIC_REPRESENTATION_CONTEXT() REPRESENTATION_CONTEXT('2D SPACE',''
  ) );
#9170 = PCURVE('',#9171,#9176);
#9171 = CYLINDRICAL_SURFACE('',#9172,0.15);
#9172 = AXIS2_PLACEMENT_3D('',#9173,#9174,#9175);
#9173 = CARTESIAN_POINT('',(-43.6860163201,6.5,10.653697847324));
#9174 = DIRECTION('',(0.866817109399,-1.113273447743E-16,-0.498626211558
    ));
#9175 = DIRECTION('',(-1.314079632032E-16,-1.,-5.172864927124E-18));
#9176 = DEFINITIONAL_REPRESENTATION('',(#9177),#9181);
#9177 = LINE('',#9178,#9179);
#9178 = CARTESIAN_POINT('',(0.,0.));
#9179 = VECTOR('',#9180,1.);
#9180 = DIRECTION('',(0.,1.));
#9181 = ( GEOMETRIC_REPRESENTATION_CONTEXT(2) 
PARAMETRIC_REPRESENTATION_CONTEXT() REPRESENTATION_CONTEXT('2D SPACE',''
  ) );
#9182 = ORIENTED_EDGE('',*,*,#9183,.F.);
#9183 = EDGE_CURVE('',#9184,#9156,#9186,.T.);
#9184 = VERTEX_POINT('',#9185);
#9185 = CARTESIAN_POINT('',(-36.82526307911,6.35,12.392511958094));
#9186 = SURFACE_CURVE('',#9187,(#9192,#9199),.PCURVE_S1.);
#9187 = CIRCLE('',#9188,5.08);
#9188 = AXIS2_PLACEMENT_3D('',#9189,#9190,#9191);
#9189 = CARTESIAN_POINT('',(-41.22869399486,6.35,14.92553311281));
#9190 = DIRECTION('',(1.314079632032E-16,1.,5.172864927124E-18));
#9191 = DIRECTION('',(-0.498626211558,7.000738268404E-17,-0.866817109399
    ));
#9192 = PCURVE('',#9088,#9193);
#9193 = DEFINITIONAL_REPRESENTATION('',(#9194),#9198);
#9194 = CIRCLE('',#9195,5.08);
#9195 = AXIS2_PLACEMENT_2D('',#9196,#9197);
#9196 = CARTESIAN_POINT('',(7.62,43.179999427795));
#9197 = DIRECTION('',(1.,0.));
#9198 = ( GEOMETRIC_REPRESENTATION_CONTEXT(2) 
PARAMETRIC_REPRESENTATION_CONTEXT() REPRESENTATION_CONTEXT('2D SPACE',''
  ) );
#9199 = PCURVE('',#9200,#9226);
#9200 = ( BOUNDED_SURFACE() B_SPLINE_SURFACE(2,2,(
    (#9201,#9202,#9203,#9204,#9205)
    ,(#9206,#9207,#9208,#9209,#9210)
    ,(#9211,#9212,#9213,#9214,#9215)
    ,(#9216,#9217,#9218,#9219,#9220)
    ,(#9221,#9222,#9223,#9224,#9225
)),.UNSPECIFIED.,.F.,.F.,.F.) B_SPLINE_SURFACE_WITH_KNOTS((3,1,1,3),(3,1
    ,1,3),(-2.470582960407,-1.570796326795,1.789481336941E-15,
    1.272490460496),(-4.159585021987,-3.14159265359,-1.570796326795,
-0.552803958398),.UNSPECIFIED.) GEOMETRIC_REPRESENTATION_ITEM() 
RATIONAL_B_SPLINE_SURFACE((
    (1.,1.189816500345,0.707106781187,1.189816500345,1.)
    ,(1.167775668219,1.389438758749,0.825742093902,1.389438758749
      ,1.167775668219)
    ,(0.707106781187,0.841327315762,0.5,0.841327315762,0.707106781187)
    ,(1.237270625432,1.472125005531,0.874882449406,1.472125005531
      ,1.237270625432)
    ,(1.,1.189816500345,0.707106781187,1.189816500345,1.
))) REPRESENTATION_ITEM('') SURFACE() );
#9201 = CARTESIAN_POINT('',(-32.72129975729,14.580540686978,
    19.526885445172));
#9202 = CARTESIAN_POINT('',(-32.99553307937,3.880973062152,19.0501553214
    ));
#9203 = CARTESIAN_POINT('',(-33.92332278451,10.899871132594,
    17.437275830324));
#9204 = CARTESIAN_POINT('',(-37.42312933869,12.760562936651,
    11.353174893737));
#9205 = CARTESIAN_POINT('',(-32.08804446861,13.310540686978,
    20.627743174109));
#9206 = CARTESIAN_POINT('',(-35.94667752678,14.580540686978,
    13.919854426609));
#9207 = CARTESIAN_POINT('',(-35.94667752678,6.160501541739,
    13.919854426609));
#9208 = CARTESIAN_POINT('',(-35.94667752678,6.842012369107,
    13.919854426609));
#9209 = CARTESIAN_POINT('',(-36.28649668877,6.842012369107,
    13.329109181205));
#9210 = CARTESIAN_POINT('',(-32.08804446861,6.842012369107,
    20.627743174109));
#9211 = CARTESIAN_POINT('',(-39.35828423383,14.580540686978,
    7.989081042346));
#9212 = CARTESIAN_POINT('',(-39.35828423383,8.795701135808,
    7.989081042346));
#9213 = CARTESIAN_POINT('',(-39.35828423383,9.661403196184E-14,
    7.989081042346));
#9214 = CARTESIAN_POINT('',(-34.97251709848,-5.578576281433E-14,
    15.613345276026));
#9215 = CARTESIAN_POINT('',(-32.08804446861,-1.560174949752E-13,
    20.627743174109));
#9216 = CARTESIAN_POINT('',(-45.80038145609,14.580540686978,
    11.694820693305));
#9217 = CARTESIAN_POINT('',(-45.80038145609,8.795701135808,
    11.694820693305));
#9218 = CARTESIAN_POINT('',(-45.80038145609,1.104352093319E-13,
    11.694820693305));
#9219 = CARTESIAN_POINT('',(-41.41461432075,-4.19645854443E-14,
    19.319084926985));
#9220 = CARTESIAN_POINT('',(-38.53014169087,-1.421963176052E-13,
    24.333482825068));
#9221 = CARTESIAN_POINT('',(-50.89608863665,14.580540686978,
    14.626065518887));
#9222 = CARTESIAN_POINT('',(-50.89608863665,8.795701135808,
    14.626065518887));
#9223 = CARTESIAN_POINT('',(-50.89608863665,1.21367778391E-13,
    14.626065518887));
#9224 = CARTESIAN_POINT('',(-46.5103215013,-3.103201638514E-14,
    22.250329752566));
#9225 = CARTESIAN_POINT('',(-43.62584887143,-1.31263748546E-13,
    27.264727650649));
#9226 = DEFINITIONAL_REPRESENTATION('',(#9227),#9253);
#9227 = B_SPLINE_CURVE_WITH_KNOTS('',3,(#9228,#9229,#9230,#9231,#9232,
    #9233,#9234,#9235,#9236,#9237,#9238,#9239,#9240,#9241,#9242,#9243,
    #9244,#9245,#9246,#9247,#9248,#9249,#9250,#9251,#9252),
  .UNSPECIFIED.,.F.,.F.,(4,1,1,1,1,1,1,1,1,1,1,1,1,1,1,1,1,1,1,1,1,1,4),
  (4.712388980385,4.783788813421,4.855188646457,4.926588479493,
    4.997988312529,5.069388145565,5.140787978601,5.212187811638,
    5.283587644674,5.35498747771,5.426387310746,5.497787143782,
    5.569186976818,5.640586809854,5.711986642891,5.783386475927,
    5.854786308963,5.926186141999,5.997585975035,6.068985808071,
    6.140385641107,6.211785474143,6.28318530718),.QUASI_UNIFORM_KNOTS.);
#9228 = CARTESIAN_POINT('',(-1.570796326795,-3.14159265359));
#9229 = CARTESIAN_POINT('',(-1.544363278267,-3.14159265359));
#9230 = CARTESIAN_POINT('',(-1.492271114166,-3.14159265359));
#9231 = CARTESIAN_POINT('',(-1.416189872242,-3.14159265359));
#9232 = CARTESIAN_POINT('',(-1.341892168614,-3.14159265359));
#9233 = CARTESIAN_POINT('',(-1.269134886861,-3.14159265359));
#9234 = CARTESIAN_POINT('',(-1.197690220556,-3.14159265359));
#9235 = CARTESIAN_POINT('',(-1.12734572285,-3.14159265359));
#9236 = CARTESIAN_POINT('',(-1.057900795762,-3.14159265359));
#9237 = CARTESIAN_POINT('',(-0.989164516627,-3.14159265359));
#9238 = CARTESIAN_POINT('',(-0.92095340603,-3.14159265359));
#9239 = CARTESIAN_POINT('',(-0.85308944002,-3.14159265359));
#9240 = CARTESIAN_POINT('',(-0.785398163397,-3.14159265359));
#9241 = CARTESIAN_POINT('',(-0.717706886775,-3.14159265359));
#9242 = CARTESIAN_POINT('',(-0.649842920765,-3.14159265359));
#9243 = CARTESIAN_POINT('',(-0.581631810168,-3.14159265359));
#9244 = CARTESIAN_POINT('',(-0.512895531033,-3.14159265359));
#9245 = CARTESIAN_POINT('',(-0.443450603945,-3.14159265359));
#9246 = CARTESIAN_POINT('',(-0.373106106239,-3.14159265359));
#9247 = CARTESIAN_POINT('',(-0.301661439934,-3.14159265359));
#9248 = CARTESIAN_POINT('',(-0.228904158181,-3.14159265359));
#9249 = CARTESIAN_POINT('',(-0.154606454553,-3.14159265359));
#9250 = CARTESIAN_POINT('',(-7.852521262872E-02,-3.14159265359));
#9251 = CARTESIAN_POINT('',(-2.643304852828E-02,-3.14159265359));
#9252 = CARTESIAN_POINT('',(1.789481336941E-15,-3.14159265359));
#9253 = ( GEOMETRIC_REPRESENTATION_CONTEXT(2) 
PARAMETRIC_REPRESENTATION_CONTEXT() REPRESENTATION_CONTEXT('2D SPACE',''
  ) );
#9254 = ORIENTED_EDGE('',*,*,#9255,.T.);
#9255 = EDGE_CURVE('',#9184,#9256,#9258,.T.);
#9256 = VERTEX_POINT('',#9257);
#9257 = CARTESIAN_POINT('',(-34.60886956873,6.35,16.245514009373));
#9258 = SURFACE_CURVE('',#9259,(#9263,#9270),.PCURVE_S1.);
#9259 = LINE('',#9260,#9261);
#9260 = CARTESIAN_POINT('',(-33.02573134704,6.35,18.997658331715));
#9261 = VECTOR('',#9262,1.);
#9262 = DIRECTION('',(0.498626211558,-7.000738268404E-17,0.866817109399)
  );
#9263 = PCURVE('',#9088,#9264);
#9264 = DEFINITIONAL_REPRESENTATION('',(#9265),#9269);
#9265 = LINE('',#9266,#9267);
#9266 = CARTESIAN_POINT('',(0.,38.099999427795));
#9267 = VECTOR('',#9268,1.);
#9268 = DIRECTION('',(-1.,0.));
#9269 = ( GEOMETRIC_REPRESENTATION_CONTEXT(2) 
PARAMETRIC_REPRESENTATION_CONTEXT() REPRESENTATION_CONTEXT('2D SPACE',''
  ) );
#9270 = PCURVE('',#9271,#9276);
#9271 = PLANE('',#9272);
#9272 = AXIS2_PLACEMENT_3D('',#9273,#9274,#9275);
#9273 = CARTESIAN_POINT('',(-39.35828423383,2.666998141046E-14,
    7.989081042346));
#9274 = DIRECTION('',(-0.866817109399,1.113273447743E-16,0.498626211558)
  );
#9275 = DIRECTION('',(0.498626211558,-7.000738268404E-17,0.866817109399)
  );
#9276 = DEFINITIONAL_REPRESENTATION('',(#9277),#9281);
#9277 = LINE('',#9278,#9279);
#9278 = CARTESIAN_POINT('',(12.7,6.35));
#9279 = VECTOR('',#9280,1.);
#9280 = DIRECTION('',(1.,2.234078735489E-32));
#9281 = ( GEOMETRIC_REPRESENTATION_CONTEXT(2) 
PARAMETRIC_REPRESENTATION_CONTEXT() REPRESENTATION_CONTEXT('2D SPACE',''
  ) );
#9282 = ORIENTED_EDGE('',*,*,#9283,.F.);
#9283 = EDGE_CURVE('',#9284,#9256,#9286,.T.);
#9284 = VERTEX_POINT('',#9285);
#9285 = CARTESIAN_POINT('',(-23.60029277536,6.35,9.912961407898));
#9286 = SURFACE_CURVE('',#9287,(#9291,#9298),.PCURVE_S1.);
#9287 = LINE('',#9288,#9289);
#9288 = CARTESIAN_POINT('',(-166.7117975371,6.35,92.236148936176));
#9289 = VECTOR('',#9290,1.);
#9290 = DIRECTION('',(-0.866817109399,-3.324928831195E-16,0.498626211558
    ));
#9291 = PCURVE('',#9088,#9292);
#9292 = DEFINITIONAL_REPRESENTATION('',(#9293),#9297);
#9293 = LINE('',#9294,#9295);
#9294 = CARTESIAN_POINT('',(3.175,190.5));
#9295 = VECTOR('',#9296,1.);
#9296 = DIRECTION('',(0.,1.));
#9297 = ( GEOMETRIC_REPRESENTATION_CONTEXT(2) 
PARAMETRIC_REPRESENTATION_CONTEXT() REPRESENTATION_CONTEXT('2D SPACE',''
  ) );
#9298 = PCURVE('',#9299,#9304);
#9299 = CYLINDRICAL_SURFACE('',#9300,3.175);
#9300 = AXIS2_PLACEMENT_3D('',#9301,#9302,#9303);
#9301 = CARTESIAN_POINT('',(-165.1286593154,6.35,94.988293258518));
#9302 = DIRECTION('',(0.866817109399,3.324928831195E-16,-0.498626211558)
  );
#9303 = DIRECTION('',(-0.498626211558,1.924720625988E-16,-0.866817109399
    ));
#9304 = DEFINITIONAL_REPRESENTATION('',(#9305),#9309);
#9305 = LINE('',#9306,#9307);
#9306 = CARTESIAN_POINT('',(6.28318530718,0.));
#9307 = VECTOR('',#9308,1.);
#9308 = DIRECTION('',(0.,-1.));
#9309 = ( GEOMETRIC_REPRESENTATION_CONTEXT(2) 
PARAMETRIC_REPRESENTATION_CONTEXT() REPRESENTATION_CONTEXT('2D SPACE',''
  ) );
#9310 = ORIENTED_EDGE('',*,*,#9311,.F.);
#9311 = EDGE_CURVE('',#9312,#9284,#9314,.T.);
#9312 = VERTEX_POINT('',#9313);
#9313 = CARTESIAN_POINT('',(-20.43401633197,6.35,15.417250052582));
#9314 = SURFACE_CURVE('',#9315,(#9320,#9327),.PCURVE_S1.);
#9315 = CIRCLE('',#9316,3.175);
#9316 = AXIS2_PLACEMENT_3D('',#9317,#9318,#9319);
#9317 = CARTESIAN_POINT('',(-22.01715455366,6.35,12.66510573024));
#9318 = DIRECTION('',(1.314079632032E-16,1.,5.172864927124E-18));
#9319 = DIRECTION('',(-0.498626211558,7.000738268404E-17,-0.866817109399
    ));
#9320 = PCURVE('',#9088,#9321);
#9321 = DEFINITIONAL_REPRESENTATION('',(#9322),#9326);
#9322 = CIRCLE('',#9323,3.175);
#9323 = AXIS2_PLACEMENT_2D('',#9324,#9325);
#9324 = CARTESIAN_POINT('',(2.84217094304E-14,25.4));
#9325 = DIRECTION('',(1.,2.22044604925E-16));
#9326 = ( GEOMETRIC_REPRESENTATION_CONTEXT(2) 
PARAMETRIC_REPRESENTATION_CONTEXT() REPRESENTATION_CONTEXT('2D SPACE',''
  ) );
#9327 = PCURVE('',#9328,#9333);
#9328 = CYLINDRICAL_SURFACE('',#9329,3.175);
#9329 = AXIS2_PLACEMENT_3D('',#9330,#9331,#9332);
#9330 = CARTESIAN_POINT('',(-22.01715455366,12.7,12.66510573024));
#9331 = DIRECTION('',(-1.488825900985E-16,-1.,-3.555094217636E-17));
#9332 = DIRECTION('',(-0.498626211558,1.050529268015E-16,-0.866817109399
    ));
#9333 = DEFINITIONAL_REPRESENTATION('',(#9334),#9338);
#9334 = LINE('',#9335,#9336);
#9335 = CARTESIAN_POINT('',(12.566370614359,6.35));
#9336 = VECTOR('',#9337,1.);
#9337 = DIRECTION('',(-1.,0.));
#9338 = ( GEOMETRIC_REPRESENTATION_CONTEXT(2) 
PARAMETRIC_REPRESENTATION_CONTEXT() REPRESENTATION_CONTEXT('2D SPACE',''
  ) );
#9339 = ORIENTED_EDGE('',*,*,#9340,.F.);
#9340 = EDGE_CURVE('',#9341,#9312,#9343,.T.);
#9341 = VERTEX_POINT('',#9342);
#9342 = CARTESIAN_POINT('',(-31.44259312534,6.35,21.749802654057));
#9343 = SURFACE_CURVE('',#9344,(#9348,#9355),.PCURVE_S1.);
#9344 = LINE('',#9345,#9346);
#9345 = CARTESIAN_POINT('',(-163.5455210937,6.35,97.74043758086));
#9346 = VECTOR('',#9347,1.);
#9347 = DIRECTION('',(0.866817109399,3.324928831195E-16,-0.498626211558)
  );
#9348 = PCURVE('',#9088,#9349);
#9349 = DEFINITIONAL_REPRESENTATION('',(#9350),#9354);
#9350 = LINE('',#9351,#9352);
#9351 = CARTESIAN_POINT('',(-3.175,190.5));
#9352 = VECTOR('',#9353,1.);
#9353 = DIRECTION('',(0.,-1.));
#9354 = ( GEOMETRIC_REPRESENTATION_CONTEXT(2) 
PARAMETRIC_REPRESENTATION_CONTEXT() REPRESENTATION_CONTEXT('2D SPACE',''
  ) );
#9355 = PCURVE('',#9299,#9356);
#9356 = DEFINITIONAL_REPRESENTATION('',(#9357),#9361);
#9357 = LINE('',#9358,#9359);
#9358 = CARTESIAN_POINT('',(9.424777960769,0.));
#9359 = VECTOR('',#9360,1.);
#9360 = DIRECTION('',(0.,1.));
#9361 = ( GEOMETRIC_REPRESENTATION_CONTEXT(2) 
PARAMETRIC_REPRESENTATION_CONTEXT() REPRESENTATION_CONTEXT('2D SPACE',''
  ) );
#9362 = ORIENTED_EDGE('',*,*,#9363,.T.);
#9363 = EDGE_CURVE('',#9341,#9364,#9366,.T.);
#9364 = VERTEX_POINT('',#9365);
#9365 = CARTESIAN_POINT('',(-29.22619961496,6.35,25.602804705336));
#9366 = SURFACE_CURVE('',#9367,(#9371,#9378),.PCURVE_S1.);
#9367 = LINE('',#9368,#9369);
#9368 = CARTESIAN_POINT('',(-33.02573134704,6.35,18.997658331715));
#9369 = VECTOR('',#9370,1.);
#9370 = DIRECTION('',(0.498626211558,-7.000738268404E-17,0.866817109399)
  );
#9371 = PCURVE('',#9088,#9372);
#9372 = DEFINITIONAL_REPRESENTATION('',(#9373),#9377);
#9373 = LINE('',#9374,#9375);
#9374 = CARTESIAN_POINT('',(0.,38.099999427795));
#9375 = VECTOR('',#9376,1.);
#9376 = DIRECTION('',(-1.,0.));
#9377 = ( GEOMETRIC_REPRESENTATION_CONTEXT(2) 
PARAMETRIC_REPRESENTATION_CONTEXT() REPRESENTATION_CONTEXT('2D SPACE',''
  ) );
#9378 = PCURVE('',#9379,#9384);
#9379 = PLANE('',#9380);
#9380 = AXIS2_PLACEMENT_3D('',#9381,#9382,#9383);
#9381 = CARTESIAN_POINT('',(-39.35828423383,2.666998141046E-14,
    7.989081042346));
#9382 = DIRECTION('',(-0.866817109399,1.113273447743E-16,0.498626211558)
  );
#9383 = DIRECTION('',(0.498626211558,-7.000738268404E-17,0.866817109399)
  );
#9384 = DEFINITIONAL_REPRESENTATION('',(#9385),#9389);
#9385 = LINE('',#9386,#9387);
#9386 = CARTESIAN_POINT('',(12.7,6.35));
#9387 = VECTOR('',#9388,1.);
#9388 = DIRECTION('',(1.,2.234078735489E-32));
#9389 = ( GEOMETRIC_REPRESENTATION_CONTEXT(2) 
PARAMETRIC_REPRESENTATION_CONTEXT() REPRESENTATION_CONTEXT('2D SPACE',''
  ) );
#9390 = ORIENTED_EDGE('',*,*,#9391,.F.);
#9391 = EDGE_CURVE('',#9392,#9364,#9394,.T.);
#9392 = VERTEX_POINT('',#9393);
#9393 = CARTESIAN_POINT('',(-30.10383860163,6.35,31.793036719827));
#9394 = SURFACE_CURVE('',#9395,(#9400,#9407),.PCURVE_S1.);
#9395 = CIRCLE('',#9396,5.08);
#9396 = AXIS2_PLACEMENT_3D('',#9397,#9398,#9399);
#9397 = CARTESIAN_POINT('',(-33.62963053071,6.35,28.135825860052));
#9398 = DIRECTION('',(1.314079632032E-16,1.,5.172864927124E-18));
#9399 = DIRECTION('',(0.498626211558,-7.000738268404E-17,0.866817109399)
  );
#9400 = PCURVE('',#9088,#9401);
#9401 = DEFINITIONAL_REPRESENTATION('',(#9402),#9406);
#9402 = CIRCLE('',#9403,5.08);
#9403 = AXIS2_PLACEMENT_2D('',#9404,#9405);
#9404 = CARTESIAN_POINT('',(-7.62,43.179999427795));
#9405 = DIRECTION('',(-1.,0.));
#9406 = ( GEOMETRIC_REPRESENTATION_CONTEXT(2) 
PARAMETRIC_REPRESENTATION_CONTEXT() REPRESENTATION_CONTEXT('2D SPACE',''
  ) );
#9407 = PCURVE('',#9408,#9434);
#9408 = ( BOUNDED_SURFACE() B_SPLINE_SURFACE(2,2,(
    (#9409,#9410,#9411,#9412,#9413)
    ,(#9414,#9415,#9416,#9417,#9418)
    ,(#9419,#9420,#9421,#9422,#9423)
    ,(#9424,#9425,#9426,#9427,#9428)
    ,(#9429,#9430,#9431,#9432,#9433
)),.UNSPECIFIED.,.F.,.F.,.F.) B_SPLINE_SURFACE_WITH_KNOTS((3,1,1,3),(3,1
    ,1,3),(-2.470582960407,-1.570796326795,1.482163061311E-14,
    1.272490460496),(-2.588788695192,-1.570796326795,-1.468641481394E-14
,1.017992368397),.UNSPECIFIED.) GEOMETRIC_REPRESENTATION_ITEM() 
RATIONAL_B_SPLINE_SURFACE((
    (1.,1.189816500345,0.707106781187,1.189816500345,1.)
    ,(1.167775668219,1.389438758749,0.825742093902,1.389438758749
      ,1.167775668219)
    ,(0.707106781187,0.841327315762,0.5,0.841327315762,0.707106781187)
    ,(1.237270625432,1.472125005531,0.874882449406,1.472125005531
      ,1.237270625432)
    ,(1.,1.189816500345,0.707106781187,1.189816500345,1.
))) REPRESENTATION_ITEM('') SURFACE() );
#9409 = CARTESIAN_POINT('',(-33.96341822546,13.310540686978,
    17.367573489321));
#9410 = CARTESIAN_POINT('',(-28.62833335539,12.760562936651,
    26.642141769693));
#9411 = CARTESIAN_POINT('',(-32.12813990956,10.899871132594,
    20.558040833106));
#9412 = CARTESIAN_POINT('',(-33.0559296147,3.880973062152,18.94516134203
    ));
#9413 = CARTESIAN_POINT('',(-33.33016293679,14.580540686978,
    18.468431218258));
#9414 = CARTESIAN_POINT('',(-33.96341822546,6.842012369107,
    17.367573489321));
#9415 = CARTESIAN_POINT('',(-29.7649660053,6.842012369108,
    24.666207482224));
#9416 = CARTESIAN_POINT('',(-30.10478516729,6.842012369108,
    24.075462236821));
#9417 = CARTESIAN_POINT('',(-30.10478516729,6.160501541739,
    24.075462236821));
#9418 = CARTESIAN_POINT('',(-30.10478516729,14.580540686978,
    24.075462236821));
#9419 = CARTESIAN_POINT('',(-33.96341822546,-9.645621272632E-14,
    17.367573489321));
#9420 = CARTESIAN_POINT('',(-31.07894559559,-2.575942697749E-14,
    22.381971387404));
#9421 = CARTESIAN_POINT('',(-26.69317846024,8.173323435021E-14,
    30.006235621083));
#9422 = CARTESIAN_POINT('',(-26.69317846024,8.795701135808,
    30.006235621083));
#9423 = CARTESIAN_POINT('',(-26.69317846025,14.580540686978,
    30.006235621084));
#9424 = CARTESIAN_POINT('',(-40.40551544773,-8.588348630278E-14,
    21.07331314028));
#9425 = CARTESIAN_POINT('',(-37.52104281786,-1.518670055394E-14,
    26.087711038363));
#9426 = CARTESIAN_POINT('',(-33.13527568251,9.230596077375E-14,
    33.711975272042));
#9427 = CARTESIAN_POINT('',(-33.13527568251,8.795701135808,
    33.711975272042));
#9428 = CARTESIAN_POINT('',(-33.13527568251,14.580540686978,
    33.711975272043));
#9429 = CARTESIAN_POINT('',(-45.50122262829,-7.752044611639E-14,
    24.004557965862));
#9430 = CARTESIAN_POINT('',(-42.61674999842,-6.823660367546E-15,
    29.018955863945));
#9431 = CARTESIAN_POINT('',(-38.23098286307,1.006690009601E-13,
    36.643220097624));
#9432 = CARTESIAN_POINT('',(-38.23098286307,8.795701135808,
    36.643220097624));
#9433 = CARTESIAN_POINT('',(-38.23098286307,14.580540686978,
    36.643220097624));
#9434 = DEFINITIONAL_REPRESENTATION('',(#9435),#9461);
#9435 = B_SPLINE_CURVE_WITH_KNOTS('',3,(#9436,#9437,#9438,#9439,#9440,
    #9441,#9442,#9443,#9444,#9445,#9446,#9447,#9448,#9449,#9450,#9451,
    #9452,#9453,#9454,#9455,#9456,#9457,#9458,#9459,#9460),
  .UNSPECIFIED.,.F.,.F.,(4,1,1,1,1,1,1,1,1,1,1,1,1,1,1,1,1,1,1,1,1,1,4),
  (0.,7.139983303613E-02,0.142799666072,0.214199499108,0.285599332145,
    0.356999165181,0.428398998217,0.499798831253,0.571198664289,
    0.642598497325,0.713998330361,0.785398163397,0.856797996434,
    0.92819782947,0.999597662506,1.070997495542,1.142397328578,
    1.213797161614,1.28519699465,1.356596827687,1.427996660723,
    1.499396493759,1.570796326795),.QUASI_UNIFORM_KNOTS.);
#9436 = CARTESIAN_POINT('',(1.482163061311E-14,-1.468641481394E-14));
#9437 = CARTESIAN_POINT('',(-2.643304852828E-02,-1.468641481394E-14));
#9438 = CARTESIAN_POINT('',(-7.852521262873E-02,-1.468641481394E-14));
#9439 = CARTESIAN_POINT('',(-0.154606454553,-1.468641481394E-14));
#9440 = CARTESIAN_POINT('',(-0.228904158181,-1.468641481394E-14));
#9441 = CARTESIAN_POINT('',(-0.301661439934,-1.468641481394E-14));
#9442 = CARTESIAN_POINT('',(-0.373106106239,-1.468641481394E-14));
#9443 = CARTESIAN_POINT('',(-0.443450603945,-1.468641481394E-14));
#9444 = CARTESIAN_POINT('',(-0.512895531033,-1.468641481394E-14));
#9445 = CARTESIAN_POINT('',(-0.581631810168,-1.468641481394E-14));
#9446 = CARTESIAN_POINT('',(-0.649842920765,-1.468641481394E-14));
#9447 = CARTESIAN_POINT('',(-0.717706886775,-1.468641481394E-14));
#9448 = CARTESIAN_POINT('',(-0.785398163397,-1.468641481394E-14));
#9449 = CARTESIAN_POINT('',(-0.85308944002,-1.468641481394E-14));
#9450 = CARTESIAN_POINT('',(-0.92095340603,-1.468641481394E-14));
#9451 = CARTESIAN_POINT('',(-0.989164516627,-1.468641481394E-14));
#9452 = CARTESIAN_POINT('',(-1.057900795762,-1.468641481394E-14));
#9453 = CARTESIAN_POINT('',(-1.12734572285,-1.468641481394E-14));
#9454 = CARTESIAN_POINT('',(-1.197690220556,-1.468641481394E-14));
#9455 = CARTESIAN_POINT('',(-1.269134886861,-1.468641481394E-14));
#9456 = CARTESIAN_POINT('',(-1.341892168614,-1.468641481394E-14));
#9457 = CARTESIAN_POINT('',(-1.416189872242,-1.468641481394E-14));
#9458 = CARTESIAN_POINT('',(-1.492271114166,-1.468641481394E-14));
#9459 = CARTESIAN_POINT('',(-1.544363278267,-1.468641481394E-14));
#9460 = CARTESIAN_POINT('',(-1.570796326795,-1.468641481394E-14));
#9461 = ( GEOMETRIC_REPRESENTATION_CONTEXT(2) 
PARAMETRIC_REPRESENTATION_CONTEXT() REPRESENTATION_CONTEXT('2D SPACE',''
  ) );
#9462 = ORIENTED_EDGE('',*,*,#9463,.F.);
#9463 = EDGE_CURVE('',#9464,#9392,#9466,.T.);
#9464 = VERTEX_POINT('',#9465);
#9465 = CARTESIAN_POINT('',(42.617546766411,6.35,-10.03907352829));
#9466 = SURFACE_CURVE('',#9467,(#9471,#9478),.PCURVE_S1.);
#9467 = LINE('',#9468,#9469);
#9468 = CARTESIAN_POINT('',(43.686016370244,6.35,-10.653697934));
#9469 = VECTOR('',#9470,1.);
#9470 = DIRECTION('',(-0.866817109399,1.113273447743E-16,0.498626211558)
  );
#9471 = PCURVE('',#9088,#9472);
#9472 = DEFINITIONAL_REPRESENTATION('',(#9473),#9477);
#9473 = LINE('',#9474,#9475);
#9474 = CARTESIAN_POINT('',(-12.54818521827,-43.17999942779));
#9475 = VECTOR('',#9476,1.);
#9476 = DIRECTION('',(0.,1.));
#9477 = ( GEOMETRIC_REPRESENTATION_CONTEXT(2) 
PARAMETRIC_REPRESENTATION_CONTEXT() REPRESENTATION_CONTEXT('2D SPACE',''
  ) );
#9478 = PCURVE('',#9479,#9484);
#9479 = CYLINDRICAL_SURFACE('',#9480,0.15);
#9480 = AXIS2_PLACEMENT_3D('',#9481,#9482,#9483);
#9481 = CARTESIAN_POINT('',(43.686016370244,6.5,-10.653697934));
#9482 = DIRECTION('',(-0.866817109399,1.113273447743E-16,0.498626211558)
  );
#9483 = DIRECTION('',(-1.314079632032E-16,-1.,-5.172864927124E-18));
#9484 = DEFINITIONAL_REPRESENTATION('',(#9485),#9489);
#9485 = LINE('',#9486,#9487);
#9486 = CARTESIAN_POINT('',(0.,0.));
#9487 = VECTOR('',#9488,1.);
#9488 = DIRECTION('',(0.,1.));
#9489 = ( GEOMETRIC_REPRESENTATION_CONTEXT(2) 
PARAMETRIC_REPRESENTATION_CONTEXT() REPRESENTATION_CONTEXT('2D SPACE',''
  ) );
#9490 = ORIENTED_EDGE('',*,*,#9491,.F.);
#9491 = EDGE_CURVE('',#9492,#9464,#9494,.T.);
#9492 = VERTEX_POINT('',#9493);
#9493 = CARTESIAN_POINT('',(36.825263129252,6.35,-12.39251204477));
#9494 = SURFACE_CURVE('',#9495,(#9500,#9507),.PCURVE_S1.);
#9495 = CIRCLE('',#9496,5.08);
#9496 = AXIS2_PLACEMENT_3D('',#9497,#9498,#9499);
#9497 = CARTESIAN_POINT('',(41.228694044999,6.35,-14.92553319949));
#9498 = DIRECTION('',(1.314079632032E-16,1.,5.172864927124E-18));
#9499 = DIRECTION('',(0.498626211558,-7.000738268404E-17,0.866817109399)
  );
#9500 = PCURVE('',#9088,#9501);
#9501 = DEFINITIONAL_REPRESENTATION('',(#9502),#9506);
#9502 = CIRCLE('',#9503,5.08);
#9503 = AXIS2_PLACEMENT_2D('',#9504,#9505);
#9504 = CARTESIAN_POINT('',(-7.62,-43.17999942779));
#9505 = DIRECTION('',(-1.,0.));
#9506 = ( GEOMETRIC_REPRESENTATION_CONTEXT(2) 
PARAMETRIC_REPRESENTATION_CONTEXT() REPRESENTATION_CONTEXT('2D SPACE',''
  ) );
#9507 = PCURVE('',#9508,#9534);
#9508 = ( BOUNDED_SURFACE() B_SPLINE_SURFACE(2,2,(
    (#9509,#9510,#9511,#9512,#9513)
    ,(#9514,#9515,#9516,#9517,#9518)
    ,(#9519,#9520,#9521,#9522,#9523)
    ,(#9524,#9525,#9526,#9527,#9528)
    ,(#9529,#9530,#9531,#9532,#9533
)),.UNSPECIFIED.,.F.,.F.,.F.) B_SPLINE_SURFACE_WITH_KNOTS((3,1,1,3),(3,1
    ,1,3),(-2.470582960407,-1.570796326795,3.94807314735E-13,
    1.272490460497),(-4.159585021987,-3.14159265359,-1.570796326795,
-0.552803958398),.UNSPECIFIED.) GEOMETRIC_REPRESENTATION_ITEM() 
RATIONAL_B_SPLINE_SURFACE((
    (1.,1.189816500345,0.707106781187,1.189816500345,1.)
    ,(1.167775668219,1.389438758749,0.825742093902,1.389438758749
      ,1.167775668219)
    ,(0.707106781186,0.841327315762,0.5,0.841327315762,0.707106781186)
    ,(1.237270625432,1.472125005531,0.874882449406,1.472125005531
      ,1.237270625432)
    ,(1.,1.189816500345,0.707106781187,1.189816500345,1.
))) REPRESENTATION_ITEM('') SURFACE() );
#9509 = CARTESIAN_POINT('',(32.721299807428,14.580540686981,
    -19.52688553185));
#9510 = CARTESIAN_POINT('',(32.995533129513,3.880973062154,
    -19.05015540808));
#9511 = CARTESIAN_POINT('',(33.923322834649,10.899871132595,
    -17.437275917));
#9512 = CARTESIAN_POINT('',(37.423129388826,12.760562936653,
    -11.35317498042));
#9513 = CARTESIAN_POINT('',(32.088044518749,13.310540686979,
    -20.62774326079));
#9514 = CARTESIAN_POINT('',(35.946677576927,14.580540686981,
    -13.91985451329));
#9515 = CARTESIAN_POINT('',(35.946677576925,6.160501541741,
    -13.91985451329));
#9516 = CARTESIAN_POINT('',(35.946677576925,6.842012369108,
    -13.91985451329));
#9517 = CARTESIAN_POINT('',(36.28649673891,6.842012369108,
    -13.32910926788));
#9518 = CARTESIAN_POINT('',(32.088044518749,6.842012369107,
    -20.62774326079));
#9519 = CARTESIAN_POINT('',(39.35828428397,14.580540686981,
    -7.989081129028));
#9520 = CARTESIAN_POINT('',(39.358284283969,8.79570113581,
    -7.989081129028));
#9521 = CARTESIAN_POINT('',(39.358284283967,-5.296010115657E-13,
    -7.989081129027));
#9522 = CARTESIAN_POINT('',(34.972517148621,-9.062130801015E-13,
    -15.61334536271));
#9523 = CARTESIAN_POINT('',(32.088044518749,-1.153906851851E-12,
    -20.62774326079));
#9524 = CARTESIAN_POINT('',(45.800381506239,14.580540686979,
    -11.69482077998));
#9525 = CARTESIAN_POINT('',(45.800381506238,8.795701135807,
    -11.69482077998));
#9526 = CARTESIAN_POINT('',(45.800381506235,5.139485941474E-13,
    -11.69482077998));
#9527 = CARTESIAN_POINT('',(41.414614370891,1.373365256116E-13,
    -19.31908501366));
#9528 = CARTESIAN_POINT('',(38.530141741019,-1.103572461385E-13,
    -24.33348291175));
#9529 = CARTESIAN_POINT('',(50.896088686797,14.580540686978,
    -14.62606560557));
#9530 = CARTESIAN_POINT('',(50.896088686796,8.795701135805,
    -14.62606560557));
#9531 = CARTESIAN_POINT('',(50.896088686794,1.339397673171E-12,
    -14.62606560557));
#9532 = CARTESIAN_POINT('',(46.510321551451,9.62785604635E-13,
    -22.25032983924));
#9533 = CARTESIAN_POINT('',(43.625848921578,7.150918328847E-13,
    -27.26472773733));
#9534 = DEFINITIONAL_REPRESENTATION('',(#9535),#9561);
#9535 = B_SPLINE_CURVE_WITH_KNOTS('',3,(#9536,#9537,#9538,#9539,#9540,
    #9541,#9542,#9543,#9544,#9545,#9546,#9547,#9548,#9549,#9550,#9551,
    #9552,#9553,#9554,#9555,#9556,#9557,#9558,#9559,#9560),
  .UNSPECIFIED.,.F.,.F.,(4,1,1,1,1,1,1,1,1,1,1,1,1,1,1,1,1,1,1,1,1,1,4),
  (4.712388980385,4.783788813421,4.855188646457,4.926588479493,
    4.997988312529,5.069388145565,5.140787978601,5.212187811638,
    5.283587644674,5.35498747771,5.426387310746,5.497787143782,
    5.569186976818,5.640586809854,5.711986642891,5.783386475927,
    5.854786308963,5.926186141999,5.997585975035,6.068985808071,
    6.140385641107,6.211785474143,6.28318530718),.QUASI_UNIFORM_KNOTS.);
#9536 = CARTESIAN_POINT('',(-1.570796326795,-3.14159265359));
#9537 = CARTESIAN_POINT('',(-1.544363278266,-3.14159265359));
#9538 = CARTESIAN_POINT('',(-1.492271114166,-3.14159265359));
#9539 = CARTESIAN_POINT('',(-1.416189872242,-3.14159265359));
#9540 = CARTESIAN_POINT('',(-1.341892168613,-3.14159265359));
#9541 = CARTESIAN_POINT('',(-1.26913488686,-3.14159265359));
#9542 = CARTESIAN_POINT('',(-1.197690220555,-3.14159265359));
#9543 = CARTESIAN_POINT('',(-1.12734572285,-3.14159265359));
#9544 = CARTESIAN_POINT('',(-1.057900795762,-3.14159265359));
#9545 = CARTESIAN_POINT('',(-0.989164516627,-3.14159265359));
#9546 = CARTESIAN_POINT('',(-0.92095340603,-3.14159265359));
#9547 = CARTESIAN_POINT('',(-0.85308944002,-3.14159265359));
#9548 = CARTESIAN_POINT('',(-0.785398163397,-3.14159265359));
#9549 = CARTESIAN_POINT('',(-0.717706886775,-3.14159265359));
#9550 = CARTESIAN_POINT('',(-0.649842920765,-3.14159265359));
#9551 = CARTESIAN_POINT('',(-0.581631810167,-3.14159265359));
#9552 = CARTESIAN_POINT('',(-0.512895531032,-3.14159265359));
#9553 = CARTESIAN_POINT('',(-0.443450603944,-3.14159265359));
#9554 = CARTESIAN_POINT('',(-0.373106106239,-3.14159265359));
#9555 = CARTESIAN_POINT('',(-0.301661439934,-3.14159265359));
#9556 = CARTESIAN_POINT('',(-0.228904158181,-3.14159265359));
#9557 = CARTESIAN_POINT('',(-0.154606454553,-3.14159265359));
#9558 = CARTESIAN_POINT('',(-7.852521262848E-02,-3.14159265359));
#9559 = CARTESIAN_POINT('',(-2.643304852796E-02,-3.14159265359));
#9560 = CARTESIAN_POINT('',(3.94807314735E-13,-3.14159265359));
#9561 = ( GEOMETRIC_REPRESENTATION_CONTEXT(2) 
PARAMETRIC_REPRESENTATION_CONTEXT() REPRESENTATION_CONTEXT('2D SPACE',''
  ) );
#9562 = ORIENTED_EDGE('',*,*,#9563,.T.);
#9563 = EDGE_CURVE('',#9492,#9564,#9566,.T.);
#9564 = VERTEX_POINT('',#9565);
#9565 = CARTESIAN_POINT('',(34.608869618875,6.35,-16.24551409605));
#9566 = SURFACE_CURVE('',#9567,(#9571,#9578),.PCURVE_S1.);
#9567 = LINE('',#9568,#9569);
#9568 = CARTESIAN_POINT('',(31.425542630735,6.35,-21.77944358906));
#9569 = VECTOR('',#9570,1.);
#9570 = DIRECTION('',(-0.498626211558,7.000738268404E-17,-0.866817109399
    ));
#9571 = PCURVE('',#9088,#9572);
#9572 = DEFINITIONAL_REPRESENTATION('',(#9573),#9577);
#9573 = LINE('',#9574,#9575);
#9574 = CARTESIAN_POINT('',(3.209195043,-38.09999942779));
#9575 = VECTOR('',#9576,1.);
#9576 = DIRECTION('',(1.,0.));
#9577 = ( GEOMETRIC_REPRESENTATION_CONTEXT(2) 
PARAMETRIC_REPRESENTATION_CONTEXT() REPRESENTATION_CONTEXT('2D SPACE',''
  ) );
#9578 = PCURVE('',#9579,#9584);
#9579 = PLANE('',#9580);
#9580 = AXIS2_PLACEMENT_3D('',#9581,#9582,#9583);
#9581 = CARTESIAN_POINT('',(39.358284283968,1.773893957455E-14,
    -7.989081129028));
#9582 = DIRECTION('',(0.866817109399,-1.113273447743E-16,-0.498626211558
    ));
#9583 = DIRECTION('',(-0.498626211558,7.000738268404E-17,-0.866817109399
    ));
#9584 = DEFINITIONAL_REPRESENTATION('',(#9585),#9589);
#9585 = LINE('',#9586,#9587);
#9586 = CARTESIAN_POINT('',(15.909195043,6.35));
#9587 = VECTOR('',#9588,1.);
#9588 = DIRECTION('',(1.,-2.234078735489E-32));
#9589 = ( GEOMETRIC_REPRESENTATION_CONTEXT(2) 
PARAMETRIC_REPRESENTATION_CONTEXT() REPRESENTATION_CONTEXT('2D SPACE',''
  ) );
#9590 = ORIENTED_EDGE('',*,*,#9591,.F.);
#9591 = EDGE_CURVE('',#9592,#9564,#9594,.T.);
#9592 = VERTEX_POINT('',#9593);
#9593 = CARTESIAN_POINT('',(23.600293528165,6.35,-9.912961898778));
#9594 = SURFACE_CURVE('',#9595,(#9599,#9606),.PCURVE_S1.);
#9595 = LINE('',#9596,#9597);
#9596 = CARTESIAN_POINT('',(166.71179758729,6.35,-92.23614902285));
#9597 = VECTOR('',#9598,1.);
#9598 = DIRECTION('',(0.866817109399,-1.113273447743E-16,-0.498626211558
    ));
#9599 = PCURVE('',#9088,#9600);
#9600 = DEFINITIONAL_REPRESENTATION('',(#9601),#9605);
#9601 = LINE('',#9602,#9603);
#9602 = CARTESIAN_POINT('',(-3.175,-190.5));
#9603 = VECTOR('',#9604,1.);
#9604 = DIRECTION('',(0.,-1.));
#9605 = ( GEOMETRIC_REPRESENTATION_CONTEXT(2) 
PARAMETRIC_REPRESENTATION_CONTEXT() REPRESENTATION_CONTEXT('2D SPACE',''
  ) );
#9606 = PCURVE('',#9607,#9612);
#9607 = CYLINDRICAL_SURFACE('',#9608,3.175);
#9608 = AXIS2_PLACEMENT_3D('',#9609,#9610,#9611);
#9609 = CARTESIAN_POINT('',(165.12865936559,6.35,-94.9882933452));
#9610 = DIRECTION('',(-0.866817109399,1.113273447743E-16,0.498626211558)
  );
#9611 = DIRECTION('',(-0.498626211558,-2.288617978788E-14,
    -0.866817109399));
#9612 = DEFINITIONAL_REPRESENTATION('',(#9613),#9617);
#9613 = LINE('',#9614,#9615);
#9614 = CARTESIAN_POINT('',(3.14159265359,0.));
#9615 = VECTOR('',#9616,1.);
#9616 = DIRECTION('',(0.,-1.));
#9617 = ( GEOMETRIC_REPRESENTATION_CONTEXT(2) 
PARAMETRIC_REPRESENTATION_CONTEXT() REPRESENTATION_CONTEXT('2D SPACE',''
  ) );
#9618 = ORIENTED_EDGE('',*,*,#9619,.F.);
#9619 = EDGE_CURVE('',#9620,#9592,#9622,.T.);
#9620 = VERTEX_POINT('',#9621);
#9621 = CARTESIAN_POINT('',(20.43401708477,6.35,-15.41725054346));
#9622 = SURFACE_CURVE('',#9623,(#9628,#9635),.PCURVE_S1.);
#9623 = CIRCLE('',#9624,3.175);
#9624 = AXIS2_PLACEMENT_3D('',#9625,#9626,#9627);
#9625 = CARTESIAN_POINT('',(22.017155306468,6.35,-12.66510622112));
#9626 = DIRECTION('',(1.314079632032E-16,1.,5.172864927124E-18));
#9627 = DIRECTION('',(-0.498626211558,7.000738268404E-17,-0.866817109399
    ));
#9628 = PCURVE('',#9088,#9629);
#9629 = DEFINITIONAL_REPRESENTATION('',(#9630),#9634);
#9630 = CIRCLE('',#9631,3.175);
#9631 = AXIS2_PLACEMENT_2D('',#9632,#9633);
#9632 = CARTESIAN_POINT('',(-5.329070518201E-15,-25.40000081062));
#9633 = DIRECTION('',(1.,2.22044604925E-16));
#9634 = ( GEOMETRIC_REPRESENTATION_CONTEXT(2) 
PARAMETRIC_REPRESENTATION_CONTEXT() REPRESENTATION_CONTEXT('2D SPACE',''
  ) );
#9635 = PCURVE('',#9636,#9641);
#9636 = CYLINDRICAL_SURFACE('',#9637,3.175);
#9637 = AXIS2_PLACEMENT_3D('',#9638,#9639,#9640);
#9638 = CARTESIAN_POINT('',(22.017155306468,12.7,-12.66510622112));
#9639 = DIRECTION('',(-1.488825900985E-16,-1.,-3.555094217636E-17));
#9640 = DIRECTION('',(-0.498626211558,1.050529268015E-16,-0.866817109399
    ));
#9641 = DEFINITIONAL_REPRESENTATION('',(#9642),#9646);
#9642 = LINE('',#9643,#9644);
#9643 = CARTESIAN_POINT('',(6.28318530718,6.35));
#9644 = VECTOR('',#9645,1.);
#9645 = DIRECTION('',(-1.,0.));
#9646 = ( GEOMETRIC_REPRESENTATION_CONTEXT(2) 
PARAMETRIC_REPRESENTATION_CONTEXT() REPRESENTATION_CONTEXT('2D SPACE',''
  ) );
#9647 = ORIENTED_EDGE('',*,*,#9648,.F.);
#9648 = EDGE_CURVE('',#9649,#9620,#9651,.T.);
#9649 = VERTEX_POINT('',#9650);
#9650 = CARTESIAN_POINT('',(31.44259317548,6.35,-21.74980274073));
#9651 = SURFACE_CURVE('',#9652,(#9656,#9663),.PCURVE_S1.);
#9652 = LINE('',#9653,#9654);
#9653 = CARTESIAN_POINT('',(163.54552114389,6.35,-97.74043766754));
#9654 = VECTOR('',#9655,1.);
#9655 = DIRECTION('',(-0.866817109399,1.113273447743E-16,0.498626211558)
  );
#9656 = PCURVE('',#9088,#9657);
#9657 = DEFINITIONAL_REPRESENTATION('',(#9658),#9662);
#9658 = LINE('',#9659,#9660);
#9659 = CARTESIAN_POINT('',(3.175,-190.5));
#9660 = VECTOR('',#9661,1.);
#9661 = DIRECTION('',(0.,1.));
#9662 = ( GEOMETRIC_REPRESENTATION_CONTEXT(2) 
PARAMETRIC_REPRESENTATION_CONTEXT() REPRESENTATION_CONTEXT('2D SPACE',''
  ) );
#9663 = PCURVE('',#9607,#9664);
#9664 = DEFINITIONAL_REPRESENTATION('',(#9665),#9669);
#9665 = LINE('',#9666,#9667);
#9666 = CARTESIAN_POINT('',(6.28318530718,0.));
#9667 = VECTOR('',#9668,1.);
#9668 = DIRECTION('',(0.,1.));
#9669 = ( GEOMETRIC_REPRESENTATION_CONTEXT(2) 
PARAMETRIC_REPRESENTATION_CONTEXT() REPRESENTATION_CONTEXT('2D SPACE',''
  ) );
#9670 = ORIENTED_EDGE('',*,*,#9671,.T.);
#9671 = EDGE_CURVE('',#9649,#9079,#9672,.T.);
#9672 = SURFACE_CURVE('',#9673,(#9677,#9684),.PCURVE_S1.);
#9673 = LINE('',#9674,#9675);
#9674 = CARTESIAN_POINT('',(31.425542630735,6.35,-21.77944358906));
#9675 = VECTOR('',#9676,1.);
#9676 = DIRECTION('',(-0.498626211558,7.000738268404E-17,-0.866817109399
    ));
#9677 = PCURVE('',#9088,#9678);
#9678 = DEFINITIONAL_REPRESENTATION('',(#9679),#9683);
#9679 = LINE('',#9680,#9681);
#9680 = CARTESIAN_POINT('',(3.209195043,-38.09999942779));
#9681 = VECTOR('',#9682,1.);
#9682 = DIRECTION('',(1.,0.));
#9683 = ( GEOMETRIC_REPRESENTATION_CONTEXT(2) 
PARAMETRIC_REPRESENTATION_CONTEXT() REPRESENTATION_CONTEXT('2D SPACE',''
  ) );
#9684 = PCURVE('',#9685,#9690);
#9685 = PLANE('',#9686);
#9686 = AXIS2_PLACEMENT_3D('',#9687,#9688,#9689);
#9687 = CARTESIAN_POINT('',(39.358284283968,1.773893957455E-14,
    -7.989081129028));
#9688 = DIRECTION('',(0.866817109399,-1.113273447743E-16,-0.498626211558
    ));
#9689 = DIRECTION('',(-0.498626211558,7.000738268404E-17,-0.866817109399
    ));
#9690 = DEFINITIONAL_REPRESENTATION('',(#9691),#9695);
#9691 = LINE('',#9692,#9693);
#9692 = CARTESIAN_POINT('',(15.909195043,6.35));
#9693 = VECTOR('',#9694,1.);
#9694 = DIRECTION('',(1.,-2.234078735489E-32));
#9695 = ( GEOMETRIC_REPRESENTATION_CONTEXT(2) 
PARAMETRIC_REPRESENTATION_CONTEXT() REPRESENTATION_CONTEXT('2D SPACE',''
  ) );
#9696 = FACE_BOUND('',#9697,.F.);
#9697 = EDGE_LOOP('',(#9698,#9729));
#9698 = ORIENTED_EDGE('',*,*,#9699,.F.);
#9699 = EDGE_CURVE('',#9700,#9702,#9704,.T.);
#9700 = VERTEX_POINT('',#9701);
#9701 = CARTESIAN_POINT('',(4.22685444538,6.35,7.348008636376));
#9702 = VERTEX_POINT('',#9703);
#9703 = CARTESIAN_POINT('',(8.47700005,6.35,-2.129407761231E-13));
#9704 = SURFACE_CURVE('',#9705,(#9710,#9717),.PCURVE_S1.);
#9705 = CIRCLE('',#9706,8.477);
#9706 = AXIS2_PLACEMENT_3D('',#9707,#9708,#9709);
#9707 = CARTESIAN_POINT('',(4.999998282074E-08,6.35,0.));
#9708 = DIRECTION('',(2.465190328816E-31,1.,2.22044604925E-16));
#9709 = DIRECTION('',(0.498626211558,-1.924720625988E-16,0.866817109399)
  );
#9710 = PCURVE('',#9088,#9711);
#9711 = DEFINITIONAL_REPRESENTATION('',(#9712),#9716);
#9712 = CIRCLE('',#9713,8.477);
#9713 = AXIS2_PLACEMENT_2D('',#9714,#9715);
#9714 = CARTESIAN_POINT('',(-4.999999536576E-08,-9.926167350636E-24));
#9715 = DIRECTION('',(-1.,-2.22044604925E-16));
#9716 = ( GEOMETRIC_REPRESENTATION_CONTEXT(2) 
PARAMETRIC_REPRESENTATION_CONTEXT() REPRESENTATION_CONTEXT('2D SPACE',''
  ) );
#9717 = PCURVE('',#9718,#9723);
#9718 = CYLINDRICAL_SURFACE('',#9719,8.477);
#9719 = AXIS2_PLACEMENT_3D('',#9720,#9721,#9722);
#9720 = CARTESIAN_POINT('',(4.999998282074E-08,19.2600002,
    2.86659589511E-15));
#9721 = DIRECTION('',(2.465190328816E-31,1.,2.22044604925E-16));
#9722 = DIRECTION('',(0.498626211558,-1.924720625988E-16,0.866817109399)
  );
#9723 = DEFINITIONAL_REPRESENTATION('',(#9724),#9728);
#9724 = LINE('',#9725,#9726);
#9725 = CARTESIAN_POINT('',(0.,-12.9100002));
#9726 = VECTOR('',#9727,1.);
#9727 = DIRECTION('',(1.,0.));
#9728 = ( GEOMETRIC_REPRESENTATION_CONTEXT(2) 
PARAMETRIC_REPRESENTATION_CONTEXT() REPRESENTATION_CONTEXT('2D SPACE',''
  ) );
#9729 = ORIENTED_EDGE('',*,*,#9730,.F.);
#9730 = EDGE_CURVE('',#9702,#9700,#9731,.T.);
#9731 = SURFACE_CURVE('',#9732,(#9737,#9744),.PCURVE_S1.);
#9732 = CIRCLE('',#9733,8.477);
#9733 = AXIS2_PLACEMENT_3D('',#9734,#9735,#9736);
#9734 = CARTESIAN_POINT('',(4.999998282074E-08,6.35,0.));
#9735 = DIRECTION('',(2.465190328816E-31,1.,2.22044604925E-16));
#9736 = DIRECTION('',(0.498626211558,-1.924720625988E-16,0.866817109399)
  );
#9737 = PCURVE('',#9088,#9738);
#9738 = DEFINITIONAL_REPRESENTATION('',(#9739),#9743);
#9739 = CIRCLE('',#9740,8.477);
#9740 = AXIS2_PLACEMENT_2D('',#9741,#9742);
#9741 = CARTESIAN_POINT('',(-4.999999536576E-08,-9.926167350636E-24));
#9742 = DIRECTION('',(-1.,-2.22044604925E-16));
#9743 = ( GEOMETRIC_REPRESENTATION_CONTEXT(2) 
PARAMETRIC_REPRESENTATION_CONTEXT() REPRESENTATION_CONTEXT('2D SPACE',''
  ) );
#9744 = PCURVE('',#9745,#9750);
#9745 = CYLINDRICAL_SURFACE('',#9746,8.477);
#9746 = AXIS2_PLACEMENT_3D('',#9747,#9748,#9749);
#9747 = CARTESIAN_POINT('',(4.999998282074E-08,19.2600002,
    2.86659589511E-15));
#9748 = DIRECTION('',(2.465190328816E-31,1.,2.22044604925E-16));
#9749 = DIRECTION('',(0.498626211558,-1.924720625988E-16,0.866817109399)
  );
#9750 = DEFINITIONAL_REPRESENTATION('',(#9751),#9755);
#9751 = LINE('',#9752,#9753);
#9752 = CARTESIAN_POINT('',(0.,-12.9100002));
#9753 = VECTOR('',#9754,1.);
#9754 = DIRECTION('',(1.,0.));
#9755 = ( GEOMETRIC_REPRESENTATION_CONTEXT(2) 
PARAMETRIC_REPRESENTATION_CONTEXT() REPRESENTATION_CONTEXT('2D SPACE',''
  ) );
#9756 = ADVANCED_FACE('',(#9757),#9100,.F.);
#9757 = FACE_BOUND('',#9758,.F.);
#9758 = EDGE_LOOP('',(#9759,#9760,#9806,#9857,#9908,#9946));
#9759 = ORIENTED_EDGE('',*,*,#9076,.T.);
#9760 = ORIENTED_EDGE('',*,*,#9761,.F.);
#9761 = EDGE_CURVE('',#9762,#9079,#9764,.T.);
#9762 = VERTEX_POINT('',#9763);
#9763 = CARTESIAN_POINT('',(29.859454953782,5.08,-24.50194706308));
#9764 = SURFACE_CURVE('',#9765,(#9770,#9799),.PCURVE_S1.);
#9765 = CIRCLE('',#9766,1.27);
#9766 = AXIS2_PLACEMENT_3D('',#9767,#9768,#9769);
#9767 = CARTESIAN_POINT('',(29.859454953782,6.35,-24.50194706308));
#9768 = DIRECTION('',(0.866817109399,-2.775557561563E-17,-0.498626211558
    ));
#9769 = DIRECTION('',(-0.35258197547,-0.707106781187,-0.612932256105));
#9770 = PCURVE('',#9100,#9771);
#9771 = DEFINITIONAL_REPRESENTATION('',(#9772),#9798);
#9772 = B_SPLINE_CURVE_WITH_KNOTS('',3,(#9773,#9774,#9775,#9776,#9777,
    #9778,#9779,#9780,#9781,#9782,#9783,#9784,#9785,#9786,#9787,#9788,
    #9789,#9790,#9791,#9792,#9793,#9794,#9795,#9796,#9797),
  .UNSPECIFIED.,.F.,.F.,(4,1,1,1,1,1,1,1,1,1,1,1,1,1,1,1,1,1,1,1,1,1,4),
  (5.497787143782,5.569186976818,5.640586809854,5.711986642891,
    5.783386475927,5.854786308963,5.926186141999,5.997585975035,
    6.068985808071,6.140385641107,6.211785474143,6.28318530718,
    6.354585140216,6.425984973252,6.497384806288,6.568784639324,
    6.64018447236,6.711584305396,6.782984138433,6.854383971469,
    6.925783804505,6.997183637541,7.068583470577),
  .QUASI_UNIFORM_KNOTS.);
#9773 = CARTESIAN_POINT('',(-1.570796326795,-1.570796326795));
#9774 = CARTESIAN_POINT('',(-1.570796326795,-1.544363278267));
#9775 = CARTESIAN_POINT('',(-1.570796326795,-1.492271114166));
#9776 = CARTESIAN_POINT('',(-1.570796326795,-1.416189872242));
#9777 = CARTESIAN_POINT('',(-1.570796326795,-1.341892168614));
#9778 = CARTESIAN_POINT('',(-1.570796326795,-1.269134886861));
#9779 = CARTESIAN_POINT('',(-1.570796326795,-1.197690220556));
#9780 = CARTESIAN_POINT('',(-1.570796326795,-1.12734572285));
#9781 = CARTESIAN_POINT('',(-1.570796326795,-1.057900795762));
#9782 = CARTESIAN_POINT('',(-1.570796326795,-0.989164516627));
#9783 = CARTESIAN_POINT('',(-1.570796326795,-0.92095340603));
#9784 = CARTESIAN_POINT('',(-1.570796326795,-0.85308944002));
#9785 = CARTESIAN_POINT('',(-1.570796326795,-0.785398163397));
#9786 = CARTESIAN_POINT('',(-1.570796326795,-0.717706886775));
#9787 = CARTESIAN_POINT('',(-1.570796326795,-0.649842920765));
#9788 = CARTESIAN_POINT('',(-1.570796326795,-0.581631810168));
#9789 = CARTESIAN_POINT('',(-1.570796326795,-0.512895531033));
#9790 = CARTESIAN_POINT('',(-1.570796326795,-0.443450603945));
#9791 = CARTESIAN_POINT('',(-1.570796326795,-0.373106106239));
#9792 = CARTESIAN_POINT('',(-1.570796326795,-0.301661439934));
#9793 = CARTESIAN_POINT('',(-1.570796326795,-0.228904158181));
#9794 = CARTESIAN_POINT('',(-1.570796326795,-0.154606454553));
#9795 = CARTESIAN_POINT('',(-1.570796326795,-7.852521262878E-02));
#9796 = CARTESIAN_POINT('',(-1.570796326795,-2.643304852832E-02));
#9797 = CARTESIAN_POINT('',(-1.570796326795,-9.965781480887E-15));
#9798 = ( GEOMETRIC_REPRESENTATION_CONTEXT(2) 
PARAMETRIC_REPRESENTATION_CONTEXT() REPRESENTATION_CONTEXT('2D SPACE',''
  ) );
#9799 = PCURVE('',#9685,#9800);
#9800 = DEFINITIONAL_REPRESENTATION('',(#9801),#9805);
#9801 = CIRCLE('',#9802,1.27);
#9802 = AXIS2_PLACEMENT_2D('',#9803,#9804);
#9803 = CARTESIAN_POINT('',(19.05,6.35));
#9804 = DIRECTION('',(0.707106781187,-0.707106781187));
#9805 = ( GEOMETRIC_REPRESENTATION_CONTEXT(2) 
PARAMETRIC_REPRESENTATION_CONTEXT() REPRESENTATION_CONTEXT('2D SPACE',''
  ) );
#9806 = ORIENTED_EDGE('',*,*,#9807,.T.);
#9807 = EDGE_CURVE('',#9762,#9808,#9810,.T.);
#9808 = VERTEX_POINT('',#9809);
#9809 = CARTESIAN_POINT('',(34.26288586953,1.750932038173E-14,
    -27.03496821779));
#9810 = SURFACE_CURVE('',#9811,(#9816,#9845),.PCURVE_S1.);
#9811 = CIRCLE('',#9812,5.08);
#9812 = AXIS2_PLACEMENT_3D('',#9813,#9814,#9815);
#9813 = CARTESIAN_POINT('',(34.26288586953,5.08,-27.03496821779));
#9814 = DIRECTION('',(0.498626211558,2.607577689436E-17,0.866817109399)
  );
#9815 = DIRECTION('',(-0.866817109399,1.113273447743E-16,0.498626211558)
  );
#9816 = PCURVE('',#9100,#9817);
#9817 = DEFINITIONAL_REPRESENTATION('',(#9818),#9844);
#9818 = B_SPLINE_CURVE_WITH_KNOTS('',3,(#9819,#9820,#9821,#9822,#9823,
    #9824,#9825,#9826,#9827,#9828,#9829,#9830,#9831,#9832,#9833,#9834,
    #9835,#9836,#9837,#9838,#9839,#9840,#9841,#9842,#9843),
  .UNSPECIFIED.,.F.,.F.,(4,1,1,1,1,1,1,1,1,1,1,1,1,1,1,1,1,1,1,1,1,1,4),
  (0.,7.139983303613E-02,0.142799666072,0.214199499108,0.285599332145,
    0.356999165181,0.428398998217,0.499798831253,0.571198664289,
    0.642598497325,0.713998330361,0.785398163397,0.856797996434,
    0.92819782947,0.999597662506,1.070997495542,1.142397328578,
    1.213797161614,1.28519699465,1.356596827687,1.427996660723,
    1.499396493759,1.570796326795),.QUASI_UNIFORM_KNOTS.);
#9819 = CARTESIAN_POINT('',(-1.570796326795,-1.570796326795));
#9820 = CARTESIAN_POINT('',(-1.544363278267,-1.570796326795));
#9821 = CARTESIAN_POINT('',(-1.492271114166,-1.570796326795));
#9822 = CARTESIAN_POINT('',(-1.416189872242,-1.570796326795));
#9823 = CARTESIAN_POINT('',(-1.341892168614,-1.570796326795));
#9824 = CARTESIAN_POINT('',(-1.269134886861,-1.570796326795));
#9825 = CARTESIAN_POINT('',(-1.197690220556,-1.570796326795));
#9826 = CARTESIAN_POINT('',(-1.12734572285,-1.570796326795));
#9827 = CARTESIAN_POINT('',(-1.057900795762,-1.570796326795));
#9828 = CARTESIAN_POINT('',(-0.989164516627,-1.570796326795));
#9829 = CARTESIAN_POINT('',(-0.92095340603,-1.570796326795));
#9830 = CARTESIAN_POINT('',(-0.85308944002,-1.570796326795));
#9831 = CARTESIAN_POINT('',(-0.785398163397,-1.570796326795));
#9832 = CARTESIAN_POINT('',(-0.717706886775,-1.570796326795));
#9833 = CARTESIAN_POINT('',(-0.649842920765,-1.570796326795));
#9834 = CARTESIAN_POINT('',(-0.581631810168,-1.570796326795));
#9835 = CARTESIAN_POINT('',(-0.512895531033,-1.570796326795));
#9836 = CARTESIAN_POINT('',(-0.443450603945,-1.570796326795));
#9837 = CARTESIAN_POINT('',(-0.373106106239,-1.570796326795));
#9838 = CARTESIAN_POINT('',(-0.301661439934,-1.570796326795));
#9839 = CARTESIAN_POINT('',(-0.228904158181,-1.570796326795));
#9840 = CARTESIAN_POINT('',(-0.154606454553,-1.570796326795));
#9841 = CARTESIAN_POINT('',(-7.852521262872E-02,-1.570796326795));
#9842 = CARTESIAN_POINT('',(-2.643304852828E-02,-1.570796326795));
#9843 = CARTESIAN_POINT('',(-1.70478435972E-15,-1.570796326795));
#9844 = ( GEOMETRIC_REPRESENTATION_CONTEXT(2) 
PARAMETRIC_REPRESENTATION_CONTEXT() REPRESENTATION_CONTEXT('2D SPACE',''
  ) );
#9845 = PCURVE('',#9846,#9851);
#9846 = CYLINDRICAL_SURFACE('',#9847,5.08);
#9847 = AXIS2_PLACEMENT_3D('',#9848,#9849,#9850);
#9848 = CARTESIAN_POINT('',(40.59543875632,5.08,-16.02639092842));
#9849 = DIRECTION('',(-0.498626211558,7.000738268404E-17,-0.866817109399
    ));
#9850 = DIRECTION('',(-0.612932256105,-0.707106781187,0.35258197547));
#9851 = DEFINITIONAL_REPRESENTATION('',(#9852),#9856);
#9852 = LINE('',#9853,#9854);
#9853 = CARTESIAN_POINT('',(0.785398163397,12.7));
#9854 = VECTOR('',#9855,1.);
#9855 = DIRECTION('',(-1.,0.));
#9856 = ( GEOMETRIC_REPRESENTATION_CONTEXT(2) 
PARAMETRIC_REPRESENTATION_CONTEXT() REPRESENTATION_CONTEXT('2D SPACE',''
  ) );
#9857 = ORIENTED_EDGE('',*,*,#9858,.F.);
#9858 = EDGE_CURVE('',#9859,#9808,#9861,.T.);
#9859 = VERTEX_POINT('',#9860);
#9860 = CARTESIAN_POINT('',(31.096609426134,6.35,-32.53925686248));
#9861 = SURFACE_CURVE('',#9862,(#9867,#9896),.PCURVE_S1.);
#9862 = CIRCLE('',#9863,6.35);
#9863 = AXIS2_PLACEMENT_3D('',#9864,#9865,#9866);
#9864 = CARTESIAN_POINT('',(34.26288586953,6.35,-27.03496821779));
#9865 = DIRECTION('',(-0.866817109399,2.775557561563E-17,0.498626211558)
  );
#9866 = DIRECTION('',(-0.35258197547,-0.707106781187,-0.612932256105));
#9867 = PCURVE('',#9100,#9868);
#9868 = DEFINITIONAL_REPRESENTATION('',(#9869),#9895);
#9869 = B_SPLINE_CURVE_WITH_KNOTS('',3,(#9870,#9871,#9872,#9873,#9874,
    #9875,#9876,#9877,#9878,#9879,#9880,#9881,#9882,#9883,#9884,#9885,
    #9886,#9887,#9888,#9889,#9890,#9891,#9892,#9893,#9894),
  .UNSPECIFIED.,.F.,.F.,(4,1,1,1,1,1,1,1,1,1,1,1,1,1,1,1,1,1,1,1,1,1,4),
  (5.497787143782,5.569186976818,5.640586809854,5.711986642891,
    5.783386475927,5.854786308963,5.926186141999,5.997585975035,
    6.068985808071,6.140385641107,6.211785474143,6.28318530718,
    6.354585140216,6.425984973252,6.497384806288,6.568784639324,
    6.64018447236,6.711584305396,6.782984138433,6.854383971469,
    6.925783804505,6.997183637541,7.068583470577),
  .QUASI_UNIFORM_KNOTS.);
#9870 = CARTESIAN_POINT('',(-1.70478435972E-15,-9.965781480887E-15));
#9871 = CARTESIAN_POINT('',(-1.70478435972E-15,-2.64330485283E-02));
#9872 = CARTESIAN_POINT('',(-1.70478435972E-15,-7.852521262874E-02));
#9873 = CARTESIAN_POINT('',(-1.70478435972E-15,-0.154606454553));
#9874 = CARTESIAN_POINT('',(-1.70478435972E-15,-0.228904158181));
#9875 = CARTESIAN_POINT('',(-1.70478435972E-15,-0.301661439934));
#9876 = CARTESIAN_POINT('',(-1.70478435972E-15,-0.373106106239));
#9877 = CARTESIAN_POINT('',(-1.70478435972E-15,-0.443450603945));
#9878 = CARTESIAN_POINT('',(-1.70478435972E-15,-0.512895531033));
#9879 = CARTESIAN_POINT('',(-1.70478435972E-15,-0.581631810168));
#9880 = CARTESIAN_POINT('',(-1.70478435972E-15,-0.649842920765));
#9881 = CARTESIAN_POINT('',(-1.70478435972E-15,-0.717706886775));
#9882 = CARTESIAN_POINT('',(-1.70478435972E-15,-0.785398163397));
#9883 = CARTESIAN_POINT('',(-1.70478435972E-15,-0.85308944002));
#9884 = CARTESIAN_POINT('',(-1.70478435972E-15,-0.92095340603));
#9885 = CARTESIAN_POINT('',(-1.70478435972E-15,-0.989164516627));
#9886 = CARTESIAN_POINT('',(-1.70478435972E-15,-1.057900795762));
#9887 = CARTESIAN_POINT('',(-1.70478435972E-15,-1.12734572285));
#9888 = CARTESIAN_POINT('',(-1.70478435972E-15,-1.197690220556));
#9889 = CARTESIAN_POINT('',(-1.70478435972E-15,-1.269134886861));
#9890 = CARTESIAN_POINT('',(-1.70478435972E-15,-1.341892168614));
#9891 = CARTESIAN_POINT('',(-1.70478435972E-15,-1.416189872242));
#9892 = CARTESIAN_POINT('',(-1.70478435972E-15,-1.492271114166));
#9893 = CARTESIAN_POINT('',(-1.70478435972E-15,-1.544363278267));
#9894 = CARTESIAN_POINT('',(-1.70478435972E-15,-1.570796326795));
#9895 = ( GEOMETRIC_REPRESENTATION_CONTEXT(2) 
PARAMETRIC_REPRESENTATION_CONTEXT() REPRESENTATION_CONTEXT('2D SPACE',''
  ) );
#9896 = PCURVE('',#9897,#9902);
#9897 = CYLINDRICAL_SURFACE('',#9898,6.35);
#9898 = AXIS2_PLACEMENT_3D('',#9899,#9900,#9901);
#9899 = CARTESIAN_POINT('',(-85.73060608859,6.35,41.989857962904));
#9900 = DIRECTION('',(0.866817109399,-1.113273447743E-16,-0.498626211558
    ));
#9901 = DIRECTION('',(-0.35258197547,0.707106781187,-0.612932256105));
#9902 = DEFINITIONAL_REPRESENTATION('',(#9903),#9907);
#9903 = LINE('',#9904,#9905);
#9904 = CARTESIAN_POINT('',(10.995574287564,138.42999942779));
#9905 = VECTOR('',#9906,1.);
#9906 = DIRECTION('',(-1.,0.));
#9907 = ( GEOMETRIC_REPRESENTATION_CONTEXT(2) 
PARAMETRIC_REPRESENTATION_CONTEXT() REPRESENTATION_CONTEXT('2D SPACE',''
  ) );
#9908 = ORIENTED_EDGE('',*,*,#9909,.T.);
#9909 = EDGE_CURVE('',#9859,#9910,#9912,.T.);
#9910 = VERTEX_POINT('',#9911);
#9911 = CARTESIAN_POINT('',(30.978429070963,6.503629032258,
    -32.46913075414));
#9912 = SURFACE_CURVE('',#9913,(#9922,#9934),.PCURVE_S1.);
#9913 = B_SPLINE_CURVE_WITH_KNOTS('',4,(#9914,#9915,#9916,#9917,#9918,
    #9919,#9920,#9921),.UNSPECIFIED.,.F.,.F.,(5,3,5),(0.,0.270783818506,
    1.),.UNSPECIFIED.);
#9914 = CARTESIAN_POINT('',(31.096609426134,6.35,-32.53925686248));
#9915 = CARTESIAN_POINT('',(31.08854669739,6.360399431062,
    -32.53461887386));
#9916 = CARTESIAN_POINT('',(31.080495160984,6.370799030595,
    -32.52996112619));
#9917 = CARTESIAN_POINT('',(31.072454845489,6.381198776727,
    -32.52528363399));
#9918 = CARTESIAN_POINT('',(31.042803648414,6.419605315971,
    -32.50793687271));
#9919 = CARTESIAN_POINT('',(31.021263075392,6.447612925095,
    -32.49514422762));
#9920 = CARTESIAN_POINT('',(30.9998046683,6.47562099638,-32.48220876699)
  );
#9921 = CARTESIAN_POINT('',(30.978429070963,6.503629032258,
    -32.46913075414));
#9922 = PCURVE('',#9100,#9923);
#9923 = DEFINITIONAL_REPRESENTATION('',(#9924),#9933);
#9924 = B_SPLINE_CURVE_WITH_KNOTS('',4,(#9925,#9926,#9927,#9928,#9929,
    #9930,#9931,#9932),.UNSPECIFIED.,.F.,.F.,(5,3,5),(0.,0.270783818506,
    1.),.UNSPECIFIED.);
#9925 = CARTESIAN_POINT('',(-1.703498453409E-15,-9.965781480887E-15));
#9926 = CARTESIAN_POINT('',(-2.033741453956E-03,1.819033654665E-03));
#9927 = CARTESIAN_POINT('',(-4.065459252543E-03,3.637797043301E-03));
#9928 = CARTESIAN_POINT('',(-6.095178198091E-03,5.456291508484E-03));
#9929 = CARTESIAN_POINT('',(-1.358360325915E-02,1.217096708147E-02));
#9930 = CARTESIAN_POINT('',(-1.902997271525E-02,1.706547456799E-02));
#9931 = CARTESIAN_POINT('',(-2.446250014429E-02,2.195803455145E-02));
#9932 = CARTESIAN_POINT('',(-2.98816385116E-02,2.684858172934E-02));
#9933 = ( GEOMETRIC_REPRESENTATION_CONTEXT(2) 
PARAMETRIC_REPRESENTATION_CONTEXT() REPRESENTATION_CONTEXT('2D SPACE',''
  ) );
#9934 = PCURVE('',#9897,#9935);
#9935 = DEFINITIONAL_REPRESENTATION('',(#9936),#9945);
#9936 = B_SPLINE_CURVE_WITH_KNOTS('',4,(#9937,#9938,#9939,#9940,#9941,
    #9942,#9943,#9944),.UNSPECIFIED.,.F.,.F.,(5,3,5),(0.,0.270783818506,
    1.),.UNSPECIFIED.);
#9937 = CARTESIAN_POINT('',(5.497787143782,138.42999942779));
#9938 = CARTESIAN_POINT('',(5.499424849461,138.42069789387));
#9939 = CARTESIAN_POINT('',(5.501062581671,138.41139620928));
#9940 = CARTESIAN_POINT('',(5.502700348681,138.40209440603));
#9941 = CARTESIAN_POINT('',(5.508748752363,138.36774269123));
#9942 = CARTESIAN_POINT('',(5.513159664042,138.34269220583));
#9943 = CARTESIAN_POINT('',(5.517571047248,138.3176417317));
#9944 = CARTESIAN_POINT('',(5.521983052984,138.2925919582));
#9945 = ( GEOMETRIC_REPRESENTATION_CONTEXT(2) 
PARAMETRIC_REPRESENTATION_CONTEXT() REPRESENTATION_CONTEXT('2D SPACE',''
  ) );
#9946 = ORIENTED_EDGE('',*,*,#9947,.F.);
#9947 = EDGE_CURVE('',#9077,#9910,#9948,.T.);
#9948 = SURFACE_CURVE('',#9949,(#10001,#10056),.PCURVE_S1.);
#9949 = B_SPLINE_CURVE_WITH_KNOTS('',8,(#9950,#9951,#9952,#9953,#9954,
    #9955,#9956,#9957,#9958,#9959,#9960,#9961,#9962,#9963,#9964,#9965,
    #9966,#9967,#9968,#9969,#9970,#9971,#9972,#9973,#9974,#9975,#9976,
    #9977,#9978,#9979,#9980,#9981,#9982,#9983,#9984,#9985,#9986,#9987,
    #9988,#9989,#9990,#9991,#9992,#9993,#9994,#9995,#9996,#9997,#9998,
    #9999,#10000),.UNSPECIFIED.,.F.,.F.,(9,7,7,7,7,7,7,9),(0.,
    5.084060198419E-02,0.367906323161,0.663336339311,0.780911600628,
    0.855834271116,0.953176615068,1.),.UNSPECIFIED.);
#9950 = CARTESIAN_POINT('',(30.103838651773,6.35,-31.7930368065));
#9951 = CARTESIAN_POINT('',(30.108684984141,6.35,-31.79770898982));
#9952 = CARTESIAN_POINT('',(30.113554697443,6.350020328256,
    -31.80238955268));
#9953 = CARTESIAN_POINT('',(30.118447500364,6.350060793002,
    -31.80707804779));
#9954 = CARTESIAN_POINT('',(30.123363107466,6.35012120205,-31.8117740384
    ));
#9955 = CARTESIAN_POINT('',(30.128301239183,6.35020136279,
    -31.81647709831));
#9956 = CARTESIAN_POINT('',(30.133261621824,6.35030108219,
    -31.82118681193));
#9957 = CARTESIAN_POINT('',(30.138243987571,6.350420166797,
    -31.82590277421));
#9958 = CARTESIAN_POINT('',(30.174455895857,6.351420651271,
    -31.8600720418));
#9959 = CARTESIAN_POINT('',(30.206507289356,6.353028520269,
    -31.8897459693));
#9960 = CARTESIAN_POINT('',(30.239340447716,6.355334934678,
    -31.91955244446));
#9961 = CARTESIAN_POINT('',(30.272899940657,6.358293040175,
    -31.94941035293));
#9962 = CARTESIAN_POINT('',(30.307135839952,6.361856818892,
    -31.97924972022));
#9963 = CARTESIAN_POINT('',(30.342002844498,6.365981685142,
    -32.0090100372));
#9964 = CARTESIAN_POINT('',(30.377459405385,6.370625081145,
    -32.03863858566));
#9965 = CARTESIAN_POINT('',(30.447017246104,6.380519553553,
    -32.09552934166));
#9966 = CARTESIAN_POINT('',(30.481044656064,6.385707325934,
    -32.12281405593));
#9967 = CARTESIAN_POINT('',(30.515515968005,6.391277949104,
    -32.14990399781));
#9968 = CARTESIAN_POINT('',(30.550399677066,6.39720021307,-32.1767643804
    ));
#9969 = CARTESIAN_POINT('',(30.585660660225,6.403445534151,
    -32.20336099748));
#9970 = CARTESIAN_POINT('',(30.621262018685,6.409987352268,
    -32.22966089426));
#9971 = CARTESIAN_POINT('',(30.657160021629,6.416802441604,
    -32.25562907772));
#9972 = CARTESIAN_POINT('',(30.707652493346,6.426693995799,
    -32.29139502311));
#9973 = CARTESIAN_POINT('',(30.722061411559,6.429551177864,
    -32.30151592456));
#9974 = CARTESIAN_POINT('',(30.736500254729,6.432448780471,
    -32.31157258568));
#9975 = CARTESIAN_POINT('',(30.750963034332,6.435386338622,
    -32.32156105625));
#9976 = CARTESIAN_POINT('',(30.765442601985,6.438363690073,-32.331476738
    ));
#9977 = CARTESIAN_POINT('',(30.77992995087,6.44138116676,-32.34131397864
    ));
#9978 = CARTESIAN_POINT('',(30.794412673978,6.444440021766,
    -32.35106517039));
#9979 = CARTESIAN_POINT('',(30.818086887513,6.449520466093,
    -32.36687130343));
#9980 = CARTESIAN_POINT('',(30.827291588698,6.45151573903,-32.3729836365
    ));
#9981 = CARTESIAN_POINT('',(30.836482260808,6.453529679653,
    -32.37905370724));
#9982 = CARTESIAN_POINT('',(30.845652939809,6.45556335466,
    -32.38507794507));
#9983 = CARTESIAN_POINT('',(30.854796170152,6.457618113592,
    -32.3910518943));
#9984 = CARTESIAN_POINT('',(30.863902306902,6.459695771778,
    -32.39696981086));
#9985 = CARTESIAN_POINT('',(30.872958069374,6.461798991078,
    -32.40282381549));
#9986 = CARTESIAN_POINT('',(30.893619654367,6.466702959648,
    -32.41611062106));
#9987 = CARTESIAN_POINT('',(30.905106400175,6.469507349885,
    -32.42344584898));
#9988 = CARTESIAN_POINT('',(30.91643900163,6.472369587438,
    -32.43063364204));
#9989 = CARTESIAN_POINT('',(30.927579425329,6.475312162393,
    -32.43765208357));
#9990 = CARTESIAN_POINT('',(30.93844906696,6.478350404175,
    -32.44445405382));
#9991 = CARTESIAN_POINT('',(30.948809217451,6.481513047866,
    -32.45089501649));
#9992 = CARTESIAN_POINT('',(30.958370162711,6.484822612042,
    -32.45680431341));
#9993 = CARTESIAN_POINT('',(30.97008374472,6.490115242541,
    -32.46401616744));
#9994 = CARTESIAN_POINT('',(30.97354797297,6.491914175577,
    -32.46614374659));
#9995 = CARTESIAN_POINT('',(30.976502544961,6.493782967524,
    -32.4679540054));
#9996 = CARTESIAN_POINT('',(30.978773804914,6.495710221552,
    -32.46934251359));
#9997 = CARTESIAN_POINT('',(30.980167643567,6.497682287298,
    -32.47019366407));
#9998 = CARTESIAN_POINT('',(30.980547808981,6.499680270621,
    -32.47042623097));
#9999 = CARTESIAN_POINT('',(30.979919512635,6.501676135075,
    -32.47004263581));
#10000 = CARTESIAN_POINT('',(30.978429070963,6.503629032258,
    -32.46913075414));
#10001 = PCURVE('',#9100,#10002);
#10002 = DEFINITIONAL_REPRESENTATION('',(#10003),#10055);
#10003 = B_SPLINE_CURVE_WITH_KNOTS('',8,(#10004,#10005,#10006,#10007,
    #10008,#10009,#10010,#10011,#10012,#10013,#10014,#10015,#10016,
    #10017,#10018,#10019,#10020,#10021,#10022,#10023,#10024,#10025,
    #10026,#10027,#10028,#10029,#10030,#10031,#10032,#10033,#10034,
    #10035,#10036,#10037,#10038,#10039,#10040,#10041,#10042,#10043,
    #10044,#10045,#10046,#10047,#10048,#10049,#10050,#10051,#10052,
    #10053,#10054),.UNSPECIFIED.,.F.,.F.,(9,7,7,7,7,7,7,9),(0.,
    5.084060198419E-02,0.367906323161,0.663336339311,0.780911600628,
    0.855834271116,0.953176615068,1.),.UNSPECIFIED.);
#10004 = CARTESIAN_POINT('',(-0.260318505567,-2.116348045059E-14));
#10005 = CARTESIAN_POINT('',(-0.258965847406,-2.116189153498E-14));
#10006 = CARTESIAN_POINT('',(-0.257608071055,3.642846543733E-06));
#10007 = CARTESIAN_POINT('',(-0.256245268512,1.089032765105E-05));
#10008 = CARTESIAN_POINT('',(-0.25487752949,2.170424656809E-05));
#10009 = CARTESIAN_POINT('',(-0.253504941411,3.604642185188E-05));
#10010 = CARTESIAN_POINT('',(-0.252127589415,5.387868734922E-05));
#10011 = CARTESIAN_POINT('',(-0.250745556351,7.516289219666E-05));
#10012 = CARTESIAN_POINT('',(-0.240711228725,2.53889209108E-04));
#10013 = CARTESIAN_POINT('',(-0.231884955069,5.406960866988E-04));
#10014 = CARTESIAN_POINT('',(-0.222899148855,9.510088538042E-04));
#10015 = CARTESIAN_POINT('',(-0.213770202085,1.475767656794E-03));
#10016 = CARTESIAN_POINT('',(-0.204512220008,2.106225872274E-03));
#10017 = CARTESIAN_POINT('',(-0.195137389407,2.834050511163E-03));
#10018 = CARTESIAN_POINT('',(-0.185656346878,3.651422622772E-03));
#10019 = CARTESIAN_POINT('',(-0.167154310436,5.389458657956E-03));
#10020 = CARTESIAN_POINT('',(-0.158146400033,6.299227748695E-03));
#10021 = CARTESIAN_POINT('',(-0.149062923531,7.274585787595E-03));
#10022 = CARTESIAN_POINT('',(-0.139911230993,8.309995386827E-03));
#10023 = CARTESIAN_POINT('',(-0.130699298117,9.400472390584E-03));
#10024 = CARTESIAN_POINT('',(-0.121435312169,1.0541466649E-02));
#10025 = CARTESIAN_POINT('',(-0.11212898998,1.1729076773E-02));
#10026 = CARTESIAN_POINT('',(-9.908467188964E-02,1.345167725008E-02));
#10027 = CARTESIAN_POINT('',(-9.536737157748E-02,1.394912932368E-02));
#10028 = CARTESIAN_POINT('',(-9.164734478053E-02,1.445351108915E-02));
#10029 = CARTESIAN_POINT('',(-8.792600601719E-02,1.496475582814E-02));
#10030 = CARTESIAN_POINT('',(-8.420505938229E-02,1.548285092456E-02));
#10031 = CARTESIAN_POINT('',(-8.04866750046E-02,1.60078711715E-02));
#10032 = CARTESIAN_POINT('',(-7.677387857385E-02,1.654005320948E-02));
#10033 = CARTESIAN_POINT('',(-7.071166083673E-02,1.742392559448E-02));
#10034 = CARTESIAN_POINT('',(-6.835634489027E-02,1.777104733528E-02));
#10035 = CARTESIAN_POINT('',(-6.600629319316E-02,1.81214154117E-02));
#10036 = CARTESIAN_POINT('',(-6.36629830829E-02,1.847522108244E-02));
#10037 = CARTESIAN_POINT('',(-6.132826885394E-02,1.883270516546E-02));
#10038 = CARTESIAN_POINT('',(-5.900455776244E-02,1.919418997935E-02));
#10039 = CARTESIAN_POINT('',(-5.669517532082E-02,1.956014583218E-02));
#10040 = CARTESIAN_POINT('',(-5.142933410595E-02,2.041349915694E-02));
#10041 = CARTESIAN_POINT('',(-4.850419848002E-02,2.090155178947E-02));
#10042 = CARTESIAN_POINT('',(-4.562053335232E-02,2.139973959725E-02));
#10043 = CARTESIAN_POINT('',(-4.278786399212E-02,2.191199948966E-02));
#10044 = CARTESIAN_POINT('',(-4.002602004312E-02,2.244102074757E-02));
#10045 = CARTESIAN_POINT('',(-3.739539356441E-02,2.299185027386E-02));
#10046 = CARTESIAN_POINT('',(-3.496911638724E-02,2.356844124247E-02));
#10047 = CARTESIAN_POINT('',(-3.199768928485E-02,2.449092141053E-02));
#10048 = CARTESIAN_POINT('',(-3.111911868587E-02,2.480452474583E-02));
#10049 = CARTESIAN_POINT('',(-3.036997492457E-02,2.513037519287E-02));
#10050 = CARTESIAN_POINT('',(-2.979420862595E-02,2.54664994303E-02));
#10051 = CARTESIAN_POINT('',(-2.944090650502E-02,2.581053091982E-02));
#10052 = CARTESIAN_POINT('',(-2.93445281964E-02,2.615918655679E-02));
#10053 = CARTESIAN_POINT('',(-2.950378195286E-02,2.650758188735E-02));
#10054 = CARTESIAN_POINT('',(-2.988163851159E-02,2.684858172934E-02));
#10055 = ( GEOMETRIC_REPRESENTATION_CONTEXT(2) 
PARAMETRIC_REPRESENTATION_CONTEXT() REPRESENTATION_CONTEXT('2D SPACE',''
  ) );
#10056 = PCURVE('',#9171,#10057);
#10057 = DEFINITIONAL_REPRESENTATION('',(#10058),#10110);
#10058 = B_SPLINE_CURVE_WITH_KNOTS('',8,(#10059,#10060,#10061,#10062,
    #10063,#10064,#10065,#10066,#10067,#10068,#10069,#10070,#10071,
    #10072,#10073,#10074,#10075,#10076,#10077,#10078,#10079,#10080,
    #10081,#10082,#10083,#10084,#10085,#10086,#10087,#10088,#10089,
    #10090,#10091,#10092,#10093,#10094,#10095,#10096,#10097,#10098,
    #10099,#10100,#10101,#10102,#10103,#10104,#10105,#10106,#10107,
    #10108,#10109),.UNSPECIFIED.,.F.,.F.,(9,7,7,7,7,7,7,9),(0.,
    5.084060198419E-02,0.367906323161,0.663336339311,0.780911600628,
    0.855834271116,0.953176615068,1.),.UNSPECIFIED.);
#10059 = CARTESIAN_POINT('',(0.,85.127363283165));
#10060 = CARTESIAN_POINT('',(1.08894672322E-02,85.133893840044));
#10061 = CARTESIAN_POINT('',(2.174963688291E-02,85.140448842183));
#10062 = CARTESIAN_POINT('',(3.258085783476E-02,85.147027814021));
#10063 = CARTESIAN_POINT('',(4.338347826093E-02,85.153630290364));
#10064 = CARTESIAN_POINT('',(5.415784562513E-02,85.160255816373));
#10065 = CARTESIAN_POINT('',(6.490430668158E-02,85.166903947575));
#10066 = CARTESIAN_POINT('',(7.562320747507E-02,85.173574249855));
#10067 = CARTESIAN_POINT('',(0.152993236188,85.222001043973));
#10068 = CARTESIAN_POINT('',(0.21861038505,85.264579938288));
#10069 = CARTESIAN_POINT('',(0.283254466433,85.3079025715));
#10070 = CARTESIAN_POINT('',(0.347006986501,85.35188044995));
#10071 = CARTESIAN_POINT('',(0.409945249973,85.396435403879));
#10072 = CARTESIAN_POINT('',(0.472144779026,85.441497994084));
#10073 = CARTESIAN_POINT('',(0.53368173219,85.487005918575));
#10074 = CARTESIAN_POINT('',(0.65142960654,85.575667067139));
#10075 = CARTESIAN_POINT('',(0.707715219987,85.618767481992));
#10076 = CARTESIAN_POINT('',(0.763555454611,85.662155560058));
#10077 = CARTESIAN_POINT('',(0.819011231982,85.705786646723));
#10078 = CARTESIAN_POINT('',(0.874151459622,85.749613240633));
#10079 = CARTESIAN_POINT('',(0.929049977094,85.79358692516));
#10080 = CARTESIAN_POINT('',(0.983795253378,85.837652345244));
#10081 = CARTESIAN_POINT('',(1.060325915286,85.899253921479));
#10082 = CARTESIAN_POINT('',(1.082112345003,85.916790365059));
#10083 = CARTESIAN_POINT('',(1.103907825488,85.934320716196));
#10084 = CARTESIAN_POINT('',(1.125724010909,85.951837814243));
#10085 = CARTESIAN_POINT('',(1.147574406646,85.969333170048));
#10086 = CARTESIAN_POINT('',(1.169475668024,85.986796157962));
#10087 = CARTESIAN_POINT('',(1.19145046057,86.004212229943));
#10088 = CARTESIAN_POINT('',(1.227602860933,86.032614795524));
#10089 = CARTESIAN_POINT('',(1.241716738834,86.043641357481));
#10090 = CARTESIAN_POINT('',(1.255882344274,86.054634685692));
#10091 = CARTESIAN_POINT('',(1.270110432719,86.065587830041));
#10092 = CARTESIAN_POINT('',(1.284413608051,86.076492106209));
#10093 = CARTESIAN_POINT('',(1.298807555644,86.087336289661));
#10094 = CARTESIAN_POINT('',(1.313313586783,86.098104939661));
#10095 = CARTESIAN_POINT('',(1.346994904752,86.122639904565));
#10096 = CARTESIAN_POINT('',(1.366153392034,86.136254349271));
#10097 = CARTESIAN_POINT('',(1.385614805156,86.149661664131));
#10098 = CARTESIAN_POINT('',(1.405536799587,86.162817952906));
#10099 = CARTESIAN_POINT('',(1.426027111634,86.175631584904));
#10100 = CARTESIAN_POINT('',(1.447284046967,86.187823573422));
#10101 = CARTESIAN_POINT('',(1.469464768476,86.199057694691));
#10102 = CARTESIAN_POINT('',(1.504855023745,86.212807247443));
#10103 = CARTESIAN_POINT('',(1.516872242198,86.216870966489));
#10104 = CARTESIAN_POINT('',(1.529345314088,86.220334682537));
#10105 = CARTESIAN_POINT('',(1.54219965372,86.222995796102));
#10106 = CARTESIAN_POINT('',(1.555346727449,86.224628405234));
#10107 = CARTESIAN_POINT('',(1.568664140772,86.225073903069));
#10108 = CARTESIAN_POINT('',(1.581969109484,86.224338014448));
#10109 = CARTESIAN_POINT('',(1.594992235997,86.222591386005));
#10110 = ( GEOMETRIC_REPRESENTATION_CONTEXT(2) 
PARAMETRIC_REPRESENTATION_CONTEXT() REPRESENTATION_CONTEXT('2D SPACE',''
  ) );
#10111 = ADVANCED_FACE('',(#10112),#9171,.T.);
#10112 = FACE_BOUND('',#10113,.T.);
#10113 = EDGE_LOOP('',(#10114,#10260,#10281,#10282));
#10114 = ORIENTED_EDGE('',*,*,#10115,.T.);
#10115 = EDGE_CURVE('',#9156,#10116,#10118,.T.);
#10116 = VERTEX_POINT('',#10117);
#10117 = CARTESIAN_POINT('',(-43.64168121355,6.503629032258,
    10.455198373396));
#10118 = SURFACE_CURVE('',#10119,(#10164,#10212),.PCURVE_S1.);
#10119 = B_SPLINE_CURVE_WITH_KNOTS('',8,(#10120,#10121,#10122,#10123,
    #10124,#10125,#10126,#10127,#10128,#10129,#10130,#10131,#10132,
    #10133,#10134,#10135,#10136,#10137,#10138,#10139,#10140,#10141,
    #10142,#10143,#10144,#10145,#10146,#10147,#10148,#10149,#10150,
    #10151,#10152,#10153,#10154,#10155,#10156,#10157,#10158,#10159,
    #10160,#10161,#10162,#10163),.UNSPECIFIED.,.F.,.F.,(9,7,7,7,7,7,9),(
    0.,0.600441534803,0.663556918241,0.811473011669,0.878989559608,
    0.937883655508,1.),.UNSPECIFIED.);
#10120 = CARTESIAN_POINT('',(-42.61754671627,6.35,10.039073441614));
#10121 = CARTESIAN_POINT('',(-42.69397732533,6.35,10.060796911473));
#10122 = CARTESIAN_POINT('',(-42.77302935317,6.352832256582,
    10.08474197254));
#10123 = CARTESIAN_POINT('',(-42.85387451385,6.358177917588,
    10.110877562526));
#10124 = CARTESIAN_POINT('',(-42.93586881949,6.36571794191,
    10.139150690949));
#10125 = CARTESIAN_POINT('',(-43.01853219003,6.375139124808,
    10.169511205777));
#10126 = CARTESIAN_POINT('',(-43.10142642652,6.386170471743,
    10.201864922661));
#10127 = CARTESIAN_POINT('',(-43.18427621557,6.398546612012,
    10.236164334443));
#10128 = CARTESIAN_POINT('',(-43.27527750783,6.413520069921,
    10.27601859873));
#10129 = CARTESIAN_POINT('',(-43.28392727677,6.414957198981,
    10.27982871776));
#10130 = CARTESIAN_POINT('',(-43.2925704978,6.416407018103,
    10.283657918964));
#10131 = CARTESIAN_POINT('',(-43.3012065543,6.417869331406,
    10.28750594326));
#10132 = CARTESIAN_POINT('',(-43.30983478188,6.41934395933,
    10.29137250089));
#10133 = CARTESIAN_POINT('',(-43.31845446841,6.420830738647,
    10.295257271419));
#10134 = CARTESIAN_POINT('',(-43.32706485399,6.422329522453,
    10.299159903741));
#10135 = CARTESIAN_POINT('',(-43.35582058762,6.42738053081,
    10.312267121811));
#10136 = CARTESIAN_POINT('',(-43.37591958588,6.430986052059,
    10.321549778915));
#10137 = CARTESIAN_POINT('',(-43.39595306003,6.434655023781,
    10.330923728023));
#10138 = CARTESIAN_POINT('',(-43.4159070366,6.438386953558,
    10.340381918372));
#10139 = CARTESIAN_POINT('',(-43.43576522005,6.442181866276,
    10.349915931714));
#10140 = CARTESIAN_POINT('',(-43.45550647851,6.446040987145,
    10.359514540084));
#10141 = CARTESIAN_POINT('',(-43.47509722986,6.449968818184,
    10.369159397428));
#10142 = CARTESIAN_POINT('',(-43.50332544494,6.455805970563,
    10.383226488785));
#10143 = CARTESIAN_POINT('',(-43.51212785792,6.457651891135,
    10.38763759034));
#10144 = CARTESIAN_POINT('',(-43.52088076429,6.459515521953,
    10.392048249855));
#10145 = CARTESIAN_POINT('',(-43.52957684202,6.461398355844,
    10.396454389387));
#10146 = CARTESIAN_POINT('',(-43.53820676839,6.463302199307,
    10.400850823529));
#10147 = CARTESIAN_POINT('',(-43.54675832093,6.465229400225,
    10.405230744054));
#10148 = CARTESIAN_POINT('',(-43.55521446046,6.467183330344,
    10.409584638616));
#10149 = CARTESIAN_POINT('',(-43.57082176046,6.47090131174,
    10.417661712357));
#10150 = CARTESIAN_POINT('',(-43.5779956441,6.472656417148,
    10.421391308383));
#10151 = CARTESIAN_POINT('',(-43.58506228567,6.474438977745,
    10.425081664791));
#10152 = CARTESIAN_POINT('',(-43.5919998755,6.476254073435,
    10.428720589665));
#10153 = CARTESIAN_POINT('',(-43.59877666588,6.478106974403,
    10.432290471716));
#10154 = CARTESIAN_POINT('',(-43.60534686742,6.480004007223,
    10.435765894873));
#10155 = CARTESIAN_POINT('',(-43.61164033196,6.481954637719,
    10.439107861701));
#10156 = CARTESIAN_POINT('',(-43.6237748273,6.486105430163,
    10.445573557258));
#10157 = CARTESIAN_POINT('',(-43.62965175917,6.488341008047,
    10.448717680621));
#10158 = CARTESIAN_POINT('',(-43.63498706017,6.490689081528,
    10.451583549371));
#10159 = CARTESIAN_POINT('',(-43.63945772241,6.4931474865,
    10.453993984738));
#10160 = CARTESIAN_POINT('',(-43.6427133232,6.495703168749,
    10.455755909771));
#10161 = CARTESIAN_POINT('',(-43.64419116687,6.498341905374,
    10.456554581822));
#10162 = CARTESIAN_POINT('',(-43.64373754939,6.501017245999,
    10.456308337723));
#10163 = CARTESIAN_POINT('',(-43.64168121355,6.503629032258,
    10.455198373396));
#10164 = PCURVE('',#9171,#10165);
#10165 = DEFINITIONAL_REPRESENTATION('',(#10166),#10211);
#10166 = B_SPLINE_CURVE_WITH_KNOTS('',8,(#10167,#10168,#10169,#10170,
    #10171,#10172,#10173,#10174,#10175,#10176,#10177,#10178,#10179,
    #10180,#10181,#10182,#10183,#10184,#10185,#10186,#10187,#10188,
    #10189,#10190,#10191,#10192,#10193,#10194,#10195,#10196,#10197,
    #10198,#10199,#10200,#10201,#10202,#10203,#10204,#10205,#10206,
    #10207,#10208,#10209,#10210),.UNSPECIFIED.,.F.,.F.,(9,7,7,7,7,7,9),(
    0.,0.600441534803,0.663556918241,0.811473011669,0.878989559608,
    0.937883655508,1.),.UNSPECIFIED.);
#10167 = CARTESIAN_POINT('',(0.,1.232635572426));
#10168 = CARTESIAN_POINT('',(0.128533531273,1.155552321336));
#10169 = CARTESIAN_POINT('',(0.252943784308,1.075089035984));
#10170 = CARTESIAN_POINT('',(0.373886995929,0.99197917727));
#10171 = CARTESIAN_POINT('',(0.491912742787,0.906807387357));
#10172 = CARTESIAN_POINT('',(0.60746054792,0.820014814956));
#10173 = CARTESIAN_POINT('',(0.721076432414,0.732028261217));
#10174 = CARTESIAN_POINT('',(0.833172269426,0.643110060802));
#10175 = CARTESIAN_POINT('',(0.95636634605,0.544356202885));
#10176 = CARTESIAN_POINT('',(0.968076825834,0.534958609956));
#10177 = CARTESIAN_POINT('',(0.979780926121,0.525557177994));
#10178 = CARTESIAN_POINT('',(0.991479703168,0.516152570687));
#10179 = CARTESIAN_POINT('',(1.003174307488,0.506745508413));
#10180 = CARTESIAN_POINT('',(1.014865983845,0.497336768242));
#10181 = CARTESIAN_POINT('',(1.026556071258,0.487927183933));
#10182 = CARTESIAN_POINT('',(1.065642319726,0.456465619537));
#10183 = CARTESIAN_POINT('',(1.093037354784,0.434414887819));
#10184 = CARTESIAN_POINT('',(1.120449499145,0.412375432936));
#10185 = CARTESIAN_POINT('',(1.147904725157,0.390362883019));
#10186 = CARTESIAN_POINT('',(1.175432010785,0.368395560895));
#10187 = CARTESIAN_POINT('',(1.203067996377,0.346497382567));
#10188 = CARTESIAN_POINT('',(1.230870873952,0.324706605434));
#10189 = CARTESIAN_POINT('',(1.271757310176,0.293223685165));
#10190 = CARTESIAN_POINT('',(1.284626597643,0.283394112129));
#10191 = CARTESIAN_POINT('',(1.297561742797,0.273607672691));
#10192 = CARTESIAN_POINT('',(1.310575326745,0.263872747069));
#10193 = CARTESIAN_POINT('',(1.323681986483,0.254200001934));
#10194 = CARTESIAN_POINT('',(1.33689995059,0.244603426701));
#10195 = CARTESIAN_POINT('',(1.350254264445,0.235102534324));
#10196 = CARTESIAN_POINT('',(1.375581573311,0.217546418977));
#10197 = CARTESIAN_POINT('',(1.387504124209,0.209468299559));
#10198 = CARTESIAN_POINT('',(1.399581588306,0.201502705308));
#10199 = CARTESIAN_POINT('',(1.41184950983,0.193674620416));
#10200 = CARTESIAN_POINT('',(1.424344576014,0.186020345808));
#10201 = CARTESIAN_POINT('',(1.437110521712,0.178592245619));
#10202 = CARTESIAN_POINT('',(1.450212109196,0.17147057062));
#10203 = CARTESIAN_POINT('',(1.478043343142,0.157728217163));
#10204 = CARTESIAN_POINT('',(1.493007918881,0.151066249751));
#10205 = CARTESIAN_POINT('',(1.508702021418,0.145012522281));
#10206 = CARTESIAN_POINT('',(1.52511229541,0.139935369506));
#10207 = CARTESIAN_POINT('',(1.542155509203,0.136234817037));
#10208 = CARTESIAN_POINT('',(1.559742791514,0.13455555804));
#10209 = CARTESIAN_POINT('',(1.577575229529,0.135071545193));
#10210 = CARTESIAN_POINT('',(1.594992235997,0.137407469585));
#10211 = ( GEOMETRIC_REPRESENTATION_CONTEXT(2) 
PARAMETRIC_REPRESENTATION_CONTEXT() REPRESENTATION_CONTEXT('2D SPACE',''
  ) );
#10212 = PCURVE('',#9200,#10213);
#10213 = DEFINITIONAL_REPRESENTATION('',(#10214),#10259);
#10214 = B_SPLINE_CURVE_WITH_KNOTS('',8,(#10215,#10216,#10217,#10218,
    #10219,#10220,#10221,#10222,#10223,#10224,#10225,#10226,#10227,
    #10228,#10229,#10230,#10231,#10232,#10233,#10234,#10235,#10236,
    #10237,#10238,#10239,#10240,#10241,#10242,#10243,#10244,#10245,
    #10246,#10247,#10248,#10249,#10250,#10251,#10252,#10253,#10254,
    #10255,#10256,#10257,#10258),.UNSPECIFIED.,.F.,.F.,(9,7,7,7,7,7,9),(
    0.,0.600441534803,0.663556918241,0.811473011669,0.878989559608,
    0.937883655508,1.),.UNSPECIFIED.);
#10215 = CARTESIAN_POINT('',(-0.260318505567,-3.14159265359));
#10216 = CARTESIAN_POINT('',(-0.244352441623,-3.14159265359));
#10217 = CARTESIAN_POINT('',(-0.227678634354,-3.142100196223));
#10218 = CARTESIAN_POINT('',(-0.21043830031,-3.143051831552));
#10219 = CARTESIAN_POINT('',(-0.19273904773,-3.144385691323));
#10220 = CARTESIAN_POINT('',(-0.17465664428,-3.146043549287));
#10221 = CARTESIAN_POINT('',(-0.156264060865,-3.147976631773));
#10222 = CARTESIAN_POINT('',(-0.137598797006,-3.15013870488));
#10223 = CARTESIAN_POINT('',(-0.116766439436,-3.152749300197));
#10224 = CARTESIAN_POINT('',(-0.114782976187,-3.152999813365));
#10225 = CARTESIAN_POINT('',(-0.112797665442,-3.153252492698));
#10226 = CARTESIAN_POINT('',(-0.110810629014,-3.153507305534));
#10227 = CARTESIAN_POINT('',(-0.108822001108,-3.153764222187));
#10228 = CARTESIAN_POINT('',(-0.106831928324,-3.154023215942));
#10229 = CARTESIAN_POINT('',(-0.104840569656,-3.154284263064));
#10230 = CARTESIAN_POINT('',(-9.817857170418E-02,-3.155163891762));
#10231 = CARTESIAN_POINT('',(-9.350314782321E-02,-3.155791596655));
#10232 = CARTESIAN_POINT('',(-8.882371449755E-02,-3.15643018314));
#10233 = CARTESIAN_POINT('',(-8.414338825477E-02,-3.157079594668));
#10234 = CARTESIAN_POINT('',(-7.946587174602E-02,-3.157739868043));
#10235 = CARTESIAN_POINT('',(-7.479608724012E-02,-3.158411252336));
#10236 = CARTESIAN_POINT('',(-7.014208436339E-02,-3.159094571121));
#10237 = CARTESIAN_POINT('',(-6.340765242432E-02,-3.160110092144));
#10238 = CARTESIAN_POINT('',(-6.130353207621E-02,-3.160431242644));
#10239 = CARTESIAN_POINT('',(-5.920713617104E-02,-3.160755484425));
#10240 = CARTESIAN_POINT('',(-5.712026336157E-02,-3.161083082019));
#10241 = CARTESIAN_POINT('',(-5.504520892331E-02,-3.161414354871));
#10242 = CARTESIAN_POINT('',(-5.298499106826E-02,-3.161749717114));
#10243 = CARTESIAN_POINT('',(-5.094383047233E-02,-3.162089761834));
#10244 = CARTESIAN_POINT('',(-4.716938963343E-02,-3.162736878183));
#10245 = CARTESIAN_POINT('',(-4.543153735637E-02,-3.163042383811));
#10246 = CARTESIAN_POINT('',(-4.371679837329E-02,-3.163352701472));
#10247 = CARTESIAN_POINT('',(-4.203059281313E-02,-3.163668721351));
#10248 = CARTESIAN_POINT('',(-4.038079333421E-02,-3.163991367553));
#10249 = CARTESIAN_POINT('',(-3.87787639497E-02,-3.164321749399));
#10250 = CARTESIAN_POINT('',(-3.724193309002E-02,-3.164661525566));
#10251 = CARTESIAN_POINT('',(-3.427486197153E-02,-3.165384692952));
#10252 = CARTESIAN_POINT('',(-3.283561973381E-02,-3.165774262476));
#10253 = CARTESIAN_POINT('',(-3.152697773082E-02,-3.166183529835));
#10254 = CARTESIAN_POINT('',(-3.042880976713E-02,-3.166612144554));
#10255 = CARTESIAN_POINT('',(-2.962792222957E-02,-3.167057859754));
#10256 = CARTESIAN_POINT('',(-2.926457241846E-02,-3.167518229597));
#10257 = CARTESIAN_POINT('',(-2.937629671652E-02,-3.167985185349));
#10258 = CARTESIAN_POINT('',(-2.988163851143E-02,-3.168441235319));
#10259 = ( GEOMETRIC_REPRESENTATION_CONTEXT(2) 
PARAMETRIC_REPRESENTATION_CONTEXT() REPRESENTATION_CONTEXT('2D SPACE',''
  ) );
#10260 = ORIENTED_EDGE('',*,*,#10261,.T.);
#10261 = EDGE_CURVE('',#10116,#9910,#10262,.T.);
#10262 = SURFACE_CURVE('',#10263,(#10267,#10274),.PCURVE_S1.);
#10263 = LINE('',#10264,#10265);
#10264 = CARTESIAN_POINT('',(-43.76078835915,6.503629032258,
    10.523713339395));
#10265 = VECTOR('',#10266,1.);
#10266 = DIRECTION('',(0.866817109399,-1.113273447743E-16,
    -0.498626211558));
#10267 = PCURVE('',#9171,#10268);
#10268 = DEFINITIONAL_REPRESENTATION('',(#10269),#10273);
#10269 = LINE('',#10270,#10271);
#10270 = CARTESIAN_POINT('',(1.594992235997,0.));
#10271 = VECTOR('',#10272,1.);
#10272 = DIRECTION('',(0.,1.));
#10273 = ( GEOMETRIC_REPRESENTATION_CONTEXT(2) 
PARAMETRIC_REPRESENTATION_CONTEXT() REPRESENTATION_CONTEXT('2D SPACE',''
  ) );
#10274 = PCURVE('',#9897,#10275);
#10275 = DEFINITIONAL_REPRESENTATION('',(#10276),#10280);
#10276 = LINE('',#10277,#10278);
#10277 = CARTESIAN_POINT('',(5.521983052984,52.070000572205));
#10278 = VECTOR('',#10279,1.);
#10279 = DIRECTION('',(0.,1.));
#10280 = ( GEOMETRIC_REPRESENTATION_CONTEXT(2) 
PARAMETRIC_REPRESENTATION_CONTEXT() REPRESENTATION_CONTEXT('2D SPACE',''
  ) );
#10281 = ORIENTED_EDGE('',*,*,#9947,.F.);
#10282 = ORIENTED_EDGE('',*,*,#9155,.F.);
#10283 = ADVANCED_FACE('',(#10284),#9685,.F.);
#10284 = FACE_BOUND('',#10285,.T.);
#10285 = EDGE_LOOP('',(#10286,#10310,#10311,#10312));
#10286 = ORIENTED_EDGE('',*,*,#10287,.T.);
#10287 = EDGE_CURVE('',#10288,#9649,#10290,.T.);
#10288 = VERTEX_POINT('',#10289);
#10289 = CARTESIAN_POINT('',(31.574761249876,5.08,-21.52004035451));
#10290 = SURFACE_CURVE('',#10291,(#10296,#10303),.PCURVE_S1.);
#10291 = CIRCLE('',#10292,3.175);
#10292 = AXIS2_PLACEMENT_3D('',#10293,#10294,#10295);
#10293 = CARTESIAN_POINT('',(33.025731397177,6.35,-18.99765841839));
#10294 = DIRECTION('',(0.866817109399,-1.113273447743E-16,
    -0.498626211558));
#10295 = DIRECTION('',(-0.498626211558,-2.288617978788E-14,
    -0.866817109399));
#10296 = PCURVE('',#9685,#10297);
#10297 = DEFINITIONAL_REPRESENTATION('',(#10298),#10302);
#10298 = CIRCLE('',#10299,3.175);
#10299 = AXIS2_PLACEMENT_2D('',#10300,#10301);
#10300 = CARTESIAN_POINT('',(12.7,6.35));
#10301 = DIRECTION('',(1.,-2.295618717056E-14));
#10302 = ( GEOMETRIC_REPRESENTATION_CONTEXT(2) 
PARAMETRIC_REPRESENTATION_CONTEXT() REPRESENTATION_CONTEXT('2D SPACE',''
  ) );
#10303 = PCURVE('',#9607,#10304);
#10304 = DEFINITIONAL_REPRESENTATION('',(#10305),#10309);
#10305 = LINE('',#10306,#10307);
#10306 = CARTESIAN_POINT('',(12.566370614359,152.4000005722));
#10307 = VECTOR('',#10308,1.);
#10308 = DIRECTION('',(-1.,0.));
#10309 = ( GEOMETRIC_REPRESENTATION_CONTEXT(2) 
PARAMETRIC_REPRESENTATION_CONTEXT() REPRESENTATION_CONTEXT('2D SPACE',''
  ) );
#10310 = ORIENTED_EDGE('',*,*,#9671,.T.);
#10311 = ORIENTED_EDGE('',*,*,#9761,.F.);
#10312 = ORIENTED_EDGE('',*,*,#10313,.F.);
#10313 = EDGE_CURVE('',#10288,#9762,#10314,.T.);
#10314 = SURFACE_CURVE('',#10315,(#10319,#10326),.PCURVE_S1.);
#10315 = LINE('',#10316,#10317);
#10316 = CARTESIAN_POINT('',(36.192007840573,5.08,-13.49336977371));
#10317 = VECTOR('',#10318,1.);
#10318 = DIRECTION('',(-0.498626211558,7.000738268404E-17,
    -0.866817109399));
#10319 = PCURVE('',#9685,#10320);
#10320 = DEFINITIONAL_REPRESENTATION('',(#10321),#10325);
#10321 = LINE('',#10322,#10323);
#10322 = CARTESIAN_POINT('',(6.35,5.08));
#10323 = VECTOR('',#10324,1.);
#10324 = DIRECTION('',(1.,-2.234078735489E-32));
#10325 = ( GEOMETRIC_REPRESENTATION_CONTEXT(2) 
PARAMETRIC_REPRESENTATION_CONTEXT() REPRESENTATION_CONTEXT('2D SPACE',''
  ) );
#10326 = PCURVE('',#9846,#10327);
#10327 = DEFINITIONAL_REPRESENTATION('',(#10328),#10332);
#10328 = LINE('',#10329,#10330);
#10329 = CARTESIAN_POINT('',(0.785398163397,0.));
#10330 = VECTOR('',#10331,1.);
#10331 = DIRECTION('',(-1.613666031584E-16,1.));
#10332 = ( GEOMETRIC_REPRESENTATION_CONTEXT(2) 
PARAMETRIC_REPRESENTATION_CONTEXT() REPRESENTATION_CONTEXT('2D SPACE',''
  ) );
#10333 = ADVANCED_FACE('',(#10334),#9200,.F.);
#10334 = FACE_BOUND('',#10335,.F.);
#10335 = EDGE_LOOP('',(#10336,#10337,#10338,#10367,#10413,#10464));
#10336 = ORIENTED_EDGE('',*,*,#9183,.T.);
#10337 = ORIENTED_EDGE('',*,*,#10115,.T.);
#10338 = ORIENTED_EDGE('',*,*,#10339,.F.);
#10339 = EDGE_CURVE('',#10340,#10116,#10342,.T.);
#10340 = VERTEX_POINT('',#10341);
#10341 = CARTESIAN_POINT('',(-43.76171514957,6.35,10.522102197062));
#10342 = SURFACE_CURVE('',#10343,(#10349,#10358),.PCURVE_S1.);
#10343 = B_SPLINE_CURVE_WITH_KNOTS('',4,(#10344,#10345,#10346,#10347,
    #10348),.UNSPECIFIED.,.F.,.F.,(5,5),(0.,1.),
  .PIECEWISE_BEZIER_KNOTS.);
#10344 = CARTESIAN_POINT('',(-43.76171514957,6.35,10.522102197062));
#10345 = CARTESIAN_POINT('',(-43.73193961627,6.388404939098,
    10.504974176346));
#10346 = CARTESIAN_POINT('',(-43.70200787285,6.426812182069,
    10.488113580362));
#10347 = CARTESIAN_POINT('',(-43.6719213153,6.465220577366,
    10.471521307418));
#10348 = CARTESIAN_POINT('',(-43.64168121355,6.503629032258,
    10.455198373396));
#10349 = PCURVE('',#9200,#10350);
#10350 = DEFINITIONAL_REPRESENTATION('',(#10351),#10357);
#10351 = B_SPLINE_CURVE_WITH_KNOTS('',4,(#10352,#10353,#10354,#10355,
    #10356),.UNSPECIFIED.,.F.,.F.,(5,5),(0.,1.),
  .PIECEWISE_BEZIER_KNOTS.);
#10352 = CARTESIAN_POINT('',(1.790234627208E-15,-3.14159265359));
#10353 = CARTESIAN_POINT('',(-7.510575896756E-03,-3.14831031684));
#10354 = CARTESIAN_POINT('',(-1.499355437233E-02,-3.155024295774));
#10355 = CARTESIAN_POINT('',(-2.245017375463E-02,-3.161734647199));
#10356 = CARTESIAN_POINT('',(-2.988163851143E-02,-3.168441235319));
#10357 = ( GEOMETRIC_REPRESENTATION_CONTEXT(2) 
PARAMETRIC_REPRESENTATION_CONTEXT() REPRESENTATION_CONTEXT('2D SPACE',''
  ) );
#10358 = PCURVE('',#9897,#10359);
#10359 = DEFINITIONAL_REPRESENTATION('',(#10360),#10366);
#10360 = B_SPLINE_CURVE_WITH_KNOTS('',4,(#10361,#10362,#10363,#10364,
    #10365),.UNSPECIFIED.,.F.,.F.,(5,5),(0.,1.),
  .PIECEWISE_BEZIER_KNOTS.);
#10361 = CARTESIAN_POINT('',(5.497787143782,52.070000572205));
#10362 = CARTESIAN_POINT('',(5.503835165678,52.104350993997));
#10363 = CARTESIAN_POINT('',(5.509883550449,52.138703476405));
#10364 = CARTESIAN_POINT('',(5.515932706433,52.173056361453));
#10365 = CARTESIAN_POINT('',(5.521983052984,52.20740804179));
#10366 = ( GEOMETRIC_REPRESENTATION_CONTEXT(2) 
PARAMETRIC_REPRESENTATION_CONTEXT() REPRESENTATION_CONTEXT('2D SPACE',''
  ) );
#10367 = ORIENTED_EDGE('',*,*,#10368,.F.);
#10368 = EDGE_CURVE('',#10369,#10340,#10371,.T.);
#10369 = VERTEX_POINT('',#10370);
#10370 = CARTESIAN_POINT('',(-40.59543870618,2.712354974903E-14,
    16.026390841747));
#10371 = SURFACE_CURVE('',#10372,(#10377,#10406),.PCURVE_S1.);
#10372 = CIRCLE('',#10373,6.35);
#10373 = AXIS2_PLACEMENT_3D('',#10374,#10375,#10376);
#10374 = CARTESIAN_POINT('',(-40.59543870618,6.35,16.026390841747));
#10375 = DIRECTION('',(0.866817109399,-2.775557561563E-17,
    -0.498626211558));
#10376 = DIRECTION('',(-0.35258197547,-0.707106781187,-0.612932256105));
#10377 = PCURVE('',#9200,#10378);
#10378 = DEFINITIONAL_REPRESENTATION('',(#10379),#10405);
#10379 = B_SPLINE_CURVE_WITH_KNOTS('',3,(#10380,#10381,#10382,#10383,
    #10384,#10385,#10386,#10387,#10388,#10389,#10390,#10391,#10392,
    #10393,#10394,#10395,#10396,#10397,#10398,#10399,#10400,#10401,
    #10402,#10403,#10404),.UNSPECIFIED.,.F.,.F.,(4,1,1,1,1,1,1,1,1,1,1,1
    ,1,1,1,1,1,1,1,1,1,1,4),(5.497787143782,5.569186976818,
    5.640586809854,5.711986642891,5.783386475927,5.854786308963,
    5.926186141999,5.997585975035,6.068985808071,6.140385641107,
    6.211785474143,6.28318530718,6.354585140216,6.425984973252,
    6.497384806288,6.568784639324,6.64018447236,6.711584305396,
    6.782984138433,6.854383971469,6.925783804505,6.997183637541,
    7.068583470577),.QUASI_UNIFORM_KNOTS.);
#10380 = CARTESIAN_POINT('',(1.789481336941E-15,-1.570796326795));
#10381 = CARTESIAN_POINT('',(1.789481336941E-15,-1.597229375323));
#10382 = CARTESIAN_POINT('',(1.789481336941E-15,-1.649321539424));
#10383 = CARTESIAN_POINT('',(1.789481336941E-15,-1.725402781348));
#10384 = CARTESIAN_POINT('',(1.789481336941E-15,-1.799700484976));
#10385 = CARTESIAN_POINT('',(1.789481336941E-15,-1.872457766729));
#10386 = CARTESIAN_POINT('',(1.789481336941E-15,-1.943902433034));
#10387 = CARTESIAN_POINT('',(1.789481336941E-15,-2.014246930739));
#10388 = CARTESIAN_POINT('',(1.789481336941E-15,-2.083691857828));
#10389 = CARTESIAN_POINT('',(1.789481336941E-15,-2.152428136962));
#10390 = CARTESIAN_POINT('',(1.789481336941E-15,-2.22063924756));
#10391 = CARTESIAN_POINT('',(1.789481336941E-15,-2.28850321357));
#10392 = CARTESIAN_POINT('',(1.789481336941E-15,-2.356194490192));
#10393 = CARTESIAN_POINT('',(1.789481336941E-15,-2.423885766815));
#10394 = CARTESIAN_POINT('',(1.789481336941E-15,-2.491749732825));
#10395 = CARTESIAN_POINT('',(1.789481336941E-15,-2.559960843422));
#10396 = CARTESIAN_POINT('',(1.789481336941E-15,-2.628697122557));
#10397 = CARTESIAN_POINT('',(1.789481336941E-15,-2.698142049645));
#10398 = CARTESIAN_POINT('',(1.789481336941E-15,-2.768486547351));
#10399 = CARTESIAN_POINT('',(1.789481336941E-15,-2.839931213656));
#10400 = CARTESIAN_POINT('',(1.789481336941E-15,-2.912688495409));
#10401 = CARTESIAN_POINT('',(1.789481336941E-15,-2.986986199037));
#10402 = CARTESIAN_POINT('',(1.789481336941E-15,-3.063067440961));
#10403 = CARTESIAN_POINT('',(1.789481336941E-15,-3.115159605061));
#10404 = CARTESIAN_POINT('',(1.789481336941E-15,-3.14159265359));
#10405 = ( GEOMETRIC_REPRESENTATION_CONTEXT(2) 
PARAMETRIC_REPRESENTATION_CONTEXT() REPRESENTATION_CONTEXT('2D SPACE',''
  ) );
#10406 = PCURVE('',#9897,#10407);
#10407 = DEFINITIONAL_REPRESENTATION('',(#10408),#10412);
#10408 = LINE('',#10409,#10410);
#10409 = CARTESIAN_POINT('',(-1.570796326795,52.070000572205));
#10410 = VECTOR('',#10411,1.);
#10411 = DIRECTION('',(1.,0.));
#10412 = ( GEOMETRIC_REPRESENTATION_CONTEXT(2) 
PARAMETRIC_REPRESENTATION_CONTEXT() REPRESENTATION_CONTEXT('2D SPACE',''
  ) );
#10413 = ORIENTED_EDGE('',*,*,#10414,.F.);
#10414 = EDGE_CURVE('',#10415,#10369,#10417,.T.);
#10415 = VERTEX_POINT('',#10416);
#10416 = CARTESIAN_POINT('',(-36.19200779043,5.08,13.49336968703));
#10417 = SURFACE_CURVE('',#10418,(#10423,#10452),.PCURVE_S1.);
#10418 = CIRCLE('',#10419,5.08);
#10419 = AXIS2_PLACEMENT_3D('',#10420,#10421,#10422);
#10420 = CARTESIAN_POINT('',(-40.59543870618,5.08,16.026390841747));
#10421 = DIRECTION('',(-0.498626211558,-2.607577689436E-17,
    -0.866817109399));
#10422 = DIRECTION('',(0.866817109399,-1.113273447743E-16,
    -0.498626211558));
#10423 = PCURVE('',#9200,#10424);
#10424 = DEFINITIONAL_REPRESENTATION('',(#10425),#10451);
#10425 = B_SPLINE_CURVE_WITH_KNOTS('',3,(#10426,#10427,#10428,#10429,
    #10430,#10431,#10432,#10433,#10434,#10435,#10436,#10437,#10438,
    #10439,#10440,#10441,#10442,#10443,#10444,#10445,#10446,#10447,
    #10448,#10449,#10450),.UNSPECIFIED.,.F.,.F.,(4,1,1,1,1,1,1,1,1,1,1,1
    ,1,1,1,1,1,1,1,1,1,1,4),(0.,7.139983303613E-02,0.142799666072,
    0.214199499108,0.285599332145,0.356999165181,0.428398998217,
    0.499798831253,0.571198664289,0.642598497325,0.713998330361,
    0.785398163397,0.856797996434,0.92819782947,0.999597662506,
    1.070997495542,1.142397328578,1.213797161614,1.28519699465,
    1.356596827687,1.427996660723,1.499396493759,1.570796326795),
  .QUASI_UNIFORM_KNOTS.);
#10426 = CARTESIAN_POINT('',(-1.570796326795,-1.570796326795));
#10427 = CARTESIAN_POINT('',(-1.544363278267,-1.570796326795));
#10428 = CARTESIAN_POINT('',(-1.492271114166,-1.570796326795));
#10429 = CARTESIAN_POINT('',(-1.416189872242,-1.570796326795));
#10430 = CARTESIAN_POINT('',(-1.341892168614,-1.570796326795));
#10431 = CARTESIAN_POINT('',(-1.269134886861,-1.570796326795));
#10432 = CARTESIAN_POINT('',(-1.197690220556,-1.570796326795));
#10433 = CARTESIAN_POINT('',(-1.12734572285,-1.570796326795));
#10434 = CARTESIAN_POINT('',(-1.057900795762,-1.570796326795));
#10435 = CARTESIAN_POINT('',(-0.989164516627,-1.570796326795));
#10436 = CARTESIAN_POINT('',(-0.92095340603,-1.570796326795));
#10437 = CARTESIAN_POINT('',(-0.85308944002,-1.570796326795));
#10438 = CARTESIAN_POINT('',(-0.785398163397,-1.570796326795));
#10439 = CARTESIAN_POINT('',(-0.717706886775,-1.570796326795));
#10440 = CARTESIAN_POINT('',(-0.649842920765,-1.570796326795));
#10441 = CARTESIAN_POINT('',(-0.581631810168,-1.570796326795));
#10442 = CARTESIAN_POINT('',(-0.512895531033,-1.570796326795));
#10443 = CARTESIAN_POINT('',(-0.443450603945,-1.570796326795));
#10444 = CARTESIAN_POINT('',(-0.373106106239,-1.570796326795));
#10445 = CARTESIAN_POINT('',(-0.301661439934,-1.570796326795));
#10446 = CARTESIAN_POINT('',(-0.228904158181,-1.570796326795));
#10447 = CARTESIAN_POINT('',(-0.154606454553,-1.570796326795));
#10448 = CARTESIAN_POINT('',(-7.852521262872E-02,-1.570796326795));
#10449 = CARTESIAN_POINT('',(-2.643304852828E-02,-1.570796326795));
#10450 = CARTESIAN_POINT('',(1.789481336941E-15,-1.570796326795));
#10451 = ( GEOMETRIC_REPRESENTATION_CONTEXT(2) 
PARAMETRIC_REPRESENTATION_CONTEXT() REPRESENTATION_CONTEXT('2D SPACE',''
  ) );
#10452 = PCURVE('',#10453,#10458);
#10453 = CYLINDRICAL_SURFACE('',#10454,5.08);
#10454 = AXIS2_PLACEMENT_3D('',#10455,#10456,#10457);
#10455 = CARTESIAN_POINT('',(-40.59543870618,5.08,16.026390841747));
#10456 = DIRECTION('',(0.498626211558,-7.000738268404E-17,0.866817109399
    ));
#10457 = DIRECTION('',(0.612932256105,-0.707106781187,-0.35258197547));
#10458 = DEFINITIONAL_REPRESENTATION('',(#10459),#10463);
#10459 = LINE('',#10460,#10461);
#10460 = CARTESIAN_POINT('',(0.785398163397,0.));
#10461 = VECTOR('',#10462,1.);
#10462 = DIRECTION('',(-1.,0.));
#10463 = ( GEOMETRIC_REPRESENTATION_CONTEXT(2) 
PARAMETRIC_REPRESENTATION_CONTEXT() REPRESENTATION_CONTEXT('2D SPACE',''
  ) );
#10464 = ORIENTED_EDGE('',*,*,#10465,.F.);
#10465 = EDGE_CURVE('',#9184,#10415,#10466,.T.);
#10466 = SURFACE_CURVE('',#10467,(#10472,#10501),.PCURVE_S1.);
#10467 = CIRCLE('',#10468,1.27);
#10468 = AXIS2_PLACEMENT_3D('',#10469,#10470,#10471);
#10469 = CARTESIAN_POINT('',(-36.19200779043,6.35,13.49336968703));
#10470 = DIRECTION('',(-0.866817109399,2.775557561563E-17,0.498626211558
    ));
#10471 = DIRECTION('',(-0.35258197547,-0.707106781187,-0.612932256105));
#10472 = PCURVE('',#9200,#10473);
#10473 = DEFINITIONAL_REPRESENTATION('',(#10474),#10500);
#10474 = B_SPLINE_CURVE_WITH_KNOTS('',3,(#10475,#10476,#10477,#10478,
    #10479,#10480,#10481,#10482,#10483,#10484,#10485,#10486,#10487,
    #10488,#10489,#10490,#10491,#10492,#10493,#10494,#10495,#10496,
    #10497,#10498,#10499),.UNSPECIFIED.,.F.,.F.,(4,1,1,1,1,1,1,1,1,1,1,1
    ,1,1,1,1,1,1,1,1,1,1,4),(5.497787143782,5.569186976818,
    5.640586809854,5.711986642891,5.783386475927,5.854786308963,
    5.926186141999,5.997585975035,6.068985808071,6.140385641107,
    6.211785474143,6.28318530718,6.354585140216,6.425984973252,
    6.497384806288,6.568784639324,6.64018447236,6.711584305396,
    6.782984138433,6.854383971469,6.925783804505,6.997183637541,
    7.068583470577),.QUASI_UNIFORM_KNOTS.);
#10475 = CARTESIAN_POINT('',(-1.570796326795,-3.14159265359));
#10476 = CARTESIAN_POINT('',(-1.570796326795,-3.115159605061));
#10477 = CARTESIAN_POINT('',(-1.570796326795,-3.063067440961));
#10478 = CARTESIAN_POINT('',(-1.570796326795,-2.986986199037));
#10479 = CARTESIAN_POINT('',(-1.570796326795,-2.912688495408));
#10480 = CARTESIAN_POINT('',(-1.570796326795,-2.839931213656));
#10481 = CARTESIAN_POINT('',(-1.570796326795,-2.768486547351));
#10482 = CARTESIAN_POINT('',(-1.570796326795,-2.698142049645));
#10483 = CARTESIAN_POINT('',(-1.570796326795,-2.628697122557));
#10484 = CARTESIAN_POINT('',(-1.570796326795,-2.559960843422));
#10485 = CARTESIAN_POINT('',(-1.570796326795,-2.491749732825));
#10486 = CARTESIAN_POINT('',(-1.570796326795,-2.423885766815));
#10487 = CARTESIAN_POINT('',(-1.570796326795,-2.356194490192));
#10488 = CARTESIAN_POINT('',(-1.570796326795,-2.28850321357));
#10489 = CARTESIAN_POINT('',(-1.570796326795,-2.22063924756));
#10490 = CARTESIAN_POINT('',(-1.570796326795,-2.152428136963));
#10491 = CARTESIAN_POINT('',(-1.570796326795,-2.083691857828));
#10492 = CARTESIAN_POINT('',(-1.570796326795,-2.01424693074));
#10493 = CARTESIAN_POINT('',(-1.570796326795,-1.943902433034));
#10494 = CARTESIAN_POINT('',(-1.570796326795,-1.872457766729));
#10495 = CARTESIAN_POINT('',(-1.570796326795,-1.799700484976));
#10496 = CARTESIAN_POINT('',(-1.570796326795,-1.725402781348));
#10497 = CARTESIAN_POINT('',(-1.570796326795,-1.649321539424));
#10498 = CARTESIAN_POINT('',(-1.570796326795,-1.597229375323));
#10499 = CARTESIAN_POINT('',(-1.570796326795,-1.570796326795));
#10500 = ( GEOMETRIC_REPRESENTATION_CONTEXT(2) 
PARAMETRIC_REPRESENTATION_CONTEXT() REPRESENTATION_CONTEXT('2D SPACE',''
  ) );
#10501 = PCURVE('',#9271,#10502);
#10502 = DEFINITIONAL_REPRESENTATION('',(#10503),#10507);
#10503 = CIRCLE('',#10504,1.27);
#10504 = AXIS2_PLACEMENT_2D('',#10505,#10506);
#10505 = CARTESIAN_POINT('',(6.35,6.35));
#10506 = DIRECTION('',(-0.707106781187,-0.707106781187));
#10507 = ( GEOMETRIC_REPRESENTATION_CONTEXT(2) 
PARAMETRIC_REPRESENTATION_CONTEXT() REPRESENTATION_CONTEXT('2D SPACE',''
  ) );
#10508 = ADVANCED_FACE('',(#10509),#9607,.F.);
#10509 = FACE_BOUND('',#10510,.F.);
#10510 = EDGE_LOOP('',(#10511,#10534,#10558,#10678,#10679,#10680,#10746,
    #10747,#10748));
#10511 = ORIENTED_EDGE('',*,*,#10512,.T.);
#10512 = EDGE_CURVE('',#10513,#9564,#10515,.T.);
#10513 = VERTEX_POINT('',#10514);
#10514 = CARTESIAN_POINT('',(166.71179758729,6.35,-92.23614902285));
#10515 = SEAM_CURVE('',#10516,(#10520,#10527),.PCURVE_S1.);
#10516 = LINE('',#10517,#10518);
#10517 = CARTESIAN_POINT('',(166.71179758729,6.35,-92.23614902285));
#10518 = VECTOR('',#10519,1.);
#10519 = DIRECTION('',(-0.866817109399,1.113273447743E-16,0.498626211558
    ));
#10520 = PCURVE('',#9607,#10521);
#10521 = DEFINITIONAL_REPRESENTATION('',(#10522),#10526);
#10522 = LINE('',#10523,#10524);
#10523 = CARTESIAN_POINT('',(9.424777960769,0.));
#10524 = VECTOR('',#10525,1.);
#10525 = DIRECTION('',(0.,1.));
#10526 = ( GEOMETRIC_REPRESENTATION_CONTEXT(2) 
PARAMETRIC_REPRESENTATION_CONTEXT() REPRESENTATION_CONTEXT('2D SPACE',''
  ) );
#10527 = PCURVE('',#9607,#10528);
#10528 = DEFINITIONAL_REPRESENTATION('',(#10529),#10533);
#10529 = LINE('',#10530,#10531);
#10530 = CARTESIAN_POINT('',(3.14159265359,0.));
#10531 = VECTOR('',#10532,1.);
#10532 = DIRECTION('',(0.,1.));
#10533 = ( GEOMETRIC_REPRESENTATION_CONTEXT(2) 
PARAMETRIC_REPRESENTATION_CONTEXT() REPRESENTATION_CONTEXT('2D SPACE',''
  ) );
#10534 = ORIENTED_EDGE('',*,*,#10535,.T.);
#10535 = EDGE_CURVE('',#9564,#10536,#10538,.T.);
#10536 = VERTEX_POINT('',#10537);
#10537 = CARTESIAN_POINT('',(34.476701544479,5.08,-16.47527648228));
#10538 = SURFACE_CURVE('',#10539,(#10544,#10551),.PCURVE_S1.);
#10539 = CIRCLE('',#10540,3.175);
#10540 = AXIS2_PLACEMENT_3D('',#10541,#10542,#10543);
#10541 = CARTESIAN_POINT('',(33.025731397177,6.35,-18.99765841839));
#10542 = DIRECTION('',(0.866817109399,-1.113273447743E-16,
    -0.498626211558));
#10543 = DIRECTION('',(-0.498626211558,-2.288617978788E-14,
    -0.866817109399));
#10544 = PCURVE('',#9607,#10545);
#10545 = DEFINITIONAL_REPRESENTATION('',(#10546),#10550);
#10546 = LINE('',#10547,#10548);
#10547 = CARTESIAN_POINT('',(12.566370614359,152.4000005722));
#10548 = VECTOR('',#10549,1.);
#10549 = DIRECTION('',(-1.,0.));
#10550 = ( GEOMETRIC_REPRESENTATION_CONTEXT(2) 
PARAMETRIC_REPRESENTATION_CONTEXT() REPRESENTATION_CONTEXT('2D SPACE',''
  ) );
#10551 = PCURVE('',#9579,#10552);
#10552 = DEFINITIONAL_REPRESENTATION('',(#10553),#10557);
#10553 = CIRCLE('',#10554,3.175);
#10554 = AXIS2_PLACEMENT_2D('',#10555,#10556);
#10555 = CARTESIAN_POINT('',(12.7,6.35));
#10556 = DIRECTION('',(1.,-2.295618717056E-14));
#10557 = ( GEOMETRIC_REPRESENTATION_CONTEXT(2) 
PARAMETRIC_REPRESENTATION_CONTEXT() REPRESENTATION_CONTEXT('2D SPACE',''
  ) );
#10558 = ORIENTED_EDGE('',*,*,#10559,.T.);
#10559 = EDGE_CURVE('',#10536,#10288,#10560,.T.);
#10560 = SURFACE_CURVE('',#10561,(#10576,#10627),.PCURVE_S1.);
#10561 = B_SPLINE_CURVE_WITH_KNOTS('',3,(#10562,#10563,#10564,#10565,
    #10566,#10567,#10568,#10569,#10570,#10571,#10572,#10573,#10574,
    #10575),.UNSPECIFIED.,.F.,.F.,(4,2,2,2,2,2,4),(0.67348395687,
    0.785365433834,0.90754912217,1.029732810507,1.151916498844,
    1.27410018718,1.385981664144),.UNSPECIFIED.);
#10562 = CARTESIAN_POINT('',(34.476701544479,5.08,-16.47527648228));
#10563 = CARTESIAN_POINT('',(34.398326598081,4.719851339411,
    -16.61152432266));
#10564 = CARTESIAN_POINT('',(34.319367210585,4.390025553791,
    -16.82884159164));
#10565 = CARTESIAN_POINT('',(34.140813221526,3.838244843243,
    -17.3507567449));
#10566 = CARTESIAN_POINT('',(34.027481193863,3.589615406181,
    -17.6981754183));
#10567 = CARTESIAN_POINT('',(33.733790521661,3.257915406374,
    -18.43814998935));
#10568 = CARTESIAN_POINT('',(33.550152566432,3.175,-18.82946974439));
#10569 = CARTESIAN_POINT('',(33.143992635568,3.175,-19.53554248798));
#10570 = CARTESIAN_POINT('',(32.898044805895,3.257915406374,
    -19.89101923035));
#10571 = CARTESIAN_POINT('',(32.406035710395,3.589615406181,
    -20.51691349193));
#10572 = CARTESIAN_POINT('',(32.162691663197,3.838244843243,
    -20.78954430056));
#10573 = CARTESIAN_POINT('',(31.801296607545,4.390025553791,
    -21.20628230934));
#10574 = CARTESIAN_POINT('',(31.653136196273,4.719851339411,
    -21.38379251412));
#10575 = CARTESIAN_POINT('',(31.574761249876,5.08,-21.52004035451));
#10576 = PCURVE('',#9607,#10577);
#10577 = DEFINITIONAL_REPRESENTATION('',(#10578),#10626);
#10578 = B_SPLINE_CURVE_WITH_KNOTS('',3,(#10579,#10580,#10581,#10582,
    #10583,#10584,#10585,#10586,#10587,#10588,#10589,#10590,#10591,
    #10592,#10593,#10594,#10595,#10596,#10597,#10598,#10599,#10600,
    #10601,#10602,#10603,#10604,#10605,#10606,#10607,#10608,#10609,
    #10610,#10611,#10612,#10613,#10614,#10615,#10616,#10617,#10618,
    #10619,#10620,#10621,#10622,#10623,#10624,#10625),.UNSPECIFIED.,.F.,
  .F.,(4,1,1,1,1,1,1,1,1,1,1,1,1,1,1,1,1,1,1,1,1,1,1,1,1,1,1,1,1,1,1,1,1
    ,1,1,1,1,1,1,1,1,1,1,1,4),(0.67348395687,0.68967708658,
    0.705870216291,0.722063346002,0.738256475713,0.754449605424,
    0.770642735134,0.786835864845,0.803028994556,0.819222124267,
    0.835415253978,0.851608383688,0.867801513399,0.88399464311,
    0.900187772821,0.916380902531,0.932574032242,0.948767161953,
    0.964960291664,0.981153421375,0.997346551085,1.013539680796,
    1.029732810507,1.045925940218,1.062119069929,1.078312199639,
    1.09450532935,1.110698459061,1.126891588772,1.143084718483,
    1.159277848193,1.175470977904,1.191664107615,1.207857237326,
    1.224050367036,1.240243496747,1.256436626458,1.272629756169,
    1.28882288588,1.30501601559,1.321209145301,1.337402275012,
    1.353595404723,1.369788534434,1.385981664144),
  .QUASI_UNIFORM_KNOTS.);
#10579 = CARTESIAN_POINT('',(9.013261114702,152.4000005722));
#10580 = CARTESIAN_POINT('',(8.995349742698,152.4000005722));
#10581 = CARTESIAN_POINT('',(8.959514592275,152.39832824262));
#10582 = CARTESIAN_POINT('',(8.90585852903,152.39133768263));
#10583 = CARTESIAN_POINT('',(8.852428836595,152.38040114182));
#10584 = CARTESIAN_POINT('',(8.799369829659,152.36605063919));
#10585 = CARTESIAN_POINT('',(8.746869190762,152.34883329527));
#10586 = CARTESIAN_POINT('',(8.694988290811,152.32923989021));
#10587 = CARTESIAN_POINT('',(8.644276104411,152.30797146422));
#10588 = CARTESIAN_POINT('',(8.593403805294,152.28492500307));
#10589 = CARTESIAN_POINT('',(8.541668226529,152.26027830167));
#10590 = CARTESIAN_POINT('',(8.489403116885,152.23465199813));
#10591 = CARTESIAN_POINT('',(8.436667019213,152.20854810638));
#10592 = CARTESIAN_POINT('',(8.383589283496,152.18250029383));
#10593 = CARTESIAN_POINT('',(8.330271429417,152.15703423812));
#10594 = CARTESIAN_POINT('',(8.276808062806,152.13267592248));
#10595 = CARTESIAN_POINT('',(8.223274381125,152.10995809766));
#10596 = CARTESIAN_POINT('',(8.169718139405,152.08965920889));
#10597 = CARTESIAN_POINT('',(8.116231614725,152.07189941762));
#10598 = CARTESIAN_POINT('',(8.062921380427,152.05690661206));
#10599 = CARTESIAN_POINT('',(8.009900140307,152.04487981505));
#10600 = CARTESIAN_POINT('',(7.95731107789,152.03602578408));
#10601 = CARTESIAN_POINT('',(7.905208956439,152.03054920342));
#10602 = CARTESIAN_POINT('',(7.853981633974,152.02865531555));
#10603 = CARTESIAN_POINT('',(7.80275431151,152.03054920342));
#10604 = CARTESIAN_POINT('',(7.750652190059,152.03602578408));
#10605 = CARTESIAN_POINT('',(7.698063127642,152.04487981505));
#10606 = CARTESIAN_POINT('',(7.645041887522,152.05690661206));
#10607 = CARTESIAN_POINT('',(7.591731653224,152.07189941762));
#10608 = CARTESIAN_POINT('',(7.538245128544,152.08965920889));
#10609 = CARTESIAN_POINT('',(7.484688886824,152.10995809766));
#10610 = CARTESIAN_POINT('',(7.431155205143,152.13267592248));
#10611 = CARTESIAN_POINT('',(7.377691838532,152.15703423812));
#10612 = CARTESIAN_POINT('',(7.324373984453,152.18250029383));
#10613 = CARTESIAN_POINT('',(7.271296248736,152.20854810638));
#10614 = CARTESIAN_POINT('',(7.218560151064,152.23465199813));
#10615 = CARTESIAN_POINT('',(7.16629504142,152.26027830167));
#10616 = CARTESIAN_POINT('',(7.114559462654,152.28492500307));
#10617 = CARTESIAN_POINT('',(7.063687163538,152.30797146422));
#10618 = CARTESIAN_POINT('',(7.012974977137,152.32923989021));
#10619 = CARTESIAN_POINT('',(6.961094077187,152.34883329527));
#10620 = CARTESIAN_POINT('',(6.90859343829,152.36605063919));
#10621 = CARTESIAN_POINT('',(6.855534431354,152.38040114182));
#10622 = CARTESIAN_POINT('',(6.802104738918,152.39133768263));
#10623 = CARTESIAN_POINT('',(6.748448675674,152.39832824262));
#10624 = CARTESIAN_POINT('',(6.712613525251,152.4000005722));
#10625 = CARTESIAN_POINT('',(6.694702153247,152.4000005722));
#10626 = ( GEOMETRIC_REPRESENTATION_CONTEXT(2) 
PARAMETRIC_REPRESENTATION_CONTEXT() REPRESENTATION_CONTEXT('2D SPACE',''
  ) );
#10627 = PCURVE('',#9846,#10628);
#10628 = DEFINITIONAL_REPRESENTATION('',(#10629),#10677);
#10629 = B_SPLINE_CURVE_WITH_KNOTS('',3,(#10630,#10631,#10632,#10633,
    #10634,#10635,#10636,#10637,#10638,#10639,#10640,#10641,#10642,
    #10643,#10644,#10645,#10646,#10647,#10648,#10649,#10650,#10651,
    #10652,#10653,#10654,#10655,#10656,#10657,#10658,#10659,#10660,
    #10661,#10662,#10663,#10664,#10665,#10666,#10667,#10668,#10669,
    #10670,#10671,#10672,#10673,#10674,#10675,#10676),.UNSPECIFIED.,.F.,
  .F.,(4,1,1,1,1,1,1,1,1,1,1,1,1,1,1,1,1,1,1,1,1,1,1,1,1,1,1,1,1,1,1,1,1
    ,1,1,1,1,1,1,1,1,1,1,1,4),(0.67348395687,0.68967708658,
    0.705870216291,0.722063346002,0.738256475713,0.754449605424,
    0.770642735134,0.786835864845,0.803028994556,0.819222124267,
    0.835415253978,0.851608383688,0.867801513399,0.88399464311,
    0.900187772821,0.916380902531,0.932574032242,0.948767161953,
    0.964960291664,0.981153421375,0.997346551085,1.013539680796,
    1.029732810507,1.045925940218,1.062119069929,1.078312199639,
    1.09450532935,1.110698459061,1.126891588772,1.143084718483,
    1.159277848193,1.175470977904,1.191664107615,1.207857237326,
    1.224050367036,1.240243496747,1.256436626458,1.272629756169,
    1.28882288588,1.30501601559,1.321209145301,1.337402275012,
    1.353595404723,1.369788534434,1.385981664144),
  .QUASI_UNIFORM_KNOTS.);
#10630 = CARTESIAN_POINT('',(0.785398163397,3.440064433703));
#10631 = CARTESIAN_POINT('',(0.775137755912,3.462814085617));
#10632 = CARTESIAN_POINT('',(0.754864683228,3.511269582174));
#10633 = CARTESIAN_POINT('',(0.725305596079,3.59210421291));
#10634 = CARTESIAN_POINT('',(0.696702937267,3.680367075293));
#10635 = CARTESIAN_POINT('',(0.669167473221,3.77535588195));
#10636 = CARTESIAN_POINT('',(0.642830633466,3.876290839945));
#10637 = CARTESIAN_POINT('',(0.617768492753,3.982681311712));
#10638 = CARTESIAN_POINT('',(0.594284318694,4.092957543774));
#10639 = CARTESIAN_POINT('',(0.571829157364,4.20967624858));
#10640 = CARTESIAN_POINT('',(0.550156618044,4.334090366407));
#10641 = CARTESIAN_POINT('',(0.529495679583,4.465177869596));
#10642 = CARTESIAN_POINT('',(0.509952643698,4.602526470929));
#10643 = CARTESIAN_POINT('',(0.491670182191,4.745559889359));
#10644 = CARTESIAN_POINT('',(0.47478526475,4.893748078712));
#10645 = CARTESIAN_POINT('',(0.459435211015,5.046540047156));
#10646 = CARTESIAN_POINT('',(0.445773195086,5.203422350616));
#10647 = CARTESIAN_POINT('',(0.433901007872,5.363756417191));
#10648 = CARTESIAN_POINT('',(0.423814589131,5.526663514824));
#10649 = CARTESIAN_POINT('',(0.415530899905,5.69130670603));
#10650 = CARTESIAN_POINT('',(0.409062002386,5.856856897436));
#10651 = CARTESIAN_POINT('',(0.404422204414,6.022411824655));
#10652 = CARTESIAN_POINT('',(0.401626131482,6.187354063238));
#10653 = CARTESIAN_POINT('',(0.400689017612,6.35));
#10654 = CARTESIAN_POINT('',(0.401626131482,6.512645936762));
#10655 = CARTESIAN_POINT('',(0.404422204414,6.677588175345));
#10656 = CARTESIAN_POINT('',(0.409062002386,6.843143102564));
#10657 = CARTESIAN_POINT('',(0.415530899905,7.00869329397));
#10658 = CARTESIAN_POINT('',(0.423814589131,7.173336485176));
#10659 = CARTESIAN_POINT('',(0.433901007872,7.336243582809));
#10660 = CARTESIAN_POINT('',(0.445773195086,7.496577649384));
#10661 = CARTESIAN_POINT('',(0.459435211015,7.653459952844));
#10662 = CARTESIAN_POINT('',(0.47478526475,7.806251921288));
#10663 = CARTESIAN_POINT('',(0.491670182191,7.954440110641));
#10664 = CARTESIAN_POINT('',(0.509952643698,8.097473529071));
#10665 = CARTESIAN_POINT('',(0.529495679583,8.234822130404));
#10666 = CARTESIAN_POINT('',(0.550156618044,8.365909633593));
#10667 = CARTESIAN_POINT('',(0.571829157364,8.49032375142));
#10668 = CARTESIAN_POINT('',(0.594284318694,8.607042456226));
#10669 = CARTESIAN_POINT('',(0.617768492753,8.717318688288));
#10670 = CARTESIAN_POINT('',(0.642830633466,8.823709160055));
#10671 = CARTESIAN_POINT('',(0.669167473221,8.92464411805));
#10672 = CARTESIAN_POINT('',(0.696702937267,9.019632924707));
#10673 = CARTESIAN_POINT('',(0.725305596079,9.10789578709));
#10674 = CARTESIAN_POINT('',(0.754864683228,9.188730417826));
#10675 = CARTESIAN_POINT('',(0.775137755912,9.237185914383));
#10676 = CARTESIAN_POINT('',(0.785398163397,9.259935566297));
#10677 = ( GEOMETRIC_REPRESENTATION_CONTEXT(2) 
PARAMETRIC_REPRESENTATION_CONTEXT() REPRESENTATION_CONTEXT('2D SPACE',''
  ) );
#10678 = ORIENTED_EDGE('',*,*,#10287,.T.);
#10679 = ORIENTED_EDGE('',*,*,#9648,.T.);
#10680 = ORIENTED_EDGE('',*,*,#10681,.T.);
#10681 = EDGE_CURVE('',#9620,#9592,#10682,.T.);
#10682 = SURFACE_CURVE('',#10683,(#10688,#10717),.PCURVE_S1.);
#10683 = ELLIPSE('',#10684,4.490128060535,3.175);
#10684 = AXIS2_PLACEMENT_3D('',#10685,#10686,#10687);
#10685 = CARTESIAN_POINT('',(22.017155306468,6.35,-12.66510622112));
#10686 = DIRECTION('',(0.612932256105,-0.707106781187,-0.35258197547));
#10687 = DIRECTION('',(-0.612932256105,-0.707106781187,0.35258197547));
#10688 = PCURVE('',#9607,#10689);
#10689 = DEFINITIONAL_REPRESENTATION('',(#10690),#10716);
#10690 = B_SPLINE_CURVE_WITH_KNOTS('',3,(#10691,#10692,#10693,#10694,
    #10695,#10696,#10697,#10698,#10699,#10700,#10701,#10702,#10703,
    #10704,#10705,#10706,#10707,#10708,#10709,#10710,#10711,#10712,
    #10713,#10714,#10715),.UNSPECIFIED.,.F.,.F.,(4,1,1,1,1,1,1,1,1,1,1,1
    ,1,1,1,1,1,1,1,1,1,1,4),(1.570796326795,1.713595992867,
    1.856395658939,1.999195325012,2.141994991084,2.284794657156,
    2.427594323228,2.570393989301,2.713193655373,2.855993321445,
    2.998792987518,3.14159265359,3.284392319662,3.427191985734,
    3.569991651807,3.712791317879,3.855590983951,3.998390650023,
    4.141190316096,4.283989982168,4.42678964824,4.569589314312,
    4.712388980385),.QUASI_UNIFORM_KNOTS.);
#10691 = CARTESIAN_POINT('',(6.28318530718,165.09999918937));
#10692 = CARTESIAN_POINT('',(6.235585418489,164.9488508267));
#10693 = CARTESIAN_POINT('',(6.140385641107,164.64662014811));
#10694 = CARTESIAN_POINT('',(5.997585975035,164.20245070868));
#10695 = CARTESIAN_POINT('',(5.854786308963,163.77656694557));
#10696 = CARTESIAN_POINT('',(5.711986642891,163.3776206476));
#10697 = CARTESIAN_POINT('',(5.569186976818,163.01373802773));
#10698 = CARTESIAN_POINT('',(5.426387310746,162.69232539607));
#10699 = CARTESIAN_POINT('',(5.283587644674,162.41992613277));
#10700 = CARTESIAN_POINT('',(5.140787978601,162.20208540863));
#10701 = CARTESIAN_POINT('',(4.997988312529,162.04323785742));
#10702 = CARTESIAN_POINT('',(4.855188646457,161.94661715055));
#10703 = CARTESIAN_POINT('',(4.712388980385,161.91419020878));
#10704 = CARTESIAN_POINT('',(4.569589314312,161.94661715055));
#10705 = CARTESIAN_POINT('',(4.42678964824,162.04323785742));
#10706 = CARTESIAN_POINT('',(4.283989982168,162.20208540863));
#10707 = CARTESIAN_POINT('',(4.141190316096,162.41992613277));
#10708 = CARTESIAN_POINT('',(3.998390650023,162.69232539607));
#10709 = CARTESIAN_POINT('',(3.855590983951,163.01373802773));
#10710 = CARTESIAN_POINT('',(3.712791317879,163.3776206476));
#10711 = CARTESIAN_POINT('',(3.569991651807,163.77656694557));
#10712 = CARTESIAN_POINT('',(3.427191985734,164.20245070868));
#10713 = CARTESIAN_POINT('',(3.284392319662,164.64662014811));
#10714 = CARTESIAN_POINT('',(3.189192542281,164.9488508267));
#10715 = CARTESIAN_POINT('',(3.14159265359,165.09999918937));
#10716 = ( GEOMETRIC_REPRESENTATION_CONTEXT(2) 
PARAMETRIC_REPRESENTATION_CONTEXT() REPRESENTATION_CONTEXT('2D SPACE',''
  ) );
#10717 = PCURVE('',#9636,#10718);
#10718 = DEFINITIONAL_REPRESENTATION('',(#10719),#10745);
#10719 = B_SPLINE_CURVE_WITH_KNOTS('',3,(#10720,#10721,#10722,#10723,
    #10724,#10725,#10726,#10727,#10728,#10729,#10730,#10731,#10732,
    #10733,#10734,#10735,#10736,#10737,#10738,#10739,#10740,#10741,
    #10742,#10743,#10744),.UNSPECIFIED.,.F.,.F.,(4,1,1,1,1,1,1,1,1,1,1,1
    ,1,1,1,1,1,1,1,1,1,1,4),(1.570796326795,1.713595992867,
    1.856395658939,1.999195325012,2.141994991084,2.284794657156,
    2.427594323228,2.570393989301,2.713193655373,2.855993321445,
    2.998792987518,3.14159265359,3.284392319662,3.427191985734,
    3.569991651807,3.712791317879,3.855590983951,3.998390650023,
    4.141190316096,4.283989982168,4.42678964824,4.569589314312,
    4.712388980385),.QUASI_UNIFORM_KNOTS.);
#10720 = CARTESIAN_POINT('',(6.28318530718,6.35));
#10721 = CARTESIAN_POINT('',(6.33078519587,6.198851637326));
#10722 = CARTESIAN_POINT('',(6.425984973252,5.896620958742));
#10723 = CARTESIAN_POINT('',(6.568784639324,5.452451519309));
#10724 = CARTESIAN_POINT('',(6.711584305396,5.026567756193));
#10725 = CARTESIAN_POINT('',(6.854383971469,4.627621458231));
#10726 = CARTESIAN_POINT('',(6.997183637541,4.263738838353));
#10727 = CARTESIAN_POINT('',(7.139983303613,3.942326206699));
#10728 = CARTESIAN_POINT('',(7.282782969685,3.669926943401));
#10729 = CARTESIAN_POINT('',(7.425582635758,3.452086219261));
#10730 = CARTESIAN_POINT('',(7.56838230183,3.293238668052));
#10731 = CARTESIAN_POINT('',(7.711181967902,3.196617961176));
#10732 = CARTESIAN_POINT('',(7.853981633974,3.164191019412));
#10733 = CARTESIAN_POINT('',(7.996781300047,3.196617961176));
#10734 = CARTESIAN_POINT('',(8.139580966119,3.293238668052));
#10735 = CARTESIAN_POINT('',(8.282380632191,3.452086219261));
#10736 = CARTESIAN_POINT('',(8.425180298264,3.669926943401));
#10737 = CARTESIAN_POINT('',(8.567979964336,3.942326206699));
#10738 = CARTESIAN_POINT('',(8.710779630408,4.263738838353));
#10739 = CARTESIAN_POINT('',(8.85357929648,4.627621458231));
#10740 = CARTESIAN_POINT('',(8.996378962553,5.026567756193));
#10741 = CARTESIAN_POINT('',(9.139178628625,5.452451519309));
#10742 = CARTESIAN_POINT('',(9.281978294697,5.896620958742));
#10743 = CARTESIAN_POINT('',(9.377178072079,6.198851637326));
#10744 = CARTESIAN_POINT('',(9.424777960769,6.35));
#10745 = ( GEOMETRIC_REPRESENTATION_CONTEXT(2) 
PARAMETRIC_REPRESENTATION_CONTEXT() REPRESENTATION_CONTEXT('2D SPACE',''
  ) );
#10746 = ORIENTED_EDGE('',*,*,#9591,.T.);
#10747 = ORIENTED_EDGE('',*,*,#10512,.F.);
#10748 = ORIENTED_EDGE('',*,*,#10749,.T.);
#10749 = EDGE_CURVE('',#10513,#10513,#10750,.T.);
#10750 = SURFACE_CURVE('',#10751,(#10756,#10763),.PCURVE_S1.);
#10751 = CIRCLE('',#10752,3.175);
#10752 = AXIS2_PLACEMENT_3D('',#10753,#10754,#10755);
#10753 = CARTESIAN_POINT('',(165.12865936559,6.35,-94.9882933452));
#10754 = DIRECTION('',(-0.866817109399,1.113273447743E-16,0.498626211558
    ));
#10755 = DIRECTION('',(-0.498626211558,-2.288617978788E-14,
    -0.866817109399));
#10756 = PCURVE('',#9607,#10757);
#10757 = DEFINITIONAL_REPRESENTATION('',(#10758),#10762);
#10758 = LINE('',#10759,#10760);
#10759 = CARTESIAN_POINT('',(0.,0.));
#10760 = VECTOR('',#10761,1.);
#10761 = DIRECTION('',(1.,0.));
#10762 = ( GEOMETRIC_REPRESENTATION_CONTEXT(2) 
PARAMETRIC_REPRESENTATION_CONTEXT() REPRESENTATION_CONTEXT('2D SPACE',''
  ) );
#10763 = PCURVE('',#10764,#10769);
#10764 = PLANE('',#10765);
#10765 = AXIS2_PLACEMENT_3D('',#10766,#10767,#10768);
#10766 = CARTESIAN_POINT('',(158.7961064788,12.7,-105.9968706345));
#10767 = DIRECTION('',(0.866817109399,-1.113273447743E-16,
    -0.498626211558));
#10768 = DIRECTION('',(0.498626211558,-7.000738268404E-17,0.866817109399
    ));
#10769 = DEFINITIONAL_REPRESENTATION('',(#10770),#10778);
#10770 = ( BOUNDED_CURVE() B_SPLINE_CURVE(2,(#10771,#10772,#10773,#10774
    ,#10775,#10776,#10777),.UNSPECIFIED.,.T.,.F.) 
B_SPLINE_CURVE_WITH_KNOTS((1,2,2,2,2,1),(-2.094395102393,0.,
    2.094395102393,4.188790204786,6.28318530718,8.377580409573),
.UNSPECIFIED.) CURVE() GEOMETRIC_REPRESENTATION_ITEM() 
RATIONAL_B_SPLINE_CURVE((1.,0.5,1.,0.5,1.,0.5,1.)) REPRESENTATION_ITEM(
  '') );
#10771 = CARTESIAN_POINT('',(9.525,6.35));
#10772 = CARTESIAN_POINT('',(9.525,11.849261314031));
#10773 = CARTESIAN_POINT('',(14.2875,9.099630657015));
#10774 = CARTESIAN_POINT('',(19.05,6.35));
#10775 = CARTESIAN_POINT('',(14.2875,3.600369342984));
#10776 = CARTESIAN_POINT('',(9.525,0.850738685969));
#10777 = CARTESIAN_POINT('',(9.525,6.35));
#10778 = ( GEOMETRIC_REPRESENTATION_CONTEXT(2) 
PARAMETRIC_REPRESENTATION_CONTEXT() REPRESENTATION_CONTEXT('2D SPACE',''
  ) );
#10779 = ADVANCED_FACE('',(#10780),#9271,.F.);
#10780 = FACE_BOUND('',#10781,.T.);
#10781 = EDGE_LOOP('',(#10782,#10783,#10784,#10808));
#10782 = ORIENTED_EDGE('',*,*,#10465,.F.);
#10783 = ORIENTED_EDGE('',*,*,#9255,.T.);
#10784 = ORIENTED_EDGE('',*,*,#10785,.T.);
#10785 = EDGE_CURVE('',#9256,#10786,#10788,.T.);
#10786 = VERTEX_POINT('',#10787);
#10787 = CARTESIAN_POINT('',(-34.47670149434,5.08,16.4752763956));
#10788 = SURFACE_CURVE('',#10789,(#10794,#10801),.PCURVE_S1.);
#10789 = CIRCLE('',#10790,3.175);
#10790 = AXIS2_PLACEMENT_3D('',#10791,#10792,#10793);
#10791 = CARTESIAN_POINT('',(-33.02573134704,6.35,18.997658331715));
#10792 = DIRECTION('',(-0.866817109399,1.113273447743E-16,0.498626211558
    ));
#10793 = DIRECTION('',(-0.498626211558,1.924720625988E-16,
    -0.866817109399));
#10794 = PCURVE('',#9271,#10795);
#10795 = DEFINITIONAL_REPRESENTATION('',(#10796),#10800);
#10796 = CIRCLE('',#10797,3.175);
#10797 = AXIS2_PLACEMENT_2D('',#10798,#10799);
#10798 = CARTESIAN_POINT('',(12.7,6.35));
#10799 = DIRECTION('',(-1.,1.224646799147E-16));
#10800 = ( GEOMETRIC_REPRESENTATION_CONTEXT(2) 
PARAMETRIC_REPRESENTATION_CONTEXT() REPRESENTATION_CONTEXT('2D SPACE',''
  ) );
#10801 = PCURVE('',#9299,#10802);
#10802 = DEFINITIONAL_REPRESENTATION('',(#10803),#10807);
#10803 = LINE('',#10804,#10805);
#10804 = CARTESIAN_POINT('',(6.28318530718,152.4000005722));
#10805 = VECTOR('',#10806,1.);
#10806 = DIRECTION('',(-1.,0.));
#10807 = ( GEOMETRIC_REPRESENTATION_CONTEXT(2) 
PARAMETRIC_REPRESENTATION_CONTEXT() REPRESENTATION_CONTEXT('2D SPACE',''
  ) );
#10808 = ORIENTED_EDGE('',*,*,#10809,.F.);
#10809 = EDGE_CURVE('',#10415,#10786,#10810,.T.);
#10810 = SURFACE_CURVE('',#10811,(#10815,#10822),.PCURVE_S1.);
#10811 = LINE('',#10812,#10813);
#10812 = CARTESIAN_POINT('',(-36.19200779043,5.08,13.49336968703));
#10813 = VECTOR('',#10814,1.);
#10814 = DIRECTION('',(0.498626211558,-7.000738268404E-17,0.866817109399
    ));
#10815 = PCURVE('',#9271,#10816);
#10816 = DEFINITIONAL_REPRESENTATION('',(#10817),#10821);
#10817 = LINE('',#10818,#10819);
#10818 = CARTESIAN_POINT('',(6.35,5.08));
#10819 = VECTOR('',#10820,1.);
#10820 = DIRECTION('',(1.,2.234078735489E-32));
#10821 = ( GEOMETRIC_REPRESENTATION_CONTEXT(2) 
PARAMETRIC_REPRESENTATION_CONTEXT() REPRESENTATION_CONTEXT('2D SPACE',''
  ) );
#10822 = PCURVE('',#10453,#10823);
#10823 = DEFINITIONAL_REPRESENTATION('',(#10824),#10828);
#10824 = LINE('',#10825,#10826);
#10825 = CARTESIAN_POINT('',(0.785398163397,-8.881784197001E-16));
#10826 = VECTOR('',#10827,1.);
#10827 = DIRECTION('',(1.290932825267E-16,1.));
#10828 = ( GEOMETRIC_REPRESENTATION_CONTEXT(2) 
PARAMETRIC_REPRESENTATION_CONTEXT() REPRESENTATION_CONTEXT('2D SPACE',''
  ) );
#10829 = ADVANCED_FACE('',(#10830),#9636,.F.);
#10830 = FACE_BOUND('',#10831,.F.);
#10831 = EDGE_LOOP('',(#10832,#10855,#10856,#10857,#10858));
#10832 = ORIENTED_EDGE('',*,*,#10833,.T.);
#10833 = EDGE_CURVE('',#10834,#9592,#10836,.T.);
#10834 = VERTEX_POINT('',#10835);
#10835 = CARTESIAN_POINT('',(23.600293528165,12.7,-9.912961898778));
#10836 = SEAM_CURVE('',#10837,(#10841,#10848),.PCURVE_S1.);
#10837 = LINE('',#10838,#10839);
#10838 = CARTESIAN_POINT('',(23.600293528165,12.7,-9.912961898778));
#10839 = VECTOR('',#10840,1.);
#10840 = DIRECTION('',(-1.488825900985E-16,-1.,-3.555094217636E-17));
#10841 = PCURVE('',#9636,#10842);
#10842 = DEFINITIONAL_REPRESENTATION('',(#10843),#10847);
#10843 = LINE('',#10844,#10845);
#10844 = CARTESIAN_POINT('',(9.424777960769,0.));
#10845 = VECTOR('',#10846,1.);
#10846 = DIRECTION('',(0.,1.));
#10847 = ( GEOMETRIC_REPRESENTATION_CONTEXT(2) 
PARAMETRIC_REPRESENTATION_CONTEXT() REPRESENTATION_CONTEXT('2D SPACE',''
  ) );
#10848 = PCURVE('',#9636,#10849);
#10849 = DEFINITIONAL_REPRESENTATION('',(#10850),#10854);
#10850 = LINE('',#10851,#10852);
#10851 = CARTESIAN_POINT('',(3.14159265359,0.));
#10852 = VECTOR('',#10853,1.);
#10853 = DIRECTION('',(0.,1.));
#10854 = ( GEOMETRIC_REPRESENTATION_CONTEXT(2) 
PARAMETRIC_REPRESENTATION_CONTEXT() REPRESENTATION_CONTEXT('2D SPACE',''
  ) );
#10855 = ORIENTED_EDGE('',*,*,#10681,.F.);
#10856 = ORIENTED_EDGE('',*,*,#9619,.T.);
#10857 = ORIENTED_EDGE('',*,*,#10833,.F.);
#10858 = ORIENTED_EDGE('',*,*,#10859,.T.);
#10859 = EDGE_CURVE('',#10834,#10834,#10860,.T.);
#10860 = SURFACE_CURVE('',#10861,(#10866,#10873),.PCURVE_S1.);
#10861 = CIRCLE('',#10862,3.175);
#10862 = AXIS2_PLACEMENT_3D('',#10863,#10864,#10865);
#10863 = CARTESIAN_POINT('',(22.017155306468,12.7,-12.66510622112));
#10864 = DIRECTION('',(-1.314079632032E-16,-1.,-5.172864927124E-18));
#10865 = DIRECTION('',(-0.498626211558,7.000738268404E-17,
    -0.866817109399));
#10866 = PCURVE('',#9636,#10867);
#10867 = DEFINITIONAL_REPRESENTATION('',(#10868),#10872);
#10868 = LINE('',#10869,#10870);
#10869 = CARTESIAN_POINT('',(0.,0.));
#10870 = VECTOR('',#10871,1.);
#10871 = DIRECTION('',(1.,0.));
#10872 = ( GEOMETRIC_REPRESENTATION_CONTEXT(2) 
PARAMETRIC_REPRESENTATION_CONTEXT() REPRESENTATION_CONTEXT('2D SPACE',''
  ) );
#10873 = PCURVE('',#10874,#10879);
#10874 = PLANE('',#10875);
#10875 = AXIS2_PLACEMENT_3D('',#10876,#10877,#10878);
#10876 = CARTESIAN_POINT('',(2.506867538801E-08,12.7,-4.334085142007E-08
    ));
#10877 = DIRECTION('',(-1.314079632032E-16,-1.,-5.172864927124E-18));
#10878 = DIRECTION('',(-0.866817109399,1.113273447743E-16,0.498626211558
    ));
#10879 = DEFINITIONAL_REPRESENTATION('',(#10880),#10884);
#10880 = CIRCLE('',#10881,3.175);
#10881 = AXIS2_PLACEMENT_2D('',#10882,#10883);
#10882 = CARTESIAN_POINT('',(-25.40000081062,-5.329070518201E-15));
#10883 = DIRECTION('',(2.22044604925E-16,1.));
#10884 = ( GEOMETRIC_REPRESENTATION_CONTEXT(2) 
PARAMETRIC_REPRESENTATION_CONTEXT() REPRESENTATION_CONTEXT('2D SPACE',''
  ) );
#10885 = ADVANCED_FACE('',(#10886),#9299,.F.);
#10886 = FACE_BOUND('',#10887,.F.);
#10887 = EDGE_LOOP('',(#10888,#10911,#10912,#10978,#10979,#10980,#11102,
    #11124,#11125));
#10888 = ORIENTED_EDGE('',*,*,#10889,.T.);
#10889 = EDGE_CURVE('',#10890,#9341,#10892,.T.);
#10890 = VERTEX_POINT('',#10891);
#10891 = CARTESIAN_POINT('',(-163.5455210937,6.35,97.74043758086));
#10892 = SEAM_CURVE('',#10893,(#10897,#10904),.PCURVE_S1.);
#10893 = LINE('',#10894,#10895);
#10894 = CARTESIAN_POINT('',(-163.5455210937,6.35,97.74043758086));
#10895 = VECTOR('',#10896,1.);
#10896 = DIRECTION('',(0.866817109399,3.324928831195E-16,-0.498626211558
    ));
#10897 = PCURVE('',#9299,#10898);
#10898 = DEFINITIONAL_REPRESENTATION('',(#10899),#10903);
#10899 = LINE('',#10900,#10901);
#10900 = CARTESIAN_POINT('',(9.424777960769,0.));
#10901 = VECTOR('',#10902,1.);
#10902 = DIRECTION('',(0.,1.));
#10903 = ( GEOMETRIC_REPRESENTATION_CONTEXT(2) 
PARAMETRIC_REPRESENTATION_CONTEXT() REPRESENTATION_CONTEXT('2D SPACE',''
  ) );
#10904 = PCURVE('',#9299,#10905);
#10905 = DEFINITIONAL_REPRESENTATION('',(#10906),#10910);
#10906 = LINE('',#10907,#10908);
#10907 = CARTESIAN_POINT('',(3.14159265359,0.));
#10908 = VECTOR('',#10909,1.);
#10909 = DIRECTION('',(0.,1.));
#10910 = ( GEOMETRIC_REPRESENTATION_CONTEXT(2) 
PARAMETRIC_REPRESENTATION_CONTEXT() REPRESENTATION_CONTEXT('2D SPACE',''
  ) );
#10911 = ORIENTED_EDGE('',*,*,#9340,.T.);
#10912 = ORIENTED_EDGE('',*,*,#10913,.F.);
#10913 = EDGE_CURVE('',#9284,#9312,#10914,.T.);
#10914 = SURFACE_CURVE('',#10915,(#10920,#10949),.PCURVE_S1.);
#10915 = ELLIPSE('',#10916,4.490128060535,3.175);
#10916 = AXIS2_PLACEMENT_3D('',#10917,#10918,#10919);
#10917 = CARTESIAN_POINT('',(-22.01715455366,6.35,12.66510573024));
#10918 = DIRECTION('',(0.612932256105,0.707106781187,-0.35258197547));
#10919 = DIRECTION('',(0.612932256105,-0.707106781187,-0.35258197547));
#10920 = PCURVE('',#9299,#10921);
#10921 = DEFINITIONAL_REPRESENTATION('',(#10922),#10948);
#10922 = B_SPLINE_CURVE_WITH_KNOTS('',3,(#10923,#10924,#10925,#10926,
    #10927,#10928,#10929,#10930,#10931,#10932,#10933,#10934,#10935,
    #10936,#10937,#10938,#10939,#10940,#10941,#10942,#10943,#10944,
    #10945,#10946,#10947),.UNSPECIFIED.,.F.,.F.,(4,1,1,1,1,1,1,1,1,1,1,1
    ,1,1,1,1,1,1,1,1,1,1,4),(1.570796326795,1.713595992867,
    1.856395658939,1.999195325012,2.141994991084,2.284794657156,
    2.427594323228,2.570393989301,2.713193655373,2.855993321445,
    2.998792987518,3.14159265359,3.284392319662,3.427191985734,
    3.569991651807,3.712791317879,3.855590983951,3.998390650023,
    4.141190316096,4.283989982168,4.42678964824,4.569589314312,
    4.712388980385),.QUASI_UNIFORM_KNOTS.);
#10923 = CARTESIAN_POINT('',(6.28318530718,165.1));
#10924 = CARTESIAN_POINT('',(6.33078519587,164.94885163732));
#10925 = CARTESIAN_POINT('',(6.425984973252,164.64662095874));
#10926 = CARTESIAN_POINT('',(6.568784639324,164.2024515193));
#10927 = CARTESIAN_POINT('',(6.711584305396,163.77656775619));
#10928 = CARTESIAN_POINT('',(6.854383971469,163.37762145823));
#10929 = CARTESIAN_POINT('',(6.997183637541,163.01373883835));
#10930 = CARTESIAN_POINT('',(7.139983303613,162.69232620669));
#10931 = CARTESIAN_POINT('',(7.282782969685,162.4199269434));
#10932 = CARTESIAN_POINT('',(7.425582635758,162.20208621926));
#10933 = CARTESIAN_POINT('',(7.56838230183,162.04323866805));
#10934 = CARTESIAN_POINT('',(7.711181967902,161.94661796117));
#10935 = CARTESIAN_POINT('',(7.853981633974,161.91419101941));
#10936 = CARTESIAN_POINT('',(7.996781300047,161.94661796117));
#10937 = CARTESIAN_POINT('',(8.139580966119,162.04323866805));
#10938 = CARTESIAN_POINT('',(8.282380632191,162.20208621926));
#10939 = CARTESIAN_POINT('',(8.425180298264,162.4199269434));
#10940 = CARTESIAN_POINT('',(8.567979964336,162.69232620669));
#10941 = CARTESIAN_POINT('',(8.710779630408,163.01373883835));
#10942 = CARTESIAN_POINT('',(8.85357929648,163.37762145823));
#10943 = CARTESIAN_POINT('',(8.996378962553,163.77656775619));
#10944 = CARTESIAN_POINT('',(9.139178628625,164.2024515193));
#10945 = CARTESIAN_POINT('',(9.281978294697,164.64662095874));
#10946 = CARTESIAN_POINT('',(9.377178072079,164.94885163732));
#10947 = CARTESIAN_POINT('',(9.424777960769,165.1));
#10948 = ( GEOMETRIC_REPRESENTATION_CONTEXT(2) 
PARAMETRIC_REPRESENTATION_CONTEXT() REPRESENTATION_CONTEXT('2D SPACE',''
  ) );
#10949 = PCURVE('',#9328,#10950);
#10950 = DEFINITIONAL_REPRESENTATION('',(#10951),#10977);
#10951 = B_SPLINE_CURVE_WITH_KNOTS('',3,(#10952,#10953,#10954,#10955,
    #10956,#10957,#10958,#10959,#10960,#10961,#10962,#10963,#10964,
    #10965,#10966,#10967,#10968,#10969,#10970,#10971,#10972,#10973,
    #10974,#10975,#10976),.UNSPECIFIED.,.F.,.F.,(4,1,1,1,1,1,1,1,1,1,1,1
    ,1,1,1,1,1,1,1,1,1,1,4),(1.570796326795,1.713595992867,
    1.856395658939,1.999195325012,2.141994991084,2.284794657156,
    2.427594323228,2.570393989301,2.713193655373,2.855993321445,
    2.998792987518,3.14159265359,3.284392319662,3.427191985734,
    3.569991651807,3.712791317879,3.855590983951,3.998390650023,
    4.141190316096,4.283989982168,4.42678964824,4.569589314312,
    4.712388980385),.QUASI_UNIFORM_KNOTS.);
#10952 = CARTESIAN_POINT('',(6.28318530718,6.35));
#10953 = CARTESIAN_POINT('',(6.235585418489,6.198851637326));
#10954 = CARTESIAN_POINT('',(6.140385641107,5.896620958742));
#10955 = CARTESIAN_POINT('',(5.997585975035,5.452451519309));
#10956 = CARTESIAN_POINT('',(5.854786308963,5.026567756193));
#10957 = CARTESIAN_POINT('',(5.711986642891,4.627621458231));
#10958 = CARTESIAN_POINT('',(5.569186976818,4.263738838353));
#10959 = CARTESIAN_POINT('',(5.426387310746,3.942326206699));
#10960 = CARTESIAN_POINT('',(5.283587644674,3.669926943401));
#10961 = CARTESIAN_POINT('',(5.140787978601,3.452086219261));
#10962 = CARTESIAN_POINT('',(4.997988312529,3.293238668052));
#10963 = CARTESIAN_POINT('',(4.855188646457,3.196617961176));
#10964 = CARTESIAN_POINT('',(4.712388980385,3.164191019412));
#10965 = CARTESIAN_POINT('',(4.569589314312,3.196617961176));
#10966 = CARTESIAN_POINT('',(4.42678964824,3.293238668052));
#10967 = CARTESIAN_POINT('',(4.283989982168,3.452086219261));
#10968 = CARTESIAN_POINT('',(4.141190316096,3.669926943401));
#10969 = CARTESIAN_POINT('',(3.998390650023,3.942326206699));
#10970 = CARTESIAN_POINT('',(3.855590983951,4.263738838353));
#10971 = CARTESIAN_POINT('',(3.712791317879,4.627621458231));
#10972 = CARTESIAN_POINT('',(3.569991651807,5.026567756193));
#10973 = CARTESIAN_POINT('',(3.427191985734,5.452451519309));
#10974 = CARTESIAN_POINT('',(3.284392319662,5.896620958742));
#10975 = CARTESIAN_POINT('',(3.189192542281,6.198851637326));
#10976 = CARTESIAN_POINT('',(3.14159265359,6.35));
#10977 = ( GEOMETRIC_REPRESENTATION_CONTEXT(2) 
PARAMETRIC_REPRESENTATION_CONTEXT() REPRESENTATION_CONTEXT('2D SPACE',''
  ) );
#10978 = ORIENTED_EDGE('',*,*,#9283,.T.);
#10979 = ORIENTED_EDGE('',*,*,#10785,.T.);
#10980 = ORIENTED_EDGE('',*,*,#10981,.T.);
#10981 = EDGE_CURVE('',#10786,#10982,#10984,.T.);
#10982 = VERTEX_POINT('',#10983);
#10983 = CARTESIAN_POINT('',(-31.57476119973,5.08,21.52004026783));
#10984 = SURFACE_CURVE('',#10985,(#11000,#11051),.PCURVE_S1.);
#10985 = B_SPLINE_CURVE_WITH_KNOTS('',3,(#10986,#10987,#10988,#10989,
    #10990,#10991,#10992,#10993,#10994,#10995,#10996,#10997,#10998,
    #10999),.UNSPECIFIED.,.F.,.F.,(4,2,2,2,2,2,4),(-1.385981664144,
    -1.27410018718,-1.151916498844,-1.029732810507,-0.90754912217,
    -0.785365433834,-0.67348395687),.UNSPECIFIED.);
#10986 = CARTESIAN_POINT('',(-34.47670149434,5.08,16.4752763956));
#10987 = CARTESIAN_POINT('',(-34.39832654794,4.719851339411,
    16.611524235987));
#10988 = CARTESIAN_POINT('',(-34.31936716044,4.390025553791,
    16.828841504962));
#10989 = CARTESIAN_POINT('',(-34.14081317138,3.838244843243,
    17.350756658224));
#10990 = CARTESIAN_POINT('',(-34.02748114372,3.589615406181,
    17.698175331624));
#10991 = CARTESIAN_POINT('',(-33.73379047152,3.257915406374,
    18.438149902668));
#10992 = CARTESIAN_POINT('',(-33.55015251629,3.175,18.829469657708));
#10993 = CARTESIAN_POINT('',(-33.14399258543,3.175,19.535542401307));
#10994 = CARTESIAN_POINT('',(-32.89804475575,3.257915406374,
    19.891019143675));
#10995 = CARTESIAN_POINT('',(-32.40603566025,3.589615406181,
    20.516913405251));
#10996 = CARTESIAN_POINT('',(-32.16269161306,3.838244843243,
    20.789544213882));
#10997 = CARTESIAN_POINT('',(-31.8012965574,4.390025553791,
    21.206282222665));
#10998 = CARTESIAN_POINT('',(-31.65313614613,4.719851339411,
    21.383792427442));
#10999 = CARTESIAN_POINT('',(-31.57476119973,5.08,21.52004026783));
#11000 = PCURVE('',#9299,#11001);
#11001 = DEFINITIONAL_REPRESENTATION('',(#11002),#11050);
#11002 = B_SPLINE_CURVE_WITH_KNOTS('',3,(#11003,#11004,#11005,#11006,
    #11007,#11008,#11009,#11010,#11011,#11012,#11013,#11014,#11015,
    #11016,#11017,#11018,#11019,#11020,#11021,#11022,#11023,#11024,
    #11025,#11026,#11027,#11028,#11029,#11030,#11031,#11032,#11033,
    #11034,#11035,#11036,#11037,#11038,#11039,#11040,#11041,#11042,
    #11043,#11044,#11045,#11046,#11047,#11048,#11049),.UNSPECIFIED.,.F.,
  .F.,(4,1,1,1,1,1,1,1,1,1,1,1,1,1,1,1,1,1,1,1,1,1,1,1,1,1,1,1,1,1,1,1,1
    ,1,1,1,1,1,1,1,1,1,1,1,4),(-1.385981664144,-1.369788534434,
    -1.353595404723,-1.337402275012,-1.321209145301,-1.30501601559,
    -1.28882288588,-1.272629756169,-1.256436626458,-1.240243496747,
    -1.224050367036,-1.207857237326,-1.191664107615,-1.175470977904,
    -1.159277848193,-1.143084718483,-1.126891588772,-1.110698459061,
    -1.09450532935,-1.078312199639,-1.062119069929,-1.045925940218,
    -1.029732810507,-1.013539680796,-0.997346551085,-0.981153421375,
    -0.964960291664,-0.948767161953,-0.932574032242,-0.916380902531,
    -0.900187772821,-0.88399464311,-0.867801513399,-0.851608383688,
    -0.835415253978,-0.819222124267,-0.803028994556,-0.786835864845,
    -0.770642735134,-0.754449605424,-0.738256475713,-0.722063346002,
    -0.705870216291,-0.68967708658,-0.67348395687),
  .QUASI_UNIFORM_KNOTS.);
#11003 = CARTESIAN_POINT('',(5.871668461112,152.4000005722));
#11004 = CARTESIAN_POINT('',(5.853757089108,152.4000005722));
#11005 = CARTESIAN_POINT('',(5.817921938685,152.39832824262));
#11006 = CARTESIAN_POINT('',(5.764265875441,152.39133768263));
#11007 = CARTESIAN_POINT('',(5.710836183005,152.38040114182));
#11008 = CARTESIAN_POINT('',(5.657777176069,152.36605063919));
#11009 = CARTESIAN_POINT('',(5.605276537172,152.34883329527));
#11010 = CARTESIAN_POINT('',(5.553395637222,152.32923989021));
#11011 = CARTESIAN_POINT('',(5.502683450822,152.30797146422));
#11012 = CARTESIAN_POINT('',(5.451811151705,152.28492500307));
#11013 = CARTESIAN_POINT('',(5.400075572939,152.26027830167));
#11014 = CARTESIAN_POINT('',(5.347810463296,152.23465199813));
#11015 = CARTESIAN_POINT('',(5.295074365623,152.20854810638));
#11016 = CARTESIAN_POINT('',(5.241996629907,152.18250029383));
#11017 = CARTESIAN_POINT('',(5.188678775827,152.15703423812));
#11018 = CARTESIAN_POINT('',(5.135215409216,152.13267592248));
#11019 = CARTESIAN_POINT('',(5.081681727536,152.10995809766));
#11020 = CARTESIAN_POINT('',(5.028125485815,152.08965920889));
#11021 = CARTESIAN_POINT('',(4.974638961135,152.07189941762));
#11022 = CARTESIAN_POINT('',(4.921328726837,152.05690661206));
#11023 = CARTESIAN_POINT('',(4.868307486717,152.04487981505));
#11024 = CARTESIAN_POINT('',(4.8157184243,152.03602578408));
#11025 = CARTESIAN_POINT('',(4.763616302849,152.03054920342));
#11026 = CARTESIAN_POINT('',(4.712388980385,152.02865531555));
#11027 = CARTESIAN_POINT('',(4.66116165792,152.03054920342));
#11028 = CARTESIAN_POINT('',(4.609059536469,152.03602578408));
#11029 = CARTESIAN_POINT('',(4.556470474052,152.04487981505));
#11030 = CARTESIAN_POINT('',(4.503449233932,152.05690661206));
#11031 = CARTESIAN_POINT('',(4.450138999634,152.07189941762));
#11032 = CARTESIAN_POINT('',(4.396652474954,152.08965920889));
#11033 = CARTESIAN_POINT('',(4.343096233234,152.10995809766));
#11034 = CARTESIAN_POINT('',(4.289562551554,152.13267592248));
#11035 = CARTESIAN_POINT('',(4.236099184942,152.15703423812));
#11036 = CARTESIAN_POINT('',(4.182781330863,152.18250029383));
#11037 = CARTESIAN_POINT('',(4.129703595146,152.20854810638));
#11038 = CARTESIAN_POINT('',(4.076967497474,152.23465199813));
#11039 = CARTESIAN_POINT('',(4.024702387831,152.26027830167));
#11040 = CARTESIAN_POINT('',(3.972966809065,152.28492500307));
#11041 = CARTESIAN_POINT('',(3.922094509948,152.30797146422));
#11042 = CARTESIAN_POINT('',(3.871382323548,152.32923989021));
#11043 = CARTESIAN_POINT('',(3.819501423597,152.34883329527));
#11044 = CARTESIAN_POINT('',(3.7670007847,152.36605063919));
#11045 = CARTESIAN_POINT('',(3.713941777764,152.38040114182));
#11046 = CARTESIAN_POINT('',(3.660512085329,152.39133768263));
#11047 = CARTESIAN_POINT('',(3.606856022084,152.39832824262));
#11048 = CARTESIAN_POINT('',(3.571020871661,152.4000005722));
#11049 = CARTESIAN_POINT('',(3.553109499657,152.4000005722));
#11050 = ( GEOMETRIC_REPRESENTATION_CONTEXT(2) 
PARAMETRIC_REPRESENTATION_CONTEXT() REPRESENTATION_CONTEXT('2D SPACE',''
  ) );
#11051 = PCURVE('',#10453,#11052);
#11052 = DEFINITIONAL_REPRESENTATION('',(#11053),#11101);
#11053 = B_SPLINE_CURVE_WITH_KNOTS('',3,(#11054,#11055,#11056,#11057,
    #11058,#11059,#11060,#11061,#11062,#11063,#11064,#11065,#11066,
    #11067,#11068,#11069,#11070,#11071,#11072,#11073,#11074,#11075,
    #11076,#11077,#11078,#11079,#11080,#11081,#11082,#11083,#11084,
    #11085,#11086,#11087,#11088,#11089,#11090,#11091,#11092,#11093,
    #11094,#11095,#11096,#11097,#11098,#11099,#11100),.UNSPECIFIED.,.F.,
  .F.,(4,1,1,1,1,1,1,1,1,1,1,1,1,1,1,1,1,1,1,1,1,1,1,1,1,1,1,1,1,1,1,1,1
    ,1,1,1,1,1,1,1,1,1,1,1,4),(-1.385981664144,-1.369788534434,
    -1.353595404723,-1.337402275012,-1.321209145301,-1.30501601559,
    -1.28882288588,-1.272629756169,-1.256436626458,-1.240243496747,
    -1.224050367036,-1.207857237326,-1.191664107615,-1.175470977904,
    -1.159277848193,-1.143084718483,-1.126891588772,-1.110698459061,
    -1.09450532935,-1.078312199639,-1.062119069929,-1.045925940218,
    -1.029732810507,-1.013539680796,-0.997346551085,-0.981153421375,
    -0.964960291664,-0.948767161953,-0.932574032242,-0.916380902531,
    -0.900187772821,-0.88399464311,-0.867801513399,-0.851608383688,
    -0.835415253978,-0.819222124267,-0.803028994556,-0.786835864845,
    -0.770642735134,-0.754449605424,-0.738256475713,-0.722063346002,
    -0.705870216291,-0.68967708658,-0.67348395687),
  .QUASI_UNIFORM_KNOTS.);
#11054 = CARTESIAN_POINT('',(0.785398163397,3.440064433703));
#11055 = CARTESIAN_POINT('',(0.775137755912,3.462814085617));
#11056 = CARTESIAN_POINT('',(0.754864683228,3.511269582174));
#11057 = CARTESIAN_POINT('',(0.725305596079,3.59210421291));
#11058 = CARTESIAN_POINT('',(0.696702937267,3.680367075293));
#11059 = CARTESIAN_POINT('',(0.669167473221,3.77535588195));
#11060 = CARTESIAN_POINT('',(0.642830633466,3.876290839945));
#11061 = CARTESIAN_POINT('',(0.617768492753,3.982681311712));
#11062 = CARTESIAN_POINT('',(0.594284318694,4.092957543774));
#11063 = CARTESIAN_POINT('',(0.571829157364,4.20967624858));
#11064 = CARTESIAN_POINT('',(0.550156618044,4.334090366407));
#11065 = CARTESIAN_POINT('',(0.529495679583,4.465177869596));
#11066 = CARTESIAN_POINT('',(0.509952643698,4.602526470929));
#11067 = CARTESIAN_POINT('',(0.491670182191,4.745559889359));
#11068 = CARTESIAN_POINT('',(0.47478526475,4.893748078712));
#11069 = CARTESIAN_POINT('',(0.459435211015,5.046540047156));
#11070 = CARTESIAN_POINT('',(0.445773195086,5.203422350616));
#11071 = CARTESIAN_POINT('',(0.433901007872,5.363756417191));
#11072 = CARTESIAN_POINT('',(0.423814589131,5.526663514824));
#11073 = CARTESIAN_POINT('',(0.415530899905,5.69130670603));
#11074 = CARTESIAN_POINT('',(0.409062002386,5.856856897436));
#11075 = CARTESIAN_POINT('',(0.404422204414,6.022411824655));
#11076 = CARTESIAN_POINT('',(0.401626131482,6.187354063237));
#11077 = CARTESIAN_POINT('',(0.400689017612,6.35));
#11078 = CARTESIAN_POINT('',(0.401626131482,6.512645936762));
#11079 = CARTESIAN_POINT('',(0.404422204414,6.677588175345));
#11080 = CARTESIAN_POINT('',(0.409062002386,6.843143102564));
#11081 = CARTESIAN_POINT('',(0.415530899905,7.00869329397));
#11082 = CARTESIAN_POINT('',(0.423814589131,7.173336485176));
#11083 = CARTESIAN_POINT('',(0.433901007872,7.336243582809));
#11084 = CARTESIAN_POINT('',(0.445773195086,7.496577649384));
#11085 = CARTESIAN_POINT('',(0.459435211015,7.653459952844));
#11086 = CARTESIAN_POINT('',(0.47478526475,7.806251921288));
#11087 = CARTESIAN_POINT('',(0.491670182191,7.954440110641));
#11088 = CARTESIAN_POINT('',(0.509952643698,8.097473529071));
#11089 = CARTESIAN_POINT('',(0.529495679583,8.234822130404));
#11090 = CARTESIAN_POINT('',(0.550156618044,8.365909633593));
#11091 = CARTESIAN_POINT('',(0.571829157364,8.49032375142));
#11092 = CARTESIAN_POINT('',(0.594284318694,8.607042456226));
#11093 = CARTESIAN_POINT('',(0.617768492753,8.717318688288));
#11094 = CARTESIAN_POINT('',(0.642830633466,8.823709160055));
#11095 = CARTESIAN_POINT('',(0.669167473221,8.92464411805));
#11096 = CARTESIAN_POINT('',(0.696702937267,9.019632924707));
#11097 = CARTESIAN_POINT('',(0.725305596079,9.10789578709));
#11098 = CARTESIAN_POINT('',(0.754864683228,9.188730417826));
#11099 = CARTESIAN_POINT('',(0.775137755912,9.237185914383));
#11100 = CARTESIAN_POINT('',(0.785398163397,9.259935566297));
#11101 = ( GEOMETRIC_REPRESENTATION_CONTEXT(2) 
PARAMETRIC_REPRESENTATION_CONTEXT() REPRESENTATION_CONTEXT('2D SPACE',''
  ) );
#11102 = ORIENTED_EDGE('',*,*,#11103,.T.);
#11103 = EDGE_CURVE('',#10982,#9341,#11104,.T.);
#11104 = SURFACE_CURVE('',#11105,(#11110,#11117),.PCURVE_S1.);
#11105 = CIRCLE('',#11106,3.175);
#11106 = AXIS2_PLACEMENT_3D('',#11107,#11108,#11109);
#11107 = CARTESIAN_POINT('',(-33.02573134704,6.35,18.997658331715));
#11108 = DIRECTION('',(-0.866817109399,1.113273447743E-16,0.498626211558
    ));
#11109 = DIRECTION('',(-0.498626211558,1.924720625988E-16,
    -0.866817109399));
#11110 = PCURVE('',#9299,#11111);
#11111 = DEFINITIONAL_REPRESENTATION('',(#11112),#11116);
#11112 = LINE('',#11113,#11114);
#11113 = CARTESIAN_POINT('',(6.28318530718,152.4000005722));
#11114 = VECTOR('',#11115,1.);
#11115 = DIRECTION('',(-1.,0.));
#11116 = ( GEOMETRIC_REPRESENTATION_CONTEXT(2) 
PARAMETRIC_REPRESENTATION_CONTEXT() REPRESENTATION_CONTEXT('2D SPACE',''
  ) );
#11117 = PCURVE('',#9379,#11118);
#11118 = DEFINITIONAL_REPRESENTATION('',(#11119),#11123);
#11119 = CIRCLE('',#11120,3.175);
#11120 = AXIS2_PLACEMENT_2D('',#11121,#11122);
#11121 = CARTESIAN_POINT('',(12.7,6.35));
#11122 = DIRECTION('',(-1.,1.224646799147E-16));
#11123 = ( GEOMETRIC_REPRESENTATION_CONTEXT(2) 
PARAMETRIC_REPRESENTATION_CONTEXT() REPRESENTATION_CONTEXT('2D SPACE',''
  ) );
#11124 = ORIENTED_EDGE('',*,*,#10889,.F.);
#11125 = ORIENTED_EDGE('',*,*,#11126,.T.);
#11126 = EDGE_CURVE('',#10890,#10890,#11127,.T.);
#11127 = SURFACE_CURVE('',#11128,(#11133,#11140),.PCURVE_S1.);
#11128 = CIRCLE('',#11129,3.175);
#11129 = AXIS2_PLACEMENT_3D('',#11130,#11131,#11132);
#11130 = CARTESIAN_POINT('',(-165.1286593154,6.35,94.988293258518));
#11131 = DIRECTION('',(0.866817109399,-1.113273447743E-16,
    -0.498626211558));
#11132 = DIRECTION('',(-0.498626211558,1.924720625988E-16,
    -0.866817109399));
#11133 = PCURVE('',#9299,#11134);
#11134 = DEFINITIONAL_REPRESENTATION('',(#11135),#11139);
#11135 = LINE('',#11136,#11137);
#11136 = CARTESIAN_POINT('',(0.,0.));
#11137 = VECTOR('',#11138,1.);
#11138 = DIRECTION('',(1.,0.));
#11139 = ( GEOMETRIC_REPRESENTATION_CONTEXT(2) 
PARAMETRIC_REPRESENTATION_CONTEXT() REPRESENTATION_CONTEXT('2D SPACE',''
  ) );
#11140 = PCURVE('',#11141,#11146);
#11141 = PLANE('',#11142);
#11142 = AXIS2_PLACEMENT_3D('',#11143,#11144,#11145);
#11143 = CARTESIAN_POINT('',(-158.7961064286,12.7,105.99687054788));
#11144 = DIRECTION('',(-0.866817109399,1.113273447743E-16,0.498626211558
    ));
#11145 = DIRECTION('',(-0.498626211558,7.000738268404E-17,
    -0.866817109399));
#11146 = DEFINITIONAL_REPRESENTATION('',(#11147),#11155);
#11147 = ( BOUNDED_CURVE() B_SPLINE_CURVE(2,(#11148,#11149,#11150,#11151
    ,#11152,#11153,#11154),.UNSPECIFIED.,.T.,.F.) 
B_SPLINE_CURVE_WITH_KNOTS((1,2,2,2,2,1),(-2.094395102393,0.,
    2.094395102393,4.188790204786,6.28318530718,8.377580409573),
.UNSPECIFIED.) CURVE() GEOMETRIC_REPRESENTATION_ITEM() 
RATIONAL_B_SPLINE_CURVE((1.,0.5,1.,0.5,1.,0.5,1.)) REPRESENTATION_ITEM(
  '') );
#11148 = CARTESIAN_POINT('',(15.875,6.35));
#11149 = CARTESIAN_POINT('',(15.875,0.850738685969));
#11150 = CARTESIAN_POINT('',(11.1125,3.600369342984));
#11151 = CARTESIAN_POINT('',(6.35,6.35));
#11152 = CARTESIAN_POINT('',(11.1125,9.099630657016));
#11153 = CARTESIAN_POINT('',(15.875,11.849261314031));
#11154 = CARTESIAN_POINT('',(15.875,6.35));
#11155 = ( GEOMETRIC_REPRESENTATION_CONTEXT(2) 
PARAMETRIC_REPRESENTATION_CONTEXT() REPRESENTATION_CONTEXT('2D SPACE',''
  ) );
#11156 = ADVANCED_FACE('',(#11157),#9328,.F.);
#11157 = FACE_BOUND('',#11158,.F.);
#11158 = EDGE_LOOP('',(#11159,#11182,#11183,#11184,#11185));
#11159 = ORIENTED_EDGE('',*,*,#11160,.T.);
#11160 = EDGE_CURVE('',#11161,#9312,#11163,.T.);
#11161 = VERTEX_POINT('',#11162);
#11162 = CARTESIAN_POINT('',(-20.43401633197,12.7,15.417250052582));
#11163 = SEAM_CURVE('',#11164,(#11168,#11175),.PCURVE_S1.);
#11164 = LINE('',#11165,#11166);
#11165 = CARTESIAN_POINT('',(-20.43401633197,12.7,15.417250052582));
#11166 = VECTOR('',#11167,1.);
#11167 = DIRECTION('',(-1.488825900985E-16,-1.,-3.555094217636E-17));
#11168 = PCURVE('',#9328,#11169);
#11169 = DEFINITIONAL_REPRESENTATION('',(#11170),#11174);
#11170 = LINE('',#11171,#11172);
#11171 = CARTESIAN_POINT('',(9.424777960769,0.));
#11172 = VECTOR('',#11173,1.);
#11173 = DIRECTION('',(0.,1.));
#11174 = ( GEOMETRIC_REPRESENTATION_CONTEXT(2) 
PARAMETRIC_REPRESENTATION_CONTEXT() REPRESENTATION_CONTEXT('2D SPACE',''
  ) );
#11175 = PCURVE('',#9328,#11176);
#11176 = DEFINITIONAL_REPRESENTATION('',(#11177),#11181);
#11177 = LINE('',#11178,#11179);
#11178 = CARTESIAN_POINT('',(3.14159265359,0.));
#11179 = VECTOR('',#11180,1.);
#11180 = DIRECTION('',(0.,1.));
#11181 = ( GEOMETRIC_REPRESENTATION_CONTEXT(2) 
PARAMETRIC_REPRESENTATION_CONTEXT() REPRESENTATION_CONTEXT('2D SPACE',''
  ) );
#11182 = ORIENTED_EDGE('',*,*,#9311,.T.);
#11183 = ORIENTED_EDGE('',*,*,#10913,.T.);
#11184 = ORIENTED_EDGE('',*,*,#11160,.F.);
#11185 = ORIENTED_EDGE('',*,*,#11186,.T.);
#11186 = EDGE_CURVE('',#11161,#11161,#11187,.T.);
#11187 = SURFACE_CURVE('',#11188,(#11193,#11200),.PCURVE_S1.);
#11188 = CIRCLE('',#11189,3.175);
#11189 = AXIS2_PLACEMENT_3D('',#11190,#11191,#11192);
#11190 = CARTESIAN_POINT('',(-22.01715455366,12.7,12.66510573024));
#11191 = DIRECTION('',(-1.314079632032E-16,-1.,-5.172864927124E-18));
#11192 = DIRECTION('',(-0.498626211558,7.000738268404E-17,
    -0.866817109399));
#11193 = PCURVE('',#9328,#11194);
#11194 = DEFINITIONAL_REPRESENTATION('',(#11195),#11199);
#11195 = LINE('',#11196,#11197);
#11196 = CARTESIAN_POINT('',(0.,0.));
#11197 = VECTOR('',#11198,1.);
#11198 = DIRECTION('',(1.,0.));
#11199 = ( GEOMETRIC_REPRESENTATION_CONTEXT(2) 
PARAMETRIC_REPRESENTATION_CONTEXT() REPRESENTATION_CONTEXT('2D SPACE',''
  ) );
#11200 = PCURVE('',#11201,#11206);
#11201 = PLANE('',#11202);
#11202 = AXIS2_PLACEMENT_3D('',#11203,#11204,#11205);
#11203 = CARTESIAN_POINT('',(2.506867538801E-08,12.7,-4.334085142007E-08
    ));
#11204 = DIRECTION('',(-1.314079632032E-16,-1.,-5.172864927124E-18));
#11205 = DIRECTION('',(-0.866817109399,1.113273447743E-16,0.498626211558
    ));
#11206 = DEFINITIONAL_REPRESENTATION('',(#11207),#11211);
#11207 = CIRCLE('',#11208,3.175);
#11208 = AXIS2_PLACEMENT_2D('',#11209,#11210);
#11209 = CARTESIAN_POINT('',(25.4,2.84217094304E-14));
#11210 = DIRECTION('',(2.22044604925E-16,1.));
#11211 = ( GEOMETRIC_REPRESENTATION_CONTEXT(2) 
PARAMETRIC_REPRESENTATION_CONTEXT() REPRESENTATION_CONTEXT('2D SPACE',''
  ) );
#11212 = ADVANCED_FACE('',(#11213),#9579,.F.);
#11213 = FACE_BOUND('',#11214,.T.);
#11214 = EDGE_LOOP('',(#11215,#11216,#11239,#11283));
#11215 = ORIENTED_EDGE('',*,*,#10535,.T.);
#11216 = ORIENTED_EDGE('',*,*,#11217,.F.);
#11217 = EDGE_CURVE('',#11218,#10536,#11220,.T.);
#11218 = VERTEX_POINT('',#11219);
#11219 = CARTESIAN_POINT('',(36.192007840573,5.08,-13.49336977371));
#11220 = SURFACE_CURVE('',#11221,(#11225,#11232),.PCURVE_S1.);
#11221 = LINE('',#11222,#11223);
#11222 = CARTESIAN_POINT('',(36.192007840573,5.08,-13.49336977371));
#11223 = VECTOR('',#11224,1.);
#11224 = DIRECTION('',(-0.498626211558,7.000738268404E-17,
    -0.866817109399));
#11225 = PCURVE('',#9579,#11226);
#11226 = DEFINITIONAL_REPRESENTATION('',(#11227),#11231);
#11227 = LINE('',#11228,#11229);
#11228 = CARTESIAN_POINT('',(6.35,5.08));
#11229 = VECTOR('',#11230,1.);
#11230 = DIRECTION('',(1.,-2.234078735489E-32));
#11231 = ( GEOMETRIC_REPRESENTATION_CONTEXT(2) 
PARAMETRIC_REPRESENTATION_CONTEXT() REPRESENTATION_CONTEXT('2D SPACE',''
  ) );
#11232 = PCURVE('',#9846,#11233);
#11233 = DEFINITIONAL_REPRESENTATION('',(#11234),#11238);
#11234 = LINE('',#11235,#11236);
#11235 = CARTESIAN_POINT('',(0.785398163397,-8.881784197001E-16));
#11236 = VECTOR('',#11237,1.);
#11237 = DIRECTION('',(0.,1.));
#11238 = ( GEOMETRIC_REPRESENTATION_CONTEXT(2) 
PARAMETRIC_REPRESENTATION_CONTEXT() REPRESENTATION_CONTEXT('2D SPACE',''
  ) );
#11239 = ORIENTED_EDGE('',*,*,#11240,.F.);
#11240 = EDGE_CURVE('',#9492,#11218,#11241,.T.);
#11241 = SURFACE_CURVE('',#11242,(#11247,#11254),.PCURVE_S1.);
#11242 = CIRCLE('',#11243,1.27);
#11243 = AXIS2_PLACEMENT_3D('',#11244,#11245,#11246);
#11244 = CARTESIAN_POINT('',(36.192007840573,6.35,-13.49336977371));
#11245 = DIRECTION('',(0.866817109399,-2.775557561563E-17,
    -0.498626211558));
#11246 = DIRECTION('',(0.35258197547,-0.707106781187,0.612932256105));
#11247 = PCURVE('',#9579,#11248);
#11248 = DEFINITIONAL_REPRESENTATION('',(#11249),#11253);
#11249 = CIRCLE('',#11250,1.27);
#11250 = AXIS2_PLACEMENT_2D('',#11251,#11252);
#11251 = CARTESIAN_POINT('',(6.35,6.35));
#11252 = DIRECTION('',(-0.707106781187,-0.707106781187));
#11253 = ( GEOMETRIC_REPRESENTATION_CONTEXT(2) 
PARAMETRIC_REPRESENTATION_CONTEXT() REPRESENTATION_CONTEXT('2D SPACE',''
  ) );
#11254 = PCURVE('',#9508,#11255);
#11255 = DEFINITIONAL_REPRESENTATION('',(#11256),#11282);
#11256 = B_SPLINE_CURVE_WITH_KNOTS('',3,(#11257,#11258,#11259,#11260,
    #11261,#11262,#11263,#11264,#11265,#11266,#11267,#11268,#11269,
    #11270,#11271,#11272,#11273,#11274,#11275,#11276,#11277,#11278,
    #11279,#11280,#11281),.UNSPECIFIED.,.F.,.F.,(4,1,1,1,1,1,1,1,1,1,1,1
    ,1,1,1,1,1,1,1,1,1,1,4),(5.497787143782,5.569186976818,
    5.640586809854,5.711986642891,5.783386475927,5.854786308963,
    5.926186141999,5.997585975035,6.068985808071,6.140385641107,
    6.211785474143,6.28318530718,6.354585140216,6.425984973252,
    6.497384806288,6.568784639324,6.64018447236,6.711584305396,
    6.782984138433,6.854383971469,6.925783804505,6.997183637541,
    7.068583470577),.QUASI_UNIFORM_KNOTS.);
#11257 = CARTESIAN_POINT('',(-1.570796326795,-3.14159265359));
#11258 = CARTESIAN_POINT('',(-1.570796326795,-3.115159605061));
#11259 = CARTESIAN_POINT('',(-1.570796326795,-3.06306744096));
#11260 = CARTESIAN_POINT('',(-1.570796326795,-2.986986199036));
#11261 = CARTESIAN_POINT('',(-1.570796326795,-2.912688495408));
#11262 = CARTESIAN_POINT('',(-1.570796326795,-2.839931213655));
#11263 = CARTESIAN_POINT('',(-1.570796326795,-2.76848654735));
#11264 = CARTESIAN_POINT('',(-1.570796326795,-2.698142049645));
#11265 = CARTESIAN_POINT('',(-1.570796326795,-2.628697122557));
#11266 = CARTESIAN_POINT('',(-1.570796326795,-2.559960843422));
#11267 = CARTESIAN_POINT('',(-1.570796326795,-2.491749732825));
#11268 = CARTESIAN_POINT('',(-1.570796326795,-2.423885766815));
#11269 = CARTESIAN_POINT('',(-1.570796326795,-2.356194490192));
#11270 = CARTESIAN_POINT('',(-1.570796326795,-2.28850321357));
#11271 = CARTESIAN_POINT('',(-1.570796326795,-2.22063924756));
#11272 = CARTESIAN_POINT('',(-1.570796326795,-2.152428136963));
#11273 = CARTESIAN_POINT('',(-1.570796326795,-2.083691857828));
#11274 = CARTESIAN_POINT('',(-1.570796326795,-2.01424693074));
#11275 = CARTESIAN_POINT('',(-1.570796326795,-1.943902433035));
#11276 = CARTESIAN_POINT('',(-1.570796326795,-1.87245776673));
#11277 = CARTESIAN_POINT('',(-1.570796326795,-1.799700484977));
#11278 = CARTESIAN_POINT('',(-1.570796326795,-1.725402781349));
#11279 = CARTESIAN_POINT('',(-1.570796326795,-1.649321539425));
#11280 = CARTESIAN_POINT('',(-1.570796326795,-1.597229375324));
#11281 = CARTESIAN_POINT('',(-1.570796326795,-1.570796326795));
#11282 = ( GEOMETRIC_REPRESENTATION_CONTEXT(2) 
PARAMETRIC_REPRESENTATION_CONTEXT() REPRESENTATION_CONTEXT('2D SPACE',''
  ) );
#11283 = ORIENTED_EDGE('',*,*,#9563,.T.);
#11284 = ADVANCED_FACE('',(#11285),#9508,.F.);
#11285 = FACE_BOUND('',#11286,.F.);
#11286 = EDGE_LOOP('',(#11287,#11288,#11434,#11468,#11514,#11558));
#11287 = ORIENTED_EDGE('',*,*,#9491,.T.);
#11288 = ORIENTED_EDGE('',*,*,#11289,.T.);
#11289 = EDGE_CURVE('',#9464,#11290,#11292,.T.);
#11290 = VERTEX_POINT('',#11291);
#11291 = CARTESIAN_POINT('',(43.64168126369,6.503629032258,
    -10.45519846007));
#11292 = SURFACE_CURVE('',#11293,(#11338,#11386),.PCURVE_S1.);
#11293 = B_SPLINE_CURVE_WITH_KNOTS('',8,(#11294,#11295,#11296,#11297,
    #11298,#11299,#11300,#11301,#11302,#11303,#11304,#11305,#11306,
    #11307,#11308,#11309,#11310,#11311,#11312,#11313,#11314,#11315,
    #11316,#11317,#11318,#11319,#11320,#11321,#11322,#11323,#11324,
    #11325,#11326,#11327,#11328,#11329,#11330,#11331,#11332,#11333,
    #11334,#11335,#11336,#11337),.UNSPECIFIED.,.F.,.F.,(9,7,7,7,7,7,9),(
    0.,0.600441534802,0.663556918239,0.811473011667,0.878989559606,
    0.937883655507,1.),.UNSPECIFIED.);
#11294 = CARTESIAN_POINT('',(42.617546766411,6.35,-10.03907352829));
#11295 = CARTESIAN_POINT('',(42.693977375467,6.35,-10.06079699815));
#11296 = CARTESIAN_POINT('',(42.77302940331,6.352832256582,
    -10.08474205922));
#11297 = CARTESIAN_POINT('',(42.853874563993,6.358177917588,
    -10.1108776492));
#11298 = CARTESIAN_POINT('',(42.93586886963,6.365717941909,
    -10.13915077763));
#11299 = CARTESIAN_POINT('',(43.018532240177,6.375139124809,
    -10.16951129246));
#11300 = CARTESIAN_POINT('',(43.101426476666,6.386170471743,
    -10.20186500934));
#11301 = CARTESIAN_POINT('',(43.184276265717,6.398546612012,
    -10.23616442112));
#11302 = CARTESIAN_POINT('',(43.27527755797,6.413520069921,
    -10.27601868541));
#11303 = CARTESIAN_POINT('',(43.283927326912,6.414957198981,
    -10.27982880444));
#11304 = CARTESIAN_POINT('',(43.292570547946,6.416407018104,
    -10.28365800564));
#11305 = CARTESIAN_POINT('',(43.301206604444,6.417869331406,
    -10.28750602994));
#11306 = CARTESIAN_POINT('',(43.309834832025,6.419343959331,
    -10.29137258757));
#11307 = CARTESIAN_POINT('',(43.318454518551,6.420830738648,
    -10.2952573581));
#11308 = CARTESIAN_POINT('',(43.327064904132,6.422329522454,
    -10.29915999042));
#11309 = CARTESIAN_POINT('',(43.355820637763,6.427380530811,
    -10.31226720849));
#11310 = CARTESIAN_POINT('',(43.375919636022,6.43098605206,
    -10.32154986559));
#11311 = CARTESIAN_POINT('',(43.39595311017,6.434655023781,
    -10.3309238147));
#11312 = CARTESIAN_POINT('',(43.415907086745,6.438386953558,
    -10.34038200505));
#11313 = CARTESIAN_POINT('',(43.435765270188,6.442181866276,
    -10.34991601839));
#11314 = CARTESIAN_POINT('',(43.455506528654,6.446040987145,
    -10.35951462676));
#11315 = CARTESIAN_POINT('',(43.475097280003,6.449968818184,
    -10.3691594841));
#11316 = CARTESIAN_POINT('',(43.503325495082,6.455805970563,
    -10.38322657546));
#11317 = CARTESIAN_POINT('',(43.512127908066,6.457651891135,
    -10.38763767702));
#11318 = CARTESIAN_POINT('',(43.52088081443,6.459515521953,
    -10.39204833653));
#11319 = CARTESIAN_POINT('',(43.529576892159,6.461398355844,
    -10.39645447606));
#11320 = CARTESIAN_POINT('',(43.538206818534,6.463302199308,
    -10.40085091021));
#11321 = CARTESIAN_POINT('',(43.546758371074,6.465229400225,
    -10.40523083073));
#11322 = CARTESIAN_POINT('',(43.555214510606,6.467183330345,
    -10.40958472529));
#11323 = CARTESIAN_POINT('',(43.570821810601,6.47090131174,
    -10.41766179903));
#11324 = CARTESIAN_POINT('',(43.577995694242,6.472656417149,
    -10.42139139506));
#11325 = CARTESIAN_POINT('',(43.585062335808,6.474438977745,
    -10.42508175147));
#11326 = CARTESIAN_POINT('',(43.591999925645,6.476254073436,
    -10.42872067634));
#11327 = CARTESIAN_POINT('',(43.598776716021,6.478106974404,
    -10.43229055839));
#11328 = CARTESIAN_POINT('',(43.605346917561,6.480004007223,
    -10.43576598155));
#11329 = CARTESIAN_POINT('',(43.611640382101,6.48195463772,
    -10.43910794838));
#11330 = CARTESIAN_POINT('',(43.623774877442,6.486105430164,
    -10.44557364393));
#11331 = CARTESIAN_POINT('',(43.629651809305,6.488341008047,
    -10.4487177673));
#11332 = CARTESIAN_POINT('',(43.634987110308,6.49068908153,
    -10.45158363605));
#11333 = CARTESIAN_POINT('',(43.639457772546,6.493147486499,
    -10.45399407141));
#11334 = CARTESIAN_POINT('',(43.642713373334,6.49570316875,
    -10.45575599645));
#11335 = CARTESIAN_POINT('',(43.644191217004,6.498341905374,
    -10.4565546685));
#11336 = CARTESIAN_POINT('',(43.643737599526,6.501017246,-10.4563084244)
  );
#11337 = CARTESIAN_POINT('',(43.64168126369,6.503629032258,
    -10.45519846007));
#11338 = PCURVE('',#9508,#11339);
#11339 = DEFINITIONAL_REPRESENTATION('',(#11340),#11385);
#11340 = B_SPLINE_CURVE_WITH_KNOTS('',8,(#11341,#11342,#11343,#11344,
    #11345,#11346,#11347,#11348,#11349,#11350,#11351,#11352,#11353,
    #11354,#11355,#11356,#11357,#11358,#11359,#11360,#11361,#11362,
    #11363,#11364,#11365,#11366,#11367,#11368,#11369,#11370,#11371,
    #11372,#11373,#11374,#11375,#11376,#11377,#11378,#11379,#11380,
    #11381,#11382,#11383,#11384),.UNSPECIFIED.,.F.,.F.,(9,7,7,7,7,7,9),(
    0.,0.600441534802,0.663556918239,0.811473011667,0.878989559606,
    0.937883655507,1.),.UNSPECIFIED.);
#11341 = CARTESIAN_POINT('',(-0.260318505567,-3.14159265359));
#11342 = CARTESIAN_POINT('',(-0.244352441623,-3.14159265359));
#11343 = CARTESIAN_POINT('',(-0.227678634354,-3.142100196222));
#11344 = CARTESIAN_POINT('',(-0.210438300309,-3.143051831552));
#11345 = CARTESIAN_POINT('',(-0.19273904773,-3.144385691323));
#11346 = CARTESIAN_POINT('',(-0.174656644279,-3.146043549287));
#11347 = CARTESIAN_POINT('',(-0.156264060865,-3.147976631773));
#11348 = CARTESIAN_POINT('',(-0.137598797006,-3.15013870488));
#11349 = CARTESIAN_POINT('',(-0.116766439436,-3.152749300197));
#11350 = CARTESIAN_POINT('',(-0.114782976187,-3.152999813365));
#11351 = CARTESIAN_POINT('',(-0.112797665442,-3.153252492698));
#11352 = CARTESIAN_POINT('',(-0.110810629014,-3.153507305534));
#11353 = CARTESIAN_POINT('',(-0.108822001108,-3.153764222187));
#11354 = CARTESIAN_POINT('',(-0.106831928324,-3.154023215942));
#11355 = CARTESIAN_POINT('',(-0.104840569655,-3.154284263064));
#11356 = CARTESIAN_POINT('',(-9.817857170386E-02,-3.155163891762));
#11357 = CARTESIAN_POINT('',(-9.350314782292E-02,-3.155791596655));
#11358 = CARTESIAN_POINT('',(-8.882371449726E-02,-3.15643018314));
#11359 = CARTESIAN_POINT('',(-8.414338825449E-02,-3.157079594668));
#11360 = CARTESIAN_POINT('',(-7.946587174577E-02,-3.157739868043));
#11361 = CARTESIAN_POINT('',(-7.47960872399E-02,-3.158411252336));
#11362 = CARTESIAN_POINT('',(-7.014208436317E-02,-3.159094571121));
#11363 = CARTESIAN_POINT('',(-6.340765242413E-02,-3.160110092144));
#11364 = CARTESIAN_POINT('',(-6.130353207605E-02,-3.160431242644));
#11365 = CARTESIAN_POINT('',(-5.920713617087E-02,-3.160755484425));
#11366 = CARTESIAN_POINT('',(-5.71202633614E-02,-3.161083082019));
#11367 = CARTESIAN_POINT('',(-5.504520892315E-02,-3.161414354871));
#11368 = CARTESIAN_POINT('',(-5.298499106812E-02,-3.161749717114));
#11369 = CARTESIAN_POINT('',(-5.094383047219E-02,-3.162089761834));
#11370 = CARTESIAN_POINT('',(-4.71693896333E-02,-3.162736878183));
#11371 = CARTESIAN_POINT('',(-4.54315373562E-02,-3.163042383811));
#11372 = CARTESIAN_POINT('',(-4.371679837314E-02,-3.163352701472));
#11373 = CARTESIAN_POINT('',(-4.2030592813E-02,-3.163668721351));
#11374 = CARTESIAN_POINT('',(-4.038079333408E-02,-3.163991367553));
#11375 = CARTESIAN_POINT('',(-3.877876394957E-02,-3.164321749399));
#11376 = CARTESIAN_POINT('',(-3.724193308991E-02,-3.164661525566));
#11377 = CARTESIAN_POINT('',(-3.42748619715E-02,-3.165384692952));
#11378 = CARTESIAN_POINT('',(-3.283561973423E-02,-3.165774262476));
#11379 = CARTESIAN_POINT('',(-3.152697773101E-02,-3.166183529835));
#11380 = CARTESIAN_POINT('',(-3.04288097678E-02,-3.166612144554));
#11381 = CARTESIAN_POINT('',(-2.962792223018E-02,-3.167057859754));
#11382 = CARTESIAN_POINT('',(-2.926457241914E-02,-3.167518229597));
#11383 = CARTESIAN_POINT('',(-2.937629671735E-02,-3.167985185349));
#11384 = CARTESIAN_POINT('',(-2.988163851214E-02,-3.168441235319));
#11385 = ( GEOMETRIC_REPRESENTATION_CONTEXT(2) 
PARAMETRIC_REPRESENTATION_CONTEXT() REPRESENTATION_CONTEXT('2D SPACE',''
  ) );
#11386 = PCURVE('',#9479,#11387);
#11387 = DEFINITIONAL_REPRESENTATION('',(#11388),#11433);
#11388 = B_SPLINE_CURVE_WITH_KNOTS('',8,(#11389,#11390,#11391,#11392,
    #11393,#11394,#11395,#11396,#11397,#11398,#11399,#11400,#11401,
    #11402,#11403,#11404,#11405,#11406,#11407,#11408,#11409,#11410,
    #11411,#11412,#11413,#11414,#11415,#11416,#11417,#11418,#11419,
    #11420,#11421,#11422,#11423,#11424,#11425,#11426,#11427,#11428,
    #11429,#11430,#11431,#11432),.UNSPECIFIED.,.F.,.F.,(9,7,7,7,7,7,9),(
    0.,0.600441534802,0.663556918239,0.811473011667,0.878989559606,
    0.937883655507,1.),.UNSPECIFIED.);
#11389 = CARTESIAN_POINT('',(0.,1.232635572426));
#11390 = CARTESIAN_POINT('',(0.128533531274,1.155552321337));
#11391 = CARTESIAN_POINT('',(0.252943784307,1.075089035984));
#11392 = CARTESIAN_POINT('',(0.373886995933,0.99197917727));
#11393 = CARTESIAN_POINT('',(0.491912742783,0.906807387357));
#11394 = CARTESIAN_POINT('',(0.607460547924,0.820014814956));
#11395 = CARTESIAN_POINT('',(0.721076432414,0.732028261218));
#11396 = CARTESIAN_POINT('',(0.833172269428,0.643110060802));
#11397 = CARTESIAN_POINT('',(0.956366346052,0.544356202884));
#11398 = CARTESIAN_POINT('',(0.968076825836,0.534958609955));
#11399 = CARTESIAN_POINT('',(0.979780926123,0.525557177993));
#11400 = CARTESIAN_POINT('',(0.99147970317,0.516152570686));
#11401 = CARTESIAN_POINT('',(1.00317430749,0.506745508413));
#11402 = CARTESIAN_POINT('',(1.014865983847,0.497336768242));
#11403 = CARTESIAN_POINT('',(1.02655607126,0.487927183932));
#11404 = CARTESIAN_POINT('',(1.065642319728,0.456465619537));
#11405 = CARTESIAN_POINT('',(1.093037354786,0.434414887819));
#11406 = CARTESIAN_POINT('',(1.120449499147,0.412375432936));
#11407 = CARTESIAN_POINT('',(1.147904725159,0.390362883019));
#11408 = CARTESIAN_POINT('',(1.175432010787,0.368395560895));
#11409 = CARTESIAN_POINT('',(1.203067996379,0.346497382568));
#11410 = CARTESIAN_POINT('',(1.230870873954,0.324706605434));
#11411 = CARTESIAN_POINT('',(1.271757310178,0.293223685165));
#11412 = CARTESIAN_POINT('',(1.284626597645,0.283394112129));
#11413 = CARTESIAN_POINT('',(1.2975617428,0.273607672692));
#11414 = CARTESIAN_POINT('',(1.310575326748,0.263872747069));
#11415 = CARTESIAN_POINT('',(1.323681986485,0.254200001934));
#11416 = CARTESIAN_POINT('',(1.336899950593,0.244603426702));
#11417 = CARTESIAN_POINT('',(1.350254264447,0.235102534325));
#11418 = CARTESIAN_POINT('',(1.375581573314,0.217546418977));
#11419 = CARTESIAN_POINT('',(1.387504124213,0.209468299559));
#11420 = CARTESIAN_POINT('',(1.39958158831,0.201502705309));
#11421 = CARTESIAN_POINT('',(1.411849509834,0.193674620417));
#11422 = CARTESIAN_POINT('',(1.424344576019,0.186020345809));
#11423 = CARTESIAN_POINT('',(1.437110521717,0.17859224562));
#11424 = CARTESIAN_POINT('',(1.450212109201,0.171470570621));
#11425 = CARTESIAN_POINT('',(1.478043343148,0.157728217164));
#11426 = CARTESIAN_POINT('',(1.493007918883,0.151066249754));
#11427 = CARTESIAN_POINT('',(1.508702021428,0.145012522283));
#11428 = CARTESIAN_POINT('',(1.525112295404,0.13993536951));
#11429 = CARTESIAN_POINT('',(1.542155509214,0.136234817041));
#11430 = CARTESIAN_POINT('',(1.559742791514,0.134555558044));
#11431 = CARTESIAN_POINT('',(1.577575229533,0.135071545198));
#11432 = CARTESIAN_POINT('',(1.594992235997,0.13740746959));
#11433 = ( GEOMETRIC_REPRESENTATION_CONTEXT(2) 
PARAMETRIC_REPRESENTATION_CONTEXT() REPRESENTATION_CONTEXT('2D SPACE',''
  ) );
#11434 = ORIENTED_EDGE('',*,*,#11435,.F.);
#11435 = EDGE_CURVE('',#11436,#11290,#11438,.T.);
#11436 = VERTEX_POINT('',#11437);
#11437 = CARTESIAN_POINT('',(43.761715199715,6.35,-10.52210228374));
#11438 = SURFACE_CURVE('',#11439,(#11445,#11454),.PCURVE_S1.);
#11439 = B_SPLINE_CURVE_WITH_KNOTS('',4,(#11440,#11441,#11442,#11443,
    #11444),.UNSPECIFIED.,.F.,.F.,(5,5),(0.,1.),
  .PIECEWISE_BEZIER_KNOTS.);
#11440 = CARTESIAN_POINT('',(43.761715199716,6.35,-10.52210228374));
#11441 = CARTESIAN_POINT('',(43.731939666368,6.388404939018,
    -10.504974263));
#11442 = CARTESIAN_POINT('',(43.702007923018,6.426812182123,
    -10.48811366705));
#11443 = CARTESIAN_POINT('',(43.671921365438,6.465220577364,
    -10.47152139409));
#11444 = CARTESIAN_POINT('',(43.64168126369,6.503629032258,
    -10.45519846007));
#11445 = PCURVE('',#9508,#11446);
#11446 = DEFINITIONAL_REPRESENTATION('',(#11447),#11453);
#11447 = B_SPLINE_CURVE_WITH_KNOTS('',4,(#11448,#11449,#11450,#11451,
    #11452),.UNSPECIFIED.,.F.,.F.,(5,5),(0.,1.),
  .PIECEWISE_BEZIER_KNOTS.);
#11448 = CARTESIAN_POINT('',(3.948057158976E-13,-3.14159265359));
#11449 = CARTESIAN_POINT('',(-7.510575907071E-03,-3.148310316826));
#11450 = CARTESIAN_POINT('',(-1.499355436558E-02,-3.155024295783));
#11451 = CARTESIAN_POINT('',(-2.245017375529E-02,-3.161734647199));
#11452 = CARTESIAN_POINT('',(-2.988163851214E-02,-3.168441235319));
#11453 = ( GEOMETRIC_REPRESENTATION_CONTEXT(2) 
PARAMETRIC_REPRESENTATION_CONTEXT() REPRESENTATION_CONTEXT('2D SPACE',''
  ) );
#11454 = PCURVE('',#11455,#11460);
#11455 = CYLINDRICAL_SURFACE('',#11456,6.35);
#11456 = AXIS2_PLACEMENT_3D('',#11457,#11458,#11459);
#11457 = CARTESIAN_POINT('',(85.730606138728,6.35,-41.98985804958));
#11458 = DIRECTION('',(-0.866817109399,1.113273447743E-16,0.498626211558
    ));
#11459 = DIRECTION('',(0.35258197547,0.707106781187,0.612932256105));
#11460 = DEFINITIONAL_REPRESENTATION('',(#11461),#11467);
#11461 = B_SPLINE_CURVE_WITH_KNOTS('',4,(#11462,#11463,#11464,#11465,
    #11466),.UNSPECIFIED.,.F.,.F.,(5,5),(0.,1.),
  .PIECEWISE_BEZIER_KNOTS.);
#11462 = CARTESIAN_POINT('',(5.497787143782,52.070000572205));
#11463 = CARTESIAN_POINT('',(5.503835165665,52.104350994044));
#11464 = CARTESIAN_POINT('',(5.509883550457,52.138703476376));
#11465 = CARTESIAN_POINT('',(5.515932706433,52.173056361457));
#11466 = CARTESIAN_POINT('',(5.521983052984,52.207408041795));
#11467 = ( GEOMETRIC_REPRESENTATION_CONTEXT(2) 
PARAMETRIC_REPRESENTATION_CONTEXT() REPRESENTATION_CONTEXT('2D SPACE',''
  ) );
#11468 = ORIENTED_EDGE('',*,*,#11469,.F.);
#11469 = EDGE_CURVE('',#11470,#11436,#11472,.T.);
#11470 = VERTEX_POINT('',#11471);
#11471 = CARTESIAN_POINT('',(40.59543875632,1.728537123597E-14,
    -16.02639092842));
#11472 = SURFACE_CURVE('',#11473,(#11478,#11507),.PCURVE_S1.);
#11473 = CIRCLE('',#11474,6.35);
#11474 = AXIS2_PLACEMENT_3D('',#11475,#11476,#11477);
#11475 = CARTESIAN_POINT('',(40.59543875632,6.35,-16.02639092842));
#11476 = DIRECTION('',(-0.866817109399,2.775557561563E-17,0.498626211558
    ));
#11477 = DIRECTION('',(0.35258197547,-0.707106781187,0.612932256105));
#11478 = PCURVE('',#9508,#11479);
#11479 = DEFINITIONAL_REPRESENTATION('',(#11480),#11506);
#11480 = B_SPLINE_CURVE_WITH_KNOTS('',3,(#11481,#11482,#11483,#11484,
    #11485,#11486,#11487,#11488,#11489,#11490,#11491,#11492,#11493,
    #11494,#11495,#11496,#11497,#11498,#11499,#11500,#11501,#11502,
    #11503,#11504,#11505),.UNSPECIFIED.,.F.,.F.,(4,1,1,1,1,1,1,1,1,1,1,1
    ,1,1,1,1,1,1,1,1,1,1,4),(5.497787143782,5.569186976818,
    5.640586809854,5.711986642891,5.783386475927,5.854786308963,
    5.926186141999,5.997585975035,6.068985808071,6.140385641107,
    6.211785474143,6.28318530718,6.354585140216,6.425984973252,
    6.497384806288,6.568784639324,6.64018447236,6.711584305396,
    6.782984138433,6.854383971469,6.925783804505,6.997183637541,
    7.068583470577),.QUASI_UNIFORM_KNOTS.);
#11481 = CARTESIAN_POINT('',(3.94807314735E-13,-1.570796326795));
#11482 = CARTESIAN_POINT('',(3.94807314735E-13,-1.597229375323));
#11483 = CARTESIAN_POINT('',(3.94807314735E-13,-1.649321539424));
#11484 = CARTESIAN_POINT('',(3.94807314735E-13,-1.725402781348));
#11485 = CARTESIAN_POINT('',(3.94807314735E-13,-1.799700484976));
#11486 = CARTESIAN_POINT('',(3.94807314735E-13,-1.872457766729));
#11487 = CARTESIAN_POINT('',(3.94807314735E-13,-1.943902433034));
#11488 = CARTESIAN_POINT('',(3.94807314735E-13,-2.01424693074));
#11489 = CARTESIAN_POINT('',(3.94807314735E-13,-2.083691857828));
#11490 = CARTESIAN_POINT('',(3.94807314735E-13,-2.152428136963));
#11491 = CARTESIAN_POINT('',(3.94807314735E-13,-2.22063924756));
#11492 = CARTESIAN_POINT('',(3.94807314735E-13,-2.28850321357));
#11493 = CARTESIAN_POINT('',(3.94807314735E-13,-2.356194490192));
#11494 = CARTESIAN_POINT('',(3.94807314735E-13,-2.423885766815));
#11495 = CARTESIAN_POINT('',(3.94807314735E-13,-2.491749732825));
#11496 = CARTESIAN_POINT('',(3.94807314735E-13,-2.559960843422));
#11497 = CARTESIAN_POINT('',(3.94807314735E-13,-2.628697122557));
#11498 = CARTESIAN_POINT('',(3.94807314735E-13,-2.698142049645));
#11499 = CARTESIAN_POINT('',(3.94807314735E-13,-2.768486547351));
#11500 = CARTESIAN_POINT('',(3.94807314735E-13,-2.839931213656));
#11501 = CARTESIAN_POINT('',(3.94807314735E-13,-2.912688495408));
#11502 = CARTESIAN_POINT('',(3.94807314735E-13,-2.986986199037));
#11503 = CARTESIAN_POINT('',(3.94807314735E-13,-3.063067440961));
#11504 = CARTESIAN_POINT('',(3.94807314735E-13,-3.115159605061));
#11505 = CARTESIAN_POINT('',(3.94807314735E-13,-3.14159265359));
#11506 = ( GEOMETRIC_REPRESENTATION_CONTEXT(2) 
PARAMETRIC_REPRESENTATION_CONTEXT() REPRESENTATION_CONTEXT('2D SPACE',''
  ) );
#11507 = PCURVE('',#11455,#11508);
#11508 = DEFINITIONAL_REPRESENTATION('',(#11509),#11513);
#11509 = LINE('',#11510,#11511);
#11510 = CARTESIAN_POINT('',(-1.570796326795,52.070000572205));
#11511 = VECTOR('',#11512,1.);
#11512 = DIRECTION('',(1.,0.));
#11513 = ( GEOMETRIC_REPRESENTATION_CONTEXT(2) 
PARAMETRIC_REPRESENTATION_CONTEXT() REPRESENTATION_CONTEXT('2D SPACE',''
  ) );
#11514 = ORIENTED_EDGE('',*,*,#11515,.F.);
#11515 = EDGE_CURVE('',#11218,#11470,#11516,.T.);
#11516 = SURFACE_CURVE('',#11517,(#11522,#11551),.PCURVE_S1.);
#11517 = CIRCLE('',#11518,5.08);
#11518 = AXIS2_PLACEMENT_3D('',#11519,#11520,#11521);
#11519 = CARTESIAN_POINT('',(40.59543875632,5.08,-16.02639092842));
#11520 = DIRECTION('',(0.498626211558,2.607577689436E-17,0.866817109399)
  );
#11521 = DIRECTION('',(-0.866817109399,1.113273447743E-16,0.498626211558
    ));
#11522 = PCURVE('',#9508,#11523);
#11523 = DEFINITIONAL_REPRESENTATION('',(#11524),#11550);
#11524 = B_SPLINE_CURVE_WITH_KNOTS('',3,(#11525,#11526,#11527,#11528,
    #11529,#11530,#11531,#11532,#11533,#11534,#11535,#11536,#11537,
    #11538,#11539,#11540,#11541,#11542,#11543,#11544,#11545,#11546,
    #11547,#11548,#11549),.UNSPECIFIED.,.F.,.F.,(4,1,1,1,1,1,1,1,1,1,1,1
    ,1,1,1,1,1,1,1,1,1,1,4),(0.,7.139983303613E-02,0.142799666072,
    0.214199499108,0.285599332145,0.356999165181,0.428398998217,
    0.499798831253,0.571198664289,0.642598497325,0.713998330361,
    0.785398163397,0.856797996434,0.92819782947,0.999597662506,
    1.070997495542,1.142397328578,1.213797161614,1.28519699465,
    1.356596827687,1.427996660723,1.499396493759,1.570796326795),
  .QUASI_UNIFORM_KNOTS.);
#11525 = CARTESIAN_POINT('',(-1.570796326795,-1.570796326795));
#11526 = CARTESIAN_POINT('',(-1.544363278266,-1.570796326795));
#11527 = CARTESIAN_POINT('',(-1.492271114166,-1.570796326795));
#11528 = CARTESIAN_POINT('',(-1.416189872242,-1.570796326795));
#11529 = CARTESIAN_POINT('',(-1.341892168613,-1.570796326795));
#11530 = CARTESIAN_POINT('',(-1.26913488686,-1.570796326795));
#11531 = CARTESIAN_POINT('',(-1.197690220555,-1.570796326795));
#11532 = CARTESIAN_POINT('',(-1.12734572285,-1.570796326795));
#11533 = CARTESIAN_POINT('',(-1.057900795762,-1.570796326795));
#11534 = CARTESIAN_POINT('',(-0.989164516627,-1.570796326795));
#11535 = CARTESIAN_POINT('',(-0.92095340603,-1.570796326795));
#11536 = CARTESIAN_POINT('',(-0.85308944002,-1.570796326795));
#11537 = CARTESIAN_POINT('',(-0.785398163397,-1.570796326795));
#11538 = CARTESIAN_POINT('',(-0.717706886775,-1.570796326795));
#11539 = CARTESIAN_POINT('',(-0.649842920765,-1.570796326795));
#11540 = CARTESIAN_POINT('',(-0.581631810167,-1.570796326795));
#11541 = CARTESIAN_POINT('',(-0.512895531032,-1.570796326795));
#11542 = CARTESIAN_POINT('',(-0.443450603944,-1.570796326795));
#11543 = CARTESIAN_POINT('',(-0.373106106239,-1.570796326795));
#11544 = CARTESIAN_POINT('',(-0.301661439934,-1.570796326795));
#11545 = CARTESIAN_POINT('',(-0.228904158181,-1.570796326795));
#11546 = CARTESIAN_POINT('',(-0.154606454553,-1.570796326795));
#11547 = CARTESIAN_POINT('',(-7.852521262855E-02,-1.570796326795));
#11548 = CARTESIAN_POINT('',(-2.643304852801E-02,-1.570796326795));
#11549 = CARTESIAN_POINT('',(3.94807314735E-13,-1.570796326795));
#11550 = ( GEOMETRIC_REPRESENTATION_CONTEXT(2) 
PARAMETRIC_REPRESENTATION_CONTEXT() REPRESENTATION_CONTEXT('2D SPACE',''
  ) );
#11551 = PCURVE('',#9846,#11552);
#11552 = DEFINITIONAL_REPRESENTATION('',(#11553),#11557);
#11553 = LINE('',#11554,#11555);
#11554 = CARTESIAN_POINT('',(0.785398163397,0.));
#11555 = VECTOR('',#11556,1.);
#11556 = DIRECTION('',(-1.,0.));
#11557 = ( GEOMETRIC_REPRESENTATION_CONTEXT(2) 
PARAMETRIC_REPRESENTATION_CONTEXT() REPRESENTATION_CONTEXT('2D SPACE',''
  ) );
#11558 = ORIENTED_EDGE('',*,*,#11240,.F.);
#11559 = ADVANCED_FACE('',(#11560),#9379,.F.);
#11560 = FACE_BOUND('',#11561,.T.);
#11561 = EDGE_LOOP('',(#11562,#11608,#11629,#11630));
#11562 = ORIENTED_EDGE('',*,*,#11563,.F.);
#11563 = EDGE_CURVE('',#11564,#9364,#11566,.T.);
#11564 = VERTEX_POINT('',#11565);
#11565 = CARTESIAN_POINT('',(-29.85945490364,5.08,24.501946976399));
#11566 = SURFACE_CURVE('',#11567,(#11572,#11579),.PCURVE_S1.);
#11567 = CIRCLE('',#11568,1.27);
#11568 = AXIS2_PLACEMENT_3D('',#11569,#11570,#11571);
#11569 = CARTESIAN_POINT('',(-29.85945490364,6.35,24.501946976399));
#11570 = DIRECTION('',(-0.866817109399,2.775557561563E-17,0.498626211558
    ));
#11571 = DIRECTION('',(0.35258197547,-0.707106781187,0.612932256105));
#11572 = PCURVE('',#9379,#11573);
#11573 = DEFINITIONAL_REPRESENTATION('',(#11574),#11578);
#11574 = CIRCLE('',#11575,1.27);
#11575 = AXIS2_PLACEMENT_2D('',#11576,#11577);
#11576 = CARTESIAN_POINT('',(19.05,6.35));
#11577 = DIRECTION('',(0.707106781187,-0.707106781187));
#11578 = ( GEOMETRIC_REPRESENTATION_CONTEXT(2) 
PARAMETRIC_REPRESENTATION_CONTEXT() REPRESENTATION_CONTEXT('2D SPACE',''
  ) );
#11579 = PCURVE('',#9408,#11580);
#11580 = DEFINITIONAL_REPRESENTATION('',(#11581),#11607);
#11581 = B_SPLINE_CURVE_WITH_KNOTS('',3,(#11582,#11583,#11584,#11585,
    #11586,#11587,#11588,#11589,#11590,#11591,#11592,#11593,#11594,
    #11595,#11596,#11597,#11598,#11599,#11600,#11601,#11602,#11603,
    #11604,#11605,#11606),.UNSPECIFIED.,.F.,.F.,(4,1,1,1,1,1,1,1,1,1,1,1
    ,1,1,1,1,1,1,1,1,1,1,4),(5.497787143782,5.569186976818,
    5.640586809854,5.711986642891,5.783386475927,5.854786308963,
    5.926186141999,5.997585975035,6.068985808071,6.140385641107,
    6.211785474143,6.28318530718,6.354585140216,6.425984973252,
    6.497384806288,6.568784639324,6.64018447236,6.711584305396,
    6.782984138433,6.854383971469,6.925783804505,6.997183637541,
    7.068583470577),.QUASI_UNIFORM_KNOTS.);
#11582 = CARTESIAN_POINT('',(-1.570796326795,-1.570796326795));
#11583 = CARTESIAN_POINT('',(-1.570796326795,-1.544363278267));
#11584 = CARTESIAN_POINT('',(-1.570796326795,-1.492271114166));
#11585 = CARTESIAN_POINT('',(-1.570796326795,-1.416189872242));
#11586 = CARTESIAN_POINT('',(-1.570796326795,-1.341892168614));
#11587 = CARTESIAN_POINT('',(-1.570796326795,-1.269134886861));
#11588 = CARTESIAN_POINT('',(-1.570796326795,-1.197690220556));
#11589 = CARTESIAN_POINT('',(-1.570796326795,-1.12734572285));
#11590 = CARTESIAN_POINT('',(-1.570796326795,-1.057900795762));
#11591 = CARTESIAN_POINT('',(-1.570796326795,-0.989164516627));
#11592 = CARTESIAN_POINT('',(-1.570796326795,-0.92095340603));
#11593 = CARTESIAN_POINT('',(-1.570796326795,-0.85308944002));
#11594 = CARTESIAN_POINT('',(-1.570796326795,-0.785398163397));
#11595 = CARTESIAN_POINT('',(-1.570796326795,-0.717706886775));
#11596 = CARTESIAN_POINT('',(-1.570796326795,-0.649842920765));
#11597 = CARTESIAN_POINT('',(-1.570796326795,-0.581631810168));
#11598 = CARTESIAN_POINT('',(-1.570796326795,-0.512895531033));
#11599 = CARTESIAN_POINT('',(-1.570796326795,-0.443450603945));
#11600 = CARTESIAN_POINT('',(-1.570796326795,-0.373106106239));
#11601 = CARTESIAN_POINT('',(-1.570796326795,-0.301661439934));
#11602 = CARTESIAN_POINT('',(-1.570796326795,-0.228904158181));
#11603 = CARTESIAN_POINT('',(-1.570796326795,-0.154606454553));
#11604 = CARTESIAN_POINT('',(-1.570796326795,-7.852521262889E-02));
#11605 = CARTESIAN_POINT('',(-1.570796326795,-2.643304852838E-02));
#11606 = CARTESIAN_POINT('',(-1.570796326795,-1.468641481394E-14));
#11607 = ( GEOMETRIC_REPRESENTATION_CONTEXT(2) 
PARAMETRIC_REPRESENTATION_CONTEXT() REPRESENTATION_CONTEXT('2D SPACE',''
  ) );
#11608 = ORIENTED_EDGE('',*,*,#11609,.F.);
#11609 = EDGE_CURVE('',#10982,#11564,#11610,.T.);
#11610 = SURFACE_CURVE('',#11611,(#11615,#11622),.PCURVE_S1.);
#11611 = LINE('',#11612,#11613);
#11612 = CARTESIAN_POINT('',(-36.19200779043,5.08,13.49336968703));
#11613 = VECTOR('',#11614,1.);
#11614 = DIRECTION('',(0.498626211558,-7.000738268404E-17,0.866817109399
    ));
#11615 = PCURVE('',#9379,#11616);
#11616 = DEFINITIONAL_REPRESENTATION('',(#11617),#11621);
#11617 = LINE('',#11618,#11619);
#11618 = CARTESIAN_POINT('',(6.35,5.08));
#11619 = VECTOR('',#11620,1.);
#11620 = DIRECTION('',(1.,2.234078735489E-32));
#11621 = ( GEOMETRIC_REPRESENTATION_CONTEXT(2) 
PARAMETRIC_REPRESENTATION_CONTEXT() REPRESENTATION_CONTEXT('2D SPACE',''
  ) );
#11622 = PCURVE('',#10453,#11623);
#11623 = DEFINITIONAL_REPRESENTATION('',(#11624),#11628);
#11624 = LINE('',#11625,#11626);
#11625 = CARTESIAN_POINT('',(0.785398163397,-1.7763568394E-15));
#11626 = VECTOR('',#11627,1.);
#11627 = DIRECTION('',(0.,1.));
#11628 = ( GEOMETRIC_REPRESENTATION_CONTEXT(2) 
PARAMETRIC_REPRESENTATION_CONTEXT() REPRESENTATION_CONTEXT('2D SPACE',''
  ) );
#11629 = ORIENTED_EDGE('',*,*,#11103,.T.);
#11630 = ORIENTED_EDGE('',*,*,#9363,.T.);
#11631 = ADVANCED_FACE('',(#11632),#9479,.T.);
#11632 = FACE_BOUND('',#11633,.T.);
#11633 = EDGE_LOOP('',(#11634,#11635,#11658,#11823));
#11634 = ORIENTED_EDGE('',*,*,#11289,.T.);
#11635 = ORIENTED_EDGE('',*,*,#11636,.T.);
#11636 = EDGE_CURVE('',#11290,#11637,#11639,.T.);
#11637 = VERTEX_POINT('',#11638);
#11638 = CARTESIAN_POINT('',(-30.97842902082,6.503629032258,
    32.469130667467));
#11639 = SURFACE_CURVE('',#11640,(#11644,#11651),.PCURVE_S1.);
#11640 = LINE('',#11641,#11642);
#11641 = CARTESIAN_POINT('',(43.76078840929,6.503629032258,
    -10.52371342607));
#11642 = VECTOR('',#11643,1.);
#11643 = DIRECTION('',(-0.866817109399,1.113273447743E-16,0.498626211558
    ));
#11644 = PCURVE('',#9479,#11645);
#11645 = DEFINITIONAL_REPRESENTATION('',(#11646),#11650);
#11646 = LINE('',#11647,#11648);
#11647 = CARTESIAN_POINT('',(1.594992235997,0.));
#11648 = VECTOR('',#11649,1.);
#11649 = DIRECTION('',(0.,1.));
#11650 = ( GEOMETRIC_REPRESENTATION_CONTEXT(2) 
PARAMETRIC_REPRESENTATION_CONTEXT() REPRESENTATION_CONTEXT('2D SPACE',''
  ) );
#11651 = PCURVE('',#11455,#11652);
#11652 = DEFINITIONAL_REPRESENTATION('',(#11653),#11657);
#11653 = LINE('',#11654,#11655);
#11654 = CARTESIAN_POINT('',(5.521983052984,52.070000572205));
#11655 = VECTOR('',#11656,1.);
#11656 = DIRECTION('',(0.,1.));
#11657 = ( GEOMETRIC_REPRESENTATION_CONTEXT(2) 
PARAMETRIC_REPRESENTATION_CONTEXT() REPRESENTATION_CONTEXT('2D SPACE',''
  ) );
#11658 = ORIENTED_EDGE('',*,*,#11659,.F.);
#11659 = EDGE_CURVE('',#9392,#11637,#11660,.T.);
#11660 = SURFACE_CURVE('',#11661,(#11713,#11768),.PCURVE_S1.);
#11661 = B_SPLINE_CURVE_WITH_KNOTS('',8,(#11662,#11663,#11664,#11665,
    #11666,#11667,#11668,#11669,#11670,#11671,#11672,#11673,#11674,
    #11675,#11676,#11677,#11678,#11679,#11680,#11681,#11682,#11683,
    #11684,#11685,#11686,#11687,#11688,#11689,#11690,#11691,#11692,
    #11693,#11694,#11695,#11696,#11697,#11698,#11699,#11700,#11701,
    #11702,#11703,#11704,#11705,#11706,#11707,#11708,#11709,#11710,
    #11711,#11712),.UNSPECIFIED.,.F.,.F.,(9,7,7,7,7,7,7,9),(0.,
    5.084021801298E-02,0.367905985305,0.663336024714,0.78091128828,
    0.855833950705,0.953176120169,1.),.UNSPECIFIED.);
#11662 = CARTESIAN_POINT('',(-30.10383860163,6.35,31.793036719827));
#11663 = CARTESIAN_POINT('',(-30.10868489727,6.35,31.797708867725));
#11664 = CARTESIAN_POINT('',(-30.11355457348,6.350020327948,
    31.802389395051));
#11665 = CARTESIAN_POINT('',(-30.11844733896,6.350060792082,
    31.807077854502));
#11666 = CARTESIAN_POINT('',(-30.12336290829,6.350121200218,
    31.811773809338));
#11667 = CARTESIAN_POINT('',(-30.12830100189,6.350201359752,
    31.816476833391));
#11668 = CARTESIAN_POINT('',(-30.13326134609,6.350301077655,
    31.821186511059));
#11669 = CARTESIAN_POINT('',(-30.13824367307,6.350420160478,
    31.825902437308));
#11670 = CARTESIAN_POINT('',(-30.17445553877,6.351420636645,
    31.86007167034));
#11671 = CARTESIAN_POINT('',(-30.20650692943,6.35302849992,
    31.889745600124));
#11672 = CARTESIAN_POINT('',(-30.23934008554,6.355334909107,
    31.919552078206));
#11673 = CARTESIAN_POINT('',(-30.27289957676,6.358293009864,
    31.949409990125));
#11674 = CARTESIAN_POINT('',(-30.30713547482,6.361856784298,
    31.979249361298));
#11675 = CARTESIAN_POINT('',(-30.34200247858,6.365981646694,
    32.00900968254));
#11676 = CARTESIAN_POINT('',(-30.3774590391,6.370625039248,
    32.03863823558));
#11677 = CARTESIAN_POINT('',(-30.44701687764,6.380519505407,
    32.095528999127));
#11678 = CARTESIAN_POINT('',(-30.48104428567,6.385707274882,
    32.122813716349));
#11679 = CARTESIAN_POINT('',(-30.51551559595,6.391277895403,
    32.149903661418));
#11680 = CARTESIAN_POINT('',(-30.55039930363,6.397200156964,
    32.176764047401));
#11681 = CARTESIAN_POINT('',(-30.58566028569,6.403445475862,
    32.203360668078));
#11682 = CARTESIAN_POINT('',(-30.62126164337,6.409987292,32.229660568662
    ));
#11683 = CARTESIAN_POINT('',(-30.65715964589,6.416802379532,
    32.255628756147));
#11684 = CARTESIAN_POINT('',(-30.70765211692,6.426693931196,
    32.291394707007));
#11685 = CARTESIAN_POINT('',(-30.72206103441,6.429551112434,
    32.301515609635));
#11686 = CARTESIAN_POINT('',(-30.73649987695,6.432448714223,
    32.311572272007));
#11687 = CARTESIAN_POINT('',(-30.75096265604,6.43538627156,
    32.321560743896));
#11688 = CARTESIAN_POINT('',(-30.76544222332,6.438363622193,
    32.331476427058));
#11689 = CARTESIAN_POINT('',(-30.779929572,6.441381098051,
    32.341313669212));
#11690 = CARTESIAN_POINT('',(-30.79441229513,6.444439952202,
    32.351064862621));
#11691 = CARTESIAN_POINT('',(-30.81808650805,6.449520394799,
    32.36687099791));
#11692 = CARTESIAN_POINT('',(-30.82729120841,6.451515666885,
    32.37298333147));
#11693 = CARTESIAN_POINT('',(-30.83648187986,6.453529606627,
    32.379053402808));
#11694 = CARTESIAN_POINT('',(-30.84565255839,6.455563280713,
    32.385077641353));
#11695 = CARTESIAN_POINT('',(-30.8547957885,6.457618038674,
    32.391051591445));
#11696 = CARTESIAN_POINT('',(-30.86390192532,6.459695695826,
    32.396969509066));
#11697 = CARTESIAN_POINT('',(-30.87295768826,6.461798914006,
    32.402823514998));
#11698 = CARTESIAN_POINT('',(-30.89361925595,6.466702875059,
    32.416110311691));
#11699 = CARTESIAN_POINT('',(-30.90510598719,6.469507259235,
    32.423445531654));
#11700 = CARTESIAN_POINT('',(-30.9164385758,6.472369490273,
    32.430633317939));
#11701 = CARTESIAN_POINT('',(-30.92757898825,6.475312057772,
    32.437651753772));
#11702 = CARTESIAN_POINT('',(-30.93844862153,6.478350290899,
    32.44445372021));
#11703 = CARTESIAN_POINT('',(-30.94880877152,6.48151292444,32.450894684)
  );
#11704 = CARTESIAN_POINT('',(-30.95836973103,6.484822476856,
    32.456803990988));
#11705 = CARTESIAN_POINT('',(-30.97008343237,6.490115106169,
    32.46401591973));
#11706 = CARTESIAN_POINT('',(-30.97354773201,6.49191405473,
    32.466143542998));
#11707 = CARTESIAN_POINT('',(-30.97650237261,6.493782863769,
    32.467953844011));
#11708 = CARTESIAN_POINT('',(-30.97877369432,6.495710136433,
    32.469342389996));
#11709 = CARTESIAN_POINT('',(-30.98016758065,6.497682222314,
    32.470193569582));
#11710 = CARTESIAN_POINT('',(-30.98054777246,6.499680227073,
    32.470426152608));
#11711 = CARTESIAN_POINT('',(-30.97991947885,6.501676113649,
    32.470042559139));
#11712 = CARTESIAN_POINT('',(-30.97842902082,6.503629032258,
    32.469130667467));
#11713 = PCURVE('',#9479,#11714);
#11714 = DEFINITIONAL_REPRESENTATION('',(#11715),#11767);
#11715 = B_SPLINE_CURVE_WITH_KNOTS('',8,(#11716,#11717,#11718,#11719,
    #11720,#11721,#11722,#11723,#11724,#11725,#11726,#11727,#11728,
    #11729,#11730,#11731,#11732,#11733,#11734,#11735,#11736,#11737,
    #11738,#11739,#11740,#11741,#11742,#11743,#11744,#11745,#11746,
    #11747,#11748,#11749,#11750,#11751,#11752,#11753,#11754,#11755,
    #11756,#11757,#11758,#11759,#11760,#11761,#11762,#11763,#11764,
    #11765,#11766),.UNSPECIFIED.,.F.,.F.,(9,7,7,7,7,7,7,9),(0.,
    5.084021801298E-02,0.367905985305,0.663336024714,0.78091128828,
    0.855833950705,0.953176120169,1.),.UNSPECIFIED.);
#11716 = CARTESIAN_POINT('',(0.,85.127363283165));
#11717 = CARTESIAN_POINT('',(1.088938469149E-02,85.133893790543));
#11718 = CARTESIAN_POINT('',(2.174947224574E-02,85.14044874281));
#11719 = CARTESIAN_POINT('',(3.258061153739E-02,85.147027664418));
#11720 = CARTESIAN_POINT('',(4.338315073165E-02,85.15363009018));
#11721 = CARTESIAN_POINT('',(5.415743728431E-02,85.16025556527));
#11722 = CARTESIAN_POINT('',(6.490381794173E-02,85.166903645223));
#11723 = CARTESIAN_POINT('',(7.562263874088E-02,85.173573895936));
#11724 = CARTESIAN_POINT('',(0.152992604733,85.222000635906));
#11725 = CARTESIAN_POINT('',(0.218609769606,85.264579528897));
#11726 = CARTESIAN_POINT('',(0.283253866183,85.307902161615));
#11727 = CARTESIAN_POINT('',(0.347006400671,85.351880040296));
#11728 = CARTESIAN_POINT('',(0.409944677833,85.396434995096));
#11729 = CARTESIAN_POINT('',(0.472144219881,85.441497586743));
#11730 = CARTESIAN_POINT('',(0.533681185376,85.487005513196));
#11731 = CARTESIAN_POINT('',(0.651429078525,85.575666663633));
#11732 = CARTESIAN_POINT('',(0.707714698589,85.618767078285));
#11733 = CARTESIAN_POINT('',(0.763554939338,85.662155156505));
#11734 = CARTESIAN_POINT('',(0.819010722344,85.705786243663));
#11735 = CARTESIAN_POINT('',(0.874150955092,85.749612838417));
#11736 = CARTESIAN_POINT('',(0.92904947709,85.793586524159));
#11737 = CARTESIAN_POINT('',(0.983794757229,85.837651945882));
#11738 = CARTESIAN_POINT('',(1.06032542179,85.89925352425));
#11739 = CARTESIAN_POINT('',(1.082111851173,85.916789967793));
#11740 = CARTESIAN_POINT('',(1.103907331138,85.934320319008));
#11741 = CARTESIAN_POINT('',(1.125723515818,85.951837417269));
#11742 = CARTESIAN_POINT('',(1.147573910552,85.969332773451));
#11743 = CARTESIAN_POINT('',(1.169475170607,85.986795761946));
#11744 = CARTESIAN_POINT('',(1.19144996142,86.004211834772));
#11745 = CARTESIAN_POINT('',(1.227602356235,86.032614400941));
#11746 = CARTESIAN_POINT('',(1.241716230652,86.043640962432));
#11747 = CARTESIAN_POINT('',(1.255881832326,86.054634290365));
#11748 = CARTESIAN_POINT('',(1.27010991666,86.065587434663));
#11749 = CARTESIAN_POINT('',(1.284413087466,86.07649171106));
#11750 = CARTESIAN_POINT('',(1.298807030027,86.087335895098));
#11751 = CARTESIAN_POINT('',(1.313313055487,86.098104546155));
#11752 = CARTESIAN_POINT('',(1.346994326315,86.122639491632));
#11753 = CARTESIAN_POINT('',(1.366152774739,86.136253919747));
#11754 = CARTESIAN_POINT('',(1.38561414604,86.149661220095));
#11755 = CARTESIAN_POINT('',(1.40553609239,86.162817496282));
#11756 = CARTESIAN_POINT('',(1.426026348435,86.175631119135));
#11757 = CARTESIAN_POINT('',(1.447283217826,86.187823107779));
#11758 = CARTESIAN_POINT('',(1.46946386266,86.199057246418));
#11759 = CARTESIAN_POINT('',(1.504854112759,86.212806939857));
#11760 = CARTESIAN_POINT('',(1.516871435622,86.216870742785));
#11761 = CARTESIAN_POINT('',(1.529344622066,86.220334539349));
#11762 = CARTESIAN_POINT('',(1.542199086256,86.222995725291));
#11763 = CARTESIAN_POINT('',(1.555346294304,86.224628390264));
#11764 = CARTESIAN_POINT('',(1.568663850469,86.225073919027));
#11765 = CARTESIAN_POINT('',(1.581968966603,86.22433803361));
#11766 = CARTESIAN_POINT('',(1.594992235997,86.222591386004));
#11767 = ( GEOMETRIC_REPRESENTATION_CONTEXT(2) 
PARAMETRIC_REPRESENTATION_CONTEXT() REPRESENTATION_CONTEXT('2D SPACE',''
  ) );
#11768 = PCURVE('',#9408,#11769);
#11769 = DEFINITIONAL_REPRESENTATION('',(#11770),#11822);
#11770 = B_SPLINE_CURVE_WITH_KNOTS('',8,(#11771,#11772,#11773,#11774,
    #11775,#11776,#11777,#11778,#11779,#11780,#11781,#11782,#11783,
    #11784,#11785,#11786,#11787,#11788,#11789,#11790,#11791,#11792,
    #11793,#11794,#11795,#11796,#11797,#11798,#11799,#11800,#11801,
    #11802,#11803,#11804,#11805,#11806,#11807,#11808,#11809,#11810,
    #11811,#11812,#11813,#11814,#11815,#11816,#11817,#11818,#11819,
    #11820,#11821),.UNSPECIFIED.,.F.,.F.,(9,7,7,7,7,7,7,9),(0.,
    5.084021801298E-02,0.367905985305,0.663336024714,0.78091128828,
    0.855833950705,0.953176120169,1.),.UNSPECIFIED.);
#11771 = CARTESIAN_POINT('',(-0.260318505567,-3.386786080661E-14));
#11772 = CARTESIAN_POINT('',(-0.258965857659,-3.384244833855E-14));
#11773 = CARTESIAN_POINT('',(-0.257608091638,3.642791305891E-06));
#11774 = CARTESIAN_POINT('',(-0.256245299502,1.089016283288E-05));
#11775 = CARTESIAN_POINT('',(-0.254877570959,2.170391868343E-05));
#11776 = CARTESIAN_POINT('',(-0.253504993431,3.604587828263E-05));
#11777 = CARTESIAN_POINT('',(-0.252127652056,5.38778763443E-05));
#11778 = CARTESIAN_POINT('',(-0.250745629681,7.516176287107E-05));
#11779 = CARTESIAN_POINT('',(-0.24071131331,2.538865999832E-04));
#11780 = CARTESIAN_POINT('',(-0.231885039972,5.40692464881E-04));
#11781 = CARTESIAN_POINT('',(-0.222899233916,9.510043138419E-04));
#11782 = CARTESIAN_POINT('',(-0.213770287166,1.475762288239E-03));
#11783 = CARTESIAN_POINT('',(-0.20451230499,2.106219759186E-03));
#11784 = CARTESIAN_POINT('',(-0.195137474184,2.834043731897E-03));
#11785 = CARTESIAN_POINT('',(-0.185656431353,3.651415250047E-03));
#11786 = CARTESIAN_POINT('',(-0.167154394753,5.389450213145E-03));
#11787 = CARTESIAN_POINT('',(-0.158146484516,6.299218806772E-03));
#11788 = CARTESIAN_POINT('',(-0.149063008119,7.274576394113E-03));
#11789 = CARTESIAN_POINT('',(-0.139911315626,8.309985584258E-03));
#11790 = CARTESIAN_POINT('',(-0.130699382734,9.400462217428E-03));
#11791 = CARTESIAN_POINT('',(-0.121435396703,1.054145613972E-02));
#11792 = CARTESIAN_POINT('',(-0.112129074352,1.172906595726E-02));
#11793 = CARTESIAN_POINT('',(-9.908475608144E-02,1.345166600209E-02));
#11794 = CARTESIAN_POINT('',(-9.53674558565E-02,1.394911793381E-02));
#11795 = CARTESIAN_POINT('',(-9.164742912425E-02,1.445349955876E-02));
#11796 = CARTESIAN_POINT('',(-8.792609039843E-02,1.496474415761E-02));
#11797 = CARTESIAN_POINT('',(-8.420514376785E-02,1.548283911309E-02));
#11798 = CARTESIAN_POINT('',(-8.048675935289E-02,1.600785921676E-02));
#11799 = CARTESIAN_POINT('',(-7.677396282981E-02,1.654004110671E-02));
#11800 = CARTESIAN_POINT('',(-7.071174511292E-02,1.742391319117E-02));
#11801 = CARTESIAN_POINT('',(-6.83564293232E-02,1.777103478409E-02));
#11802 = CARTESIAN_POINT('',(-6.600637774372E-02,1.812140270715E-02));
#11803 = CARTESIAN_POINT('',(-6.366306770315E-02,1.847520821747E-02));
#11804 = CARTESIAN_POINT('',(-6.132835348419E-02,1.883269213117E-02));
#11805 = CARTESIAN_POINT('',(-5.900464232663E-02,1.919417676441E-02));
#11806 = CARTESIAN_POINT('',(-5.669525971804E-02,1.956013242166E-02));
#11807 = CARTESIAN_POINT('',(-5.142942280937E-02,2.041348443603E-02));
#11808 = CARTESIAN_POINT('',(-4.850429083063E-02,2.090153601206E-02));
#11809 = CARTESIAN_POINT('',(-4.562062891022E-02,2.13997226837E-02));
#11810 = CARTESIAN_POINT('',(-4.278796234896E-02,2.191198127496E-02));
#11811 = CARTESIAN_POINT('',(-4.002612046317E-02,2.24410010223E-02));
#11812 = CARTESIAN_POINT('',(-3.739549405113E-02,2.299182877587E-02));
#11813 = CARTESIAN_POINT('',(-3.496921320732E-02,2.35684176893E-02));
#11814 = CARTESIAN_POINT('',(-3.199775578475E-02,2.4490897637E-02));
#11815 = CARTESIAN_POINT('',(-3.111916706963E-02,2.480450367446E-02));
#11816 = CARTESIAN_POINT('',(-3.037000590486E-02,2.513035709743E-02));
#11817 = CARTESIAN_POINT('',(-2.979422394966E-02,2.546648458103E-02));
#11818 = CARTESIAN_POINT('',(-2.944090974382E-02,2.581051957992E-02));
#11819 = CARTESIAN_POINT('',(-2.934452474272E-02,2.61591789551E-02));
#11820 = CARTESIAN_POINT('',(-2.950377780742E-02,2.650757814612E-02));
#11821 = CARTESIAN_POINT('',(-2.988163851173E-02,2.684858172933E-02));
#11822 = ( GEOMETRIC_REPRESENTATION_CONTEXT(2) 
PARAMETRIC_REPRESENTATION_CONTEXT() REPRESENTATION_CONTEXT('2D SPACE',''
  ) );
#11823 = ORIENTED_EDGE('',*,*,#9463,.F.);
#11824 = ADVANCED_FACE('',(#11825),#9408,.F.);
#11825 = FACE_BOUND('',#11826,.F.);
#11826 = EDGE_LOOP('',(#11827,#11828,#11829,#11875,#11921,#11957));
#11827 = ORIENTED_EDGE('',*,*,#9391,.T.);
#11828 = ORIENTED_EDGE('',*,*,#11563,.F.);
#11829 = ORIENTED_EDGE('',*,*,#11830,.T.);
#11830 = EDGE_CURVE('',#11564,#11831,#11833,.T.);
#11831 = VERTEX_POINT('',#11832);
#11832 = CARTESIAN_POINT('',(-34.26288581939,2.689960060328E-14,
    27.034968131115));
#11833 = SURFACE_CURVE('',#11834,(#11839,#11868),.PCURVE_S1.);
#11834 = CIRCLE('',#11835,5.08);
#11835 = AXIS2_PLACEMENT_3D('',#11836,#11837,#11838);
#11836 = CARTESIAN_POINT('',(-34.26288581939,5.08,27.034968131115));
#11837 = DIRECTION('',(-0.498626211558,-2.607577689436E-17,
    -0.866817109399));
#11838 = DIRECTION('',(0.866817109399,-1.113273447743E-16,
    -0.498626211558));
#11839 = PCURVE('',#9408,#11840);
#11840 = DEFINITIONAL_REPRESENTATION('',(#11841),#11867);
#11841 = B_SPLINE_CURVE_WITH_KNOTS('',3,(#11842,#11843,#11844,#11845,
    #11846,#11847,#11848,#11849,#11850,#11851,#11852,#11853,#11854,
    #11855,#11856,#11857,#11858,#11859,#11860,#11861,#11862,#11863,
    #11864,#11865,#11866),.UNSPECIFIED.,.F.,.F.,(4,1,1,1,1,1,1,1,1,1,1,1
    ,1,1,1,1,1,1,1,1,1,1,4),(0.,7.139983303613E-02,0.142799666072,
    0.214199499108,0.285599332145,0.356999165181,0.428398998217,
    0.499798831253,0.571198664289,0.642598497325,0.713998330361,
    0.785398163397,0.856797996434,0.92819782947,0.999597662506,
    1.070997495542,1.142397328578,1.213797161614,1.28519699465,
    1.356596827687,1.427996660723,1.499396493759,1.570796326795),
  .QUASI_UNIFORM_KNOTS.);
#11842 = CARTESIAN_POINT('',(-1.570796326795,-1.570796326795));
#11843 = CARTESIAN_POINT('',(-1.544363278267,-1.570796326795));
#11844 = CARTESIAN_POINT('',(-1.492271114166,-1.570796326795));
#11845 = CARTESIAN_POINT('',(-1.416189872242,-1.570796326795));
#11846 = CARTESIAN_POINT('',(-1.341892168614,-1.570796326795));
#11847 = CARTESIAN_POINT('',(-1.269134886861,-1.570796326795));
#11848 = CARTESIAN_POINT('',(-1.197690220556,-1.570796326795));
#11849 = CARTESIAN_POINT('',(-1.12734572285,-1.570796326795));
#11850 = CARTESIAN_POINT('',(-1.057900795762,-1.570796326795));
#11851 = CARTESIAN_POINT('',(-0.989164516627,-1.570796326795));
#11852 = CARTESIAN_POINT('',(-0.92095340603,-1.570796326795));
#11853 = CARTESIAN_POINT('',(-0.85308944002,-1.570796326795));
#11854 = CARTESIAN_POINT('',(-0.785398163397,-1.570796326795));
#11855 = CARTESIAN_POINT('',(-0.717706886775,-1.570796326795));
#11856 = CARTESIAN_POINT('',(-0.649842920765,-1.570796326795));
#11857 = CARTESIAN_POINT('',(-0.581631810168,-1.570796326795));
#11858 = CARTESIAN_POINT('',(-0.512895531033,-1.570796326795));
#11859 = CARTESIAN_POINT('',(-0.443450603945,-1.570796326795));
#11860 = CARTESIAN_POINT('',(-0.373106106239,-1.570796326795));
#11861 = CARTESIAN_POINT('',(-0.301661439934,-1.570796326795));
#11862 = CARTESIAN_POINT('',(-0.228904158181,-1.570796326795));
#11863 = CARTESIAN_POINT('',(-0.154606454553,-1.570796326795));
#11864 = CARTESIAN_POINT('',(-7.85252126287E-02,-1.570796326795));
#11865 = CARTESIAN_POINT('',(-2.643304852826E-02,-1.570796326795));
#11866 = CARTESIAN_POINT('',(1.482163061311E-14,-1.570796326795));
#11867 = ( GEOMETRIC_REPRESENTATION_CONTEXT(2) 
PARAMETRIC_REPRESENTATION_CONTEXT() REPRESENTATION_CONTEXT('2D SPACE',''
  ) );
#11868 = PCURVE('',#10453,#11869);
#11869 = DEFINITIONAL_REPRESENTATION('',(#11870),#11874);
#11870 = LINE('',#11871,#11872);
#11871 = CARTESIAN_POINT('',(0.785398163397,12.7));
#11872 = VECTOR('',#11873,1.);
#11873 = DIRECTION('',(-1.,0.));
#11874 = ( GEOMETRIC_REPRESENTATION_CONTEXT(2) 
PARAMETRIC_REPRESENTATION_CONTEXT() REPRESENTATION_CONTEXT('2D SPACE',''
  ) );
#11875 = ORIENTED_EDGE('',*,*,#11876,.F.);
#11876 = EDGE_CURVE('',#11877,#11831,#11879,.T.);
#11877 = VERTEX_POINT('',#11878);
#11878 = CARTESIAN_POINT('',(-31.09660937599,6.35,32.539256775799));
#11879 = SURFACE_CURVE('',#11880,(#11885,#11914),.PCURVE_S1.);
#11880 = CIRCLE('',#11881,6.35);
#11881 = AXIS2_PLACEMENT_3D('',#11882,#11883,#11884);
#11882 = CARTESIAN_POINT('',(-34.26288581939,6.35,27.034968131115));
#11883 = DIRECTION('',(0.866817109399,-2.775557561563E-17,
    -0.498626211558));
#11884 = DIRECTION('',(0.35258197547,-0.707106781187,0.612932256105));
#11885 = PCURVE('',#9408,#11886);
#11886 = DEFINITIONAL_REPRESENTATION('',(#11887),#11913);
#11887 = B_SPLINE_CURVE_WITH_KNOTS('',3,(#11888,#11889,#11890,#11891,
    #11892,#11893,#11894,#11895,#11896,#11897,#11898,#11899,#11900,
    #11901,#11902,#11903,#11904,#11905,#11906,#11907,#11908,#11909,
    #11910,#11911,#11912),.UNSPECIFIED.,.F.,.F.,(4,1,1,1,1,1,1,1,1,1,1,1
    ,1,1,1,1,1,1,1,1,1,1,4),(5.497787143782,5.569186976818,
    5.640586809854,5.711986642891,5.783386475927,5.854786308963,
    5.926186141999,5.997585975035,6.068985808071,6.140385641107,
    6.211785474143,6.28318530718,6.354585140216,6.425984973252,
    6.497384806288,6.568784639324,6.64018447236,6.711584305396,
    6.782984138433,6.854383971469,6.925783804505,6.997183637541,
    7.068583470577),.QUASI_UNIFORM_KNOTS.);
#11888 = CARTESIAN_POINT('',(1.482163061311E-14,-1.468641481394E-14));
#11889 = CARTESIAN_POINT('',(1.482163061311E-14,-2.64330485283E-02));
#11890 = CARTESIAN_POINT('',(1.482163061311E-14,-7.852521262875E-02));
#11891 = CARTESIAN_POINT('',(1.482163061311E-14,-0.154606454553));
#11892 = CARTESIAN_POINT('',(1.482163061311E-14,-0.228904158181));
#11893 = CARTESIAN_POINT('',(1.482163061311E-14,-0.301661439934));
#11894 = CARTESIAN_POINT('',(1.482163061311E-14,-0.373106106239));
#11895 = CARTESIAN_POINT('',(1.482163061311E-14,-0.443450603945));
#11896 = CARTESIAN_POINT('',(1.482163061311E-14,-0.512895531033));
#11897 = CARTESIAN_POINT('',(1.482163061311E-14,-0.581631810168));
#11898 = CARTESIAN_POINT('',(1.482163061311E-14,-0.649842920765));
#11899 = CARTESIAN_POINT('',(1.482163061311E-14,-0.717706886775));
#11900 = CARTESIAN_POINT('',(1.482163061311E-14,-0.785398163397));
#11901 = CARTESIAN_POINT('',(1.482163061311E-14,-0.85308944002));
#11902 = CARTESIAN_POINT('',(1.482163061311E-14,-0.92095340603));
#11903 = CARTESIAN_POINT('',(1.482163061311E-14,-0.989164516627));
#11904 = CARTESIAN_POINT('',(1.482163061311E-14,-1.057900795762));
#11905 = CARTESIAN_POINT('',(1.482163061311E-14,-1.12734572285));
#11906 = CARTESIAN_POINT('',(1.482163061311E-14,-1.197690220556));
#11907 = CARTESIAN_POINT('',(1.482163061311E-14,-1.269134886861));
#11908 = CARTESIAN_POINT('',(1.482163061311E-14,-1.341892168614));
#11909 = CARTESIAN_POINT('',(1.482163061311E-14,-1.416189872242));
#11910 = CARTESIAN_POINT('',(1.482163061311E-14,-1.492271114166));
#11911 = CARTESIAN_POINT('',(1.482163061311E-14,-1.544363278267));
#11912 = CARTESIAN_POINT('',(1.482163061311E-14,-1.570796326795));
#11913 = ( GEOMETRIC_REPRESENTATION_CONTEXT(2) 
PARAMETRIC_REPRESENTATION_CONTEXT() REPRESENTATION_CONTEXT('2D SPACE',''
  ) );
#11914 = PCURVE('',#11455,#11915);
#11915 = DEFINITIONAL_REPRESENTATION('',(#11916),#11920);
#11916 = LINE('',#11917,#11918);
#11917 = CARTESIAN_POINT('',(10.995574287564,138.42999942779));
#11918 = VECTOR('',#11919,1.);
#11919 = DIRECTION('',(-1.,0.));
#11920 = ( GEOMETRIC_REPRESENTATION_CONTEXT(2) 
PARAMETRIC_REPRESENTATION_CONTEXT() REPRESENTATION_CONTEXT('2D SPACE',''
  ) );
#11921 = ORIENTED_EDGE('',*,*,#11922,.T.);
#11922 = EDGE_CURVE('',#11877,#11637,#11923,.T.);
#11923 = SURFACE_CURVE('',#11924,(#11933,#11945),.PCURVE_S1.);
#11924 = B_SPLINE_CURVE_WITH_KNOTS('',4,(#11925,#11926,#11927,#11928,
    #11929,#11930,#11931,#11932),.UNSPECIFIED.,.F.,.F.,(5,3,5),(0.,
    0.270783818519,1.),.UNSPECIFIED.);
#11925 = CARTESIAN_POINT('',(-31.09660937599,6.35,32.5392567758));
#11926 = CARTESIAN_POINT('',(-31.08854664723,6.360399431035,
    32.534618787171));
#11927 = CARTESIAN_POINT('',(-31.08049511085,6.370799030611,
    32.529961039515));
#11928 = CARTESIAN_POINT('',(-31.07245479534,6.381198776726,
    32.525283547311));
#11929 = CARTESIAN_POINT('',(-31.04280359827,6.419605315972,
    32.507936786032));
#11930 = CARTESIAN_POINT('',(-31.02126302525,6.447612925095,
    32.495144140938));
#11931 = CARTESIAN_POINT('',(-30.99980461816,6.47562099638,
    32.482208680313));
#11932 = CARTESIAN_POINT('',(-30.97842902082,6.503629032258,
    32.469130667467));
#11933 = PCURVE('',#9408,#11934);
#11934 = DEFINITIONAL_REPRESENTATION('',(#11935),#11944);
#11935 = B_SPLINE_CURVE_WITH_KNOTS('',4,(#11936,#11937,#11938,#11939,
    #11940,#11941,#11942,#11943),.UNSPECIFIED.,.F.,.F.,(5,3,5),(0.,
    0.270783818519,1.),.UNSPECIFIED.);
#11936 = CARTESIAN_POINT('',(1.482147737875E-14,-1.468641481394E-14));
#11937 = CARTESIAN_POINT('',(-2.033741457578E-03,1.81903364989E-03));
#11938 = CARTESIAN_POINT('',(-4.065459250816E-03,3.63779704614E-03));
#11939 = CARTESIAN_POINT('',(-6.095178198722E-03,5.456291508303E-03));
#11940 = CARTESIAN_POINT('',(-1.358360325957E-02,1.217096708162E-02));
#11941 = CARTESIAN_POINT('',(-1.902997271561E-02,1.706547456801E-02));
#11942 = CARTESIAN_POINT('',(-2.446250014448E-02,2.195803455151E-02));
#11943 = CARTESIAN_POINT('',(-2.98816385117E-02,2.684858172933E-02));
#11944 = ( GEOMETRIC_REPRESENTATION_CONTEXT(2) 
PARAMETRIC_REPRESENTATION_CONTEXT() REPRESENTATION_CONTEXT('2D SPACE',''
  ) );
#11945 = PCURVE('',#11455,#11946);
#11946 = DEFINITIONAL_REPRESENTATION('',(#11947),#11956);
#11947 = B_SPLINE_CURVE_WITH_KNOTS('',4,(#11948,#11949,#11950,#11951,
    #11952,#11953,#11954,#11955),.UNSPECIFIED.,.F.,.F.,(5,3,5),(0.,
    0.270783818519,1.),.UNSPECIFIED.);
#11948 = CARTESIAN_POINT('',(5.497787143782,138.42999942779));
#11949 = CARTESIAN_POINT('',(5.499424849457,138.42069789386));
#11950 = CARTESIAN_POINT('',(5.501062581674,138.41139620929));
#11951 = CARTESIAN_POINT('',(5.50270034868,138.40209440603));
#11952 = CARTESIAN_POINT('',(5.508748752363,138.36774269123));
#11953 = CARTESIAN_POINT('',(5.513159664042,138.34269220583));
#11954 = CARTESIAN_POINT('',(5.517571047249,138.3176417317));
#11955 = CARTESIAN_POINT('',(5.521983052984,138.2925919582));
#11956 = ( GEOMETRIC_REPRESENTATION_CONTEXT(2) 
PARAMETRIC_REPRESENTATION_CONTEXT() REPRESENTATION_CONTEXT('2D SPACE',''
  ) );
#11957 = ORIENTED_EDGE('',*,*,#11659,.F.);
#11958 = ADVANCED_FACE('',(#11959),#9745,.F.);
#11959 = FACE_BOUND('',#11960,.F.);
#11960 = EDGE_LOOP('',(#11961,#11984,#12040,#12068,#12160,#12188,#12209)
  );
#11961 = ORIENTED_EDGE('',*,*,#11962,.F.);
#11962 = EDGE_CURVE('',#11963,#9700,#11965,.T.);
#11963 = VERTEX_POINT('',#11964);
#11964 = CARTESIAN_POINT('',(4.22685444538,12.333173972675,
    7.348008636376));
#11965 = SURFACE_CURVE('',#11966,(#11970,#11977),.PCURVE_S1.);
#11966 = LINE('',#11967,#11968);
#11967 = CARTESIAN_POINT('',(4.22685444538,19.2600002,7.348008636376));
#11968 = VECTOR('',#11969,1.);
#11969 = DIRECTION('',(-2.465190328816E-31,-1.,-2.22044604925E-16));
#11970 = PCURVE('',#9745,#11971);
#11971 = DEFINITIONAL_REPRESENTATION('',(#11972),#11976);
#11972 = LINE('',#11973,#11974);
#11973 = CARTESIAN_POINT('',(6.28318530718,0.));
#11974 = VECTOR('',#11975,1.);
#11975 = DIRECTION('',(0.,-1.));
#11976 = ( GEOMETRIC_REPRESENTATION_CONTEXT(2) 
PARAMETRIC_REPRESENTATION_CONTEXT() REPRESENTATION_CONTEXT('2D SPACE',''
  ) );
#11977 = PCURVE('',#9718,#11978);
#11978 = DEFINITIONAL_REPRESENTATION('',(#11979),#11983);
#11979 = LINE('',#11980,#11981);
#11980 = CARTESIAN_POINT('',(0.,0.));
#11981 = VECTOR('',#11982,1.);
#11982 = DIRECTION('',(0.,-1.));
#11983 = ( GEOMETRIC_REPRESENTATION_CONTEXT(2) 
PARAMETRIC_REPRESENTATION_CONTEXT() REPRESENTATION_CONTEXT('2D SPACE',''
  ) );
#11984 = ORIENTED_EDGE('',*,*,#11985,.F.);
#11985 = EDGE_CURVE('',#11986,#11963,#11988,.T.);
#11986 = VERTEX_POINT('',#11987);
#11987 = CARTESIAN_POINT('',(-1.701581162299,12.7,8.30446568889));
#11988 = SURFACE_CURVE('',#11989,(#12004,#12022),.PCURVE_S1.);
#11989 = B_SPLINE_CURVE_WITH_KNOTS('',7,(#11990,#11991,#11992,#11993,
    #11994,#11995,#11996,#11997,#11998,#11999,#12000,#12001,#12002,
    #12003),.UNSPECIFIED.,.F.,.F.,(8,6,8),(0.,0.593368150294,1.),
  .UNSPECIFIED.);
#11990 = CARTESIAN_POINT('',(-1.701581162299,12.7,8.30446568889));
#11991 = CARTESIAN_POINT('',(-1.148825281876,12.7,8.417725115366));
#11992 = CARTESIAN_POINT('',(-0.600625427271,12.674330385235,
    8.485324653545));
#11993 = CARTESIAN_POINT('',(-6.045390456193E-02,12.633329828047,
    8.51044254403));
#11994 = CARTESIAN_POINT('',(0.469498571737,12.584564777066,
    8.496233781931));
#11995 = CARTESIAN_POINT('',(0.988091961052,12.533928036778,
    8.445348382565));
#11996 = CARTESIAN_POINT('',(1.494904082683,12.485925514879,
    8.359665839417));
#11997 = CARTESIAN_POINT('',(2.328978712061,12.415249082892,
    8.158255046424));
#11998 = CARTESIAN_POINT('',(2.662386351218,12.389372068542,
    8.060508323026));
#11999 = CARTESIAN_POINT('',(2.989542696949,12.367493806287,
    7.947368330835));
#12000 = CARTESIAN_POINT('',(3.30999654435,12.350487888774,
    7.819234490105));
#12001 = CARTESIAN_POINT('',(3.623319899734,12.338947378734,
    7.676448704795));
#12002 = CARTESIAN_POINT('',(3.92908684098,12.333173972675,
    7.519295902048));
#12003 = CARTESIAN_POINT('',(4.22685444538,12.333173972675,
    7.348008636376));
#12004 = PCURVE('',#9745,#12005);
#12005 = DEFINITIONAL_REPRESENTATION('',(#12006),#12021);
#12006 = B_SPLINE_CURVE_WITH_KNOTS('',7,(#12007,#12008,#12009,#12010,
    #12011,#12012,#12013,#12014,#12015,#12016,#12017,#12018,#12019,
    #12020),.UNSPECIFIED.,.F.,.F.,(8,6,8),(0.,0.593368150294,1.),
  .UNSPECIFIED.);
#12007 = CARTESIAN_POINT('',(5.559069932733,-6.5600002));
#12008 = CARTESIAN_POINT('',(5.625631214474,-6.5600002));
#12009 = CARTESIAN_POINT('',(5.690584775209,-6.585669814766));
#12010 = CARTESIAN_POINT('',(5.754086329279,-6.626670371953));
#12011 = CARTESIAN_POINT('',(5.816334079438,-6.675435422935));
#12012 = CARTESIAN_POINT('',(5.877564205194,-6.726072163223));
#12013 = CARTESIAN_POINT('',(5.938053105631,-6.774074685121));
#12014 = CARTESIAN_POINT('',(6.039273849694,-6.844751117108));
#12015 = CARTESIAN_POINT('',(6.080212453711,-6.870628131459));
#12016 = CARTESIAN_POINT('',(6.120974354799,-6.892506393714));
#12017 = CARTESIAN_POINT('',(6.161605142096,-6.909512311226));
#12018 = CARTESIAN_POINT('',(6.202151580988,-6.921052821267));
#12019 = CARTESIAN_POINT('',(6.242661728733,-6.926826227325));
#12020 = CARTESIAN_POINT('',(6.28318530718,-6.926826227325));
#12021 = ( GEOMETRIC_REPRESENTATION_CONTEXT(2) 
PARAMETRIC_REPRESENTATION_CONTEXT() REPRESENTATION_CONTEXT('2D SPACE',''
  ) );
#12022 = PCURVE('',#11455,#12023);
#12023 = DEFINITIONAL_REPRESENTATION('',(#12024),#12039);
#12024 = B_SPLINE_CURVE_WITH_KNOTS('',7,(#12025,#12026,#12027,#12028,
    #12029,#12030,#12031,#12032,#12033,#12034,#12035,#12036,#12037,
    #12038),.UNSPECIFIED.,.F.,.F.,(8,6,8),(0.,0.593368150294,1.),
  .UNSPECIFIED.);
#12025 = CARTESIAN_POINT('',(7.068583470577,100.86578397332));
#12026 = CARTESIAN_POINT('',(7.009718308492,100.44311983759));
#12027 = CARTESIAN_POINT('',(6.957443647291,100.00163772587));
#12028 = CARTESIAN_POINT('',(6.911266180034,99.545932246559));
#12029 = CARTESIAN_POINT('',(6.870925555159,99.079475511719));
#12030 = CARTESIAN_POINT('',(6.836248264487,98.60457709513));
#12031 = CARTESIAN_POINT('',(6.807155891346,98.122540114963));
#12032 = CARTESIAN_POINT('',(6.767558646238,97.299121255025));
#12033 = CARTESIAN_POINT('',(6.75409340102,96.961378730619));
#12034 = CARTESIAN_POINT('',(6.743285961891,96.62137944701));
#12035 = CARTESIAN_POINT('',(6.735159995306,96.279713677733));
#12036 = CARTESIAN_POINT('',(6.729734395818,95.936922897319));
#12037 = CARTESIAN_POINT('',(6.727020016271,95.593518374489));
#12038 = CARTESIAN_POINT('',(6.727020016271,95.25));
#12039 = ( GEOMETRIC_REPRESENTATION_CONTEXT(2) 
PARAMETRIC_REPRESENTATION_CONTEXT() REPRESENTATION_CONTEXT('2D SPACE',''
  ) );
#12040 = ORIENTED_EDGE('',*,*,#12041,.F.);
#12041 = EDGE_CURVE('',#12042,#11986,#12044,.T.);
#12042 = VERTEX_POINT('',#12043);
#12043 = CARTESIAN_POINT('',(-8.034133951075,12.7,-2.70411165686));
#12044 = SURFACE_CURVE('',#12045,(#12050,#12057),.PCURVE_S1.);
#12045 = CIRCLE('',#12046,8.477);
#12046 = AXIS2_PLACEMENT_3D('',#12047,#12048,#12049);
#12047 = CARTESIAN_POINT('',(4.999998282074E-08,12.7,1.40998323995E-15)
  );
#12048 = DIRECTION('',(2.465190328816E-31,1.,2.22044604925E-16));
#12049 = DIRECTION('',(0.498626211558,-1.924720625988E-16,0.866817109399
    ));
#12050 = PCURVE('',#9745,#12051);
#12051 = DEFINITIONAL_REPRESENTATION('',(#12052),#12056);
#12052 = LINE('',#12053,#12054);
#12053 = CARTESIAN_POINT('',(0.,-6.5600002));
#12054 = VECTOR('',#12055,1.);
#12055 = DIRECTION('',(1.,0.));
#12056 = ( GEOMETRIC_REPRESENTATION_CONTEXT(2) 
PARAMETRIC_REPRESENTATION_CONTEXT() REPRESENTATION_CONTEXT('2D SPACE',''
  ) );
#12057 = PCURVE('',#11201,#12058);
#12058 = DEFINITIONAL_REPRESENTATION('',(#12059),#12067);
#12059 = ( BOUNDED_CURVE() B_SPLINE_CURVE(2,(#12060,#12061,#12062,#12063
    ,#12064,#12065,#12066),.UNSPECIFIED.,.T.,.F.) 
B_SPLINE_CURVE_WITH_KNOTS((1,2,2,2,2,1),(-2.094395102393,0.,
    2.094395102393,4.188790204786,6.28318530718,8.377580409573),
.UNSPECIFIED.) CURVE() GEOMETRIC_REPRESENTATION_ITEM() 
RATIONAL_B_SPLINE_CURVE((1.,0.5,1.,0.5,1.,0.5,1.)) REPRESENTATION_ITEM(
  '') );
#12060 = CARTESIAN_POINT('',(-4.722888859252E-16,-8.47700005));
#12061 = CARTESIAN_POINT('',(-14.68259469576,-8.47700005));
#12062 = CARTESIAN_POINT('',(-7.341297347881,4.23849995));
#12063 = CARTESIAN_POINT('',(3.098261278649E-15,16.95399995));
#12064 = CARTESIAN_POINT('',(7.341297347881,4.23849995));
#12065 = CARTESIAN_POINT('',(14.682594695761,-8.47700005));
#12066 = CARTESIAN_POINT('',(-4.722888859252E-16,-8.47700005));
#12067 = ( GEOMETRIC_REPRESENTATION_CONTEXT(2) 
PARAMETRIC_REPRESENTATION_CONTEXT() REPRESENTATION_CONTEXT('2D SPACE',''
  ) );
#12068 = ORIENTED_EDGE('',*,*,#12069,.F.);
#12069 = EDGE_CURVE('',#12070,#12042,#12072,.T.);
#12070 = VERTEX_POINT('',#12071);
#12071 = CARTESIAN_POINT('',(1.701581114422,12.7,-8.30446571919));
#12072 = SURFACE_CURVE('',#12073,(#12100,#12130),.PCURVE_S1.);
#12073 = B_SPLINE_CURVE_WITH_KNOTS('',7,(#12074,#12075,#12076,#12077,
    #12078,#12079,#12080,#12081,#12082,#12083,#12084,#12085,#12086,
    #12087,#12088,#12089,#12090,#12091,#12092,#12093,#12094,#12095,
    #12096,#12097,#12098,#12099),.UNSPECIFIED.,.F.,.F.,(8,6,6,6,8),(0.,
    0.296684128102,0.500000080652,0.704105067193,1.),.UNSPECIFIED.);
#12074 = CARTESIAN_POINT('',(1.701581114424,12.7,-8.304465719189));
#12075 = CARTESIAN_POINT('',(1.148825238188,12.7,-8.417725134551));
#12076 = CARTESIAN_POINT('',(0.600625388275,12.674330386844,
    -8.485324662767));
#12077 = CARTESIAN_POINT('',(6.045387047494E-02,12.633329832371,
    -8.510442544348));
#12078 = CARTESIAN_POINT('',(-0.469498600895,12.584564784816,
    -8.496233774261));
#12079 = CARTESIAN_POINT('',(-0.988091985255,12.533928048381,
    -8.44534836764));
#12080 = CARTESIAN_POINT('',(-1.494904101878,12.485925530518,
    -8.359665817882));
#12081 = CARTESIAN_POINT('',(-2.328978708216,12.415249106466,
    -8.158255018238));
#12082 = CARTESIAN_POINT('',(-2.662386329897,12.389372095798,
    -8.060508295821));
#12083 = CARTESIAN_POINT('',(-2.989542658641,12.367493836733,
    -7.947368306171));
#12084 = CARTESIAN_POINT('',(-3.309996489618,12.350487921739,
    -7.819234469479));
#12085 = CARTESIAN_POINT('',(-3.623319829204,12.338947413421,
    -7.67644868965));
#12086 = CARTESIAN_POINT('',(-3.92908675534,12.333174008225,
    -7.519295893788));
#12087 = CARTESIAN_POINT('',(-4.525777519854,12.333174008225,
    -7.176056642791));
#12088 = CARTESIAN_POINT('',(-4.816439090155,12.33899230874,
    -6.989975349984));
#12089 = CARTESIAN_POINT('',(-5.098411050699,12.350622466084,
    -6.790033715044));
#12090 = CARTESIAN_POINT('',(-5.371228003052,12.367758061155,
    -6.576458877484));
#12091 = CARTESIAN_POINT('',(-5.634373353636,12.38979688166,
    -6.349450612499));
#12092 = CARTESIAN_POINT('',(-5.88726802263,12.415851969594,
    -6.10919964462));
#12093 = CARTESIAN_POINT('',(-6.480084510038,12.486691884397,
    -5.488710683843));
#12094 = CARTESIAN_POINT('',(-6.80775106025,12.53460137603,
    -5.094365189526));
#12095 = CARTESIAN_POINT('',(-7.111370243898,12.585082842396,
    -4.67248369795));
#12096 = CARTESIAN_POINT('',(-7.389112439726,12.633656362221,
    -4.222489659042));
#12097 = CARTESIAN_POINT('',(-7.638130880787,12.674466860955,
    -3.744042176062));
#12098 = CARTESIAN_POINT('',(-7.854623989626,12.7,-3.237450241881));
#12099 = CARTESIAN_POINT('',(-8.034133951076,12.7,-2.704111656858));
#12100 = PCURVE('',#9745,#12101);
#12101 = DEFINITIONAL_REPRESENTATION('',(#12102),#12129);
#12102 = B_SPLINE_CURVE_WITH_KNOTS('',7,(#12103,#12104,#12105,#12106,
    #12107,#12108,#12109,#12110,#12111,#12112,#12113,#12114,#12115,
    #12116,#12117,#12118,#12119,#12120,#12121,#12122,#12123,#12124,
    #12125,#12126,#12127,#12128),.UNSPECIFIED.,.F.,.F.,(8,6,6,6,8),(0.,
    0.296684128102,0.500000080652,0.704105067193,1.),.UNSPECIFIED.);
#12103 = CARTESIAN_POINT('',(2.41747729695,-6.5600002));
#12104 = CARTESIAN_POINT('',(2.484038577943,-6.5600002));
#12105 = CARTESIAN_POINT('',(2.548992137992,-6.585669813156));
#12106 = CARTESIAN_POINT('',(2.612493691444,-6.62667036763));
#12107 = CARTESIAN_POINT('',(2.674741441054,-6.675435415184));
#12108 = CARTESIAN_POINT('',(2.735971566318,-6.726072151619));
#12109 = CARTESIAN_POINT('',(2.796460466305,-6.774074669482));
#12110 = CARTESIAN_POINT('',(2.89768120791,-6.844751093534));
#12111 = CARTESIAN_POINT('',(2.938619809924,-6.870628104202));
#12112 = CARTESIAN_POINT('',(2.979381709031,-6.892506363267));
#12113 = CARTESIAN_POINT('',(3.020012494364,-6.909512278262));
#12114 = CARTESIAN_POINT('',(3.060558931302,-6.92105278658));
#12115 = CARTESIAN_POINT('',(3.101069077098,-6.926826191775));
#12116 = CARTESIAN_POINT('',(3.182273495062,-6.926826191775));
#12117 = CARTESIAN_POINT('',(3.222940645257,-6.92100789126));
#12118 = CARTESIAN_POINT('',(3.263644480258,-6.909377733916));
#12119 = CARTESIAN_POINT('',(3.304433681848,-6.892242138845));
#12120 = CARTESIAN_POINT('',(3.345355623474,-6.87020331834));
#12121 = CARTESIAN_POINT('',(3.386456497653,-6.844148230406));
#12122 = CARTESIAN_POINT('',(3.487690380252,-6.773308315604));
#12123 = CARTESIAN_POINT('',(3.54802800552,-6.72539882397));
#12124 = CARTESIAN_POINT('',(3.609105797448,-6.674917357605));
#12125 = CARTESIAN_POINT('',(3.671197940817,-6.626343837779));
#12126 = CARTESIAN_POINT('',(3.734538531883,-6.585533339045));
#12127 = CARTESIAN_POINT('',(3.799323931379,-6.5600002));
#12128 = CARTESIAN_POINT('',(3.86570801023,-6.5600002));
#12129 = ( GEOMETRIC_REPRESENTATION_CONTEXT(2) 
PARAMETRIC_REPRESENTATION_CONTEXT() REPRESENTATION_CONTEXT('2D SPACE',''
  ) );
#12130 = PCURVE('',#9897,#12131);
#12131 = DEFINITIONAL_REPRESENTATION('',(#12132),#12159);
#12132 = B_SPLINE_CURVE_WITH_KNOTS('',7,(#12133,#12134,#12135,#12136,
    #12137,#12138,#12139,#12140,#12141,#12142,#12143,#12144,#12145,
    #12146,#12147,#12148,#12149,#12150,#12151,#12152,#12153,#12154,
    #12155,#12156,#12157,#12158),.UNSPECIFIED.,.F.,.F.,(8,6,6,6,8),(0.,
    0.296684128102,0.500000080652,0.704105067193,1.),.UNSPECIFIED.);
#12133 = CARTESIAN_POINT('',(7.068583470577,100.86578386024));
#12134 = CARTESIAN_POINT('',(7.009718310338,100.44311972261));
#12135 = CARTESIAN_POINT('',(6.957443650866,100.00163760999));
#12136 = CARTESIAN_POINT('',(6.911266185241,99.545932130492));
#12137 = CARTESIAN_POINT('',(6.87092556191,99.079475395935));
#12138 = CARTESIAN_POINT('',(6.836248272716,98.604576980028));
#12139 = CARTESIAN_POINT('',(6.80715590099,98.122540000905));
#12140 = CARTESIAN_POINT('',(6.767558658841,97.299121157622));
#12141 = CARTESIAN_POINT('',(6.754093414977,96.961378648854));
#12142 = CARTESIAN_POINT('',(6.743285976944,96.621379381236));
#12143 = CARTESIAN_POINT('',(6.735160011187,96.27971362821));
#12144 = CARTESIAN_POINT('',(6.729734412254,95.936922864222));
#12145 = CARTESIAN_POINT('',(6.727020032985,95.593518357922));
#12146 = CARTESIAN_POINT('',(6.727020032985,94.905148506838));
#12147 = CARTESIAN_POINT('',(6.729755520936,94.560413074583));
#12148 = CARTESIAN_POINT('',(6.735223263637,94.216298814849));
#12149 = CARTESIAN_POINT('',(6.743412241474,93.87332240068));
#12150 = CARTESIAN_POINT('',(6.754303295959,93.532031237372));
#12151 = CARTESIAN_POINT('',(6.767872482697,93.193022381476));
#12152 = CARTESIAN_POINT('',(6.807620763051,92.36976684763));
#12153 = CARTESIAN_POINT('',(6.836709846705,91.889108875853));
#12154 = CARTESIAN_POINT('',(6.871354790402,91.415565402854));
#12155 = CARTESIAN_POINT('',(6.911634479166,90.950434892662));
#12156 = CARTESIAN_POINT('',(6.957721599034,90.496014991529));
#12157 = CARTESIAN_POINT('',(7.009875023556,90.055755043773));
#12158 = CARTESIAN_POINT('',(7.068583470577,89.634216139752));
#12159 = ( GEOMETRIC_REPRESENTATION_CONTEXT(2) 
PARAMETRIC_REPRESENTATION_CONTEXT() REPRESENTATION_CONTEXT('2D SPACE',''
  ) );
#12160 = ORIENTED_EDGE('',*,*,#12161,.F.);
#12161 = EDGE_CURVE('',#12162,#12070,#12164,.T.);
#12162 = VERTEX_POINT('',#12163);
#12163 = CARTESIAN_POINT('',(8.47700005,12.7,3.089417610618E-13));
#12164 = SURFACE_CURVE('',#12165,(#12170,#12177),.PCURVE_S1.);
#12165 = CIRCLE('',#12166,8.477);
#12166 = AXIS2_PLACEMENT_3D('',#12167,#12168,#12169);
#12167 = CARTESIAN_POINT('',(4.999998282074E-08,12.7,1.40998323995E-15)
  );
#12168 = DIRECTION('',(2.465190328816E-31,1.,2.22044604925E-16));
#12169 = DIRECTION('',(0.498626211558,-1.924720625988E-16,0.866817109399
    ));
#12170 = PCURVE('',#9745,#12171);
#12171 = DEFINITIONAL_REPRESENTATION('',(#12172),#12176);
#12172 = LINE('',#12173,#12174);
#12173 = CARTESIAN_POINT('',(0.,-6.5600002));
#12174 = VECTOR('',#12175,1.);
#12175 = DIRECTION('',(1.,0.));
#12176 = ( GEOMETRIC_REPRESENTATION_CONTEXT(2) 
PARAMETRIC_REPRESENTATION_CONTEXT() REPRESENTATION_CONTEXT('2D SPACE',''
  ) );
#12177 = PCURVE('',#10874,#12178);
#12178 = DEFINITIONAL_REPRESENTATION('',(#12179),#12187);
#12179 = ( BOUNDED_CURVE() B_SPLINE_CURVE(2,(#12180,#12181,#12182,#12183
    ,#12184,#12185,#12186),.UNSPECIFIED.,.T.,.F.) 
B_SPLINE_CURVE_WITH_KNOTS((1,2,2,2,2,1),(-2.094395102393,0.,
    2.094395102393,4.188790204786,6.28318530718,8.377580409573),
.UNSPECIFIED.) CURVE() GEOMETRIC_REPRESENTATION_ITEM() 
RATIONAL_B_SPLINE_CURVE((1.,0.5,1.,0.5,1.,0.5,1.)) REPRESENTATION_ITEM(
  '') );
#12180 = CARTESIAN_POINT('',(-4.722888859252E-16,-8.47700005));
#12181 = CARTESIAN_POINT('',(-14.68259469576,-8.47700005));
#12182 = CARTESIAN_POINT('',(-7.341297347881,4.23849995));
#12183 = CARTESIAN_POINT('',(3.098261278649E-15,16.95399995));
#12184 = CARTESIAN_POINT('',(7.341297347881,4.23849995));
#12185 = CARTESIAN_POINT('',(14.682594695761,-8.47700005));
#12186 = CARTESIAN_POINT('',(-4.722888859252E-16,-8.47700005));
#12187 = ( GEOMETRIC_REPRESENTATION_CONTEXT(2) 
PARAMETRIC_REPRESENTATION_CONTEXT() REPRESENTATION_CONTEXT('2D SPACE',''
  ) );
#12188 = ORIENTED_EDGE('',*,*,#12189,.T.);
#12189 = EDGE_CURVE('',#12162,#9702,#12190,.T.);
#12190 = SURFACE_CURVE('',#12191,(#12195,#12202),.PCURVE_S1.);
#12191 = LINE('',#12192,#12193);
#12192 = CARTESIAN_POINT('',(8.47700005,19.2600002,2.866595893991E-15));
#12193 = VECTOR('',#12194,1.);
#12194 = DIRECTION('',(-5.176899690513E-31,-1.,-2.22044604925E-16));
#12195 = PCURVE('',#9745,#12196);
#12196 = DEFINITIONAL_REPRESENTATION('',(#12197),#12201);
#12197 = LINE('',#12198,#12199);
#12198 = CARTESIAN_POINT('',(1.048783140358,-9.947598300641E-14));
#12199 = VECTOR('',#12200,1.);
#12200 = DIRECTION('',(0.,-1.));
#12201 = ( GEOMETRIC_REPRESENTATION_CONTEXT(2) 
PARAMETRIC_REPRESENTATION_CONTEXT() REPRESENTATION_CONTEXT('2D SPACE',''
  ) );
#12202 = PCURVE('',#9718,#12203);
#12203 = DEFINITIONAL_REPRESENTATION('',(#12204),#12208);
#12204 = LINE('',#12205,#12206);
#12205 = CARTESIAN_POINT('',(1.048783140358,-9.947598300641E-14));
#12206 = VECTOR('',#12207,1.);
#12207 = DIRECTION('',(0.,-1.));
#12208 = ( GEOMETRIC_REPRESENTATION_CONTEXT(2) 
PARAMETRIC_REPRESENTATION_CONTEXT() REPRESENTATION_CONTEXT('2D SPACE',''
  ) );
#12209 = ORIENTED_EDGE('',*,*,#9730,.T.);
#12210 = ADVANCED_FACE('',(#12211),#9718,.F.);
#12211 = FACE_BOUND('',#12212,.F.);
#12212 = EDGE_LOOP('',(#12213,#12269,#12270,#12271,#12272));
#12213 = ORIENTED_EDGE('',*,*,#12214,.F.);
#12214 = EDGE_CURVE('',#11963,#12215,#12217,.T.);
#12215 = VERTEX_POINT('',#12216);
#12216 = CARTESIAN_POINT('',(8.034134099227,12.7,2.704111513797));
#12217 = SURFACE_CURVE('',#12218,(#12233,#12251),.PCURVE_S1.);
#12218 = B_SPLINE_CURVE_WITH_KNOTS('',7,(#12219,#12220,#12221,#12222,
    #12223,#12224,#12225,#12226,#12227,#12228,#12229,#12230,#12231,
    #12232),.UNSPECIFIED.,.F.,.F.,(8,6,8),(0.,0.408210029537,1.),
  .UNSPECIFIED.);
#12219 = CARTESIAN_POINT('',(4.22685444538,12.333173972675,
    7.348008636376));
#12220 = CARTESIAN_POINT('',(4.525777619908,12.333173972675,
    7.17605664276));
#12221 = CARTESIAN_POINT('',(4.816439190248,12.338992273501,
    6.989975349924));
#12222 = CARTESIAN_POINT('',(5.098411150817,12.350622431464,
    6.790033714958));
#12223 = CARTESIAN_POINT('',(5.371228103177,12.367758027457,
    6.576458877382));
#12224 = CARTESIAN_POINT('',(5.634373453748,12.389796849175,
    6.349450612396));
#12225 = CARTESIAN_POINT('',(5.887268122702,12.415851938599,
    6.109199644545));
#12226 = CARTESIAN_POINT('',(6.480084623573,12.486691859326,
    5.488710669677));
#12227 = CARTESIAN_POINT('',(6.807751185356,12.534601356134,
    5.094365159285));
#12228 = CARTESIAN_POINT('',(7.111370378733,12.585082828265,
    4.67248364953));
#12229 = CARTESIAN_POINT('',(7.389112582172,12.633656353882,
    4.222489590256));
#12230 = CARTESIAN_POINT('',(7.638131028356,12.674466857664,
    3.744042084682));
#12231 = CARTESIAN_POINT('',(7.854624139322,12.7,3.237450125644));
#12232 = CARTESIAN_POINT('',(8.034134099227,12.7,2.704111513797));
#12233 = PCURVE('',#9718,#12234);
#12234 = DEFINITIONAL_REPRESENTATION('',(#12235),#12250);
#12235 = B_SPLINE_CURVE_WITH_KNOTS('',7,(#12236,#12237,#12238,#12239,
    #12240,#12241,#12242,#12243,#12244,#12245,#12246,#12247,#12248,
    #12249),.UNSPECIFIED.,.F.,.F.,(8,6,8),(0.,0.408210029537,1.),
  .UNSPECIFIED.);
#12236 = CARTESIAN_POINT('',(-8.881784197001E-16,-6.926826227325));
#12237 = CARTESIAN_POINT('',(4.06808414797E-02,-6.926826227325));
#12238 = CARTESIAN_POINT('',(8.134799168056E-02,-6.9210079265));
#12239 = CARTESIAN_POINT('',(0.122051826685,-6.909377768536));
#12240 = CARTESIAN_POINT('',(0.162841028277,-6.892242172543));
#12241 = CARTESIAN_POINT('',(0.203762969903,-6.870203350825));
#12242 = CARTESIAN_POINT('',(0.244863844075,-6.844148261401));
#12243 = CARTESIAN_POINT('',(0.346097728973,-6.773308340675));
#12244 = CARTESIAN_POINT('',(0.406435356555,-6.725398843866));
#12245 = CARTESIAN_POINT('',(0.467513150868,-6.674917371735));
#12246 = CARTESIAN_POINT('',(0.529605296719,-6.626343846118));
#12247 = CARTESIAN_POINT('',(0.592945890392,-6.585533342336));
#12248 = CARTESIAN_POINT('',(0.657731292655,-6.5600002));
#12249 = CARTESIAN_POINT('',(0.724115374447,-6.5600002));
#12250 = ( GEOMETRIC_REPRESENTATION_CONTEXT(2) 
PARAMETRIC_REPRESENTATION_CONTEXT() REPRESENTATION_CONTEXT('2D SPACE',''
  ) );
#12251 = PCURVE('',#11455,#12252);
#12252 = DEFINITIONAL_REPRESENTATION('',(#12253),#12268);
#12253 = B_SPLINE_CURVE_WITH_KNOTS('',7,(#12254,#12255,#12256,#12257,
    #12258,#12259,#12260,#12261,#12262,#12263,#12264,#12265,#12266,
    #12267),.UNSPECIFIED.,.F.,.F.,(8,6,8),(0.,0.408210029537,1.),
  .UNSPECIFIED.);
#12254 = CARTESIAN_POINT('',(6.727020016271,95.25));
#12255 = CARTESIAN_POINT('',(6.727020016271,94.905148506777));
#12256 = CARTESIAN_POINT('',(6.72975550424,94.560413074472));
#12257 = CARTESIAN_POINT('',(6.735223246975,94.216298814704));
#12258 = CARTESIAN_POINT('',(6.743412224861,93.87332240052));
#12259 = CARTESIAN_POINT('',(6.754303279408,93.532031237223));
#12260 = CARTESIAN_POINT('',(6.767872466216,93.193022381376));
#12261 = CARTESIAN_POINT('',(6.807620747664,92.369766828834));
#12262 = CARTESIAN_POINT('',(6.836709832769,91.889108839011));
#12263 = CARTESIAN_POINT('',(6.871354778343,91.415565348514));
#12264 = CARTESIAN_POINT('',(6.91163446941,90.950434821572));
#12265 = CARTESIAN_POINT('',(6.957721592025,90.496014904729));
#12266 = CARTESIAN_POINT('',(7.009875019773,90.055754942736));
#12267 = CARTESIAN_POINT('',(7.068583470577,89.63421602668));
#12268 = ( GEOMETRIC_REPRESENTATION_CONTEXT(2) 
PARAMETRIC_REPRESENTATION_CONTEXT() REPRESENTATION_CONTEXT('2D SPACE',''
  ) );
#12269 = ORIENTED_EDGE('',*,*,#11962,.T.);
#12270 = ORIENTED_EDGE('',*,*,#9699,.T.);
#12271 = ORIENTED_EDGE('',*,*,#12189,.F.);
#12272 = ORIENTED_EDGE('',*,*,#12273,.F.);
#12273 = EDGE_CURVE('',#12215,#12162,#12274,.T.);
#12274 = SURFACE_CURVE('',#12275,(#12280,#12287),.PCURVE_S1.);
#12275 = CIRCLE('',#12276,8.477);
#12276 = AXIS2_PLACEMENT_3D('',#12277,#12278,#12279);
#12277 = CARTESIAN_POINT('',(4.999998282074E-08,12.7,1.40998323995E-15)
  );
#12278 = DIRECTION('',(2.465190328816E-31,1.,2.22044604925E-16));
#12279 = DIRECTION('',(0.498626211558,-1.924720625988E-16,0.866817109399
    ));
#12280 = PCURVE('',#9718,#12281);
#12281 = DEFINITIONAL_REPRESENTATION('',(#12282),#12286);
#12282 = LINE('',#12283,#12284);
#12283 = CARTESIAN_POINT('',(0.,-6.5600002));
#12284 = VECTOR('',#12285,1.);
#12285 = DIRECTION('',(1.,0.));
#12286 = ( GEOMETRIC_REPRESENTATION_CONTEXT(2) 
PARAMETRIC_REPRESENTATION_CONTEXT() REPRESENTATION_CONTEXT('2D SPACE',''
  ) );
#12287 = PCURVE('',#10874,#12288);
#12288 = DEFINITIONAL_REPRESENTATION('',(#12289),#12297);
#12289 = ( BOUNDED_CURVE() B_SPLINE_CURVE(2,(#12290,#12291,#12292,#12293
    ,#12294,#12295,#12296),.UNSPECIFIED.,.T.,.F.) 
B_SPLINE_CURVE_WITH_KNOTS((1,2,2,2,2,1),(-2.094395102393,0.,
    2.094395102393,4.188790204786,6.28318530718,8.377580409573),
.UNSPECIFIED.) CURVE() GEOMETRIC_REPRESENTATION_ITEM() 
RATIONAL_B_SPLINE_CURVE((1.,0.5,1.,0.5,1.,0.5,1.)) REPRESENTATION_ITEM(
  '') );
#12290 = CARTESIAN_POINT('',(-4.722888859252E-16,-8.47700005));
#12291 = CARTESIAN_POINT('',(-14.68259469576,-8.47700005));
#12292 = CARTESIAN_POINT('',(-7.341297347881,4.23849995));
#12293 = CARTESIAN_POINT('',(3.098261278649E-15,16.95399995));
#12294 = CARTESIAN_POINT('',(7.341297347881,4.23849995));
#12295 = CARTESIAN_POINT('',(14.682594695761,-8.47700005));
#12296 = CARTESIAN_POINT('',(-4.722888859252E-16,-8.47700005));
#12297 = ( GEOMETRIC_REPRESENTATION_CONTEXT(2) 
PARAMETRIC_REPRESENTATION_CONTEXT() REPRESENTATION_CONTEXT('2D SPACE',''
  ) );
#12298 = ADVANCED_FACE('',(#12299),#9897,.T.);
#12299 = FACE_BOUND('',#12300,.T.);
#12300 = EDGE_LOOP('',(#12301,#12302,#12303,#12331,#12359,#12380,#12381,
    #12404,#12432,#12458,#12459,#12460));
#12301 = ORIENTED_EDGE('',*,*,#10339,.F.);
#12302 = ORIENTED_EDGE('',*,*,#10368,.F.);
#12303 = ORIENTED_EDGE('',*,*,#12304,.T.);
#12304 = EDGE_CURVE('',#10369,#12305,#12307,.T.);
#12305 = VERTEX_POINT('',#12306);
#12306 = CARTESIAN_POINT('',(-168.2949357588,4.452201116638E-14,
    89.484004613834));
#12307 = SURFACE_CURVE('',#12308,(#12312,#12319),.PCURVE_S1.);
#12308 = LINE('',#12309,#12310);
#12309 = CARTESIAN_POINT('',(-85.73060608859,3.292036465513E-14,
    41.989857962904));
#12310 = VECTOR('',#12311,1.);
#12311 = DIRECTION('',(-0.866817109399,1.113273447743E-16,0.498626211558
    ));
#12312 = PCURVE('',#9897,#12313);
#12313 = DEFINITIONAL_REPRESENTATION('',(#12314),#12318);
#12314 = LINE('',#12315,#12316);
#12315 = CARTESIAN_POINT('',(3.926990816987,0.));
#12316 = VECTOR('',#12317,1.);
#12317 = DIRECTION('',(0.,-1.));
#12318 = ( GEOMETRIC_REPRESENTATION_CONTEXT(2) 
PARAMETRIC_REPRESENTATION_CONTEXT() REPRESENTATION_CONTEXT('2D SPACE',''
  ) );
#12319 = PCURVE('',#12320,#12325);
#12320 = PLANE('',#12321);
#12321 = AXIS2_PLACEMENT_3D('',#12322,#12323,#12324);
#12322 = CARTESIAN_POINT('',(2.506867371913E-08,2.22044604925E-14,
    -4.334085148577E-08));
#12323 = DIRECTION('',(-1.314079632032E-16,-1.,-5.172864927124E-18));
#12324 = DIRECTION('',(0.498626211558,-7.000738268404E-17,0.866817109399
    ));
#12325 = DEFINITIONAL_REPRESENTATION('',(#12326),#12330);
#12326 = LINE('',#12327,#12328);
#12327 = CARTESIAN_POINT('',(-6.35,95.25));
#12328 = VECTOR('',#12329,1.);
#12329 = DIRECTION('',(0.,1.));
#12330 = ( GEOMETRIC_REPRESENTATION_CONTEXT(2) 
PARAMETRIC_REPRESENTATION_CONTEXT() REPRESENTATION_CONTEXT('2D SPACE',''
  ) );
#12331 = ORIENTED_EDGE('',*,*,#12332,.T.);
#12332 = EDGE_CURVE('',#12305,#12333,#12335,.T.);
#12333 = VERTEX_POINT('',#12334);
#12334 = CARTESIAN_POINT('',(-168.2949357588,12.7,89.484004613834));
#12335 = SURFACE_CURVE('',#12336,(#12341,#12348),.PCURVE_S1.);
#12336 = CIRCLE('',#12337,6.35);
#12337 = AXIS2_PLACEMENT_3D('',#12338,#12339,#12340);
#12338 = CARTESIAN_POINT('',(-168.2949357588,6.35,89.484004613834));
#12339 = DIRECTION('',(0.866817109399,-2.775557561563E-17,
    -0.498626211558));
#12340 = DIRECTION('',(-0.35258197547,-0.707106781187,-0.612932256105));
#12341 = PCURVE('',#9897,#12342);
#12342 = DEFINITIONAL_REPRESENTATION('',(#12343),#12347);
#12343 = LINE('',#12344,#12345);
#12344 = CARTESIAN_POINT('',(-1.570796326795,-95.25));
#12345 = VECTOR('',#12346,1.);
#12346 = DIRECTION('',(1.,0.));
#12347 = ( GEOMETRIC_REPRESENTATION_CONTEXT(2) 
PARAMETRIC_REPRESENTATION_CONTEXT() REPRESENTATION_CONTEXT('2D SPACE',''
  ) );
#12348 = PCURVE('',#11141,#12349);
#12349 = DEFINITIONAL_REPRESENTATION('',(#12350),#12358);
#12350 = ( BOUNDED_CURVE() B_SPLINE_CURVE(2,(#12351,#12352,#12353,#12354
    ,#12355,#12356,#12357),.UNSPECIFIED.,.T.,.F.) 
B_SPLINE_CURVE_WITH_KNOTS((1,2,2,2,2,1),(-2.094395102393,0.,
    2.094395102393,4.188790204786,6.28318530718,8.377580409573),
.UNSPECIFIED.) CURVE() GEOMETRIC_REPRESENTATION_ITEM() 
RATIONAL_B_SPLINE_CURVE((1.,0.5,1.,0.5,1.,0.5,1.)) REPRESENTATION_ITEM(
  '') );
#12351 = CARTESIAN_POINT('',(23.540128060535,10.840128060535));
#12352 = CARTESIAN_POINT('',(31.317257993871,3.062998127198));
#12353 = CARTESIAN_POINT('',(20.693500936401,0.216371003064));
#12354 = CARTESIAN_POINT('',(10.069743878931,-2.630256121069));
#12355 = CARTESIAN_POINT('',(12.916371003064,7.993500936401));
#12356 = CARTESIAN_POINT('',(15.762998127198,18.617257993871));
#12357 = CARTESIAN_POINT('',(23.540128060535,10.840128060535));
#12358 = ( GEOMETRIC_REPRESENTATION_CONTEXT(2) 
PARAMETRIC_REPRESENTATION_CONTEXT() REPRESENTATION_CONTEXT('2D SPACE',''
  ) );
#12359 = ORIENTED_EDGE('',*,*,#12360,.T.);
#12360 = EDGE_CURVE('',#12333,#12042,#12361,.T.);
#12361 = SURFACE_CURVE('',#12362,(#12366,#12373),.PCURVE_S1.);
#12362 = LINE('',#12363,#12364);
#12363 = CARTESIAN_POINT('',(-85.73060608859,12.7,41.989857962904));
#12364 = VECTOR('',#12365,1.);
#12365 = DIRECTION('',(0.866817109399,-1.113273447743E-16,
    -0.498626211558));
#12366 = PCURVE('',#9897,#12367);
#12367 = DEFINITIONAL_REPRESENTATION('',(#12368),#12372);
#12368 = LINE('',#12369,#12370);
#12369 = CARTESIAN_POINT('',(7.068583470577,0.));
#12370 = VECTOR('',#12371,1.);
#12371 = DIRECTION('',(0.,1.));
#12372 = ( GEOMETRIC_REPRESENTATION_CONTEXT(2) 
PARAMETRIC_REPRESENTATION_CONTEXT() REPRESENTATION_CONTEXT('2D SPACE',''
  ) );
#12373 = PCURVE('',#11201,#12374);
#12374 = DEFINITIONAL_REPRESENTATION('',(#12375),#12379);
#12375 = LINE('',#12376,#12377);
#12376 = CARTESIAN_POINT('',(95.25,6.35));
#12377 = VECTOR('',#12378,1.);
#12378 = DIRECTION('',(-1.,0.));
#12379 = ( GEOMETRIC_REPRESENTATION_CONTEXT(2) 
PARAMETRIC_REPRESENTATION_CONTEXT() REPRESENTATION_CONTEXT('2D SPACE',''
  ) );
#12380 = ORIENTED_EDGE('',*,*,#12069,.F.);
#12381 = ORIENTED_EDGE('',*,*,#12382,.T.);
#12382 = EDGE_CURVE('',#12070,#12383,#12385,.T.);
#12383 = VERTEX_POINT('',#12384);
#12384 = CARTESIAN_POINT('',(161.9623829222,12.7,-100.4925819898));
#12385 = SURFACE_CURVE('',#12386,(#12390,#12397),.PCURVE_S1.);
#12386 = LINE('',#12387,#12388);
#12387 = CARTESIAN_POINT('',(-85.73060608859,12.7,41.989857962904));
#12388 = VECTOR('',#12389,1.);
#12389 = DIRECTION('',(0.866817109399,-1.113273447743E-16,
    -0.498626211558));
#12390 = PCURVE('',#9897,#12391);
#12391 = DEFINITIONAL_REPRESENTATION('',(#12392),#12396);
#12392 = LINE('',#12393,#12394);
#12393 = CARTESIAN_POINT('',(7.068583470577,0.));
#12394 = VECTOR('',#12395,1.);
#12395 = DIRECTION('',(0.,1.));
#12396 = ( GEOMETRIC_REPRESENTATION_CONTEXT(2) 
PARAMETRIC_REPRESENTATION_CONTEXT() REPRESENTATION_CONTEXT('2D SPACE',''
  ) );
#12397 = PCURVE('',#10874,#12398);
#12398 = DEFINITIONAL_REPRESENTATION('',(#12399),#12403);
#12399 = LINE('',#12400,#12401);
#12400 = CARTESIAN_POINT('',(95.25,6.35));
#12401 = VECTOR('',#12402,1.);
#12402 = DIRECTION('',(-1.,0.));
#12403 = ( GEOMETRIC_REPRESENTATION_CONTEXT(2) 
PARAMETRIC_REPRESENTATION_CONTEXT() REPRESENTATION_CONTEXT('2D SPACE',''
  ) );
#12404 = ORIENTED_EDGE('',*,*,#12405,.T.);
#12405 = EDGE_CURVE('',#12383,#12406,#12408,.T.);
#12406 = VERTEX_POINT('',#12407);
#12407 = CARTESIAN_POINT('',(161.9623829222,7.760035787095E-16,
    -100.4925819898));
#12408 = SURFACE_CURVE('',#12409,(#12414,#12421),.PCURVE_S1.);
#12409 = CIRCLE('',#12410,6.35);
#12410 = AXIS2_PLACEMENT_3D('',#12411,#12412,#12413);
#12411 = CARTESIAN_POINT('',(161.9623829222,6.35,-100.4925819898));
#12412 = DIRECTION('',(-0.866817109399,2.775557561563E-17,0.498626211558
    ));
#12413 = DIRECTION('',(-0.35258197547,-0.707106781187,-0.612932256105));
#12414 = PCURVE('',#9897,#12415);
#12415 = DEFINITIONAL_REPRESENTATION('',(#12416),#12420);
#12416 = LINE('',#12417,#12418);
#12417 = CARTESIAN_POINT('',(10.995574287564,285.75));
#12418 = VECTOR('',#12419,1.);
#12419 = DIRECTION('',(-1.,0.));
#12420 = ( GEOMETRIC_REPRESENTATION_CONTEXT(2) 
PARAMETRIC_REPRESENTATION_CONTEXT() REPRESENTATION_CONTEXT('2D SPACE',''
  ) );
#12421 = PCURVE('',#10764,#12422);
#12422 = DEFINITIONAL_REPRESENTATION('',(#12423),#12431);
#12423 = ( BOUNDED_CURVE() B_SPLINE_CURVE(2,(#12424,#12425,#12426,#12427
    ,#12428,#12429,#12430),.UNSPECIFIED.,.T.,.F.) 
B_SPLINE_CURVE_WITH_KNOTS((1,2,2,2,2,1),(-2.094395102393,0.,
    2.094395102393,4.188790204786,6.28318530718,8.377580409573),
.UNSPECIFIED.) CURVE() GEOMETRIC_REPRESENTATION_ITEM() 
RATIONAL_B_SPLINE_CURVE((1.,0.5,1.,0.5,1.,0.5,1.)) REPRESENTATION_ITEM(
  '') );
#12424 = CARTESIAN_POINT('',(1.859871939465,10.840128060535));
#12425 = CARTESIAN_POINT('',(9.637001872802,18.617257993871));
#12426 = CARTESIAN_POINT('',(12.483628996936,7.993500936401));
#12427 = CARTESIAN_POINT('',(15.330256121069,-2.630256121069));
#12428 = CARTESIAN_POINT('',(4.706499063599,0.216371003064));
#12429 = CARTESIAN_POINT('',(-5.917257993871,3.062998127198));
#12430 = CARTESIAN_POINT('',(1.859871939465,10.840128060535));
#12431 = ( GEOMETRIC_REPRESENTATION_CONTEXT(2) 
PARAMETRIC_REPRESENTATION_CONTEXT() REPRESENTATION_CONTEXT('2D SPACE',''
  ) );
#12432 = ORIENTED_EDGE('',*,*,#12433,.T.);
#12433 = EDGE_CURVE('',#12406,#9808,#12434,.T.);
#12434 = SURFACE_CURVE('',#12435,(#12439,#12446),.PCURVE_S1.);
#12435 = LINE('',#12436,#12437);
#12436 = CARTESIAN_POINT('',(-85.73060608859,3.292036465513E-14,
    41.989857962904));
#12437 = VECTOR('',#12438,1.);
#12438 = DIRECTION('',(-0.866817109399,1.113273447743E-16,0.498626211558
    ));
#12439 = PCURVE('',#9897,#12440);
#12440 = DEFINITIONAL_REPRESENTATION('',(#12441),#12445);
#12441 = LINE('',#12442,#12443);
#12442 = CARTESIAN_POINT('',(3.926990816987,0.));
#12443 = VECTOR('',#12444,1.);
#12444 = DIRECTION('',(0.,-1.));
#12445 = ( GEOMETRIC_REPRESENTATION_CONTEXT(2) 
PARAMETRIC_REPRESENTATION_CONTEXT() REPRESENTATION_CONTEXT('2D SPACE',''
  ) );
#12446 = PCURVE('',#12447,#12452);
#12447 = PLANE('',#12448);
#12448 = AXIS2_PLACEMENT_3D('',#12449,#12450,#12451);
#12449 = CARTESIAN_POINT('',(2.506867371913E-08,2.22044604925E-14,
    -4.334085148577E-08));
#12450 = DIRECTION('',(-1.314079632032E-16,-1.,-5.172864927124E-18));
#12451 = DIRECTION('',(0.498626211558,-7.000738268404E-17,0.866817109399
    ));
#12452 = DEFINITIONAL_REPRESENTATION('',(#12453),#12457);
#12453 = LINE('',#12454,#12455);
#12454 = CARTESIAN_POINT('',(-6.35,95.25));
#12455 = VECTOR('',#12456,1.);
#12456 = DIRECTION('',(0.,1.));
#12457 = ( GEOMETRIC_REPRESENTATION_CONTEXT(2) 
PARAMETRIC_REPRESENTATION_CONTEXT() REPRESENTATION_CONTEXT('2D SPACE',''
  ) );
#12458 = ORIENTED_EDGE('',*,*,#9858,.F.);
#12459 = ORIENTED_EDGE('',*,*,#9909,.T.);
#12460 = ORIENTED_EDGE('',*,*,#10261,.F.);
#12461 = ADVANCED_FACE('',(#12462),#9846,.T.);
#12462 = FACE_BOUND('',#12463,.T.);
#12463 = EDGE_LOOP('',(#12464,#12465,#12466,#12467,#12488,#12489));
#12464 = ORIENTED_EDGE('',*,*,#10559,.T.);
#12465 = ORIENTED_EDGE('',*,*,#10313,.T.);
#12466 = ORIENTED_EDGE('',*,*,#9807,.T.);
#12467 = ORIENTED_EDGE('',*,*,#12468,.T.);
#12468 = EDGE_CURVE('',#9808,#11470,#12469,.T.);
#12469 = SURFACE_CURVE('',#12470,(#12474,#12481),.PCURVE_S1.);
#12470 = LINE('',#12471,#12472);
#12471 = CARTESIAN_POINT('',(40.59543875632,1.728537123597E-14,
    -16.02639092842));
#12472 = VECTOR('',#12473,1.);
#12473 = DIRECTION('',(0.498626211558,-7.000738268404E-17,0.866817109399
    ));
#12474 = PCURVE('',#9846,#12475);
#12475 = DEFINITIONAL_REPRESENTATION('',(#12476),#12480);
#12476 = LINE('',#12477,#12478);
#12477 = CARTESIAN_POINT('',(-0.785398163397,0.));
#12478 = VECTOR('',#12479,1.);
#12479 = DIRECTION('',(-6.993530863781E-17,-1.));
#12480 = ( GEOMETRIC_REPRESENTATION_CONTEXT(2) 
PARAMETRIC_REPRESENTATION_CONTEXT() REPRESENTATION_CONTEXT('2D SPACE',''
  ) );
#12481 = PCURVE('',#12447,#12482);
#12482 = DEFINITIONAL_REPRESENTATION('',(#12483),#12487);
#12483 = LINE('',#12484,#12485);
#12484 = CARTESIAN_POINT('',(6.35,-43.17999942779));
#12485 = VECTOR('',#12486,1.);
#12486 = DIRECTION('',(1.,0.));
#12487 = ( GEOMETRIC_REPRESENTATION_CONTEXT(2) 
PARAMETRIC_REPRESENTATION_CONTEXT() REPRESENTATION_CONTEXT('2D SPACE',''
  ) );
#12488 = ORIENTED_EDGE('',*,*,#11515,.F.);
#12489 = ORIENTED_EDGE('',*,*,#11217,.T.);
#12490 = ADVANCED_FACE('',(#12491),#10453,.T.);
#12491 = FACE_BOUND('',#12492,.T.);
#12492 = EDGE_LOOP('',(#12493,#12494,#12495,#12496,#12517,#12518));
#12493 = ORIENTED_EDGE('',*,*,#10981,.T.);
#12494 = ORIENTED_EDGE('',*,*,#11609,.T.);
#12495 = ORIENTED_EDGE('',*,*,#11830,.T.);
#12496 = ORIENTED_EDGE('',*,*,#12497,.T.);
#12497 = EDGE_CURVE('',#11831,#10369,#12498,.T.);
#12498 = SURFACE_CURVE('',#12499,(#12503,#12510),.PCURVE_S1.);
#12499 = LINE('',#12500,#12501);
#12500 = CARTESIAN_POINT('',(-40.59543870618,2.712354974903E-14,
    16.026390841747));
#12501 = VECTOR('',#12502,1.);
#12502 = DIRECTION('',(-0.498626211558,7.000738268404E-17,
    -0.866817109399));
#12503 = PCURVE('',#10453,#12504);
#12504 = DEFINITIONAL_REPRESENTATION('',(#12505),#12509);
#12505 = LINE('',#12506,#12507);
#12506 = CARTESIAN_POINT('',(-0.785398163397,0.));
#12507 = VECTOR('',#12508,1.);
#12508 = DIRECTION('',(-6.993530863781E-17,-1.));
#12509 = ( GEOMETRIC_REPRESENTATION_CONTEXT(2) 
PARAMETRIC_REPRESENTATION_CONTEXT() REPRESENTATION_CONTEXT('2D SPACE',''
  ) );
#12510 = PCURVE('',#12320,#12511);
#12511 = DEFINITIONAL_REPRESENTATION('',(#12512),#12516);
#12512 = LINE('',#12513,#12514);
#12513 = CARTESIAN_POINT('',(-6.35,43.179999427795));
#12514 = VECTOR('',#12515,1.);
#12515 = DIRECTION('',(-1.,0.));
#12516 = ( GEOMETRIC_REPRESENTATION_CONTEXT(2) 
PARAMETRIC_REPRESENTATION_CONTEXT() REPRESENTATION_CONTEXT('2D SPACE',''
  ) );
#12517 = ORIENTED_EDGE('',*,*,#10414,.F.);
#12518 = ORIENTED_EDGE('',*,*,#10809,.T.);
#12519 = ADVANCED_FACE('',(#12520,#12595),#10764,.T.);
#12520 = FACE_BOUND('',#12521,.T.);
#12521 = EDGE_LOOP('',(#12522,#12523,#12546,#12574));
#12522 = ORIENTED_EDGE('',*,*,#12405,.F.);
#12523 = ORIENTED_EDGE('',*,*,#12524,.T.);
#12524 = EDGE_CURVE('',#12383,#12525,#12527,.T.);
#12525 = VERTEX_POINT('',#12526);
#12526 = CARTESIAN_POINT('',(168.29493580899,12.7,-89.48400470051));
#12527 = SURFACE_CURVE('',#12528,(#12532,#12539),.PCURVE_S1.);
#12528 = LINE('',#12529,#12530);
#12529 = CARTESIAN_POINT('',(158.7961064788,12.7,-105.9968706345));
#12530 = VECTOR('',#12531,1.);
#12531 = DIRECTION('',(0.498626211558,-7.000738268404E-17,0.866817109399
    ));
#12532 = PCURVE('',#10764,#12533);
#12533 = DEFINITIONAL_REPRESENTATION('',(#12534),#12538);
#12534 = LINE('',#12535,#12536);
#12535 = CARTESIAN_POINT('',(0.,-0.));
#12536 = VECTOR('',#12537,1.);
#12537 = DIRECTION('',(1.,-2.234078735489E-32));
#12538 = ( GEOMETRIC_REPRESENTATION_CONTEXT(2) 
PARAMETRIC_REPRESENTATION_CONTEXT() REPRESENTATION_CONTEXT('2D SPACE',''
  ) );
#12539 = PCURVE('',#10874,#12540);
#12540 = DEFINITIONAL_REPRESENTATION('',(#12541),#12545);
#12541 = LINE('',#12542,#12543);
#12542 = CARTESIAN_POINT('',(-190.5,12.7));
#12543 = VECTOR('',#12544,1.);
#12544 = DIRECTION('',(0.,-1.));
#12545 = ( GEOMETRIC_REPRESENTATION_CONTEXT(2) 
PARAMETRIC_REPRESENTATION_CONTEXT() REPRESENTATION_CONTEXT('2D SPACE',''
  ) );
#12546 = ORIENTED_EDGE('',*,*,#12547,.F.);
#12547 = EDGE_CURVE('',#12548,#12525,#12550,.T.);
#12548 = VERTEX_POINT('',#12549);
#12549 = CARTESIAN_POINT('',(168.29493580899,-1.130901813779E-16,
    -89.48400470051));
#12550 = SURFACE_CURVE('',#12551,(#12556,#12567),.PCURVE_S1.);
#12551 = CIRCLE('',#12552,6.35);
#12552 = AXIS2_PLACEMENT_3D('',#12553,#12554,#12555);
#12553 = CARTESIAN_POINT('',(168.29493580899,6.35,-89.48400470051));
#12554 = DIRECTION('',(-0.866817109399,2.775557561563E-17,0.498626211558
    ));
#12555 = DIRECTION('',(0.35258197547,-0.707106781187,0.612932256105));
#12556 = PCURVE('',#10764,#12557);
#12557 = DEFINITIONAL_REPRESENTATION('',(#12558),#12566);
#12558 = ( BOUNDED_CURVE() B_SPLINE_CURVE(2,(#12559,#12560,#12561,#12562
    ,#12563,#12564,#12565),.UNSPECIFIED.,.T.,.F.) 
B_SPLINE_CURVE_WITH_KNOTS((1,2,2,2,2,1),(-2.094395102393,0.,
    2.094395102393,4.188790204786,6.28318530718,8.377580409573),
.UNSPECIFIED.) CURVE() GEOMETRIC_REPRESENTATION_ITEM() 
RATIONAL_B_SPLINE_CURVE((1.,0.5,1.,0.5,1.,0.5,1.)) REPRESENTATION_ITEM(
  '') );
#12559 = CARTESIAN_POINT('',(23.540128060535,10.840128060535));
#12560 = CARTESIAN_POINT('',(31.317257993871,3.062998127198));
#12561 = CARTESIAN_POINT('',(20.693500936401,0.216371003064));
#12562 = CARTESIAN_POINT('',(10.069743878931,-2.630256121069));
#12563 = CARTESIAN_POINT('',(12.916371003064,7.993500936401));
#12564 = CARTESIAN_POINT('',(15.762998127198,18.617257993871));
#12565 = CARTESIAN_POINT('',(23.540128060535,10.840128060535));
#12566 = ( GEOMETRIC_REPRESENTATION_CONTEXT(2) 
PARAMETRIC_REPRESENTATION_CONTEXT() REPRESENTATION_CONTEXT('2D SPACE',''
  ) );
#12567 = PCURVE('',#11455,#12568);
#12568 = DEFINITIONAL_REPRESENTATION('',(#12569),#12573);
#12569 = LINE('',#12570,#12571);
#12570 = CARTESIAN_POINT('',(-1.570796326795,-95.25));
#12571 = VECTOR('',#12572,1.);
#12572 = DIRECTION('',(1.,0.));
#12573 = ( GEOMETRIC_REPRESENTATION_CONTEXT(2) 
PARAMETRIC_REPRESENTATION_CONTEXT() REPRESENTATION_CONTEXT('2D SPACE',''
  ) );
#12574 = ORIENTED_EDGE('',*,*,#12575,.F.);
#12575 = EDGE_CURVE('',#12406,#12548,#12576,.T.);
#12576 = SURFACE_CURVE('',#12577,(#12581,#12588),.PCURVE_S1.);
#12577 = LINE('',#12578,#12579);
#12578 = CARTESIAN_POINT('',(158.7961064788,1.220550458753E-15,
    -105.9968706345));
#12579 = VECTOR('',#12580,1.);
#12580 = DIRECTION('',(0.498626211558,-7.000738268404E-17,0.866817109399
    ));
#12581 = PCURVE('',#10764,#12582);
#12582 = DEFINITIONAL_REPRESENTATION('',(#12583),#12587);
#12583 = LINE('',#12584,#12585);
#12584 = CARTESIAN_POINT('',(8.890937600874E-16,12.7));
#12585 = VECTOR('',#12586,1.);
#12586 = DIRECTION('',(1.,-2.234078735489E-32));
#12587 = ( GEOMETRIC_REPRESENTATION_CONTEXT(2) 
PARAMETRIC_REPRESENTATION_CONTEXT() REPRESENTATION_CONTEXT('2D SPACE',''
  ) );
#12588 = PCURVE('',#12447,#12589);
#12589 = DEFINITIONAL_REPRESENTATION('',(#12590),#12594);
#12590 = LINE('',#12591,#12592);
#12591 = CARTESIAN_POINT('',(-12.7,-190.5));
#12592 = VECTOR('',#12593,1.);
#12593 = DIRECTION('',(1.,0.));
#12594 = ( GEOMETRIC_REPRESENTATION_CONTEXT(2) 
PARAMETRIC_REPRESENTATION_CONTEXT() REPRESENTATION_CONTEXT('2D SPACE',''
  ) );
#12595 = FACE_BOUND('',#12596,.T.);
#12596 = EDGE_LOOP('',(#12597));
#12597 = ORIENTED_EDGE('',*,*,#10749,.T.);
#12598 = ADVANCED_FACE('',(#12599,#12626),#10874,.F.);
#12599 = FACE_BOUND('',#12600,.F.);
#12600 = EDGE_LOOP('',(#12601,#12602,#12603,#12604,#12605));
#12601 = ORIENTED_EDGE('',*,*,#12273,.T.);
#12602 = ORIENTED_EDGE('',*,*,#12161,.T.);
#12603 = ORIENTED_EDGE('',*,*,#12382,.T.);
#12604 = ORIENTED_EDGE('',*,*,#12524,.T.);
#12605 = ORIENTED_EDGE('',*,*,#12606,.T.);
#12606 = EDGE_CURVE('',#12525,#12215,#12607,.T.);
#12607 = SURFACE_CURVE('',#12608,(#12612,#12619),.PCURVE_S1.);
#12608 = LINE('',#12609,#12610);
#12609 = CARTESIAN_POINT('',(85.730606138728,12.7,-41.98985804958));
#12610 = VECTOR('',#12611,1.);
#12611 = DIRECTION('',(-0.866817109399,1.113273447743E-16,0.498626211558
    ));
#12612 = PCURVE('',#10874,#12613);
#12613 = DEFINITIONAL_REPRESENTATION('',(#12614),#12618);
#12614 = LINE('',#12615,#12616);
#12615 = CARTESIAN_POINT('',(-95.25,-6.35));
#12616 = VECTOR('',#12617,1.);
#12617 = DIRECTION('',(1.,0.));
#12618 = ( GEOMETRIC_REPRESENTATION_CONTEXT(2) 
PARAMETRIC_REPRESENTATION_CONTEXT() REPRESENTATION_CONTEXT('2D SPACE',''
  ) );
#12619 = PCURVE('',#11455,#12620);
#12620 = DEFINITIONAL_REPRESENTATION('',(#12621),#12625);
#12621 = LINE('',#12622,#12623);
#12622 = CARTESIAN_POINT('',(7.068583470577,0.));
#12623 = VECTOR('',#12624,1.);
#12624 = DIRECTION('',(0.,1.));
#12625 = ( GEOMETRIC_REPRESENTATION_CONTEXT(2) 
PARAMETRIC_REPRESENTATION_CONTEXT() REPRESENTATION_CONTEXT('2D SPACE',''
  ) );
#12626 = FACE_BOUND('',#12627,.F.);
#12627 = EDGE_LOOP('',(#12628));
#12628 = ORIENTED_EDGE('',*,*,#10859,.F.);
#12629 = ADVANCED_FACE('',(#12630,#12705),#11141,.T.);
#12630 = FACE_BOUND('',#12631,.T.);
#12631 = EDGE_LOOP('',(#12632,#12662,#12683,#12684));
#12632 = ORIENTED_EDGE('',*,*,#12633,.F.);
#12633 = EDGE_CURVE('',#12634,#12636,#12638,.T.);
#12634 = VERTEX_POINT('',#12635);
#12635 = CARTESIAN_POINT('',(-161.962382872,12.7,100.4925819032));
#12636 = VERTEX_POINT('',#12637);
#12637 = CARTESIAN_POINT('',(-161.962382872,4.36329174063E-14,
    100.4925819032));
#12638 = SURFACE_CURVE('',#12639,(#12644,#12655),.PCURVE_S1.);
#12639 = CIRCLE('',#12640,6.35);
#12640 = AXIS2_PLACEMENT_3D('',#12641,#12642,#12643);
#12641 = CARTESIAN_POINT('',(-161.962382872,6.35,100.4925819032));
#12642 = DIRECTION('',(0.866817109399,-2.775557561563E-17,
    -0.498626211558));
#12643 = DIRECTION('',(0.35258197547,-0.707106781187,0.612932256105));
#12644 = PCURVE('',#11141,#12645);
#12645 = DEFINITIONAL_REPRESENTATION('',(#12646),#12654);
#12646 = ( BOUNDED_CURVE() B_SPLINE_CURVE(2,(#12647,#12648,#12649,#12650
    ,#12651,#12652,#12653),.UNSPECIFIED.,.T.,.F.) 
B_SPLINE_CURVE_WITH_KNOTS((1,2,2,2,2,1),(-2.094395102393,0.,
    2.094395102393,4.188790204786,6.28318530718,8.377580409573),
.UNSPECIFIED.) CURVE() GEOMETRIC_REPRESENTATION_ITEM() 
RATIONAL_B_SPLINE_CURVE((1.,0.5,1.,0.5,1.,0.5,1.)) REPRESENTATION_ITEM(
  '') );
#12647 = CARTESIAN_POINT('',(1.859871939465,10.840128060535));
#12648 = CARTESIAN_POINT('',(9.637001872802,18.617257993871));
#12649 = CARTESIAN_POINT('',(12.483628996936,7.993500936401));
#12650 = CARTESIAN_POINT('',(15.330256121069,-2.630256121069));
#12651 = CARTESIAN_POINT('',(4.706499063599,0.216371003064));
#12652 = CARTESIAN_POINT('',(-5.917257993871,3.062998127198));
#12653 = CARTESIAN_POINT('',(1.859871939465,10.840128060535));
#12654 = ( GEOMETRIC_REPRESENTATION_CONTEXT(2) 
PARAMETRIC_REPRESENTATION_CONTEXT() REPRESENTATION_CONTEXT('2D SPACE',''
  ) );
#12655 = PCURVE('',#11455,#12656);
#12656 = DEFINITIONAL_REPRESENTATION('',(#12657),#12661);
#12657 = LINE('',#12658,#12659);
#12658 = CARTESIAN_POINT('',(10.995574287564,285.75));
#12659 = VECTOR('',#12660,1.);
#12660 = DIRECTION('',(-1.,0.));
#12661 = ( GEOMETRIC_REPRESENTATION_CONTEXT(2) 
PARAMETRIC_REPRESENTATION_CONTEXT() REPRESENTATION_CONTEXT('2D SPACE',''
  ) );
#12662 = ORIENTED_EDGE('',*,*,#12663,.T.);
#12663 = EDGE_CURVE('',#12634,#12333,#12664,.T.);
#12664 = SURFACE_CURVE('',#12665,(#12669,#12676),.PCURVE_S1.);
#12665 = LINE('',#12666,#12667);
#12666 = CARTESIAN_POINT('',(-158.7961064286,12.7,105.99687054788));
#12667 = VECTOR('',#12668,1.);
#12668 = DIRECTION('',(-0.498626211558,7.000738268404E-17,
    -0.866817109399));
#12669 = PCURVE('',#11141,#12670);
#12670 = DEFINITIONAL_REPRESENTATION('',(#12671),#12675);
#12671 = LINE('',#12672,#12673);
#12672 = CARTESIAN_POINT('',(0.,-0.));
#12673 = VECTOR('',#12674,1.);
#12674 = DIRECTION('',(1.,2.234078735489E-32));
#12675 = ( GEOMETRIC_REPRESENTATION_CONTEXT(2) 
PARAMETRIC_REPRESENTATION_CONTEXT() REPRESENTATION_CONTEXT('2D SPACE',''
  ) );
#12676 = PCURVE('',#11201,#12677);
#12677 = DEFINITIONAL_REPRESENTATION('',(#12678),#12682);
#12678 = LINE('',#12679,#12680);
#12679 = CARTESIAN_POINT('',(190.5,-12.7));
#12680 = VECTOR('',#12681,1.);
#12681 = DIRECTION('',(0.,1.));
#12682 = ( GEOMETRIC_REPRESENTATION_CONTEXT(2) 
PARAMETRIC_REPRESENTATION_CONTEXT() REPRESENTATION_CONTEXT('2D SPACE',''
  ) );
#12683 = ORIENTED_EDGE('',*,*,#12332,.F.);
#12684 = ORIENTED_EDGE('',*,*,#12685,.F.);
#12685 = EDGE_CURVE('',#12636,#12305,#12686,.T.);
#12686 = SURFACE_CURVE('',#12687,(#12691,#12698),.PCURVE_S1.);
#12687 = LINE('',#12688,#12689);
#12688 = CARTESIAN_POINT('',(-158.7961064286,4.318837052625E-14,
    105.99687054788));
#12689 = VECTOR('',#12690,1.);
#12690 = DIRECTION('',(-0.498626211558,7.000738268404E-17,
    -0.866817109399));
#12691 = PCURVE('',#11141,#12692);
#12692 = DEFINITIONAL_REPRESENTATION('',(#12693),#12697);
#12693 = LINE('',#12694,#12695);
#12694 = CARTESIAN_POINT('',(-8.890937600874E-16,12.7));
#12695 = VECTOR('',#12696,1.);
#12696 = DIRECTION('',(1.,2.234078735489E-32));
#12697 = ( GEOMETRIC_REPRESENTATION_CONTEXT(2) 
PARAMETRIC_REPRESENTATION_CONTEXT() REPRESENTATION_CONTEXT('2D SPACE',''
  ) );
#12698 = PCURVE('',#12320,#12699);
#12699 = DEFINITIONAL_REPRESENTATION('',(#12700),#12704);
#12700 = LINE('',#12701,#12702);
#12701 = CARTESIAN_POINT('',(12.7,190.5));
#12702 = VECTOR('',#12703,1.);
#12703 = DIRECTION('',(-1.,0.));
#12704 = ( GEOMETRIC_REPRESENTATION_CONTEXT(2) 
PARAMETRIC_REPRESENTATION_CONTEXT() REPRESENTATION_CONTEXT('2D SPACE',''
  ) );
#12705 = FACE_BOUND('',#12706,.T.);
#12706 = EDGE_LOOP('',(#12707));
#12707 = ORIENTED_EDGE('',*,*,#11126,.T.);
#12708 = ADVANCED_FACE('',(#12709,#12735),#11201,.F.);
#12709 = FACE_BOUND('',#12710,.F.);
#12710 = EDGE_LOOP('',(#12711,#12712,#12713,#12714));
#12711 = ORIENTED_EDGE('',*,*,#12663,.T.);
#12712 = ORIENTED_EDGE('',*,*,#12360,.T.);
#12713 = ORIENTED_EDGE('',*,*,#12041,.T.);
#12714 = ORIENTED_EDGE('',*,*,#12715,.T.);
#12715 = EDGE_CURVE('',#11986,#12634,#12716,.T.);
#12716 = SURFACE_CURVE('',#12717,(#12721,#12728),.PCURVE_S1.);
#12717 = LINE('',#12718,#12719);
#12718 = CARTESIAN_POINT('',(85.730606138728,12.7,-41.98985804958));
#12719 = VECTOR('',#12720,1.);
#12720 = DIRECTION('',(-0.866817109399,1.113273447743E-16,0.498626211558
    ));
#12721 = PCURVE('',#11201,#12722);
#12722 = DEFINITIONAL_REPRESENTATION('',(#12723),#12727);
#12723 = LINE('',#12724,#12725);
#12724 = CARTESIAN_POINT('',(-95.25,-6.35));
#12725 = VECTOR('',#12726,1.);
#12726 = DIRECTION('',(1.,0.));
#12727 = ( GEOMETRIC_REPRESENTATION_CONTEXT(2) 
PARAMETRIC_REPRESENTATION_CONTEXT() REPRESENTATION_CONTEXT('2D SPACE',''
  ) );
#12728 = PCURVE('',#11455,#12729);
#12729 = DEFINITIONAL_REPRESENTATION('',(#12730),#12734);
#12730 = LINE('',#12731,#12732);
#12731 = CARTESIAN_POINT('',(7.068583470577,0.));
#12732 = VECTOR('',#12733,1.);
#12733 = DIRECTION('',(0.,1.));
#12734 = ( GEOMETRIC_REPRESENTATION_CONTEXT(2) 
PARAMETRIC_REPRESENTATION_CONTEXT() REPRESENTATION_CONTEXT('2D SPACE',''
  ) );
#12735 = FACE_BOUND('',#12736,.F.);
#12736 = EDGE_LOOP('',(#12737));
#12737 = ORIENTED_EDGE('',*,*,#11186,.F.);
#12738 = ADVANCED_FACE('',(#12739),#11455,.T.);
#12739 = FACE_BOUND('',#12740,.T.);
#12740 = EDGE_LOOP('',(#12741,#12742,#12743,#12764,#12765,#12766,#12767,
    #12768,#12769,#12770,#12791,#12792,#12793));
#12741 = ORIENTED_EDGE('',*,*,#11435,.F.);
#12742 = ORIENTED_EDGE('',*,*,#11469,.F.);
#12743 = ORIENTED_EDGE('',*,*,#12744,.T.);
#12744 = EDGE_CURVE('',#11470,#12548,#12745,.T.);
#12745 = SURFACE_CURVE('',#12746,(#12750,#12757),.PCURVE_S1.);
#12746 = LINE('',#12747,#12748);
#12747 = CARTESIAN_POINT('',(85.730606138728,1.148855632987E-14,
    -41.98985804958));
#12748 = VECTOR('',#12749,1.);
#12749 = DIRECTION('',(0.866817109399,-1.113273447743E-16,
    -0.498626211558));
#12750 = PCURVE('',#11455,#12751);
#12751 = DEFINITIONAL_REPRESENTATION('',(#12752),#12756);
#12752 = LINE('',#12753,#12754);
#12753 = CARTESIAN_POINT('',(3.926990816987,0.));
#12754 = VECTOR('',#12755,1.);
#12755 = DIRECTION('',(0.,-1.));
#12756 = ( GEOMETRIC_REPRESENTATION_CONTEXT(2) 
PARAMETRIC_REPRESENTATION_CONTEXT() REPRESENTATION_CONTEXT('2D SPACE',''
  ) );
#12757 = PCURVE('',#12447,#12758);
#12758 = DEFINITIONAL_REPRESENTATION('',(#12759),#12763);
#12759 = LINE('',#12760,#12761);
#12760 = CARTESIAN_POINT('',(6.35,-95.25));
#12761 = VECTOR('',#12762,1.);
#12762 = DIRECTION('',(0.,-1.));
#12763 = ( GEOMETRIC_REPRESENTATION_CONTEXT(2) 
PARAMETRIC_REPRESENTATION_CONTEXT() REPRESENTATION_CONTEXT('2D SPACE',''
  ) );
#12764 = ORIENTED_EDGE('',*,*,#12547,.T.);
#12765 = ORIENTED_EDGE('',*,*,#12606,.T.);
#12766 = ORIENTED_EDGE('',*,*,#12214,.F.);
#12767 = ORIENTED_EDGE('',*,*,#11985,.F.);
#12768 = ORIENTED_EDGE('',*,*,#12715,.T.);
#12769 = ORIENTED_EDGE('',*,*,#12633,.T.);
#12770 = ORIENTED_EDGE('',*,*,#12771,.T.);
#12771 = EDGE_CURVE('',#12636,#11831,#12772,.T.);
#12772 = SURFACE_CURVE('',#12773,(#12777,#12784),.PCURVE_S1.);
#12773 = LINE('',#12774,#12775);
#12774 = CARTESIAN_POINT('',(85.730606138728,1.148855632987E-14,
    -41.98985804958));
#12775 = VECTOR('',#12776,1.);
#12776 = DIRECTION('',(0.866817109399,-1.113273447743E-16,
    -0.498626211558));
#12777 = PCURVE('',#11455,#12778);
#12778 = DEFINITIONAL_REPRESENTATION('',(#12779),#12783);
#12779 = LINE('',#12780,#12781);
#12780 = CARTESIAN_POINT('',(3.926990816987,0.));
#12781 = VECTOR('',#12782,1.);
#12782 = DIRECTION('',(0.,-1.));
#12783 = ( GEOMETRIC_REPRESENTATION_CONTEXT(2) 
PARAMETRIC_REPRESENTATION_CONTEXT() REPRESENTATION_CONTEXT('2D SPACE',''
  ) );
#12784 = PCURVE('',#12320,#12785);
#12785 = DEFINITIONAL_REPRESENTATION('',(#12786),#12790);
#12786 = LINE('',#12787,#12788);
#12787 = CARTESIAN_POINT('',(6.35,-95.25));
#12788 = VECTOR('',#12789,1.);
#12789 = DIRECTION('',(0.,-1.));
#12790 = ( GEOMETRIC_REPRESENTATION_CONTEXT(2) 
PARAMETRIC_REPRESENTATION_CONTEXT() REPRESENTATION_CONTEXT('2D SPACE',''
  ) );
#12791 = ORIENTED_EDGE('',*,*,#11876,.F.);
#12792 = ORIENTED_EDGE('',*,*,#11922,.T.);
#12793 = ORIENTED_EDGE('',*,*,#11636,.F.);
#12794 = ADVANCED_FACE('',(#12795),#12320,.T.);
#12795 = FACE_BOUND('',#12796,.T.);
#12796 = EDGE_LOOP('',(#12797,#12798,#12799,#12800));
#12797 = ORIENTED_EDGE('',*,*,#12497,.F.);
#12798 = ORIENTED_EDGE('',*,*,#12771,.F.);
#12799 = ORIENTED_EDGE('',*,*,#12685,.T.);
#12800 = ORIENTED_EDGE('',*,*,#12304,.F.);
#12801 = ADVANCED_FACE('',(#12802),#12447,.T.);
#12802 = FACE_BOUND('',#12803,.T.);
#12803 = EDGE_LOOP('',(#12804,#12805,#12806,#12807));
#12804 = ORIENTED_EDGE('',*,*,#12468,.F.);
#12805 = ORIENTED_EDGE('',*,*,#12433,.F.);
#12806 = ORIENTED_EDGE('',*,*,#12575,.T.);
#12807 = ORIENTED_EDGE('',*,*,#12744,.F.);
#12808 = ( GEOMETRIC_REPRESENTATION_CONTEXT(3) 
GLOBAL_UNCERTAINTY_ASSIGNED_CONTEXT((#12812)) 
GLOBAL_UNIT_ASSIGNED_CONTEXT((#12809,#12810,#12811)) 
REPRESENTATION_CONTEXT('Context #1',
  '3D Context with UNIT and UNCERTAINTY') );
#12809 = ( LENGTH_UNIT() NAMED_UNIT(*) SI_UNIT(.MILLI.,.METRE.) );
#12810 = ( NAMED_UNIT(*) PLANE_ANGLE_UNIT() SI_UNIT($,.RADIAN.) );
#12811 = ( NAMED_UNIT(*) SI_UNIT($,.STERADIAN.) SOLID_ANGLE_UNIT() );
#12812 = UNCERTAINTY_MEASURE_WITH_UNIT(LENGTH_MEASURE(2.E-04),#12809,
  'distance_accuracy_value','confusion accuracy');
#12813 = CONTEXT_DEPENDENT_SHAPE_REPRESENTATION(#12814,#12816);
#12814 = ( REPRESENTATION_RELATIONSHIP('','',#9069,#10) 
REPRESENTATION_RELATIONSHIP_WITH_TRANSFORMATION(#12815) 
SHAPE_REPRESENTATION_RELATIONSHIP() );
#12815 = ITEM_DEFINED_TRANSFORMATION('','',#11,#27);
#12816 = PRODUCT_DEFINITION_SHAPE('Placement','Placement of an item',
  #12817);
#12817 = NEXT_ASSEMBLY_USAGE_OCCURRENCE('4','','',#5,#9064,$);
#12818 = PRODUCT_RELATED_PRODUCT_CATEGORY('part',$,(#9066));
ENDSEC;
END-ISO-10303-21;
