ISO-10303-21;
HEADER;
FILE_DESCRIPTION(('Open CASCADE Model'),'2;1');
FILE_NAME('Open CASCADE Shape Model','2026-08-19T02:34:25',('Author'),(
    'Open CASCADE'),'Open CASCADE STEP processor 7.9','Open CASCADE 7.9'
  ,'Unknown');
FILE_SCHEMA(('AUTOMOTIVE_DESIGN { 1 0 10303 214 1 1 1 1 }'));
ENDSEC;
DATA;
#1 = APPLICATION_PROTOCOL_DEFINITION('international standard',
  'automotive_design',2000,#2);
#2 = APPLICATION_CONTEXT(
  'core data for automotive mechanical design processes');
#3 = SHAPE_DEFINITION_REPRESENTATION(#4,#10);
#4 = PRODUCT_DEFINITION_SHAPE('','',#5);
#5 = PRODUCT_DEFINITION('design','',#6,#9);
#6 = PRODUCT_DEFINITION_FORMATION('','',#7);
#7 = PRODUCT('Open CASCADE STEP translator 7.9 1',
  'Open CASCADE STEP translator 7.9 1','',(#8));
#8 = PRODUCT_CONTEXT('',#2,'mechanical');
#9 = PRODUCT_DEFINITION_CONTEXT('part definition',#2,'design');
#10 = ADVANCED_BREP_SHAPE_REPRESENTATION('',(#11,#15),#2686);
#11 = AXIS2_PLACEMENT_3D('',#12,#13,#14);
#12 = CARTESIAN_POINT('',(0.,0.,0.));
#13 = DIRECTION('',(0.,0.,1.));
#14 = DIRECTION('',(1.,0.,-0.));
#15 = MANIFOLD_SOLID_BREP('',#16);
#16 = CLOSED_SHELL('',(#17,#135,#833,#941,#1040,#1116,#1222,#1349,#1398,
    #1425,#1664,#1761,#1839,#1886,#1933,#1967,#2045,#2092,#2139,#2173,
    #2251,#2298,#2354,#2379,#2406,#2555,#2582,#2590,#2652,#2659));
#17 = ADVANCED_FACE('',(#18),#32,.F.);
#18 = FACE_BOUND('',#19,.F.);
#19 = EDGE_LOOP('',(#20,#50,#103,#104));
#20 = ORIENTED_EDGE('',*,*,#21,.T.);
#21 = EDGE_CURVE('',#22,#24,#26,.T.);
#22 = VERTEX_POINT('',#23);
#23 = CARTESIAN_POINT('',(-65.25,3.5,7.5));
#24 = VERTEX_POINT('',#25);
#25 = CARTESIAN_POINT('',(-65.25,7.820894822758,7.5));
#26 = SEAM_CURVE('',#27,(#31,#43),.PCURVE_S1.);
#27 = LINE('',#28,#29);
#28 = CARTESIAN_POINT('',(-65.25,5.765209719854,7.5));
#29 = VECTOR('',#30,1.);
#30 = DIRECTION('',(0.,1.,0.));
#31 = PCURVE('',#32,#37);
#32 = CYLINDRICAL_SURFACE('',#33,3.);
#33 = AXIS2_PLACEMENT_3D('',#34,#35,#36);
#34 = CARTESIAN_POINT('',(-68.25,5.765209719854,7.5));
#35 = DIRECTION('',(0.,1.,0.));
#36 = DIRECTION('',(-1.,0.,2.22044604925E-15));
#37 = DEFINITIONAL_REPRESENTATION('',(#38),#42);
#38 = LINE('',#39,#40);
#39 = CARTESIAN_POINT('',(9.424777960769,0.));
#40 = VECTOR('',#41,1.);
#41 = DIRECTION('',(0.,1.));
#42 = ( GEOMETRIC_REPRESENTATION_CONTEXT(2) 
PARAMETRIC_REPRESENTATION_CONTEXT() REPRESENTATION_CONTEXT('2D SPACE',''
  ) );
#43 = PCURVE('',#32,#44);
#44 = DEFINITIONAL_REPRESENTATION('',(#45),#49);
#45 = LINE('',#46,#47);
#46 = CARTESIAN_POINT('',(3.14159265359,0.));
#47 = VECTOR('',#48,1.);
#48 = DIRECTION('',(0.,1.));
#49 = ( GEOMETRIC_REPRESENTATION_CONTEXT(2) 
PARAMETRIC_REPRESENTATION_CONTEXT() REPRESENTATION_CONTEXT('2D SPACE',''
  ) );
#50 = ORIENTED_EDGE('',*,*,#51,.T.);
#51 = EDGE_CURVE('',#24,#24,#52,.T.);
#52 = SURFACE_CURVE('',#53,(#58,#87),.PCURVE_S1.);
#53 = ELLIPSE('',#54,3.001828632896,3.);
#54 = AXIS2_PLACEMENT_3D('',#55,#56,#57);
#55 = CARTESIAN_POINT('',(-68.25,7.925657131233,7.5));
#56 = DIRECTION('',(-3.48994967025E-02,-0.999390827019,
    -1.522322904912E-16));
#57 = DIRECTION('',(0.999390827019,-3.48994967025E-02,1.325089148638E-12
    ));
#58 = PCURVE('',#32,#59);
#59 = DEFINITIONAL_REPRESENTATION('',(#60),#86);
#60 = B_SPLINE_CURVE_WITH_KNOTS('',3,(#61,#62,#63,#64,#65,#66,#67,#68,
    #69,#70,#71,#72,#73,#74,#75,#76,#77,#78,#79,#80,#81,#82,#83,#84,#85)
  ,.UNSPECIFIED.,.F.,.F.,(4,1,1,1,1,1,1,1,1,1,1,1,1,1,1,1,1,1,1,1,1,1,4)
  ,(-1.326050380612E-12,0.285599332143,0.571198664288,0.856797996432,
    1.142397328577,1.427996660721,1.713595992866,1.99919532501,
    2.284794657155,2.570393989299,2.855993321444,3.141592653588,
    3.427191985733,3.712791317878,3.998390650022,4.283989982167,
    4.569589314311,4.855188646456,5.1407879786,5.426387310745,
    5.711986642889,5.997585975034,6.283185307178),.UNSPECIFIED.);
#61 = CARTESIAN_POINT('',(9.424777960769,2.055685102904));
#62 = CARTESIAN_POINT('',(9.329578183388,2.0556308989));
#63 = CARTESIAN_POINT('',(9.139178628625,2.058578054081));
#64 = CARTESIAN_POINT('',(8.85357929648,2.07110273735));
#65 = CARTESIAN_POINT('',(8.567979964336,2.090905492119));
#66 = CARTESIAN_POINT('',(8.282380632191,2.116331429139));
#67 = CARTESIAN_POINT('',(7.996781300047,2.145334245174));
#68 = CARTESIAN_POINT('',(7.711181967902,2.175560672512));
#69 = CARTESIAN_POINT('',(7.425582635758,2.204562918978));
#70 = CARTESIAN_POINT('',(7.139983303613,2.229991134274));
#71 = CARTESIAN_POINT('',(6.854383971469,2.249785345506));
#72 = CARTESIAN_POINT('',(6.568784639324,2.26234192465));
#73 = CARTESIAN_POINT('',(6.28318530718,2.266643617456));
#74 = CARTESIAN_POINT('',(5.997585975035,2.26234192465));
#75 = CARTESIAN_POINT('',(5.711986642891,2.249785345506));
#76 = CARTESIAN_POINT('',(5.426387310746,2.229991134274));
#77 = CARTESIAN_POINT('',(5.140787978601,2.204562918978));
#78 = CARTESIAN_POINT('',(4.855188646457,2.175560672512));
#79 = CARTESIAN_POINT('',(4.569589314312,2.145334245174));
#80 = CARTESIAN_POINT('',(4.283989982168,2.116331429139));
#81 = CARTESIAN_POINT('',(3.998390650023,2.090905492119));
#82 = CARTESIAN_POINT('',(3.712791317879,2.07110273735));
#83 = CARTESIAN_POINT('',(3.427191985734,2.058578054081));
#84 = CARTESIAN_POINT('',(3.236792430971,2.0556308989));
#85 = CARTESIAN_POINT('',(3.14159265359,2.055685102904));
#86 = ( GEOMETRIC_REPRESENTATION_CONTEXT(2) 
PARAMETRIC_REPRESENTATION_CONTEXT() REPRESENTATION_CONTEXT('2D SPACE',''
  ) );
#87 = PCURVE('',#88,#93);
#88 = PLANE('',#89);
#89 = AXIS2_PLACEMENT_3D('',#90,#91,#92);
#90 = CARTESIAN_POINT('',(-2.086462859924,5.615175502006,-0.179652108012
    ));
#91 = DIRECTION('',(3.48994967025E-02,0.999390827019,0.));
#92 = DIRECTION('',(0.,-0.,1.));
#93 = DEFINITIONAL_REPRESENTATION('',(#94),#102);
#94 = ( BOUNDED_CURVE() B_SPLINE_CURVE(2,(#95,#96,#97,#98,#99,#100,#101)
,.UNSPECIFIED.,.T.,.F.) B_SPLINE_CURVE_WITH_KNOTS((1,2,2,2,2,1),(
    -2.094395102393,0.,2.094395102393,4.188790204786,6.28318530718,
8.377580409573),.UNSPECIFIED.) CURVE() GEOMETRIC_REPRESENTATION_ITEM() 
RATIONAL_B_SPLINE_CURVE((1.,0.5,1.,0.5,1.,0.5,1.)) REPRESENTATION_ITEM(
  '') );
#95 = CARTESIAN_POINT('',(7.679652108016,-63.20203811403));
#96 = CARTESIAN_POINT('',(12.875804530723,-63.20203811404));
#97 = CARTESIAN_POINT('',(10.277728319364,-67.70478106338));
#98 = CARTESIAN_POINT('',(7.679652108004,-72.20752401272));
#99 = CARTESIAN_POINT('',(5.081575896657,-67.70478106337));
#100 = CARTESIAN_POINT('',(2.48349968531,-63.20203811402));
#101 = CARTESIAN_POINT('',(7.679652108016,-63.20203811403));
#102 = ( GEOMETRIC_REPRESENTATION_CONTEXT(2) 
PARAMETRIC_REPRESENTATION_CONTEXT() REPRESENTATION_CONTEXT('2D SPACE',''
  ) );
#103 = ORIENTED_EDGE('',*,*,#21,.F.);
#104 = ORIENTED_EDGE('',*,*,#105,.T.);
#105 = EDGE_CURVE('',#22,#22,#106,.T.);
#106 = SURFACE_CURVE('',#107,(#112,#119),.PCURVE_S1.);
#107 = CIRCLE('',#108,3.);
#108 = AXIS2_PLACEMENT_3D('',#109,#110,#111);
#109 = CARTESIAN_POINT('',(-68.25,3.5,7.5));
#110 = DIRECTION('',(0.,1.,0.));
#111 = DIRECTION('',(-0.813826036051,0.,-0.581108581115));
#112 = PCURVE('',#32,#113);
#113 = DEFINITIONAL_REPRESENTATION('',(#114),#118);
#114 = LINE('',#115,#116);
#115 = CARTESIAN_POINT('',(-0.620090213645,-2.265209719854));
#116 = VECTOR('',#117,1.);
#117 = DIRECTION('',(1.,0.));
#118 = ( GEOMETRIC_REPRESENTATION_CONTEXT(2) 
PARAMETRIC_REPRESENTATION_CONTEXT() REPRESENTATION_CONTEXT('2D SPACE',''
  ) );
#119 = PCURVE('',#120,#125);
#120 = PLANE('',#121);
#121 = AXIS2_PLACEMENT_3D('',#122,#123,#124);
#122 = CARTESIAN_POINT('',(-68.86264545731,3.5,15.151043820814));
#123 = DIRECTION('',(0.,-1.,0.));
#124 = DIRECTION('',(0.,0.,-1.));
#125 = DEFINITIONAL_REPRESENTATION('',(#126),#134);
#126 = ( BOUNDED_CURVE() B_SPLINE_CURVE(2,(#127,#128,#129,#130,#131,#132
,#133),.UNSPECIFIED.,.T.,.F.) B_SPLINE_CURVE_WITH_KNOTS((1,2,2,2,2,1),(
    -2.094395102393,0.,2.094395102393,4.188790204786,6.28318530718,
8.377580409573),.UNSPECIFIED.) CURVE() GEOMETRIC_REPRESENTATION_ITEM() 
RATIONAL_B_SPLINE_CURVE((1.,0.5,1.,0.5,1.,0.5,1.)) REPRESENTATION_ITEM(
  '') );
#127 = CARTESIAN_POINT('',(9.394369564159,-1.828832650837));
#128 = CARTESIAN_POINT('',(5.16560543527,-4.848361412453));
#129 = CARTESIAN_POINT('',(4.664998884697,0.323620130585));
#130 = CARTESIAN_POINT('',(4.164392334125,5.495601673623));
#131 = CARTESIAN_POINT('',(8.893763013586,3.343148892201));
#132 = CARTESIAN_POINT('',(13.623133693047,1.190696110779));
#133 = CARTESIAN_POINT('',(9.394369564159,-1.828832650837));
#134 = ( GEOMETRIC_REPRESENTATION_CONTEXT(2) 
PARAMETRIC_REPRESENTATION_CONTEXT() REPRESENTATION_CONTEXT('2D SPACE',''
  ) );
#135 = ADVANCED_FACE('',(#136,#458,#461,#585,#709),#88,.T.);
#136 = FACE_BOUND('',#137,.T.);
#137 = EDGE_LOOP('',(#138,#191,#219,#247,#298,#326,#377,#405));
#138 = ORIENTED_EDGE('',*,*,#139,.T.);
#139 = EDGE_CURVE('',#140,#142,#144,.T.);
#140 = VERTEX_POINT('',#141);
#141 = CARTESIAN_POINT('',(69.437419249433,3.11750650171,12.333333333333
    ));
#142 = VERTEX_POINT('',#143);
#143 = CARTESIAN_POINT('',(69.437419249433,3.11750650171,15.));
#144 = SURFACE_CURVE('',#145,(#150,#157),.PCURVE_S1.);
#145 = ELLIPSE('',#146,3.001828632897,3.);
#146 = AXIS2_PLACEMENT_3D('',#147,#148,#149);
#147 = CARTESIAN_POINT('',(72.124838498866,3.023659753573,
    13.666666666667));
#148 = DIRECTION('',(3.48994967025E-02,0.999390827019,0.));
#149 = DIRECTION('',(-0.999390827019,3.48994967025E-02,
    3.078992111247E-14));
#150 = PCURVE('',#88,#151);
#151 = DEFINITIONAL_REPRESENTATION('',(#152),#156);
#152 = ELLIPSE('',#153,3.001828632897,3.);
#153 = AXIS2_PLACEMENT_2D('',#154,#155);
#154 = CARTESIAN_POINT('',(13.846318774679,74.256536434442));
#155 = DIRECTION('',(3.078992111247E-14,-1.));
#156 = ( GEOMETRIC_REPRESENTATION_CONTEXT(2) 
PARAMETRIC_REPRESENTATION_CONTEXT() REPRESENTATION_CONTEXT('2D SPACE',''
  ) );
#157 = PCURVE('',#158,#163);
#158 = CYLINDRICAL_SURFACE('',#159,3.);
#159 = AXIS2_PLACEMENT_3D('',#160,#161,#162);
#160 = CARTESIAN_POINT('',(72.124838498866,0.,13.666666666667));
#161 = DIRECTION('',(0.,1.,0.));
#162 = DIRECTION('',(-0.895806416478,0.,-0.444444444444));
#163 = DEFINITIONAL_REPRESENTATION('',(#164),#190);
#164 = B_SPLINE_CURVE_WITH_KNOTS('',3,(#165,#166,#167,#168,#169,#170,
    #171,#172,#173,#174,#175,#176,#177,#178,#179,#180,#181,#182,#183,
    #184,#185,#186,#187,#188,#189),.UNSPECIFIED.,.F.,.F.,(4,1,1,1,1,1,1,
    1,1,1,1,1,1,1,1,1,1,1,1,1,1,1,4),(5.822631315498,5.864499860197,
    5.906368404895,5.948236949593,5.990105494291,6.03197403899,
    6.073842583688,6.115711128386,6.157579673085,6.199448217783,
    6.241316762481,6.28318530718,6.325053851878,6.366922396576,
    6.408790941274,6.450659485973,6.492528030671,6.534396575369,
    6.576265120068,6.618133664766,6.660002209464,6.701870754163,
    6.743739298861),.QUASI_UNIFORM_KNOTS.);
#165 = CARTESIAN_POINT('',(0.,3.11750650171));
#166 = CARTESIAN_POINT('',(1.39561815661E-02,3.118156340438));
#167 = CARTESIAN_POINT('',(4.18685446983E-02,3.119401087641));
#168 = CARTESIAN_POINT('',(8.37370893966E-02,3.121100469293));
#169 = CARTESIAN_POINT('',(0.125605634095,3.122629046399));
#170 = CARTESIAN_POINT('',(0.167474178793,3.123984163066));
#171 = CARTESIAN_POINT('',(0.209342723491,3.125163437919));
#172 = CARTESIAN_POINT('',(0.25121126819,3.126164805691));
#173 = CARTESIAN_POINT('',(0.293079812888,3.12698651082));
#174 = CARTESIAN_POINT('',(0.334948357586,3.127627113205));
#175 = CARTESIAN_POINT('',(0.376816902285,3.128085490021));
#176 = CARTESIAN_POINT('',(0.418685446983,3.128360837868));
#177 = CARTESIAN_POINT('',(0.460553991681,3.128452674138));
#178 = CARTESIAN_POINT('',(0.50242253638,3.128360837868));
#179 = CARTESIAN_POINT('',(0.544291081078,3.128085490021));
#180 = CARTESIAN_POINT('',(0.586159625776,3.127627113205));
#181 = CARTESIAN_POINT('',(0.628028170474,3.12698651082));
#182 = CARTESIAN_POINT('',(0.669896715173,3.126164805691));
#183 = CARTESIAN_POINT('',(0.711765259871,3.125163437919));
#184 = CARTESIAN_POINT('',(0.753633804569,3.123984163066));
#185 = CARTESIAN_POINT('',(0.795502349268,3.122629046399));
#186 = CARTESIAN_POINT('',(0.837370893966,3.121100469293));
#187 = CARTESIAN_POINT('',(0.879239438664,3.119401087641));
#188 = CARTESIAN_POINT('',(0.907151801796,3.118156340438));
#189 = CARTESIAN_POINT('',(0.921107983363,3.11750650171));
#190 = ( GEOMETRIC_REPRESENTATION_CONTEXT(2) 
PARAMETRIC_REPRESENTATION_CONTEXT() REPRESENTATION_CONTEXT('2D SPACE',''
  ) );
#191 = ORIENTED_EDGE('',*,*,#192,.F.);
#192 = EDGE_CURVE('',#193,#142,#195,.T.);
#193 = VERTEX_POINT('',#194);
#194 = CARTESIAN_POINT('',(72.802365194785,3.,15.));
#195 = SURFACE_CURVE('',#196,(#200,#207),.PCURVE_S1.);
#196 = LINE('',#197,#198);
#197 = CARTESIAN_POINT('',(72.802365194785,3.,15.));
#198 = VECTOR('',#199,1.);
#199 = DIRECTION('',(-0.999390827019,3.48994967025E-02,0.));
#200 = PCURVE('',#88,#201);
#201 = DEFINITIONAL_REPRESENTATION('',(#202),#206);
#202 = LINE('',#203,#204);
#203 = CARTESIAN_POINT('',(15.179652108012,74.934476112895));
#204 = VECTOR('',#205,1.);
#205 = DIRECTION('',(0.,-1.));
#206 = ( GEOMETRIC_REPRESENTATION_CONTEXT(2) 
PARAMETRIC_REPRESENTATION_CONTEXT() REPRESENTATION_CONTEXT('2D SPACE',''
  ) );
#207 = PCURVE('',#208,#213);
#208 = PLANE('',#209);
#209 = AXIS2_PLACEMENT_3D('',#210,#211,#212);
#210 = CARTESIAN_POINT('',(72.593709624716,-3.11750650171,15.));
#211 = DIRECTION('',(0.,0.,1.));
#212 = DIRECTION('',(1.,0.,-0.));
#213 = DEFINITIONAL_REPRESENTATION('',(#214),#218);
#214 = LINE('',#215,#216);
#215 = CARTESIAN_POINT('',(0.208655570068,6.11750650171));
#216 = VECTOR('',#217,1.);
#217 = DIRECTION('',(-0.999390827019,3.48994967025E-02));
#218 = ( GEOMETRIC_REPRESENTATION_CONTEXT(2) 
PARAMETRIC_REPRESENTATION_CONTEXT() REPRESENTATION_CONTEXT('2D SPACE',''
  ) );
#219 = ORIENTED_EDGE('',*,*,#220,.F.);
#220 = EDGE_CURVE('',#221,#193,#223,.T.);
#221 = VERTEX_POINT('',#222);
#222 = CARTESIAN_POINT('',(72.802365194785,3.,4.339003411729));
#223 = SURFACE_CURVE('',#224,(#228,#235),.PCURVE_S1.);
#224 = LINE('',#225,#226);
#225 = CARTESIAN_POINT('',(72.802365194785,3.,4.339003411729));
#226 = VECTOR('',#227,1.);
#227 = DIRECTION('',(0.,0.,1.));
#228 = PCURVE('',#88,#229);
#229 = DEFINITIONAL_REPRESENTATION('',(#230),#234);
#230 = LINE('',#231,#232);
#231 = CARTESIAN_POINT('',(4.518655519741,74.934476112895));
#232 = VECTOR('',#233,1.);
#233 = DIRECTION('',(1.,0.));
#234 = ( GEOMETRIC_REPRESENTATION_CONTEXT(2) 
PARAMETRIC_REPRESENTATION_CONTEXT() REPRESENTATION_CONTEXT('2D SPACE',''
  ) );
#235 = PCURVE('',#236,#241);
#236 = PLANE('',#237);
#237 = AXIS2_PLACEMENT_3D('',#238,#239,#240);
#238 = CARTESIAN_POINT('',(72.776182597392,3.,4.291796067501));
#239 = DIRECTION('',(0.,-1.,0.));
#240 = DIRECTION('',(0.,0.,-1.));
#241 = DEFINITIONAL_REPRESENTATION('',(#242),#246);
#242 = LINE('',#243,#244);
#243 = CARTESIAN_POINT('',(-4.720734422812E-02,2.618259739231E-02));
#244 = VECTOR('',#245,1.);
#245 = DIRECTION('',(-1.,0.));
#246 = ( GEOMETRIC_REPRESENTATION_CONTEXT(2) 
PARAMETRIC_REPRESENTATION_CONTEXT() REPRESENTATION_CONTEXT('2D SPACE',''
  ) );
#247 = ORIENTED_EDGE('',*,*,#248,.T.);
#248 = EDGE_CURVE('',#221,#249,#251,.T.);
#249 = VERTEX_POINT('',#250);
#250 = CARTESIAN_POINT('',(59.75,3.455798636289,5.343145750508));
#251 = SURFACE_CURVE('',#252,(#257,#264),.PCURVE_S1.);
#252 = ELLIPSE('',#253,9.005485898689,9.);
#253 = AXIS2_PLACEMENT_3D('',#254,#255,#256);
#254 = CARTESIAN_POINT('',(66.75,3.211353249847,10.999999999999));
#255 = DIRECTION('',(3.48994967025E-02,0.999390827019,
    -1.794402244273E-15));
#256 = DIRECTION('',(0.999390827019,-3.48994967025E-02,
    7.224632264566E-12));
#257 = PCURVE('',#88,#258);
#258 = DEFINITIONAL_REPRESENTATION('',(#259),#263);
#259 = ELLIPSE('',#260,9.005485898689,9.);
#260 = AXIS2_PLACEMENT_2D('',#261,#262);
#261 = CARTESIAN_POINT('',(11.179652108012,68.878421733412));
#262 = DIRECTION('',(7.224632264566E-12,1.));
#263 = ( GEOMETRIC_REPRESENTATION_CONTEXT(2) 
PARAMETRIC_REPRESENTATION_CONTEXT() REPRESENTATION_CONTEXT('2D SPACE',''
  ) );
#264 = PCURVE('',#265,#270);
#265 = CYLINDRICAL_SURFACE('',#266,9.);
#266 = AXIS2_PLACEMENT_3D('',#267,#268,#269);
#267 = CARTESIAN_POINT('',(66.75,0.,11.));
#268 = DIRECTION('',(0.,1.,0.));
#269 = DIRECTION('',(1.,0.,-1.233581138472E-15));
#270 = DEFINITIONAL_REPRESENTATION('',(#271),#297);
#271 = B_SPLINE_CURVE_WITH_KNOTS('',3,(#272,#273,#274,#275,#276,#277,
    #278,#279,#280,#281,#282,#283,#284,#285,#286,#287,#288,#289,#290,
    #291,#292,#293,#294,#295,#296),.UNSPECIFIED.,.F.,.F.,(4,1,1,1,1,1,1,
    1,1,1,1,1,1,1,1,1,1,1,1,1,1,1,4),(0.833235004394,0.907266087589,
    0.981297170784,1.055328253979,1.129359337175,1.20339042037,
    1.277421503565,1.35145258676,1.425483669956,1.499514753151,
    1.573545836346,1.647576919541,1.721608002737,1.795639085932,
    1.869670169127,1.943701252322,2.017732335517,2.091763418713,
    2.165794501908,2.239825585103,2.313856668298,2.387887751494,
    2.461918834689),.QUASI_UNIFORM_KNOTS.);
#272 = CARTESIAN_POINT('',(0.833235004387,3.));
#273 = CARTESIAN_POINT('',(0.857912032118,3.005739577512));
#274 = CARTESIAN_POINT('',(0.907266087582,3.017606665331));
#275 = CARTESIAN_POINT('',(0.981297170777,3.036467341153));
#276 = CARTESIAN_POINT('',(1.055328253972,3.056286412611));
#277 = CARTESIAN_POINT('',(1.129359337167,3.076954860814));
#278 = CARTESIAN_POINT('',(1.203390420363,3.098359582023));
#279 = CARTESIAN_POINT('',(1.277421503558,3.120383286893));
#280 = CARTESIAN_POINT('',(1.351452586753,3.142905336016));
#281 = CARTESIAN_POINT('',(1.425483669948,3.165802349076));
#282 = CARTESIAN_POINT('',(1.499514753144,3.188948894595));
#283 = CARTESIAN_POINT('',(1.573545836339,3.212218173347));
#284 = CARTESIAN_POINT('',(1.647576919534,3.235482713972));
#285 = CARTESIAN_POINT('',(1.721608002729,3.258615071012));
#286 = CARTESIAN_POINT('',(1.795639085924,3.281488523122));
#287 = CARTESIAN_POINT('',(1.86967016912,3.303977767328));
#288 = CARTESIAN_POINT('',(1.943701252315,3.325959605134));
#289 = CARTESIAN_POINT('',(2.01773233551,3.347313618601));
#290 = CARTESIAN_POINT('',(2.091763418705,3.367922825585));
#291 = CARTESIAN_POINT('',(2.165794501901,3.387674337082));
#292 = CARTESIAN_POINT('',(2.239825585096,3.40645991406));
#293 = CARTESIAN_POINT('',(2.313856668291,3.424176790222));
#294 = CARTESIAN_POINT('',(2.387887751486,3.440727377286));
#295 = CARTESIAN_POINT('',(2.43724180695,3.450924459434));
#296 = CARTESIAN_POINT('',(2.461918834682,3.455798636289));
#297 = ( GEOMETRIC_REPRESENTATION_CONTEXT(2) 
PARAMETRIC_REPRESENTATION_CONTEXT() REPRESENTATION_CONTEXT('2D SPACE',''
  ) );
#298 = ORIENTED_EDGE('',*,*,#299,.T.);
#299 = EDGE_CURVE('',#249,#300,#302,.T.);
#300 = VERTEX_POINT('',#301);
#301 = CARTESIAN_POINT('',(-67.93681482073,7.914720463779,
    6.541850154373E-03));
#302 = SURFACE_CURVE('',#303,(#307,#314),.PCURVE_S1.);
#303 = LINE('',#304,#305);
#304 = CARTESIAN_POINT('',(59.75,3.455798636289,5.343145750508));
#305 = VECTOR('',#306,1.);
#306 = DIRECTION('',(-0.998520172021,3.486909276002E-02,
    -4.173263035867E-02));
#307 = PCURVE('',#88,#308);
#308 = DEFINITIONAL_REPRESENTATION('',(#309),#313);
#309 = LINE('',#310,#311);
#310 = CARTESIAN_POINT('',(5.52279785852,61.87415492332));
#311 = VECTOR('',#312,1.);
#312 = DIRECTION('',(-4.173263035867E-02,-0.999128814299));
#313 = ( GEOMETRIC_REPRESENTATION_CONTEXT(2) 
PARAMETRIC_REPRESENTATION_CONTEXT() REPRESENTATION_CONTEXT('2D SPACE',''
  ) );
#314 = PCURVE('',#315,#320);
#315 = PLANE('',#316);
#316 = AXIS2_PLACEMENT_3D('',#317,#318,#319);
#317 = CARTESIAN_POINT('',(-4.093407410367,-7.914720463779,
    2.674843800331));
#318 = DIRECTION('',(4.17580239022E-02,0.,-0.999127753313));
#319 = DIRECTION('',(-0.999127753313,0.,-4.17580239022E-02));
#320 = DEFINITIONAL_REPRESENTATION('',(#321),#325);
#321 = LINE('',#322,#323);
#322 = CARTESIAN_POINT('',(-63.89914322636,11.370519100069));
#323 = VECTOR('',#324,1.);
#324 = DIRECTION('',(0.999391888285,3.486909276002E-02));
#325 = ( GEOMETRIC_REPRESENTATION_CONTEXT(2) 
PARAMETRIC_REPRESENTATION_CONTEXT() REPRESENTATION_CONTEXT('2D SPACE',''
  ) );
#326 = ORIENTED_EDGE('',*,*,#327,.T.);
#327 = EDGE_CURVE('',#300,#328,#330,.T.);
#328 = VERTEX_POINT('',#329);
#329 = CARTESIAN_POINT('',(-67.98825377473,7.916516751635,
    14.995431202643));
#330 = SURFACE_CURVE('',#331,(#336,#343),.PCURVE_S1.);
#331 = ELLIPSE('',#332,7.504571582241,7.5);
#332 = AXIS2_PLACEMENT_3D('',#333,#334,#335);
#333 = CARTESIAN_POINT('',(-68.25,7.925657131233,7.5));
#334 = DIRECTION('',(3.48994967025E-02,0.999390827019,1.830027872367E-16
    ));
#335 = DIRECTION('',(0.999390827019,-3.48994967025E-02,
    -4.151595555586E-12));
#336 = PCURVE('',#88,#337);
#337 = DEFINITIONAL_REPRESENTATION('',(#338),#342);
#338 = ELLIPSE('',#339,7.504571582241,7.5);
#339 = AXIS2_PLACEMENT_2D('',#340,#341);
#340 = CARTESIAN_POINT('',(7.679652108012,-66.20386674692));
#341 = DIRECTION('',(-4.151595555586E-12,1.));
#342 = ( GEOMETRIC_REPRESENTATION_CONTEXT(2) 
PARAMETRIC_REPRESENTATION_CONTEXT() REPRESENTATION_CONTEXT('2D SPACE',''
  ) );
#343 = PCURVE('',#344,#349);
#344 = CYLINDRICAL_SURFACE('',#345,7.5);
#345 = AXIS2_PLACEMENT_3D('',#346,#347,#348);
#346 = CARTESIAN_POINT('',(-68.25,5.864134700522,7.5));
#347 = DIRECTION('',(0.,1.,0.));
#348 = DIRECTION('',(-0.999994111407,0.,-3.431785363484E-03));
#349 = DEFINITIONAL_REPRESENTATION('',(#350),#376);
#350 = B_SPLINE_CURVE_WITH_KNOTS('',3,(#351,#352,#353,#354,#355,#356,
    #357,#358,#359,#360,#361,#362,#363,#364,#365,#366,#367,#368,#369,
    #370,#371,#372,#373,#374,#375),.UNSPECIFIED.,.F.,.F.,(4,1,1,1,1,1,1,
    1,1,1,1,1,1,1,1,1,1,1,1,1,1,1,4),(1.529026157552,1.675311130637,
    1.821596103721,1.967881076806,2.114166049891,2.260451022976,
    2.406735996061,2.553020969146,2.699305942231,2.845590915316,
    2.991875888401,3.138160861486,3.284445834571,3.430730807656,
    3.577015780741,3.723300753826,3.869585726911,4.015870699996,
    4.162155673081,4.308440646166,4.454725619251,4.601010592335,
    4.74729556542),.QUASI_UNIFORM_KNOTS.);
#351 = CARTESIAN_POINT('',(4.674050603245,2.050585763258));
#352 = CARTESIAN_POINT('',(4.72281226094,2.063346913026));
#353 = CARTESIAN_POINT('',(4.82033557633,2.088942645378));
#354 = CARTESIAN_POINT('',(4.966620549415,2.126754295947));
#355 = CARTESIAN_POINT('',(5.1129055225,2.163171505474));
#356 = CARTESIAN_POINT('',(5.259190495585,2.197417644242));
#357 = CARTESIAN_POINT('',(5.40547546867,2.228760830933));
#358 = CARTESIAN_POINT('',(5.551760441755,2.256531630924));
#359 = CARTESIAN_POINT('',(5.69804541484,2.280136803016));
#360 = CARTESIAN_POINT('',(5.844330387925,2.299072119977));
#361 = CARTESIAN_POINT('',(5.99061536101,2.312933099703));
#362 = CARTESIAN_POINT('',(6.136900334095,2.321423656068));
#363 = CARTESIAN_POINT('',(6.28318530718,2.32436242081));
#364 = CARTESIAN_POINT('',(6.429470280265,2.32168661855));
#365 = CARTESIAN_POINT('',(6.575755253349,2.313453407483));
#366 = CARTESIAN_POINT('',(6.722040226434,2.299838658682));
#367 = CARTESIAN_POINT('',(6.868325199519,2.281133198471));
#368 = CARTESIAN_POINT('',(7.014610172604,2.257736599036));
#369 = CARTESIAN_POINT('',(7.160895145689,2.230148631926));
#370 = CARTESIAN_POINT('',(7.307180118774,2.198958634048));
#371 = CARTESIAN_POINT('',(7.453465091859,2.164832763144));
#372 = CARTESIAN_POINT('',(7.599750064944,2.128500348596));
#373 = CARTESIAN_POINT('',(7.746035038029,2.090736144891));
#374 = CARTESIAN_POINT('',(7.843558353419,2.065146628374));
#375 = CARTESIAN_POINT('',(7.892320011114,2.052382051113));
#376 = ( GEOMETRIC_REPRESENTATION_CONTEXT(2) 
PARAMETRIC_REPRESENTATION_CONTEXT() REPRESENTATION_CONTEXT('2D SPACE',''
  ) );
#377 = ORIENTED_EDGE('',*,*,#378,.T.);
#378 = EDGE_CURVE('',#328,#379,#381,.T.);
#379 = VERTEX_POINT('',#380);
#380 = CARTESIAN_POINT('',(63.812078340955,3.313947734887,
    10.392862185895));
#381 = SURFACE_CURVE('',#382,(#386,#393),.PCURVE_S1.);
#382 = LINE('',#383,#384);
#383 = CARTESIAN_POINT('',(-67.98825377473,7.916516751635,
    14.995431202643));
#384 = VECTOR('',#385,1.);
#385 = DIRECTION('',(0.998782765959,-3.487826274237E-02,
    -3.487826274237E-02));
#386 = PCURVE('',#88,#387);
#387 = DEFINITIONAL_REPRESENTATION('',(#388),#392);
#388 = LINE('',#389,#390);
#389 = CARTESIAN_POINT('',(15.175083310655,-65.94196097574));
#390 = VECTOR('',#391,1.);
#391 = DIRECTION('',(-3.487826274237E-02,0.999391568299));
#392 = ( GEOMETRIC_REPRESENTATION_CONTEXT(2) 
PARAMETRIC_REPRESENTATION_CONTEXT() REPRESENTATION_CONTEXT('2D SPACE',''
  ) );
#393 = PCURVE('',#394,#399);
#394 = PLANE('',#395);
#395 = AXIS2_PLACEMENT_3D('',#396,#397,#398);
#396 = CARTESIAN_POINT('',(-2.088087716888,-7.916516751635,
    12.694146694269));
#397 = DIRECTION('',(3.48994967025E-02,0.,0.999390827019));
#398 = DIRECTION('',(0.999390827019,0.,-3.48994967025E-02));
#399 = DEFINITIONAL_REPRESENTATION('',(#400),#404);
#400 = LINE('',#401,#402);
#401 = CARTESIAN_POINT('',(-65.94033512835,15.83303350327));
#402 = VECTOR('',#403,1.);
#403 = DIRECTION('',(0.999391568299,-3.487826274237E-02));
#404 = ( GEOMETRIC_REPRESENTATION_CONTEXT(2) 
PARAMETRIC_REPRESENTATION_CONTEXT() REPRESENTATION_CONTEXT('2D SPACE',''
  ) );
#405 = ORIENTED_EDGE('',*,*,#406,.T.);
#406 = EDGE_CURVE('',#379,#140,#407,.T.);
#407 = SURFACE_CURVE('',#408,(#413,#424),.PCURVE_S1.);
#408 = ELLIPSE('',#409,3.001828632896,3.);
#409 = AXIS2_PLACEMENT_3D('',#410,#411,#412);
#410 = CARTESIAN_POINT('',(66.75,3.211353249847,11.));
#411 = DIRECTION('',(-3.48994967025E-02,-0.999390827019,
    1.537733322212E-16));
#412 = DIRECTION('',(0.999390827019,-3.48994967025E-02,
    1.246642079075E-11));
#413 = PCURVE('',#88,#414);
#414 = DEFINITIONAL_REPRESENTATION('',(#415),#423);
#415 = ( BOUNDED_CURVE() B_SPLINE_CURVE(2,(#416,#417,#418,#419,#420,#421
,#422),.UNSPECIFIED.,.T.,.F.) B_SPLINE_CURVE_WITH_KNOTS((1,2,2,2,2,1),(
    -2.094395102393,0.,2.094395102393,4.188790204786,6.28318530718,
8.377580409573),.UNSPECIFIED.) CURVE() GEOMETRIC_REPRESENTATION_ITEM() 
RATIONAL_B_SPLINE_CURVE((1.,0.5,1.,0.5,1.,0.5,1.)) REPRESENTATION_ITEM(
  '') );
#416 = CARTESIAN_POINT('',(11.17965210805,71.880250366308));
#417 = CARTESIAN_POINT('',(16.375804530756,71.880250366243));
#418 = CARTESIAN_POINT('',(13.777728319347,67.377507416931));
#419 = CARTESIAN_POINT('',(11.179652107937,62.874764467619));
#420 = CARTESIAN_POINT('',(8.58157589664,67.377507416996));
#421 = CARTESIAN_POINT('',(5.983499685343,71.880250366373));
#422 = CARTESIAN_POINT('',(11.17965210805,71.880250366308));
#423 = ( GEOMETRIC_REPRESENTATION_CONTEXT(2) 
PARAMETRIC_REPRESENTATION_CONTEXT() REPRESENTATION_CONTEXT('2D SPACE',''
  ) );
#424 = PCURVE('',#425,#430);
#425 = CYLINDRICAL_SURFACE('',#426,3.);
#426 = AXIS2_PLACEMENT_3D('',#427,#428,#429);
#427 = CARTESIAN_POINT('',(66.75,0.,11.));
#428 = DIRECTION('',(0.,1.,0.));
#429 = DIRECTION('',(0.326095577812,0.,-0.9453368046));
#430 = DEFINITIONAL_REPRESENTATION('',(#431),#457);
#431 = B_SPLINE_CURVE_WITH_KNOTS('',3,(#432,#433,#434,#435,#436,#437,
    #438,#439,#440,#441,#442,#443,#444,#445,#446,#447,#448,#449,#450,
    #451,#452,#453,#454,#455,#456),.UNSPECIFIED.,.F.,.F.,(4,1,1,1,1,1,1,
    1,1,1,1,1,1,1,1,1,1,1,1,1,1,1,4),(3.345379512567,3.499850411943,
    3.65432131132,3.808792210696,3.963263110073,4.117734009449,
    4.272204908826,4.426675808202,4.581146707578,4.735617606955,
    4.890088506331,5.044559405708,5.199030305084,5.353501204461,
    5.507972103837,5.662443003213,5.81691390259,5.971384801966,
    6.125855701343,6.280326600719,6.434797500096,6.589268399472,
    6.743739298848),.QUASI_UNIFORM_KNOTS.);
#432 = CARTESIAN_POINT('',(7.98236520032,3.313947734887));
#433 = CARTESIAN_POINT('',(7.930874900528,3.312860638568));
#434 = CARTESIAN_POINT('',(7.827894300944,3.30985293448));
#435 = CARTESIAN_POINT('',(7.673423401568,3.303008433193));
#436 = CARTESIAN_POINT('',(7.518952502191,3.293977863085));
#437 = CARTESIAN_POINT('',(7.364481602815,3.282980595492));
#438 = CARTESIAN_POINT('',(7.210010703438,3.270277360503));
#439 = CARTESIAN_POINT('',(7.055539804062,3.256170981116));
#440 = CARTESIAN_POINT('',(6.901068904685,3.240997301449));
#441 = CARTESIAN_POINT('',(6.746598005309,3.225117687493));
#442 = CARTESIAN_POINT('',(6.592127105932,3.208910288026));
#443 = CARTESIAN_POINT('',(6.437656206556,3.192761065221));
#444 = CARTESIAN_POINT('',(6.28318530718,3.177054593825));
#445 = CARTESIAN_POINT('',(6.128714407803,3.162164905472));
#446 = CARTESIAN_POINT('',(5.974243508427,3.148446581053));
#447 = CARTESIAN_POINT('',(5.81977260905,3.136226306249));
#448 = CARTESIAN_POINT('',(5.665301709674,3.125795094511));
#449 = CARTESIAN_POINT('',(5.510830810297,3.117401346933));
#450 = CARTESIAN_POINT('',(5.356359910921,3.111244974167));
#451 = CARTESIAN_POINT('',(5.201889011545,3.107472496531));
#452 = CARTESIAN_POINT('',(5.047418112168,3.106174074511));
#453 = CARTESIAN_POINT('',(4.892947212792,3.107379422072));
#454 = CARTESIAN_POINT('',(4.738476313415,3.111064337823));
#455 = CARTESIAN_POINT('',(4.635495713831,3.115104289872));
#456 = CARTESIAN_POINT('',(4.584005414039,3.11750650171));
#457 = ( GEOMETRIC_REPRESENTATION_CONTEXT(2) 
PARAMETRIC_REPRESENTATION_CONTEXT() REPRESENTATION_CONTEXT('2D SPACE',''
  ) );
#458 = FACE_BOUND('',#459,.T.);
#459 = EDGE_LOOP('',(#460));
#460 = ORIENTED_EDGE('',*,*,#51,.T.);
#461 = FACE_BOUND('',#462,.T.);
#462 = EDGE_LOOP('',(#463,#500,#526,#561));
#463 = ORIENTED_EDGE('',*,*,#464,.F.);
#464 = EDGE_CURVE('',#465,#467,#469,.T.);
#465 = VERTEX_POINT('',#466);
#466 = CARTESIAN_POINT('',(-49.,7.253432318517,4.6));
#467 = VERTEX_POINT('',#468);
#468 = CARTESIAN_POINT('',(-49.,7.253432318517,10.6));
#469 = SURFACE_CURVE('',#470,(#475,#482),.PCURVE_S1.);
#470 = ELLIPSE('',#471,3.001828632896,3.);
#471 = AXIS2_PLACEMENT_3D('',#472,#473,#474);
#472 = CARTESIAN_POINT('',(-49.,7.253432318517,7.6));
#473 = DIRECTION('',(3.48994967025E-02,0.999390827019,0.));
#474 = DIRECTION('',(-0.999390827019,3.48994967025E-02,0.));
#475 = PCURVE('',#88,#476);
#476 = DEFINITIONAL_REPRESENTATION('',(#477),#481);
#477 = ELLIPSE('',#478,3.001828632896,3.);
#478 = AXIS2_PLACEMENT_2D('',#479,#480);
#479 = CARTESIAN_POINT('',(7.779652108012,-46.94213301917));
#480 = DIRECTION('',(0.,-1.));
#481 = ( GEOMETRIC_REPRESENTATION_CONTEXT(2) 
PARAMETRIC_REPRESENTATION_CONTEXT() REPRESENTATION_CONTEXT('2D SPACE',''
  ) );
#482 = PCURVE('',#483,#488);
#483 = CYLINDRICAL_SURFACE('',#484,3.);
#484 = AXIS2_PLACEMENT_3D('',#485,#486,#487);
#485 = CARTESIAN_POINT('',(-49.,0.,7.6));
#486 = DIRECTION('',(-0.,1.,-0.));
#487 = DIRECTION('',(1.,0.,0.));
#488 = DEFINITIONAL_REPRESENTATION('',(#489),#499);
#489 = B_SPLINE_CURVE_WITH_KNOTS('',8,(#490,#491,#492,#493,#494,#495,
    #496,#497,#498),.UNSPECIFIED.,.F.,.F.,(9,9),(4.712388980385,
    7.853981633974),.PIECEWISE_BEZIER_KNOTS.);
#490 = CARTESIAN_POINT('',(-4.712388980385,7.253432318517));
#491 = CARTESIAN_POINT('',(-4.319689898686,7.294572380852));
#492 = CARTESIAN_POINT('',(-3.926990816986,7.335712771218));
#493 = CARTESIAN_POINT('',(-3.534291735285,7.367182114907));
#494 = CARTESIAN_POINT('',(-3.141592653583,7.37933550858));
#495 = CARTESIAN_POINT('',(-2.74889357189,7.367182114907));
#496 = CARTESIAN_POINT('',(-2.356194490191,7.335712771216));
#497 = CARTESIAN_POINT('',(-1.963495408494,7.294572380852));
#498 = CARTESIAN_POINT('',(-1.570796326795,7.253432318517));
#499 = ( GEOMETRIC_REPRESENTATION_CONTEXT(2) 
PARAMETRIC_REPRESENTATION_CONTEXT() REPRESENTATION_CONTEXT('2D SPACE',''
  ) );
#500 = ORIENTED_EDGE('',*,*,#501,.T.);
#501 = EDGE_CURVE('',#465,#502,#504,.T.);
#502 = VERTEX_POINT('',#503);
#503 = CARTESIAN_POINT('',(-31.,6.624858467665,4.6));
#504 = SURFACE_CURVE('',#505,(#509,#515),.PCURVE_S1.);
#505 = LINE('',#506,#507);
#506 = CARTESIAN_POINT('',(-25.15515118815,6.420751849593,4.6));
#507 = VECTOR('',#508,1.);
#508 = DIRECTION('',(0.999390827019,-3.48994967025E-02,0.));
#509 = PCURVE('',#88,#510);
#510 = DEFINITIONAL_REPRESENTATION('',(#511),#514);
#511 = B_SPLINE_CURVE_WITH_KNOTS('',1,(#512,#513),.UNSPECIFIED.,.F.,.F.,
  (2,2),(-23.85938330349,-5.848411506119),.PIECEWISE_BEZIER_KNOTS.);
#512 = CARTESIAN_POINT('',(4.779652108012,-46.94213301917));
#513 = CARTESIAN_POINT('',(4.779652108012,-28.93116122179));
#514 = ( GEOMETRIC_REPRESENTATION_CONTEXT(2) 
PARAMETRIC_REPRESENTATION_CONTEXT() REPRESENTATION_CONTEXT('2D SPACE',''
  ) );
#515 = PCURVE('',#516,#521);
#516 = PLANE('',#517);
#517 = AXIS2_PLACEMENT_3D('',#518,#519,#520);
#518 = CARTESIAN_POINT('',(-49.,-15.,4.6));
#519 = DIRECTION('',(0.,0.,1.));
#520 = DIRECTION('',(1.,0.,0.));
#521 = DEFINITIONAL_REPRESENTATION('',(#522),#525);
#522 = B_SPLINE_CURVE_WITH_KNOTS('',1,(#523,#524),.UNSPECIFIED.,.F.,.F.,
  (2,2),(-23.85938330349,-5.848411506119),.PIECEWISE_BEZIER_KNOTS.);
#523 = CARTESIAN_POINT('',(-3.552713678801E-15,22.253432318517));
#524 = CARTESIAN_POINT('',(18.,21.624858467665));
#525 = ( GEOMETRIC_REPRESENTATION_CONTEXT(2) 
PARAMETRIC_REPRESENTATION_CONTEXT() REPRESENTATION_CONTEXT('2D SPACE',''
  ) );
#526 = ORIENTED_EDGE('',*,*,#527,.F.);
#527 = EDGE_CURVE('',#528,#502,#530,.T.);
#528 = VERTEX_POINT('',#529);
#529 = CARTESIAN_POINT('',(-31.,6.624858467665,10.6));
#530 = SURFACE_CURVE('',#531,(#536,#543),.PCURVE_S1.);
#531 = ELLIPSE('',#532,3.001828632896,3.);
#532 = AXIS2_PLACEMENT_3D('',#533,#534,#535);
#533 = CARTESIAN_POINT('',(-31.,6.624858467665,7.6));
#534 = DIRECTION('',(3.48994967025E-02,0.999390827019,0.));
#535 = DIRECTION('',(-0.999390827019,3.48994967025E-02,0.));
#536 = PCURVE('',#88,#537);
#537 = DEFINITIONAL_REPRESENTATION('',(#538),#542);
#538 = ELLIPSE('',#539,3.001828632896,3.);
#539 = AXIS2_PLACEMENT_2D('',#540,#541);
#540 = CARTESIAN_POINT('',(7.779652108012,-28.93116122179));
#541 = DIRECTION('',(0.,-1.));
#542 = ( GEOMETRIC_REPRESENTATION_CONTEXT(2) 
PARAMETRIC_REPRESENTATION_CONTEXT() REPRESENTATION_CONTEXT('2D SPACE',''
  ) );
#543 = PCURVE('',#544,#549);
#544 = CYLINDRICAL_SURFACE('',#545,3.);
#545 = AXIS2_PLACEMENT_3D('',#546,#547,#548);
#546 = CARTESIAN_POINT('',(-31.,0.,7.6));
#547 = DIRECTION('',(-0.,1.,-0.));
#548 = DIRECTION('',(1.,0.,0.));
#549 = DEFINITIONAL_REPRESENTATION('',(#550),#560);
#550 = B_SPLINE_CURVE_WITH_KNOTS('',8,(#551,#552,#553,#554,#555,#556,
    #557,#558,#559),.UNSPECIFIED.,.F.,.F.,(9,9),(1.570796326795,
    4.712388980385),.PIECEWISE_BEZIER_KNOTS.);
#551 = CARTESIAN_POINT('',(-7.853981633974,6.624858467665));
#552 = CARTESIAN_POINT('',(-7.461282552276,6.58371840533));
#553 = CARTESIAN_POINT('',(-7.068583470577,6.542578014966));
#554 = CARTESIAN_POINT('',(-6.675884388878,6.511108671231));
#555 = CARTESIAN_POINT('',(-6.283185307179,6.498955277661));
#556 = CARTESIAN_POINT('',(-5.890486225481,6.511108671239));
#557 = CARTESIAN_POINT('',(-5.497787143782,6.542578014965));
#558 = CARTESIAN_POINT('',(-5.105088062083,6.58371840533));
#559 = CARTESIAN_POINT('',(-4.712388980385,6.624858467665));
#560 = ( GEOMETRIC_REPRESENTATION_CONTEXT(2) 
PARAMETRIC_REPRESENTATION_CONTEXT() REPRESENTATION_CONTEXT('2D SPACE',''
  ) );
#561 = ORIENTED_EDGE('',*,*,#562,.F.);
#562 = EDGE_CURVE('',#467,#528,#563,.T.);
#563 = SURFACE_CURVE('',#564,(#568,#574),.PCURVE_S1.);
#564 = LINE('',#565,#566);
#565 = CARTESIAN_POINT('',(-25.15515118815,6.420751849593,10.6));
#566 = VECTOR('',#567,1.);
#567 = DIRECTION('',(0.999390827019,-3.48994967025E-02,0.));
#568 = PCURVE('',#88,#569);
#569 = DEFINITIONAL_REPRESENTATION('',(#570),#573);
#570 = B_SPLINE_CURVE_WITH_KNOTS('',1,(#571,#572),.UNSPECIFIED.,.F.,.F.,
  (2,2),(-23.85938330349,-5.848411506119),.PIECEWISE_BEZIER_KNOTS.);
#571 = CARTESIAN_POINT('',(10.779652108012,-46.94213301917));
#572 = CARTESIAN_POINT('',(10.779652108012,-28.93116122179));
#573 = ( GEOMETRIC_REPRESENTATION_CONTEXT(2) 
PARAMETRIC_REPRESENTATION_CONTEXT() REPRESENTATION_CONTEXT('2D SPACE',''
  ) );
#574 = PCURVE('',#575,#580);
#575 = PLANE('',#576);
#576 = AXIS2_PLACEMENT_3D('',#577,#578,#579);
#577 = CARTESIAN_POINT('',(-49.,-15.,10.6));
#578 = DIRECTION('',(0.,0.,1.));
#579 = DIRECTION('',(1.,0.,0.));
#580 = DEFINITIONAL_REPRESENTATION('',(#581),#584);
#581 = B_SPLINE_CURVE_WITH_KNOTS('',1,(#582,#583),.UNSPECIFIED.,.F.,.F.,
  (2,2),(-23.85938330349,-5.848411506119),.PIECEWISE_BEZIER_KNOTS.);
#582 = CARTESIAN_POINT('',(-3.552713678801E-15,22.253432318517));
#583 = CARTESIAN_POINT('',(18.,21.624858467665));
#584 = ( GEOMETRIC_REPRESENTATION_CONTEXT(2) 
PARAMETRIC_REPRESENTATION_CONTEXT() REPRESENTATION_CONTEXT('2D SPACE',''
  ) );
#585 = FACE_BOUND('',#586,.T.);
#586 = EDGE_LOOP('',(#587,#624,#650,#685));
#587 = ORIENTED_EDGE('',*,*,#588,.F.);
#588 = EDGE_CURVE('',#589,#591,#593,.T.);
#589 = VERTEX_POINT('',#590);
#590 = CARTESIAN_POINT('',(-17.5,6.153428079527,5.2));
#591 = VERTEX_POINT('',#592);
#592 = CARTESIAN_POINT('',(-17.5,6.153428079527,10.2));
#593 = SURFACE_CURVE('',#594,(#599,#606),.PCURVE_S1.);
#594 = ELLIPSE('',#595,2.501523860747,2.5);
#595 = AXIS2_PLACEMENT_3D('',#596,#597,#598);
#596 = CARTESIAN_POINT('',(-17.5,6.153428079527,7.7));
#597 = DIRECTION('',(3.48994967025E-02,0.999390827019,0.));
#598 = DIRECTION('',(-0.999390827019,3.48994967025E-02,0.));
#599 = PCURVE('',#88,#600);
#600 = DEFINITIONAL_REPRESENTATION('',(#601),#605);
#601 = ELLIPSE('',#602,2.501523860747,2.5);
#602 = AXIS2_PLACEMENT_2D('',#603,#604);
#603 = CARTESIAN_POINT('',(7.879652108012,-15.42293237376));
#604 = DIRECTION('',(0.,-1.));
#605 = ( GEOMETRIC_REPRESENTATION_CONTEXT(2) 
PARAMETRIC_REPRESENTATION_CONTEXT() REPRESENTATION_CONTEXT('2D SPACE',''
  ) );
#606 = PCURVE('',#607,#612);
#607 = CYLINDRICAL_SURFACE('',#608,2.5);
#608 = AXIS2_PLACEMENT_3D('',#609,#610,#611);
#609 = CARTESIAN_POINT('',(-17.5,0.,7.7));
#610 = DIRECTION('',(-0.,1.,-0.));
#611 = DIRECTION('',(1.,0.,0.));
#612 = DEFINITIONAL_REPRESENTATION('',(#613),#623);
#613 = B_SPLINE_CURVE_WITH_KNOTS('',8,(#614,#615,#616,#617,#618,#619,
    #620,#621,#622),.UNSPECIFIED.,.F.,.F.,(9,9),(4.712388980385,
    7.853981633974),.PIECEWISE_BEZIER_KNOTS.);
#614 = CARTESIAN_POINT('',(-4.712388980385,6.153428079527));
#615 = CARTESIAN_POINT('',(-4.319689898686,6.187711464806));
#616 = CARTESIAN_POINT('',(-3.926990816986,6.221995123448));
#617 = CARTESIAN_POINT('',(-3.534291735292,6.248219576511));
#618 = CARTESIAN_POINT('',(-3.141592653585,6.258347404553));
#619 = CARTESIAN_POINT('',(-2.748893571885,6.248219576504));
#620 = CARTESIAN_POINT('',(-2.35619449019,6.221995123448));
#621 = CARTESIAN_POINT('',(-1.963495408494,6.187711464806));
#622 = CARTESIAN_POINT('',(-1.570796326795,6.153428079527));
#623 = ( GEOMETRIC_REPRESENTATION_CONTEXT(2) 
PARAMETRIC_REPRESENTATION_CONTEXT() REPRESENTATION_CONTEXT('2D SPACE',''
  ) );
#624 = ORIENTED_EDGE('',*,*,#625,.T.);
#625 = EDGE_CURVE('',#589,#626,#628,.T.);
#626 = VERTEX_POINT('',#627);
#627 = CARTESIAN_POINT('',(1.5,5.489933459183,5.2));
#628 = SURFACE_CURVE('',#629,(#633,#639),.PCURVE_S1.);
#629 = LINE('',#630,#631);
#630 = CARTESIAN_POINT('',(-9.424334292355,5.871419618858,5.2));
#631 = VECTOR('',#632,1.);
#632 = DIRECTION('',(0.999390827019,-3.48994967025E-02,0.));
#633 = PCURVE('',#88,#634);
#634 = DEFINITIONAL_REPRESENTATION('',(#635),#638);
#635 = B_SPLINE_CURVE_WITH_KNOTS('',1,(#636,#637),.UNSPECIFIED.,.F.,.F.,
  (2,2),(-8.080588183636,10.930993158042),.PIECEWISE_BEZIER_KNOTS.);
#636 = CARTESIAN_POINT('',(5.379652108012,-15.42293237376));
#637 = CARTESIAN_POINT('',(5.379652108012,3.588648967913));
#638 = ( GEOMETRIC_REPRESENTATION_CONTEXT(2) 
PARAMETRIC_REPRESENTATION_CONTEXT() REPRESENTATION_CONTEXT('2D SPACE',''
  ) );
#639 = PCURVE('',#640,#645);
#640 = PLANE('',#641);
#641 = AXIS2_PLACEMENT_3D('',#642,#643,#644);
#642 = CARTESIAN_POINT('',(-17.5,-15.,5.2));
#643 = DIRECTION('',(0.,0.,1.));
#644 = DIRECTION('',(1.,0.,0.));
#645 = DEFINITIONAL_REPRESENTATION('',(#646),#649);
#646 = B_SPLINE_CURVE_WITH_KNOTS('',1,(#647,#648),.UNSPECIFIED.,.F.,.F.,
  (2,2),(-8.080588183636,10.930993158042),.PIECEWISE_BEZIER_KNOTS.);
#647 = CARTESIAN_POINT('',(0.,21.153428079527));
#648 = CARTESIAN_POINT('',(19.,20.489933459183));
#649 = ( GEOMETRIC_REPRESENTATION_CONTEXT(2) 
PARAMETRIC_REPRESENTATION_CONTEXT() REPRESENTATION_CONTEXT('2D SPACE',''
  ) );
#650 = ORIENTED_EDGE('',*,*,#651,.F.);
#651 = EDGE_CURVE('',#652,#626,#654,.T.);
#652 = VERTEX_POINT('',#653);
#653 = CARTESIAN_POINT('',(1.5,5.489933459183,10.2));
#654 = SURFACE_CURVE('',#655,(#660,#667),.PCURVE_S1.);
#655 = ELLIPSE('',#656,2.501523860747,2.5);
#656 = AXIS2_PLACEMENT_3D('',#657,#658,#659);
#657 = CARTESIAN_POINT('',(1.5,5.489933459183,7.7));
#658 = DIRECTION('',(3.48994967025E-02,0.999390827019,0.));
#659 = DIRECTION('',(-0.999390827019,3.48994967025E-02,0.));
#660 = PCURVE('',#88,#661);
#661 = DEFINITIONAL_REPRESENTATION('',(#662),#666);
#662 = ELLIPSE('',#663,2.501523860747,2.5);
#663 = AXIS2_PLACEMENT_2D('',#664,#665);
#664 = CARTESIAN_POINT('',(7.879652108012,3.588648967913));
#665 = DIRECTION('',(0.,-1.));
#666 = ( GEOMETRIC_REPRESENTATION_CONTEXT(2) 
PARAMETRIC_REPRESENTATION_CONTEXT() REPRESENTATION_CONTEXT('2D SPACE',''
  ) );
#667 = PCURVE('',#668,#673);
#668 = CYLINDRICAL_SURFACE('',#669,2.5);
#669 = AXIS2_PLACEMENT_3D('',#670,#671,#672);
#670 = CARTESIAN_POINT('',(1.5,0.,7.7));
#671 = DIRECTION('',(-0.,1.,-0.));
#672 = DIRECTION('',(1.,0.,0.));
#673 = DEFINITIONAL_REPRESENTATION('',(#674),#684);
#674 = B_SPLINE_CURVE_WITH_KNOTS('',8,(#675,#676,#677,#678,#679,#680,
    #681,#682,#683),.UNSPECIFIED.,.F.,.F.,(9,9),(1.570796326795,
    4.712388980385),.PIECEWISE_BEZIER_KNOTS.);
#675 = CARTESIAN_POINT('',(-7.853981633974,5.489933459183));
#676 = CARTESIAN_POINT('',(-7.461282552276,5.455650073904));
#677 = CARTESIAN_POINT('',(-7.068583470577,5.421366415265));
#678 = CARTESIAN_POINT('',(-6.675884388878,5.395141962163));
#679 = CARTESIAN_POINT('',(-6.28318530718,5.385014134143));
#680 = CARTESIAN_POINT('',(-5.890486225481,5.395141962159));
#681 = CARTESIAN_POINT('',(-5.497787143782,5.421366415264));
#682 = CARTESIAN_POINT('',(-5.105088062083,5.455650073904));
#683 = CARTESIAN_POINT('',(-4.712388980385,5.489933459183));
#684 = ( GEOMETRIC_REPRESENTATION_CONTEXT(2) 
PARAMETRIC_REPRESENTATION_CONTEXT() REPRESENTATION_CONTEXT('2D SPACE',''
  ) );
#685 = ORIENTED_EDGE('',*,*,#686,.F.);
#686 = EDGE_CURVE('',#591,#652,#687,.T.);
#687 = SURFACE_CURVE('',#688,(#692,#698),.PCURVE_S1.);
#688 = LINE('',#689,#690);
#689 = CARTESIAN_POINT('',(-9.424334292355,5.871419618858,10.2));
#690 = VECTOR('',#691,1.);
#691 = DIRECTION('',(0.999390827019,-3.48994967025E-02,0.));
#692 = PCURVE('',#88,#693);
#693 = DEFINITIONAL_REPRESENTATION('',(#694),#697);
#694 = B_SPLINE_CURVE_WITH_KNOTS('',1,(#695,#696),.UNSPECIFIED.,.F.,.F.,
  (2,2),(-8.080588183636,10.930993158042),.PIECEWISE_BEZIER_KNOTS.);
#695 = CARTESIAN_POINT('',(10.379652108012,-15.42293237376));
#696 = CARTESIAN_POINT('',(10.379652108012,3.588648967913));
#697 = ( GEOMETRIC_REPRESENTATION_CONTEXT(2) 
PARAMETRIC_REPRESENTATION_CONTEXT() REPRESENTATION_CONTEXT('2D SPACE',''
  ) );
#698 = PCURVE('',#699,#704);
#699 = PLANE('',#700);
#700 = AXIS2_PLACEMENT_3D('',#701,#702,#703);
#701 = CARTESIAN_POINT('',(-17.5,-15.,10.2));
#702 = DIRECTION('',(0.,0.,1.));
#703 = DIRECTION('',(1.,0.,0.));
#704 = DEFINITIONAL_REPRESENTATION('',(#705),#708);
#705 = B_SPLINE_CURVE_WITH_KNOTS('',1,(#706,#707),.UNSPECIFIED.,.F.,.F.,
  (2,2),(-8.080588183636,10.930993158042),.PIECEWISE_BEZIER_KNOTS.);
#706 = CARTESIAN_POINT('',(0.,21.153428079527));
#707 = CARTESIAN_POINT('',(19.,20.489933459183));
#708 = ( GEOMETRIC_REPRESENTATION_CONTEXT(2) 
PARAMETRIC_REPRESENTATION_CONTEXT() REPRESENTATION_CONTEXT('2D SPACE',''
  ) );
#709 = FACE_BOUND('',#710,.T.);
#710 = EDGE_LOOP('',(#711,#748,#774,#809));
#711 = ORIENTED_EDGE('',*,*,#712,.F.);
#712 = EDGE_CURVE('',#713,#715,#717,.T.);
#713 = VERTEX_POINT('',#714);
#714 = CARTESIAN_POINT('',(15.7,4.994058532401,6.12));
#715 = VERTEX_POINT('',#716);
#716 = CARTESIAN_POINT('',(15.7,4.994058532401,9.52));
#717 = SURFACE_CURVE('',#718,(#723,#730),.PCURVE_S1.);
#718 = ELLIPSE('',#719,1.701036225308,1.7);
#719 = AXIS2_PLACEMENT_3D('',#720,#721,#722);
#720 = CARTESIAN_POINT('',(15.7,4.994058532401,7.82));
#721 = DIRECTION('',(3.48994967025E-02,0.999390827019,0.));
#722 = DIRECTION('',(-0.999390827019,3.48994967025E-02,0.));
#723 = PCURVE('',#88,#724);
#724 = DEFINITIONAL_REPRESENTATION('',(#725),#729);
#725 = ELLIPSE('',#726,1.701036225308,1.7);
#726 = AXIS2_PLACEMENT_2D('',#727,#728);
#727 = CARTESIAN_POINT('',(7.999652108012,17.797304496957));
#728 = DIRECTION('',(0.,-1.));
#729 = ( GEOMETRIC_REPRESENTATION_CONTEXT(2) 
PARAMETRIC_REPRESENTATION_CONTEXT() REPRESENTATION_CONTEXT('2D SPACE',''
  ) );
#730 = PCURVE('',#731,#736);
#731 = CYLINDRICAL_SURFACE('',#732,1.7);
#732 = AXIS2_PLACEMENT_3D('',#733,#734,#735);
#733 = CARTESIAN_POINT('',(15.7,0.,7.82));
#734 = DIRECTION('',(-0.,1.,-0.));
#735 = DIRECTION('',(1.,0.,0.));
#736 = DEFINITIONAL_REPRESENTATION('',(#737),#747);
#737 = B_SPLINE_CURVE_WITH_KNOTS('',8,(#738,#739,#740,#741,#742,#743,
    #744,#745,#746),.UNSPECIFIED.,.F.,.F.,(9,9),(4.712388980385,
    7.853981633974),.PIECEWISE_BEZIER_KNOTS.);
#738 = CARTESIAN_POINT('',(-4.712388980385,4.994058532401));
#739 = CARTESIAN_POINT('',(-4.319689898686,5.01737123439));
#740 = CARTESIAN_POINT('',(-3.926990816986,5.040684122262));
#741 = CARTESIAN_POINT('',(-3.534291735285,5.05851675036));
#742 = CARTESIAN_POINT('',(-3.141592653583,5.065403673419));
#743 = CARTESIAN_POINT('',(-2.74889357189,5.058516750356));
#744 = CARTESIAN_POINT('',(-2.356194490191,5.040684122263));
#745 = CARTESIAN_POINT('',(-1.963495408494,5.01737123439));
#746 = CARTESIAN_POINT('',(-1.570796326795,4.994058532401));
#747 = ( GEOMETRIC_REPRESENTATION_CONTEXT(2) 
PARAMETRIC_REPRESENTATION_CONTEXT() REPRESENTATION_CONTEXT('2D SPACE',''
  ) );
#748 = ORIENTED_EDGE('',*,*,#749,.T.);
#749 = EDGE_CURVE('',#713,#750,#752,.T.);
#750 = VERTEX_POINT('',#751);
#751 = CARTESIAN_POINT('',(32.3,4.414373758838,6.12));
#752 = SURFACE_CURVE('',#753,(#757,#763),.PCURVE_S1.);
#753 = LINE('',#754,#755);
#754 = CARTESIAN_POINT('',(7.155447324801,5.292440886781,6.12));
#755 = VECTOR('',#756,1.);
#756 = DIRECTION('',(0.999390827019,-3.48994967025E-02,0.));
#757 = PCURVE('',#88,#758);
#758 = DEFINITIONAL_REPRESENTATION('',(#759),#762);
#759 = B_SPLINE_CURVE_WITH_KNOTS('',1,(#760,#761),.UNSPECIFIED.,.F.,.F.,
  (2,2),(8.549760958568,25.159879393928),.PIECEWISE_BEZIER_KNOTS.);
#760 = CARTESIAN_POINT('',(6.299652108012,17.797304496957));
#761 = CARTESIAN_POINT('',(6.299652108012,34.407422932317));
#762 = ( GEOMETRIC_REPRESENTATION_CONTEXT(2) 
PARAMETRIC_REPRESENTATION_CONTEXT() REPRESENTATION_CONTEXT('2D SPACE',''
  ) );
#763 = PCURVE('',#764,#769);
#764 = PLANE('',#765);
#765 = AXIS2_PLACEMENT_3D('',#766,#767,#768);
#766 = CARTESIAN_POINT('',(15.7,-15.,6.12));
#767 = DIRECTION('',(0.,0.,1.));
#768 = DIRECTION('',(1.,0.,0.));
#769 = DEFINITIONAL_REPRESENTATION('',(#770),#773);
#770 = B_SPLINE_CURVE_WITH_KNOTS('',1,(#771,#772),.UNSPECIFIED.,.F.,.F.,
  (2,2),(8.549760958568,25.159879393928),.PIECEWISE_BEZIER_KNOTS.);
#771 = CARTESIAN_POINT('',(0.,19.994058532401));
#772 = CARTESIAN_POINT('',(16.6,19.414373758838));
#773 = ( GEOMETRIC_REPRESENTATION_CONTEXT(2) 
PARAMETRIC_REPRESENTATION_CONTEXT() REPRESENTATION_CONTEXT('2D SPACE',''
  ) );
#774 = ORIENTED_EDGE('',*,*,#775,.F.);
#775 = EDGE_CURVE('',#776,#750,#778,.T.);
#776 = VERTEX_POINT('',#777);
#777 = CARTESIAN_POINT('',(32.3,4.414373758838,9.52));
#778 = SURFACE_CURVE('',#779,(#784,#791),.PCURVE_S1.);
#779 = ELLIPSE('',#780,1.701036225308,1.7);
#780 = AXIS2_PLACEMENT_3D('',#781,#782,#783);
#781 = CARTESIAN_POINT('',(32.3,4.414373758838,7.82));
#782 = DIRECTION('',(3.48994967025E-02,0.999390827019,0.));
#783 = DIRECTION('',(-0.999390827019,3.48994967025E-02,0.));
#784 = PCURVE('',#88,#785);
#785 = DEFINITIONAL_REPRESENTATION('',(#786),#790);
#786 = ELLIPSE('',#787,1.701036225308,1.7);
#787 = AXIS2_PLACEMENT_2D('',#788,#789);
#788 = CARTESIAN_POINT('',(7.999652108012,34.407422932317));
#789 = DIRECTION('',(0.,-1.));
#790 = ( GEOMETRIC_REPRESENTATION_CONTEXT(2) 
PARAMETRIC_REPRESENTATION_CONTEXT() REPRESENTATION_CONTEXT('2D SPACE',''
  ) );
#791 = PCURVE('',#792,#797);
#792 = CYLINDRICAL_SURFACE('',#793,1.7);
#793 = AXIS2_PLACEMENT_3D('',#794,#795,#796);
#794 = CARTESIAN_POINT('',(32.3,0.,7.82));
#795 = DIRECTION('',(-0.,1.,-0.));
#796 = DIRECTION('',(1.,0.,0.));
#797 = DEFINITIONAL_REPRESENTATION('',(#798),#808);
#798 = B_SPLINE_CURVE_WITH_KNOTS('',8,(#799,#800,#801,#802,#803,#804,
    #805,#806,#807),.UNSPECIFIED.,.F.,.F.,(9,9),(1.570796326795,
    4.712388980385),.PIECEWISE_BEZIER_KNOTS.);
#799 = CARTESIAN_POINT('',(-7.853981633974,4.414373758838));
#800 = CARTESIAN_POINT('',(-7.461282552276,4.391061056848));
#801 = CARTESIAN_POINT('',(-7.068583470577,4.36774816897));
#802 = CARTESIAN_POINT('',(-6.675884388878,4.349915540877));
#803 = CARTESIAN_POINT('',(-6.28318530718,4.34302861779));
#804 = CARTESIAN_POINT('',(-5.890486225481,4.349915540877));
#805 = CARTESIAN_POINT('',(-5.497787143782,4.367748168967));
#806 = CARTESIAN_POINT('',(-5.105088062083,4.391061056848));
#807 = CARTESIAN_POINT('',(-4.712388980385,4.414373758838));
#808 = ( GEOMETRIC_REPRESENTATION_CONTEXT(2) 
PARAMETRIC_REPRESENTATION_CONTEXT() REPRESENTATION_CONTEXT('2D SPACE',''
  ) );
#809 = ORIENTED_EDGE('',*,*,#810,.F.);
#810 = EDGE_CURVE('',#715,#776,#811,.T.);
#811 = SURFACE_CURVE('',#812,(#816,#822),.PCURVE_S1.);
#812 = LINE('',#813,#814);
#813 = CARTESIAN_POINT('',(7.155447324801,5.292440886781,9.52));
#814 = VECTOR('',#815,1.);
#815 = DIRECTION('',(0.999390827019,-3.48994967025E-02,0.));
#816 = PCURVE('',#88,#817);
#817 = DEFINITIONAL_REPRESENTATION('',(#818),#821);
#818 = B_SPLINE_CURVE_WITH_KNOTS('',1,(#819,#820),.UNSPECIFIED.,.F.,.F.,
  (2,2),(8.549760958568,25.159879393928),.PIECEWISE_BEZIER_KNOTS.);
#819 = CARTESIAN_POINT('',(9.699652108012,17.797304496957));
#820 = CARTESIAN_POINT('',(9.699652108012,34.407422932317));
#821 = ( GEOMETRIC_REPRESENTATION_CONTEXT(2) 
PARAMETRIC_REPRESENTATION_CONTEXT() REPRESENTATION_CONTEXT('2D SPACE',''
  ) );
#822 = PCURVE('',#823,#828);
#823 = PLANE('',#824);
#824 = AXIS2_PLACEMENT_3D('',#825,#826,#827);
#825 = CARTESIAN_POINT('',(15.7,-15.,9.52));
#826 = DIRECTION('',(0.,0.,1.));
#827 = DIRECTION('',(1.,0.,0.));
#828 = DEFINITIONAL_REPRESENTATION('',(#829),#832);
#829 = B_SPLINE_CURVE_WITH_KNOTS('',1,(#830,#831),.UNSPECIFIED.,.F.,.F.,
  (2,2),(8.549760958568,25.159879393928),.PIECEWISE_BEZIER_KNOTS.);
#830 = CARTESIAN_POINT('',(0.,19.994058532401));
#831 = CARTESIAN_POINT('',(16.6,19.414373758838));
#832 = ( GEOMETRIC_REPRESENTATION_CONTEXT(2) 
PARAMETRIC_REPRESENTATION_CONTEXT() REPRESENTATION_CONTEXT('2D SPACE',''
  ) );
#833 = ADVANCED_FACE('',(#834,#938),#120,.T.);
#834 = FACE_BOUND('',#835,.T.);
#835 = EDGE_LOOP('',(#836,#861,#889,#912));
#836 = ORIENTED_EDGE('',*,*,#837,.F.);
#837 = EDGE_CURVE('',#838,#840,#842,.T.);
#838 = VERTEX_POINT('',#839);
#839 = CARTESIAN_POINT('',(-67.98825377473,3.5,14.995431202643));
#840 = VERTEX_POINT('',#841);
#841 = CARTESIAN_POINT('',(-60.75,3.5,14.742665811053));
#842 = SURFACE_CURVE('',#843,(#847,#854),.PCURVE_S1.);
#843 = LINE('',#844,#845);
#844 = CARTESIAN_POINT('',(-67.98825377473,3.5,14.995431202643));
#845 = VECTOR('',#846,1.);
#846 = DIRECTION('',(0.999390827019,0.,-3.489949670249E-02));
#847 = PCURVE('',#120,#848);
#848 = DEFINITIONAL_REPRESENTATION('',(#849),#853);
#849 = LINE('',#850,#851);
#850 = CARTESIAN_POINT('',(0.155612618171,0.874391682585));
#851 = VECTOR('',#852,1.);
#852 = DIRECTION('',(3.489949670249E-02,0.999390827019));
#853 = ( GEOMETRIC_REPRESENTATION_CONTEXT(2) 
PARAMETRIC_REPRESENTATION_CONTEXT() REPRESENTATION_CONTEXT('2D SPACE',''
  ) );
#854 = PCURVE('',#394,#855);
#855 = DEFINITIONAL_REPRESENTATION('',(#856),#860);
#856 = LINE('',#857,#858);
#857 = CARTESIAN_POINT('',(-65.94033512835,11.416516751635));
#858 = VECTOR('',#859,1.);
#859 = DIRECTION('',(1.,0.));
#860 = ( GEOMETRIC_REPRESENTATION_CONTEXT(2) 
PARAMETRIC_REPRESENTATION_CONTEXT() REPRESENTATION_CONTEXT('2D SPACE',''
  ) );
#861 = ORIENTED_EDGE('',*,*,#862,.F.);
#862 = EDGE_CURVE('',#863,#838,#865,.T.);
#863 = VERTEX_POINT('',#864);
#864 = CARTESIAN_POINT('',(-67.93681482073,3.5,6.541850154373E-03));
#865 = SURFACE_CURVE('',#866,(#871,#882),.PCURVE_S1.);
#866 = CIRCLE('',#867,7.5);
#867 = AXIS2_PLACEMENT_3D('',#868,#869,#870);
#868 = CARTESIAN_POINT('',(-68.25,3.5,7.5));
#869 = DIRECTION('',(0.,1.,0.));
#870 = DIRECTION('',(3.489949670249E-02,-0.,0.999390827019));
#871 = PCURVE('',#120,#872);
#872 = DEFINITIONAL_REPRESENTATION('',(#873),#881);
#873 = ( BOUNDED_CURVE() B_SPLINE_CURVE(2,(#874,#875,#876,#877,#878,#879
,#880),.UNSPECIFIED.,.T.,.F.) B_SPLINE_CURVE_WITH_KNOTS((1,2,2,2,2,1),(
    -2.094395102393,0.,2.094395102393,4.188790204786,6.28318530718,
8.377580409573),.UNSPECIFIED.) CURVE() GEOMETRIC_REPRESENTATION_ITEM() 
RATIONAL_B_SPLINE_CURVE((1.,0.5,1.,0.5,1.,0.5,1.)) REPRESENTATION_ITEM(
  '') );
#874 = CARTESIAN_POINT('',(0.155612618171,0.874391682585));
#875 = CARTESIAN_POINT('',(0.608970379026,13.8568593502));
#876 = CARTESIAN_POINT('',(11.625438302563,6.97300617849));
#877 = CARTESIAN_POINT('',(22.641906226101,8.915300677922E-02));
#878 = CARTESIAN_POINT('',(11.172080541708,-6.009461489125));
#879 = CARTESIAN_POINT('',(-0.297745142684,-12.10807598503));
#880 = CARTESIAN_POINT('',(0.155612618171,0.874391682585));
#881 = ( GEOMETRIC_REPRESENTATION_CONTEXT(2) 
PARAMETRIC_REPRESENTATION_CONTEXT() REPRESENTATION_CONTEXT('2D SPACE',''
  ) );
#882 = PCURVE('',#344,#883);
#883 = DEFINITIONAL_REPRESENTATION('',(#884),#888);
#884 = LINE('',#885,#886);
#885 = CARTESIAN_POINT('',(1.609134703934,-2.364134700522));
#886 = VECTOR('',#887,1.);
#887 = DIRECTION('',(1.,0.));
#888 = ( GEOMETRIC_REPRESENTATION_CONTEXT(2) 
PARAMETRIC_REPRESENTATION_CONTEXT() REPRESENTATION_CONTEXT('2D SPACE',''
  ) );
#889 = ORIENTED_EDGE('',*,*,#890,.F.);
#890 = EDGE_CURVE('',#891,#863,#893,.T.);
#891 = VERTEX_POINT('',#892);
#892 = CARTESIAN_POINT('',(-60.75,3.5,0.306911031242));
#893 = SURFACE_CURVE('',#894,(#898,#905),.PCURVE_S1.);
#894 = LINE('',#895,#896);
#895 = CARTESIAN_POINT('',(-60.75,3.5,0.306911031242));
#896 = VECTOR('',#897,1.);
#897 = DIRECTION('',(-0.999127753313,0.,-4.17580239022E-02));
#898 = PCURVE('',#120,#899);
#899 = DEFINITIONAL_REPRESENTATION('',(#900),#904);
#900 = LINE('',#901,#902);
#901 = CARTESIAN_POINT('',(14.844132789572,8.112645457317));
#902 = VECTOR('',#903,1.);
#903 = DIRECTION('',(4.17580239022E-02,-0.999127753313));
#904 = ( GEOMETRIC_REPRESENTATION_CONTEXT(2) 
PARAMETRIC_REPRESENTATION_CONTEXT() REPRESENTATION_CONTEXT('2D SPACE',''
  ) );
#905 = PCURVE('',#315,#906);
#906 = DEFINITIONAL_REPRESENTATION('',(#907),#911);
#907 = LINE('',#908,#909);
#908 = CARTESIAN_POINT('',(56.706054257606,11.414720463779));
#909 = VECTOR('',#910,1.);
#910 = DIRECTION('',(1.,0.));
#911 = ( GEOMETRIC_REPRESENTATION_CONTEXT(2) 
PARAMETRIC_REPRESENTATION_CONTEXT() REPRESENTATION_CONTEXT('2D SPACE',''
  ) );
#912 = ORIENTED_EDGE('',*,*,#913,.F.);
#913 = EDGE_CURVE('',#840,#891,#914,.T.);
#914 = SURFACE_CURVE('',#915,(#919,#926),.PCURVE_S1.);
#915 = LINE('',#916,#917);
#916 = CARTESIAN_POINT('',(-60.75,3.5,14.742665811053));
#917 = VECTOR('',#918,1.);
#918 = DIRECTION('',(0.,0.,-1.));
#919 = PCURVE('',#120,#920);
#920 = DEFINITIONAL_REPRESENTATION('',(#921),#925);
#921 = LINE('',#922,#923);
#922 = CARTESIAN_POINT('',(0.408378009761,8.112645457317));
#923 = VECTOR('',#924,1.);
#924 = DIRECTION('',(1.,0.));
#925 = ( GEOMETRIC_REPRESENTATION_CONTEXT(2) 
PARAMETRIC_REPRESENTATION_CONTEXT() REPRESENTATION_CONTEXT('2D SPACE',''
  ) );
#926 = PCURVE('',#927,#932);
#927 = PLANE('',#928);
#928 = AXIS2_PLACEMENT_3D('',#929,#930,#931);
#929 = CARTESIAN_POINT('',(-60.75,-1.054711873394E-14,14.742665811053));
#930 = DIRECTION('',(-1.,0.,0.));
#931 = DIRECTION('',(0.,0.,1.));
#932 = DEFINITIONAL_REPRESENTATION('',(#933),#937);
#933 = LINE('',#934,#935);
#934 = CARTESIAN_POINT('',(0.,3.5));
#935 = VECTOR('',#936,1.);
#936 = DIRECTION('',(-1.,0.));
#937 = ( GEOMETRIC_REPRESENTATION_CONTEXT(2) 
PARAMETRIC_REPRESENTATION_CONTEXT() REPRESENTATION_CONTEXT('2D SPACE',''
  ) );
#938 = FACE_BOUND('',#939,.T.);
#939 = EDGE_LOOP('',(#940));
#940 = ORIENTED_EDGE('',*,*,#105,.T.);
#941 = ADVANCED_FACE('',(#942),#158,.T.);
#942 = FACE_BOUND('',#943,.T.);
#943 = EDGE_LOOP('',(#944,#997,#1018,#1019));
#944 = ORIENTED_EDGE('',*,*,#945,.F.);
#945 = EDGE_CURVE('',#946,#948,#950,.T.);
#946 = VERTEX_POINT('',#947);
#947 = CARTESIAN_POINT('',(69.437419249433,-3.11750650171,15.));
#948 = VERTEX_POINT('',#949);
#949 = CARTESIAN_POINT('',(69.437419249433,-3.11750650171,
    12.333333333333));
#950 = SURFACE_CURVE('',#951,(#956,#985),.PCURVE_S1.);
#951 = ELLIPSE('',#952,3.001828632897,3.);
#952 = AXIS2_PLACEMENT_3D('',#953,#954,#955);
#953 = CARTESIAN_POINT('',(72.124838498866,-3.023659753573,
    13.666666666667));
#954 = DIRECTION('',(3.48994967025E-02,-0.999390827019,0.));
#955 = DIRECTION('',(-0.999390827019,-3.48994967025E-02,
    3.078992111247E-14));
#956 = PCURVE('',#158,#957);
#957 = DEFINITIONAL_REPRESENTATION('',(#958),#984);
#958 = B_SPLINE_CURVE_WITH_KNOTS('',3,(#959,#960,#961,#962,#963,#964,
    #965,#966,#967,#968,#969,#970,#971,#972,#973,#974,#975,#976,#977,
    #978,#979,#980,#981,#982,#983),.UNSPECIFIED.,.F.,.F.,(4,1,1,1,1,1,1,
    1,1,1,1,1,1,1,1,1,1,1,1,1,1,1,4),(5.822631315498,5.864499860197,
    5.906368404895,5.948236949593,5.990105494292,6.03197403899,
    6.073842583688,6.115711128386,6.157579673085,6.199448217783,
    6.241316762481,6.28318530718,6.325053851878,6.366922396576,
    6.408790941275,6.450659485973,6.492528030671,6.534396575369,
    6.576265120068,6.618133664766,6.660002209464,6.701870754163,
    6.743739298861),.QUASI_UNIFORM_KNOTS.);
#959 = CARTESIAN_POINT('',(0.921107983363,-3.11750650171));
#960 = CARTESIAN_POINT('',(0.907151801796,-3.118156340438));
#961 = CARTESIAN_POINT('',(0.879239438664,-3.119401087641));
#962 = CARTESIAN_POINT('',(0.837370893966,-3.121100469293));
#963 = CARTESIAN_POINT('',(0.795502349268,-3.122629046399));
#964 = CARTESIAN_POINT('',(0.753633804569,-3.123984163066));
#965 = CARTESIAN_POINT('',(0.711765259871,-3.125163437919));
#966 = CARTESIAN_POINT('',(0.669896715173,-3.126164805691));
#967 = CARTESIAN_POINT('',(0.628028170474,-3.12698651082));
#968 = CARTESIAN_POINT('',(0.586159625776,-3.127627113205));
#969 = CARTESIAN_POINT('',(0.544291081078,-3.128085490021));
#970 = CARTESIAN_POINT('',(0.50242253638,-3.128360837868));
#971 = CARTESIAN_POINT('',(0.460553991681,-3.128452674138));
#972 = CARTESIAN_POINT('',(0.418685446983,-3.128360837868));
#973 = CARTESIAN_POINT('',(0.376816902285,-3.128085490021));
#974 = CARTESIAN_POINT('',(0.334948357586,-3.127627113205));
#975 = CARTESIAN_POINT('',(0.293079812888,-3.12698651082));
#976 = CARTESIAN_POINT('',(0.25121126819,-3.126164805691));
#977 = CARTESIAN_POINT('',(0.209342723491,-3.125163437919));
#978 = CARTESIAN_POINT('',(0.167474178793,-3.123984163066));
#979 = CARTESIAN_POINT('',(0.125605634095,-3.122629046399));
#980 = CARTESIAN_POINT('',(8.37370893966E-02,-3.121100469293));
#981 = CARTESIAN_POINT('',(4.18685446983E-02,-3.119401087641));
#982 = CARTESIAN_POINT('',(1.39561815661E-02,-3.118156340438));
#983 = CARTESIAN_POINT('',(0.,-3.11750650171));
#984 = ( GEOMETRIC_REPRESENTATION_CONTEXT(2) 
PARAMETRIC_REPRESENTATION_CONTEXT() REPRESENTATION_CONTEXT('2D SPACE',''
  ) );
#985 = PCURVE('',#986,#991);
#986 = PLANE('',#987);
#987 = AXIS2_PLACEMENT_3D('',#988,#989,#990);
#988 = CARTESIAN_POINT('',(-2.086462859924,-5.615175502006,
    -0.179652108012));
#989 = DIRECTION('',(3.48994967025E-02,-0.999390827019,0.));
#990 = DIRECTION('',(0.,0.,-1.));
#991 = DEFINITIONAL_REPRESENTATION('',(#992),#996);
#992 = ELLIPSE('',#993,3.001828632897,3.);
#993 = AXIS2_PLACEMENT_2D('',#994,#995);
#994 = CARTESIAN_POINT('',(-13.84631877467,74.256536434441));
#995 = DIRECTION('',(-3.078992111247E-14,-1.));
#996 = ( GEOMETRIC_REPRESENTATION_CONTEXT(2) 
PARAMETRIC_REPRESENTATION_CONTEXT() REPRESENTATION_CONTEXT('2D SPACE',''
  ) );
#997 = ORIENTED_EDGE('',*,*,#998,.F.);
#998 = EDGE_CURVE('',#142,#946,#999,.T.);
#999 = SURFACE_CURVE('',#1000,(#1004,#1011),.PCURVE_S1.);
#1000 = LINE('',#1001,#1002);
#1001 = CARTESIAN_POINT('',(69.437419249433,3.11750650171,15.));
#1002 = VECTOR('',#1003,1.);
#1003 = DIRECTION('',(0.,-1.,0.));
#1004 = PCURVE('',#158,#1005);
#1005 = DEFINITIONAL_REPRESENTATION('',(#1006),#1010);
#1006 = LINE('',#1007,#1008);
#1007 = CARTESIAN_POINT('',(0.921107983363,3.11750650171));
#1008 = VECTOR('',#1009,1.);
#1009 = DIRECTION('',(0.,-1.));
#1010 = ( GEOMETRIC_REPRESENTATION_CONTEXT(2) 
PARAMETRIC_REPRESENTATION_CONTEXT() REPRESENTATION_CONTEXT('2D SPACE',''
  ) );
#1011 = PCURVE('',#208,#1012);
#1012 = DEFINITIONAL_REPRESENTATION('',(#1013),#1017);
#1013 = LINE('',#1014,#1015);
#1014 = CARTESIAN_POINT('',(-3.156290375284,6.23501300342));
#1015 = VECTOR('',#1016,1.);
#1016 = DIRECTION('',(0.,-1.));
#1017 = ( GEOMETRIC_REPRESENTATION_CONTEXT(2) 
PARAMETRIC_REPRESENTATION_CONTEXT() REPRESENTATION_CONTEXT('2D SPACE',''
  ) );
#1018 = ORIENTED_EDGE('',*,*,#139,.F.);
#1019 = ORIENTED_EDGE('',*,*,#1020,.F.);
#1020 = EDGE_CURVE('',#948,#140,#1021,.T.);
#1021 = SURFACE_CURVE('',#1022,(#1026,#1033),.PCURVE_S1.);
#1022 = LINE('',#1023,#1024);
#1023 = CARTESIAN_POINT('',(69.437419249433,-3.11750650171,
    12.333333333333));
#1024 = VECTOR('',#1025,1.);
#1025 = DIRECTION('',(0.,1.,0.));
#1026 = PCURVE('',#158,#1027);
#1027 = DEFINITIONAL_REPRESENTATION('',(#1028),#1032);
#1028 = LINE('',#1029,#1030);
#1029 = CARTESIAN_POINT('',(0.,-3.11750650171));
#1030 = VECTOR('',#1031,1.);
#1031 = DIRECTION('',(0.,1.));
#1032 = ( GEOMETRIC_REPRESENTATION_CONTEXT(2) 
PARAMETRIC_REPRESENTATION_CONTEXT() REPRESENTATION_CONTEXT('2D SPACE',''
  ) );
#1033 = PCURVE('',#425,#1034);
#1034 = DEFINITIONAL_REPRESENTATION('',(#1035),#1039);
#1035 = LINE('',#1036,#1037);
#1036 = CARTESIAN_POINT('',(4.584005414039,-3.11750650171));
#1037 = VECTOR('',#1038,1.);
#1038 = DIRECTION('',(0.,1.));
#1039 = ( GEOMETRIC_REPRESENTATION_CONTEXT(2) 
PARAMETRIC_REPRESENTATION_CONTEXT() REPRESENTATION_CONTEXT('2D SPACE',''
  ) );
#1040 = ADVANCED_FACE('',(#1041),#425,.F.);
#1041 = FACE_BOUND('',#1042,.F.);
#1042 = EDGE_LOOP('',(#1043,#1066,#1067,#1068));
#1043 = ORIENTED_EDGE('',*,*,#1044,.T.);
#1044 = EDGE_CURVE('',#1045,#379,#1047,.T.);
#1045 = VERTEX_POINT('',#1046);
#1046 = CARTESIAN_POINT('',(63.812078340955,-3.313947734887,
    10.392862185895));
#1047 = SURFACE_CURVE('',#1048,(#1052,#1059),.PCURVE_S1.);
#1048 = LINE('',#1049,#1050);
#1049 = CARTESIAN_POINT('',(63.812078340955,-3.313947734887,
    10.392862185895));
#1050 = VECTOR('',#1051,1.);
#1051 = DIRECTION('',(0.,1.,0.));
#1052 = PCURVE('',#425,#1053);
#1053 = DEFINITIONAL_REPRESENTATION('',(#1054),#1058);
#1054 = LINE('',#1055,#1056);
#1055 = CARTESIAN_POINT('',(7.98236520032,-3.313947734887));
#1056 = VECTOR('',#1057,1.);
#1057 = DIRECTION('',(0.,1.));
#1058 = ( GEOMETRIC_REPRESENTATION_CONTEXT(2) 
PARAMETRIC_REPRESENTATION_CONTEXT() REPRESENTATION_CONTEXT('2D SPACE',''
  ) );
#1059 = PCURVE('',#394,#1060);
#1060 = DEFINITIONAL_REPRESENTATION('',(#1061),#1065);
#1061 = LINE('',#1062,#1063);
#1062 = CARTESIAN_POINT('',(65.940335128355,4.602569016748));
#1063 = VECTOR('',#1064,1.);
#1064 = DIRECTION('',(0.,1.));
#1065 = ( GEOMETRIC_REPRESENTATION_CONTEXT(2) 
PARAMETRIC_REPRESENTATION_CONTEXT() REPRESENTATION_CONTEXT('2D SPACE',''
  ) );
#1066 = ORIENTED_EDGE('',*,*,#406,.T.);
#1067 = ORIENTED_EDGE('',*,*,#1020,.F.);
#1068 = ORIENTED_EDGE('',*,*,#1069,.T.);
#1069 = EDGE_CURVE('',#948,#1045,#1070,.T.);
#1070 = SURFACE_CURVE('',#1071,(#1076,#1105),.PCURVE_S1.);
#1071 = ELLIPSE('',#1072,3.001828632896,3.);
#1072 = AXIS2_PLACEMENT_3D('',#1073,#1074,#1075);
#1073 = CARTESIAN_POINT('',(66.75,-3.211353249847,11.));
#1074 = DIRECTION('',(-3.48994967025E-02,0.999390827019,
    1.512104433508E-16));
#1075 = DIRECTION('',(0.999390827019,3.48994967025E-02,
    1.102895623757E-11));
#1076 = PCURVE('',#425,#1077);
#1077 = DEFINITIONAL_REPRESENTATION('',(#1078),#1104);
#1078 = B_SPLINE_CURVE_WITH_KNOTS('',3,(#1079,#1080,#1081,#1082,#1083,
    #1084,#1085,#1086,#1087,#1088,#1089,#1090,#1091,#1092,#1093,#1094,
    #1095,#1096,#1097,#1098,#1099,#1100,#1101,#1102,#1103),
  .UNSPECIFIED.,.F.,.F.,(4,1,1,1,1,1,1,1,1,1,1,1,1,1,1,1,1,1,1,1,1,1,4),
  (5.822631315509,5.977102214886,6.131573114262,6.286044013639,
    6.440514913015,6.594985812391,6.749456711768,6.903927611144,
    7.058398510521,7.212869409897,7.367340309274,7.52181120865,
    7.676282108026,7.830753007403,7.985223906779,8.139694806156,
    8.294165705532,8.448636604909,8.603107504285,8.757578403661,
    8.912049303038,9.066520202414,9.220991101791),
  .QUASI_UNIFORM_KNOTS.);
#1079 = CARTESIAN_POINT('',(4.584005414039,-3.11750650171));
#1080 = CARTESIAN_POINT('',(4.635495713831,-3.115104289872));
#1081 = CARTESIAN_POINT('',(4.738476313415,-3.111064337823));
#1082 = CARTESIAN_POINT('',(4.892947212792,-3.107379422072));
#1083 = CARTESIAN_POINT('',(5.047418112168,-3.106174074511));
#1084 = CARTESIAN_POINT('',(5.201889011545,-3.107472496531));
#1085 = CARTESIAN_POINT('',(5.356359910921,-3.111244974167));
#1086 = CARTESIAN_POINT('',(5.510830810297,-3.117401346933));
#1087 = CARTESIAN_POINT('',(5.665301709674,-3.125795094511));
#1088 = CARTESIAN_POINT('',(5.81977260905,-3.136226306249));
#1089 = CARTESIAN_POINT('',(5.974243508427,-3.148446581053));
#1090 = CARTESIAN_POINT('',(6.128714407803,-3.162164905472));
#1091 = CARTESIAN_POINT('',(6.28318530718,-3.177054593825));
#1092 = CARTESIAN_POINT('',(6.437656206556,-3.192761065221));
#1093 = CARTESIAN_POINT('',(6.592127105932,-3.208910288026));
#1094 = CARTESIAN_POINT('',(6.746598005309,-3.225117687493));
#1095 = CARTESIAN_POINT('',(6.901068904685,-3.240997301449));
#1096 = CARTESIAN_POINT('',(7.055539804062,-3.256170981116));
#1097 = CARTESIAN_POINT('',(7.210010703438,-3.270277360503));
#1098 = CARTESIAN_POINT('',(7.364481602815,-3.282980595492));
#1099 = CARTESIAN_POINT('',(7.518952502191,-3.293977863085));
#1100 = CARTESIAN_POINT('',(7.673423401568,-3.303008433193));
#1101 = CARTESIAN_POINT('',(7.827894300944,-3.30985293448));
#1102 = CARTESIAN_POINT('',(7.930874900528,-3.312860638568));
#1103 = CARTESIAN_POINT('',(7.98236520032,-3.313947734887));
#1104 = ( GEOMETRIC_REPRESENTATION_CONTEXT(2) 
PARAMETRIC_REPRESENTATION_CONTEXT() REPRESENTATION_CONTEXT('2D SPACE',''
  ) );
#1105 = PCURVE('',#986,#1106);
#1106 = DEFINITIONAL_REPRESENTATION('',(#1107),#1115);
#1107 = ( BOUNDED_CURVE() B_SPLINE_CURVE(2,(#1108,#1109,#1110,#1111,
#1112,#1113,#1114),.UNSPECIFIED.,.T.,.F.) B_SPLINE_CURVE_WITH_KNOTS((1,2
    ,2,2,2,1),(-2.094395102393,0.,2.094395102393,4.188790204786,
6.28318530718,8.377580409573),.UNSPECIFIED.) CURVE() 
GEOMETRIC_REPRESENTATION_ITEM() RATIONAL_B_SPLINE_CURVE((1.,0.5,1.,0.5,
1.,0.5,1.)) REPRESENTATION_ITEM('') );
#1108 = CARTESIAN_POINT('',(-11.17965210804,71.880250366308));
#1109 = CARTESIAN_POINT('',(-5.983499685339,71.880250366365));
#1110 = CARTESIAN_POINT('',(-8.581575896642,67.377507416992));
#1111 = CARTESIAN_POINT('',(-11.17965210794,62.874764467619));
#1112 = CARTESIAN_POINT('',(-13.77772831934,67.377507416935));
#1113 = CARTESIAN_POINT('',(-16.37580453075,71.880250366251));
#1114 = CARTESIAN_POINT('',(-11.17965210804,71.880250366308));
#1115 = ( GEOMETRIC_REPRESENTATION_CONTEXT(2) 
PARAMETRIC_REPRESENTATION_CONTEXT() REPRESENTATION_CONTEXT('2D SPACE',''
  ) );
#1116 = ADVANCED_FACE('',(#1117),#208,.T.);
#1117 = FACE_BOUND('',#1118,.T.);
#1118 = EDGE_LOOP('',(#1119,#1120,#1143,#1171,#1200,#1221));
#1119 = ORIENTED_EDGE('',*,*,#998,.T.);
#1120 = ORIENTED_EDGE('',*,*,#1121,.T.);
#1121 = EDGE_CURVE('',#946,#1122,#1124,.T.);
#1122 = VERTEX_POINT('',#1123);
#1123 = CARTESIAN_POINT('',(72.802365194785,-3.,15.));
#1124 = SURFACE_CURVE('',#1125,(#1129,#1136),.PCURVE_S1.);
#1125 = LINE('',#1126,#1127);
#1126 = CARTESIAN_POINT('',(69.437419249433,-3.11750650171,15.));
#1127 = VECTOR('',#1128,1.);
#1128 = DIRECTION('',(0.999390827019,3.48994967025E-02,0.));
#1129 = PCURVE('',#208,#1130);
#1130 = DEFINITIONAL_REPRESENTATION('',(#1131),#1135);
#1131 = LINE('',#1132,#1133);
#1132 = CARTESIAN_POINT('',(-3.156290375284,0.));
#1133 = VECTOR('',#1134,1.);
#1134 = DIRECTION('',(0.999390827019,3.48994967025E-02));
#1135 = ( GEOMETRIC_REPRESENTATION_CONTEXT(2) 
PARAMETRIC_REPRESENTATION_CONTEXT() REPRESENTATION_CONTEXT('2D SPACE',''
  ) );
#1136 = PCURVE('',#986,#1137);
#1137 = DEFINITIONAL_REPRESENTATION('',(#1138),#1142);
#1138 = LINE('',#1139,#1140);
#1139 = CARTESIAN_POINT('',(-15.17965210801,71.567479083926));
#1140 = VECTOR('',#1141,1.);
#1141 = DIRECTION('',(0.,1.));
#1142 = ( GEOMETRIC_REPRESENTATION_CONTEXT(2) 
PARAMETRIC_REPRESENTATION_CONTEXT() REPRESENTATION_CONTEXT('2D SPACE',''
  ) );
#1143 = ORIENTED_EDGE('',*,*,#1144,.T.);
#1144 = EDGE_CURVE('',#1122,#1145,#1147,.T.);
#1145 = VERTEX_POINT('',#1146);
#1146 = CARTESIAN_POINT('',(72.75,-3.,15.));
#1147 = SURFACE_CURVE('',#1148,(#1152,#1159),.PCURVE_S1.);
#1148 = LINE('',#1149,#1150);
#1149 = CARTESIAN_POINT('',(72.802365194785,-3.,15.));
#1150 = VECTOR('',#1151,1.);
#1151 = DIRECTION('',(-1.,0.,0.));
#1152 = PCURVE('',#208,#1153);
#1153 = DEFINITIONAL_REPRESENTATION('',(#1154),#1158);
#1154 = LINE('',#1155,#1156);
#1155 = CARTESIAN_POINT('',(0.208655570069,0.11750650171));
#1156 = VECTOR('',#1157,1.);
#1157 = DIRECTION('',(-1.,0.));
#1158 = ( GEOMETRIC_REPRESENTATION_CONTEXT(2) 
PARAMETRIC_REPRESENTATION_CONTEXT() REPRESENTATION_CONTEXT('2D SPACE',''
  ) );
#1159 = PCURVE('',#1160,#1165);
#1160 = PLANE('',#1161);
#1161 = AXIS2_PLACEMENT_3D('',#1162,#1163,#1164);
#1162 = CARTESIAN_POINT('',(72.776182597393,-3.,4.291796067501));
#1163 = DIRECTION('',(0.,1.,0.));
#1164 = DIRECTION('',(0.,-0.,1.));
#1165 = DEFINITIONAL_REPRESENTATION('',(#1166),#1170);
#1166 = LINE('',#1167,#1168);
#1167 = CARTESIAN_POINT('',(10.708203932499,2.618259739251E-02));
#1168 = VECTOR('',#1169,1.);
#1169 = DIRECTION('',(0.,-1.));
#1170 = ( GEOMETRIC_REPRESENTATION_CONTEXT(2) 
PARAMETRIC_REPRESENTATION_CONTEXT() REPRESENTATION_CONTEXT('2D SPACE',''
  ) );
#1171 = ORIENTED_EDGE('',*,*,#1172,.T.);
#1172 = EDGE_CURVE('',#1145,#1173,#1175,.T.);
#1173 = VERTEX_POINT('',#1174);
#1174 = CARTESIAN_POINT('',(72.75,3.,15.));
#1175 = SURFACE_CURVE('',#1176,(#1181,#1188),.PCURVE_S1.);
#1176 = CIRCLE('',#1177,3.);
#1177 = AXIS2_PLACEMENT_3D('',#1178,#1179,#1180);
#1178 = CARTESIAN_POINT('',(72.75,9.436895709314E-15,15.));
#1179 = DIRECTION('',(0.,0.,1.));
#1180 = DIRECTION('',(-2.960594732334E-15,1.,0.));
#1181 = PCURVE('',#208,#1182);
#1182 = DEFINITIONAL_REPRESENTATION('',(#1183),#1187);
#1183 = CIRCLE('',#1184,3.);
#1184 = AXIS2_PLACEMENT_2D('',#1185,#1186);
#1185 = CARTESIAN_POINT('',(0.156290375284,3.11750650171));
#1186 = DIRECTION('',(-2.960594732334E-15,1.));
#1187 = ( GEOMETRIC_REPRESENTATION_CONTEXT(2) 
PARAMETRIC_REPRESENTATION_CONTEXT() REPRESENTATION_CONTEXT('2D SPACE',''
  ) );
#1188 = PCURVE('',#1189,#1194);
#1189 = CYLINDRICAL_SURFACE('',#1190,3.);
#1190 = AXIS2_PLACEMENT_3D('',#1191,#1192,#1193);
#1191 = CARTESIAN_POINT('',(72.75,4.440892098501E-15,9.64589803375));
#1192 = DIRECTION('',(0.,0.,1.));
#1193 = DIRECTION('',(0.,-1.,0.));
#1194 = DEFINITIONAL_REPRESENTATION('',(#1195),#1199);
#1195 = LINE('',#1196,#1197);
#1196 = CARTESIAN_POINT('',(-3.14159265359,5.35410196625));
#1197 = VECTOR('',#1198,1.);
#1198 = DIRECTION('',(1.,0.));
#1199 = ( GEOMETRIC_REPRESENTATION_CONTEXT(2) 
PARAMETRIC_REPRESENTATION_CONTEXT() REPRESENTATION_CONTEXT('2D SPACE',''
  ) );
#1200 = ORIENTED_EDGE('',*,*,#1201,.T.);
#1201 = EDGE_CURVE('',#1173,#193,#1202,.T.);
#1202 = SURFACE_CURVE('',#1203,(#1207,#1214),.PCURVE_S1.);
#1203 = LINE('',#1204,#1205);
#1204 = CARTESIAN_POINT('',(72.75,3.,15.));
#1205 = VECTOR('',#1206,1.);
#1206 = DIRECTION('',(1.,0.,0.));
#1207 = PCURVE('',#208,#1208);
#1208 = DEFINITIONAL_REPRESENTATION('',(#1209),#1213);
#1209 = LINE('',#1210,#1211);
#1210 = CARTESIAN_POINT('',(0.156290375284,6.11750650171));
#1211 = VECTOR('',#1212,1.);
#1212 = DIRECTION('',(1.,0.));
#1213 = ( GEOMETRIC_REPRESENTATION_CONTEXT(2) 
PARAMETRIC_REPRESENTATION_CONTEXT() REPRESENTATION_CONTEXT('2D SPACE',''
  ) );
#1214 = PCURVE('',#236,#1215);
#1215 = DEFINITIONAL_REPRESENTATION('',(#1216),#1220);
#1216 = LINE('',#1217,#1218);
#1217 = CARTESIAN_POINT('',(-10.70820393249,-2.618259739219E-02));
#1218 = VECTOR('',#1219,1.);
#1219 = DIRECTION('',(0.,1.));
#1220 = ( GEOMETRIC_REPRESENTATION_CONTEXT(2) 
PARAMETRIC_REPRESENTATION_CONTEXT() REPRESENTATION_CONTEXT('2D SPACE',''
  ) );
#1221 = ORIENTED_EDGE('',*,*,#192,.T.);
#1222 = ADVANCED_FACE('',(#1223),#394,.T.);
#1223 = FACE_BOUND('',#1224,.T.);
#1224 = EDGE_LOOP('',(#1225,#1226,#1249,#1277,#1305,#1326,#1327,#1328));
#1225 = ORIENTED_EDGE('',*,*,#837,.T.);
#1226 = ORIENTED_EDGE('',*,*,#1227,.T.);
#1227 = EDGE_CURVE('',#840,#1228,#1230,.T.);
#1228 = VERTEX_POINT('',#1229);
#1229 = CARTESIAN_POINT('',(-60.75,-3.5,14.742665811053));
#1230 = SURFACE_CURVE('',#1231,(#1235,#1242),.PCURVE_S1.);
#1231 = LINE('',#1232,#1233);
#1232 = CARTESIAN_POINT('',(-60.75,3.5,14.742665811053));
#1233 = VECTOR('',#1234,1.);
#1234 = DIRECTION('',(0.,-1.,0.));
#1235 = PCURVE('',#394,#1236);
#1236 = DEFINITIONAL_REPRESENTATION('',(#1237),#1241);
#1237 = LINE('',#1238,#1239);
#1238 = CARTESIAN_POINT('',(-58.6976693173,11.416516751635));
#1239 = VECTOR('',#1240,1.);
#1240 = DIRECTION('',(0.,-1.));
#1241 = ( GEOMETRIC_REPRESENTATION_CONTEXT(2) 
PARAMETRIC_REPRESENTATION_CONTEXT() REPRESENTATION_CONTEXT('2D SPACE',''
  ) );
#1242 = PCURVE('',#927,#1243);
#1243 = DEFINITIONAL_REPRESENTATION('',(#1244),#1248);
#1244 = LINE('',#1245,#1246);
#1245 = CARTESIAN_POINT('',(0.,3.5));
#1246 = VECTOR('',#1247,1.);
#1247 = DIRECTION('',(0.,-1.));
#1248 = ( GEOMETRIC_REPRESENTATION_CONTEXT(2) 
PARAMETRIC_REPRESENTATION_CONTEXT() REPRESENTATION_CONTEXT('2D SPACE',''
  ) );
#1249 = ORIENTED_EDGE('',*,*,#1250,.T.);
#1250 = EDGE_CURVE('',#1228,#1251,#1253,.T.);
#1251 = VERTEX_POINT('',#1252);
#1252 = CARTESIAN_POINT('',(-67.98825377473,-3.5,14.995431202643));
#1253 = SURFACE_CURVE('',#1254,(#1258,#1265),.PCURVE_S1.);
#1254 = LINE('',#1255,#1256);
#1255 = CARTESIAN_POINT('',(-60.75,-3.5,14.742665811053));
#1256 = VECTOR('',#1257,1.);
#1257 = DIRECTION('',(-0.999390827019,0.,3.489949670249E-02));
#1258 = PCURVE('',#394,#1259);
#1259 = DEFINITIONAL_REPRESENTATION('',(#1260),#1264);
#1260 = LINE('',#1261,#1262);
#1261 = CARTESIAN_POINT('',(-58.6976693173,4.416516751635));
#1262 = VECTOR('',#1263,1.);
#1263 = DIRECTION('',(-1.,0.));
#1264 = ( GEOMETRIC_REPRESENTATION_CONTEXT(2) 
PARAMETRIC_REPRESENTATION_CONTEXT() REPRESENTATION_CONTEXT('2D SPACE',''
  ) );
#1265 = PCURVE('',#1266,#1271);
#1266 = PLANE('',#1267);
#1267 = AXIS2_PLACEMENT_3D('',#1268,#1269,#1270);
#1268 = CARTESIAN_POINT('',(-68.86264545731,-3.5,15.151043820814));
#1269 = DIRECTION('',(0.,1.,0.));
#1270 = DIRECTION('',(0.,-0.,1.));
#1271 = DEFINITIONAL_REPRESENTATION('',(#1272),#1276);
#1272 = LINE('',#1273,#1274);
#1273 = CARTESIAN_POINT('',(-0.408378009761,8.112645457317));
#1274 = VECTOR('',#1275,1.);
#1275 = DIRECTION('',(3.489949670249E-02,-0.999390827019));
#1276 = ( GEOMETRIC_REPRESENTATION_CONTEXT(2) 
PARAMETRIC_REPRESENTATION_CONTEXT() REPRESENTATION_CONTEXT('2D SPACE',''
  ) );
#1277 = ORIENTED_EDGE('',*,*,#1278,.F.);
#1278 = EDGE_CURVE('',#1279,#1251,#1281,.T.);
#1279 = VERTEX_POINT('',#1280);
#1280 = CARTESIAN_POINT('',(-67.98825377473,-7.916516751635,
    14.995431202643));
#1281 = SURFACE_CURVE('',#1282,(#1286,#1293),.PCURVE_S1.);
#1282 = LINE('',#1283,#1284);
#1283 = CARTESIAN_POINT('',(-67.98825377473,-7.916516751635,
    14.995431202643));
#1284 = VECTOR('',#1285,1.);
#1285 = DIRECTION('',(0.,1.,0.));
#1286 = PCURVE('',#394,#1287);
#1287 = DEFINITIONAL_REPRESENTATION('',(#1288),#1292);
#1288 = LINE('',#1289,#1290);
#1289 = CARTESIAN_POINT('',(-65.94033512835,0.));
#1290 = VECTOR('',#1291,1.);
#1291 = DIRECTION('',(0.,1.));
#1292 = ( GEOMETRIC_REPRESENTATION_CONTEXT(2) 
PARAMETRIC_REPRESENTATION_CONTEXT() REPRESENTATION_CONTEXT('2D SPACE',''
  ) );
#1293 = PCURVE('',#1294,#1299);
#1294 = CYLINDRICAL_SURFACE('',#1295,7.5);
#1295 = AXIS2_PLACEMENT_3D('',#1296,#1297,#1298);
#1296 = CARTESIAN_POINT('',(-68.25,-5.863994761578,7.5));
#1297 = DIRECTION('',(0.,1.,0.));
#1298 = DIRECTION('',(-0.999994111407,0.,-3.431785363484E-03));
#1299 = DEFINITIONAL_REPRESENTATION('',(#1300),#1304);
#1300 = LINE('',#1301,#1302);
#1301 = CARTESIAN_POINT('',(1.609134703934,-2.052521990057));
#1302 = VECTOR('',#1303,1.);
#1303 = DIRECTION('',(0.,1.));
#1304 = ( GEOMETRIC_REPRESENTATION_CONTEXT(2) 
PARAMETRIC_REPRESENTATION_CONTEXT() REPRESENTATION_CONTEXT('2D SPACE',''
  ) );
#1305 = ORIENTED_EDGE('',*,*,#1306,.F.);
#1306 = EDGE_CURVE('',#1045,#1279,#1307,.T.);
#1307 = SURFACE_CURVE('',#1308,(#1312,#1319),.PCURVE_S1.);
#1308 = LINE('',#1309,#1310);
#1309 = CARTESIAN_POINT('',(63.812078340955,-3.313947734887,
    10.392862185895));
#1310 = VECTOR('',#1311,1.);
#1311 = DIRECTION('',(-0.998782765959,-3.487826274237E-02,
    3.487826274237E-02));
#1312 = PCURVE('',#394,#1313);
#1313 = DEFINITIONAL_REPRESENTATION('',(#1314),#1318);
#1314 = LINE('',#1315,#1316);
#1315 = CARTESIAN_POINT('',(65.940335128355,4.602569016748));
#1316 = VECTOR('',#1317,1.);
#1317 = DIRECTION('',(-0.999391568299,-3.487826274237E-02));
#1318 = ( GEOMETRIC_REPRESENTATION_CONTEXT(2) 
PARAMETRIC_REPRESENTATION_CONTEXT() REPRESENTATION_CONTEXT('2D SPACE',''
  ) );
#1319 = PCURVE('',#986,#1320);
#1320 = DEFINITIONAL_REPRESENTATION('',(#1321),#1325);
#1321 = LINE('',#1322,#1323);
#1322 = CARTESIAN_POINT('',(-10.5725142939,65.938709280969));
#1323 = VECTOR('',#1324,1.);
#1324 = DIRECTION('',(-3.487826274237E-02,-0.999391568299));
#1325 = ( GEOMETRIC_REPRESENTATION_CONTEXT(2) 
PARAMETRIC_REPRESENTATION_CONTEXT() REPRESENTATION_CONTEXT('2D SPACE',''
  ) );
#1326 = ORIENTED_EDGE('',*,*,#1044,.T.);
#1327 = ORIENTED_EDGE('',*,*,#378,.F.);
#1328 = ORIENTED_EDGE('',*,*,#1329,.F.);
#1329 = EDGE_CURVE('',#838,#328,#1330,.T.);
#1330 = SURFACE_CURVE('',#1331,(#1335,#1342),.PCURVE_S1.);
#1331 = LINE('',#1332,#1333);
#1332 = CARTESIAN_POINT('',(-67.98825377473,3.5,14.995431202643));
#1333 = VECTOR('',#1334,1.);
#1334 = DIRECTION('',(0.,1.,0.));
#1335 = PCURVE('',#394,#1336);
#1336 = DEFINITIONAL_REPRESENTATION('',(#1337),#1341);
#1337 = LINE('',#1338,#1339);
#1338 = CARTESIAN_POINT('',(-65.94033512835,11.416516751635));
#1339 = VECTOR('',#1340,1.);
#1340 = DIRECTION('',(0.,1.));
#1341 = ( GEOMETRIC_REPRESENTATION_CONTEXT(2) 
PARAMETRIC_REPRESENTATION_CONTEXT() REPRESENTATION_CONTEXT('2D SPACE',''
  ) );
#1342 = PCURVE('',#344,#1343);
#1343 = DEFINITIONAL_REPRESENTATION('',(#1344),#1348);
#1344 = LINE('',#1345,#1346);
#1345 = CARTESIAN_POINT('',(7.892320011114,-2.364134700522));
#1346 = VECTOR('',#1347,1.);
#1347 = DIRECTION('',(0.,1.));
#1348 = ( GEOMETRIC_REPRESENTATION_CONTEXT(2) 
PARAMETRIC_REPRESENTATION_CONTEXT() REPRESENTATION_CONTEXT('2D SPACE',''
  ) );
#1349 = ADVANCED_FACE('',(#1350),#236,.T.);
#1350 = FACE_BOUND('',#1351,.T.);
#1351 = EDGE_LOOP('',(#1352,#1375,#1376,#1377));
#1352 = ORIENTED_EDGE('',*,*,#1353,.T.);
#1353 = EDGE_CURVE('',#1354,#221,#1356,.T.);
#1354 = VERTEX_POINT('',#1355);
#1355 = CARTESIAN_POINT('',(72.75,3.,4.291796067501));
#1356 = SURFACE_CURVE('',#1357,(#1362,#1369),.PCURVE_S1.);
#1357 = ELLIPSE('',#1358,8.99988496023,8.999769918296);
#1358 = AXIS2_PLACEMENT_3D('',#1359,#1360,#1361);
#1359 = CARTESIAN_POINT('',(66.750153832734,3.000000000072,
    10.999828906223));
#1360 = DIRECTION('',(-5.383952928043E-12,-1.,5.972200902157E-12));
#1361 = DIRECTION('',(0.743621820832,-1.060855353041E-14,0.668600469326)
  );
#1362 = PCURVE('',#236,#1363);
#1363 = DEFINITIONAL_REPRESENTATION('',(#1364),#1368);
#1364 = ELLIPSE('',#1365,8.99988496023,8.999769918296);
#1365 = AXIS2_PLACEMENT_2D('',#1366,#1367);
#1366 = CARTESIAN_POINT('',(-6.708032838723,-6.026028764658));
#1367 = DIRECTION('',(-0.668600469326,0.743621820832));
#1368 = ( GEOMETRIC_REPRESENTATION_CONTEXT(2) 
PARAMETRIC_REPRESENTATION_CONTEXT() REPRESENTATION_CONTEXT('2D SPACE',''
  ) );
#1369 = PCURVE('',#265,#1370);
#1370 = DEFINITIONAL_REPRESENTATION('',(#1371),#1374);
#1371 = B_SPLINE_CURVE_WITH_KNOTS('',1,(#1372,#1373),.UNSPECIFIED.,.F.,
  .F.,(2,2),(4.709791458416,4.71762522473),.PIECEWISE_BEZIER_KNOTS.);
#1372 = CARTESIAN_POINT('',(0.841068670568,3.));
#1373 = CARTESIAN_POINT('',(0.833235004387,3.));
#1374 = ( GEOMETRIC_REPRESENTATION_CONTEXT(2) 
PARAMETRIC_REPRESENTATION_CONTEXT() REPRESENTATION_CONTEXT('2D SPACE',''
  ) );
#1375 = ORIENTED_EDGE('',*,*,#220,.T.);
#1376 = ORIENTED_EDGE('',*,*,#1201,.F.);
#1377 = ORIENTED_EDGE('',*,*,#1378,.F.);
#1378 = EDGE_CURVE('',#1354,#1173,#1379,.T.);
#1379 = SURFACE_CURVE('',#1380,(#1384,#1391),.PCURVE_S1.);
#1380 = LINE('',#1381,#1382);
#1381 = CARTESIAN_POINT('',(72.75,3.,4.291796067501));
#1382 = VECTOR('',#1383,1.);
#1383 = DIRECTION('',(0.,0.,1.));
#1384 = PCURVE('',#236,#1385);
#1385 = DEFINITIONAL_REPRESENTATION('',(#1386),#1390);
#1386 = LINE('',#1387,#1388);
#1387 = CARTESIAN_POINT('',(0.,-2.618259739219E-02));
#1388 = VECTOR('',#1389,1.);
#1389 = DIRECTION('',(-1.,0.));
#1390 = ( GEOMETRIC_REPRESENTATION_CONTEXT(2) 
PARAMETRIC_REPRESENTATION_CONTEXT() REPRESENTATION_CONTEXT('2D SPACE',''
  ) );
#1391 = PCURVE('',#1189,#1392);
#1392 = DEFINITIONAL_REPRESENTATION('',(#1393),#1397);
#1393 = LINE('',#1394,#1395);
#1394 = CARTESIAN_POINT('',(3.14159265359,-5.35410196625));
#1395 = VECTOR('',#1396,1.);
#1396 = DIRECTION('',(0.,1.));
#1397 = ( GEOMETRIC_REPRESENTATION_CONTEXT(2) 
PARAMETRIC_REPRESENTATION_CONTEXT() REPRESENTATION_CONTEXT('2D SPACE',''
  ) );
#1398 = ADVANCED_FACE('',(#1399),#344,.T.);
#1399 = FACE_BOUND('',#1400,.T.);
#1400 = EDGE_LOOP('',(#1401,#1402,#1403,#1404));
#1401 = ORIENTED_EDGE('',*,*,#862,.T.);
#1402 = ORIENTED_EDGE('',*,*,#1329,.T.);
#1403 = ORIENTED_EDGE('',*,*,#327,.F.);
#1404 = ORIENTED_EDGE('',*,*,#1405,.F.);
#1405 = EDGE_CURVE('',#863,#300,#1406,.T.);
#1406 = SURFACE_CURVE('',#1407,(#1411,#1418),.PCURVE_S1.);
#1407 = LINE('',#1408,#1409);
#1408 = CARTESIAN_POINT('',(-67.93681482073,3.5,6.541850154373E-03));
#1409 = VECTOR('',#1410,1.);
#1410 = DIRECTION('',(0.,1.,0.));
#1411 = PCURVE('',#344,#1412);
#1412 = DEFINITIONAL_REPRESENTATION('',(#1413),#1417);
#1413 = LINE('',#1414,#1415);
#1414 = CARTESIAN_POINT('',(4.674050603245,-2.364134700522));
#1415 = VECTOR('',#1416,1.);
#1416 = DIRECTION('',(0.,1.));
#1417 = ( GEOMETRIC_REPRESENTATION_CONTEXT(2) 
PARAMETRIC_REPRESENTATION_CONTEXT() REPRESENTATION_CONTEXT('2D SPACE',''
  ) );
#1418 = PCURVE('',#315,#1419);
#1419 = DEFINITIONAL_REPRESENTATION('',(#1420),#1424);
#1420 = LINE('',#1421,#1422);
#1421 = CARTESIAN_POINT('',(63.899143226364,11.414720463779));
#1422 = VECTOR('',#1423,1.);
#1423 = DIRECTION('',(0.,1.));
#1424 = ( GEOMETRIC_REPRESENTATION_CONTEXT(2) 
PARAMETRIC_REPRESENTATION_CONTEXT() REPRESENTATION_CONTEXT('2D SPACE',''
  ) );
#1425 = ADVANCED_FACE('',(#1426),#265,.T.);
#1426 = FACE_BOUND('',#1427,.T.);
#1427 = EDGE_LOOP('',(#1428,#1476,#1497,#1498,#1499,#1571,#1643));
#1428 = ORIENTED_EDGE('',*,*,#1429,.F.);
#1429 = EDGE_CURVE('',#1430,#1432,#1434,.T.);
#1430 = VERTEX_POINT('',#1431);
#1431 = CARTESIAN_POINT('',(59.75,-3.455798636289,5.343145750508));
#1432 = VERTEX_POINT('',#1433);
#1433 = CARTESIAN_POINT('',(72.802365194785,-3.,4.339003411729));
#1434 = SURFACE_CURVE('',#1435,(#1440,#1469),.PCURVE_S1.);
#1435 = ELLIPSE('',#1436,9.00548589869,9.000000000002);
#1436 = AXIS2_PLACEMENT_3D('',#1437,#1438,#1439);
#1437 = CARTESIAN_POINT('',(66.75,-3.211353249847,11.000000000002));
#1438 = DIRECTION('',(3.48994967025E-02,-0.999390827019,
    -1.056976664434E-15));
#1439 = DIRECTION('',(0.999390827019,3.48994967025E-02,
    2.424357479455E-11));
#1440 = PCURVE('',#265,#1441);
#1441 = DEFINITIONAL_REPRESENTATION('',(#1442),#1468);
#1442 = B_SPLINE_CURVE_WITH_KNOTS('',3,(#1443,#1444,#1445,#1446,#1447,
    #1448,#1449,#1450,#1451,#1452,#1453,#1454,#1455,#1456,#1457,#1458,
    #1459,#1460,#1461,#1462,#1463,#1464,#1465,#1466,#1467),
  .UNSPECIFIED.,.F.,.F.,(4,1,1,1,1,1,1,1,1,1,1,1,1,1,1,1,1,1,1,1,1,1,4),
  (3.821266472474,3.895297555669,3.969328638864,4.04335972206,
    4.117390805255,4.19142188845,4.265452971645,4.33948405484,
    4.413515138036,4.487546221231,4.561577304426,4.635608387621,
    4.709639470817,4.783670554012,4.857701637207,4.931732720402,
    5.005763803597,5.079794886793,5.153825969988,5.227857053183,
    5.301888136378,5.375919219574,5.449950302769),
  .QUASI_UNIFORM_KNOTS.);
#1443 = CARTESIAN_POINT('',(2.461918834682,-3.455798636289));
#1444 = CARTESIAN_POINT('',(2.43724180695,-3.450924459434));
#1445 = CARTESIAN_POINT('',(2.387887751486,-3.440727377286));
#1446 = CARTESIAN_POINT('',(2.313856668291,-3.424176790222));
#1447 = CARTESIAN_POINT('',(2.239825585096,-3.40645991406));
#1448 = CARTESIAN_POINT('',(2.165794501901,-3.387674337082));
#1449 = CARTESIAN_POINT('',(2.091763418705,-3.367922825585));
#1450 = CARTESIAN_POINT('',(2.01773233551,-3.347313618601));
#1451 = CARTESIAN_POINT('',(1.943701252315,-3.325959605134));
#1452 = CARTESIAN_POINT('',(1.86967016912,-3.303977767328));
#1453 = CARTESIAN_POINT('',(1.795639085924,-3.281488523122));
#1454 = CARTESIAN_POINT('',(1.721608002729,-3.258615071012));
#1455 = CARTESIAN_POINT('',(1.647576919534,-3.235482713972));
#1456 = CARTESIAN_POINT('',(1.573545836339,-3.212218173347));
#1457 = CARTESIAN_POINT('',(1.499514753144,-3.188948894595));
#1458 = CARTESIAN_POINT('',(1.425483669948,-3.165802349076));
#1459 = CARTESIAN_POINT('',(1.351452586753,-3.142905336016));
#1460 = CARTESIAN_POINT('',(1.277421503558,-3.120383286893));
#1461 = CARTESIAN_POINT('',(1.203390420363,-3.098359582023));
#1462 = CARTESIAN_POINT('',(1.129359337167,-3.076954860814));
#1463 = CARTESIAN_POINT('',(1.055328253972,-3.056286412611));
#1464 = CARTESIAN_POINT('',(0.981297170777,-3.036467341153));
#1465 = CARTESIAN_POINT('',(0.907266087582,-3.017606665331));
#1466 = CARTESIAN_POINT('',(0.857912032118,-3.005739577512));
#1467 = CARTESIAN_POINT('',(0.833235004386,-3.));
#1468 = ( GEOMETRIC_REPRESENTATION_CONTEXT(2) 
PARAMETRIC_REPRESENTATION_CONTEXT() REPRESENTATION_CONTEXT('2D SPACE',''
  ) );
#1469 = PCURVE('',#986,#1470);
#1470 = DEFINITIONAL_REPRESENTATION('',(#1471),#1475);
#1471 = ELLIPSE('',#1472,9.00548589869,9.000000000002);
#1472 = AXIS2_PLACEMENT_2D('',#1473,#1474);
#1473 = CARTESIAN_POINT('',(-11.17965210801,68.878421733412));
#1474 = DIRECTION('',(-2.424357479455E-11,1.));
#1475 = ( GEOMETRIC_REPRESENTATION_CONTEXT(2) 
PARAMETRIC_REPRESENTATION_CONTEXT() REPRESENTATION_CONTEXT('2D SPACE',''
  ) );
#1476 = ORIENTED_EDGE('',*,*,#1477,.T.);
#1477 = EDGE_CURVE('',#1430,#249,#1478,.T.);
#1478 = SURFACE_CURVE('',#1479,(#1483,#1490),.PCURVE_S1.);
#1479 = LINE('',#1480,#1481);
#1480 = CARTESIAN_POINT('',(59.75,-3.455798636289,5.343145750508));
#1481 = VECTOR('',#1482,1.);
#1482 = DIRECTION('',(0.,1.,0.));
#1483 = PCURVE('',#265,#1484);
#1484 = DEFINITIONAL_REPRESENTATION('',(#1485),#1489);
#1485 = LINE('',#1486,#1487);
#1486 = CARTESIAN_POINT('',(2.461918834682,-3.455798636289));
#1487 = VECTOR('',#1488,1.);
#1488 = DIRECTION('',(0.,1.));
#1489 = ( GEOMETRIC_REPRESENTATION_CONTEXT(2) 
PARAMETRIC_REPRESENTATION_CONTEXT() REPRESENTATION_CONTEXT('2D SPACE',''
  ) );
#1490 = PCURVE('',#315,#1491);
#1491 = DEFINITIONAL_REPRESENTATION('',(#1492),#1496);
#1492 = LINE('',#1493,#1494);
#1493 = CARTESIAN_POINT('',(-63.89914322636,4.45892182749));
#1494 = VECTOR('',#1495,1.);
#1495 = DIRECTION('',(0.,1.));
#1496 = ( GEOMETRIC_REPRESENTATION_CONTEXT(2) 
PARAMETRIC_REPRESENTATION_CONTEXT() REPRESENTATION_CONTEXT('2D SPACE',''
  ) );
#1497 = ORIENTED_EDGE('',*,*,#248,.F.);
#1498 = ORIENTED_EDGE('',*,*,#1353,.F.);
#1499 = ORIENTED_EDGE('',*,*,#1500,.F.);
#1500 = EDGE_CURVE('',#1501,#1354,#1503,.T.);
#1501 = VERTEX_POINT('',#1502);
#1502 = CARTESIAN_POINT('',(75.75,9.339062083853E-15,11.));
#1503 = SURFACE_CURVE('',#1504,(#1513,#1542),.PCURVE_S1.);
#1504 = B_SPLINE_CURVE_WITH_KNOTS('',3,(#1505,#1506,#1507,#1508,#1509,
    #1510,#1511,#1512),.UNSPECIFIED.,.F.,.F.,(4,2,2,4),(-2.60578783141,
    -2.202346586008,-2.000625963306,-1.798905340605),.UNSPECIFIED.);
#1505 = CARTESIAN_POINT('',(75.75,4.440892098501E-15,11.));
#1506 = CARTESIAN_POINT('',(75.75,0.672402075671,9.835365441823));
#1507 = CARTESIAN_POINT('',(75.513136739541,1.396617203862,
    8.589025622333));
#1508 = CARTESIAN_POINT('',(74.758401596706,2.261100739142,
    6.844643575889));
#1509 = CARTESIAN_POINT('',(74.442781718648,2.51207604258,6.284050084059
    ));
#1510 = CARTESIAN_POINT('',(73.688656690128,2.880097165026,
    5.231627806706));
#1511 = CARTESIAN_POINT('',(73.251178916471,3.,4.740064117948));
#1512 = CARTESIAN_POINT('',(72.75,3.,4.291796067501));
#1513 = PCURVE('',#265,#1514);
#1514 = DEFINITIONAL_REPRESENTATION('',(#1515),#1541);
#1515 = B_SPLINE_CURVE_WITH_KNOTS('',3,(#1516,#1517,#1518,#1519,#1520,
    #1521,#1522,#1523,#1524,#1525,#1526,#1527,#1528,#1529,#1530,#1531,
    #1532,#1533,#1534,#1535,#1536,#1537,#1538,#1539,#1540),
  .UNSPECIFIED.,.F.,.F.,(4,1,1,1,1,1,1,1,1,1,1,1,1,1,1,1,1,1,1,1,1,1,4),
  (-2.60578783141,-2.569111354555,-2.532434877701,-2.495758400846,
    -2.459081923991,-2.422405447136,-2.385728970282,-2.349052493427,
    -2.312376016572,-2.275699539717,-2.239023062862,-2.202346586008,
    -2.165670109153,-2.128993632298,-2.092317155443,-2.055640678589,
    -2.018964201734,-1.982287724879,-1.945611248024,-1.908934771169,
    -1.872258294315,-1.83558181746,-1.798905340605),
  .QUASI_UNIFORM_KNOTS.);
#1516 = CARTESIAN_POINT('',(0.,4.440892098501E-15));
#1517 = CARTESIAN_POINT('',(1.176394653252E-02,6.112746142463E-02));
#1518 = CARTESIAN_POINT('',(3.544205791427E-02,0.184238798372));
#1519 = CARTESIAN_POINT('',(7.137641175037E-02,0.370574794377));
#1520 = CARTESIAN_POINT('',(0.107694532483,0.55767952951));
#1521 = CARTESIAN_POINT('',(0.144362831127,0.744652751413));
#1522 = CARTESIAN_POINT('',(0.181348395348,0.930594211093));
#1523 = CARTESIAN_POINT('',(0.218619580702,1.114603646991));
#1524 = CARTESIAN_POINT('',(0.256146731255,1.295780844452));
#1525 = CARTESIAN_POINT('',(0.293902738899,1.473225413766));
#1526 = CARTESIAN_POINT('',(0.331864147372,1.646037618543));
#1527 = CARTESIAN_POINT('',(0.370010198403,1.813315284164));
#1528 = CARTESIAN_POINT('',(0.408329462717,1.97416533561));
#1529 = CARTESIAN_POINT('',(0.446798036589,2.127660737688));
#1530 = CARTESIAN_POINT('',(0.48540549544,2.272700974707));
#1531 = CARTESIAN_POINT('',(0.524160004335,2.408218745413));
#1532 = CARTESIAN_POINT('',(0.563066095474,2.533140259048));
#1533 = CARTESIAN_POINT('',(0.60213125316,2.646384468434));
#1534 = CARTESIAN_POINT('',(0.641363374073,2.746905841574));
#1535 = CARTESIAN_POINT('',(0.680765885578,2.833831774485));
#1536 = CARTESIAN_POINT('',(0.720385385814,2.904990087692));
#1537 = CARTESIAN_POINT('',(0.760265406948,2.958411521037));
#1538 = CARTESIAN_POINT('',(0.800453666023,2.992072423617));
#1539 = CARTESIAN_POINT('',(0.827484963003,3.));
#1540 = CARTESIAN_POINT('',(0.841068670568,3.));
#1541 = ( GEOMETRIC_REPRESENTATION_CONTEXT(2) 
PARAMETRIC_REPRESENTATION_CONTEXT() REPRESENTATION_CONTEXT('2D SPACE',''
  ) );
#1542 = PCURVE('',#1189,#1543);
#1543 = DEFINITIONAL_REPRESENTATION('',(#1544),#1570);
#1544 = B_SPLINE_CURVE_WITH_KNOTS('',3,(#1545,#1546,#1547,#1548,#1549,
    #1550,#1551,#1552,#1553,#1554,#1555,#1556,#1557,#1558,#1559,#1560,
    #1561,#1562,#1563,#1564,#1565,#1566,#1567,#1568,#1569),
  .UNSPECIFIED.,.F.,.F.,(4,1,1,1,1,1,1,1,1,1,1,1,1,1,1,1,1,1,1,1,1,1,4),
  (-2.60578783141,-2.569111354555,-2.532434877701,-2.495758400846,
    -2.459081923991,-2.422405447136,-2.385728970282,-2.349052493427,
    -2.312376016572,-2.275699539717,-2.239023062862,-2.202346586008,
    -2.165670109153,-2.128993632298,-2.092317155443,-2.055640678589,
    -2.018964201734,-1.982287724879,-1.945611248024,-1.908934771169,
    -1.872258294315,-1.83558181746,-1.798905340605),
  .QUASI_UNIFORM_KNOTS.);
#1545 = CARTESIAN_POINT('',(1.570796326795,1.35410196625));
#1546 = CARTESIAN_POINT('',(1.591172012488,1.248226097325));
#1547 = CARTESIAN_POINT('',(1.632209500125,1.035123859287));
#1548 = CARTESIAN_POINT('',(1.694580132365,0.712163361025));
#1549 = CARTESIAN_POINT('',(1.757720679417,0.386640080899));
#1550 = CARTESIAN_POINT('',(1.821588538358,5.929837830525E-02));
#1551 = CARTESIAN_POINT('',(1.88614894292,-0.26911738756));
#1552 = CARTESIAN_POINT('',(1.951379908025,-0.597862856763));
#1553 = CARTESIAN_POINT('',(2.017277409662,-0.926193672114));
#1554 = CARTESIAN_POINT('',(2.083859300841,-1.253365466189));
#1555 = CARTESIAN_POINT('',(2.151171692358,-1.578633909753));
#1556 = CARTESIAN_POINT('',(2.219283451661,-1.901254531052));
#1557 = CARTESIAN_POINT('',(2.288321640869,-2.220483390216));
#1558 = CARTESIAN_POINT('',(2.358350150859,-2.535574562364));
#1559 = CARTESIAN_POINT('',(2.429348751018,-2.846039007763));
#1560 = CARTESIAN_POINT('',(2.501429491293,-3.151389973273));
#1561 = CARTESIAN_POINT('',(2.574717764434,-3.45113911833));
#1562 = CARTESIAN_POINT('',(2.649382885475,-3.744802165469));
#1563 = CARTESIAN_POINT('',(2.725642164108,-4.031880172253));
#1564 = CARTESIAN_POINT('',(2.803713040152,-4.311911296931));
#1565 = CARTESIAN_POINT('',(2.883832878827,-4.584607395504));
#1566 = CARTESIAN_POINT('',(2.966387628295,-4.849650226617));
#1567 = CARTESIAN_POINT('',(3.051868925375,-5.106729616248));
#1568 = CARTESIAN_POINT('',(3.111224747775,-5.27259868435));
#1569 = CARTESIAN_POINT('',(3.14159265359,-5.35410196625));
#1570 = ( GEOMETRIC_REPRESENTATION_CONTEXT(2) 
PARAMETRIC_REPRESENTATION_CONTEXT() REPRESENTATION_CONTEXT('2D SPACE',''
  ) );
#1571 = ORIENTED_EDGE('',*,*,#1572,.F.);
#1572 = EDGE_CURVE('',#1573,#1501,#1575,.T.);
#1573 = VERTEX_POINT('',#1574);
#1574 = CARTESIAN_POINT('',(72.75,-3.,4.291796067501));
#1575 = SURFACE_CURVE('',#1576,(#1585,#1614),.PCURVE_S1.);
#1576 = B_SPLINE_CURVE_WITH_KNOTS('',3,(#1577,#1578,#1579,#1580,#1581,
    #1582,#1583,#1584),.UNSPECIFIED.,.F.,.F.,(4,2,2,4),(-0.806882490805,
    -0.605161868104,-0.403441245403,0.),.UNSPECIFIED.);
#1577 = CARTESIAN_POINT('',(72.75,-3.,4.291796067501));
#1578 = CARTESIAN_POINT('',(73.251178916471,-3.,4.740064117948));
#1579 = CARTESIAN_POINT('',(73.688656690128,-2.880097165026,
    5.231627806706));
#1580 = CARTESIAN_POINT('',(74.442781718648,-2.51207604258,
    6.284050084059));
#1581 = CARTESIAN_POINT('',(74.758401596706,-2.261100739142,
    6.844643575889));
#1582 = CARTESIAN_POINT('',(75.513136739541,-1.396617203862,
    8.589025622333));
#1583 = CARTESIAN_POINT('',(75.75,-0.672402075671,9.835365441823));
#1584 = CARTESIAN_POINT('',(75.75,4.440892098501E-15,11.));
#1585 = PCURVE('',#265,#1586);
#1586 = DEFINITIONAL_REPRESENTATION('',(#1587),#1613);
#1587 = B_SPLINE_CURVE_WITH_KNOTS('',3,(#1588,#1589,#1590,#1591,#1592,
    #1593,#1594,#1595,#1596,#1597,#1598,#1599,#1600,#1601,#1602,#1603,
    #1604,#1605,#1606,#1607,#1608,#1609,#1610,#1611,#1612),
  .UNSPECIFIED.,.F.,.F.,(4,1,1,1,1,1,1,1,1,1,1,1,1,1,1,1,1,1,1,1,1,1,4),
  (-0.806882490805,-0.77020601395,-0.733529537095,-0.696853060241,
    -0.660176583386,-0.623500106531,-0.586823629676,-0.550147152822,
    -0.513470675967,-0.476794199112,-0.440117722257,-0.403441245403,
    -0.366764768548,-0.330088291693,-0.293411814838,-0.256735337983,
    -0.220058861129,-0.183382384274,-0.146705907419,-0.110029430564,
    -7.335295370955E-02,-3.667647685477E-02,0.),.UNSPECIFIED.);
#1588 = CARTESIAN_POINT('',(0.841068670568,-3.));
#1589 = CARTESIAN_POINT('',(0.827484963003,-3.));
#1590 = CARTESIAN_POINT('',(0.800453666023,-2.992072423617));
#1591 = CARTESIAN_POINT('',(0.760265406948,-2.958411521037));
#1592 = CARTESIAN_POINT('',(0.720385385814,-2.904990087692));
#1593 = CARTESIAN_POINT('',(0.680765885578,-2.833831774485));
#1594 = CARTESIAN_POINT('',(0.641363374073,-2.746905841574));
#1595 = CARTESIAN_POINT('',(0.60213125316,-2.646384468434));
#1596 = CARTESIAN_POINT('',(0.563066095474,-2.533140259048));
#1597 = CARTESIAN_POINT('',(0.524160004335,-2.408218745413));
#1598 = CARTESIAN_POINT('',(0.48540549544,-2.272700974707));
#1599 = CARTESIAN_POINT('',(0.446798036589,-2.127660737688));
#1600 = CARTESIAN_POINT('',(0.408329462717,-1.97416533561));
#1601 = CARTESIAN_POINT('',(0.370010198403,-1.813315284164));
#1602 = CARTESIAN_POINT('',(0.331864147372,-1.646037618543));
#1603 = CARTESIAN_POINT('',(0.293902738899,-1.473225413766));
#1604 = CARTESIAN_POINT('',(0.256146731255,-1.295780844452));
#1605 = CARTESIAN_POINT('',(0.218619580702,-1.114603646991));
#1606 = CARTESIAN_POINT('',(0.181348395348,-0.930594211093));
#1607 = CARTESIAN_POINT('',(0.144362831127,-0.744652751413));
#1608 = CARTESIAN_POINT('',(0.107694532483,-0.55767952951));
#1609 = CARTESIAN_POINT('',(7.137641175037E-02,-0.370574794377));
#1610 = CARTESIAN_POINT('',(3.544205791427E-02,-0.184238798372));
#1611 = CARTESIAN_POINT('',(1.176394653252E-02,-6.112746142462E-02));
#1612 = CARTESIAN_POINT('',(0.,4.440892098501E-15));
#1613 = ( GEOMETRIC_REPRESENTATION_CONTEXT(2) 
PARAMETRIC_REPRESENTATION_CONTEXT() REPRESENTATION_CONTEXT('2D SPACE',''
  ) );
#1614 = PCURVE('',#1189,#1615);
#1615 = DEFINITIONAL_REPRESENTATION('',(#1616),#1642);
#1616 = B_SPLINE_CURVE_WITH_KNOTS('',3,(#1617,#1618,#1619,#1620,#1621,
    #1622,#1623,#1624,#1625,#1626,#1627,#1628,#1629,#1630,#1631,#1632,
    #1633,#1634,#1635,#1636,#1637,#1638,#1639,#1640,#1641),
  .UNSPECIFIED.,.F.,.F.,(4,1,1,1,1,1,1,1,1,1,1,1,1,1,1,1,1,1,1,1,1,1,4),
  (-0.806882490805,-0.77020601395,-0.733529537095,-0.696853060241,
    -0.660176583386,-0.623500106531,-0.586823629676,-0.550147152822,
    -0.513470675967,-0.476794199112,-0.440117722257,-0.403441245403,
    -0.366764768548,-0.330088291693,-0.293411814838,-0.256735337983,
    -0.220058861129,-0.183382384274,-0.146705907419,-0.110029430564,
    -7.335295370955E-02,-3.667647685477E-02,0.),.UNSPECIFIED.);
#1617 = CARTESIAN_POINT('',(0.,-5.35410196625));
#1618 = CARTESIAN_POINT('',(3.03679058144E-02,-5.27259868435));
#1619 = CARTESIAN_POINT('',(8.972372821432E-02,-5.106729616248));
#1620 = CARTESIAN_POINT('',(0.175205025295,-4.849650226617));
#1621 = CARTESIAN_POINT('',(0.257759774763,-4.584607395504));
#1622 = CARTESIAN_POINT('',(0.337879613438,-4.311911296931));
#1623 = CARTESIAN_POINT('',(0.415950489482,-4.031880172253));
#1624 = CARTESIAN_POINT('',(0.492209768115,-3.744802165469));
#1625 = CARTESIAN_POINT('',(0.566874889156,-3.45113911833));
#1626 = CARTESIAN_POINT('',(0.640163162297,-3.151389973273));
#1627 = CARTESIAN_POINT('',(0.712243902572,-2.846039007763));
#1628 = CARTESIAN_POINT('',(0.783242502731,-2.535574562364));
#1629 = CARTESIAN_POINT('',(0.853271012721,-2.220483390216));
#1630 = CARTESIAN_POINT('',(0.922309201929,-1.901254531052));
#1631 = CARTESIAN_POINT('',(0.990420961232,-1.578633909753));
#1632 = CARTESIAN_POINT('',(1.057733352749,-1.253365466189));
#1633 = CARTESIAN_POINT('',(1.124315243927,-0.926193672114));
#1634 = CARTESIAN_POINT('',(1.190212745565,-0.597862856763));
#1635 = CARTESIAN_POINT('',(1.25544371067,-0.26911738756));
#1636 = CARTESIAN_POINT('',(1.320004115232,5.929837830527E-02));
#1637 = CARTESIAN_POINT('',(1.383871974173,0.386640080899));
#1638 = CARTESIAN_POINT('',(1.447012521225,0.712163361025));
#1639 = CARTESIAN_POINT('',(1.509383153465,1.035123859287));
#1640 = CARTESIAN_POINT('',(1.550420641101,1.248226097325));
#1641 = CARTESIAN_POINT('',(1.570796326795,1.35410196625));
#1642 = ( GEOMETRIC_REPRESENTATION_CONTEXT(2) 
PARAMETRIC_REPRESENTATION_CONTEXT() REPRESENTATION_CONTEXT('2D SPACE',''
  ) );
#1643 = ORIENTED_EDGE('',*,*,#1644,.F.);
#1644 = EDGE_CURVE('',#1432,#1573,#1645,.T.);
#1645 = SURFACE_CURVE('',#1646,(#1651,#1657),.PCURVE_S1.);
#1646 = ELLIPSE('',#1647,9.001499865407,9.000749900912);
#1647 = AXIS2_PLACEMENT_3D('',#1648,#1649,#1650);
#1648 = CARTESIAN_POINT('',(66.7489959228,-2.999999999928,
    11.001114192629));
#1649 = DIRECTION('',(5.383952929482E-12,1.,-5.972200903754E-12));
#1650 = DIRECTION('',(-0.669444868473,8.040779229077E-12,0.742861742234)
  );
#1651 = PCURVE('',#265,#1652);
#1652 = DEFINITIONAL_REPRESENTATION('',(#1653),#1656);
#1653 = B_SPLINE_CURVE_WITH_KNOTS('',1,(#1654,#1655),.UNSPECIFIED.,.F.,
  .F.,(2,2),(3.137492920559,3.145325934072),.PIECEWISE_BEZIER_KNOTS.);
#1654 = CARTESIAN_POINT('',(0.833235004386,-3.));
#1655 = CARTESIAN_POINT('',(0.841068670568,-3.));
#1656 = ( GEOMETRIC_REPRESENTATION_CONTEXT(2) 
PARAMETRIC_REPRESENTATION_CONTEXT() REPRESENTATION_CONTEXT('2D SPACE',''
  ) );
#1657 = PCURVE('',#1160,#1658);
#1658 = DEFINITIONAL_REPRESENTATION('',(#1659),#1663);
#1659 = ELLIPSE('',#1660,9.001499865407,9.000749900912);
#1660 = AXIS2_PLACEMENT_2D('',#1661,#1662);
#1661 = CARTESIAN_POINT('',(6.709318125129,-6.027186674593));
#1662 = DIRECTION('',(0.742861742234,-0.669444868473));
#1663 = ( GEOMETRIC_REPRESENTATION_CONTEXT(2) 
PARAMETRIC_REPRESENTATION_CONTEXT() REPRESENTATION_CONTEXT('2D SPACE',''
  ) );
#1664 = ADVANCED_FACE('',(#1665),#315,.T.);
#1665 = FACE_BOUND('',#1666,.T.);
#1666 = EDGE_LOOP('',(#1667,#1668,#1669,#1670,#1671,#1694,#1717,#1740));
#1667 = ORIENTED_EDGE('',*,*,#890,.T.);
#1668 = ORIENTED_EDGE('',*,*,#1405,.T.);
#1669 = ORIENTED_EDGE('',*,*,#299,.F.);
#1670 = ORIENTED_EDGE('',*,*,#1477,.F.);
#1671 = ORIENTED_EDGE('',*,*,#1672,.F.);
#1672 = EDGE_CURVE('',#1673,#1430,#1675,.T.);
#1673 = VERTEX_POINT('',#1674);
#1674 = CARTESIAN_POINT('',(-67.93681482073,-7.914720463779,
    6.541850154373E-03));
#1675 = SURFACE_CURVE('',#1676,(#1680,#1687),.PCURVE_S1.);
#1676 = LINE('',#1677,#1678);
#1677 = CARTESIAN_POINT('',(-67.93681482073,-7.914720463779,
    6.541850154374E-03));
#1678 = VECTOR('',#1679,1.);
#1679 = DIRECTION('',(0.998520172021,3.486909276002E-02,
    4.173263035867E-02));
#1680 = PCURVE('',#315,#1681);
#1681 = DEFINITIONAL_REPRESENTATION('',(#1682),#1686);
#1682 = LINE('',#1683,#1684);
#1683 = CARTESIAN_POINT('',(63.899143226364,0.));
#1684 = VECTOR('',#1685,1.);
#1685 = DIRECTION('',(-0.999391888285,3.486909276002E-02));
#1686 = ( GEOMETRIC_REPRESENTATION_CONTEXT(2) 
PARAMETRIC_REPRESENTATION_CONTEXT() REPRESENTATION_CONTEXT('2D SPACE',''
  ) );
#1687 = PCURVE('',#986,#1688);
#1688 = DEFINITIONAL_REPRESENTATION('',(#1689),#1693);
#1689 = LINE('',#1690,#1691);
#1690 = CARTESIAN_POINT('',(-0.186193958167,-65.89049066742));
#1691 = VECTOR('',#1692,1.);
#1692 = DIRECTION('',(-4.173263035867E-02,0.999128814299));
#1693 = ( GEOMETRIC_REPRESENTATION_CONTEXT(2) 
PARAMETRIC_REPRESENTATION_CONTEXT() REPRESENTATION_CONTEXT('2D SPACE',''
  ) );
#1694 = ORIENTED_EDGE('',*,*,#1695,.T.);
#1695 = EDGE_CURVE('',#1673,#1696,#1698,.T.);
#1696 = VERTEX_POINT('',#1697);
#1697 = CARTESIAN_POINT('',(-67.93681482073,-3.5,6.541850154373E-03));
#1698 = SURFACE_CURVE('',#1699,(#1703,#1710),.PCURVE_S1.);
#1699 = LINE('',#1700,#1701);
#1700 = CARTESIAN_POINT('',(-67.93681482073,-7.914720463779,
    6.541850154373E-03));
#1701 = VECTOR('',#1702,1.);
#1702 = DIRECTION('',(0.,1.,0.));
#1703 = PCURVE('',#315,#1704);
#1704 = DEFINITIONAL_REPRESENTATION('',(#1705),#1709);
#1705 = LINE('',#1706,#1707);
#1706 = CARTESIAN_POINT('',(63.899143226364,0.));
#1707 = VECTOR('',#1708,1.);
#1708 = DIRECTION('',(0.,1.));
#1709 = ( GEOMETRIC_REPRESENTATION_CONTEXT(2) 
PARAMETRIC_REPRESENTATION_CONTEXT() REPRESENTATION_CONTEXT('2D SPACE',''
  ) );
#1710 = PCURVE('',#1294,#1711);
#1711 = DEFINITIONAL_REPRESENTATION('',(#1712),#1716);
#1712 = LINE('',#1713,#1714);
#1713 = CARTESIAN_POINT('',(-1.609134703934,-2.050725702201));
#1714 = VECTOR('',#1715,1.);
#1715 = DIRECTION('',(0.,1.));
#1716 = ( GEOMETRIC_REPRESENTATION_CONTEXT(2) 
PARAMETRIC_REPRESENTATION_CONTEXT() REPRESENTATION_CONTEXT('2D SPACE',''
  ) );
#1717 = ORIENTED_EDGE('',*,*,#1718,.T.);
#1718 = EDGE_CURVE('',#1696,#1719,#1721,.T.);
#1719 = VERTEX_POINT('',#1720);
#1720 = CARTESIAN_POINT('',(-60.75,-3.5,0.306911031242));
#1721 = SURFACE_CURVE('',#1722,(#1726,#1733),.PCURVE_S1.);
#1722 = LINE('',#1723,#1724);
#1723 = CARTESIAN_POINT('',(-67.93681482073,-3.5,6.541850154373E-03));
#1724 = VECTOR('',#1725,1.);
#1725 = DIRECTION('',(0.999127753313,0.,4.17580239022E-02));
#1726 = PCURVE('',#315,#1727);
#1727 = DEFINITIONAL_REPRESENTATION('',(#1728),#1732);
#1728 = LINE('',#1729,#1730);
#1729 = CARTESIAN_POINT('',(63.899143226364,4.414720463779));
#1730 = VECTOR('',#1731,1.);
#1731 = DIRECTION('',(-1.,0.));
#1732 = ( GEOMETRIC_REPRESENTATION_CONTEXT(2) 
PARAMETRIC_REPRESENTATION_CONTEXT() REPRESENTATION_CONTEXT('2D SPACE',''
  ) );
#1733 = PCURVE('',#1266,#1734);
#1734 = DEFINITIONAL_REPRESENTATION('',(#1735),#1739);
#1735 = LINE('',#1736,#1737);
#1736 = CARTESIAN_POINT('',(-15.14450197066,0.925830636583));
#1737 = VECTOR('',#1738,1.);
#1738 = DIRECTION('',(4.17580239022E-02,0.999127753313));
#1739 = ( GEOMETRIC_REPRESENTATION_CONTEXT(2) 
PARAMETRIC_REPRESENTATION_CONTEXT() REPRESENTATION_CONTEXT('2D SPACE',''
  ) );
#1740 = ORIENTED_EDGE('',*,*,#1741,.T.);
#1741 = EDGE_CURVE('',#1719,#891,#1742,.T.);
#1742 = SURFACE_CURVE('',#1743,(#1747,#1754),.PCURVE_S1.);
#1743 = LINE('',#1744,#1745);
#1744 = CARTESIAN_POINT('',(-60.75,-3.5,0.306911031242));
#1745 = VECTOR('',#1746,1.);
#1746 = DIRECTION('',(0.,1.,0.));
#1747 = PCURVE('',#315,#1748);
#1748 = DEFINITIONAL_REPRESENTATION('',(#1749),#1753);
#1749 = LINE('',#1750,#1751);
#1750 = CARTESIAN_POINT('',(56.706054257606,4.414720463779));
#1751 = VECTOR('',#1752,1.);
#1752 = DIRECTION('',(0.,1.));
#1753 = ( GEOMETRIC_REPRESENTATION_CONTEXT(2) 
PARAMETRIC_REPRESENTATION_CONTEXT() REPRESENTATION_CONTEXT('2D SPACE',''
  ) );
#1754 = PCURVE('',#927,#1755);
#1755 = DEFINITIONAL_REPRESENTATION('',(#1756),#1760);
#1756 = LINE('',#1757,#1758);
#1757 = CARTESIAN_POINT('',(-14.43575477981,-3.5));
#1758 = VECTOR('',#1759,1.);
#1759 = DIRECTION('',(0.,1.));
#1760 = ( GEOMETRIC_REPRESENTATION_CONTEXT(2) 
PARAMETRIC_REPRESENTATION_CONTEXT() REPRESENTATION_CONTEXT('2D SPACE',''
  ) );
#1761 = ADVANCED_FACE('',(#1762),#483,.F.);
#1762 = FACE_BOUND('',#1763,.T.);
#1763 = EDGE_LOOP('',(#1764,#1796,#1817,#1818));
#1764 = ORIENTED_EDGE('',*,*,#1765,.T.);
#1765 = EDGE_CURVE('',#1766,#1768,#1770,.T.);
#1766 = VERTEX_POINT('',#1767);
#1767 = CARTESIAN_POINT('',(-49.,-7.253432318517,10.6));
#1768 = VERTEX_POINT('',#1769);
#1769 = CARTESIAN_POINT('',(-49.,-7.253432318517,4.6));
#1770 = SURFACE_CURVE('',#1771,(#1776,#1789),.PCURVE_S1.);
#1771 = ELLIPSE('',#1772,3.001828632896,3.);
#1772 = AXIS2_PLACEMENT_3D('',#1773,#1774,#1775);
#1773 = CARTESIAN_POINT('',(-49.,-7.253432318517,7.6));
#1774 = DIRECTION('',(3.48994967025E-02,-0.999390827019,0.));
#1775 = DIRECTION('',(0.999390827019,3.48994967025E-02,0.));
#1776 = PCURVE('',#483,#1777);
#1777 = DEFINITIONAL_REPRESENTATION('',(#1778),#1788);
#1778 = B_SPLINE_CURVE_WITH_KNOTS('',8,(#1779,#1780,#1781,#1782,#1783,
    #1784,#1785,#1786,#1787),.UNSPECIFIED.,.F.,.F.,(9,9),(1.570796326795
    ,4.712388980385),.PIECEWISE_BEZIER_KNOTS.);
#1779 = CARTESIAN_POINT('',(-1.570796326795,-7.253432318517));
#1780 = CARTESIAN_POINT('',(-1.963495408494,-7.294572380852));
#1781 = CARTESIAN_POINT('',(-2.35619449019,-7.335712771218));
#1782 = CARTESIAN_POINT('',(-2.74889357189,-7.367182114907));
#1783 = CARTESIAN_POINT('',(-3.141592653585,-7.37933550858));
#1784 = CARTESIAN_POINT('',(-3.534291735286,-7.367182114907));
#1785 = CARTESIAN_POINT('',(-3.926990816984,-7.335712771216));
#1786 = CARTESIAN_POINT('',(-4.319689898686,-7.294572380852));
#1787 = CARTESIAN_POINT('',(-4.712388980385,-7.253432318517));
#1788 = ( GEOMETRIC_REPRESENTATION_CONTEXT(2) 
PARAMETRIC_REPRESENTATION_CONTEXT() REPRESENTATION_CONTEXT('2D SPACE',''
  ) );
#1789 = PCURVE('',#986,#1790);
#1790 = DEFINITIONAL_REPRESENTATION('',(#1791),#1795);
#1791 = ELLIPSE('',#1792,3.001828632896,3.);
#1792 = AXIS2_PLACEMENT_2D('',#1793,#1794);
#1793 = CARTESIAN_POINT('',(-7.779652108012,-46.94213301917));
#1794 = DIRECTION('',(0.,1.));
#1795 = ( GEOMETRIC_REPRESENTATION_CONTEXT(2) 
PARAMETRIC_REPRESENTATION_CONTEXT() REPRESENTATION_CONTEXT('2D SPACE',''
  ) );
#1796 = ORIENTED_EDGE('',*,*,#1797,.T.);
#1797 = EDGE_CURVE('',#1768,#465,#1798,.T.);
#1798 = SURFACE_CURVE('',#1799,(#1803,#1810),.PCURVE_S1.);
#1799 = LINE('',#1800,#1801);
#1800 = CARTESIAN_POINT('',(-49.,-15.,4.6));
#1801 = VECTOR('',#1802,1.);
#1802 = DIRECTION('',(0.,1.,0.));
#1803 = PCURVE('',#483,#1804);
#1804 = DEFINITIONAL_REPRESENTATION('',(#1805),#1809);
#1805 = LINE('',#1806,#1807);
#1806 = CARTESIAN_POINT('',(-4.712388980385,-15.));
#1807 = VECTOR('',#1808,1.);
#1808 = DIRECTION('',(-0.,1.));
#1809 = ( GEOMETRIC_REPRESENTATION_CONTEXT(2) 
PARAMETRIC_REPRESENTATION_CONTEXT() REPRESENTATION_CONTEXT('2D SPACE',''
  ) );
#1810 = PCURVE('',#516,#1811);
#1811 = DEFINITIONAL_REPRESENTATION('',(#1812),#1816);
#1812 = LINE('',#1813,#1814);
#1813 = CARTESIAN_POINT('',(0.,0.));
#1814 = VECTOR('',#1815,1.);
#1815 = DIRECTION('',(0.,1.));
#1816 = ( GEOMETRIC_REPRESENTATION_CONTEXT(2) 
PARAMETRIC_REPRESENTATION_CONTEXT() REPRESENTATION_CONTEXT('2D SPACE',''
  ) );
#1817 = ORIENTED_EDGE('',*,*,#464,.T.);
#1818 = ORIENTED_EDGE('',*,*,#1819,.T.);
#1819 = EDGE_CURVE('',#467,#1766,#1820,.T.);
#1820 = SURFACE_CURVE('',#1821,(#1825,#1832),.PCURVE_S1.);
#1821 = LINE('',#1822,#1823);
#1822 = CARTESIAN_POINT('',(-49.,15.,10.6));
#1823 = VECTOR('',#1824,1.);
#1824 = DIRECTION('',(0.,-1.,0.));
#1825 = PCURVE('',#483,#1826);
#1826 = DEFINITIONAL_REPRESENTATION('',(#1827),#1831);
#1827 = LINE('',#1828,#1829);
#1828 = CARTESIAN_POINT('',(-1.570796326795,15.));
#1829 = VECTOR('',#1830,1.);
#1830 = DIRECTION('',(-0.,-1.));
#1831 = ( GEOMETRIC_REPRESENTATION_CONTEXT(2) 
PARAMETRIC_REPRESENTATION_CONTEXT() REPRESENTATION_CONTEXT('2D SPACE',''
  ) );
#1832 = PCURVE('',#575,#1833);
#1833 = DEFINITIONAL_REPRESENTATION('',(#1834),#1838);
#1834 = LINE('',#1835,#1836);
#1835 = CARTESIAN_POINT('',(0.,30.));
#1836 = VECTOR('',#1837,1.);
#1837 = DIRECTION('',(0.,-1.));
#1838 = ( GEOMETRIC_REPRESENTATION_CONTEXT(2) 
PARAMETRIC_REPRESENTATION_CONTEXT() REPRESENTATION_CONTEXT('2D SPACE',''
  ) );
#1839 = ADVANCED_FACE('',(#1840),#516,.T.);
#1840 = FACE_BOUND('',#1841,.T.);
#1841 = EDGE_LOOP('',(#1842,#1843,#1864,#1885));
#1842 = ORIENTED_EDGE('',*,*,#1797,.F.);
#1843 = ORIENTED_EDGE('',*,*,#1844,.F.);
#1844 = EDGE_CURVE('',#1845,#1768,#1847,.T.);
#1845 = VERTEX_POINT('',#1846);
#1846 = CARTESIAN_POINT('',(-31.,-6.624858467665,4.6));
#1847 = SURFACE_CURVE('',#1848,(#1852,#1858),.PCURVE_S1.);
#1848 = LINE('',#1849,#1850);
#1849 = CARTESIAN_POINT('',(-25.67832474123,-6.439021472644,4.6));
#1850 = VECTOR('',#1851,1.);
#1851 = DIRECTION('',(-0.999390827019,-3.48994967025E-02,0.));
#1852 = PCURVE('',#516,#1853);
#1853 = DEFINITIONAL_REPRESENTATION('',(#1854),#1857);
#1854 = B_SPLINE_CURVE_WITH_KNOTS('',1,(#1855,#1856),.UNSPECIFIED.,.F.,
  .F.,(2,2),(5.324919055582,23.335890852961),.PIECEWISE_BEZIER_KNOTS.);
#1855 = CARTESIAN_POINT('',(18.,8.375141532335));
#1856 = CARTESIAN_POINT('',(-3.552713678801E-15,7.746567681483));
#1857 = ( GEOMETRIC_REPRESENTATION_CONTEXT(2) 
PARAMETRIC_REPRESENTATION_CONTEXT() REPRESENTATION_CONTEXT('2D SPACE',''
  ) );
#1858 = PCURVE('',#986,#1859);
#1859 = DEFINITIONAL_REPRESENTATION('',(#1860),#1863);
#1860 = B_SPLINE_CURVE_WITH_KNOTS('',1,(#1861,#1862),.UNSPECIFIED.,.F.,
  .F.,(2,2),(5.324919055582,23.335890852961),.PIECEWISE_BEZIER_KNOTS.);
#1861 = CARTESIAN_POINT('',(-4.779652108012,-28.93116122179));
#1862 = CARTESIAN_POINT('',(-4.779652108012,-46.94213301917));
#1863 = ( GEOMETRIC_REPRESENTATION_CONTEXT(2) 
PARAMETRIC_REPRESENTATION_CONTEXT() REPRESENTATION_CONTEXT('2D SPACE',''
  ) );
#1864 = ORIENTED_EDGE('',*,*,#1865,.F.);
#1865 = EDGE_CURVE('',#502,#1845,#1866,.T.);
#1866 = SURFACE_CURVE('',#1867,(#1871,#1878),.PCURVE_S1.);
#1867 = LINE('',#1868,#1869);
#1868 = CARTESIAN_POINT('',(-31.,15.,4.6));
#1869 = VECTOR('',#1870,1.);
#1870 = DIRECTION('',(0.,-1.,0.));
#1871 = PCURVE('',#516,#1872);
#1872 = DEFINITIONAL_REPRESENTATION('',(#1873),#1877);
#1873 = LINE('',#1874,#1875);
#1874 = CARTESIAN_POINT('',(18.,30.));
#1875 = VECTOR('',#1876,1.);
#1876 = DIRECTION('',(0.,-1.));
#1877 = ( GEOMETRIC_REPRESENTATION_CONTEXT(2) 
PARAMETRIC_REPRESENTATION_CONTEXT() REPRESENTATION_CONTEXT('2D SPACE',''
  ) );
#1878 = PCURVE('',#544,#1879);
#1879 = DEFINITIONAL_REPRESENTATION('',(#1880),#1884);
#1880 = LINE('',#1881,#1882);
#1881 = CARTESIAN_POINT('',(-4.712388980385,15.));
#1882 = VECTOR('',#1883,1.);
#1883 = DIRECTION('',(-0.,-1.));
#1884 = ( GEOMETRIC_REPRESENTATION_CONTEXT(2) 
PARAMETRIC_REPRESENTATION_CONTEXT() REPRESENTATION_CONTEXT('2D SPACE',''
  ) );
#1885 = ORIENTED_EDGE('',*,*,#501,.F.);
#1886 = ADVANCED_FACE('',(#1887),#575,.F.);
#1887 = FACE_BOUND('',#1888,.F.);
#1888 = EDGE_LOOP('',(#1889,#1890,#1891,#1912));
#1889 = ORIENTED_EDGE('',*,*,#562,.F.);
#1890 = ORIENTED_EDGE('',*,*,#1819,.T.);
#1891 = ORIENTED_EDGE('',*,*,#1892,.F.);
#1892 = EDGE_CURVE('',#1893,#1766,#1895,.T.);
#1893 = VERTEX_POINT('',#1894);
#1894 = CARTESIAN_POINT('',(-31.,-6.624858467665,10.6));
#1895 = SURFACE_CURVE('',#1896,(#1900,#1906),.PCURVE_S1.);
#1896 = LINE('',#1897,#1898);
#1897 = CARTESIAN_POINT('',(-25.67832474123,-6.439021472644,10.6));
#1898 = VECTOR('',#1899,1.);
#1899 = DIRECTION('',(-0.999390827019,-3.48994967025E-02,0.));
#1900 = PCURVE('',#575,#1901);
#1901 = DEFINITIONAL_REPRESENTATION('',(#1902),#1905);
#1902 = B_SPLINE_CURVE_WITH_KNOTS('',1,(#1903,#1904),.UNSPECIFIED.,.F.,
  .F.,(2,2),(5.324919055582,23.335890852961),.PIECEWISE_BEZIER_KNOTS.);
#1903 = CARTESIAN_POINT('',(18.,8.375141532335));
#1904 = CARTESIAN_POINT('',(-3.552713678801E-15,7.746567681483));
#1905 = ( GEOMETRIC_REPRESENTATION_CONTEXT(2) 
PARAMETRIC_REPRESENTATION_CONTEXT() REPRESENTATION_CONTEXT('2D SPACE',''
  ) );
#1906 = PCURVE('',#986,#1907);
#1907 = DEFINITIONAL_REPRESENTATION('',(#1908),#1911);
#1908 = B_SPLINE_CURVE_WITH_KNOTS('',1,(#1909,#1910),.UNSPECIFIED.,.F.,
  .F.,(2,2),(5.324919055582,23.335890852961),.PIECEWISE_BEZIER_KNOTS.);
#1909 = CARTESIAN_POINT('',(-10.77965210801,-28.93116122179));
#1910 = CARTESIAN_POINT('',(-10.77965210801,-46.94213301917));
#1911 = ( GEOMETRIC_REPRESENTATION_CONTEXT(2) 
PARAMETRIC_REPRESENTATION_CONTEXT() REPRESENTATION_CONTEXT('2D SPACE',''
  ) );
#1912 = ORIENTED_EDGE('',*,*,#1913,.T.);
#1913 = EDGE_CURVE('',#1893,#528,#1914,.T.);
#1914 = SURFACE_CURVE('',#1915,(#1919,#1926),.PCURVE_S1.);
#1915 = LINE('',#1916,#1917);
#1916 = CARTESIAN_POINT('',(-31.,-15.,10.6));
#1917 = VECTOR('',#1918,1.);
#1918 = DIRECTION('',(0.,1.,0.));
#1919 = PCURVE('',#575,#1920);
#1920 = DEFINITIONAL_REPRESENTATION('',(#1921),#1925);
#1921 = LINE('',#1922,#1923);
#1922 = CARTESIAN_POINT('',(18.,0.));
#1923 = VECTOR('',#1924,1.);
#1924 = DIRECTION('',(0.,1.));
#1925 = ( GEOMETRIC_REPRESENTATION_CONTEXT(2) 
PARAMETRIC_REPRESENTATION_CONTEXT() REPRESENTATION_CONTEXT('2D SPACE',''
  ) );
#1926 = PCURVE('',#544,#1927);
#1927 = DEFINITIONAL_REPRESENTATION('',(#1928),#1932);
#1928 = LINE('',#1929,#1930);
#1929 = CARTESIAN_POINT('',(-7.853981633974,-15.));
#1930 = VECTOR('',#1931,1.);
#1931 = DIRECTION('',(-0.,1.));
#1932 = ( GEOMETRIC_REPRESENTATION_CONTEXT(2) 
PARAMETRIC_REPRESENTATION_CONTEXT() REPRESENTATION_CONTEXT('2D SPACE',''
  ) );
#1933 = ADVANCED_FACE('',(#1934),#544,.F.);
#1934 = FACE_BOUND('',#1935,.T.);
#1935 = EDGE_LOOP('',(#1936,#1937,#1965,#1966));
#1936 = ORIENTED_EDGE('',*,*,#1865,.T.);
#1937 = ORIENTED_EDGE('',*,*,#1938,.T.);
#1938 = EDGE_CURVE('',#1845,#1893,#1939,.T.);
#1939 = SURFACE_CURVE('',#1940,(#1945,#1958),.PCURVE_S1.);
#1940 = ELLIPSE('',#1941,3.001828632896,3.);
#1941 = AXIS2_PLACEMENT_3D('',#1942,#1943,#1944);
#1942 = CARTESIAN_POINT('',(-31.,-6.624858467665,7.6));
#1943 = DIRECTION('',(3.48994967025E-02,-0.999390827019,0.));
#1944 = DIRECTION('',(0.999390827019,3.48994967025E-02,0.));
#1945 = PCURVE('',#544,#1946);
#1946 = DEFINITIONAL_REPRESENTATION('',(#1947),#1957);
#1947 = B_SPLINE_CURVE_WITH_KNOTS('',8,(#1948,#1949,#1950,#1951,#1952,
    #1953,#1954,#1955,#1956),.UNSPECIFIED.,.F.,.F.,(9,9),(4.712388980385
    ,7.853981633974),.PIECEWISE_BEZIER_KNOTS.);
#1948 = CARTESIAN_POINT('',(-4.712388980385,-6.624858467665));
#1949 = CARTESIAN_POINT('',(-5.105088062083,-6.58371840533));
#1950 = CARTESIAN_POINT('',(-5.497787143782,-6.54257801497));
#1951 = CARTESIAN_POINT('',(-5.890486225481,-6.51110867125));
#1952 = CARTESIAN_POINT('',(-6.283185307179,-6.498955277642));
#1953 = CARTESIAN_POINT('',(-6.675884388878,-6.511108671242));
#1954 = CARTESIAN_POINT('',(-7.068583470577,-6.542578014968));
#1955 = CARTESIAN_POINT('',(-7.461282552276,-6.58371840533));
#1956 = CARTESIAN_POINT('',(-7.853981633974,-6.624858467665));
#1957 = ( GEOMETRIC_REPRESENTATION_CONTEXT(2) 
PARAMETRIC_REPRESENTATION_CONTEXT() REPRESENTATION_CONTEXT('2D SPACE',''
  ) );
#1958 = PCURVE('',#986,#1959);
#1959 = DEFINITIONAL_REPRESENTATION('',(#1960),#1964);
#1960 = ELLIPSE('',#1961,3.001828632896,3.);
#1961 = AXIS2_PLACEMENT_2D('',#1962,#1963);
#1962 = CARTESIAN_POINT('',(-7.779652108012,-28.93116122179));
#1963 = DIRECTION('',(0.,1.));
#1964 = ( GEOMETRIC_REPRESENTATION_CONTEXT(2) 
PARAMETRIC_REPRESENTATION_CONTEXT() REPRESENTATION_CONTEXT('2D SPACE',''
  ) );
#1965 = ORIENTED_EDGE('',*,*,#1913,.T.);
#1966 = ORIENTED_EDGE('',*,*,#527,.T.);
#1967 = ADVANCED_FACE('',(#1968),#607,.F.);
#1968 = FACE_BOUND('',#1969,.T.);
#1969 = EDGE_LOOP('',(#1970,#2002,#2023,#2024));
#1970 = ORIENTED_EDGE('',*,*,#1971,.T.);
#1971 = EDGE_CURVE('',#1972,#1974,#1976,.T.);
#1972 = VERTEX_POINT('',#1973);
#1973 = CARTESIAN_POINT('',(-17.5,-6.153428079527,10.2));
#1974 = VERTEX_POINT('',#1975);
#1975 = CARTESIAN_POINT('',(-17.5,-6.153428079527,5.2));
#1976 = SURFACE_CURVE('',#1977,(#1982,#1995),.PCURVE_S1.);
#1977 = ELLIPSE('',#1978,2.501523860747,2.5);
#1978 = AXIS2_PLACEMENT_3D('',#1979,#1980,#1981);
#1979 = CARTESIAN_POINT('',(-17.5,-6.153428079527,7.7));
#1980 = DIRECTION('',(3.48994967025E-02,-0.999390827019,0.));
#1981 = DIRECTION('',(0.999390827019,3.48994967025E-02,0.));
#1982 = PCURVE('',#607,#1983);
#1983 = DEFINITIONAL_REPRESENTATION('',(#1984),#1994);
#1984 = B_SPLINE_CURVE_WITH_KNOTS('',8,(#1985,#1986,#1987,#1988,#1989,
    #1990,#1991,#1992,#1993),.UNSPECIFIED.,.F.,.F.,(9,9),(1.570796326795
    ,4.712388980385),.PIECEWISE_BEZIER_KNOTS.);
#1985 = CARTESIAN_POINT('',(-1.570796326795,-6.153428079527));
#1986 = CARTESIAN_POINT('',(-1.963495408494,-6.187711464806));
#1987 = CARTESIAN_POINT('',(-2.35619449019,-6.221995123447));
#1988 = CARTESIAN_POINT('',(-2.74889357189,-6.248219576515));
#1989 = CARTESIAN_POINT('',(-3.141592653585,-6.25834740455));
#1990 = CARTESIAN_POINT('',(-3.534291735286,-6.248219576508));
#1991 = CARTESIAN_POINT('',(-3.926990816984,-6.221995123447));
#1992 = CARTESIAN_POINT('',(-4.319689898686,-6.187711464806));
#1993 = CARTESIAN_POINT('',(-4.712388980385,-6.153428079527));
#1994 = ( GEOMETRIC_REPRESENTATION_CONTEXT(2) 
PARAMETRIC_REPRESENTATION_CONTEXT() REPRESENTATION_CONTEXT('2D SPACE',''
  ) );
#1995 = PCURVE('',#986,#1996);
#1996 = DEFINITIONAL_REPRESENTATION('',(#1997),#2001);
#1997 = ELLIPSE('',#1998,2.501523860747,2.5);
#1998 = AXIS2_PLACEMENT_2D('',#1999,#2000);
#1999 = CARTESIAN_POINT('',(-7.879652108012,-15.42293237376));
#2000 = DIRECTION('',(0.,1.));
#2001 = ( GEOMETRIC_REPRESENTATION_CONTEXT(2) 
PARAMETRIC_REPRESENTATION_CONTEXT() REPRESENTATION_CONTEXT('2D SPACE',''
  ) );
#2002 = ORIENTED_EDGE('',*,*,#2003,.T.);
#2003 = EDGE_CURVE('',#1974,#589,#2004,.T.);
#2004 = SURFACE_CURVE('',#2005,(#2009,#2016),.PCURVE_S1.);
#2005 = LINE('',#2006,#2007);
#2006 = CARTESIAN_POINT('',(-17.5,-15.,5.2));
#2007 = VECTOR('',#2008,1.);
#2008 = DIRECTION('',(0.,1.,0.));
#2009 = PCURVE('',#607,#2010);
#2010 = DEFINITIONAL_REPRESENTATION('',(#2011),#2015);
#2011 = LINE('',#2012,#2013);
#2012 = CARTESIAN_POINT('',(-4.712388980385,-15.));
#2013 = VECTOR('',#2014,1.);
#2014 = DIRECTION('',(-0.,1.));
#2015 = ( GEOMETRIC_REPRESENTATION_CONTEXT(2) 
PARAMETRIC_REPRESENTATION_CONTEXT() REPRESENTATION_CONTEXT('2D SPACE',''
  ) );
#2016 = PCURVE('',#640,#2017);
#2017 = DEFINITIONAL_REPRESENTATION('',(#2018),#2022);
#2018 = LINE('',#2019,#2020);
#2019 = CARTESIAN_POINT('',(0.,0.));
#2020 = VECTOR('',#2021,1.);
#2021 = DIRECTION('',(0.,1.));
#2022 = ( GEOMETRIC_REPRESENTATION_CONTEXT(2) 
PARAMETRIC_REPRESENTATION_CONTEXT() REPRESENTATION_CONTEXT('2D SPACE',''
  ) );
#2023 = ORIENTED_EDGE('',*,*,#588,.T.);
#2024 = ORIENTED_EDGE('',*,*,#2025,.T.);
#2025 = EDGE_CURVE('',#591,#1972,#2026,.T.);
#2026 = SURFACE_CURVE('',#2027,(#2031,#2038),.PCURVE_S1.);
#2027 = LINE('',#2028,#2029);
#2028 = CARTESIAN_POINT('',(-17.5,15.,10.2));
#2029 = VECTOR('',#2030,1.);
#2030 = DIRECTION('',(0.,-1.,0.));
#2031 = PCURVE('',#607,#2032);
#2032 = DEFINITIONAL_REPRESENTATION('',(#2033),#2037);
#2033 = LINE('',#2034,#2035);
#2034 = CARTESIAN_POINT('',(-1.570796326795,15.));
#2035 = VECTOR('',#2036,1.);
#2036 = DIRECTION('',(-0.,-1.));
#2037 = ( GEOMETRIC_REPRESENTATION_CONTEXT(2) 
PARAMETRIC_REPRESENTATION_CONTEXT() REPRESENTATION_CONTEXT('2D SPACE',''
  ) );
#2038 = PCURVE('',#699,#2039);
#2039 = DEFINITIONAL_REPRESENTATION('',(#2040),#2044);
#2040 = LINE('',#2041,#2042);
#2041 = CARTESIAN_POINT('',(0.,30.));
#2042 = VECTOR('',#2043,1.);
#2043 = DIRECTION('',(0.,-1.));
#2044 = ( GEOMETRIC_REPRESENTATION_CONTEXT(2) 
PARAMETRIC_REPRESENTATION_CONTEXT() REPRESENTATION_CONTEXT('2D SPACE',''
  ) );
#2045 = ADVANCED_FACE('',(#2046),#640,.T.);
#2046 = FACE_BOUND('',#2047,.T.);
#2047 = EDGE_LOOP('',(#2048,#2049,#2070,#2091));
#2048 = ORIENTED_EDGE('',*,*,#2003,.F.);
#2049 = ORIENTED_EDGE('',*,*,#2050,.F.);
#2050 = EDGE_CURVE('',#2051,#1974,#2053,.T.);
#2051 = VERTEX_POINT('',#2052);
#2052 = CARTESIAN_POINT('',(1.5,-5.489933459183,5.2));
#2053 = SURFACE_CURVE('',#2054,(#2058,#2064),.PCURVE_S1.);
#2054 = LINE('',#2055,#2056);
#2055 = CARTESIAN_POINT('',(-9.947507845436,-5.889689241909,5.2));
#2056 = VECTOR('',#2057,1.);
#2057 = DIRECTION('',(-0.999390827019,-3.48994967025E-02,0.));
#2058 = PCURVE('',#640,#2059);
#2059 = DEFINITIONAL_REPRESENTATION('',(#2060),#2063);
#2060 = B_SPLINE_CURVE_WITH_KNOTS('',1,(#2061,#2062),.UNSPECIFIED.,.F.,
  .F.,(2,2),(-11.45448560857,7.557095733099),.PIECEWISE_BEZIER_KNOTS.);
#2061 = CARTESIAN_POINT('',(19.,9.510066540817));
#2062 = CARTESIAN_POINT('',(-8.881784197001E-16,8.846571920473));
#2063 = ( GEOMETRIC_REPRESENTATION_CONTEXT(2) 
PARAMETRIC_REPRESENTATION_CONTEXT() REPRESENTATION_CONTEXT('2D SPACE',''
  ) );
#2064 = PCURVE('',#986,#2065);
#2065 = DEFINITIONAL_REPRESENTATION('',(#2066),#2069);
#2066 = B_SPLINE_CURVE_WITH_KNOTS('',1,(#2067,#2068),.UNSPECIFIED.,.F.,
  .F.,(2,2),(-11.45448560857,7.557095733099),.PIECEWISE_BEZIER_KNOTS.);
#2067 = CARTESIAN_POINT('',(-5.379652108012,3.588648967913));
#2068 = CARTESIAN_POINT('',(-5.379652108012,-15.42293237376));
#2069 = ( GEOMETRIC_REPRESENTATION_CONTEXT(2) 
PARAMETRIC_REPRESENTATION_CONTEXT() REPRESENTATION_CONTEXT('2D SPACE',''
  ) );
#2070 = ORIENTED_EDGE('',*,*,#2071,.F.);
#2071 = EDGE_CURVE('',#626,#2051,#2072,.T.);
#2072 = SURFACE_CURVE('',#2073,(#2077,#2084),.PCURVE_S1.);
#2073 = LINE('',#2074,#2075);
#2074 = CARTESIAN_POINT('',(1.5,15.,5.2));
#2075 = VECTOR('',#2076,1.);
#2076 = DIRECTION('',(0.,-1.,0.));
#2077 = PCURVE('',#640,#2078);
#2078 = DEFINITIONAL_REPRESENTATION('',(#2079),#2083);
#2079 = LINE('',#2080,#2081);
#2080 = CARTESIAN_POINT('',(19.,30.));
#2081 = VECTOR('',#2082,1.);
#2082 = DIRECTION('',(0.,-1.));
#2083 = ( GEOMETRIC_REPRESENTATION_CONTEXT(2) 
PARAMETRIC_REPRESENTATION_CONTEXT() REPRESENTATION_CONTEXT('2D SPACE',''
  ) );
#2084 = PCURVE('',#668,#2085);
#2085 = DEFINITIONAL_REPRESENTATION('',(#2086),#2090);
#2086 = LINE('',#2087,#2088);
#2087 = CARTESIAN_POINT('',(-4.712388980385,15.));
#2088 = VECTOR('',#2089,1.);
#2089 = DIRECTION('',(-0.,-1.));
#2090 = ( GEOMETRIC_REPRESENTATION_CONTEXT(2) 
PARAMETRIC_REPRESENTATION_CONTEXT() REPRESENTATION_CONTEXT('2D SPACE',''
  ) );
#2091 = ORIENTED_EDGE('',*,*,#625,.F.);
#2092 = ADVANCED_FACE('',(#2093),#699,.F.);
#2093 = FACE_BOUND('',#2094,.F.);
#2094 = EDGE_LOOP('',(#2095,#2096,#2097,#2118));
#2095 = ORIENTED_EDGE('',*,*,#686,.F.);
#2096 = ORIENTED_EDGE('',*,*,#2025,.T.);
#2097 = ORIENTED_EDGE('',*,*,#2098,.F.);
#2098 = EDGE_CURVE('',#2099,#1972,#2101,.T.);
#2099 = VERTEX_POINT('',#2100);
#2100 = CARTESIAN_POINT('',(1.5,-5.489933459183,10.2));
#2101 = SURFACE_CURVE('',#2102,(#2106,#2112),.PCURVE_S1.);
#2102 = LINE('',#2103,#2104);
#2103 = CARTESIAN_POINT('',(-9.947507845436,-5.889689241909,10.2));
#2104 = VECTOR('',#2105,1.);
#2105 = DIRECTION('',(-0.999390827019,-3.48994967025E-02,0.));
#2106 = PCURVE('',#699,#2107);
#2107 = DEFINITIONAL_REPRESENTATION('',(#2108),#2111);
#2108 = B_SPLINE_CURVE_WITH_KNOTS('',1,(#2109,#2110),.UNSPECIFIED.,.F.,
  .F.,(2,2),(-11.45448560857,7.557095733099),.PIECEWISE_BEZIER_KNOTS.);
#2109 = CARTESIAN_POINT('',(19.,9.510066540817));
#2110 = CARTESIAN_POINT('',(-8.881784197001E-16,8.846571920473));
#2111 = ( GEOMETRIC_REPRESENTATION_CONTEXT(2) 
PARAMETRIC_REPRESENTATION_CONTEXT() REPRESENTATION_CONTEXT('2D SPACE',''
  ) );
#2112 = PCURVE('',#986,#2113);
#2113 = DEFINITIONAL_REPRESENTATION('',(#2114),#2117);
#2114 = B_SPLINE_CURVE_WITH_KNOTS('',1,(#2115,#2116),.UNSPECIFIED.,.F.,
  .F.,(2,2),(-11.45448560857,7.557095733099),.PIECEWISE_BEZIER_KNOTS.);
#2115 = CARTESIAN_POINT('',(-10.37965210801,3.588648967913));
#2116 = CARTESIAN_POINT('',(-10.37965210801,-15.42293237376));
#2117 = ( GEOMETRIC_REPRESENTATION_CONTEXT(2) 
PARAMETRIC_REPRESENTATION_CONTEXT() REPRESENTATION_CONTEXT('2D SPACE',''
  ) );
#2118 = ORIENTED_EDGE('',*,*,#2119,.T.);
#2119 = EDGE_CURVE('',#2099,#652,#2120,.T.);
#2120 = SURFACE_CURVE('',#2121,(#2125,#2132),.PCURVE_S1.);
#2121 = LINE('',#2122,#2123);
#2122 = CARTESIAN_POINT('',(1.5,-15.,10.2));
#2123 = VECTOR('',#2124,1.);
#2124 = DIRECTION('',(0.,1.,0.));
#2125 = PCURVE('',#699,#2126);
#2126 = DEFINITIONAL_REPRESENTATION('',(#2127),#2131);
#2127 = LINE('',#2128,#2129);
#2128 = CARTESIAN_POINT('',(19.,0.));
#2129 = VECTOR('',#2130,1.);
#2130 = DIRECTION('',(0.,1.));
#2131 = ( GEOMETRIC_REPRESENTATION_CONTEXT(2) 
PARAMETRIC_REPRESENTATION_CONTEXT() REPRESENTATION_CONTEXT('2D SPACE',''
  ) );
#2132 = PCURVE('',#668,#2133);
#2133 = DEFINITIONAL_REPRESENTATION('',(#2134),#2138);
#2134 = LINE('',#2135,#2136);
#2135 = CARTESIAN_POINT('',(-7.853981633974,-15.));
#2136 = VECTOR('',#2137,1.);
#2137 = DIRECTION('',(-0.,1.));
#2138 = ( GEOMETRIC_REPRESENTATION_CONTEXT(2) 
PARAMETRIC_REPRESENTATION_CONTEXT() REPRESENTATION_CONTEXT('2D SPACE',''
  ) );
#2139 = ADVANCED_FACE('',(#2140),#668,.F.);
#2140 = FACE_BOUND('',#2141,.T.);
#2141 = EDGE_LOOP('',(#2142,#2143,#2171,#2172));
#2142 = ORIENTED_EDGE('',*,*,#2071,.T.);
#2143 = ORIENTED_EDGE('',*,*,#2144,.T.);
#2144 = EDGE_CURVE('',#2051,#2099,#2145,.T.);
#2145 = SURFACE_CURVE('',#2146,(#2151,#2164),.PCURVE_S1.);
#2146 = ELLIPSE('',#2147,2.501523860747,2.5);
#2147 = AXIS2_PLACEMENT_3D('',#2148,#2149,#2150);
#2148 = CARTESIAN_POINT('',(1.5,-5.489933459183,7.7));
#2149 = DIRECTION('',(3.48994967025E-02,-0.999390827019,0.));
#2150 = DIRECTION('',(0.999390827019,3.48994967025E-02,0.));
#2151 = PCURVE('',#668,#2152);
#2152 = DEFINITIONAL_REPRESENTATION('',(#2153),#2163);
#2153 = B_SPLINE_CURVE_WITH_KNOTS('',8,(#2154,#2155,#2156,#2157,#2158,
    #2159,#2160,#2161,#2162),.UNSPECIFIED.,.F.,.F.,(9,9),(4.712388980385
    ,7.853981633974),.PIECEWISE_BEZIER_KNOTS.);
#2154 = CARTESIAN_POINT('',(-4.712388980385,-5.489933459183));
#2155 = CARTESIAN_POINT('',(-5.105088062083,-5.455650073904));
#2156 = CARTESIAN_POINT('',(-5.497787143782,-5.421366415269));
#2157 = CARTESIAN_POINT('',(-5.89048622548,-5.395141962163));
#2158 = CARTESIAN_POINT('',(-6.28318530718,-5.385014134179));
#2159 = CARTESIAN_POINT('',(-6.675884388878,-5.395141962155));
#2160 = CARTESIAN_POINT('',(-7.068583470577,-5.421366415269));
#2161 = CARTESIAN_POINT('',(-7.461282552276,-5.455650073904));
#2162 = CARTESIAN_POINT('',(-7.853981633974,-5.489933459183));
#2163 = ( GEOMETRIC_REPRESENTATION_CONTEXT(2) 
PARAMETRIC_REPRESENTATION_CONTEXT() REPRESENTATION_CONTEXT('2D SPACE',''
  ) );
#2164 = PCURVE('',#986,#2165);
#2165 = DEFINITIONAL_REPRESENTATION('',(#2166),#2170);
#2166 = ELLIPSE('',#2167,2.501523860747,2.5);
#2167 = AXIS2_PLACEMENT_2D('',#2168,#2169);
#2168 = CARTESIAN_POINT('',(-7.879652108012,3.588648967913));
#2169 = DIRECTION('',(0.,1.));
#2170 = ( GEOMETRIC_REPRESENTATION_CONTEXT(2) 
PARAMETRIC_REPRESENTATION_CONTEXT() REPRESENTATION_CONTEXT('2D SPACE',''
  ) );
#2171 = ORIENTED_EDGE('',*,*,#2119,.T.);
#2172 = ORIENTED_EDGE('',*,*,#651,.T.);
#2173 = ADVANCED_FACE('',(#2174),#731,.F.);
#2174 = FACE_BOUND('',#2175,.T.);
#2175 = EDGE_LOOP('',(#2176,#2208,#2229,#2230));
#2176 = ORIENTED_EDGE('',*,*,#2177,.T.);
#2177 = EDGE_CURVE('',#2178,#2180,#2182,.T.);
#2178 = VERTEX_POINT('',#2179);
#2179 = CARTESIAN_POINT('',(15.7,-4.994058532401,9.52));
#2180 = VERTEX_POINT('',#2181);
#2181 = CARTESIAN_POINT('',(15.7,-4.994058532401,6.12));
#2182 = SURFACE_CURVE('',#2183,(#2188,#2201),.PCURVE_S1.);
#2183 = ELLIPSE('',#2184,1.701036225308,1.7);
#2184 = AXIS2_PLACEMENT_3D('',#2185,#2186,#2187);
#2185 = CARTESIAN_POINT('',(15.7,-4.994058532401,7.82));
#2186 = DIRECTION('',(3.48994967025E-02,-0.999390827019,0.));
#2187 = DIRECTION('',(0.999390827019,3.48994967025E-02,0.));
#2188 = PCURVE('',#731,#2189);
#2189 = DEFINITIONAL_REPRESENTATION('',(#2190),#2200);
#2190 = B_SPLINE_CURVE_WITH_KNOTS('',8,(#2191,#2192,#2193,#2194,#2195,
    #2196,#2197,#2198,#2199),.UNSPECIFIED.,.F.,.F.,(9,9),(1.570796326795
    ,4.712388980385),.PIECEWISE_BEZIER_KNOTS.);
#2191 = CARTESIAN_POINT('',(-1.570796326795,-4.994058532401));
#2192 = CARTESIAN_POINT('',(-1.963495408494,-5.01737123439));
#2193 = CARTESIAN_POINT('',(-2.35619449019,-5.040684122265));
#2194 = CARTESIAN_POINT('',(-2.74889357189,-5.058516750354));
#2195 = CARTESIAN_POINT('',(-3.141592653585,-5.065403673412));
#2196 = CARTESIAN_POINT('',(-3.534291735286,-5.058516750352));
#2197 = CARTESIAN_POINT('',(-3.926990816984,-5.040684122264));
#2198 = CARTESIAN_POINT('',(-4.319689898686,-5.01737123439));
#2199 = CARTESIAN_POINT('',(-4.712388980385,-4.994058532401));
#2200 = ( GEOMETRIC_REPRESENTATION_CONTEXT(2) 
PARAMETRIC_REPRESENTATION_CONTEXT() REPRESENTATION_CONTEXT('2D SPACE',''
  ) );
#2201 = PCURVE('',#986,#2202);
#2202 = DEFINITIONAL_REPRESENTATION('',(#2203),#2207);
#2203 = ELLIPSE('',#2204,1.701036225308,1.7);
#2204 = AXIS2_PLACEMENT_2D('',#2205,#2206);
#2205 = CARTESIAN_POINT('',(-7.999652108012,17.797304496956));
#2206 = DIRECTION('',(0.,1.));
#2207 = ( GEOMETRIC_REPRESENTATION_CONTEXT(2) 
PARAMETRIC_REPRESENTATION_CONTEXT() REPRESENTATION_CONTEXT('2D SPACE',''
  ) );
#2208 = ORIENTED_EDGE('',*,*,#2209,.T.);
#2209 = EDGE_CURVE('',#2180,#713,#2210,.T.);
#2210 = SURFACE_CURVE('',#2211,(#2215,#2222),.PCURVE_S1.);
#2211 = LINE('',#2212,#2213);
#2212 = CARTESIAN_POINT('',(15.7,-15.,6.12));
#2213 = VECTOR('',#2214,1.);
#2214 = DIRECTION('',(0.,1.,0.));
#2215 = PCURVE('',#731,#2216);
#2216 = DEFINITIONAL_REPRESENTATION('',(#2217),#2221);
#2217 = LINE('',#2218,#2219);
#2218 = CARTESIAN_POINT('',(-4.712388980385,-15.));
#2219 = VECTOR('',#2220,1.);
#2220 = DIRECTION('',(-0.,1.));
#2221 = ( GEOMETRIC_REPRESENTATION_CONTEXT(2) 
PARAMETRIC_REPRESENTATION_CONTEXT() REPRESENTATION_CONTEXT('2D SPACE',''
  ) );
#2222 = PCURVE('',#764,#2223);
#2223 = DEFINITIONAL_REPRESENTATION('',(#2224),#2228);
#2224 = LINE('',#2225,#2226);
#2225 = CARTESIAN_POINT('',(0.,0.));
#2226 = VECTOR('',#2227,1.);
#2227 = DIRECTION('',(0.,1.));
#2228 = ( GEOMETRIC_REPRESENTATION_CONTEXT(2) 
PARAMETRIC_REPRESENTATION_CONTEXT() REPRESENTATION_CONTEXT('2D SPACE',''
  ) );
#2229 = ORIENTED_EDGE('',*,*,#712,.T.);
#2230 = ORIENTED_EDGE('',*,*,#2231,.T.);
#2231 = EDGE_CURVE('',#715,#2178,#2232,.T.);
#2232 = SURFACE_CURVE('',#2233,(#2237,#2244),.PCURVE_S1.);
#2233 = LINE('',#2234,#2235);
#2234 = CARTESIAN_POINT('',(15.7,15.,9.52));
#2235 = VECTOR('',#2236,1.);
#2236 = DIRECTION('',(0.,-1.,0.));
#2237 = PCURVE('',#731,#2238);
#2238 = DEFINITIONAL_REPRESENTATION('',(#2239),#2243);
#2239 = LINE('',#2240,#2241);
#2240 = CARTESIAN_POINT('',(-1.570796326795,15.));
#2241 = VECTOR('',#2242,1.);
#2242 = DIRECTION('',(-0.,-1.));
#2243 = ( GEOMETRIC_REPRESENTATION_CONTEXT(2) 
PARAMETRIC_REPRESENTATION_CONTEXT() REPRESENTATION_CONTEXT('2D SPACE',''
  ) );
#2244 = PCURVE('',#823,#2245);
#2245 = DEFINITIONAL_REPRESENTATION('',(#2246),#2250);
#2246 = LINE('',#2247,#2248);
#2247 = CARTESIAN_POINT('',(0.,30.));
#2248 = VECTOR('',#2249,1.);
#2249 = DIRECTION('',(0.,-1.));
#2250 = ( GEOMETRIC_REPRESENTATION_CONTEXT(2) 
PARAMETRIC_REPRESENTATION_CONTEXT() REPRESENTATION_CONTEXT('2D SPACE',''
  ) );
#2251 = ADVANCED_FACE('',(#2252),#823,.F.);
#2252 = FACE_BOUND('',#2253,.F.);
#2253 = EDGE_LOOP('',(#2254,#2255,#2256,#2277));
#2254 = ORIENTED_EDGE('',*,*,#810,.F.);
#2255 = ORIENTED_EDGE('',*,*,#2231,.T.);
#2256 = ORIENTED_EDGE('',*,*,#2257,.F.);
#2257 = EDGE_CURVE('',#2258,#2178,#2260,.T.);
#2258 = VERTEX_POINT('',#2259);
#2259 = CARTESIAN_POINT('',(32.3,-4.414373758838,9.52));
#2260 = SURFACE_CURVE('',#2261,(#2265,#2271),.PCURVE_S1.);
#2261 = LINE('',#2262,#2263);
#2262 = CARTESIAN_POINT('',(6.632273771721,-5.310710509833,9.52));
#2263 = VECTOR('',#2264,1.);
#2264 = DIRECTION('',(-0.999390827019,-3.48994967025E-02,0.));
#2265 = PCURVE('',#823,#2266);
#2266 = DEFINITIONAL_REPRESENTATION('',(#2267),#2270);
#2267 = B_SPLINE_CURVE_WITH_KNOTS('',1,(#2268,#2269),.UNSPECIFIED.,.F.,
  .F.,(2,2),(-25.68337184446,-9.073253409105),.PIECEWISE_BEZIER_KNOTS.);
#2268 = CARTESIAN_POINT('',(16.6,10.585626241162));
#2269 = CARTESIAN_POINT('',(0.,10.005941467599));
#2270 = ( GEOMETRIC_REPRESENTATION_CONTEXT(2) 
PARAMETRIC_REPRESENTATION_CONTEXT() REPRESENTATION_CONTEXT('2D SPACE',''
  ) );
#2271 = PCURVE('',#986,#2272);
#2272 = DEFINITIONAL_REPRESENTATION('',(#2273),#2276);
#2273 = B_SPLINE_CURVE_WITH_KNOTS('',1,(#2274,#2275),.UNSPECIFIED.,.F.,
  .F.,(2,2),(-25.68337184446,-9.073253409105),.PIECEWISE_BEZIER_KNOTS.);
#2274 = CARTESIAN_POINT('',(-9.699652108012,34.407422932317));
#2275 = CARTESIAN_POINT('',(-9.699652108012,17.797304496956));
#2276 = ( GEOMETRIC_REPRESENTATION_CONTEXT(2) 
PARAMETRIC_REPRESENTATION_CONTEXT() REPRESENTATION_CONTEXT('2D SPACE',''
  ) );
#2277 = ORIENTED_EDGE('',*,*,#2278,.T.);
#2278 = EDGE_CURVE('',#2258,#776,#2279,.T.);
#2279 = SURFACE_CURVE('',#2280,(#2284,#2291),.PCURVE_S1.);
#2280 = LINE('',#2281,#2282);
#2281 = CARTESIAN_POINT('',(32.3,-15.,9.52));
#2282 = VECTOR('',#2283,1.);
#2283 = DIRECTION('',(0.,1.,0.));
#2284 = PCURVE('',#823,#2285);
#2285 = DEFINITIONAL_REPRESENTATION('',(#2286),#2290);
#2286 = LINE('',#2287,#2288);
#2287 = CARTESIAN_POINT('',(16.6,0.));
#2288 = VECTOR('',#2289,1.);
#2289 = DIRECTION('',(0.,1.));
#2290 = ( GEOMETRIC_REPRESENTATION_CONTEXT(2) 
PARAMETRIC_REPRESENTATION_CONTEXT() REPRESENTATION_CONTEXT('2D SPACE',''
  ) );
#2291 = PCURVE('',#792,#2292);
#2292 = DEFINITIONAL_REPRESENTATION('',(#2293),#2297);
#2293 = LINE('',#2294,#2295);
#2294 = CARTESIAN_POINT('',(-7.853981633974,-15.));
#2295 = VECTOR('',#2296,1.);
#2296 = DIRECTION('',(-0.,1.));
#2297 = ( GEOMETRIC_REPRESENTATION_CONTEXT(2) 
PARAMETRIC_REPRESENTATION_CONTEXT() REPRESENTATION_CONTEXT('2D SPACE',''
  ) );
#2298 = ADVANCED_FACE('',(#2299),#792,.F.);
#2299 = FACE_BOUND('',#2300,.T.);
#2300 = EDGE_LOOP('',(#2301,#2324,#2352,#2353));
#2301 = ORIENTED_EDGE('',*,*,#2302,.T.);
#2302 = EDGE_CURVE('',#750,#2303,#2305,.T.);
#2303 = VERTEX_POINT('',#2304);
#2304 = CARTESIAN_POINT('',(32.3,-4.414373758838,6.12));
#2305 = SURFACE_CURVE('',#2306,(#2310,#2317),.PCURVE_S1.);
#2306 = LINE('',#2307,#2308);
#2307 = CARTESIAN_POINT('',(32.3,15.,6.12));
#2308 = VECTOR('',#2309,1.);
#2309 = DIRECTION('',(0.,-1.,0.));
#2310 = PCURVE('',#792,#2311);
#2311 = DEFINITIONAL_REPRESENTATION('',(#2312),#2316);
#2312 = LINE('',#2313,#2314);
#2313 = CARTESIAN_POINT('',(-4.712388980385,15.));
#2314 = VECTOR('',#2315,1.);
#2315 = DIRECTION('',(-0.,-1.));
#2316 = ( GEOMETRIC_REPRESENTATION_CONTEXT(2) 
PARAMETRIC_REPRESENTATION_CONTEXT() REPRESENTATION_CONTEXT('2D SPACE',''
  ) );
#2317 = PCURVE('',#764,#2318);
#2318 = DEFINITIONAL_REPRESENTATION('',(#2319),#2323);
#2319 = LINE('',#2320,#2321);
#2320 = CARTESIAN_POINT('',(16.6,30.));
#2321 = VECTOR('',#2322,1.);
#2322 = DIRECTION('',(0.,-1.));
#2323 = ( GEOMETRIC_REPRESENTATION_CONTEXT(2) 
PARAMETRIC_REPRESENTATION_CONTEXT() REPRESENTATION_CONTEXT('2D SPACE',''
  ) );
#2324 = ORIENTED_EDGE('',*,*,#2325,.T.);
#2325 = EDGE_CURVE('',#2303,#2258,#2326,.T.);
#2326 = SURFACE_CURVE('',#2327,(#2332,#2345),.PCURVE_S1.);
#2327 = ELLIPSE('',#2328,1.701036225308,1.7);
#2328 = AXIS2_PLACEMENT_3D('',#2329,#2330,#2331);
#2329 = CARTESIAN_POINT('',(32.3,-4.414373758838,7.82));
#2330 = DIRECTION('',(3.48994967025E-02,-0.999390827019,0.));
#2331 = DIRECTION('',(0.999390827019,3.48994967025E-02,0.));
#2332 = PCURVE('',#792,#2333);
#2333 = DEFINITIONAL_REPRESENTATION('',(#2334),#2344);
#2334 = B_SPLINE_CURVE_WITH_KNOTS('',8,(#2335,#2336,#2337,#2338,#2339,
    #2340,#2341,#2342,#2343),.UNSPECIFIED.,.F.,.F.,(9,9),(4.712388980385
    ,7.853981633974),.PIECEWISE_BEZIER_KNOTS.);
#2335 = CARTESIAN_POINT('',(-4.712388980385,-4.414373758838));
#2336 = CARTESIAN_POINT('',(-5.105088062083,-4.391061056848));
#2337 = CARTESIAN_POINT('',(-5.497787143782,-4.367748168974));
#2338 = CARTESIAN_POINT('',(-5.89048622548,-4.349915540884));
#2339 = CARTESIAN_POINT('',(-6.28318530718,-4.343028617819));
#2340 = CARTESIAN_POINT('',(-6.675884388878,-4.349915540877));
#2341 = CARTESIAN_POINT('',(-7.068583470577,-4.367748168972));
#2342 = CARTESIAN_POINT('',(-7.461282552276,-4.391061056848));
#2343 = CARTESIAN_POINT('',(-7.853981633974,-4.414373758838));
#2344 = ( GEOMETRIC_REPRESENTATION_CONTEXT(2) 
PARAMETRIC_REPRESENTATION_CONTEXT() REPRESENTATION_CONTEXT('2D SPACE',''
  ) );
#2345 = PCURVE('',#986,#2346);
#2346 = DEFINITIONAL_REPRESENTATION('',(#2347),#2351);
#2347 = ELLIPSE('',#2348,1.701036225308,1.7);
#2348 = AXIS2_PLACEMENT_2D('',#2349,#2350);
#2349 = CARTESIAN_POINT('',(-7.999652108012,34.407422932317));
#2350 = DIRECTION('',(0.,1.));
#2351 = ( GEOMETRIC_REPRESENTATION_CONTEXT(2) 
PARAMETRIC_REPRESENTATION_CONTEXT() REPRESENTATION_CONTEXT('2D SPACE',''
  ) );
#2352 = ORIENTED_EDGE('',*,*,#2278,.T.);
#2353 = ORIENTED_EDGE('',*,*,#775,.T.);
#2354 = ADVANCED_FACE('',(#2355),#764,.T.);
#2355 = FACE_BOUND('',#2356,.T.);
#2356 = EDGE_LOOP('',(#2357,#2358,#2377,#2378));
#2357 = ORIENTED_EDGE('',*,*,#2209,.F.);
#2358 = ORIENTED_EDGE('',*,*,#2359,.F.);
#2359 = EDGE_CURVE('',#2303,#2180,#2360,.T.);
#2360 = SURFACE_CURVE('',#2361,(#2365,#2371),.PCURVE_S1.);
#2361 = LINE('',#2362,#2363);
#2362 = CARTESIAN_POINT('',(6.632273771721,-5.310710509833,6.12));
#2363 = VECTOR('',#2364,1.);
#2364 = DIRECTION('',(-0.999390827019,-3.48994967025E-02,0.));
#2365 = PCURVE('',#764,#2366);
#2366 = DEFINITIONAL_REPRESENTATION('',(#2367),#2370);
#2367 = B_SPLINE_CURVE_WITH_KNOTS('',1,(#2368,#2369),.UNSPECIFIED.,.F.,
  .F.,(2,2),(-25.68337184446,-9.073253409105),.PIECEWISE_BEZIER_KNOTS.);
#2368 = CARTESIAN_POINT('',(16.6,10.585626241162));
#2369 = CARTESIAN_POINT('',(0.,10.005941467599));
#2370 = ( GEOMETRIC_REPRESENTATION_CONTEXT(2) 
PARAMETRIC_REPRESENTATION_CONTEXT() REPRESENTATION_CONTEXT('2D SPACE',''
  ) );
#2371 = PCURVE('',#986,#2372);
#2372 = DEFINITIONAL_REPRESENTATION('',(#2373),#2376);
#2373 = B_SPLINE_CURVE_WITH_KNOTS('',1,(#2374,#2375),.UNSPECIFIED.,.F.,
  .F.,(2,2),(-25.68337184446,-9.073253409105),.PIECEWISE_BEZIER_KNOTS.);
#2374 = CARTESIAN_POINT('',(-6.299652108012,34.407422932317));
#2375 = CARTESIAN_POINT('',(-6.299652108012,17.797304496956));
#2376 = ( GEOMETRIC_REPRESENTATION_CONTEXT(2) 
PARAMETRIC_REPRESENTATION_CONTEXT() REPRESENTATION_CONTEXT('2D SPACE',''
  ) );
#2377 = ORIENTED_EDGE('',*,*,#2302,.F.);
#2378 = ORIENTED_EDGE('',*,*,#749,.F.);
#2379 = ADVANCED_FACE('',(#2380),#927,.T.);
#2380 = FACE_BOUND('',#2381,.T.);
#2381 = EDGE_LOOP('',(#2382,#2383,#2384,#2385));
#2382 = ORIENTED_EDGE('',*,*,#1227,.F.);
#2383 = ORIENTED_EDGE('',*,*,#913,.T.);
#2384 = ORIENTED_EDGE('',*,*,#1741,.F.);
#2385 = ORIENTED_EDGE('',*,*,#2386,.F.);
#2386 = EDGE_CURVE('',#1228,#1719,#2387,.T.);
#2387 = SURFACE_CURVE('',#2388,(#2392,#2399),.PCURVE_S1.);
#2388 = LINE('',#2389,#2390);
#2389 = CARTESIAN_POINT('',(-60.75,-3.5,14.742665811053));
#2390 = VECTOR('',#2391,1.);
#2391 = DIRECTION('',(0.,0.,-1.));
#2392 = PCURVE('',#927,#2393);
#2393 = DEFINITIONAL_REPRESENTATION('',(#2394),#2398);
#2394 = LINE('',#2395,#2396);
#2395 = CARTESIAN_POINT('',(0.,-3.5));
#2396 = VECTOR('',#2397,1.);
#2397 = DIRECTION('',(-1.,0.));
#2398 = ( GEOMETRIC_REPRESENTATION_CONTEXT(2) 
PARAMETRIC_REPRESENTATION_CONTEXT() REPRESENTATION_CONTEXT('2D SPACE',''
  ) );
#2399 = PCURVE('',#1266,#2400);
#2400 = DEFINITIONAL_REPRESENTATION('',(#2401),#2405);
#2401 = LINE('',#2402,#2403);
#2402 = CARTESIAN_POINT('',(-0.408378009761,8.112645457317));
#2403 = VECTOR('',#2404,1.);
#2404 = DIRECTION('',(-1.,0.));
#2405 = ( GEOMETRIC_REPRESENTATION_CONTEXT(2) 
PARAMETRIC_REPRESENTATION_CONTEXT() REPRESENTATION_CONTEXT('2D SPACE',''
  ) );
#2406 = ADVANCED_FACE('',(#2407,#2480,#2486,#2543,#2549),#986,.T.);
#2407 = FACE_BOUND('',#2408,.T.);
#2408 = EDGE_LOOP('',(#2409,#2410,#2411,#2412,#2456,#2457,#2458,#2479));
#2409 = ORIENTED_EDGE('',*,*,#945,.T.);
#2410 = ORIENTED_EDGE('',*,*,#1069,.T.);
#2411 = ORIENTED_EDGE('',*,*,#1306,.T.);
#2412 = ORIENTED_EDGE('',*,*,#2413,.T.);
#2413 = EDGE_CURVE('',#1279,#1673,#2414,.T.);
#2414 = SURFACE_CURVE('',#2415,(#2420,#2427),.PCURVE_S1.);
#2415 = ELLIPSE('',#2416,7.504571582241,7.5);
#2416 = AXIS2_PLACEMENT_3D('',#2417,#2418,#2419);
#2417 = CARTESIAN_POINT('',(-68.25,-7.925657131233,7.5));
#2418 = DIRECTION('',(3.48994967025E-02,-0.999390827019,
    1.828636480713E-16));
#2419 = DIRECTION('',(0.999390827019,3.48994967025E-02,
    -5.222934607636E-12));
#2420 = PCURVE('',#986,#2421);
#2421 = DEFINITIONAL_REPRESENTATION('',(#2422),#2426);
#2422 = ELLIPSE('',#2423,7.504571582241,7.5);
#2423 = AXIS2_PLACEMENT_2D('',#2424,#2425);
#2424 = CARTESIAN_POINT('',(-7.679652108012,-66.20386674693));
#2425 = DIRECTION('',(5.222934607636E-12,1.));
#2426 = ( GEOMETRIC_REPRESENTATION_CONTEXT(2) 
PARAMETRIC_REPRESENTATION_CONTEXT() REPRESENTATION_CONTEXT('2D SPACE',''
  ) );
#2427 = PCURVE('',#1294,#2428);
#2428 = DEFINITIONAL_REPRESENTATION('',(#2429),#2455);
#2429 = B_SPLINE_CURVE_WITH_KNOTS('',3,(#2430,#2431,#2432,#2433,#2434,
    #2435,#2436,#2437,#2438,#2439,#2440,#2441,#2442,#2443,#2444,#2445,
    #2446,#2447,#2448,#2449,#2450,#2451,#2452,#2453,#2454),
  .UNSPECIFIED.,.F.,.F.,(4,1,1,1,1,1,1,1,1,1,1,1,1,1,1,1,1,1,1,1,1,1,4),
  (1.53588974176,1.682174714845,1.82845968793,1.974744661015,
    2.1210296341,2.267314607185,2.41359958027,2.559884553355,
    2.70616952644,2.852454499525,2.99873947261,3.145024445695,
    3.29130941878,3.437594391865,3.583879364949,3.730164338034,
    3.876449311119,4.022734284204,4.169019257289,4.315304230374,
    4.461589203459,4.607874176544,4.754159149629),
  .QUASI_UNIFORM_KNOTS.);
#2430 = CARTESIAN_POINT('',(1.609134703934,-2.052521990057));
#2431 = CARTESIAN_POINT('',(1.560373046239,-2.065286567318));
#2432 = CARTESIAN_POINT('',(1.462849730849,-2.090876083835));
#2433 = CARTESIAN_POINT('',(1.316564757765,-2.12864028754));
#2434 = CARTESIAN_POINT('',(1.17027978468,-2.164972702087));
#2435 = CARTESIAN_POINT('',(1.023994811595,-2.199098572991));
#2436 = CARTESIAN_POINT('',(0.87770983851,-2.23028857087));
#2437 = CARTESIAN_POINT('',(0.731424865425,-2.257876537979));
#2438 = CARTESIAN_POINT('',(0.58513989234,-2.281273137414));
#2439 = CARTESIAN_POINT('',(0.438854919255,-2.299978597625));
#2440 = CARTESIAN_POINT('',(0.29256994617,-2.313593346426));
#2441 = CARTESIAN_POINT('',(0.146284973085,-2.321826557493));
#2442 = CARTESIAN_POINT('',(9.331681238929E-15,-2.324502359753));
#2443 = CARTESIAN_POINT('',(-0.146284973085,-2.321563595011));
#2444 = CARTESIAN_POINT('',(-0.29256994617,-2.313073038647));
#2445 = CARTESIAN_POINT('',(-0.438854919255,-2.299212058921));
#2446 = CARTESIAN_POINT('',(-0.58513989234,-2.28027674196));
#2447 = CARTESIAN_POINT('',(-0.731424865425,-2.256671569867));
#2448 = CARTESIAN_POINT('',(-0.87770983851,-2.228900769877));
#2449 = CARTESIAN_POINT('',(-1.023994811595,-2.197557583186));
#2450 = CARTESIAN_POINT('',(-1.17027978468,-2.163311444418));
#2451 = CARTESIAN_POINT('',(-1.316564757765,-2.126894234891));
#2452 = CARTESIAN_POINT('',(-1.462849730849,-2.089082584322));
#2453 = CARTESIAN_POINT('',(-1.560373046239,-2.063486851969));
#2454 = CARTESIAN_POINT('',(-1.609134703934,-2.050725702201));
#2455 = ( GEOMETRIC_REPRESENTATION_CONTEXT(2) 
PARAMETRIC_REPRESENTATION_CONTEXT() REPRESENTATION_CONTEXT('2D SPACE',''
  ) );
#2456 = ORIENTED_EDGE('',*,*,#1672,.T.);
#2457 = ORIENTED_EDGE('',*,*,#1429,.T.);
#2458 = ORIENTED_EDGE('',*,*,#2459,.T.);
#2459 = EDGE_CURVE('',#1432,#1122,#2460,.T.);
#2460 = SURFACE_CURVE('',#2461,(#2465,#2472),.PCURVE_S1.);
#2461 = LINE('',#2462,#2463);
#2462 = CARTESIAN_POINT('',(72.802365194785,-3.,4.339003411729));
#2463 = VECTOR('',#2464,1.);
#2464 = DIRECTION('',(0.,0.,1.));
#2465 = PCURVE('',#986,#2466);
#2466 = DEFINITIONAL_REPRESENTATION('',(#2467),#2471);
#2467 = LINE('',#2468,#2469);
#2468 = CARTESIAN_POINT('',(-4.518655519741,74.934476112895));
#2469 = VECTOR('',#2470,1.);
#2470 = DIRECTION('',(-1.,0.));
#2471 = ( GEOMETRIC_REPRESENTATION_CONTEXT(2) 
PARAMETRIC_REPRESENTATION_CONTEXT() REPRESENTATION_CONTEXT('2D SPACE',''
  ) );
#2472 = PCURVE('',#1160,#2473);
#2473 = DEFINITIONAL_REPRESENTATION('',(#2474),#2478);
#2474 = LINE('',#2475,#2476);
#2475 = CARTESIAN_POINT('',(4.720734422856E-02,2.618259739251E-02));
#2476 = VECTOR('',#2477,1.);
#2477 = DIRECTION('',(1.,0.));
#2478 = ( GEOMETRIC_REPRESENTATION_CONTEXT(2) 
PARAMETRIC_REPRESENTATION_CONTEXT() REPRESENTATION_CONTEXT('2D SPACE',''
  ) );
#2479 = ORIENTED_EDGE('',*,*,#1121,.F.);
#2480 = FACE_BOUND('',#2481,.T.);
#2481 = EDGE_LOOP('',(#2482,#2483,#2484,#2485));
#2482 = ORIENTED_EDGE('',*,*,#1765,.F.);
#2483 = ORIENTED_EDGE('',*,*,#1892,.F.);
#2484 = ORIENTED_EDGE('',*,*,#1938,.F.);
#2485 = ORIENTED_EDGE('',*,*,#1844,.T.);
#2486 = FACE_BOUND('',#2487,.T.);
#2487 = EDGE_LOOP('',(#2488));
#2488 = ORIENTED_EDGE('',*,*,#2489,.T.);
#2489 = EDGE_CURVE('',#2490,#2490,#2492,.T.);
#2490 = VERTEX_POINT('',#2491);
#2491 = CARTESIAN_POINT('',(-65.25,-7.820894822758,7.5));
#2492 = SURFACE_CURVE('',#2493,(#2498,#2509),.PCURVE_S1.);
#2493 = ELLIPSE('',#2494,3.001828632896,3.);
#2494 = AXIS2_PLACEMENT_3D('',#2495,#2496,#2497);
#2495 = CARTESIAN_POINT('',(-68.25,-7.925657131233,7.5));
#2496 = DIRECTION('',(-3.48994967025E-02,0.999390827019,
    8.556504603469E-16));
#2497 = DIRECTION('',(0.999390827019,3.48994967025E-02,
    -5.140054293593E-12));
#2498 = PCURVE('',#986,#2499);
#2499 = DEFINITIONAL_REPRESENTATION('',(#2500),#2508);
#2500 = ( BOUNDED_CURVE() B_SPLINE_CURVE(2,(#2501,#2502,#2503,#2504,
#2505,#2506,#2507),.UNSPECIFIED.,.T.,.F.) B_SPLINE_CURVE_WITH_KNOTS((1,2
    ,2,2,2,1),(-2.094395102393,0.,2.094395102393,4.188790204786,
6.28318530718,8.377580409573),.UNSPECIFIED.) CURVE() 
GEOMETRIC_REPRESENTATION_ITEM() RATIONAL_B_SPLINE_CURVE((1.,0.5,1.,0.5,
1.,0.5,1.)) REPRESENTATION_ITEM('') );
#2501 = CARTESIAN_POINT('',(-7.679652107997,-63.20203811403));
#2502 = CARTESIAN_POINT('',(-2.48349968529,-63.20203811406));
#2503 = CARTESIAN_POINT('',(-5.081575896667,-67.70478106339));
#2504 = CARTESIAN_POINT('',(-7.679652108043,-72.20752401272));
#2505 = CARTESIAN_POINT('',(-10.27772831937,-67.70478106336));
#2506 = CARTESIAN_POINT('',(-12.8758045307,-63.202038114));
#2507 = CARTESIAN_POINT('',(-7.679652107997,-63.20203811403));
#2508 = ( GEOMETRIC_REPRESENTATION_CONTEXT(2) 
PARAMETRIC_REPRESENTATION_CONTEXT() REPRESENTATION_CONTEXT('2D SPACE',''
  ) );
#2509 = PCURVE('',#2510,#2515);
#2510 = CYLINDRICAL_SURFACE('',#2511,3.);
#2511 = AXIS2_PLACEMENT_3D('',#2512,#2513,#2514);
#2512 = CARTESIAN_POINT('',(-68.25,-5.765209719854,7.5));
#2513 = DIRECTION('',(0.,1.,0.));
#2514 = DIRECTION('',(-1.,0.,2.22044604925E-15));
#2515 = DEFINITIONAL_REPRESENTATION('',(#2516),#2542);
#2516 = B_SPLINE_CURVE_WITH_KNOTS('',3,(#2517,#2518,#2519,#2520,#2521,
    #2522,#2523,#2524,#2525,#2526,#2527,#2528,#2529,#2530,#2531,#2532,
    #2533,#2534,#2535,#2536,#2537,#2538,#2539,#2540,#2541),
  .UNSPECIFIED.,.F.,.F.,(4,1,1,1,1,1,1,1,1,1,1,1,1,1,1,1,1,1,1,1,1,1,4),
  (-5.139888514805E-12,0.285599332139,0.571198664284,0.856797996428,
    1.142397328573,1.427996660717,1.713595992862,1.999195325007,
    2.284794657151,2.570393989296,2.85599332144,3.141592653585,
    3.427191985729,3.712791317874,3.998390650018,4.283989982163,
    4.569589314307,4.855188646452,5.140787978596,5.426387310741,
    5.711986642885,5.99758597503,6.283185307174),.UNSPECIFIED.);
#2517 = CARTESIAN_POINT('',(3.14159265359,-2.055685102904));
#2518 = CARTESIAN_POINT('',(3.236792430971,-2.0556308989));
#2519 = CARTESIAN_POINT('',(3.427191985734,-2.058578054081));
#2520 = CARTESIAN_POINT('',(3.712791317879,-2.07110273735));
#2521 = CARTESIAN_POINT('',(3.998390650023,-2.090905492119));
#2522 = CARTESIAN_POINT('',(4.283989982168,-2.116331429139));
#2523 = CARTESIAN_POINT('',(4.569589314312,-2.145334245174));
#2524 = CARTESIAN_POINT('',(4.855188646457,-2.175560672512));
#2525 = CARTESIAN_POINT('',(5.140787978601,-2.204562918978));
#2526 = CARTESIAN_POINT('',(5.426387310746,-2.229991134274));
#2527 = CARTESIAN_POINT('',(5.711986642891,-2.249785345506));
#2528 = CARTESIAN_POINT('',(5.997585975035,-2.26234192465));
#2529 = CARTESIAN_POINT('',(6.28318530718,-2.266643617456));
#2530 = CARTESIAN_POINT('',(6.568784639324,-2.26234192465));
#2531 = CARTESIAN_POINT('',(6.854383971469,-2.249785345506));
#2532 = CARTESIAN_POINT('',(7.139983303613,-2.229991134274));
#2533 = CARTESIAN_POINT('',(7.425582635758,-2.204562918978));
#2534 = CARTESIAN_POINT('',(7.711181967902,-2.175560672512));
#2535 = CARTESIAN_POINT('',(7.996781300047,-2.145334245174));
#2536 = CARTESIAN_POINT('',(8.282380632191,-2.116331429139));
#2537 = CARTESIAN_POINT('',(8.567979964336,-2.090905492119));
#2538 = CARTESIAN_POINT('',(8.85357929648,-2.07110273735));
#2539 = CARTESIAN_POINT('',(9.139178628625,-2.058578054081));
#2540 = CARTESIAN_POINT('',(9.329578183388,-2.0556308989));
#2541 = CARTESIAN_POINT('',(9.424777960769,-2.055685102904));
#2542 = ( GEOMETRIC_REPRESENTATION_CONTEXT(2) 
PARAMETRIC_REPRESENTATION_CONTEXT() REPRESENTATION_CONTEXT('2D SPACE',''
  ) );
#2543 = FACE_BOUND('',#2544,.T.);
#2544 = EDGE_LOOP('',(#2545,#2546,#2547,#2548));
#2545 = ORIENTED_EDGE('',*,*,#1971,.F.);
#2546 = ORIENTED_EDGE('',*,*,#2098,.F.);
#2547 = ORIENTED_EDGE('',*,*,#2144,.F.);
#2548 = ORIENTED_EDGE('',*,*,#2050,.T.);
#2549 = FACE_BOUND('',#2550,.T.);
#2550 = EDGE_LOOP('',(#2551,#2552,#2553,#2554));
#2551 = ORIENTED_EDGE('',*,*,#2177,.F.);
#2552 = ORIENTED_EDGE('',*,*,#2257,.F.);
#2553 = ORIENTED_EDGE('',*,*,#2325,.F.);
#2554 = ORIENTED_EDGE('',*,*,#2359,.T.);
#2555 = ADVANCED_FACE('',(#2556),#1160,.T.);
#2556 = FACE_BOUND('',#2557,.T.);
#2557 = EDGE_LOOP('',(#2558,#2559,#2580,#2581));
#2558 = ORIENTED_EDGE('',*,*,#1644,.T.);
#2559 = ORIENTED_EDGE('',*,*,#2560,.T.);
#2560 = EDGE_CURVE('',#1573,#1145,#2561,.T.);
#2561 = SURFACE_CURVE('',#2562,(#2566,#2573),.PCURVE_S1.);
#2562 = LINE('',#2563,#2564);
#2563 = CARTESIAN_POINT('',(72.75,-3.,4.291796067501));
#2564 = VECTOR('',#2565,1.);
#2565 = DIRECTION('',(0.,0.,1.));
#2566 = PCURVE('',#1160,#2567);
#2567 = DEFINITIONAL_REPRESENTATION('',(#2568),#2572);
#2568 = LINE('',#2569,#2570);
#2569 = CARTESIAN_POINT('',(0.,-2.618259739249E-02));
#2570 = VECTOR('',#2571,1.);
#2571 = DIRECTION('',(1.,0.));
#2572 = ( GEOMETRIC_REPRESENTATION_CONTEXT(2) 
PARAMETRIC_REPRESENTATION_CONTEXT() REPRESENTATION_CONTEXT('2D SPACE',''
  ) );
#2573 = PCURVE('',#1189,#2574);
#2574 = DEFINITIONAL_REPRESENTATION('',(#2575),#2579);
#2575 = LINE('',#2576,#2577);
#2576 = CARTESIAN_POINT('',(0.,-5.35410196625));
#2577 = VECTOR('',#2578,1.);
#2578 = DIRECTION('',(0.,1.));
#2579 = ( GEOMETRIC_REPRESENTATION_CONTEXT(2) 
PARAMETRIC_REPRESENTATION_CONTEXT() REPRESENTATION_CONTEXT('2D SPACE',''
  ) );
#2580 = ORIENTED_EDGE('',*,*,#1144,.F.);
#2581 = ORIENTED_EDGE('',*,*,#2459,.F.);
#2582 = ADVANCED_FACE('',(#2583),#1189,.T.);
#2583 = FACE_BOUND('',#2584,.T.);
#2584 = EDGE_LOOP('',(#2585,#2586,#2587,#2588,#2589));
#2585 = ORIENTED_EDGE('',*,*,#1572,.T.);
#2586 = ORIENTED_EDGE('',*,*,#1500,.T.);
#2587 = ORIENTED_EDGE('',*,*,#1378,.T.);
#2588 = ORIENTED_EDGE('',*,*,#1172,.F.);
#2589 = ORIENTED_EDGE('',*,*,#2560,.F.);
#2590 = ADVANCED_FACE('',(#2591,#2622),#1266,.T.);
#2591 = FACE_BOUND('',#2592,.T.);
#2592 = EDGE_LOOP('',(#2593,#2594,#2595,#2596));
#2593 = ORIENTED_EDGE('',*,*,#1250,.F.);
#2594 = ORIENTED_EDGE('',*,*,#2386,.T.);
#2595 = ORIENTED_EDGE('',*,*,#1718,.F.);
#2596 = ORIENTED_EDGE('',*,*,#2597,.F.);
#2597 = EDGE_CURVE('',#1251,#1696,#2598,.T.);
#2598 = SURFACE_CURVE('',#2599,(#2604,#2615),.PCURVE_S1.);
#2599 = CIRCLE('',#2600,7.5);
#2600 = AXIS2_PLACEMENT_3D('',#2601,#2602,#2603);
#2601 = CARTESIAN_POINT('',(-68.25,-3.5,7.5));
#2602 = DIRECTION('',(0.,-1.,0.));
#2603 = DIRECTION('',(4.17580239022E-02,0.,-0.999127753313));
#2604 = PCURVE('',#1266,#2605);
#2605 = DEFINITIONAL_REPRESENTATION('',(#2606),#2614);
#2606 = ( BOUNDED_CURVE() B_SPLINE_CURVE(2,(#2607,#2608,#2609,#2610,
#2611,#2612,#2613),.UNSPECIFIED.,.T.,.F.) B_SPLINE_CURVE_WITH_KNOTS((1,2
    ,2,2,2,1),(-2.094395102393,0.,2.094395102393,4.188790204786,
6.28318530718,8.377580409573),.UNSPECIFIED.) CURVE() 
GEOMETRIC_REPRESENTATION_ITEM() RATIONAL_B_SPLINE_CURVE((1.,0.5,1.,0.5,
1.,0.5,1.)) REPRESENTATION_ITEM('') );
#2607 = CARTESIAN_POINT('',(-15.14450197066,0.925830636583));
#2608 = CARTESIAN_POINT('',(-14.60204932799,13.904880876507));
#2609 = CARTESIAN_POINT('',(-3.633088424558,6.945577987645));
#2610 = CARTESIAN_POINT('',(7.335872478877,-1.372490121641E-02));
#2611 = CARTESIAN_POINT('',(-4.175541067225,-6.033472252278));
#2612 = CARTESIAN_POINT('',(-15.68695461332,-12.05321960334));
#2613 = CARTESIAN_POINT('',(-15.14450197066,0.925830636583));
#2614 = ( GEOMETRIC_REPRESENTATION_CONTEXT(2) 
PARAMETRIC_REPRESENTATION_CONTEXT() REPRESENTATION_CONTEXT('2D SPACE',''
  ) );
#2615 = PCURVE('',#1294,#2616);
#2616 = DEFINITIONAL_REPRESENTATION('',(#2617),#2621);
#2617 = LINE('',#2618,#2619);
#2618 = CARTESIAN_POINT('',(4.674050603245,2.363994761578));
#2619 = VECTOR('',#2620,1.);
#2620 = DIRECTION('',(-1.,0.));
#2621 = ( GEOMETRIC_REPRESENTATION_CONTEXT(2) 
PARAMETRIC_REPRESENTATION_CONTEXT() REPRESENTATION_CONTEXT('2D SPACE',''
  ) );
#2622 = FACE_BOUND('',#2623,.T.);
#2623 = EDGE_LOOP('',(#2624));
#2624 = ORIENTED_EDGE('',*,*,#2625,.T.);
#2625 = EDGE_CURVE('',#2626,#2626,#2628,.T.);
#2626 = VERTEX_POINT('',#2627);
#2627 = CARTESIAN_POINT('',(-65.25,-3.5,7.5));
#2628 = SURFACE_CURVE('',#2629,(#2634,#2645),.PCURVE_S1.);
#2629 = CIRCLE('',#2630,3.);
#2630 = AXIS2_PLACEMENT_3D('',#2631,#2632,#2633);
#2631 = CARTESIAN_POINT('',(-68.25,-3.5,7.5));
#2632 = DIRECTION('',(0.,-1.,0.));
#2633 = DIRECTION('',(-0.813826036051,0.,0.581108581115));
#2634 = PCURVE('',#1266,#2635);
#2635 = DEFINITIONAL_REPRESENTATION('',(#2636),#2644);
#2636 = ( BOUNDED_CURVE() B_SPLINE_CURVE(2,(#2637,#2638,#2639,#2640,
#2641,#2642,#2643),.UNSPECIFIED.,.T.,.F.) B_SPLINE_CURVE_WITH_KNOTS((1,2
    ,2,2,2,1),(-2.094395102393,0.,2.094395102393,4.188790204786,
6.28318530718,8.377580409573),.UNSPECIFIED.) CURVE() 
GEOMETRIC_REPRESENTATION_ITEM() RATIONAL_B_SPLINE_CURVE((1.,0.5,1.,0.5,
1.,0.5,1.)) REPRESENTATION_ITEM('') );
#2637 = CARTESIAN_POINT('',(-5.907718077469,-1.828832650837));
#2638 = CARTESIAN_POINT('',(-10.13648220635,-4.848361412453));
#2639 = CARTESIAN_POINT('',(-10.63708875693,0.323620130585));
#2640 = CARTESIAN_POINT('',(-11.1376953075,5.495601673623));
#2641 = CARTESIAN_POINT('',(-6.408324628042,3.343148892201));
#2642 = CARTESIAN_POINT('',(-1.678953948581,1.190696110779));
#2643 = CARTESIAN_POINT('',(-5.907718077469,-1.828832650837));
#2644 = ( GEOMETRIC_REPRESENTATION_CONTEXT(2) 
PARAMETRIC_REPRESENTATION_CONTEXT() REPRESENTATION_CONTEXT('2D SPACE',''
  ) );
#2645 = PCURVE('',#2510,#2646);
#2646 = DEFINITIONAL_REPRESENTATION('',(#2647),#2651);
#2647 = LINE('',#2648,#2649);
#2648 = CARTESIAN_POINT('',(13.186460828004,2.265209719854));
#2649 = VECTOR('',#2650,1.);
#2650 = DIRECTION('',(-1.,0.));
#2651 = ( GEOMETRIC_REPRESENTATION_CONTEXT(2) 
PARAMETRIC_REPRESENTATION_CONTEXT() REPRESENTATION_CONTEXT('2D SPACE',''
  ) );
#2652 = ADVANCED_FACE('',(#2653),#1294,.T.);
#2653 = FACE_BOUND('',#2654,.T.);
#2654 = EDGE_LOOP('',(#2655,#2656,#2657,#2658));
#2655 = ORIENTED_EDGE('',*,*,#2597,.T.);
#2656 = ORIENTED_EDGE('',*,*,#1695,.F.);
#2657 = ORIENTED_EDGE('',*,*,#2413,.F.);
#2658 = ORIENTED_EDGE('',*,*,#1278,.T.);
#2659 = ADVANCED_FACE('',(#2660),#2510,.F.);
#2660 = FACE_BOUND('',#2661,.F.);
#2661 = EDGE_LOOP('',(#2662,#2683,#2684,#2685));
#2662 = ORIENTED_EDGE('',*,*,#2663,.T.);
#2663 = EDGE_CURVE('',#2490,#2626,#2664,.T.);
#2664 = SEAM_CURVE('',#2665,(#2669,#2676),.PCURVE_S1.);
#2665 = LINE('',#2666,#2667);
#2666 = CARTESIAN_POINT('',(-65.25,-5.765209719854,7.5));
#2667 = VECTOR('',#2668,1.);
#2668 = DIRECTION('',(0.,1.,0.));
#2669 = PCURVE('',#2510,#2670);
#2670 = DEFINITIONAL_REPRESENTATION('',(#2671),#2675);
#2671 = LINE('',#2672,#2673);
#2672 = CARTESIAN_POINT('',(9.424777960769,0.));
#2673 = VECTOR('',#2674,1.);
#2674 = DIRECTION('',(0.,1.));
#2675 = ( GEOMETRIC_REPRESENTATION_CONTEXT(2) 
PARAMETRIC_REPRESENTATION_CONTEXT() REPRESENTATION_CONTEXT('2D SPACE',''
  ) );
#2676 = PCURVE('',#2510,#2677);
#2677 = DEFINITIONAL_REPRESENTATION('',(#2678),#2682);
#2678 = LINE('',#2679,#2680);
#2679 = CARTESIAN_POINT('',(3.14159265359,0.));
#2680 = VECTOR('',#2681,1.);
#2681 = DIRECTION('',(0.,1.));
#2682 = ( GEOMETRIC_REPRESENTATION_CONTEXT(2) 
PARAMETRIC_REPRESENTATION_CONTEXT() REPRESENTATION_CONTEXT('2D SPACE',''
  ) );
#2683 = ORIENTED_EDGE('',*,*,#2625,.T.);
#2684 = ORIENTED_EDGE('',*,*,#2663,.F.);
#2685 = ORIENTED_EDGE('',*,*,#2489,.T.);
#2686 = ( GEOMETRIC_REPRESENTATION_CONTEXT(3) 
GLOBAL_UNCERTAINTY_ASSIGNED_CONTEXT((#2690)) 
GLOBAL_UNIT_ASSIGNED_CONTEXT((#2687,#2688,#2689)) REPRESENTATION_CONTEXT
('Context #1','3D Context with UNIT and UNCERTAINTY') );
#2687 = ( LENGTH_UNIT() NAMED_UNIT(*) SI_UNIT(.MILLI.,.METRE.) );
#2688 = ( NAMED_UNIT(*) PLANE_ANGLE_UNIT() SI_UNIT($,.RADIAN.) );
#2689 = ( NAMED_UNIT(*) SI_UNIT($,.STERADIAN.) SOLID_ANGLE_UNIT() );
#2690 = UNCERTAINTY_MEASURE_WITH_UNIT(LENGTH_MEASURE(1.E-04),#2687,
  'distance_accuracy_value','confusion accuracy');
#2691 = PRODUCT_RELATED_PRODUCT_CATEGORY('part',$,(#7));
ENDSEC;
END-ISO-10303-21;
