ISO-10303-21;
HEADER;
FILE_DESCRIPTION(('Open CASCADE Model'),'2;1');
FILE_NAME('Open CASCADE Shape Model','2026-08-18T02:44:12',('Author'),(
    'Open CASCADE'),'Open CASCADE STEP processor 7.9','Open CASCADE 7.9'
  ,'Unknown');
FILE_SCHEMA(('AUTOMOTIVE_DESIGN { 1 0 10303 214 1 1 1 1 }'));
ENDSEC;
DATA;
#1 = APPLICATION_PROTOCOL_DEFINITION('international standard',
  'automotive_design',2000,#2);
#2 = APPLICATION_CONTEXT(
  'core data for automotive mechanical design processes');
#3 = SHAPE_DEFINITION_REPRESENTATION(#4,#10);
#4 = PRODUCT_DEFINITION_SHAPE('','',#5);
#5 = PRODUCT_DEFINITION('design','',#6,#9);
#6 = PRODUCT_DEFINITION_FORMATION('','',#7);
#7 = PRODUCT('Open CASCADE STEP translator 7.9 1',
  'Open CASCADE STEP translator 7.9 1','',(#8));
#8 = PRODUCT_CONTEXT('',#2,'mechanical');
#9 = PRODUCT_DEFINITION_CONTEXT('part definition',#2,'design');
#10 = ADVANCED_BREP_SHAPE_REPRESENTATION('',(#11,#15),#12465);
#11 = AXIS2_PLACEMENT_3D('',#12,#13,#14);
#12 = CARTESIAN_POINT('',(0.,0.,0.));
#13 = DIRECTION('',(0.,0.,1.));
#14 = DIRECTION('',(1.,0.,-0.));
#15 = MANIFOLD_SOLID_BREP('',#16);
#16 = CLOSED_SHELL('',(#17,#2468,#2889,#3097,#3179,#3297,#3415,#3531,
    #3647,#3770,#3892,#3924,#3980,#4036,#4112,#4238,#4359,#4467,#4570,
    #4691,#4817,#4849,#4884,#4919,#5015,#5040,#5070,#5157,#5517,#5544,
    #5571,#5619,#5655,#5691,#5718,#6136,#6230,#6237,#6244,#6320,#6441,
    #6562,#7125,#7481,#7598,#7711,#7743,#7923,#8040,#8856,#8916,#9264,
    #9703,#9791,#9821,#9851,#9934,#10069,#10133,#10424,#10634,#10932,
    #10997,#11024,#11056,#11088,#11115,#11763,#11768,#11979,#11986,
    #11992,#11997,#12003,#12257,#12284,#12311,#12342,#12371,#12378,
    #12385,#12460));
#17 = ADVANCED_FACE('',(#18,#473,#898),#93,.T.);
#18 = FACE_BOUND('',#19,.T.);
#19 = EDGE_LOOP('',(#20));
#20 = ORIENTED_EDGE('',*,*,#21,.T.);
#21 = EDGE_CURVE('',#22,#22,#24,.T.);
#22 = VERTEX_POINT('',#23);
#23 = CARTESIAN_POINT('',(3.748113732613,-14.55730286166,0.46897993818)
  );
#24 = SURFACE_CURVE('',#25,(#92,#267),.PCURVE_S1.);
#25 = ( BOUNDED_CURVE() B_SPLINE_CURVE(10,(#26,#27,#28,#29,#30,#31,#32,
    #33,#34,#35,#36,#37,#38,#39,#40,#41,#42,#43,#44,#45,#46,#47,#48,#49,
    #50,#51,#52,#53,#54,#55,#56,#57,#58,#59,#60,#61,#62,#63,#64,#65,#66,
    #67,#68,#69,#70,#71,#72,#73,#74,#75,#76,#77,#78,#79,#80,#81,#82,#83,
    #84,#85,#86,#87,#88,#89,#90,#91),.UNSPECIFIED.,.T.,.F.) 
B_SPLINE_CURVE_WITH_KNOTS((11,9,9,9,9,9,10,11),(0.360177808105,
    5.184294375133,9.366588933495,13.975341183234,16.012733484956,
    17.076019850851,17.605159763358,17.965337571463),.UNSPECIFIED.) 
CURVE() GEOMETRIC_REPRESENTATION_ITEM() RATIONAL_B_SPLINE_CURVE((1.,1.,
    1.,1.000000000001,0.999999999999,1.000000000001,0.999999999999,1.,1.
    ,1.,1.,1.,1.,1.,1.,1.,1.,1.,1.,1.,1.,1.,1.,1.,1.,1.,1.,1.,1.,1.,1.,
    0.999999999999,1.000000000001,1.,1.,1.,1.,1.,1.,1.,1.,1.,1.,1.,1.,1.
    ,1.,1.,1.000000000001,0.999999999999,1.000000000001,0.999999999999,
    1.000000000001,1.,1.,1.,1.,1.,1.,1.,1.,1.,1.,1.,1.,1.)) 
REPRESENTATION_ITEM('') );
#26 = CARTESIAN_POINT('',(3.748113732613,-14.55730286166,0.46897993818)
  );
#27 = CARTESIAN_POINT('',(3.736396641822,-13.94324153068,0.254515974547)
  );
#28 = CARTESIAN_POINT('',(3.607660300985,-13.31531390854,
    4.647617653762E-02));
#29 = CARTESIAN_POINT('',(3.349814909825,-12.69437868828,-0.147110828527
    ));
#30 = CARTESIAN_POINT('',(2.965496454448,-12.10919853471,-0.317989511236
    ));
#31 = CARTESIAN_POINT('',(2.429661639414,-11.58939474791,-0.458796136599
    ));
#32 = CARTESIAN_POINT('',(1.797197875036,-11.19139952175,-0.559913090259
    ));
#33 = CARTESIAN_POINT('',(1.066910716685,-10.93716148323,-0.623434793821
    ));
#34 = CARTESIAN_POINT('',(0.315548457451,-10.84398560498,-0.647272309131
    ));
#35 = CARTESIAN_POINT('',(-0.432082445939,-10.91325328145,
    -0.630512529514));
#36 = CARTESIAN_POINT('',(-1.727246013001,-11.31256617958,
    -0.526516519952));
#37 = CARTESIAN_POINT('',(-2.288398412677,-11.60685549534,
    -0.448910959998));
#38 = CARTESIAN_POINT('',(-2.778049438776,-11.99410425529,
    -0.344295335714));
#39 = CARTESIAN_POINT('',(-3.199522861053,-12.47118657998,
    -0.210342830698));
#40 = CARTESIAN_POINT('',(-3.488967373854,-12.98449573931,
    -5.78781547597E-02));
#41 = CARTESIAN_POINT('',(-3.705411099482,-13.53944996098,0.116340765044
    ));
#42 = CARTESIAN_POINT('',(-3.802501821874,-14.09015772158,0.299371135609
    ));
#43 = CARTESIAN_POINT('',(-3.81764364762,-14.63671572437,0.490051383469)
  );
#44 = CARTESIAN_POINT('',(-3.74585000233,-15.16142043954,0.681530700853)
  );
#45 = CARTESIAN_POINT('',(-3.433721652783,-16.20160880424,1.07603591416)
  );
#46 = CARTESIAN_POINT('',(-3.176614575623,-16.7104728824,1.278176159832)
  );
#47 = CARTESIAN_POINT('',(-2.834810985203,-17.17040211881,1.469072488803
    ));
#48 = CARTESIAN_POINT('',(-2.419054832607,-17.57053301327,1.641535061615
    ));
#49 = CARTESIAN_POINT('',(-1.936283845054,-17.90236879641,1.789294771422
    ));
#50 = CARTESIAN_POINT('',(-1.394930065578,-18.153993413,1.904119716544)
  );
#51 = CARTESIAN_POINT('',(-0.811112405476,-18.31038013918,1.976258216263
    ));
#52 = CARTESIAN_POINT('',(-0.20965374158,-18.36190172233,1.999611678863)
  );
#53 = CARTESIAN_POINT('',(0.382029320383,-18.31261966997,1.976686038816)
  );
#54 = CARTESIAN_POINT('',(1.1938730356,-18.1060883611,1.883427137718));
#55 = CARTESIAN_POINT('',(1.437073182929,-18.02442991397,1.846685578664)
  );
#56 = CARTESIAN_POINT('',(1.672870964746,-17.92508097495,1.802221474813)
  );
#57 = CARTESIAN_POINT('',(1.899749078731,-17.80883919804,1.750565732241)
  );
#58 = CARTESIAN_POINT('',(2.116378477585,-17.67660645473,1.692323105426)
  );
#59 = CARTESIAN_POINT('',(2.321594143075,-17.52935066123,1.628145403509)
  );
#60 = CARTESIAN_POINT('',(2.514370860093,-17.36806760578,1.558704696555)
  );
#61 = CARTESIAN_POINT('',(2.693798990706,-17.19374277593,1.484666521818)
  );
#62 = CARTESIAN_POINT('',(2.859060248212,-17.00731318585,1.406663090004)
  );
#63 = CARTESIAN_POINT('',(3.087865483181,-16.70646071565,1.282786752443)
  );
#64 = CARTESIAN_POINT('',(3.16225720151,-16.60023548815,1.239386429805)
  );
#65 = CARTESIAN_POINT('',(3.232466082682,-16.49108272519,1.195152446633)
  );
#66 = CARTESIAN_POINT('',(3.298379299774,-16.37913446802,1.150170865435)
  );
#67 = CARTESIAN_POINT('',(3.359883742426,-16.26452559504,1.1045268882));
#68 = CARTESIAN_POINT('',(3.416866016862,-16.14739382173,1.058304856405)
  );
#69 = CARTESIAN_POINT('',(3.469212445863,-16.02787970074,1.011588251013)
  );
#70 = CARTESIAN_POINT('',(3.516809068797,-15.90612662184,0.964459692469)
  );
#71 = CARTESIAN_POINT('',(3.559541641592,-15.78228081192,0.917000940707)
  );
#72 = CARTESIAN_POINT('',(3.616083750981,-15.59389273979,0.845551190307)
  );
#73 = CARTESIAN_POINT('',(3.633638707111,-15.53080837551,0.821746873051)
  );
#74 = CARTESIAN_POINT('',(3.649945989803,-15.46726026748,0.797890469592)
  );
#75 = CARTESIAN_POINT('',(3.664991083715,-15.40327044098,0.773992506148)
  );
#76 = CARTESIAN_POINT('',(3.678759473503,-15.33886092133,0.750063508937)
  );
#77 = CARTESIAN_POINT('',(3.691236643824,-15.27405373382,0.726114004176)
  );
#78 = CARTESIAN_POINT('',(3.702408079338,-15.20887090376,0.702154518084)
  );
#79 = CARTESIAN_POINT('',(3.7122592647,-15.14333445644,0.678195576877));
#80 = CARTESIAN_POINT('',(3.720775684569,-15.07746641718,0.654247706773)
  );
#81 = CARTESIAN_POINT('',(3.727942823601,-15.01128881126,0.63032143399)
  );
#82 = CARTESIAN_POINT('',(3.732800444153,-14.96643503326,0.61410471365)
  );
#83 = CARTESIAN_POINT('',(3.737038254062,-14.92143875957,0.597897611834)
  );
#84 = CARTESIAN_POINT('',(3.740651971514,-14.87630802469,0.581703402494)
  );
#85 = CARTESIAN_POINT('',(3.743637314695,-14.83105086305,0.565525359578)
  );
#86 = CARTESIAN_POINT('',(3.745990001795,-14.78567530915,0.549366757036)
  );
#87 = CARTESIAN_POINT('',(3.747705750999,-14.74018939742,0.533230868818)
  );
#88 = CARTESIAN_POINT('',(3.748780280496,-14.69460116234,0.517120968874)
  );
#89 = CARTESIAN_POINT('',(3.749209308472,-14.64891863838,0.501040331153)
  );
#90 = CARTESIAN_POINT('',(3.748988553115,-14.60314986,0.484992229605));
#91 = CARTESIAN_POINT('',(3.748113732613,-14.55730286166,0.46897993818)
  );
#92 = PCURVE('',#93,#98);
#93 = CYLINDRICAL_SURFACE('',#94,44.15);
#94 = AXIS2_PLACEMENT_3D('',#95,#96,#97);
#95 = CARTESIAN_POINT('',(-4.163336342344E-15,5.551115123126E-15,42.15)
  );
#96 = DIRECTION('',(-1.,3.264449877387E-17,2.192665270573E-17));
#97 = DIRECTION('',(-2.465190328816E-32,0.557577967162,-0.830124575311)
  );
#98 = DEFINITIONAL_REPRESENTATION('',(#99),#266);
#99 = B_SPLINE_CURVE_WITH_KNOTS('',11,(#100,#101,#102,#103,#104,#105,
    #106,#107,#108,#109,#110,#111,#112,#113,#114,#115,#116,#117,#118,
    #119,#120,#121,#122,#123,#124,#125,#126,#127,#128,#129,#130,#131,
    #132,#133,#134,#135,#136,#137,#138,#139,#140,#141,#142,#143,#144,
    #145,#146,#147,#148,#149,#150,#151,#152,#153,#154,#155,#156,#157,
    #158,#159,#160,#161,#162,#163,#164,#165,#166,#167,#168,#169,#170,
    #171,#172,#173,#174,#175,#176,#177,#178,#179,#180,#181,#182,#183,
    #184,#185,#186,#187,#188,#189,#190,#191,#192,#193,#194,#195,#196,
    #197,#198,#199,#200,#201,#202,#203,#204,#205,#206,#207,#208,#209,
    #210,#211,#212,#213,#214,#215,#216,#217,#218,#219,#220,#221,#222,
    #223,#224,#225,#226,#227,#228,#229,#230,#231,#232,#233,#234,#235,
    #236,#237,#238,#239,#240,#241,#242,#243,#244,#245,#246,#247,#248,
    #249,#250,#251,#252,#253,#254,#255,#256,#257,#258,#259,#260,#261,
    #262,#263,#264,#265),.UNSPECIFIED.,.F.,.F.,(12,11,11,11,11,11,11,11,
    11,11,11,11,11,11,11,12),(0.360177808105,4.761467748945,
    5.861790234154,6.962112719364,9.162757689784,11.363402660204,
    13.564047630624,15.764692601044,16.865015086253,17.415176328858,
    17.55271663951,17.587101717172,17.604294256004,17.621486794835,
    17.690256950161,17.965337571463),.UNSPECIFIED.);
#100 = CARTESIAN_POINT('',(0.927476187024,-3.748113732613));
#101 = CARTESIAN_POINT('',(0.91525698279,-3.738395458408));
#102 = CARTESIAN_POINT('',(0.902868525057,-3.648982048455));
#103 = CARTESIAN_POINT('',(0.890587785801,-3.473196500503));
#104 = CARTESIAN_POINT('',(0.878766876967,-3.210853370536));
#105 = CARTESIAN_POINT('',(0.867778876871,-2.853641074499));
#106 = CARTESIAN_POINT('',(0.858157473229,-2.409821927519));
#107 = CARTESIAN_POINT('',(0.850409695784,-1.892949746715));
#108 = CARTESIAN_POINT('',(0.844874116884,-1.318062529103));
#109 = CARTESIAN_POINT('',(0.841773171756,-0.711933863715));
#110 = CARTESIAN_POINT('',(0.841194106566,-9.69985470895E-02));
#111 = CARTESIAN_POINT('',(0.843054919882,0.502957443347));
#112 = CARTESIAN_POINT('',(0.843520108405,0.652941360271));
#113 = CARTESIAN_POINT('',(0.844137770397,0.802025593368));
#114 = CARTESIAN_POINT('',(0.844907184161,0.949687029721));
#115 = CARTESIAN_POINT('',(0.845823991483,1.095842108602));
#116 = CARTESIAN_POINT('',(0.846889741034,1.239859575163));
#117 = CARTESIAN_POINT('',(0.848099621053,1.381210204154));
#118 = CARTESIAN_POINT('',(0.849444871261,1.519685632803));
#119 = CARTESIAN_POINT('',(0.850922632038,1.655075565532));
#120 = CARTESIAN_POINT('',(0.852533567448,1.787002024044));
#121 = CARTESIAN_POINT('',(0.854266487523,1.915271013815));
#122 = CARTESIAN_POINT('',(0.856119394428,2.039615962748));
#123 = CARTESIAN_POINT('',(0.857972150153,2.163958952537));
#124 = CARTESIAN_POINT('',(0.85994402321,2.284386579407));
#125 = CARTESIAN_POINT('',(0.862029519514,2.40064582189));
#126 = CARTESIAN_POINT('',(0.864222680531,2.512501751868));
#127 = CARTESIAN_POINT('',(0.866517173901,2.61973947881));
#128 = CARTESIAN_POINT('',(0.868906384116,2.72216609427));
#129 = CARTESIAN_POINT('',(0.871383503109,2.819612616004));
#130 = CARTESIAN_POINT('',(0.873941620947,2.911935932539));
#131 = CARTESIAN_POINT('',(0.876573816424,2.9990207473));
#132 = CARTESIAN_POINT('',(0.87927324774,3.080781523094));
#133 = CARTESIAN_POINT('',(0.882033243113,3.157164426361));
#134 = CARTESIAN_POINT('',(0.887553284729,3.309934080688));
#135 = CARTESIAN_POINT('',(0.893315008498,3.441135738026));
#136 = CARTESIAN_POINT('',(0.899265135972,3.55033541269));
#137 = CARTESIAN_POINT('',(0.905350737906,3.637385408956));
#138 = CARTESIAN_POINT('',(0.91152143112,3.702411981253));
#139 = CARTESIAN_POINT('',(0.917730866866,3.745787504573));
#140 = CARTESIAN_POINT('',(0.923937510598,3.768087154602));
#141 = CARTESIAN_POINT('',(0.930104713285,3.770030098216));
#142 = CARTESIAN_POINT('',(0.936200074114,3.752405193649));
#143 = CARTESIAN_POINT('',(0.942194094719,3.715981200952));
#144 = CARTESIAN_POINT('',(0.948058124835,3.661401502286));
#145 = CARTESIAN_POINT('',(0.953922168542,3.606822837446));
#146 = CARTESIAN_POINT('',(0.959656992712,3.534125175418));
#147 = CARTESIAN_POINT('',(0.965235896713,3.444249517099));
#148 = CARTESIAN_POINT('',(0.970634344322,3.337619145289));
#149 = CARTESIAN_POINT('',(0.975829176281,3.215148040913));
#150 = CARTESIAN_POINT('',(0.980797981527,3.077647331522));
#151 = CARTESIAN_POINT('',(0.985518720274,2.925694709222));
#152 = CARTESIAN_POINT('',(0.989969299265,2.759987960373));
#153 = CARTESIAN_POINT('',(0.994126936661,2.581432833381));
#154 = CARTESIAN_POINT('',(0.997967820654,2.390717430911));
#155 = CARTESIAN_POINT('',(1.001468762495,2.188900151554));
#156 = CARTESIAN_POINT('',(1.00496982967,1.987080741405));
#157 = CARTESIAN_POINT('',(1.008130427863,1.774131681281));
#158 = CARTESIAN_POINT('',(1.010928084923,1.55103514193));
#159 = CARTESIAN_POINT('',(1.013339184228,1.318880857224));
#160 = CARTESIAN_POINT('',(1.015340821064,1.078918569362));
#161 = CARTESIAN_POINT('',(1.016912457787,0.83258329448));
#162 = CARTESIAN_POINT('',(1.018037377788,0.581493408727));
#163 = CARTESIAN_POINT('',(1.01870393824,0.32742155473));
#164 = CARTESIAN_POINT('',(1.018906621653,7.223836852833E-02));
#165 = CARTESIAN_POINT('',(1.018646886202,-0.182170973087));
#166 = CARTESIAN_POINT('',(1.01793381487,-0.434017384787));
#167 = CARTESIAN_POINT('',(1.017220624166,-0.685868189787));
#168 = CARTESIAN_POINT('',(1.016053025314,-0.935147148865));
#169 = CARTESIAN_POINT('',(1.014442528282,-1.180025832286));
#170 = CARTESIAN_POINT('',(1.012389160098,-1.419414478988));
#171 = CARTESIAN_POINT('',(1.009941277886,-1.649909770362));
#172 = CARTESIAN_POINT('',(1.007080347417,-1.87343157034));
#173 = CARTESIAN_POINT('',(1.003867607718,-2.085178408848));
#174 = CARTESIAN_POINT('',(1.000299067837,-2.287103074871));
#175 = CARTESIAN_POINT('',(0.996414667353,-2.476490680784));
#176 = CARTESIAN_POINT('',(0.992231619207,-2.653316441328));
#177 = CARTESIAN_POINT('',(0.987774121519,-2.816585102289));
#178 = CARTESIAN_POINT('',(0.985545371808,-2.898221560568));
#179 = CARTESIAN_POINT('',(0.983247892822,-2.976480656331));
#180 = CARTESIAN_POINT('',(0.980884438151,-3.051270048005));
#181 = CARTESIAN_POINT('',(0.978457786221,-3.122497588428));
#182 = CARTESIAN_POINT('',(0.975970740286,-3.190071324786));
#183 = CARTESIAN_POINT('',(0.973426128447,-3.253899498714));
#184 = CARTESIAN_POINT('',(0.970826803624,-3.313890546162));
#185 = CARTESIAN_POINT('',(0.968175643586,-3.36995309754));
#186 = CARTESIAN_POINT('',(0.965475550927,-3.421995977589));
#187 = CARTESIAN_POINT('',(0.96272945308,-3.469928205474));
#188 = CARTESIAN_POINT('',(0.959940302313,-3.513658994733));
#189 = CARTESIAN_POINT('',(0.958545708996,-3.535523695028));
#190 = CARTESIAN_POINT('',(0.957140426271,-3.556337834477));
#191 = CARTESIAN_POINT('',(0.955724767398,-3.576089866794));
#192 = CARTESIAN_POINT('',(0.954299069795,-3.594768180657));
#193 = CARTESIAN_POINT('',(0.952863695013,-3.612361099637));
#194 = CARTESIAN_POINT('',(0.95141902878,-3.628856882323));
#195 = CARTESIAN_POINT('',(0.949965480943,-3.644243722154));
#196 = CARTESIAN_POINT('',(0.948503485531,-3.658509747597));
#197 = CARTESIAN_POINT('',(0.947033500698,-3.671643021993));
#198 = CARTESIAN_POINT('',(0.945556008764,-3.683631543668));
#199 = CARTESIAN_POINT('',(0.944071516193,-3.694463245867));
#200 = CARTESIAN_POINT('',(0.943700331575,-3.697172607532));
#201 = CARTESIAN_POINT('',(0.943328736452,-3.699808851364));
#202 = CARTESIAN_POINT('',(0.942956730826,-3.702371977363));
#203 = CARTESIAN_POINT('',(0.942584314696,-3.70486198553));
#204 = CARTESIAN_POINT('',(0.942211488063,-3.707278875863));
#205 = CARTESIAN_POINT('',(0.941838250925,-3.709622648366));
#206 = CARTESIAN_POINT('',(0.941464603284,-3.711893303034));
#207 = CARTESIAN_POINT('',(0.941090545138,-3.714090839871));
#208 = CARTESIAN_POINT('',(0.940716076489,-3.716215258874));
#209 = CARTESIAN_POINT('',(0.940341197336,-3.718266560045));
#210 = CARTESIAN_POINT('',(0.939965907679,-3.720244743384));
#211 = CARTESIAN_POINT('',(0.939872097501,-3.720738963378));
#212 = CARTESIAN_POINT('',(0.939778264115,-3.721228548338));
#213 = CARTESIAN_POINT('',(0.939684407518,-3.721713498259));
#214 = CARTESIAN_POINT('',(0.939590527714,-3.722193813153));
#215 = CARTESIAN_POINT('',(0.939496624698,-3.722669493));
#216 = CARTESIAN_POINT('',(0.939402698476,-3.723140537825));
#217 = CARTESIAN_POINT('',(0.939308749041,-3.723606947602));
#218 = CARTESIAN_POINT('',(0.9392147764,-3.724068722354));
#219 = CARTESIAN_POINT('',(0.939120780549,-3.724525862065));
#220 = CARTESIAN_POINT('',(0.939026761488,-3.724978366742));
#221 = CARTESIAN_POINT('',(0.938932719218,-3.725426236384));
#222 = CARTESIAN_POINT('',(0.93888569839,-3.725650163058));
#223 = CARTESIAN_POINT('',(0.938838671942,-3.725872926086));
#224 = CARTESIAN_POINT('',(0.938791639875,-3.726094525465));
#225 = CARTESIAN_POINT('',(0.938744602191,-3.7263149612));
#226 = CARTESIAN_POINT('',(0.938697558885,-3.726534233284));
#227 = CARTESIAN_POINT('',(0.938650509965,-3.726752341725));
#228 = CARTESIAN_POINT('',(0.938603455421,-3.726969286515));
#229 = CARTESIAN_POINT('',(0.938556395262,-3.727185067661));
#230 = CARTESIAN_POINT('',(0.938509329483,-3.727399685158));
#231 = CARTESIAN_POINT('',(0.938462258085,-3.727613139009));
#232 = CARTESIAN_POINT('',(0.938415181069,-3.727825429213));
#233 = CARTESIAN_POINT('',(0.938368145193,-3.728037528161));
#234 = CARTESIAN_POINT('',(0.938321263468,-3.728247747712));
#235 = CARTESIAN_POINT('',(0.938274422281,-3.728456602807));
#236 = CARTESIAN_POINT('',(0.938227562278,-3.728664362357));
#237 = CARTESIAN_POINT('',(0.93818066474,-3.728871110934));
#238 = CARTESIAN_POINT('',(0.938133737984,-3.729076810588));
#239 = CARTESIAN_POINT('',(0.938086803732,-3.729281362489));
#240 = CARTESIAN_POINT('',(0.938039883515,-3.729484668767));
#241 = CARTESIAN_POINT('',(0.937992985042,-3.729686694163));
#242 = CARTESIAN_POINT('',(0.937946088601,-3.729887527836));
#243 = CARTESIAN_POINT('',(0.937899133431,-3.73008744506));
#244 = CARTESIAN_POINT('',(0.937711404134,-3.730886828606));
#245 = CARTESIAN_POINT('',(0.937523593044,-3.731667580948));
#246 = CARTESIAN_POINT('',(0.937335700166,-3.732429702092));
#247 = CARTESIAN_POINT('',(0.937147725494,-3.733173192022));
#248 = CARTESIAN_POINT('',(0.936959669037,-3.733898050768));
#249 = CARTESIAN_POINT('',(0.936771530782,-3.734604278288));
#250 = CARTESIAN_POINT('',(0.936583310743,-3.735291874629));
#251 = CARTESIAN_POINT('',(0.936395008908,-3.735960839749));
#252 = CARTESIAN_POINT('',(0.936206625286,-3.736611173677));
#253 = CARTESIAN_POINT('',(0.936018159871,-3.737242876397));
#254 = CARTESIAN_POINT('',(0.935829612666,-3.737855947917));
#255 = CARTESIAN_POINT('',(0.935075453308,-3.74030758377));
#256 = CARTESIAN_POINT('',(0.934320056334,-3.742459559256));
#257 = CARTESIAN_POINT('',(0.93356348475,-3.744310487159));
#258 = CARTESIAN_POINT('',(0.932805801567,-3.745858980286));
#259 = CARTESIAN_POINT('',(0.932047069786,-3.747103651402));
#260 = CARTESIAN_POINT('',(0.931287352421,-3.748043113336));
#261 = CARTESIAN_POINT('',(0.930526712472,-3.748675978839));
#262 = CARTESIAN_POINT('',(0.929765212953,-3.749000860737));
#263 = CARTESIAN_POINT('',(0.929002916866,-3.749016371799));
#264 = CARTESIAN_POINT('',(0.928239887221,-3.748721124829));
#265 = CARTESIAN_POINT('',(0.927476187024,-3.748113732613));
#266 = ( GEOMETRIC_REPRESENTATION_CONTEXT(2) 
PARAMETRIC_REPRESENTATION_CONTEXT() REPRESENTATION_CONTEXT('2D SPACE',''
  ) );
#267 = PCURVE('',#268,#467);
#268 = ( BOUNDED_SURFACE() B_SPLINE_SURFACE(2,10,(
    (#269,#270,#271,#272,#273,#274,#275,#276,#277,#278,#279,#280,#281
      ,#282,#283,#284,#285,#286,#287,#288,#289,#290,#291,#292,#293,#294
      ,#295,#296,#297,#298,#299,#300,#301,#302,#303,#304,#305,#306,#307
      ,#308,#309,#310,#311,#312,#313,#314,#315,#316,#317,#318,#319,#320
      ,#321,#322,#323,#324,#325,#326,#327,#328,#329,#330,#331,#332,#333
      ,#334)
    ,(#335,#336,#337,#338,#339,#340,#341,#342,#343,#344,#345,#346,#347
      ,#348,#349,#350,#351,#352,#353,#354,#355,#356,#357,#358,#359,#360
      ,#361,#362,#363,#364,#365,#366,#367,#368,#369,#370,#371,#372,#373
      ,#374,#375,#376,#377,#378,#379,#380,#381,#382,#383,#384,#385,#386
      ,#387,#388,#389,#390,#391,#392,#393,#394,#395,#396,#397,#398,#399
      ,#400)
    ,(#401,#402,#403,#404,#405,#406,#407,#408,#409,#410,#411,#412,#413
      ,#414,#415,#416,#417,#418,#419,#420,#421,#422,#423,#424,#425,#426
      ,#427,#428,#429,#430,#431,#432,#433,#434,#435,#436,#437,#438,#439
      ,#440,#441,#442,#443,#444,#445,#446,#447,#448,#449,#450,#451,#452
      ,#453,#454,#455,#456,#457,#458,#459,#460,#461,#462,#463,#464,#465
,#466
    )),.UNSPECIFIED.,.F.,.T.,.F.) B_SPLINE_SURFACE_WITH_KNOTS((3,3),(11,
    9,9,9,9,9,10,11),(0.,17.605159763358),(0.360177808105,5.184294375133
    ,9.366588933495,13.975341183234,16.012733484956,17.076019850851,
    17.605159763358,17.965337571463),.UNSPECIFIED.) 
GEOMETRIC_REPRESENTATION_ITEM() RATIONAL_B_SPLINE_SURFACE((
    (1.,1.,1.,1.000000000001,0.999999999999,1.000000000001
      ,0.999999999999,1.,1.,1.,1.,1.,1.,1.,1.,1.,1.,1.,1.,1.,1.,1.,1.,1.
      ,1.,1.,1.,1.,1.,1.,1.,0.999999999999,1.000000000001,1.,1.,1.,1.,1.
      ,1.,1.,1.,1.,1.,1.,1.,1.,1.,1.,1.000000000001,0.999999999999
      ,1.000000000001,0.999999999999,1.000000000001,1.,1.,1.,1.,1.,1.,1.
      ,1.,1.,1.,1.,1.,1.)
    ,(0.695384676483,0.67567640258,0.656656829653,0.639135232777
      ,0.624082901786,0.612010017805,0.60392240644,0.598869127442
      ,0.596923866524,0.598229091047,0.606770036603,0.613195029527
      ,0.622076174481,0.633500152208,0.647243798319,0.662875041215
      ,0.679751512261,0.697289208505,0.714955180943,0.751263062065
      ,0.769820542851,0.78721381886,0.802789521841,0.815941715733
      ,0.825986898728,0.832235555593,0.834291710974,0.832308125531
      ,0.824106844648,0.820868551856,0.816937614753,0.81235399916
      ,0.807164365908,0.801420325255,0.795176691309,0.788489736446
      ,0.781415445727,0.770141810316,0.766185356261,0.762146253275
      ,0.758032431014,0.753851904671,0.749612774977,0.7453232282
      ,0.740991536144,0.736626056153,0.730050155802,0.727858793538
      ,0.725662209223,0.723461467763,0.721257634067,0.719051773039
      ,0.71684494959,0.714638228623,0.712432675048,0.710229353771
      ,0.708736042656,0.70724377079,0.705752885406,0.704263733731
      ,0.702776662996,0.701292020432,0.699810153269,0.698331408736
      ,0.696856134064,0.695384676483)
    ,(1.,1.,1.,1.000000000001,0.999999999999,1.000000000001
      ,0.999999999999,1.,1.,1.,1.,1.,1.,1.,1.,1.,1.,1.,1.,1.,1.,1.,1.,1.
      ,1.,1.,1.,1.,1.,1.,1.,0.999999999999,1.000000000001,1.,1.,1.,1.,1.
      ,1.,1.,1.,1.,1.,1.,1.,1.,1.,1.,1.000000000001,0.999999999999
      ,1.000000000001,0.999999999999,1.000000000001,1.,1.,1.,1.,1.,1.,1.
,1.,1.,1.,1.,1.,1.))) REPRESENTATION_ITEM('') SURFACE() );
#269 = CARTESIAN_POINT('',(3.748113732613,-14.55730286166,0.46897993818)
  );
#270 = CARTESIAN_POINT('',(3.736396641822,-13.94324153068,0.254515974547
    ));
#271 = CARTESIAN_POINT('',(3.607660300985,-13.31531390854,
    4.647617653762E-02));
#272 = CARTESIAN_POINT('',(3.349814909825,-12.69437868828,
    -0.147110828527));
#273 = CARTESIAN_POINT('',(2.965496454448,-12.10919853471,
    -0.317989511236));
#274 = CARTESIAN_POINT('',(2.429661639414,-11.58939474791,
    -0.458796136599));
#275 = CARTESIAN_POINT('',(1.797197875036,-11.19139952175,
    -0.559913090259));
#276 = CARTESIAN_POINT('',(1.066910716685,-10.93716148323,
    -0.623434793821));
#277 = CARTESIAN_POINT('',(0.315548457451,-10.84398560498,
    -0.647272309131));
#278 = CARTESIAN_POINT('',(-0.432082445939,-10.91325328145,
    -0.630512529514));
#279 = CARTESIAN_POINT('',(-1.727246013001,-11.31256617958,
    -0.526516519952));
#280 = CARTESIAN_POINT('',(-2.288398412677,-11.60685549534,
    -0.448910959998));
#281 = CARTESIAN_POINT('',(-2.778049438776,-11.99410425529,
    -0.344295335714));
#282 = CARTESIAN_POINT('',(-3.199522861053,-12.47118657998,
    -0.210342830698));
#283 = CARTESIAN_POINT('',(-3.488967373854,-12.98449573931,
    -5.78781547597E-02));
#284 = CARTESIAN_POINT('',(-3.705411099482,-13.53944996098,
    0.116340765044));
#285 = CARTESIAN_POINT('',(-3.802501821874,-14.09015772158,
    0.299371135609));
#286 = CARTESIAN_POINT('',(-3.81764364762,-14.63671572437,0.490051383469
    ));
#287 = CARTESIAN_POINT('',(-3.74585000233,-15.16142043954,0.681530700853
    ));
#288 = CARTESIAN_POINT('',(-3.433721652783,-16.20160880424,1.07603591416
    ));
#289 = CARTESIAN_POINT('',(-3.176614575623,-16.7104728824,1.278176159832
    ));
#290 = CARTESIAN_POINT('',(-2.834810985203,-17.17040211881,
    1.469072488803));
#291 = CARTESIAN_POINT('',(-2.419054832607,-17.57053301327,
    1.641535061615));
#292 = CARTESIAN_POINT('',(-1.936283845054,-17.90236879641,
    1.789294771422));
#293 = CARTESIAN_POINT('',(-1.394930065578,-18.153993413,1.904119716544)
  );
#294 = CARTESIAN_POINT('',(-0.811112405476,-18.31038013918,
    1.976258216263));
#295 = CARTESIAN_POINT('',(-0.20965374158,-18.36190172233,1.999611678863
    ));
#296 = CARTESIAN_POINT('',(0.382029320383,-18.31261966997,1.976686038816
    ));
#297 = CARTESIAN_POINT('',(1.1938730356,-18.1060883611,1.883427137718));
#298 = CARTESIAN_POINT('',(1.437073182929,-18.02442991397,1.846685578664
    ));
#299 = CARTESIAN_POINT('',(1.672870964746,-17.92508097495,1.802221474813
    ));
#300 = CARTESIAN_POINT('',(1.899749078731,-17.80883919804,1.750565732241
    ));
#301 = CARTESIAN_POINT('',(2.116378477585,-17.67660645473,1.692323105426
    ));
#302 = CARTESIAN_POINT('',(2.321594143075,-17.52935066123,1.628145403509
    ));
#303 = CARTESIAN_POINT('',(2.514370860093,-17.36806760578,1.558704696555
    ));
#304 = CARTESIAN_POINT('',(2.693798990706,-17.19374277593,1.484666521818
    ));
#305 = CARTESIAN_POINT('',(2.859060248212,-17.00731318585,1.406663090004
    ));
#306 = CARTESIAN_POINT('',(3.087865483181,-16.70646071565,1.282786752443
    ));
#307 = CARTESIAN_POINT('',(3.16225720151,-16.60023548815,1.239386429805)
  );
#308 = CARTESIAN_POINT('',(3.232466082682,-16.49108272519,1.195152446633
    ));
#309 = CARTESIAN_POINT('',(3.298379299774,-16.37913446802,1.150170865435
    ));
#310 = CARTESIAN_POINT('',(3.359883742426,-16.26452559504,1.1045268882)
  );
#311 = CARTESIAN_POINT('',(3.416866016862,-16.14739382173,1.058304856405
    ));
#312 = CARTESIAN_POINT('',(3.469212445863,-16.02787970074,1.011588251013
    ));
#313 = CARTESIAN_POINT('',(3.516809068797,-15.90612662184,0.964459692469
    ));
#314 = CARTESIAN_POINT('',(3.559541641592,-15.78228081192,0.917000940707
    ));
#315 = CARTESIAN_POINT('',(3.616083750981,-15.59389273979,0.845551190307
    ));
#316 = CARTESIAN_POINT('',(3.633638707111,-15.53080837551,0.821746873051
    ));
#317 = CARTESIAN_POINT('',(3.649945989803,-15.46726026748,0.797890469592
    ));
#318 = CARTESIAN_POINT('',(3.664991083715,-15.40327044098,0.773992506148
    ));
#319 = CARTESIAN_POINT('',(3.678759473503,-15.33886092133,0.750063508937
    ));
#320 = CARTESIAN_POINT('',(3.691236643824,-15.27405373382,0.726114004176
    ));
#321 = CARTESIAN_POINT('',(3.702408079338,-15.20887090376,0.702154518084
    ));
#322 = CARTESIAN_POINT('',(3.7122592647,-15.14333445644,0.678195576877)
  );
#323 = CARTESIAN_POINT('',(3.720775684569,-15.07746641718,0.654247706773
    ));
#324 = CARTESIAN_POINT('',(3.727942823601,-15.01128881126,0.63032143399)
  );
#325 = CARTESIAN_POINT('',(3.732800444153,-14.96643503326,0.61410471365)
  );
#326 = CARTESIAN_POINT('',(3.737038254062,-14.92143875957,0.597897611834
    ));
#327 = CARTESIAN_POINT('',(3.740651971514,-14.87630802469,0.581703402494
    ));
#328 = CARTESIAN_POINT('',(3.743637314695,-14.83105086305,0.565525359578
    ));
#329 = CARTESIAN_POINT('',(3.745990001795,-14.78567530915,0.549366757036
    ));
#330 = CARTESIAN_POINT('',(3.747705750999,-14.74018939742,0.533230868818
    ));
#331 = CARTESIAN_POINT('',(3.748780280496,-14.69460116234,0.517120968874
    ));
#332 = CARTESIAN_POINT('',(3.749209308472,-14.64891863838,0.501040331153
    ));
#333 = CARTESIAN_POINT('',(3.748988553115,-14.60314986,0.484992229605));
#334 = CARTESIAN_POINT('',(3.748113732613,-14.55730286166,0.46897993818)
  );
#335 = CARTESIAN_POINT('',(2.720459782845,-14.66039208726,0.504984361214
    ));
#336 = CARTESIAN_POINT('',(2.668180553176,-14.19312335437,0.34003473004)
  );
#337 = CARTESIAN_POINT('',(2.525063768754,-13.73632758506,0.184455681831
    ));
#338 = CARTESIAN_POINT('',(2.294341614666,-13.3091733404,
    4.415892157448E-02));
#339 = CARTESIAN_POINT('',(1.980166595231,-12.93401181711,
    -7.529819995865E-02));
#340 = CARTESIAN_POINT('',(1.606408453808,-12.62117887231,
    -0.172884591341));
#341 = CARTESIAN_POINT('',(1.164816404342,-12.38904307676,
    -0.244805386724));
#342 = CARTESIAN_POINT('',(0.703197954975,-12.24069085265,-0.2904049984)
  );
#343 = CARTESIAN_POINT('',(0.20964353,-12.18394598073,-0.30792772416));
#344 = CARTESIAN_POINT('',(-0.280165478361,-12.22340928236,
    -0.295912481927));
#345 = CARTESIAN_POINT('',(-1.14906393684,-12.46735687437,
    -0.220112885645));
#346 = CARTESIAN_POINT('',(-1.526790800878,-12.64531677138,
    -0.164641004547));
#347 = CARTESIAN_POINT('',(-1.869693828579,-12.88388262458,
    -8.993694239953E-02));
#348 = CARTESIAN_POINT('',(-2.168306250495,-13.17409279132,
    2.292474406366E-03));
#349 = CARTESIAN_POINT('',(-2.41567527014,-13.51236629784,0.110884225431
    ));
#350 = CARTESIAN_POINT('',(-2.601829261739,-13.88347298179,
    0.233374940569));
#351 = CARTESIAN_POINT('',(-2.724258878275,-14.28171858531,
    0.368486503609));
#352 = CARTESIAN_POINT('',(-2.778044369529,-14.69087254143,
    0.512127317254));
#353 = CARTESIAN_POINT('',(-2.763725299386,-15.10025886175,
    0.660568157147));
#354 = CARTESIAN_POINT('',(-2.59819538921,-15.91351849853,0.964431246868
    ));
#355 = CARTESIAN_POINT('',(-2.440153732678,-16.31822471161,
    1.120603819594));
#356 = CARTESIAN_POINT('',(-2.208400622557,-16.69926413878,1.27269928501
    ));
#357 = CARTESIAN_POINT('',(-1.907637399402,-17.04262507333,
    1.414281390356));
#358 = CARTESIAN_POINT('',(-1.54013081798,-17.33520195888,1.538647887089
    ));
#359 = CARTESIAN_POINT('',(-1.113260519258,-17.56028475998,
    1.636586821709));
#360 = CARTESIAN_POINT('',(-0.645283487132,-17.6997882564,1.697893857255
    ));
#361 = CARTESIAN_POINT('',(-0.16329230203,-17.74401284306,1.716980530521
    ));
#362 = CARTESIAN_POINT('',(0.305472411511,-17.69973298228,1.697415730105
    ));
#363 = CARTESIAN_POINT('',(0.939065491022,-17.52181346277,1.620724795949
    ));
#364 = CARTESIAN_POINT('',(1.129662269646,-17.45094025124,1.590269596871
    ));
#365 = CARTESIAN_POINT('',(1.313441581825,-17.36479291124,1.553425982873
    ));
#366 = CARTESIAN_POINT('',(1.488825865013,-17.26427789833,1.510708875963
    ));
#367 = CARTESIAN_POINT('',(1.654479339144,-17.15047535384,1.46272234178)
  );
#368 = CARTESIAN_POINT('',(1.809285914603,-17.02458852859,1.41012878793)
  );
#369 = CARTESIAN_POINT('',(1.952333435362,-16.88789120051,1.353616826393
    ));
#370 = CARTESIAN_POINT('',(2.082903553779,-16.74167116759,1.293866803986
    ));
#371 = CARTESIAN_POINT('',(2.200466468002,-16.58716805106,1.231513104547
    ));
#372 = CARTESIAN_POINT('',(2.359863255841,-16.33989849718,1.132995354306
    ));
#373 = CARTESIAN_POINT('',(2.411338699843,-16.25222213777,1.098287473108
    ));
#374 = CARTESIAN_POINT('',(2.459037899502,-16.16265401212,1.06306717546)
  );
#375 = CARTESIAN_POINT('',(2.502898885231,-16.07137111122,1.027419645577
    ));
#376 = CARTESIAN_POINT('',(2.542866318991,-15.97854851694,0.991426947882
    ));
#377 = CARTESIAN_POINT('',(2.578892012062,-15.88435974088,0.955168080566
    ));
#378 = CARTESIAN_POINT('',(2.610935487544,-15.78897703737,0.918719009996
    ));
#379 = CARTESIAN_POINT('',(2.638964587687,-15.69257168995,0.882152686143
    ));
#380 = CARTESIAN_POINT('',(2.662956125833,-15.59531427053,0.845539039134
    ));
#381 = CARTESIAN_POINT('',(2.692909248914,-15.44819673028,0.790570034727
    ));
#382 = CARTESIAN_POINT('',(2.701898468852,-15.39884386413,0.772199820205
    ));
#383 = CARTESIAN_POINT('',(2.709863209296,-15.34933615859,0.753841593317
    ));
#384 = CARTESIAN_POINT('',(2.716802330532,-15.29969402625,0.735502830798
    ));
#385 = CARTESIAN_POINT('',(2.722714599487,-15.24993841666,0.717191209568
    ));
#386 = CARTESIAN_POINT('',(2.727598703407,-15.20009082745,0.69891460983)
  );
#387 = CARTESIAN_POINT('',(2.731453263885,-15.15017331503,0.680681118018
    ));
#388 = CARTESIAN_POINT('',(2.734276851117,-15.10020850492,0.66249902956)
  );
#389 = CARTESIAN_POINT('',(2.736067998525,-15.05021960152,0.644376851464
    ));
#390 = CARTESIAN_POINT('',(2.736825217651,-15.00023039744,0.626323304684
    ));
#391 = CARTESIAN_POINT('',(2.737341150129,-14.96617264412,0.614023384282
    ));
#392 = CARTESIAN_POINT('',(2.737377848936,-14.93211344075,0.601754616391
    ));
#393 = CARTESIAN_POINT('',(2.736935633178,-14.89805927546,0.589519081454
    ));
#394 = CARTESIAN_POINT('',(2.736014830718,-14.86401675843,0.577318901308
    ));
#395 = CARTESIAN_POINT('',(2.734615780633,-14.82999262303,0.565156239406
    ));
#396 = CARTESIAN_POINT('',(2.732738835686,-14.79599372684,0.553033301019
    ));
#397 = CARTESIAN_POINT('',(2.730384364841,-14.76202705266,0.540952333416
    ));
#398 = CARTESIAN_POINT('',(2.727552755784,-14.72809970941,0.528915626029
    ));
#399 = CARTESIAN_POINT('',(2.7242444175,-14.69421893304,0.516925510584)
  );
#400 = CARTESIAN_POINT('',(2.720459782845,-14.66039208726,0.504984361214
    ));
#401 = CARTESIAN_POINT('',(2.754523243707,-15.,-0.47046553172));
#402 = CARTESIAN_POINT('',(2.762188232724,-14.54259050722,-0.68996209863
    ));
#403 = CARTESIAN_POINT('',(2.685374901932,-14.06954750137,
    -0.905143282693));
#404 = CARTESIAN_POINT('',(2.514409047214,-13.59381851369,
    -1.108543564593));
#405 = CARTESIAN_POINT('',(2.241867521676,-13.13959656223,
    -1.290215119963));
#406 = CARTESIAN_POINT('',(1.86212782672,-12.72278222107,-1.444694547993
    ));
#407 = CARTESIAN_POINT('',(1.375193856336,-12.39744030442,
    -1.556681333029));
#408 = CARTESIAN_POINT('',(0.825594857355,-12.18824694335,
    -1.627644123752));
#409 = CARTESIAN_POINT('',(0.240716355813,-12.11185614306,
    -1.654191525631));
#410 = CARTESIAN_POINT('',(-0.333542350743,-12.16962481747,
    -1.635222520345));
#411 = CARTESIAN_POINT('',(-1.319705434024,-12.49371075613,
    -1.520511523975));
#412 = CARTESIAN_POINT('',(-1.742960927721,-12.73138560613,
    -1.435288240433));
#413 = CARTESIAN_POINT('',(-2.108103472141,-13.04383652429,
    -1.320376896633));
#414 = CARTESIAN_POINT('',(-2.405450878965,-13.41685535121,
    -1.177325443081));
#415 = CARTESIAN_POINT('',(-2.612705837248,-13.82056210582,
    -1.013255154122));
#416 = CARTESIAN_POINT('',(-2.748899724611,-14.2394133827,
    -0.832508265034));
#417 = CARTESIAN_POINT('',(-2.807315118958,-14.65607692776,
    -0.642405604051));
#418 = CARTESIAN_POINT('',(-2.802146274738,-15.06187660838,
    -0.447651272664));
#419 = CARTESIAN_POINT('',(-2.736705643823,-15.44901183902,
    -0.253284020613));
#420 = CARTESIAN_POINT('',(-2.48604513044,-16.21071905165,0.14434581339)
  );
#421 = CARTESIAN_POINT('',(-2.289265752552,-16.57996151274,
    0.346485916806));
#422 = CARTESIAN_POINT('',(-2.034360405452,-16.9109744107,0.535875227544
    ));
#423 = CARTESIAN_POINT('',(-1.729067110477,-17.19733043631,
    0.706117399411));
#424 = CARTESIAN_POINT('',(-1.378655394051,-17.43277682194,
    0.850657498731));
#425 = CARTESIAN_POINT('',(-0.98999182318,-17.60927038025,0.961549867698
    ));
#426 = CARTESIAN_POINT('',(-0.574904079317,-17.71817076248,
    1.030646088378));
#427 = CARTESIAN_POINT('',(-0.149362896592,-17.75446241467,
    1.053302344165));
#428 = CARTESIAN_POINT('',(0.270749294302,-17.72016419315,1.031346153091
    ));
#429 = CARTESIAN_POINT('',(0.849762661746,-17.57481777293,0.940981663794
    ));
#430 = CARTESIAN_POINT('',(1.023663350427,-17.51725929091,0.905320521451
    ));
#431 = CARTESIAN_POINT('',(1.192798774423,-17.44708614462,0.862066906746
    ));
#432 = CARTESIAN_POINT('',(1.35612892196,-17.3647811767,0.811686008696)
  );
#433 = CARTESIAN_POINT('',(1.512727007257,-17.27089940723,0.754717435934
    ));
#434 = CARTESIAN_POINT('',(1.661764756697,-17.16604487611,0.691751656178
    ));
#435 = CARTESIAN_POINT('',(1.802497695007,-17.0508474855,0.6234064357));
#436 = CARTESIAN_POINT('',(1.934250431433,-16.92593984221,0.550303278794
    ));
#437 = CARTESIAN_POINT('',(2.056401945915,-16.79193410016,0.473043867247
    ));
#438 = CARTESIAN_POINT('',(2.226805883525,-16.57501163722,0.349988177808
    ));
#439 = CARTESIAN_POINT('',(2.282461930578,-16.49830809038,0.306813558078
    ));
#440 = CARTESIAN_POINT('',(2.335255865087,-16.4193695849,0.262744139656)
  );
#441 = CARTESIAN_POINT('',(2.385103196192,-16.33827979151,0.217860997168
    ));
#442 = CARTESIAN_POINT('',(2.431918093496,-16.2551246291,0.172244780818)
  );
#443 = CARTESIAN_POINT('',(2.475613387082,-16.16999226464,0.125975716392
    ));
#444 = CARTESIAN_POINT('',(2.516100567495,-16.08297311325,
    7.91336052568E-02));
#445 = CARTESIAN_POINT('',(2.553289785757,-15.99415983814,
    3.179782436056E-02));
#446 = CARTESIAN_POINT('',(2.587089853359,-15.90364735063,
    -1.595267376793E-02));
#447 = CARTESIAN_POINT('',(2.632496058833,-15.76569240305,
    -8.796949527159E-02));
#448 = CARTESIAN_POINT('',(2.646721903327,-15.7194539919,-0.111982837542
    ));
#449 = CARTESIAN_POINT('',(2.660073758263,-15.67283138961,
    -0.136069533986));
#450 = CARTESIAN_POINT('',(2.672539606157,-15.62583840907,
    -0.160219730762));
#451 = CARTESIAN_POINT('',(2.684107429527,-15.57848886317,
    -0.184423574027));
#452 = CARTESIAN_POINT('',(2.69476521089,-15.53079656482,-0.208671209937
    ));
#453 = CARTESIAN_POINT('',(2.704500932764,-15.48277532692,-0.23295278465
    ));
#454 = CARTESIAN_POINT('',(2.713302577667,-15.43443896236,
    -0.257258444323));
#455 = CARTESIAN_POINT('',(2.721158128115,-15.38580128403,
    -0.281578335112));
#456 = CARTESIAN_POINT('',(2.728055566627,-15.33687610485,
    -0.305902603175));
#457 = CARTESIAN_POINT('',(2.732730379372,-15.30371653065,
    -0.322388599006));
#458 = CARTESIAN_POINT('',(2.736964835413,-15.27042526494,
    -0.338876561869));
#459 = CARTESIAN_POINT('',(2.740755064761,-15.237007689,-0.355363278882)
  );
#460 = CARTESIAN_POINT('',(2.744097197427,-15.20346918414,
    -0.371845537156));
#461 = CARTESIAN_POINT('',(2.746987363422,-15.16981513164,
    -0.388320123807));
#462 = CARTESIAN_POINT('',(2.749421692756,-15.1360509128,-0.40478382595)
  );
#463 = CARTESIAN_POINT('',(2.751396315441,-15.10218190893,
    -0.421233430698));
#464 = CARTESIAN_POINT('',(2.752907361487,-15.0682135013,-0.437665725166
    ));
#465 = CARTESIAN_POINT('',(2.753950960905,-15.03415107123,
    -0.454077496468));
#466 = CARTESIAN_POINT('',(2.754523243707,-15.,-0.47046553172));
#467 = DEFINITIONAL_REPRESENTATION('',(#468),#472);
#468 = LINE('',#469,#470);
#469 = CARTESIAN_POINT('',(0.,0.));
#470 = VECTOR('',#471,1.);
#471 = DIRECTION('',(0.,1.));
#472 = ( GEOMETRIC_REPRESENTATION_CONTEXT(2) 
PARAMETRIC_REPRESENTATION_CONTEXT() REPRESENTATION_CONTEXT('2D SPACE',''
  ) );
#473 = FACE_BOUND('',#474,.T.);
#474 = EDGE_LOOP('',(#475));
#475 = ORIENTED_EDGE('',*,*,#476,.T.);
#476 = EDGE_CURVE('',#477,#477,#479,.T.);
#477 = VERTEX_POINT('',#478);
#478 = CARTESIAN_POINT('',(3.74811364984,14.557302192514,0.468979704477)
  );
#479 = SURFACE_CURVE('',#480,(#562,#647),.PCURVE_S1.);
#480 = ( BOUNDED_CURVE() B_SPLINE_CURVE(14,(#481,#482,#483,#484,#485,
    #486,#487,#488,#489,#490,#491,#492,#493,#494,#495,#496,#497,#498,
    #499,#500,#501,#502,#503,#504,#505,#506,#507,#508,#509,#510,#511,
    #512,#513,#514,#515,#516,#517,#518,#519,#520,#521,#522,#523,#524,
    #525,#526,#527,#528,#529,#530,#531,#532,#533,#534,#535,#536,#537,
    #538,#539,#540,#541,#542,#543,#544,#545,#546,#547,#548,#549,#550,
    #551,#552,#553,#554,#555,#556,#557,#558,#559,#560,#561),
.UNSPECIFIED.,.T.,.F.) B_SPLINE_CURVE_WITH_KNOTS((15,14,13,13,13,13,15),
  (-0.358688639988,0.,0.533711801158,2.034929072843,4.402420555524,
8.253263108035,17.246471098393),.UNSPECIFIED.) CURVE() 
GEOMETRIC_REPRESENTATION_ITEM() RATIONAL_B_SPLINE_CURVE((1.,1.,
    0.999999999999,1.000000000003,0.999999999993,1.00000000001,
    0.999999999987,1.000000000013,0.999999999989,1.000000000008,
    0.999999999995,1.000000000002,0.999999999999,1.,1.,1.,1.000000000001
    ,0.999999999996,1.000000000009,0.999999999986,1.000000000018,
    0.999999999982,1.000000000015,0.999999999989,1.000000000006,
    0.999999999998,1.000000000001,1.,1.,1.,1.,1.000000000001,
    0.999999999997,1.000000000005,0.999999999995,1.000000000004,
    0.999999999997,1.000000000001,1.,1.,1.,1.,1.000000000001,
    0.999999999998,1.000000000005,0.999999999991,1.000000000012,
    0.999999999985,1.000000000014,0.999999999989,1.000000000007,
    0.999999999997,1.000000000001,1.,1.,0.999999999999,1.000000000001,
    0.999999999997,1.000000000005,0.999999999993,1.000000000008,
    0.999999999993,1.000000000005,0.999999999997,1.000000000001,1.,1.,
    1.000000000001,0.999999999997,1.000000000009,0.999999999981,
    1.000000000031,0.999999999958,1.000000000045,0.999999999959,
    1.00000000003,0.999999999982,1.000000000009,0.999999999997,
1.000000000001,1.)) REPRESENTATION_ITEM('') );
#481 = CARTESIAN_POINT('',(3.74811364984,14.557302192514,0.468979704477)
  );
#482 = CARTESIAN_POINT('',(3.748738558384,14.590049856617,0.480416987899
    ));
#483 = CARTESIAN_POINT('',(3.749040038469,14.622758841687,0.49187197923)
  );
#484 = CARTESIAN_POINT('',(3.749019497906,14.655426507925,0.503343602485
    ));
#485 = CARTESIAN_POINT('',(3.748678344515,14.688050215536,0.514830781682
    ));
#486 = CARTESIAN_POINT('',(3.748017986091,14.720627324713,0.526332440836
    ));
#487 = CARTESIAN_POINT('',(3.747039830481,14.753155195672,0.537847503965
    ));
#488 = CARTESIAN_POINT('',(3.745745285448,14.785631188591,0.549374895081
    ));
#489 = CARTESIAN_POINT('',(3.744135758868,14.818052663702,0.560913538208
    ));
#490 = CARTESIAN_POINT('',(3.742212658485,14.850416981173,0.572462357352
    ));
#491 = CARTESIAN_POINT('',(3.739977392177,14.882721501236,0.584020276539
    ));
#492 = CARTESIAN_POINT('',(3.737431367706,14.914963584069,0.595586219778
    ));
#493 = CARTESIAN_POINT('',(3.734575992919,14.947140589887,0.60715911109)
  );
#494 = CARTESIAN_POINT('',(3.73141267561,14.979249878885,0.618737874488)
  );
#495 = CARTESIAN_POINT('',(3.727942823601,15.011288811266,0.63032143399)
  );
#496 = CARTESIAN_POINT('',(3.722802015045,15.058757406236,0.647483531896
    ));
#497 = CARTESIAN_POINT('',(3.716988515099,15.106070502681,0.664655981523
    ));
#498 = CARTESIAN_POINT('',(3.710507140386,15.153220965368,0.681835349225
    ));
#499 = CARTESIAN_POINT('',(3.703362707565,15.200201659082,0.699018201355
    ));
#500 = CARTESIAN_POINT('',(3.695560033216,15.247005448568,0.716201104263
    ));
#501 = CARTESIAN_POINT('',(3.687103934068,15.293625198635,0.733380624307
    ));
#502 = CARTESIAN_POINT('',(3.677999226614,15.340053774006,0.750553327832
    ));
#503 = CARTESIAN_POINT('',(3.668250727662,15.386284039506,0.7677157812)
  );
#504 = CARTESIAN_POINT('',(3.657863253663,15.432308859855,0.784864550756
    ));
#505 = CARTESIAN_POINT('',(3.646841621413,15.478121099864,0.801996202858
    ));
#506 = CARTESIAN_POINT('',(3.635190647425,15.523713624279,0.819107303855
    ));
#507 = CARTESIAN_POINT('',(3.622915148406,15.569079297883,0.836194420102
    ));
#508 = CARTESIAN_POINT('',(3.610019940954,15.614210985444,0.85325411795)
  );
#509 = CARTESIAN_POINT('',(3.558508818927,15.785369124047,0.918181468868
    ));
#510 = CARTESIAN_POINT('',(3.515648196444,15.90972931556,0.965834128574)
  );
#511 = CARTESIAN_POINT('',(3.468030818652,16.032048651816,1.013167016391
    ));
#512 = CARTESIAN_POINT('',(3.415759807031,16.152195305911,1.060105501862
    ));
#513 = CARTESIAN_POINT('',(3.358938560175,16.270039098433,1.106574250512
    ));
#514 = CARTESIAN_POINT('',(3.297670753763,16.38545149757,1.152497223936)
  );
#515 = CARTESIAN_POINT('',(3.232060340594,16.498305618945,1.197797679654
    ));
#516 = CARTESIAN_POINT('',(3.162211550555,16.608476225828,1.242398171306
    ));
#517 = CARTESIAN_POINT('',(3.088228890639,16.715839728902,1.286220548432
    ));
#518 = CARTESIAN_POINT('',(3.010217144946,16.820274186488,1.329185956683
    ));
#519 = CARTESIAN_POINT('',(2.928281374668,16.921659304358,1.371214837648
    ));
#520 = CARTESIAN_POINT('',(2.842526918107,17.019876435867,1.412226928975
    ));
#521 = CARTESIAN_POINT('',(2.753059390663,17.114808581874,1.452141264299
    ));
#522 = CARTESIAN_POINT('',(2.513201419385,17.350690433957,1.551962978517
    ));
#523 = CARTESIAN_POINT('',(2.357449979562,17.486563763006,1.610113502236
    ));
#524 = CARTESIAN_POINT('',(2.193224952804,17.613481586118,1.665003643931
    ));
#525 = CARTESIAN_POINT('',(2.020971136646,17.730965641115,1.716307969052
    ));
#526 = CARTESIAN_POINT('',(1.841170772163,17.838527185496,1.763695224145
    ));
#527 = CARTESIAN_POINT('',(1.654387771276,17.935669347635,1.806831080654
    ));
#528 = CARTESIAN_POINT('',(1.461279261229,18.021899179284,1.845386155756
    ));
#529 = CARTESIAN_POINT('',(1.262584769292,18.096745749854,1.879047357688
    ));
#530 = CARTESIAN_POINT('',(1.059103370833,18.159780622652,1.907530604444
    ));
#531 = CARTESIAN_POINT('',(0.851669124168,18.210637053394,1.930592962798
    ));
#532 = CARTESIAN_POINT('',(0.641135114891,18.249024251448,1.948042256861
    ));
#533 = CARTESIAN_POINT('',(0.428376433449,18.27473304381,1.959742193098)
  );
#534 = CARTESIAN_POINT('',(0.214322408529,18.287629282492,1.965611050731
    ));
#535 = CARTESIAN_POINT('',(-0.348531402233,18.28763467427,1.965613504491
    ));
#536 = CARTESIAN_POINT('',(-0.697573846883,18.25374284379,1.950188942012
    ));
#537 = CARTESIAN_POINT('',(-1.044586051299,18.184633055698,
    1.918738648293));
#538 = CARTESIAN_POINT('',(-1.378996340817,18.08297207115,1.872619689538
    ));
#539 = CARTESIAN_POINT('',(-1.699958137882,17.949709746507,
    1.812553423949));
#540 = CARTESIAN_POINT('',(-2.006777407472,17.786019118071,
    1.739484581075));
#541 = CARTESIAN_POINT('',(-2.294953642481,17.594340851463,
    1.655006653377));
#542 = CARTESIAN_POINT('',(-2.559916011176,17.377516487187,
    1.560916638817));
#543 = CARTESIAN_POINT('',(-2.800511790923,17.13771692073,1.458696132222
    ));
#544 = CARTESIAN_POINT('',(-3.017188924161,16.876527984416,
    1.349540132472));
#545 = CARTESIAN_POINT('',(-3.207653777953,16.595881846224,
    1.234774373072));
#546 = CARTESIAN_POINT('',(-3.36762429684,16.298259230668,1.115921177654
    ));
#547 = CARTESIAN_POINT('',(-3.498183031054,15.985471197393,
    0.994097451521));
#548 = CARTESIAN_POINT('',(-3.825138681067,14.900226977214,
    0.582389518653));
#549 = CARTESIAN_POINT('',(-3.878061616803,14.071795864714,
    0.285351507072));
#550 = CARTESIAN_POINT('',(-3.729903994716,13.204215412244,
    -4.779574052675E-03));
#551 = CARTESIAN_POINT('',(-3.364434905703,12.346075049813,
    -0.267235715836));
#552 = CARTESIAN_POINT('',(-2.736101402066,11.532551462736,
    -0.494626859445));
#553 = CARTESIAN_POINT('',(-1.88671470115,10.88520273283,-0.648230962935
    ));
#554 = CARTESIAN_POINT('',(-0.756365533226,10.475097663674,
    -0.726995730867));
#555 = CARTESIAN_POINT('',(0.360282312996,10.493340089112,
    -0.725509726568));
#556 = CARTESIAN_POINT('',(1.465335749712,10.723574163912,
    -0.685453045911));
#557 = CARTESIAN_POINT('',(2.394343121239,11.338375128929,
    -0.538977748831));
#558 = CARTESIAN_POINT('',(3.068260427723,12.064466836464,
    -0.341254798106));
#559 = CARTESIAN_POINT('',(3.513847835391,12.891489676597,
    -9.331982037016E-02));
#560 = CARTESIAN_POINT('',(3.732445652901,13.736237565315,0.182218828352
    ));
#561 = CARTESIAN_POINT('',(3.74811364984,14.557302192514,0.468979704477)
  );
#562 = PCURVE('',#93,#563);
#563 = DEFINITIONAL_REPRESENTATION('',(#564),#646);
#564 = B_SPLINE_CURVE_WITH_KNOTS('',14,(#565,#566,#567,#568,#569,#570,
    #571,#572,#573,#574,#575,#576,#577,#578,#579,#580,#581,#582,#583,
    #584,#585,#586,#587,#588,#589,#590,#591,#592,#593,#594,#595,#596,
    #597,#598,#599,#600,#601,#602,#603,#604,#605,#606,#607,#608,#609,
    #610,#611,#612,#613,#614,#615,#616,#617,#618,#619,#620,#621,#622,
    #623,#624,#625,#626,#627,#628,#629,#630,#631,#632,#633,#634,#635,
    #636,#637,#638,#639,#640,#641,#642,#643,#644,#645),.UNSPECIFIED.,.F.
  ,.F.,(15,14,13,13,13,13,15),(-0.358688639988,0.,0.533711801158,
    2.034929072843,4.402420555524,8.253263108035,17.246471098393),
  .UNSPECIFIED.);
#565 = CARTESIAN_POINT('',(0.255454343717,-3.74811364984));
#566 = CARTESIAN_POINT('',(0.254668670433,-3.748738558384));
#567 = CARTESIAN_POINT('',(0.253883691919,-3.749040038468));
#568 = CARTESIAN_POINT('',(0.253099472084,-3.749019497907));
#569 = CARTESIAN_POINT('',(0.252316074827,-3.748678344513));
#570 = CARTESIAN_POINT('',(0.251533564069,-3.748017986092));
#571 = CARTESIAN_POINT('',(0.250752003695,-3.747039830484));
#572 = CARTESIAN_POINT('',(0.249971457638,-3.745745285441));
#573 = CARTESIAN_POINT('',(0.249191989777,-3.744135758877));
#574 = CARTESIAN_POINT('',(0.248413664044,-3.742212658477));
#575 = CARTESIAN_POINT('',(0.247636544324,-3.739977392183));
#576 = CARTESIAN_POINT('',(0.246860694539,-3.737431367704));
#577 = CARTESIAN_POINT('',(0.246086178586,-3.73457599292));
#578 = CARTESIAN_POINT('',(0.245313060377,-3.73141267561));
#579 = CARTESIAN_POINT('',(0.244541403816,-3.727942823601));
#580 = CARTESIAN_POINT('',(0.243398124373,-3.722802015044));
#581 = CARTESIAN_POINT('',(0.242258076859,-3.716988515105));
#582 = CARTESIAN_POINT('',(0.241121438087,-3.710507140367));
#583 = CARTESIAN_POINT('',(0.23998838488,-3.703362707604));
#584 = CARTESIAN_POINT('',(0.238859094041,-3.695560033154));
#585 = CARTESIAN_POINT('',(0.237733742408,-3.687103934147));
#586 = CARTESIAN_POINT('',(0.236612506766,-3.677999226532));
#587 = CARTESIAN_POINT('',(0.235495563967,-3.66825072773));
#588 = CARTESIAN_POINT('',(0.234383090792,-3.657863253617));
#589 = CARTESIAN_POINT('',(0.233275264086,-3.646841621438));
#590 = CARTESIAN_POINT('',(0.232172260646,-3.635190647414));
#591 = CARTESIAN_POINT('',(0.231074257298,-3.622915148409));
#592 = CARTESIAN_POINT('',(0.229981430853,-3.610019940954));
#593 = CARTESIAN_POINT('',(0.225835129694,-3.558508818927));
#594 = CARTESIAN_POINT('',(0.222818670992,-3.515648196446));
#595 = CARTESIAN_POINT('',(0.219847965129,-3.468030818644));
#596 = CARTESIAN_POINT('',(0.216926370522,-3.41575980705));
#597 = CARTESIAN_POINT('',(0.214057220905,-3.35893856014));
#598 = CARTESIAN_POINT('',(0.211243825329,-3.297670753811));
#599 = CARTESIAN_POINT('',(0.208489468152,-3.232060340541));
#600 = CARTESIAN_POINT('',(0.205797409058,-3.162211550602));
#601 = CARTESIAN_POINT('',(0.203170883036,-3.088228890605));
#602 = CARTESIAN_POINT('',(0.200613100396,-3.010217144965));
#603 = CARTESIAN_POINT('',(0.19812724676,-2.928281374659));
#604 = CARTESIAN_POINT('',(0.195716483065,-2.84252691811));
#605 = CARTESIAN_POINT('',(0.193383945566,-2.753059390663));
#606 = CARTESIAN_POINT('',(0.187582496103,-2.513201419385));
#607 = CARTESIAN_POINT('',(0.184234982537,-2.357449979562));
#608 = CARTESIAN_POINT('',(0.181102997917,-2.193224952804));
#609 = CARTESIAN_POINT('',(0.178199356982,-2.020971136647));
#610 = CARTESIAN_POINT('',(0.175537166068,-1.841170772161));
#611 = CARTESIAN_POINT('',(0.173129747944,-1.654387771278));
#612 = CARTESIAN_POINT('',(0.170990315868,-1.461279261227));
#613 = CARTESIAN_POINT('',(0.169131491156,-1.262584769292));
#614 = CARTESIAN_POINT('',(0.167564758164,-1.059103370833));
#615 = CARTESIAN_POINT('',(0.166299951072,-0.851669124167));
#616 = CARTESIAN_POINT('',(0.165344866332,-0.641135114892));
#617 = CARTESIAN_POINT('',(0.164705095142,-0.428376433448));
#618 = CARTESIAN_POINT('',(0.164384169889,-0.214322408529));
#619 = CARTESIAN_POINT('',(0.164384035713,0.348531402234));
#620 = CARTESIAN_POINT('',(0.165227449817,0.697573846883));
#621 = CARTESIAN_POINT('',(0.1669472553,1.044586051299));
#622 = CARTESIAN_POINT('',(0.169475747727,1.378996340816));
#623 = CARTESIAN_POINT('',(0.172786572727,1.699958137887));
#624 = CARTESIAN_POINT('',(0.176846709559,2.006777407462));
#625 = CARTESIAN_POINT('',(0.18159100034,2.294953642495));
#626 = CARTESIAN_POINT('',(0.186944240435,2.559916011161));
#627 = CARTESIAN_POINT('',(0.192848166353,2.800511790937));
#628 = CARTESIAN_POINT('',(0.19925943514,3.017188924152));
#629 = CARTESIAN_POINT('',(0.206126506515,3.207653777957));
#630 = CARTESIAN_POINT('',(0.213384836349,3.367624296839));
#631 = CARTESIAN_POINT('',(0.2209875902,3.498183031054));
#632 = CARTESIAN_POINT('',(0.247277842169,3.825138681069));
#633 = CARTESIAN_POINT('',(0.26720813657,3.878061616791));
#634 = CARTESIAN_POINT('',(0.287920748883,3.72990399475));
#635 = CARTESIAN_POINT('',(0.308226239371,3.364434905639));
#636 = CARTESIAN_POINT('',(0.32735900637,2.736101402153));
#637 = CARTESIAN_POINT('',(0.342361461332,1.88671470107));
#638 = CARTESIAN_POINT('',(0.351886960265,0.75636553326));
#639 = CARTESIAN_POINT('',(0.351436794718,-0.36028231298));
#640 = CARTESIAN_POINT('',(0.346150987618,-1.465335749758));
#641 = CARTESIAN_POINT('',(0.331853374936,-2.394343121194));
#642 = CARTESIAN_POINT('',(0.314820341233,-3.06826042775));
#643 = CARTESIAN_POINT('',(0.295274489289,-3.51384783538));
#644 = CARTESIAN_POINT('',(0.2751531088,-3.732445652903));
#645 = CARTESIAN_POINT('',(0.255454343717,-3.74811364984));
#646 = ( GEOMETRIC_REPRESENTATION_CONTEXT(2) 
PARAMETRIC_REPRESENTATION_CONTEXT() REPRESENTATION_CONTEXT('2D SPACE',''
  ) );
#647 = PCURVE('',#648,#892);
#648 = ( BOUNDED_SURFACE() B_SPLINE_SURFACE(2,14,(
    (#649,#650,#651,#652,#653,#654,#655,#656,#657,#658,#659,#660,#661
      ,#662,#663,#664,#665,#666,#667,#668,#669,#670,#671,#672,#673,#674
      ,#675,#676,#677,#678,#679,#680,#681,#682,#683,#684,#685,#686,#687
      ,#688,#689,#690,#691,#692,#693,#694,#695,#696,#697,#698,#699,#700
      ,#701,#702,#703,#704,#705,#706,#707,#708,#709,#710,#711,#712,#713
      ,#714,#715,#716,#717,#718,#719,#720,#721,#722,#723,#724,#725,#726
      ,#727,#728,#729)
    ,(#730,#731,#732,#733,#734,#735,#736,#737,#738,#739,#740,#741,#742
      ,#743,#744,#745,#746,#747,#748,#749,#750,#751,#752,#753,#754,#755
      ,#756,#757,#758,#759,#760,#761,#762,#763,#764,#765,#766,#767,#768
      ,#769,#770,#771,#772,#773,#774,#775,#776,#777,#778,#779,#780,#781
      ,#782,#783,#784,#785,#786,#787,#788,#789,#790,#791,#792,#793,#794
      ,#795,#796,#797,#798,#799,#800,#801,#802,#803,#804,#805,#806,#807
      ,#808,#809,#810)
    ,(#811,#812,#813,#814,#815,#816,#817,#818,#819,#820,#821,#822,#823
      ,#824,#825,#826,#827,#828,#829,#830,#831,#832,#833,#834,#835,#836
      ,#837,#838,#839,#840,#841,#842,#843,#844,#845,#846,#847,#848,#849
      ,#850,#851,#852,#853,#854,#855,#856,#857,#858,#859,#860,#861,#862
      ,#863,#864,#865,#866,#867,#868,#869,#870,#871,#872,#873,#874,#875
      ,#876,#877,#878,#879,#880,#881,#882,#883,#884,#885,#886,#887,#888
      ,#889,#890,#891
)),.UNSPECIFIED.,.F.,.T.,.F.) B_SPLINE_SURFACE_WITH_KNOTS((3,3),(15,14,
    13,13,13,13,15),(0.,17.605159738382),(-0.358688639988,0.,
    0.533711801158,2.034929072843,4.402420555524,8.253263108035,
17.246471098393),.UNSPECIFIED.) GEOMETRIC_REPRESENTATION_ITEM() 
RATIONAL_B_SPLINE_SURFACE((
    (1.,1.,0.999999999999,1.000000000003,0.999999999993,1.00000000001
      ,0.999999999987,1.000000000013,0.999999999989,1.000000000008
      ,0.999999999995,1.000000000002,0.999999999999,1.,1.,1.
      ,1.000000000001,0.999999999996,1.000000000009,0.999999999986
      ,1.000000000018,0.999999999982,1.000000000015,0.999999999989
      ,1.000000000006,0.999999999998,1.000000000001,1.,1.,1.,1.
      ,1.000000000001,0.999999999997,1.000000000005,0.999999999995
      ,1.000000000004,0.999999999997,1.000000000001,1.,1.,1.,1.
      ,1.000000000001,0.999999999998,1.000000000005,0.999999999991
      ,1.000000000012,0.999999999985,1.000000000014,0.999999999989
      ,1.000000000007,0.999999999997,1.000000000001,1.,1.,0.999999999999
      ,1.000000000001,0.999999999997,1.000000000005,0.999999999993
      ,1.000000000008,0.999999999993,1.000000000005,0.999999999997
      ,1.000000000001,1.,1.,1.000000000001,0.999999999997,1.000000000009
      ,0.999999999981,1.000000000031,0.999999999958,1.000000000045
      ,0.999999999959,1.00000000003,0.999999999982,1.000000000009
      ,0.999999999997,1.000000000001,1.)
    ,(0.695384744278,0.696435757364,0.697488654267,0.698543322349
      ,0.699599648961,0.700657521482,0.701716827241,0.702777453636
      ,0.703839287987,0.704902217687,0.705966130073,0.707030912518
      ,0.708096452375,0.709162637006,0.710229353771,0.711809728153
      ,0.713391226844,0.714973492662,0.716556168458,0.718138897011
      ,0.719721321232,0.721303083833,0.722883827777,0.724463195759
      ,0.726040830716,0.727616375402,0.729189472685,0.730759765375
      ,0.736734900805,0.741117895843,0.745468234817,0.749778319567
      ,0.754040600344,0.75824757588,0.762391793267,0.766465848127
      ,0.770462384417,0.774374094613,0.778193719566,0.781914048595
      ,0.78552791944,0.794548357061,0.799786036238,0.804712267878
      ,0.809299649327,0.813521243462,0.817350401231,0.820761262168
      ,0.823729670071,0.826234238758,0.828257305788,0.829785508677
      ,0.830809721411,0.831324086312,0.831323539921,0.829960735341
      ,0.827235764828,0.823190714901,0.8178811381,0.811401260749
      ,0.803877083182,0.795438085893,0.786201248902,0.776281159739
      ,0.765807578129,0.754917369276,0.743721662737,0.705832356512
      ,0.678398300417,0.651758519515,0.62766773262,0.608561215958
      ,0.594550801109,0.592598259578,0.591141630838,0.592972109978
      ,0.604666078432,0.621636784097,0.643873577048,0.66903325658
      ,0.695384744278)
    ,(1.,1.,0.999999999999,1.000000000003,0.999999999993,1.00000000001
      ,0.999999999987,1.000000000013,0.999999999989,1.000000000008
      ,0.999999999995,1.000000000002,0.999999999999,1.,1.,1.
      ,1.000000000001,0.999999999996,1.000000000009,0.999999999986
      ,1.000000000018,0.999999999982,1.000000000015,0.999999999989
      ,1.000000000006,0.999999999998,1.000000000001,1.,1.,1.,1.
      ,1.000000000001,0.999999999997,1.000000000005,0.999999999995
      ,1.000000000004,0.999999999997,1.000000000001,1.,1.,1.,1.
      ,1.000000000001,0.999999999998,1.000000000005,0.999999999991
      ,1.000000000012,0.999999999985,1.000000000014,0.999999999989
      ,1.000000000007,0.999999999997,1.000000000001,1.,1.,0.999999999999
      ,1.000000000001,0.999999999997,1.000000000005,0.999999999993
      ,1.000000000008,0.999999999993,1.000000000005,0.999999999997
      ,1.000000000001,1.,1.,1.000000000001,0.999999999997,1.000000000009
      ,0.999999999981,1.000000000031,0.999999999958,1.000000000045
      ,0.999999999959,1.00000000003,0.999999999982,1.000000000009
,0.999999999997,1.000000000001,1.
  ))) REPRESENTATION_ITEM('') SURFACE() );
#649 = CARTESIAN_POINT('',(3.74811364984,14.557302192514,0.468979704477)
  );
#650 = CARTESIAN_POINT('',(3.748738558384,14.590049856617,0.480416987899
    ));
#651 = CARTESIAN_POINT('',(3.749040038469,14.622758841687,0.49187197923)
  );
#652 = CARTESIAN_POINT('',(3.749019497906,14.655426507925,0.503343602485
    ));
#653 = CARTESIAN_POINT('',(3.748678344515,14.688050215536,0.514830781682
    ));
#654 = CARTESIAN_POINT('',(3.748017986091,14.720627324713,0.526332440836
    ));
#655 = CARTESIAN_POINT('',(3.747039830481,14.753155195672,0.537847503965
    ));
#656 = CARTESIAN_POINT('',(3.745745285448,14.785631188591,0.549374895081
    ));
#657 = CARTESIAN_POINT('',(3.744135758868,14.818052663702,0.560913538208
    ));
#658 = CARTESIAN_POINT('',(3.742212658485,14.850416981173,0.572462357352
    ));
#659 = CARTESIAN_POINT('',(3.739977392177,14.882721501236,0.584020276539
    ));
#660 = CARTESIAN_POINT('',(3.737431367706,14.914963584069,0.595586219778
    ));
#661 = CARTESIAN_POINT('',(3.734575992919,14.947140589887,0.60715911109)
  );
#662 = CARTESIAN_POINT('',(3.73141267561,14.979249878885,0.618737874488)
  );
#663 = CARTESIAN_POINT('',(3.727942823601,15.011288811266,0.63032143399)
  );
#664 = CARTESIAN_POINT('',(3.722802015045,15.058757406236,0.647483531896
    ));
#665 = CARTESIAN_POINT('',(3.716988515099,15.106070502681,0.664655981523
    ));
#666 = CARTESIAN_POINT('',(3.710507140386,15.153220965368,0.681835349225
    ));
#667 = CARTESIAN_POINT('',(3.703362707565,15.200201659082,0.699018201355
    ));
#668 = CARTESIAN_POINT('',(3.695560033216,15.247005448568,0.716201104263
    ));
#669 = CARTESIAN_POINT('',(3.687103934068,15.293625198635,0.733380624307
    ));
#670 = CARTESIAN_POINT('',(3.677999226614,15.340053774006,0.750553327832
    ));
#671 = CARTESIAN_POINT('',(3.668250727662,15.386284039506,0.7677157812)
  );
#672 = CARTESIAN_POINT('',(3.657863253663,15.432308859855,0.784864550756
    ));
#673 = CARTESIAN_POINT('',(3.646841621413,15.478121099864,0.801996202858
    ));
#674 = CARTESIAN_POINT('',(3.635190647425,15.523713624279,0.819107303855
    ));
#675 = CARTESIAN_POINT('',(3.622915148406,15.569079297883,0.836194420102
    ));
#676 = CARTESIAN_POINT('',(3.610019940954,15.614210985444,0.85325411795)
  );
#677 = CARTESIAN_POINT('',(3.558508818927,15.785369124047,0.918181468868
    ));
#678 = CARTESIAN_POINT('',(3.515648196444,15.90972931556,0.965834128574)
  );
#679 = CARTESIAN_POINT('',(3.468030818652,16.032048651816,1.013167016391
    ));
#680 = CARTESIAN_POINT('',(3.415759807031,16.152195305911,1.060105501862
    ));
#681 = CARTESIAN_POINT('',(3.358938560175,16.270039098433,1.106574250512
    ));
#682 = CARTESIAN_POINT('',(3.297670753763,16.38545149757,1.152497223936)
  );
#683 = CARTESIAN_POINT('',(3.232060340594,16.498305618945,1.197797679654
    ));
#684 = CARTESIAN_POINT('',(3.162211550555,16.608476225828,1.242398171306
    ));
#685 = CARTESIAN_POINT('',(3.088228890639,16.715839728902,1.286220548432
    ));
#686 = CARTESIAN_POINT('',(3.010217144946,16.820274186488,1.329185956683
    ));
#687 = CARTESIAN_POINT('',(2.928281374668,16.921659304358,1.371214837648
    ));
#688 = CARTESIAN_POINT('',(2.842526918107,17.019876435867,1.412226928975
    ));
#689 = CARTESIAN_POINT('',(2.753059390663,17.114808581874,1.452141264299
    ));
#690 = CARTESIAN_POINT('',(2.513201419385,17.350690433957,1.551962978517
    ));
#691 = CARTESIAN_POINT('',(2.357449979562,17.486563763006,1.610113502236
    ));
#692 = CARTESIAN_POINT('',(2.193224952804,17.613481586118,1.665003643931
    ));
#693 = CARTESIAN_POINT('',(2.020971136646,17.730965641115,1.716307969052
    ));
#694 = CARTESIAN_POINT('',(1.841170772163,17.838527185496,1.763695224145
    ));
#695 = CARTESIAN_POINT('',(1.654387771276,17.935669347635,1.806831080654
    ));
#696 = CARTESIAN_POINT('',(1.461279261229,18.021899179284,1.845386155756
    ));
#697 = CARTESIAN_POINT('',(1.262584769292,18.096745749854,1.879047357688
    ));
#698 = CARTESIAN_POINT('',(1.059103370833,18.159780622652,1.907530604444
    ));
#699 = CARTESIAN_POINT('',(0.851669124168,18.210637053394,1.930592962798
    ));
#700 = CARTESIAN_POINT('',(0.641135114891,18.249024251448,1.948042256861
    ));
#701 = CARTESIAN_POINT('',(0.428376433449,18.27473304381,1.959742193098)
  );
#702 = CARTESIAN_POINT('',(0.214322408529,18.287629282492,1.965611050731
    ));
#703 = CARTESIAN_POINT('',(-0.348531402233,18.28763467427,1.965613504491
    ));
#704 = CARTESIAN_POINT('',(-0.697573846883,18.25374284379,1.950188942012
    ));
#705 = CARTESIAN_POINT('',(-1.044586051299,18.184633055698,
    1.918738648293));
#706 = CARTESIAN_POINT('',(-1.378996340817,18.08297207115,1.872619689538
    ));
#707 = CARTESIAN_POINT('',(-1.699958137882,17.949709746507,
    1.812553423949));
#708 = CARTESIAN_POINT('',(-2.006777407472,17.786019118071,
    1.739484581075));
#709 = CARTESIAN_POINT('',(-2.294953642481,17.594340851463,
    1.655006653377));
#710 = CARTESIAN_POINT('',(-2.559916011176,17.377516487187,
    1.560916638817));
#711 = CARTESIAN_POINT('',(-2.800511790923,17.13771692073,1.458696132222
    ));
#712 = CARTESIAN_POINT('',(-3.017188924161,16.876527984416,
    1.349540132472));
#713 = CARTESIAN_POINT('',(-3.207653777953,16.595881846224,
    1.234774373072));
#714 = CARTESIAN_POINT('',(-3.36762429684,16.298259230668,1.115921177654
    ));
#715 = CARTESIAN_POINT('',(-3.498183031054,15.985471197393,
    0.994097451521));
#716 = CARTESIAN_POINT('',(-3.825138681067,14.900226977214,
    0.582389518653));
#717 = CARTESIAN_POINT('',(-3.878061616803,14.071795864714,
    0.285351507072));
#718 = CARTESIAN_POINT('',(-3.729903994716,13.204215412244,
    -4.779574052675E-03));
#719 = CARTESIAN_POINT('',(-3.364434905703,12.346075049813,
    -0.267235715836));
#720 = CARTESIAN_POINT('',(-2.736101402066,11.532551462736,
    -0.494626859445));
#721 = CARTESIAN_POINT('',(-1.88671470115,10.88520273283,-0.648230962935
    ));
#722 = CARTESIAN_POINT('',(-0.756365533226,10.475097663674,
    -0.726995730867));
#723 = CARTESIAN_POINT('',(0.360282312996,10.493340089112,
    -0.725509726568));
#724 = CARTESIAN_POINT('',(1.465335749712,10.723574163912,
    -0.685453045911));
#725 = CARTESIAN_POINT('',(2.394343121239,11.338375128929,
    -0.538977748831));
#726 = CARTESIAN_POINT('',(3.068260427723,12.064466836464,
    -0.341254798106));
#727 = CARTESIAN_POINT('',(3.513847835391,12.891489676597,
    -9.331982037016E-02));
#728 = CARTESIAN_POINT('',(3.732445652901,13.736237565315,0.182218828352
    ));
#729 = CARTESIAN_POINT('',(3.74811364984,14.557302192514,0.468979704477)
  );
#730 = CARTESIAN_POINT('',(2.720459801349,14.660390575399,0.504983831332
    ));
#731 = CARTESIAN_POINT('',(2.723164710228,14.684567035632,0.513518315662
    ));
#732 = CARTESIAN_POINT('',(2.725633553105,14.708768010915,0.522076271308
    ));
#733 = CARTESIAN_POINT('',(2.727866258527,14.732991052784,0.530656903987
    ));
#734 = CARTESIAN_POINT('',(2.729862760573,14.757233742777,0.539259429376
    ));
#735 = CARTESIAN_POINT('',(2.731622998435,14.781493692322,0.54788307309)
  );
#736 = CARTESIAN_POINT('',(2.733146915993,14.805768542558,0.556527070664
    ));
#737 = CARTESIAN_POINT('',(2.734434461427,14.830055964248,0.565190667521
    ));
#738 = CARTESIAN_POINT('',(2.735485586759,14.854353657544,0.573873118956
    ));
#739 = CARTESIAN_POINT('',(2.736300247526,14.878659351913,0.582573690086
    ));
#740 = CARTESIAN_POINT('',(2.736878402269,14.902970805885,0.591291655844
    ));
#741 = CARTESIAN_POINT('',(2.737220012254,14.927285806945,0.600026300916
    ));
#742 = CARTESIAN_POINT('',(2.73732504097,14.95160217131,0.60877691973));
#743 = CARTESIAN_POINT('',(2.737193453812,14.975917743761,0.617542816398
    ));
#744 = CARTESIAN_POINT('',(2.736825217651,15.000230397445,0.626323304684
    ));
#745 = CARTESIAN_POINT('',(2.736281585245,15.036117851737,0.63928401955)
  );
#746 = CARTESIAN_POINT('',(2.735221573738,15.072000146575,0.652277214568
    ));
#747 = CARTESIAN_POINT('',(2.733645910439,15.107869326561,0.665299956838
    ));
#748 = CARTESIAN_POINT('',(2.731555316913,15.143717578163,0.678349365119
    ));
#749 = CARTESIAN_POINT('',(2.728950506496,15.179537228104,0.691422609373
    ));
#750 = CARTESIAN_POINT('',(2.725832181796,15.215320741766,0.704516910423
    ));
#751 = CARTESIAN_POINT('',(2.722201032319,15.251060721439,0.717629539373
    ));
#752 = CARTESIAN_POINT('',(2.718057732004,15.286749904636,0.730757817304
    ));
#753 = CARTESIAN_POINT('',(2.713402936975,15.322381162253,0.743899114595
    ));
#754 = CARTESIAN_POINT('',(2.708237283116,15.357947496757,0.757050850589
    ));
#755 = CARTESIAN_POINT('',(2.702561383903,15.393442040304,0.770210492924
    ));
#756 = CARTESIAN_POINT('',(2.696375828071,15.428858052814,0.783375557084
    ));
#757 = CARTESIAN_POINT('',(2.689681177469,15.464188920027,0.796543605787
    ));
#758 = CARTESIAN_POINT('',(2.662381190119,15.597744685308,0.846452416851
    ));
#759 = CARTESIAN_POINT('',(2.638341361891,15.695358291009,0.883198206396
    ));
#760 = CARTESIAN_POINT('',(2.61036984339,15.792113642887,0.919887975505)
  );
#761 = CARTESIAN_POINT('',(2.578487083385,15.887856227212,0.956458123455
    ));
#762 = CARTESIAN_POINT('',(2.542721978256,15.982432118865,0.992843095403
    ));
#763 = CARTESIAN_POINT('',(2.50311127132,16.075687736236,1.028975372961)
  );
#764 = CARTESIAN_POINT('',(2.4596989898,16.167469575431,1.064785450189)
  );
#765 = CARTESIAN_POINT('',(2.412535920023,16.257623924667,1.100201795267
    ));
#766 = CARTESIAN_POINT('',(2.361679120334,16.345996559434,1.135150797416
    ));
#767 = CARTESIAN_POINT('',(2.307191472136,16.432432418829,1.169556699481
    ));
#768 = CARTESIAN_POINT('',(2.249141267961,16.516775263205,1.203341515508
    ));
#769 = CARTESIAN_POINT('',(2.187601836708,16.598867313075,1.236424933584
    ));
#770 = CARTESIAN_POINT('',(2.122651204878,16.67854886895,1.268724203308)
  );
#771 = CARTESIAN_POINT('',(1.947914374484,16.875881995212,1.349157591589
    ));
#772 = CARTESIAN_POINT('',(1.83322126175,16.990023482892,1.396119052023)
  );
#773 = CARTESIAN_POINT('',(1.710684921767,17.0974615318,1.440715213081)
  );
#774 = CARTESIAN_POINT('',(1.580635795773,17.197596138017,1.482625985574
    ));
#775 = CARTESIAN_POINT('',(1.443459590394,17.289824852316,1.521524446523
    ));
#776 = CARTESIAN_POINT('',(1.299653515934,17.373542713452,1.55707842496)
  );
#777 = CARTESIAN_POINT('',(1.149838105383,17.448157641199,1.588959811563
    ));
#778 = CARTESIAN_POINT('',(0.994739868142,17.513114491501,1.616858250477
    ));
#779 = CARTESIAN_POINT('',(0.835158758697,17.567921759182,1.640496231621
    ));
#780 = CARTESIAN_POINT('',(0.671933303027,17.612175468752,1.659642870417
    ));
#781 = CARTESIAN_POINT('',(0.505915284496,17.645575121283,1.674123815457
    ));
#782 = CARTESIAN_POINT('',(0.337965184919,17.667926611628,1.683824757333
    ));
#783 = CARTESIAN_POINT('',(0.168979152176,17.679126816478,1.68868591122)
  );
#784 = CARTESIAN_POINT('',(-0.274963116977,17.679119573265,
    1.688682516328));
#785 = CARTESIAN_POINT('',(-0.551524381046,17.649480410028,
    1.675814143862));
#786 = CARTESIAN_POINT('',(-0.824313479521,17.589601970737,
    1.649836825055));
#787 = CARTESIAN_POINT('',(-1.088754778943,17.500619240703,1.61132184808
    ));
#788 = CARTESIAN_POINT('',(-1.341444682231,17.383692824015,1.56099695653
    ));
#789 = CARTESIAN_POINT('',(-1.578931252437,17.240801694751,
    1.500040170231));
#790 = CARTESIAN_POINT('',(-1.797801155381,17.074828902057,
    1.430051764343));
#791 = CARTESIAN_POINT('',(-1.995555664119,16.888856280484,
    1.352705134309));
#792 = CARTESIAN_POINT('',(-2.170943502975,16.685584260229,
    1.269471248437));
#793 = CARTESIAN_POINT('',(-2.323224410509,16.4674656273,1.181658740431)
  );
#794 = CARTESIAN_POINT('',(-2.451216550235,16.23722393467,1.090619755992
    ));
#795 = CARTESIAN_POINT('',(-2.55366749204,15.997767111825,0.997698136873
    ));
#796 = CARTESIAN_POINT('',(-2.630934995858,15.751206567205,
    0.903805101769));
#797 = CARTESIAN_POINT('',(-2.808758894724,14.882572236848,
    0.579185212605));
#798 = CARTESIAN_POINT('',(-2.779699115196,14.233367606387,
    0.347131679576));
#799 = CARTESIAN_POINT('',(-2.585531087376,13.591295653772,
    0.129827359457));
#800 = CARTESIAN_POINT('',(-2.234967979722,13.02447240672,
    -5.298052917457E-02));
#801 = CARTESIAN_POINT('',(-1.743502294343,12.495923578103,
    -0.21182772535));
#802 = CARTESIAN_POINT('',(-1.11209621481,12.256701497989,
    -0.286757288455));
#803 = CARTESIAN_POINT('',(-0.566011908822,11.938643285085,
    -0.382534630059));
#804 = CARTESIAN_POINT('',(0.312916416226,12.007046696396,
    -0.361685776563));
#805 = CARTESIAN_POINT('',(0.843674024256,12.113609050472,
    -0.329681399457));
#806 = CARTESIAN_POINT('',(1.530998618833,12.422786841974,
    -0.235673077828));
#807 = CARTESIAN_POINT('',(2.027276351531,12.863687465469,
    -0.101262355304));
#808 = CARTESIAN_POINT('',(2.419286757745,13.415267801484,
    7.550362336489E-02));
#809 = CARTESIAN_POINT('',(2.649863327486,14.029399692025,0.282238989672
    ));
#810 = CARTESIAN_POINT('',(2.720459801349,14.660390575399,0.504983831332
    ));
#811 = CARTESIAN_POINT('',(2.754523236643,15.,-0.470465329441));
#812 = CARTESIAN_POINT('',(2.754114470989,15.024393224431,
    -0.458759812643));
#813 = CARTESIAN_POINT('',(2.753472653979,15.048742602776,
    -0.447042575796));
#814 = CARTESIAN_POINT('',(2.752599056833,15.07304637942,-0.435314665696
    ));
#815 = CARTESIAN_POINT('',(2.751494950751,15.097302798757,
    -0.423577129135));
#816 = CARTESIAN_POINT('',(2.750161606983,15.121510105153,
    -0.411831012913));
#817 = CARTESIAN_POINT('',(2.74860029669,15.145666543032,-0.400077363815
    ));
#818 = CARTESIAN_POINT('',(2.746812291156,15.169770356725,
    -0.388317228652));
#819 = CARTESIAN_POINT('',(2.744798861528,15.193819790688,
    -0.376551654201));
#820 = CARTESIAN_POINT('',(2.742561279075,15.217813089232,
    -0.364781687273));
#821 = CARTESIAN_POINT('',(2.740100814982,15.241748496812,-0.35300837465
    ));
#822 = CARTESIAN_POINT('',(2.737418740476,15.265624257763,
    -0.341232763136));
#823 = CARTESIAN_POINT('',(2.734516326772,15.289438616502,
    -0.329455899522));
#824 = CARTESIAN_POINT('',(2.731394845083,15.313189817401,
    -0.317678830603));
#825 = CARTESIAN_POINT('',(2.728055566627,15.336876104851,
    -0.305902603175));
#826 = CARTESIAN_POINT('',(2.723108222579,15.37196880423,-0.288455492229
    ));
#827 = CARTESIAN_POINT('',(2.717683087154,15.406918256959,
    -0.271010480822));
#828 = CARTESIAN_POINT('',(2.711784174811,15.441719836351,
    -0.253570870618));
#829 = CARTESIAN_POINT('',(2.705415500035,15.476368915733,
    -0.236139963275));
#830 = CARTESIAN_POINT('',(2.698581077252,15.510860868398,
    -0.218721060459));
#831 = CARTESIAN_POINT('',(2.691284920997,15.545191067699,
    -0.201317463824));
#832 = CARTESIAN_POINT('',(2.683531045633,15.579354886898,
    -0.183932475039));
#833 = CARTESIAN_POINT('',(2.675323465754,15.613347699378,
    -0.166569395758));
#834 = CARTESIAN_POINT('',(2.666666195691,15.647164878385,
    -0.149231527648));
#835 = CARTESIAN_POINT('',(2.657563250029,15.680801797294,
    -0.131922172366));
#836 = CARTESIAN_POINT('',(2.648018643146,15.714253829379,
    -0.114644631575));
#837 = CARTESIAN_POINT('',(2.638036389561,15.747516347981,
    -9.740220693608E-02));
#838 = CARTESIAN_POINT('',(2.627620503714,15.780584726403,
    -8.019820010987E-02));
#839 = CARTESIAN_POINT('',(2.586268915446,15.905909532858,
    -1.476206507701E-02));
#840 = CARTESIAN_POINT('',(2.552366507114,15.996793501252,
    3.318084319122E-02));
#841 = CARTESIAN_POINT('',(2.515149487477,16.086020610142,
    8.072179660108E-02));
#842 = CARTESIAN_POINT('',(2.474699257123,16.17350619571,0.127789197569)
  );
#843 = CARTESIAN_POINT('',(2.431096904735,16.259166563254,0.174310866366
    ));
#844 = CARTESIAN_POINT('',(2.384423207298,16.342918987334,0.220214041129
    ));
#845 = CARTESIAN_POINT('',(2.334758629755,16.424681711537,0.265425377848
    ));
#846 = CARTESIAN_POINT('',(2.282183325488,16.504373948787,0.309870950376
    ));
#847 = CARTESIAN_POINT('',(2.226777135743,16.581915881002,0.353476250427
    ));
#848 = CARTESIAN_POINT('',(2.168619590215,16.657228659418,0.396166187569
    ));
#849 = CARTESIAN_POINT('',(2.107789906544,16.730234404327,0.437865089235
    ));
#850 = CARTESIAN_POINT('',(2.044366990683,16.800856205256,0.478496700714
    ));
#851 = CARTESIAN_POINT('',(1.978429436672,16.869018120867,0.517984185157
    ));
#852 = CARTESIAN_POINT('',(1.802226598568,17.038142190453,0.616597339783
    ));
#853 = CARTESIAN_POINT('',(1.688324314448,17.135326137119,0.673906998162
    ));
#854 = CARTESIAN_POINT('',(1.568766016258,17.225872448515,0.727864035831
    ));
#855 = CARTESIAN_POINT('',(1.443870343571,17.309476157185,0.778165611815
    ));
#856 = CARTESIAN_POINT('',(1.313966314908,17.3858320261,0.824509208092)
  );
#857 = CARTESIAN_POINT('',(1.179447471973,17.45463022821,0.866591591793)
  );
#858 = CARTESIAN_POINT('',(1.040784386254,17.51556319025,0.90411557749)
  );
#859 = CARTESIAN_POINT('',(0.898508825997,17.568339217009,0.936801528944
    ));
#860 = CARTESIAN_POINT('',(0.753182883354,17.612698506403,0.964400539073
    ));
#861 = CARTESIAN_POINT('',(0.605366359503,17.648427172951,0.986706227636
    ));
#862 = CARTESIAN_POINT('',(0.455595707434,17.675364889456,1.003562095385
    ));
#863 = CARTESIAN_POINT('',(0.304387830589,17.693401763971,1.014861374063
    ));
#864 = CARTESIAN_POINT('',(0.152282036526,17.70246006324,1.020536311186)
  );
#865 = CARTESIAN_POINT('',(-0.247869112213,17.702450436058,
    1.020529791104));
#866 = CARTESIAN_POINT('',(-0.496492136469,17.678452642457,
    1.005487638799));
#867 = CARTESIAN_POINT('',(-0.740953696162,17.63046216046,0.975443876695
    ));
#868 = CARTESIAN_POINT('',(-0.980353549775,17.559043635041,
    0.930837078475));
#869 = CARTESIAN_POINT('',(-1.211994345039,17.464821111944,
    0.872339211837));
#870 = CARTESIAN_POINT('',(-1.432750210281,17.348929300953,
    0.801073775616));
#871 = CARTESIAN_POINT('',(-1.64046052572,17.212935351599,0.718493548822
    ));
#872 = CARTESIAN_POINT('',(-1.833805138502,17.058390558324,
    0.626066975098));
#873 = CARTESIAN_POINT('',(-2.011533066816,16.886575252852,
    0.525107576799));
#874 = CARTESIAN_POINT('',(-2.172140496886,16.698675083185,
    0.416868226848));
#875 = CARTESIAN_POINT('',(-2.31419628907,16.496086420226,0.302704517945
    ));
#876 = CARTESIAN_POINT('',(-2.436564948137,16.28030630501,0.183981772921
    ));
#877 = CARTESIAN_POINT('',(-2.537848754108,16.052431653887,
    6.1751352467E-02));
#878 = CARTESIAN_POINT('',(-2.800291730889,15.25779317639,
    -0.353186148506));
#879 = CARTESIAN_POINT('',(-2.861034887587,14.644691299655,
    -0.655668248559));
#880 = CARTESIAN_POINT('',(-2.778237840685,13.994949674926,
    -0.954323327044));
#881 = CARTESIAN_POINT('',(-2.539540461485,13.334985525975,
    -1.232895054156));
#882 = CARTESIAN_POINT('',(-2.092748043813,12.702174749219,
    -1.472154070594));
#883 = CARTESIAN_POINT('',(-1.489218737579,12.164176003797,
    -1.65771252228));
#884 = CARTESIAN_POINT('',(-0.601576087269,11.78976192688,
    -1.742756933161));
#885 = CARTESIAN_POINT('',(0.29690431779,11.811398835714,-1.746275201188
    ));
#886 = CARTESIAN_POINT('',(1.152832822897,12.025967169644,
    -1.694704432923));
#887 = CARTESIAN_POINT('',(1.84321958105,12.53578201458,-1.527129667913)
  );
#888 = CARTESIAN_POINT('',(2.324011009962,13.111083929657,-1.3126892798)
  );
#889 = CARTESIAN_POINT('',(2.628798471668,13.749759048304,
    -1.049949515396));
#890 = CARTESIAN_POINT('',(2.764771998756,14.388401760176,-0.7639514772)
  );
#891 = CARTESIAN_POINT('',(2.754523236643,15.,-0.470465329441));
#892 = DEFINITIONAL_REPRESENTATION('',(#893),#897);
#893 = LINE('',#894,#895);
#894 = CARTESIAN_POINT('',(0.,0.));
#895 = VECTOR('',#896,1.);
#896 = DIRECTION('',(0.,1.));
#897 = ( GEOMETRIC_REPRESENTATION_CONTEXT(2) 
PARAMETRIC_REPRESENTATION_CONTEXT() REPRESENTATION_CONTEXT('2D SPACE',''
  ) );
#898 = FACE_BOUND('',#899,.T.);
#899 = EDGE_LOOP('',(#900,#930,#1138,#1478,#1686,#1714,#1922,#2262));
#900 = ORIENTED_EDGE('',*,*,#901,.T.);
#901 = EDGE_CURVE('',#902,#904,#906,.T.);
#902 = VERTEX_POINT('',#903);
#903 = CARTESIAN_POINT('',(7.418439693094,-24.36793644836,5.333887043189
    ));
#904 = VERTEX_POINT('',#905);
#905 = CARTESIAN_POINT('',(-7.418439693094,-24.36793644836,
    5.333887043189));
#906 = SURFACE_CURVE('',#907,(#911,#918),.PCURVE_S1.);
#907 = LINE('',#908,#909);
#908 = CARTESIAN_POINT('',(7.418439693094,-24.36793644836,5.333887043189
    ));
#909 = VECTOR('',#910,1.);
#910 = DIRECTION('',(-1.,3.264449877387E-17,2.192665270573E-17));
#911 = PCURVE('',#93,#912);
#912 = DEFINITIONAL_REPRESENTATION('',(#913),#917);
#913 = LINE('',#914,#915);
#914 = CARTESIAN_POINT('',(1.176148344327,-7.418439693094));
#915 = VECTOR('',#916,1.);
#916 = DIRECTION('',(0.,1.));
#917 = ( GEOMETRIC_REPRESENTATION_CONTEXT(2) 
PARAMETRIC_REPRESENTATION_CONTEXT() REPRESENTATION_CONTEXT('2D SPACE',''
  ) );
#918 = PCURVE('',#919,#924);
#919 = CYLINDRICAL_SURFACE('',#920,1.);
#920 = AXIS2_PLACEMENT_3D('',#921,#922,#923);
#921 = CARTESIAN_POINT('',(7.418439693094,-24.91987158875,4.5));
#922 = DIRECTION('',(-1.,3.264449877387E-17,2.192665270573E-17));
#923 = DIRECTION('',(3.630199760564E-17,0.551935140393,0.833887043189));
#924 = DEFINITIONAL_REPRESENTATION('',(#925),#929);
#925 = LINE('',#926,#927);
#926 = CARTESIAN_POINT('',(-3.552713678801E-15,0.));
#927 = VECTOR('',#928,1.);
#928 = DIRECTION('',(-0.,1.));
#929 = ( GEOMETRIC_REPRESENTATION_CONTEXT(2) 
PARAMETRIC_REPRESENTATION_CONTEXT() REPRESENTATION_CONTEXT('2D SPACE',''
  ) );
#930 = ORIENTED_EDGE('',*,*,#931,.T.);
#931 = EDGE_CURVE('',#904,#932,#934,.T.);
#932 = VERTEX_POINT('',#933);
#933 = CARTESIAN_POINT('',(-7.557595730996,-23.94112631887,
    5.054919860125));
#934 = SURFACE_CURVE('',#935,(#974,#1016),.PCURVE_S1.);
#935 = ( BOUNDED_CURVE() B_SPLINE_CURVE(13,(#936,#937,#938,#939,#940,
    #941,#942,#943,#944,#945,#946,#947,#948,#949,#950,#951,#952,#953,
    #954,#955,#956,#957,#958,#959,#960,#961,#962,#963,#964,#965,#966,
    #967,#968,#969,#970,#971,#972,#973),.UNSPECIFIED.,.F.,.F.) 
B_SPLINE_CURVE_WITH_KNOTS((14,12,12,14),(14.836879386188,15.292345638164
,15.59844233112,15.84118292206),.UNSPECIFIED.) CURVE() 
GEOMETRIC_REPRESENTATION_ITEM() RATIONAL_B_SPLINE_CURVE((1.,1.,1.,1.,1.,
    1.,1.,1.000000000001,1.,1.,1.,1.,1.,1.,1.,0.999999999999,
    1.000000000002,0.999999999997,1.000000000004,0.999999999996,
    1.000000000003,0.999999999998,1.000000000001,1.,1.,1.,1.,1.,
    1.000000000001,0.999999999999,1.000000000002,0.999999999997,
    1.000000000002,0.999999999998,1.000000000001,1.,1.,1.)) 
REPRESENTATION_ITEM('') );
#936 = CARTESIAN_POINT('',(-7.418439693094,-24.36793644836,
    5.333887043189));
#937 = CARTESIAN_POINT('',(-7.431766551037,-24.36793644836,
    5.333887043189));
#938 = CARTESIAN_POINT('',(-7.4451016156,-24.36643872379,5.332895744894)
  );
#939 = CARTESIAN_POINT('',(-7.458316013613,-24.36344244347,
    5.330912548209));
#940 = CARTESIAN_POINT('',(-7.471290787533,-24.3589652263,5.32794950714)
  );
#941 = CARTESIAN_POINT('',(-7.483916962124,-24.35304053885,
    5.324029545609));
#942 = CARTESIAN_POINT('',(-7.496095611143,-24.34571509291,5.31918467326
    ));
#943 = CARTESIAN_POINT('',(-7.507737924019,-24.33704624302,
    5.313454201275));
#944 = CARTESIAN_POINT('',(-7.518765272545,-24.32709938402,
    5.306882958182));
#945 = CARTESIAN_POINT('',(-7.529109277551,-24.3159453486,5.299519505668
    ));
#946 = CARTESIAN_POINT('',(-7.538711875594,-24.30365780487,
    5.291414354391));
#947 = CARTESIAN_POINT('',(-7.547525385638,-24.29031065388,5.28261817979
    ));
#948 = CARTESIAN_POINT('',(-7.555512575739,-24.27597542717,
    5.273180037895));
#949 = CARTESIAN_POINT('',(-7.567441247289,-24.25046537031,
    5.256401911299));
#950 = CARTESIAN_POINT('',(-7.571848859852,-24.23979706645,
    5.249389714298));
#951 = CARTESIAN_POINT('',(-7.575860948421,-24.22873184663,
    5.242121475587));
#952 = CARTESIAN_POINT('',(-7.57946941036,-24.21728774771,5.234609633527
    ));
#953 = CARTESIAN_POINT('',(-7.582666370866,-24.2054825357,5.226866426867
    ));
#954 = CARTESIAN_POINT('',(-7.58544389441,-24.19333347184,5.218903742238
    ));
#955 = CARTESIAN_POINT('',(-7.587793696232,-24.18085707875,
    5.210732961607));
#956 = CARTESIAN_POINT('',(-7.58970685376,-24.16806890652,5.20236480979)
  );
#957 = CARTESIAN_POINT('',(-7.591173518115,-24.15498329883,
    5.193809201893));
#958 = CARTESIAN_POINT('',(-7.592182625536,-24.14161315906,
    5.185075090832));
#959 = CARTESIAN_POINT('',(-7.592721608868,-24.1279697164,5.176170314777
    ));
#960 = CARTESIAN_POINT('',(-7.592776109007,-24.11406229201,
    5.167101444657));
#961 = CARTESIAN_POINT('',(-7.591975664593,-24.08866555944,
    5.150555797622));
#962 = CARTESIAN_POINT('',(-7.591306092032,-24.07727179825,
    5.143138169276));
#963 = CARTESIAN_POINT('',(-7.590306517449,-24.06571826817,
    5.135621975334));
#964 = CARTESIAN_POINT('',(-7.588990170588,-24.05401921435,
    5.128016653276));
#965 = CARTESIAN_POINT('',(-7.587263253643,-24.0421390508,5.120299528018
    ));
#966 = CARTESIAN_POINT('',(-7.585301146158,-24.03016687053,
    5.112528236157));
#967 = CARTESIAN_POINT('',(-7.582738685775,-24.0179411351,5.104598947838
    ));
#968 = CARTESIAN_POINT('',(-7.58004187958,-24.00568627043,5.096656473156
    ));
#969 = CARTESIAN_POINT('',(-7.576615498078,-23.99313564352,
    5.088529282797));
#970 = CARTESIAN_POINT('',(-7.572945357164,-23.9805243873,5.080369082719
    ));
#971 = CARTESIAN_POINT('',(-7.568534812544,-23.9676344746,5.072035685353
    ));
#972 = CARTESIAN_POINT('',(-7.563606399809,-23.9545818403,5.063604039727
    ));
#973 = CARTESIAN_POINT('',(-7.557595730996,-23.94112631887,
    5.054919860125));
#974 = PCURVE('',#93,#975);
#975 = DEFINITIONAL_REPRESENTATION('',(#976),#1015);
#976 = B_SPLINE_CURVE_WITH_KNOTS('',13,(#977,#978,#979,#980,#981,#982,
    #983,#984,#985,#986,#987,#988,#989,#990,#991,#992,#993,#994,#995,
    #996,#997,#998,#999,#1000,#1001,#1002,#1003,#1004,#1005,#1006,#1007,
    #1008,#1009,#1010,#1011,#1012,#1013,#1014),.UNSPECIFIED.,.F.,.F.,(14
    ,12,12,14),(14.836879386188,15.292345638164,15.59844233112,
    15.84118292206),.UNSPECIFIED.);
#977 = CARTESIAN_POINT('',(1.176148344327,7.418439693094));
#978 = CARTESIAN_POINT('',(1.176148344327,7.431766551037));
#979 = CARTESIAN_POINT('',(1.176107663343,7.445101615599));
#980 = CARTESIAN_POINT('',(1.17602627817,7.458316013615));
#981 = CARTESIAN_POINT('',(1.175904672283,7.471290787529));
#982 = CARTESIAN_POINT('',(1.175743764366,7.483916962133));
#983 = CARTESIAN_POINT('',(1.175544836851,7.49609561113));
#984 = CARTESIAN_POINT('',(1.175309464459,7.507737924032));
#985 = CARTESIAN_POINT('',(1.17503944272,7.518765272536));
#986 = CARTESIAN_POINT('',(1.174736716534,7.529109277557));
#987 = CARTESIAN_POINT('',(1.174403308677,7.538711875592));
#988 = CARTESIAN_POINT('',(1.174041248363,7.547525385638));
#989 = CARTESIAN_POINT('',(1.173652499764,7.555512575739));
#990 = CARTESIAN_POINT('',(1.172960923937,7.567441247289));
#991 = CARTESIAN_POINT('',(1.17267176192,7.571848859854));
#992 = CARTESIAN_POINT('',(1.172371901896,7.575860948415));
#993 = CARTESIAN_POINT('',(1.172061839981,7.579469410376));
#994 = CARTESIAN_POINT('',(1.171742064633,7.582666370839));
#995 = CARTESIAN_POINT('',(1.171413050442,7.585443894446));
#996 = CARTESIAN_POINT('',(1.17107525162,7.587793696194));
#997 = CARTESIAN_POINT('',(1.17072909592,7.58970685379));
#998 = CARTESIAN_POINT('',(1.170374978048,7.591173518096));
#999 = CARTESIAN_POINT('',(1.170013253578,7.592182625545));
#1000 = CARTESIAN_POINT('',(1.169644232445,7.592721608865));
#1001 = CARTESIAN_POINT('',(1.169268172737,7.592776109007));
#1002 = CARTESIAN_POINT('',(1.168581628462,7.591975664593));
#1003 = CARTESIAN_POINT('',(1.16827368848,7.591306092029));
#1004 = CARTESIAN_POINT('',(1.167961497737,7.590306517459));
#1005 = CARTESIAN_POINT('',(1.167645443218,7.58899017057));
#1006 = CARTESIAN_POINT('',(1.167324569177,7.587263253668));
#1007 = CARTESIAN_POINT('',(1.167001278997,7.585301146132));
#1008 = CARTESIAN_POINT('',(1.166671223183,7.582738685796));
#1009 = CARTESIAN_POINT('',(1.166340451295,7.580041879566));
#1010 = CARTESIAN_POINT('',(1.166001782291,7.576615498085));
#1011 = CARTESIAN_POINT('',(1.165661554188,7.572945357162));
#1012 = CARTESIAN_POINT('',(1.165313895886,7.568534812544));
#1013 = CARTESIAN_POINT('',(1.164961934215,7.563606399809));
#1014 = CARTESIAN_POINT('',(1.164599203595,7.557595730996));
#1015 = ( GEOMETRIC_REPRESENTATION_CONTEXT(2) 
PARAMETRIC_REPRESENTATION_CONTEXT() REPRESENTATION_CONTEXT('2D SPACE',''
  ) );
#1016 = PCURVE('',#1017,#1132);
#1017 = ( BOUNDED_SURFACE() B_SPLINE_SURFACE(2,13,(
    (#1018,#1019,#1020,#1021,#1022,#1023,#1024,#1025,#1026,#1027,#1028
      ,#1029,#1030,#1031,#1032,#1033,#1034,#1035,#1036,#1037,#1038,#1039
      ,#1040,#1041,#1042,#1043,#1044,#1045,#1046,#1047,#1048,#1049,#1050
      ,#1051,#1052,#1053,#1054,#1055)
    ,(#1056,#1057,#1058,#1059,#1060,#1061,#1062,#1063,#1064,#1065,#1066
      ,#1067,#1068,#1069,#1070,#1071,#1072,#1073,#1074,#1075,#1076,#1077
      ,#1078,#1079,#1080,#1081,#1082,#1083,#1084,#1085,#1086,#1087,#1088
      ,#1089,#1090,#1091,#1092,#1093)
    ,(#1094,#1095,#1096,#1097,#1098,#1099,#1100,#1101,#1102,#1103,#1104
      ,#1105,#1106,#1107,#1108,#1109,#1110,#1111,#1112,#1113,#1114,#1115
      ,#1116,#1117,#1118,#1119,#1120,#1121,#1122,#1123,#1124,#1125,#1126
      ,#1127,#1128,#1129,#1130,#1131
)),.UNSPECIFIED.,.F.,.F.,.F.) B_SPLINE_SURFACE_WITH_KNOTS((3,3),(14,12,
    12,14),(0.,1.004303535872),(14.836879386188,15.292345638164,
    15.59844233112,15.84118292206),.UNSPECIFIED.) 
GEOMETRIC_REPRESENTATION_ITEM() RATIONAL_B_SPLINE_SURFACE((
    (1.,1.,1.,1.,1.,1.,1.,1.000000000001,1.,1.,1.,1.,1.,1.,1.
      ,0.999999999999,1.000000000002,0.999999999997,1.000000000004
      ,0.999999999996,1.000000000003,0.999999999998,1.000000000001,1.,1.
      ,1.,1.,1.,1.000000000001,0.999999999999,1.000000000002
      ,0.999999999997,1.000000000002,0.999999999998,1.000000000001,1.,1.
      ,1.)
    ,(0.957571679612,0.957571679612,0.957208954821,0.956482738697
      ,0.955388410914,0.953917444968,0.952057355769,0.949791647275
      ,0.947099760044,0.943957018901,0.940334580479,0.936199380873
      ,0.931514083211,0.92269057155,0.918879399599,0.914784771171
      ,0.910390089569,0.905679139482,0.900634326942,0.895234919065
      ,0.889455284111,0.883263131151,0.876617750139,0.869468251634
      ,0.861751806775,0.846762309304,0.839763804152,0.83194980798
      ,0.82530375263,0.813086793669,0.810947429428,0.790578154098
      ,0.791411552549,0.768709161854,0.762958838142,0.742095884387
      ,0.726694952329,0.696226557386)
    ,(1.,1.,1.,1.,1.,1.,1.,1.000000000001,1.,1.,1.,1.,1.,1.,1.
      ,0.999999999999,1.000000000002,0.999999999997,1.000000000004
      ,0.999999999996,1.000000000003,0.999999999998,1.000000000001,1.,1.
      ,1.,1.,1.,1.000000000001,0.999999999999,1.000000000002
      ,0.999999999997,1.000000000002,0.999999999998,1.000000000001,1.,1.
,1.))) REPRESENTATION_ITEM('') SURFACE() );
#1018 = CARTESIAN_POINT('',(-7.418439693094,-24.36793644836,
    5.333887043189));
#1019 = CARTESIAN_POINT('',(-7.431766551037,-24.36793644836,
    5.333887043189));
#1020 = CARTESIAN_POINT('',(-7.4451016156,-24.36643872379,5.332895744894
    ));
#1021 = CARTESIAN_POINT('',(-7.458316013613,-24.36344244347,
    5.330912548209));
#1022 = CARTESIAN_POINT('',(-7.471290787533,-24.3589652263,5.32794950714
    ));
#1023 = CARTESIAN_POINT('',(-7.483916962124,-24.35304053885,
    5.324029545609));
#1024 = CARTESIAN_POINT('',(-7.496095611143,-24.34571509291,
    5.31918467326));
#1025 = CARTESIAN_POINT('',(-7.507737924019,-24.33704624302,
    5.313454201275));
#1026 = CARTESIAN_POINT('',(-7.518765272545,-24.32709938402,
    5.306882958182));
#1027 = CARTESIAN_POINT('',(-7.529109277551,-24.3159453486,
    5.299519505668));
#1028 = CARTESIAN_POINT('',(-7.538711875594,-24.30365780487,
    5.291414354391));
#1029 = CARTESIAN_POINT('',(-7.547525385638,-24.29031065388,
    5.28261817979));
#1030 = CARTESIAN_POINT('',(-7.555512575739,-24.27597542717,
    5.273180037895));
#1031 = CARTESIAN_POINT('',(-7.567441247289,-24.25046537031,
    5.256401911299));
#1032 = CARTESIAN_POINT('',(-7.571848859852,-24.23979706645,
    5.249389714298));
#1033 = CARTESIAN_POINT('',(-7.575860948421,-24.22873184663,
    5.242121475587));
#1034 = CARTESIAN_POINT('',(-7.57946941036,-24.21728774771,
    5.234609633527));
#1035 = CARTESIAN_POINT('',(-7.582666370866,-24.2054825357,
    5.226866426867));
#1036 = CARTESIAN_POINT('',(-7.58544389441,-24.19333347184,
    5.218903742238));
#1037 = CARTESIAN_POINT('',(-7.587793696232,-24.18085707875,
    5.210732961607));
#1038 = CARTESIAN_POINT('',(-7.58970685376,-24.16806890652,5.20236480979
    ));
#1039 = CARTESIAN_POINT('',(-7.591173518115,-24.15498329883,
    5.193809201893));
#1040 = CARTESIAN_POINT('',(-7.592182625536,-24.14161315906,
    5.185075090832));
#1041 = CARTESIAN_POINT('',(-7.592721608868,-24.1279697164,
    5.176170314777));
#1042 = CARTESIAN_POINT('',(-7.592776109007,-24.11406229201,
    5.167101444657));
#1043 = CARTESIAN_POINT('',(-7.591975664593,-24.08866555944,
    5.150555797622));
#1044 = CARTESIAN_POINT('',(-7.591306092032,-24.07727179825,
    5.143138169276));
#1045 = CARTESIAN_POINT('',(-7.590306517449,-24.06571826817,
    5.135621975334));
#1046 = CARTESIAN_POINT('',(-7.588990170588,-24.05401921435,
    5.128016653276));
#1047 = CARTESIAN_POINT('',(-7.587263253643,-24.0421390508,
    5.120299528018));
#1048 = CARTESIAN_POINT('',(-7.585301146158,-24.03016687053,
    5.112528236157));
#1049 = CARTESIAN_POINT('',(-7.582738685775,-24.0179411351,
    5.104598947838));
#1050 = CARTESIAN_POINT('',(-7.58004187958,-24.00568627043,
    5.096656473156));
#1051 = CARTESIAN_POINT('',(-7.576615498078,-23.99313564352,
    5.088529282797));
#1052 = CARTESIAN_POINT('',(-7.572945357164,-23.9805243873,
    5.080369082719));
#1053 = CARTESIAN_POINT('',(-7.568534812544,-23.9676344746,
    5.072035685353));
#1054 = CARTESIAN_POINT('',(-7.563606399809,-23.9545818403,
    5.063604039727));
#1055 = CARTESIAN_POINT('',(-7.557595730996,-23.94112631887,
    5.054919860125));
#1056 = CARTESIAN_POINT('',(-7.418439693094,-24.61890695604,5.5));
#1057 = CARTESIAN_POINT('',(-7.44730456858,-24.61890695604,5.5));
#1058 = CARTESIAN_POINT('',(-7.476194902011,-24.61783601077,
    5.499276517379));
#1059 = CARTESIAN_POINT('',(-7.505094633372,-24.61569329959,
    5.497828888676));
#1060 = CARTESIAN_POINT('',(-7.533989815962,-24.61248607031,
    5.495662219647));
#1061 = CARTESIAN_POINT('',(-7.56286925676,-24.60822953505,
    5.492787256734));
#1062 = CARTESIAN_POINT('',(-7.591725184157,-24.60294674722,
    5.489220247111));
#1063 = CARTESIAN_POINT('',(-7.62055394821,-24.59666846206,
    5.484982788517));
#1064 = CARTESIAN_POINT('',(-7.649356760357,-24.58943298518,
    5.480101671575));
#1065 = CARTESIAN_POINT('',(-7.678140481979,-24.58128601552,
    5.47460871873));
#1066 = CARTESIAN_POINT('',(-7.706918474238,-24.57228049172,
    5.468540625495));
#1067 = CARTESIAN_POINT('',(-7.735711525561,-24.56247645308,
    5.461938811192));
#1068 = CARTESIAN_POINT('',(-7.764548878136,-24.55194092918,
    5.454849288173));
#1069 = CARTESIAN_POINT('',(-7.813091306478,-24.53315363391,
    5.442215840972));
#1070 = CARTESIAN_POINT('',(-7.832779196967,-24.52524316766,
    5.436898802656));
#1071 = CARTESIAN_POINT('',(-7.852557834681,-24.51704114018,
    5.431388139877));
#1072 = CARTESIAN_POINT('',(-7.872451747735,-24.50857047236,
    5.425699413826));
#1073 = CARTESIAN_POINT('',(-7.892487165431,-24.49985409495,
    5.419848184337));
#1074 = CARTESIAN_POINT('',(-7.912694278998,-24.49091666396,
    5.41385111536));
#1075 = CARTESIAN_POINT('',(-7.93310984262,-24.48178624012,
    5.407727054811));
#1076 = CARTESIAN_POINT('',(-7.953780160767,-24.47249593857,
    5.40149809232));
#1077 = CARTESIAN_POINT('',(-7.974764523092,-24.46308556073,
    5.395190602686));
#1078 = CARTESIAN_POINT('',(-7.996139169869,-24.45360322881,
    5.388836287815));
#1079 = CARTESIAN_POINT('',(-8.018001902265,-24.44410705541,
    5.382473238156));
#1080 = CARTESIAN_POINT('',(-8.040477497155,-24.43466689792,
    5.376147045257));
#1081 = CARTESIAN_POINT('',(-8.082485538428,-24.41786013134,
    5.364879983559));
#1082 = CARTESIAN_POINT('',(-8.101741731272,-24.41039181076,
    5.359872554049));
#1083 = CARTESIAN_POINT('',(-8.122201742465,-24.40339922008,
    5.35517326835));
#1084 = CARTESIAN_POINT('',(-8.140870258482,-24.39496354809,
    5.349540279404));
#1085 = CARTESIAN_POINT('',(-8.168368142782,-24.39164341632,
    5.347217071034));
#1086 = CARTESIAN_POINT('',(-8.179717210292,-24.37822158248,
    5.33836025555));
#1087 = CARTESIAN_POINT('',(-8.221408897718,-24.38232562045,
    5.340835176265));
#1088 = CARTESIAN_POINT('',(-8.22726443116,-24.36533193529,
    5.329672201698));
#1089 = CARTESIAN_POINT('',(-8.274706487933,-24.3713174646,
    5.333356466204));
#1090 = CARTESIAN_POINT('',(-8.292058684814,-24.36020157404,
    5.325991725205));
#1091 = CARTESIAN_POINT('',(-8.33872510227,-24.36419813628,
    5.328381275231));
#1092 = CARTESIAN_POINT('',(-8.376125670499,-24.36257677274,
    5.327138353104));
#1093 = CARTESIAN_POINT('',(-8.448261863614,-24.37747703956,
    5.336540163515));
#1094 = CARTESIAN_POINT('',(-7.418439693094,-24.91987158875,5.5));
#1095 = CARTESIAN_POINT('',(-7.460203387384,-24.91987158875,5.5));
#1096 = CARTESIAN_POINT('',(-7.501966480611,-24.91957658873,
    5.498110215801));
#1097 = CARTESIAN_POINT('',(-7.543741104849,-24.91898891236,
    5.494331257047));
#1098 = CARTESIAN_POINT('',(-7.585533297649,-24.91810867443,
    5.48864551289));
#1099 = CARTESIAN_POINT('',(-7.627340932235,-24.9169352894,
    5.481018978954));
#1100 = CARTESIAN_POINT('',(-7.66915164769,-24.91546897999,
    5.471403084267));
#1101 = CARTESIAN_POINT('',(-7.710940779153,-24.91371228571,
    5.459736518245));
#1102 = CARTESIAN_POINT('',(-7.752669288004,-24.91167157146,
    5.445947057605));
#1103 = CARTESIAN_POINT('',(-7.794281692065,-24.90935853612,
    5.429953393359));
#1104 = CARTESIAN_POINT('',(-7.835703995781,-24.90679172102,
    5.411666957732));
#1105 = CARTESIAN_POINT('',(-7.876841620421,-24.90399801862,
    5.390993751138));
#1106 = CARTESIAN_POINT('',(-7.917577334263,-24.901014181,5.367836169119
    ));
#1107 = CARTESIAN_POINT('',(-7.984780167388,-24.89578759517,
    5.324795328072));
#1108 = CARTESIAN_POINT('',(-8.011550674303,-24.89361992438,
    5.306334980829));
#1109 = CARTESIAN_POINT('',(-8.038041501804,-24.89140493671,
    5.286667432976));
#1110 = CARTESIAN_POINT('',(-8.06421253817,-24.88916102396,
    5.265752726359));
#1111 = CARTESIAN_POINT('',(-8.090021786671,-24.88690725163,
    5.243553164348));
#1112 = CARTESIAN_POINT('',(-8.115424390557,-24.88466526161,
    5.220029176926));
#1113 = CARTESIAN_POINT('',(-8.140371658032,-24.88246117476,
    5.195135185745));
#1114 = CARTESIAN_POINT('',(-8.164810087245,-24.88032749354,
    5.168815469236));
#1115 = CARTESIAN_POINT('',(-8.18868039127,-24.87830500463,5.14100002765
    ));
#1116 = CARTESIAN_POINT('',(-8.211916523087,-24.87644468151,
    5.111600448173));
#1117 = CARTESIAN_POINT('',(-8.234444700569,-24.87480958713,
    5.080505769972));
#1118 = CARTESIAN_POINT('',(-8.256182431465,-24.8734767765,
    5.047578349297));
#1119 = CARTESIAN_POINT('',(-8.293576041055,-24.87179568244,
    4.984950650336));
#1120 = CARTESIAN_POINT('',(-8.30957850541,-24.87126076264,
    4.956072662771));
#1121 = CARTESIAN_POINT('',(-8.324782538989,-24.87143648003,
    4.925014660392));
#1122 = CARTESIAN_POINT('',(-8.340210434296,-24.87011373301,
    4.896227689955));
#1123 = CARTESIAN_POINT('',(-8.352264430581,-24.87481632625,
    4.854590471037));
#1124 = CARTESIAN_POINT('',(-8.369198023351,-24.86808770875,
    4.835216315786));
#1125 = CARTESIAN_POINT('',(-8.375982547234,-24.88152011659,
    4.774580348034));
#1126 = CARTESIAN_POINT('',(-8.393467465612,-24.87111729339,
    4.761168986951));
#1127 = CARTESIAN_POINT('',(-8.397893077264,-24.88680944236,4.6945688026
    ));
#1128 = CARTESIAN_POINT('',(-8.410674162877,-24.88342128469,
    4.665641782183));
#1129 = CARTESIAN_POINT('',(-8.414704131319,-24.89674736677,
    4.602379665443));
#1130 = CARTESIAN_POINT('',(-8.420828482581,-24.90383382006,
    4.550950915865));
#1131 = CARTESIAN_POINT('',(-8.417830520113,-24.92762698134,
    4.465100503298));
#1132 = DEFINITIONAL_REPRESENTATION('',(#1133),#1137);
#1133 = LINE('',#1134,#1135);
#1134 = CARTESIAN_POINT('',(0.,0.));
#1135 = VECTOR('',#1136,1.);
#1136 = DIRECTION('',(0.,1.));
#1137 = ( GEOMETRIC_REPRESENTATION_CONTEXT(2) 
PARAMETRIC_REPRESENTATION_CONTEXT() REPRESENTATION_CONTEXT('2D SPACE',''
  ) );
#1138 = ORIENTED_EDGE('',*,*,#1139,.T.);
#1139 = EDGE_CURVE('',#932,#1140,#1142,.T.);
#1140 = VERTEX_POINT('',#1141);
#1141 = CARTESIAN_POINT('',(-7.557597976358,23.941122934796,
    5.054917676045));
#1142 = SURFACE_CURVE('',#1143,(#1179,#1365),.PCURVE_S1.);
#1143 = ( BOUNDED_CURVE() B_SPLINE_CURVE(12,(#1144,#1145,#1146,#1147,
    #1148,#1149,#1150,#1151,#1152,#1153,#1154,#1155,#1156,#1157,#1158,
    #1159,#1160,#1161,#1162,#1163,#1164,#1165,#1166,#1167,#1168,#1169,
    #1170,#1171,#1172,#1173,#1174,#1175,#1176,#1177,#1178),
.UNSPECIFIED.,.F.,.F.) B_SPLINE_CURVE_WITH_KNOTS((13,11,11,13),(
    15.84118292206,17.33671909136,65.451693641939,66.947199063298),
.UNSPECIFIED.) CURVE() GEOMETRIC_REPRESENTATION_ITEM() 
RATIONAL_B_SPLINE_CURVE((1.,1.,1.000000000001,0.999999999998,
    1.000000000003,0.999999999996,1.000000000004,0.999999999997,
    1.000000000002,0.999999999999,1.,1.,1.,1.,0.999999999999,
    1.000000000002,0.999999999997,1.000000000003,0.999999999997,
    1.000000000002,0.999999999999,1.,1.,1.,1.,0.999999999999,
    1.000000000002,0.999999999997,1.000000000003,0.999999999997,
1.000000000002,0.999999999999,1.,1.,1.)) REPRESENTATION_ITEM('') );
#1144 = CARTESIAN_POINT('',(-7.557595730996,-23.94112631887,
    5.054919860125));
#1145 = CARTESIAN_POINT('',(-7.51747771739,-23.85131787848,
    4.996957585672));
#1146 = CARTESIAN_POINT('',(-7.487341280853,-23.77220970757,
    4.946228393418));
#1147 = CARTESIAN_POINT('',(-7.464364319314,-23.69591280463,
    4.897558764131));
#1148 = CARTESIAN_POINT('',(-7.445939393863,-23.62160589511,
    4.850323303473));
#1149 = CARTESIAN_POINT('',(-7.431118018483,-23.54750908185,
    4.803478324951));
#1150 = CARTESIAN_POINT('',(-7.419495728624,-23.47300449414,
    4.756628932668));
#1151 = CARTESIAN_POINT('',(-7.410321332977,-23.39839196633,
    4.709886232407));
#1152 = CARTESIAN_POINT('',(-7.402676995138,-23.32298420198,
    4.662848290967));
#1153 = CARTESIAN_POINT('',(-7.396285861767,-23.24645305638,
    4.615434382285));
#1154 = CARTESIAN_POINT('',(-7.391860852135,-23.17353649521,
    4.570516905348));
#1155 = CARTESIAN_POINT('',(-7.389911949707,-23.1084044639,
    4.530329132324));
#1156 = CARTESIAN_POINT('',(-7.312551968734,-19.58406559563,
    2.379116632834));
#1157 = CARTESIAN_POINT('',(-7.250560345434,-15.93022555709,
    0.613104972235));
#1158 = CARTESIAN_POINT('',(-7.198690422595,-12.09058188712,
    -0.789056725564));
#1159 = CARTESIAN_POINT('',(-7.165719241557,-8.14379486396,
    -1.784783817298));
#1160 = CARTESIAN_POINT('',(-7.139866516926,-4.087384963204,
    -2.415121678766));
#1161 = CARTESIAN_POINT('',(-7.137203790839,-6.123653922994E-05,
    -2.596637267752));
#1162 = CARTESIAN_POINT('',(-7.139874205217,4.087497927877,
    -2.415089253655));
#1163 = CARTESIAN_POINT('',(-7.16570775442,8.143705520095,
    -1.784830101248));
#1164 = CARTESIAN_POINT('',(-7.198701257879,12.090640904346,
    -0.789015403334));
#1165 = CARTESIAN_POINT('',(-7.25055298496,15.930150763718,
    0.613087763278));
#1166 = CARTESIAN_POINT('',(-7.312553336725,19.583978347379,
    2.379054183646));
#1167 = CARTESIAN_POINT('',(-7.38991197546,23.108481132935,4.53037621601
    ));
#1168 = CARTESIAN_POINT('',(-7.391857851871,23.173396553517,
    4.57043162032));
#1169 = CARTESIAN_POINT('',(-7.396291484613,23.24643033566,
    4.615419370739));
#1170 = CARTESIAN_POINT('',(-7.402680672419,23.323026228137,
    4.662874206597));
#1171 = CARTESIAN_POINT('',(-7.410324439326,23.398357178007,
    4.709865302402));
#1172 = CARTESIAN_POINT('',(-7.419504660557,23.472932059535,
    4.756583229366));
#1173 = CARTESIAN_POINT('',(-7.431125774177,23.547541952595,
    4.80349769379));
#1174 = CARTESIAN_POINT('',(-7.445934860998,23.621758364826,
    4.850419716135));
#1175 = CARTESIAN_POINT('',(-7.464357482251,23.696009080732,
    4.897621312591));
#1176 = CARTESIAN_POINT('',(-7.487352334366,23.77213870437,
    4.946182821118));
#1177 = CARTESIAN_POINT('',(-7.517480013251,23.851310407732,
    4.996952775665));
#1178 = CARTESIAN_POINT('',(-7.557597976358,23.941122934796,
    5.054917676045));
#1179 = PCURVE('',#93,#1180);
#1180 = DEFINITIONAL_REPRESENTATION('',(#1181),#1364);
#1181 = B_SPLINE_CURVE_WITH_KNOTS('',10,(#1182,#1183,#1184,#1185,#1186,
    #1187,#1188,#1189,#1190,#1191,#1192,#1193,#1194,#1195,#1196,#1197,
    #1198,#1199,#1200,#1201,#1202,#1203,#1204,#1205,#1206,#1207,#1208,
    #1209,#1210,#1211,#1212,#1213,#1214,#1215,#1216,#1217,#1218,#1219,
    #1220,#1221,#1222,#1223,#1224,#1225,#1226,#1227,#1228,#1229,#1230,
    #1231,#1232,#1233,#1234,#1235,#1236,#1237,#1238,#1239,#1240,#1241,
    #1242,#1243,#1244,#1245,#1246,#1247,#1248,#1249,#1250,#1251,#1252,
    #1253,#1254,#1255,#1256,#1257,#1258,#1259,#1260,#1261,#1262,#1263,
    #1264,#1265,#1266,#1267,#1268,#1269,#1270,#1271,#1272,#1273,#1274,
    #1275,#1276,#1277,#1278,#1279,#1280,#1281,#1282,#1283,#1284,#1285,
    #1286,#1287,#1288,#1289,#1290,#1291,#1292,#1293,#1294,#1295,#1296,
    #1297,#1298,#1299,#1300,#1301,#1302,#1303,#1304,#1305,#1306,#1307,
    #1308,#1309,#1310,#1311,#1312,#1313,#1314,#1315,#1316,#1317,#1318,
    #1319,#1320,#1321,#1322,#1323,#1324,#1325,#1326,#1327,#1328,#1329,
    #1330,#1331,#1332,#1333,#1334,#1335,#1336,#1337,#1338,#1339,#1340,
    #1341,#1342,#1343,#1344,#1345,#1346,#1347,#1348,#1349,#1350,#1351,
    #1352,#1353,#1354,#1355,#1356,#1357,#1358,#1359,#1360,#1361,#1362,
    #1363),.UNSPECIFIED.,.F.,.F.,(11,9,9,9,9,9,9,9,9,9,9,9,9,9,9,9,9,9,9
    ,9,11),(15.84118292206,16.639714424267,17.038980175371,
    17.238613050922,17.28852126981,17.338429488698,17.438245926474,
    19.035308930888,22.229434939715,28.61768695737,41.394190992679,
    54.170695027989,60.558947045643,63.753073054471,65.350136058884,
    65.44995249666,65.499860715548,65.549768934436,65.749401809988,
    66.148667561091,66.947199063298),.UNSPECIFIED.);
#1182 = CARTESIAN_POINT('',(1.164599203595,7.557595730996));
#1183 = CARTESIAN_POINT('',(1.163047969935,7.531890838));
#1184 = CARTESIAN_POINT('',(1.161618972829,7.510359804249));
#1185 = CARTESIAN_POINT('',(1.160252926923,7.492214057629));
#1186 = CARTESIAN_POINT('',(1.158925767928,7.476709632116));
#1187 = CARTESIAN_POINT('',(1.157622820927,7.463334964991));
#1188 = CARTESIAN_POINT('',(1.156333082417,7.451757444104));
#1189 = CARTESIAN_POINT('',(1.15504958494,7.441721058121));
#1190 = CARTESIAN_POINT('',(1.153768621788,7.432996954759));
#1191 = CARTESIAN_POINT('',(1.15248741789,7.425398164061));
#1192 = CARTESIAN_POINT('',(1.150566253595,7.415469711789));
#1193 = CARTESIAN_POINT('',(1.14992592325,7.41240509769));
#1194 = CARTESIAN_POINT('',(1.14928580419,7.409567723707));
#1195 = CARTESIAN_POINT('',(1.148645974845,7.406941946676));
#1196 = CARTESIAN_POINT('',(1.148006668696,7.404515438108));
#1197 = CARTESIAN_POINT('',(1.147368274098,7.402279695315));
#1198 = CARTESIAN_POINT('',(1.146731103781,7.400229735724));
#1199 = CARTESIAN_POINT('',(1.146094934025,7.398362974355));
#1200 = CARTESIAN_POINT('',(1.145458313512,7.396677284466));
#1201 = CARTESIAN_POINT('',(1.144497306028,7.394413719853));
#1202 = CARTESIAN_POINT('',(1.144175962888,7.39370336552));
#1203 = CARTESIAN_POINT('',(1.143853107815,7.393036477563));
#1204 = CARTESIAN_POINT('',(1.143528128676,7.39241226951));
#1205 = CARTESIAN_POINT('',(1.143200232104,7.391829662825));
#1206 = CARTESIAN_POINT('',(1.142868369762,7.391287080341));
#1207 = CARTESIAN_POINT('',(1.142531164622,7.390782239879));
#1208 = CARTESIAN_POINT('',(1.14218683723,7.390311947679));
#1209 = CARTESIAN_POINT('',(1.141833131981,7.389871891982));
#1210 = CARTESIAN_POINT('',(1.141375771241,7.38935257265));
#1211 = CARTESIAN_POINT('',(1.141283536204,7.38925024288));
#1212 = CARTESIAN_POINT('',(1.14119049432,7.389149358961));
#1213 = CARTESIAN_POINT('',(1.141096598898,7.389049826043));
#1214 = CARTESIAN_POINT('',(1.141001800504,7.388951542651));
#1215 = CARTESIAN_POINT('',(1.140906046973,7.38885440072));
#1216 = CARTESIAN_POINT('',(1.140809283398,7.388758285552));
#1217 = CARTESIAN_POINT('',(1.140711452139,7.388663075857));
#1218 = CARTESIAN_POINT('',(1.140612492817,7.388568643721));
#1219 = CARTESIAN_POINT('',(1.140412191813,7.388381065531));
#1220 = CARTESIAN_POINT('',(1.140310973833,7.388287966221));
#1221 = CARTESIAN_POINT('',(1.140207585546,7.388195021683));
#1222 = CARTESIAN_POINT('',(1.140106101764,7.38810367814));
#1223 = CARTESIAN_POINT('',(1.139996093786,7.388009810554));
#1224 = CARTESIAN_POINT('',(1.139895510338,7.387920166492));
#1225 = CARTESIAN_POINT('',(1.139781410806,7.387825823945));
#1226 = CARTESIAN_POINT('',(1.139675302283,7.387734858323));
#1227 = CARTESIAN_POINT('',(1.139561870753,7.387641271948));
#1228 = CARTESIAN_POINT('',(1.139223169554,7.387361123992));
#1229 = CARTESIAN_POINT('',(1.13899736384,7.387174440967));
#1230 = CARTESIAN_POINT('',(1.138771553219,7.386987840177));
#1231 = CARTESIAN_POINT('',(1.1385457377,7.386801321572));
#1232 = CARTESIAN_POINT('',(1.138319917291,7.386614885112));
#1233 = CARTESIAN_POINT('',(1.138094092001,7.386428530744));
#1234 = CARTESIAN_POINT('',(1.137868261839,7.386242258429));
#1235 = CARTESIAN_POINT('',(1.137642426813,7.386056068115));
#1236 = CARTESIAN_POINT('',(1.137416586932,7.385869959761));
#1237 = CARTESIAN_POINT('',(1.133577226557,7.38270751024));
#1238 = CARTESIAN_POINT('',(1.129962468826,7.379751946564));
#1239 = CARTESIAN_POINT('',(1.126346505847,7.376817151201));
#1240 = CARTESIAN_POINT('',(1.122729374451,7.373903033039));
#1241 = CARTESIAN_POINT('',(1.119111111479,7.371009501005));
#1242 = CARTESIAN_POINT('',(1.11549175376,7.368136463973));
#1243 = CARTESIAN_POINT('',(1.111871338135,7.365283830875));
#1244 = CARTESIAN_POINT('',(1.108249901435,7.362451510593));
#1245 = CARTESIAN_POINT('',(1.104627480497,7.359639412042));
#1246 = CARTESIAN_POINT('',(1.093757375473,7.351263508279));
#1247 = CARTESIAN_POINT('',(1.086506842261,7.345760363915));
#1248 = CARTESIAN_POINT('',(1.079252818311,7.340337978733));
#1249 = CARTESIAN_POINT('',(1.071995595005,7.334996406877));
#1250 = CARTESIAN_POINT('',(1.064735449303,7.329735788902));
#1251 = CARTESIAN_POINT('',(1.057472643758,7.324556351815));
#1252 = CARTESIAN_POINT('',(1.0502074265,7.319458409025));
#1253 = CARTESIAN_POINT('',(1.042940031252,7.314442360392));
#1254 = CARTESIAN_POINT('',(1.035670677316,7.309508692191));
#1255 = CARTESIAN_POINT('',(1.013857354118,7.294956547011));
#1256 = CARTESIAN_POINT('',(0.999308104072,7.285586494142));
#1257 = CARTESIAN_POINT('',(0.98475342979,7.276551705204));
#1258 = CARTESIAN_POINT('',(0.970194648522,7.26785588872));
#1259 = CARTESIAN_POINT('',(0.955632818933,7.259502545592));
#1260 = CARTESIAN_POINT('',(0.941068775605,7.251494939734));
#1261 = CARTESIAN_POINT('',(0.926503163546,7.243836068578));
#1262 = CARTESIAN_POINT('',(0.911936472698,7.236528633715));
#1263 = CARTESIAN_POINT('',(0.897369072441,7.229575011419));
#1264 = CARTESIAN_POINT('',(0.85366559342,7.209781646908));
#1265 = CARTESIAN_POINT('',(0.824528270365,7.198009699712));
#1266 = CARTESIAN_POINT('',(0.795391395728,7.187678298272));
#1267 = CARTESIAN_POINT('',(0.766255860914,7.178801190698));
#1268 = CARTESIAN_POINT('',(0.737121834573,7.171389382635));
#1269 = CARTESIAN_POINT('',(0.707989135844,7.165451455225));
#1270 = CARTESIAN_POINT('',(0.678857476199,7.160993774748));
#1271 = CARTESIAN_POINT('',(0.64972656991,7.158020594249));
#1272 = CARTESIAN_POINT('',(0.620596113106,7.156534046842));
#1273 = CARTESIAN_POINT('',(0.562335149809,7.156534015048));
#1274 = CARTESIAN_POINT('',(0.533204701229,7.158020531652));
#1275 = CARTESIAN_POINT('',(0.504073811899,7.16099367587));
#1276 = CARTESIAN_POINT('',(0.474942178611,7.165451313388));
#1277 = CARTESIAN_POINT('',(0.44580951728,7.171389191443));
#1278 = CARTESIAN_POINT('',(0.416675541977,7.178800943159));
#1279 = CARTESIAN_POINT('',(0.387540074447,7.187677985128));
#1280 = CARTESIAN_POINT('',(0.358403284129,7.19800930837));
#1281 = CARTESIAN_POINT('',(0.329266058682,7.209781162547));
#1282 = CARTESIAN_POINT('',(0.285562728159,7.229574369005));
#1283 = CARTESIAN_POINT('',(0.270995377683,7.236527936546));
#1284 = CARTESIAN_POINT('',(0.256428735269,7.243835313872));
#1285 = CARTESIAN_POINT('',(0.241863168086,7.251494126424));
#1286 = CARTESIAN_POINT('',(0.227299162995,7.259501676246));
#1287 = CARTESIAN_POINT('',(0.212737360783,7.267854970944));
#1288 = CARTESIAN_POINT('',(0.198178590385,7.276550752545));
#1289 = CARTESIAN_POINT('',(0.183623903113,7.285585526475));
#1290 = CARTESIAN_POINT('',(0.169074606883,7.294955590423));
#1291 = CARTESIAN_POINT('',(0.147261147223,7.30950779973));
#1292 = CARTESIAN_POINT('',(0.139991736664,7.314441496152));
#1293 = CARTESIAN_POINT('',(0.132724272154,7.319457581332));
#1294 = CARTESIAN_POINT('',(0.125458971407,7.324555569453));
#1295 = CARTESIAN_POINT('',(0.11819606646,7.329735060123));
#1296 = CARTESIAN_POINT('',(0.110935803674,7.334995738366));
#1297 = CARTESIAN_POINT('',(0.103678443736,7.340337374624));
#1298 = CARTESIAN_POINT('',(9.642426165306E-02,7.345759824762));
#1299 = CARTESIAN_POINT('',(8.917354676106E-02,7.351263030056));
#1300 = CARTESIAN_POINT('',(7.83031306959E-02,7.359639010785));
#1301 = CARTESIAN_POINT('',(7.468059963766E-02,7.362451133241));
#1302 = CARTESIAN_POINT('',(7.105904614467E-02,7.36528347416));
#1303 = CARTESIAN_POINT('',(6.743850681854E-02,7.368136123107));
#1304 = CARTESIAN_POINT('',(6.381901826118E-02,7.371009169681));
#1305 = CARTESIAN_POINT('',(6.020061707407E-02,7.373902703434));
#1306 = CARTESIAN_POINT('',(5.658333985916E-02,7.376816813968));
#1307 = CARTESIAN_POINT('',(5.296722321801E-02,7.379751590844));
#1308 = CARTESIAN_POINT('',(4.935230375244E-02,7.38270712365));
#1309 = CARTESIAN_POINT('',(4.551276270859E-02,7.385869525603));
#1310 = CARTESIAN_POINT('',(4.528691216754E-02,7.386055631102));
#1311 = CARTESIAN_POINT('',(4.506106644947E-02,7.386241818497));
#1312 = CARTESIAN_POINT('',(4.483522556291E-02,7.386428087844));
#1313 = CARTESIAN_POINT('',(4.460938951634E-02,7.386614439167));
#1314 = CARTESIAN_POINT('',(4.438355831834E-02,7.386800872542));
#1315 = CARTESIAN_POINT('',(4.415773197735E-02,7.386987387983));
#1316 = CARTESIAN_POINT('',(4.393191050196E-02,7.387173985559));
#1317 = CARTESIAN_POINT('',(4.370609390064E-02,7.387360665301));
#1318 = CARTESIAN_POINT('',(4.336737632256E-02,7.387640808241));
#1319 = CARTESIAN_POINT('',(4.325391463159E-02,7.38773440255));
#1320 = CARTESIAN_POINT('',(4.314783063001E-02,7.387825347509));
#1321 = CARTESIAN_POINT('',(4.303372786329E-02,7.387919690533));
#1322 = CARTESIAN_POINT('',(4.29331583375E-02,7.388009313359));
#1323 = CARTESIAN_POINT('',(4.282318494028E-02,7.388103165777));
#1324 = CARTESIAN_POINT('',(4.272172109446E-02,7.388194490967));
#1325 = CARTESIAN_POINT('',(4.261837102068E-02,7.388287415248));
#1326 = CARTESIAN_POINT('',(4.251719109913E-02,7.388380494242));
#1327 = CARTESIAN_POINT('',(4.231697534061E-02,7.388568031328));
#1328 = CARTESIAN_POINT('',(4.221806248029E-02,7.388662442798));
#1329 = CARTESIAN_POINT('',(4.212028093339E-02,7.388757632161));
#1330 = CARTESIAN_POINT('',(4.202356977349E-02,7.388853727715));
#1331 = CARTESIAN_POINT('',(4.192787085365E-02,7.388950851125));
#1332 = CARTESIAN_POINT('',(4.183312880584E-02,7.389049117355));
#1333 = CARTESIAN_POINT('',(4.173929104163E-02,7.38914863476));
#1334 = CARTESIAN_POINT('',(4.164630775152E-02,7.389249504994));
#1335 = CARTESIAN_POINT('',(4.155413190547E-02,7.38935182308));
#1336 = CARTESIAN_POINT('',(4.10970686409E-02,7.389871094521));
#1337 = CARTESIAN_POINT('',(4.07436056362E-02,7.390311146769));
#1338 = CARTESIAN_POINT('',(4.039950628879E-02,7.390781476447));
#1339 = CARTESIAN_POINT('',(4.006250369055E-02,7.391286395938));
#1340 = CARTESIAN_POINT('',(3.973081286703E-02,7.39182909555));
#1341 = CARTESIAN_POINT('',(3.940305566938E-02,7.392411851348));
#1342 = CARTESIAN_POINT('',(3.907818566663E-02,7.393036233032));
#1343 = CARTESIAN_POINT('',(3.875541303758E-02,7.393703311777));
#1344 = CARTESIAN_POINT('',(3.843412946304E-02,7.394413868099));
#1345 = CARTESIAN_POINT('',(3.747324012726E-02,7.396678062927));
#1346 = CARTESIAN_POINT('',(3.683661796486E-02,7.398364203035));
#1347 = CARTESIAN_POINT('',(3.620040044324E-02,7.400231402526));
#1348 = CARTESIAN_POINT('',(3.556316222002E-02,7.402281766572));
#1349 = CARTESIAN_POINT('',(3.492469399673E-02,7.404517866245));
#1350 = CARTESIAN_POINT('',(3.428531093705E-02,7.406944669537));
#1351 = CARTESIAN_POINT('',(3.364539420723E-02,7.409570660934));
#1352 = CARTESIAN_POINT('',(3.300516563501E-02,7.412408148615));
#1353 = CARTESIAN_POINT('',(3.236469549083E-02,7.415472760195));
#1354 = CARTESIAN_POINT('',(3.044303918301E-02,7.42540085845));
#1355 = CARTESIAN_POINT('',(2.916140546493E-02,7.432998969191));
#1356 = CARTESIAN_POINT('',(2.787993034414E-02,7.441721842364));
#1357 = CARTESIAN_POINT('',(2.659596487145E-02,7.451756954438));
#1358 = CARTESIAN_POINT('',(2.530612418063E-02,7.463333483336));
#1359 = CARTESIAN_POINT('',(2.400378301996E-02,7.476708798609));
#1360 = CARTESIAN_POINT('',(2.267779776886E-02,7.492216390408));
#1361 = CARTESIAN_POINT('',(2.131250208421E-02,7.510364851822));
#1362 = CARTESIAN_POINT('',(1.988273837082E-02,7.53189258722));
#1363 = CARTESIAN_POINT('',(1.833140231912E-02,7.557597976358));
#1364 = ( GEOMETRIC_REPRESENTATION_CONTEXT(2) 
PARAMETRIC_REPRESENTATION_CONTEXT() REPRESENTATION_CONTEXT('2D SPACE',''
  ) );
#1365 = PCURVE('',#1366,#1472);
#1366 = ( BOUNDED_SURFACE() B_SPLINE_SURFACE(2,12,(
    (#1367,#1368,#1369,#1370,#1371,#1372,#1373,#1374,#1375,#1376,#1377
      ,#1378,#1379,#1380,#1381,#1382,#1383,#1384,#1385,#1386,#1387,#1388
      ,#1389,#1390,#1391,#1392,#1393,#1394,#1395,#1396,#1397,#1398,#1399
      ,#1400,#1401)
    ,(#1402,#1403,#1404,#1405,#1406,#1407,#1408,#1409,#1410,#1411,#1412
      ,#1413,#1414,#1415,#1416,#1417,#1418,#1419,#1420,#1421,#1422,#1423
      ,#1424,#1425,#1426,#1427,#1428,#1429,#1430,#1431,#1432,#1433,#1434
      ,#1435,#1436)
    ,(#1437,#1438,#1439,#1440,#1441,#1442,#1443,#1444,#1445,#1446,#1447
      ,#1448,#1449,#1450,#1451,#1452,#1453,#1454,#1455,#1456,#1457,#1458
      ,#1459,#1460,#1461,#1462,#1463,#1464,#1465,#1466,#1467,#1468,#1469
      ,#1470,#1471
)),.UNSPECIFIED.,.F.,.F.,.F.) B_SPLINE_SURFACE_WITH_KNOTS((3,3),(13,11,
    11,13),(0.,51.106016141238),(15.84118292206,17.33671909136,
    65.451693641939,66.947199063298),.UNSPECIFIED.) 
GEOMETRIC_REPRESENTATION_ITEM() RATIONAL_B_SPLINE_SURFACE((
    (1.,1.,1.000000000001,0.999999999998,1.000000000003,0.999999999996
      ,1.000000000004,0.999999999997,1.000000000002,0.999999999999,1.,1.
      ,1.,1.,0.999999999999,1.000000000002,0.999999999997,1.000000000003
      ,0.999999999997,1.000000000002,0.999999999999,1.,1.,1.,1.
      ,0.999999999999,1.000000000002,0.999999999997,1.000000000003
      ,0.999999999997,1.000000000002,0.999999999999,1.,1.,1.)
    ,(0.696226557386,0.696608706482,0.696725103164,0.696755256931
      ,0.696738358955,0.696698620996,0.696655950264,0.696616670832
      ,0.696577998496,0.696541942224,0.696519244478,0.6965118817
      ,0.695903038141,0.695406765636,0.694995005868,0.694730249242
      ,0.694527746061,0.694501718135,0.694527896904,0.694730033804
      ,0.694995189387,0.695406662421,0.695903047021,0.696511898279
      ,0.696519246919,0.69654193368,0.696577883309,0.696616755933
      ,0.696656347435,0.696698826574,0.696737913323,0.696754681299
      ,0.69672531114,0.696608829765,0.696226643971)
    ,(1.,1.,1.000000000001,0.999999999998,1.000000000003,0.999999999996
      ,1.000000000004,0.999999999997,1.000000000002,0.999999999999,1.,1.
      ,1.,1.,0.999999999999,1.000000000002,0.999999999997,1.000000000003
      ,0.999999999997,1.000000000002,0.999999999999,1.,1.,1.,1.
      ,0.999999999999,1.000000000002,0.999999999997,1.000000000003
      ,0.999999999997,1.000000000002,0.999999999999,1.,1.,1.
))) REPRESENTATION_ITEM('') SURFACE() );
#1367 = CARTESIAN_POINT('',(-7.557595730996,-23.94112631887,
    5.054919860125));
#1368 = CARTESIAN_POINT('',(-7.51747771739,-23.85131787848,
    4.996957585672));
#1369 = CARTESIAN_POINT('',(-7.487341280853,-23.77220970757,
    4.946228393418));
#1370 = CARTESIAN_POINT('',(-7.464364319314,-23.69591280463,
    4.897558764131));
#1371 = CARTESIAN_POINT('',(-7.445939393863,-23.62160589511,
    4.850323303473));
#1372 = CARTESIAN_POINT('',(-7.431118018483,-23.54750908185,
    4.803478324951));
#1373 = CARTESIAN_POINT('',(-7.419495728624,-23.47300449414,
    4.756628932668));
#1374 = CARTESIAN_POINT('',(-7.410321332977,-23.39839196633,
    4.709886232407));
#1375 = CARTESIAN_POINT('',(-7.402676995138,-23.32298420198,
    4.662848290967));
#1376 = CARTESIAN_POINT('',(-7.396285861767,-23.24645305638,
    4.615434382285));
#1377 = CARTESIAN_POINT('',(-7.391860852135,-23.17353649521,
    4.570516905348));
#1378 = CARTESIAN_POINT('',(-7.389911949707,-23.1084044639,
    4.530329132324));
#1379 = CARTESIAN_POINT('',(-7.312551968734,-19.58406559563,
    2.379116632834));
#1380 = CARTESIAN_POINT('',(-7.250560345434,-15.93022555709,
    0.613104972235));
#1381 = CARTESIAN_POINT('',(-7.198690422595,-12.09058188712,
    -0.789056725564));
#1382 = CARTESIAN_POINT('',(-7.165719241557,-8.14379486396,
    -1.784783817298));
#1383 = CARTESIAN_POINT('',(-7.139866516926,-4.087384963204,
    -2.415121678766));
#1384 = CARTESIAN_POINT('',(-7.137203790839,-6.123653922994E-05,
    -2.596637267752));
#1385 = CARTESIAN_POINT('',(-7.139874205217,4.087497927877,
    -2.415089253655));
#1386 = CARTESIAN_POINT('',(-7.16570775442,8.143705520095,
    -1.784830101248));
#1387 = CARTESIAN_POINT('',(-7.198701257879,12.090640904346,
    -0.789015403334));
#1388 = CARTESIAN_POINT('',(-7.25055298496,15.930150763718,
    0.613087763278));
#1389 = CARTESIAN_POINT('',(-7.312553336725,19.583978347379,
    2.379054183646));
#1390 = CARTESIAN_POINT('',(-7.38991197546,23.108481132935,4.53037621601
    ));
#1391 = CARTESIAN_POINT('',(-7.391857851871,23.173396553517,
    4.57043162032));
#1392 = CARTESIAN_POINT('',(-7.396291484613,23.24643033566,
    4.615419370739));
#1393 = CARTESIAN_POINT('',(-7.402680672419,23.323026228137,
    4.662874206597));
#1394 = CARTESIAN_POINT('',(-7.410324439326,23.398357178007,
    4.709865302402));
#1395 = CARTESIAN_POINT('',(-7.419504660557,23.472932059535,
    4.756583229366));
#1396 = CARTESIAN_POINT('',(-7.431125774177,23.547541952595,
    4.80349769379));
#1397 = CARTESIAN_POINT('',(-7.445934860998,23.621758364826,
    4.850419716135));
#1398 = CARTESIAN_POINT('',(-7.464357482251,23.696009080732,
    4.897621312591));
#1399 = CARTESIAN_POINT('',(-7.487352334366,23.77213870437,
    4.946182821118));
#1400 = CARTESIAN_POINT('',(-7.517480013251,23.851310407732,
    4.996952775665));
#1401 = CARTESIAN_POINT('',(-7.557597976358,23.941122934796,
    5.054917676045));
#1402 = CARTESIAN_POINT('',(-8.448261863614,-24.37747703956,
    5.336540163515));
#1403 = CARTESIAN_POINT('',(-8.444965640507,-24.23354151281,
    5.242148683761));
#1404 = CARTESIAN_POINT('',(-8.442050523856,-24.10508223503,
    5.15867066498));
#1405 = CARTESIAN_POINT('',(-8.439327767943,-23.9843501039,
    5.080701137033));
#1406 = CARTESIAN_POINT('',(-8.436733248468,-23.86856491977,
    5.006403820226));
#1407 = CARTESIAN_POINT('',(-8.434230139738,-23.7561619839,
    4.934724164595));
#1408 = CARTESIAN_POINT('',(-8.431789143899,-23.64590266298,
    4.864823189527));
#1409 = CARTESIAN_POINT('',(-8.429391813614,-23.53696038592,
    4.796172632248));
#1410 = CARTESIAN_POINT('',(-8.427031251921,-23.42899276055,
    4.728574989758));
#1411 = CARTESIAN_POINT('',(-8.424704381239,-23.32187689178,
    4.661942131512));
#1412 = CARTESIAN_POINT('',(-8.422402256169,-23.21527054114,
    4.596017894928));
#1413 = CARTESIAN_POINT('',(-8.420110389658,-23.10850390288,
    4.530387425019));
#1414 = CARTESIAN_POINT('',(-8.344417486686,-19.55725025937,
    2.362826283792));
#1415 = CARTESIAN_POINT('',(-8.283074192828,-15.90707826488,
    0.606184183672));
#1416 = CARTESIAN_POINT('',(-8.234243458033,-12.07454969636,
    -0.79214510591));
#1417 = CARTESIAN_POINT('',(-8.199547731914,-8.132969587933,
    -1.785700706837));
#1418 = CARTESIAN_POINT('',(-8.177586724037,-4.081211182838,
    -2.41458169084));
#1419 = CARTESIAN_POINT('',(-8.171289541263,-7.320061613687E-05,
    -2.594909411626));
#1420 = CARTESIAN_POINT('',(-8.177587937142,4.081345062281,
    -2.414546952045));
#1421 = CARTESIAN_POINT('',(-8.199546016987,8.132866255532,
    -1.78574981595));
#1422 = CARTESIAN_POINT('',(-8.234244873422,12.074619280531,
    -0.792104574487));
#1423 = CARTESIAN_POINT('',(-8.283073652741,15.907030023978,
    0.606168717608));
#1424 = CARTESIAN_POINT('',(-8.34441659067,19.557208321694,
    2.362800625274));
#1425 = CARTESIAN_POINT('',(-8.420110370542,23.10850300594,
    4.530386877629));
#1426 = CARTESIAN_POINT('',(-8.422402223913,23.215268461139,
    4.596016971251));
#1427 = CARTESIAN_POINT('',(-8.424704272304,23.321873432745,
    4.661939012017));
#1428 = CARTESIAN_POINT('',(-8.42703155092,23.429005753008,
    4.728583551947));
#1429 = CARTESIAN_POINT('',(-8.429391806291,23.536959052684,
    4.79617242253));
#1430 = CARTESIAN_POINT('',(-8.43178870032,23.645884439351,
    4.864810487086));
#1431 = CARTESIAN_POINT('',(-8.434230819052,23.756194812326,
    4.934743617608));
#1432 = CARTESIAN_POINT('',(-8.436735951366,23.868684593158,
    5.006481221081));
#1433 = CARTESIAN_POINT('',(-8.439329999694,23.984446761835,
    5.080765045998));
#1434 = CARTESIAN_POINT('',(-8.442049370744,24.105032141246,
    5.158637644186));
#1435 = CARTESIAN_POINT('',(-8.444965545069,24.233537456915,
    5.242145950765));
#1436 = CARTESIAN_POINT('',(-8.448261849962,24.377476521224,
    5.336539772593));
#1437 = CARTESIAN_POINT('',(-8.417830520113,-24.92762698134,
    4.465100503298));
#1438 = CARTESIAN_POINT('',(-8.41457591617,-24.78352650382,
    4.371900840438));
#1439 = CARTESIAN_POINT('',(-8.411667415361,-24.65473877254,
    4.288612274606));
#1440 = CARTESIAN_POINT('',(-8.408934082121,-24.53336367797,
    4.210339851623));
#1441 = CARTESIAN_POINT('',(-8.4063188192,-24.41672951933,4.135448520218
    ));
#1442 = CARTESIAN_POINT('',(-8.403788150709,-24.30328587421,
    4.062979656334));
#1443 = CARTESIAN_POINT('',(-8.401315670412,-24.19181683566,
    3.992177084315));
#1444 = CARTESIAN_POINT('',(-8.398884909942,-24.08155473125,
    3.922569211826));
#1445 = CARTESIAN_POINT('',(-8.396489131594,-23.97217716103,
    3.853963096257));
#1446 = CARTESIAN_POINT('',(-8.394125503402,-23.86355470674,
    3.786277640668));
#1447 = CARTESIAN_POINT('',(-8.39178927039,-23.75548299745,
    3.719376680408));
#1448 = CARTESIAN_POINT('',(-8.389469895156,-23.64748093958,
    3.652958463758));
#1449 = CARTESIAN_POINT('',(-8.312039170179,-20.01795422778,
    1.435632611446));
#1450 = CARTESIAN_POINT('',(-8.249221781076,-16.28480623311,
    -0.363222053496));
#1451 = CARTESIAN_POINT('',(-8.199193149112,-12.36356978246,
    -1.795854629822));
#1452 = CARTESIAN_POINT('',(-8.163600473759,-8.328013812616,
    -2.81509549622));
#1453 = CARTESIAN_POINT('',(-8.141111924881,-4.179953860041,
    -3.459083277894));
#1454 = CARTESIAN_POINT('',(-8.134606379049,-6.115273232659E-05,
    -3.645377736025));
#1455 = CARTESIAN_POINT('',(-8.141113071957,4.180066856432,
    -3.459050429913));
#1456 = CARTESIAN_POINT('',(-8.16359884021,8.327924038411,
    -2.815142274949));
#1457 = CARTESIAN_POINT('',(-8.199194532322,12.363632117755,
    -1.795815019854));
#1458 = CARTESIAN_POINT('',(-8.249221195459,16.284756711381,
    -0.363238823374));
#1459 = CARTESIAN_POINT('',(-8.31203826402,20.017912212807,1.43560666245
    ));
#1460 = CARTESIAN_POINT('',(-8.389469925099,23.647482241556,3.6529593212
    ));
#1461 = CARTESIAN_POINT('',(-8.391789169369,23.75547765719,
    3.719373787557));
#1462 = CARTESIAN_POINT('',(-8.394125347368,23.863549142132,
    3.786273172446));
#1463 = CARTESIAN_POINT('',(-8.396489429995,23.972190788456,
    3.853971641317));
#1464 = CARTESIAN_POINT('',(-8.398884939001,24.081554598545,
    3.922570044004));
#1465 = CARTESIAN_POINT('',(-8.401315283477,24.19179903929,
    3.992166003921));
#1466 = CARTESIAN_POINT('',(-8.403788858372,24.303318896008,
    4.06299992118));
#1467 = CARTESIAN_POINT('',(-8.406321479345,24.416849654534,
    4.135524696792));
#1468 = CARTESIAN_POINT('',(-8.408936247919,24.533460421824,
    4.210401871993));
#1469 = CARTESIAN_POINT('',(-8.411666275124,24.654688148724,
    4.288579622491));
#1470 = CARTESIAN_POINT('',(-8.414575839788,24.783522649701,
    4.371898653157));
#1471 = CARTESIAN_POINT('',(-8.417830520113,24.927626616642,
    4.465100503298));
#1472 = DEFINITIONAL_REPRESENTATION('',(#1473),#1477);
#1473 = LINE('',#1474,#1475);
#1474 = CARTESIAN_POINT('',(0.,0.));
#1475 = VECTOR('',#1476,1.);
#1476 = DIRECTION('',(0.,1.));
#1477 = ( GEOMETRIC_REPRESENTATION_CONTEXT(2) 
PARAMETRIC_REPRESENTATION_CONTEXT() REPRESENTATION_CONTEXT('2D SPACE',''
  ) );
#1478 = ORIENTED_EDGE('',*,*,#1479,.T.);
#1479 = EDGE_CURVE('',#1140,#1480,#1482,.T.);
#1480 = VERTEX_POINT('',#1481);
#1481 = CARTESIAN_POINT('',(-7.418439693094,24.367936448361,
    5.333887043189));
#1482 = SURFACE_CURVE('',#1483,(#1522,#1564),.PCURVE_S1.);
#1483 = ( BOUNDED_CURVE() B_SPLINE_CURVE(13,(#1484,#1485,#1486,#1487,
    #1488,#1489,#1490,#1491,#1492,#1493,#1494,#1495,#1496,#1497,#1498,
    #1499,#1500,#1501,#1502,#1503,#1504,#1505,#1506,#1507,#1508,#1509,
    #1510,#1511,#1512,#1513,#1514,#1515,#1516,#1517,#1518,#1519,#1520,
#1521),.UNSPECIFIED.,.F.,.F.) B_SPLINE_CURVE_WITH_KNOTS((14,12,12,14),(
    66.947199063298,67.189938209025,67.496033374143,67.951497230982),
.UNSPECIFIED.) CURVE() GEOMETRIC_REPRESENTATION_ITEM() 
RATIONAL_B_SPLINE_CURVE((1.,1.,1.000000000001,0.999999999998,
    1.000000000004,0.999999999995,1.000000000006,0.999999999995,
    1.000000000004,0.999999999998,1.000000000001,1.,1.,1.,1.,
    0.999999999999,1.000000000003,0.999999999996,1.000000000005,
    0.999999999995,1.000000000004,0.999999999998,1.000000000001,1.,1.,1.
    ,0.999999999999,1.000000000003,0.999999999993,1.000000000011,
    0.999999999986,1.000000000014,0.999999999988,1.000000000007,
0.999999999996,1.000000000001,1.,1.)) REPRESENTATION_ITEM('') );
#1484 = CARTESIAN_POINT('',(-7.557597976358,23.941122934796,
    5.054917676045));
#1485 = CARTESIAN_POINT('',(-7.5636087254,23.954579265057,5.063602375926
    ));
#1486 = CARTESIAN_POINT('',(-7.568537095375,23.967632496405,
    5.072034406096));
#1487 = CARTESIAN_POINT('',(-7.572947650075,23.980522816288,
    5.080368065969));
#1488 = CARTESIAN_POINT('',(-7.576617795678,23.993134294833,
    5.088528409415));
#1489 = CARTESIAN_POINT('',(-7.580044253607,24.005685143943,
    5.096655742975));
#1490 = CARTESIAN_POINT('',(-7.582740888977,24.017940280945,
    5.104598393492));
#1491 = CARTESIAN_POINT('',(-7.585302984299,24.030166481946,
    5.112527983143));
#1492 = CARTESIAN_POINT('',(-7.587264374082,24.04213915167,
    5.120299592817));
#1493 = CARTESIAN_POINT('',(-7.588990521989,24.054019714599,
    5.128016977981));
#1494 = CARTESIAN_POINT('',(-7.590306191439,24.065718949964,
    5.135622418573));
#1495 = CARTESIAN_POINT('',(-7.591305250458,24.07727251259,
    5.143138634053));
#1496 = CARTESIAN_POINT('',(-7.591974391171,24.088666248571,
    5.150556246296));
#1497 = CARTESIAN_POINT('',(-7.592773899625,24.114062900647,
    5.167101841528));
#1498 = CARTESIAN_POINT('',(-7.592717650331,24.127970694297,
    5.176170956368));
#1499 = CARTESIAN_POINT('',(-7.59217788007,24.141613869059,
    5.185075559434));
#1500 = CARTESIAN_POINT('',(-7.591169829072,24.154982758226,
    5.193808852108));
#1501 = CARTESIAN_POINT('',(-7.589705957564,24.168066304901,
    5.202363108817));
#1502 = CARTESIAN_POINT('',(-7.587796554682,24.180852114087,
    5.210729710158));
#1503 = CARTESIAN_POINT('',(-7.585450347388,24.193326504737,
    5.218899176005));
#1504 = CARTESIAN_POINT('',(-7.582675109377,24.205474561867,
    5.226861198637));
#1505 = CARTESIAN_POINT('',(-7.579478270008,24.217280188594,
    5.234604675844));
#1506 = CARTESIAN_POINT('',(-7.575867523199,24.228726158247,
    5.242117744058));
#1507 = CARTESIAN_POINT('',(-7.571851436358,24.239794166418,
    5.249387811457));
#1508 = CARTESIAN_POINT('',(-7.567440059287,24.250464883053,
    5.256401591093));
#1509 = CARTESIAN_POINT('',(-7.555511368188,24.275974456705,
    5.273179399205));
#1510 = CARTESIAN_POINT('',(-7.547525071777,24.290309185015,
    5.282617211879));
#1511 = CARTESIAN_POINT('',(-7.538712613749,24.303655983903,
    5.291413153567));
#1512 = CARTESIAN_POINT('',(-7.529110790034,24.315943486509,
    5.299518277143));
#1513 = CARTESIAN_POINT('',(-7.51876709562,24.327097809702,
    5.306881919123));
#1514 = CARTESIAN_POINT('',(-7.50773959753,24.337045199089,
    5.313453511966));
#1515 = CARTESIAN_POINT('',(-7.496096807847,24.345714674059,
    5.319184396365));
#1516 = CARTESIAN_POINT('',(-7.483917556675,24.353040672791,
    5.324029633571));
#1517 = CARTESIAN_POINT('',(-7.471290865177,24.358965697293,
    5.327949817665));
#1518 = CARTESIAN_POINT('',(-7.458315818535,24.363442958419,
    5.330912887886));
#1519 = CARTESIAN_POINT('',(-7.445101438971,24.366439020899,
    5.332895940916));
#1520 = CARTESIAN_POINT('',(-7.431766558733,24.367936448361,
    5.333887043189));
#1521 = CARTESIAN_POINT('',(-7.418439693094,24.367936448361,
    5.333887043189));
#1522 = PCURVE('',#93,#1523);
#1523 = DEFINITIONAL_REPRESENTATION('',(#1524),#1563);
#1524 = B_SPLINE_CURVE_WITH_KNOTS('',13,(#1525,#1526,#1527,#1528,#1529,
    #1530,#1531,#1532,#1533,#1534,#1535,#1536,#1537,#1538,#1539,#1540,
    #1541,#1542,#1543,#1544,#1545,#1546,#1547,#1548,#1549,#1550,#1551,
    #1552,#1553,#1554,#1555,#1556,#1557,#1558,#1559,#1560,#1561,#1562),
  .UNSPECIFIED.,.F.,.F.,(14,12,12,14),(66.947199063298,67.189938209025,
    67.496033374143,67.951497230982),.UNSPECIFIED.);
#1525 = CARTESIAN_POINT('',(1.833140231912E-02,7.557597976358));
#1526 = CARTESIAN_POINT('',(1.796864991589E-02,7.563608725399));
#1527 = CARTESIAN_POINT('',(1.761667215947E-02,7.568537095379));
#1528 = CARTESIAN_POINT('',(1.726900288528E-02,7.572947650065));
#1529 = CARTESIAN_POINT('',(1.69287687903E-02,7.576617795694));
#1530 = CARTESIAN_POINT('',(1.659009379808E-02,7.580044253588));
#1531 = CARTESIAN_POINT('',(1.625931456917E-02,7.582740888994));
#1532 = CARTESIAN_POINT('',(1.592924619198E-02,7.585302984288));
#1533 = CARTESIAN_POINT('',(1.560594279573E-02,7.587264374088));
#1534 = CARTESIAN_POINT('',(1.528505795936E-02,7.588990521986));
#1535 = CARTESIAN_POINT('',(1.496899853185E-02,7.59030619144));
#1536 = CARTESIAN_POINT('',(1.465680690328E-02,7.591305250458));
#1537 = CARTESIAN_POINT('',(1.434886759926E-02,7.591974391172));
#1538 = CARTESIAN_POINT('',(1.366232549263E-02,7.592773899624));
#1539 = CARTESIAN_POINT('',(1.328625575055E-02,7.592717650336));
#1540 = CARTESIAN_POINT('',(1.291724184328E-02,7.592177880057));
#1541 = CARTESIAN_POINT('',(1.255555121884E-02,7.5911698291));
#1542 = CARTESIAN_POINT('',(1.220148917818E-02,7.58970595752));
#1543 = CARTESIAN_POINT('',(1.185539747792E-02,7.58779655474));
#1544 = CARTESIAN_POINT('',(1.151765293204E-02,7.585450347328));
#1545 = CARTESIAN_POINT('',(1.118866601511E-02,7.582675109427));
#1546 = CARTESIAN_POINT('',(1.086887946366E-02,7.579478269976));
#1547 = CARTESIAN_POINT('',(1.05587668794E-02,7.575867523215));
#1548 = CARTESIAN_POINT('',(1.025883133093E-02,7.571851436353));
#1549 = CARTESIAN_POINT('',(9.969603956449E-03,7.567440059288));
#1550 = CARTESIAN_POINT('',(9.278041237317E-03,7.555511368189));
#1551 = CARTESIAN_POINT('',(8.889306167399E-03,7.547525071771));
#1552 = CARTESIAN_POINT('',(8.527255415585E-03,7.538712613769));
#1553 = CARTESIAN_POINT('',(8.193848682479E-03,7.52911078999));
#1554 = CARTESIAN_POINT('',(7.891114690592E-03,7.518767095692));
#1555 = CARTESIAN_POINT('',(7.621078563589E-03,7.507739597439));
#1556 = CARTESIAN_POINT('',(7.385689208106E-03,7.496096807938));
#1557 = CARTESIAN_POINT('',(7.186746691824E-03,7.483917556601));
#1558 = CARTESIAN_POINT('',(7.025829626105E-03,7.471290865224));
#1559 = CARTESIAN_POINT('',(6.904222543946E-03,7.458315818511));
#1560 = CARTESIAN_POINT('',(6.822843281987E-03,7.44510143898));
#1561 = CARTESIAN_POINT('',(6.782170359566E-03,7.431766558731));
#1562 = CARTESIAN_POINT('',(6.782170359568E-03,7.418439693094));
#1563 = ( GEOMETRIC_REPRESENTATION_CONTEXT(2) 
PARAMETRIC_REPRESENTATION_CONTEXT() REPRESENTATION_CONTEXT('2D SPACE',''
  ) );
#1564 = PCURVE('',#1565,#1680);
#1565 = ( BOUNDED_SURFACE() B_SPLINE_SURFACE(2,13,(
    (#1566,#1567,#1568,#1569,#1570,#1571,#1572,#1573,#1574,#1575,#1576
      ,#1577,#1578,#1579,#1580,#1581,#1582,#1583,#1584,#1585,#1586,#1587
      ,#1588,#1589,#1590,#1591,#1592,#1593,#1594,#1595,#1596,#1597,#1598
      ,#1599,#1600,#1601,#1602,#1603)
    ,(#1604,#1605,#1606,#1607,#1608,#1609,#1610,#1611,#1612,#1613,#1614
      ,#1615,#1616,#1617,#1618,#1619,#1620,#1621,#1622,#1623,#1624,#1625
      ,#1626,#1627,#1628,#1629,#1630,#1631,#1632,#1633,#1634,#1635,#1636
      ,#1637,#1638,#1639,#1640,#1641)
    ,(#1642,#1643,#1644,#1645,#1646,#1647,#1648,#1649,#1650,#1651,#1652
      ,#1653,#1654,#1655,#1656,#1657,#1658,#1659,#1660,#1661,#1662,#1663
      ,#1664,#1665,#1666,#1667,#1668,#1669,#1670,#1671,#1672,#1673,#1674
      ,#1675,#1676,#1677,#1678,#1679
)),.UNSPECIFIED.,.F.,.F.,.F.) B_SPLINE_SURFACE_WITH_KNOTS((3,3),(14,12,
    12,14),(0.,1.004298167684),(66.947199063298,67.189938209025,
    67.496033374143,67.951497230982),.UNSPECIFIED.) 
GEOMETRIC_REPRESENTATION_ITEM() RATIONAL_B_SPLINE_SURFACE((
    (1.,1.,1.000000000001,0.999999999998,1.000000000004,0.999999999995
      ,1.000000000006,0.999999999995,1.000000000004,0.999999999998
      ,1.000000000001,1.,1.,1.,1.,0.999999999999,1.000000000003
      ,0.999999999996,1.000000000005,0.999999999995,1.000000000004
      ,0.999999999998,1.000000000001,1.,1.,1.,0.999999999999
      ,1.000000000003,0.999999999993,1.000000000011,0.999999999986
      ,1.000000000014,0.999999999988,1.000000000007,0.999999999996
      ,1.000000000001,1.,1.)
    ,(0.696226643971,0.726696570595,0.742096865517,0.762961286476
      ,0.768709305198,0.791414986346,0.79057778426,0.810950169081
      ,0.81308687139,0.825304599551,0.831949808871,0.839763565189
      ,0.846761759189,0.861750641918,0.869466543841,0.876615659731
      ,0.883260984439,0.889453420305,0.895233582245,0.900633602785
      ,0.905678937171,0.910390168387,0.914784812264,0.918879122515
      ,0.92268989582,0.931513225308,0.93619854437,0.940333861894
      ,0.9439564782,0.947099421168,0.949791501046,0.952057365692
      ,0.953917555192,0.955388557231,0.956482861699,0.957209015955
      ,0.957571679612,0.957571679612)
    ,(1.,1.,1.000000000001,0.999999999998,1.000000000004,0.999999999995
      ,1.000000000006,0.999999999995,1.000000000004,0.999999999998
      ,1.000000000001,1.,1.,1.,1.,0.999999999999,1.000000000003
      ,0.999999999996,1.000000000005,0.999999999995,1.000000000004
      ,0.999999999998,1.000000000001,1.,1.,1.,0.999999999999
      ,1.000000000003,0.999999999993,1.000000000011,0.999999999986
      ,1.000000000014,0.999999999988,1.000000000007,0.999999999996
,1.000000000001,1.,1.))) REPRESENTATION_ITEM('') SURFACE() );
#1566 = CARTESIAN_POINT('',(-7.557597976358,23.941122934796,
    5.054917676045));
#1567 = CARTESIAN_POINT('',(-7.5636087254,23.954579265057,5.063602375926
    ));
#1568 = CARTESIAN_POINT('',(-7.568537095375,23.967632496405,
    5.072034406096));
#1569 = CARTESIAN_POINT('',(-7.572947650075,23.980522816288,
    5.080368065969));
#1570 = CARTESIAN_POINT('',(-7.576617795678,23.993134294833,
    5.088528409415));
#1571 = CARTESIAN_POINT('',(-7.580044253607,24.005685143943,
    5.096655742975));
#1572 = CARTESIAN_POINT('',(-7.582740888977,24.017940280945,
    5.104598393492));
#1573 = CARTESIAN_POINT('',(-7.585302984299,24.030166481946,
    5.112527983143));
#1574 = CARTESIAN_POINT('',(-7.587264374082,24.04213915167,
    5.120299592817));
#1575 = CARTESIAN_POINT('',(-7.588990521989,24.054019714599,
    5.128016977981));
#1576 = CARTESIAN_POINT('',(-7.590306191439,24.065718949964,
    5.135622418573));
#1577 = CARTESIAN_POINT('',(-7.591305250458,24.07727251259,
    5.143138634053));
#1578 = CARTESIAN_POINT('',(-7.591974391171,24.088666248571,
    5.150556246296));
#1579 = CARTESIAN_POINT('',(-7.592773899625,24.114062900647,
    5.167101841528));
#1580 = CARTESIAN_POINT('',(-7.592717650331,24.127970694297,
    5.176170956368));
#1581 = CARTESIAN_POINT('',(-7.59217788007,24.141613869059,
    5.185075559434));
#1582 = CARTESIAN_POINT('',(-7.591169829072,24.154982758226,
    5.193808852108));
#1583 = CARTESIAN_POINT('',(-7.589705957564,24.168066304901,
    5.202363108817));
#1584 = CARTESIAN_POINT('',(-7.587796554682,24.180852114087,
    5.210729710158));
#1585 = CARTESIAN_POINT('',(-7.585450347388,24.193326504737,
    5.218899176005));
#1586 = CARTESIAN_POINT('',(-7.582675109377,24.205474561867,
    5.226861198637));
#1587 = CARTESIAN_POINT('',(-7.579478270008,24.217280188594,
    5.234604675844));
#1588 = CARTESIAN_POINT('',(-7.575867523199,24.228726158247,
    5.242117744058));
#1589 = CARTESIAN_POINT('',(-7.571851436358,24.239794166418,
    5.249387811457));
#1590 = CARTESIAN_POINT('',(-7.567440059287,24.250464883053,
    5.256401591093));
#1591 = CARTESIAN_POINT('',(-7.555511368188,24.275974456705,
    5.273179399205));
#1592 = CARTESIAN_POINT('',(-7.547525071777,24.290309185015,
    5.282617211879));
#1593 = CARTESIAN_POINT('',(-7.538712613749,24.303655983903,
    5.291413153567));
#1594 = CARTESIAN_POINT('',(-7.529110790034,24.315943486509,
    5.299518277143));
#1595 = CARTESIAN_POINT('',(-7.51876709562,24.327097809702,
    5.306881919123));
#1596 = CARTESIAN_POINT('',(-7.50773959753,24.337045199089,
    5.313453511966));
#1597 = CARTESIAN_POINT('',(-7.496096807847,24.345714674059,
    5.319184396365));
#1598 = CARTESIAN_POINT('',(-7.483917556675,24.353040672791,
    5.324029633571));
#1599 = CARTESIAN_POINT('',(-7.471290865177,24.358965697293,
    5.327949817665));
#1600 = CARTESIAN_POINT('',(-7.458315818535,24.363442958419,
    5.330912887886));
#1601 = CARTESIAN_POINT('',(-7.445101438971,24.366439020899,
    5.332895940916));
#1602 = CARTESIAN_POINT('',(-7.431766558733,24.367936448361,
    5.333887043189));
#1603 = CARTESIAN_POINT('',(-7.418439693094,24.367936448361,
    5.333887043189));
#1604 = CARTESIAN_POINT('',(-8.448261849962,24.377476521224,
    5.336539772593));
#1605 = CARTESIAN_POINT('',(-8.376122345029,24.362575067015,
    5.327137211599));
#1606 = CARTESIAN_POINT('',(-8.338723035646,24.364197591906,
    5.328380892579));
#1607 = CARTESIAN_POINT('',(-8.292053840224,24.360199885248,
    5.325990610742));
#1608 = CARTESIAN_POINT('',(-8.274705815366,24.371318461129,
    5.333357089204));
#1609 = CARTESIAN_POINT('',(-8.22725798947,24.365329831001,
    5.329670825883));
#1610 = CARTESIAN_POINT('',(-8.221408888148,24.382327481771,
    5.340836367065));
#1611 = CARTESIAN_POINT('',(-8.179712079181,24.378220294679,
    5.338359418134));
#1612 = CARTESIAN_POINT('',(-8.168367353654,24.391644597871,
    5.347217837504));
#1613 = CARTESIAN_POINT('',(-8.140868418919,24.394963618927,
    5.349540333234));
#1614 = CARTESIAN_POINT('',(-8.122201427335,24.40339970949,
    5.355173595364));
#1615 = CARTESIAN_POINT('',(-8.101742020802,24.410392113243,
    5.359872760203));
#1616 = CARTESIAN_POINT('',(-8.082486517516,24.417860364776,
    5.364880144344));
#1617 = CARTESIAN_POINT('',(-8.040479840766,24.43466698309,
    5.376147108415));
#1618 = CARTESIAN_POINT('',(-8.018005104989,24.44410733566,
    5.382473434587));
#1619 = CARTESIAN_POINT('',(-7.996143264264,24.453603332631,
    5.388836366413));
#1620 = CARTESIAN_POINT('',(-7.974769445364,24.463084907514,
    5.39519017092));
#1621 = CARTESIAN_POINT('',(-7.953785743993,24.472494052286,
    5.401496828233));
#1622 = CARTESIAN_POINT('',(-7.933115818755,24.481782949601,
    5.407724842333));
#1623 = CARTESIAN_POINT('',(-7.912700296313,24.49091219288,
    5.413848105129));
#1624 = CARTESIAN_POINT('',(-7.892492827226,24.499849043214,
    5.419844781138));
#1625 = CARTESIAN_POINT('',(-7.87245667777,24.508565689703,
    5.425696191274));
#1626 = CARTESIAN_POINT('',(-7.85256177456,24.517037492188,5.43138568242
    ));
#1627 = CARTESIAN_POINT('',(-7.832782140582,24.525241193946,
    5.436897474808));
#1628 = CARTESIAN_POINT('',(-7.813093676645,24.533153097946,
    5.44221548338));
#1629 = CARTESIAN_POINT('',(-7.764552493021,24.551940060654,
    5.454848706123));
#1630 = CARTESIAN_POINT('',(-7.735716066489,24.562475274624,
    5.461938019145));
#1631 = CARTESIAN_POINT('',(-7.706923478406,24.572279119213,
    5.468539701368));
#1632 = CARTESIAN_POINT('',(-7.678145230643,24.581284663725,
    5.47460780752));
#1633 = CARTESIAN_POINT('',(-7.649360569714,24.58943187118,
    5.480100920034));
#1634 = CARTESIAN_POINT('',(-7.620556366055,24.596667738809,
    5.484982300195));
#1635 = CARTESIAN_POINT('',(-7.591726096199,24.602946465904,
    5.489220056842));
#1636 = CARTESIAN_POINT('',(-7.562868905253,24.608229635449,
    5.492787324097));
#1637 = CARTESIAN_POINT('',(-7.533988732555,24.612486398674,
    5.495662440997));
#1638 = CARTESIAN_POINT('',(-7.505093487107,24.615693653969,
    5.497829127739));
#1639 = CARTESIAN_POINT('',(-7.476194263009,24.617836213879,
    5.499276654438));
#1640 = CARTESIAN_POINT('',(-7.447304587083,24.61890695604,5.5));
#1641 = CARTESIAN_POINT('',(-7.418439693094,24.61890695604,5.5));
#1642 = CARTESIAN_POINT('',(-8.417830520113,24.927626616641,
    4.465100503298));
#1643 = CARTESIAN_POINT('',(-8.420828627403,24.903831977984,
    4.550955063021));
#1644 = CARTESIAN_POINT('',(-8.414703496289,24.896746510802,
    4.602382812976));
#1645 = CARTESIAN_POINT('',(-8.410673900064,24.883418961258,
    4.665648551866));
#1646 = CARTESIAN_POINT('',(-8.397891361653,24.88680991592,
    4.694570593529));
#1647 = CARTESIAN_POINT('',(-8.393467082587,24.871114148195,
    4.761178403982));
#1648 = CARTESIAN_POINT('',(-8.37598003301,24.881521370911,
    4.774581270149));
#1649 = CARTESIAN_POINT('',(-8.369197052791,24.868085412037,
    4.835224169128));
#1650 = CARTESIAN_POINT('',(-8.352262497047,24.87481695323,
    4.854591994875));
#1651 = CARTESIAN_POINT('',(-8.340209572755,24.87011329748,
    4.896230467628));
#1652 = CARTESIAN_POINT('',(-8.324782098336,24.871436769582,
    4.925014988258));
#1653 = CARTESIAN_POINT('',(-8.30957880756,24.871261087751,
    4.956071935604));
#1654 = CARTESIAN_POINT('',(-8.293577043345,24.871796152077,
    4.984948754435));
#1655 = CARTESIAN_POINT('',(-8.256185148828,24.873477529708,
    5.04757407211));
#1656 = CARTESIAN_POINT('',(-8.234449314344,24.874810810967,
    5.080499468219));
#1657 = CARTESIAN_POINT('',(-8.211922829873,24.876446049375,
    5.111592556784));
#1658 = CARTESIAN_POINT('',(-8.188687584363,24.878305945657,
    5.140991543569));
#1659 = CARTESIAN_POINT('',(-8.164817192098,24.880327488941,
    5.168807493171));
#1660 = CARTESIAN_POINT('',(-8.140377854296,24.882459956096,
    5.195128589973));
#1661 = CARTESIAN_POINT('',(-8.115429220737,24.884662911053,
    5.220024399087));
#1662 = CARTESIAN_POINT('',(-8.090025251366,24.886904204155,
    5.243550127308));
#1663 = CARTESIAN_POINT('',(-8.064215077909,24.889157971469,
    5.265750884061));
#1664 = CARTESIAN_POINT('',(-8.03804386549,24.891402634143,
    5.286665942347));
#1665 = CARTESIAN_POINT('',(-8.011553674236,24.893618897719,
    5.306332999697));
#1666 = CARTESIAN_POINT('',(-7.984784320896,24.895787751475,
    5.324792439119));
#1667 = CARTESIAN_POINT('',(-7.91758374804,24.90101429414,5.367832401722
    ));
#1668 = CARTESIAN_POINT('',(-7.876849173293,24.903997948659,
    5.390989928789));
#1669 = CARTESIAN_POINT('',(-7.835711808233,24.906791460787,5.4116635145
    ));
#1670 = CARTESIAN_POINT('',(-7.794288689614,24.909358160685,
    5.429950661689));
#1671 = CARTESIAN_POINT('',(-7.752674551728,24.911671184524,
    5.445945228412));
#1672 = CARTESIAN_POINT('',(-7.710943779244,24.913711979847,
    5.459735623577));
#1673 = CARTESIAN_POINT('',(-7.669152360002,24.915468810853,
    5.471403002595));
#1674 = CARTESIAN_POINT('',(-7.627339837848,24.916935263796,
    5.481019463008));
#1675 = CARTESIAN_POINT('',(-7.585531265449,24.918108752242,
    5.488646240135));
#1676 = CARTESIAN_POINT('',(-7.5437391571,24.918989022473,5.494331902705
    ));
#1677 = CARTESIAN_POINT('',(-7.50196544156,24.919576658765,
    5.498110548503));
#1678 = CARTESIAN_POINT('',(-7.460203414852,24.919871588754,5.5));
#1679 = CARTESIAN_POINT('',(-7.418439693094,24.919871588754,5.5));
#1680 = DEFINITIONAL_REPRESENTATION('',(#1681),#1685);
#1681 = LINE('',#1682,#1683);
#1682 = CARTESIAN_POINT('',(0.,0.));
#1683 = VECTOR('',#1684,1.);
#1684 = DIRECTION('',(0.,1.));
#1685 = ( GEOMETRIC_REPRESENTATION_CONTEXT(2) 
PARAMETRIC_REPRESENTATION_CONTEXT() REPRESENTATION_CONTEXT('2D SPACE',''
  ) );
#1686 = ORIENTED_EDGE('',*,*,#1687,.T.);
#1687 = EDGE_CURVE('',#1480,#1688,#1690,.T.);
#1688 = VERTEX_POINT('',#1689);
#1689 = CARTESIAN_POINT('',(7.418439693094,24.367936448361,
    5.333887043189));
#1690 = SURFACE_CURVE('',#1691,(#1695,#1702),.PCURVE_S1.);
#1691 = LINE('',#1692,#1693);
#1692 = CARTESIAN_POINT('',(-7.418439693094,24.367936448361,
    5.333887043189));
#1693 = VECTOR('',#1694,1.);
#1694 = DIRECTION('',(1.,-3.264449877387E-17,-2.192665270573E-17));
#1695 = PCURVE('',#93,#1696);
#1696 = DEFINITIONAL_REPRESENTATION('',(#1697),#1701);
#1697 = LINE('',#1698,#1699);
#1698 = CARTESIAN_POINT('',(6.782170359568E-03,7.418439693094));
#1699 = VECTOR('',#1700,1.);
#1700 = DIRECTION('',(-0.,-1.));
#1701 = ( GEOMETRIC_REPRESENTATION_CONTEXT(2) 
PARAMETRIC_REPRESENTATION_CONTEXT() REPRESENTATION_CONTEXT('2D SPACE',''
  ) );
#1702 = PCURVE('',#1703,#1708);
#1703 = CYLINDRICAL_SURFACE('',#1704,1.);
#1704 = AXIS2_PLACEMENT_3D('',#1705,#1706,#1707);
#1705 = CARTESIAN_POINT('',(-7.418439693094,24.919871588754,4.5));
#1706 = DIRECTION('',(1.,-3.264449877387E-17,-2.192665270573E-17));
#1707 = DIRECTION('',(2.667055779957E-19,-0.551935140393,0.833887043189)
  );
#1708 = DEFINITIONAL_REPRESENTATION('',(#1709),#1713);
#1709 = LINE('',#1710,#1711);
#1710 = CARTESIAN_POINT('',(-0.,0.));
#1711 = VECTOR('',#1712,1.);
#1712 = DIRECTION('',(-0.,1.));
#1713 = ( GEOMETRIC_REPRESENTATION_CONTEXT(2) 
PARAMETRIC_REPRESENTATION_CONTEXT() REPRESENTATION_CONTEXT('2D SPACE',''
  ) );
#1714 = ORIENTED_EDGE('',*,*,#1715,.T.);
#1715 = EDGE_CURVE('',#1688,#1716,#1718,.T.);
#1716 = VERTEX_POINT('',#1717);
#1717 = CARTESIAN_POINT('',(7.557595792542,23.94112624168,5.054919810304
    ));
#1718 = SURFACE_CURVE('',#1719,(#1758,#1800),.PCURVE_S1.);
#1719 = ( BOUNDED_CURVE() B_SPLINE_CURVE(13,(#1720,#1721,#1722,#1723,
    #1724,#1725,#1726,#1727,#1728,#1729,#1730,#1731,#1732,#1733,#1734,
    #1735,#1736,#1737,#1738,#1739,#1740,#1741,#1742,#1743,#1744,#1745,
    #1746,#1747,#1748,#1749,#1750,#1751,#1752,#1753,#1754,#1755,#1756,
#1757),.UNSPECIFIED.,.F.,.F.) B_SPLINE_CURVE_WITH_KNOTS((14,12,12,14),(
    82.788376690873,83.24384054839,83.549935713965,83.792675935756),
.UNSPECIFIED.) CURVE() GEOMETRIC_REPRESENTATION_ITEM() 
RATIONAL_B_SPLINE_CURVE((1.,1.000000000001,0.999999999998,1.000000000006
    ,0.999999999988,1.000000000018,0.999999999979,1.00000000002,
    0.999999999984,1.00000000001,0.999999999995,1.000000000002,1.,1.,1.,
    1.000000000001,0.999999999997,1.000000000004,0.999999999994,
    1.000000000006,0.999999999996,1.000000000003,0.999999999999,1.,1.,1.
    ,1.000000000001,0.999999999998,1.000000000004,0.999999999993,
    1.000000000009,0.999999999991,1.000000000007,0.999999999996,
1.000000000002,0.999999999999,1.,1.)) REPRESENTATION_ITEM('') );
#1720 = CARTESIAN_POINT('',(7.418439693094,24.367936448361,
    5.333887043189));
#1721 = CARTESIAN_POINT('',(7.431766558733,24.367936448361,
    5.333887043189));
#1722 = CARTESIAN_POINT('',(7.445101627708,24.366438721509,
    5.332895743383));
#1723 = CARTESIAN_POINT('',(7.458316027075,24.363442438837,
    5.330912545146));
#1724 = CARTESIAN_POINT('',(7.47129079991,24.358965220374,5.327949503223
    ));
#1725 = CARTESIAN_POINT('',(7.483916971848,24.35304053296,5.32402954171)
  );
#1726 = CARTESIAN_POINT('',(7.496095617608,24.345715088055,
    5.319184670043));
#1727 = CARTESIAN_POINT('',(7.507737927532,24.337046239557,
    5.313454198979));
#1728 = CARTESIAN_POINT('',(7.518765274114,24.327099381607,
    5.306882956585));
#1729 = CARTESIAN_POINT('',(7.529109278533,24.315945346409,
    5.299519504221));
#1730 = CARTESIAN_POINT('',(7.538711877185,24.303657802035,
    5.291414352525));
#1731 = CARTESIAN_POINT('',(7.547525388215,24.290310650243,
    5.282618177399));
#1732 = CARTESIAN_POINT('',(7.555512578051,24.275975424285,
    5.273180035993));
#1733 = CARTESIAN_POINT('',(7.567441244016,24.250465373461,
    5.256401913366));
#1734 = CARTESIAN_POINT('',(7.571848849566,24.239797072122,
    5.249389718042));
#1735 = CARTESIAN_POINT('',(7.575860927625,24.228731859352,5.24212148397
    ));
#1736 = CARTESIAN_POINT('',(7.579469378026,24.217287771913,
    5.234609649428));
#1737 = CARTESIAN_POINT('',(7.582666328553,24.205482573673,5.22686645177
    ));
#1738 = CARTESIAN_POINT('',(7.585443846078,24.193333522579,
    5.218903775464));
#1739 = CARTESIAN_POINT('',(7.58779364774,24.180857137658,5.210733000146
    ));
#1740 = CARTESIAN_POINT('',(7.589706812067,24.168068965975,
    5.202364848657));
#1741 = CARTESIAN_POINT('',(7.591173490161,24.15498334965,5.1938092351)
  );
#1742 = CARTESIAN_POINT('',(7.592182616823,24.141613192806,
    5.185075112874));
#1743 = CARTESIAN_POINT('',(7.592721621728,24.127969728582,
    5.176170322728));
#1744 = CARTESIAN_POINT('',(7.592776140563,24.114062286101,
    5.167101440801));
#1745 = CARTESIAN_POINT('',(7.591975709736,24.08866551154,5.150555766413
    ));
#1746 = CARTESIAN_POINT('',(7.591306138261,24.077271716303,5.14313811593
    ));
#1747 = CARTESIAN_POINT('',(7.590306559095,24.065718162359,
    5.135621906513));
#1748 = CARTESIAN_POINT('',(7.588990196915,24.054019101473,
    5.128016579933));
#1749 = CARTESIAN_POINT('',(7.58726324149,24.042138957286,5.120299467347
    ));
#1750 = CARTESIAN_POINT('',(7.585301072403,24.030166828156,
    5.112528208761));
#1751 = CARTESIAN_POINT('',(7.582738539488,24.017941163278,
    5.104598966235));
#1752 = CARTESIAN_POINT('',(7.580041682671,24.005686367596,
    5.096656536188));
#1753 = CARTESIAN_POINT('',(7.576615288713,23.993135779316,
    5.088529370721));
#1754 = CARTESIAN_POINT('',(7.572945185157,23.980524519464,
    5.080369168163));
#1755 = CARTESIAN_POINT('',(7.568534711562,23.967634559863,
    5.072035740396));
#1756 = CARTESIAN_POINT('',(7.563606385231,23.954581850463,
    5.063604046243));
#1757 = CARTESIAN_POINT('',(7.557595792542,23.94112624168,5.054919810304
    ));
#1758 = PCURVE('',#93,#1759);
#1759 = DEFINITIONAL_REPRESENTATION('',(#1760),#1799);
#1760 = B_SPLINE_CURVE_WITH_KNOTS('',13,(#1761,#1762,#1763,#1764,#1765,
    #1766,#1767,#1768,#1769,#1770,#1771,#1772,#1773,#1774,#1775,#1776,
    #1777,#1778,#1779,#1780,#1781,#1782,#1783,#1784,#1785,#1786,#1787,
    #1788,#1789,#1790,#1791,#1792,#1793,#1794,#1795,#1796,#1797,#1798),
  .UNSPECIFIED.,.F.,.F.,(14,12,12,14),(82.788376690873,83.24384054839,
    83.549935713965,83.792675935756),.UNSPECIFIED.);
#1761 = CARTESIAN_POINT('',(6.782170359568E-03,-7.418439693094));
#1762 = CARTESIAN_POINT('',(6.782170359571E-03,-7.431766558736));
#1763 = CARTESIAN_POINT('',(6.822851406152E-03,-7.445101627691));
#1764 = CARTESIAN_POINT('',(6.904236642376E-03,-7.458316027119));
#1765 = CARTESIAN_POINT('',(7.025842564812E-03,-7.471290799827));
#1766 = CARTESIAN_POINT('',(7.186750481451E-03,-7.48391697197));
#1767 = CARTESIAN_POINT('',(7.385677967192E-03,-7.496095617466));
#1768 = CARTESIAN_POINT('',(7.621050323227E-03,-7.507737927663));
#1769 = CARTESIAN_POINT('',(7.891072031221E-03,-7.518765274015));
#1770 = CARTESIAN_POINT('',(8.193798213338E-03,-7.529109278591));
#1771 = CARTESIAN_POINT('',(8.527206086711E-03,-7.538711877157));
#1772 = CARTESIAN_POINT('',(8.889266422391E-03,-7.547525388224));
#1773 = CARTESIAN_POINT('',(9.278015001239E-03,-7.555512578049));
#1774 = CARTESIAN_POINT('',(9.969590664914E-03,-7.567441244016));
#1775 = CARTESIAN_POINT('',(1.025875261367E-02,-7.571848849564));
#1776 = CARTESIAN_POINT('',(1.0558612444E-02,-7.57586092763));
#1777 = CARTESIAN_POINT('',(1.086867405467E-02,-7.579469378016));
#1778 = CARTESIAN_POINT('',(1.118844901805E-02,-7.582666328571));
#1779 = CARTESIAN_POINT('',(1.151746288046E-02,-7.585443846055));
#1780 = CARTESIAN_POINT('',(1.185526146383E-02,-7.587793647762));
#1781 = CARTESIAN_POINT('',(1.220141716541E-02,-7.58970681205));
#1782 = CARTESIAN_POINT('',(1.255553525977E-02,-7.59117349017));
#1783 = CARTESIAN_POINT('',(1.291726019858E-02,-7.59218261682));
#1784 = CARTESIAN_POINT('',(1.328628191217E-02,-7.592721621729));
#1785 = CARTESIAN_POINT('',(1.366234210995E-02,-7.592776140563));
#1786 = CARTESIAN_POINT('',(1.434888751976E-02,-7.591975709735));
#1787 = CARTESIAN_POINT('',(1.465682842112E-02,-7.591306138265));
#1788 = CARTESIAN_POINT('',(1.496901980991E-02,-7.590306559082));
#1789 = CARTESIAN_POINT('',(1.528507451671E-02,-7.588990196941));
#1790 = CARTESIAN_POINT('',(1.56059480359E-02,-7.587263241449));
#1791 = CARTESIAN_POINT('',(1.592923683235E-02,-7.585301072452));
#1792 = CARTESIAN_POINT('',(1.625929074284E-02,-7.582738539442));
#1793 = CARTESIAN_POINT('',(1.659006076865E-02,-7.580041682706));
#1794 = CARTESIAN_POINT('',(1.692872873223E-02,-7.576615288693));
#1795 = CARTESIAN_POINT('',(1.726895693508E-02,-7.572945185167));
#1796 = CARTESIAN_POINT('',(1.761661650197E-02,-7.568534711559));
#1797 = CARTESIAN_POINT('',(1.796858019829E-02,-7.563606385231));
#1798 = CARTESIAN_POINT('',(1.833131317298E-02,-7.557595792542));
#1799 = ( GEOMETRIC_REPRESENTATION_CONTEXT(2) 
PARAMETRIC_REPRESENTATION_CONTEXT() REPRESENTATION_CONTEXT('2D SPACE',''
  ) );
#1800 = PCURVE('',#1801,#1916);
#1801 = ( BOUNDED_SURFACE() B_SPLINE_SURFACE(2,13,(
    (#1802,#1803,#1804,#1805,#1806,#1807,#1808,#1809,#1810,#1811,#1812
      ,#1813,#1814,#1815,#1816,#1817,#1818,#1819,#1820,#1821,#1822,#1823
      ,#1824,#1825,#1826,#1827,#1828,#1829,#1830,#1831,#1832,#1833,#1834
      ,#1835,#1836,#1837,#1838,#1839)
    ,(#1840,#1841,#1842,#1843,#1844,#1845,#1846,#1847,#1848,#1849,#1850
      ,#1851,#1852,#1853,#1854,#1855,#1856,#1857,#1858,#1859,#1860,#1861
      ,#1862,#1863,#1864,#1865,#1866,#1867,#1868,#1869,#1870,#1871,#1872
      ,#1873,#1874,#1875,#1876,#1877)
    ,(#1878,#1879,#1880,#1881,#1882,#1883,#1884,#1885,#1886,#1887,#1888
      ,#1889,#1890,#1891,#1892,#1893,#1894,#1895,#1896,#1897,#1898,#1899
      ,#1900,#1901,#1902,#1903,#1904,#1905,#1906,#1907,#1908,#1909,#1910
      ,#1911,#1912,#1913,#1914,#1915
)),.UNSPECIFIED.,.F.,.F.,.F.) B_SPLINE_SURFACE_WITH_KNOTS((3,3),(14,12,
    12,14),(0.,1.004299244883),(82.788376690873,83.24384054839,
    83.549935713965,83.792675935756),.UNSPECIFIED.) 
GEOMETRIC_REPRESENTATION_ITEM() RATIONAL_B_SPLINE_SURFACE((
    (1.,1.000000000001,0.999999999998,1.000000000006,0.999999999988
      ,1.000000000018,0.999999999979,1.00000000002,0.999999999984
      ,1.00000000001,0.999999999995,1.000000000002,1.,1.,1.
      ,1.000000000001,0.999999999997,1.000000000004,0.999999999994
      ,1.000000000006,0.999999999996,1.000000000003,0.999999999999,1.,1.
      ,1.,1.000000000001,0.999999999998,1.000000000004,0.999999999993
      ,1.000000000009,0.999999999991,1.000000000007,0.999999999996
      ,1.000000000002,0.999999999999,1.,1.)
    ,(0.957571679612,0.957571679612,0.957208954278,0.956482737583
      ,0.955388409432,0.953917443453,0.952057354408,0.949791646234
      ,0.947099759224,0.943957018194,0.940334579695,0.936199380005
      ,0.931514082586,0.922690571988,0.918879398869,0.914784769681
      ,0.910390088391,0.905679139834,0.900634329705,0.895234924719
      ,0.88945529253,0.883263141937,0.876617762809,0.869468266234
      ,0.861751824524,0.846762315601,0.83976379337,0.831949777455
      ,0.825303721041,0.81308670442,0.810947391321,0.790577980503
      ,0.791411482285,0.768708984201,0.7629587603,0.742095802596
      ,0.726694945779,0.696226555553)
    ,(1.,1.000000000001,0.999999999998,1.000000000006,0.999999999988
      ,1.000000000018,0.999999999979,1.00000000002,0.999999999984
      ,1.00000000001,0.999999999995,1.000000000002,1.,1.,1.
      ,1.000000000001,0.999999999997,1.000000000004,0.999999999994
      ,1.000000000006,0.999999999996,1.000000000003,0.999999999999,1.,1.
      ,1.,1.000000000001,0.999999999998,1.000000000004,0.999999999993
      ,1.000000000009,0.999999999991,1.000000000007,0.999999999996
,1.000000000002,0.999999999999,1.,1.
  ))) REPRESENTATION_ITEM('') SURFACE() );
#1802 = CARTESIAN_POINT('',(7.418439693094,24.367936448361,
    5.333887043189));
#1803 = CARTESIAN_POINT('',(7.431766558733,24.367936448361,
    5.333887043189));
#1804 = CARTESIAN_POINT('',(7.445101627708,24.366438721509,
    5.332895743383));
#1805 = CARTESIAN_POINT('',(7.458316027075,24.363442438837,
    5.330912545146));
#1806 = CARTESIAN_POINT('',(7.47129079991,24.358965220374,5.327949503223
    ));
#1807 = CARTESIAN_POINT('',(7.483916971848,24.35304053296,5.32402954171)
  );
#1808 = CARTESIAN_POINT('',(7.496095617608,24.345715088055,
    5.319184670043));
#1809 = CARTESIAN_POINT('',(7.507737927532,24.337046239557,
    5.313454198979));
#1810 = CARTESIAN_POINT('',(7.518765274114,24.327099381607,
    5.306882956585));
#1811 = CARTESIAN_POINT('',(7.529109278533,24.315945346409,
    5.299519504221));
#1812 = CARTESIAN_POINT('',(7.538711877185,24.303657802035,
    5.291414352525));
#1813 = CARTESIAN_POINT('',(7.547525388215,24.290310650243,
    5.282618177399));
#1814 = CARTESIAN_POINT('',(7.555512578051,24.275975424285,
    5.273180035993));
#1815 = CARTESIAN_POINT('',(7.567441244016,24.250465373461,
    5.256401913366));
#1816 = CARTESIAN_POINT('',(7.571848849566,24.239797072122,
    5.249389718042));
#1817 = CARTESIAN_POINT('',(7.575860927625,24.228731859352,5.24212148397
    ));
#1818 = CARTESIAN_POINT('',(7.579469378026,24.217287771913,
    5.234609649428));
#1819 = CARTESIAN_POINT('',(7.582666328553,24.205482573673,5.22686645177
    ));
#1820 = CARTESIAN_POINT('',(7.585443846078,24.193333522579,
    5.218903775464));
#1821 = CARTESIAN_POINT('',(7.58779364774,24.180857137658,5.210733000146
    ));
#1822 = CARTESIAN_POINT('',(7.589706812067,24.168068965975,
    5.202364848657));
#1823 = CARTESIAN_POINT('',(7.591173490161,24.15498334965,5.1938092351)
  );
#1824 = CARTESIAN_POINT('',(7.592182616823,24.141613192806,
    5.185075112874));
#1825 = CARTESIAN_POINT('',(7.592721621728,24.127969728582,
    5.176170322728));
#1826 = CARTESIAN_POINT('',(7.592776140563,24.114062286101,
    5.167101440801));
#1827 = CARTESIAN_POINT('',(7.591975709736,24.08866551154,5.150555766413
    ));
#1828 = CARTESIAN_POINT('',(7.591306138261,24.077271716303,5.14313811593
    ));
#1829 = CARTESIAN_POINT('',(7.590306559095,24.065718162359,
    5.135621906513));
#1830 = CARTESIAN_POINT('',(7.588990196915,24.054019101473,
    5.128016579933));
#1831 = CARTESIAN_POINT('',(7.58726324149,24.042138957286,5.120299467347
    ));
#1832 = CARTESIAN_POINT('',(7.585301072403,24.030166828156,
    5.112528208761));
#1833 = CARTESIAN_POINT('',(7.582738539488,24.017941163278,
    5.104598966235));
#1834 = CARTESIAN_POINT('',(7.580041682671,24.005686367596,
    5.096656536188));
#1835 = CARTESIAN_POINT('',(7.576615288713,23.993135779316,
    5.088529370721));
#1836 = CARTESIAN_POINT('',(7.572945185157,23.980524519464,
    5.080369168163));
#1837 = CARTESIAN_POINT('',(7.568534711562,23.967634559863,
    5.072035740396));
#1838 = CARTESIAN_POINT('',(7.563606385231,23.954581850463,
    5.063604046243));
#1839 = CARTESIAN_POINT('',(7.557595792542,23.94112624168,5.054919810304
    ));
#1840 = CARTESIAN_POINT('',(7.418439693094,24.61890695604,5.5));
#1841 = CARTESIAN_POINT('',(7.447304587084,24.61890695604,5.5));
#1842 = CARTESIAN_POINT('',(7.476194929844,24.617836009176,
    5.499276516299));
#1843 = CARTESIAN_POINT('',(7.505094663521,24.615693296327,
    5.497828886474));
#1844 = CARTESIAN_POINT('',(7.533989843581,24.612486066104,
    5.495662216804));
#1845 = CARTESIAN_POINT('',(7.562869279082,24.608229530812,
    5.492787253866));
#1846 = CARTESIAN_POINT('',(7.591725200291,24.602946743655,
    5.489220244702));
#1847 = CARTESIAN_POINT('',(7.620553958796,24.596668459464,5.48498278676
    ));
#1848 = CARTESIAN_POINT('',(7.649356767109,24.589432983354,
    5.480101670337));
#1849 = CARTESIAN_POINT('',(7.678140487037,24.581286013909,5.47460871764
    ));
#1850 = CARTESIAN_POINT('',(7.706918479386,24.572280489718,
    5.468540624148));
#1851 = CARTESIAN_POINT('',(7.735711531215,24.562476450559,
    5.461938809497));
#1852 = CARTESIAN_POINT('',(7.764548882153,24.551940927181,
    5.454849286827));
#1853 = CARTESIAN_POINT('',(7.813091302624,24.533153636064,
    5.442215842419));
#1854 = CARTESIAN_POINT('',(7.832779192091,24.525243171769,
    5.436898805424));
#1855 = CARTESIAN_POINT('',(7.852557825704,24.517041148943,
    5.431388145787));
#1856 = CARTESIAN_POINT('',(7.872451731279,24.508570488269,
    5.425699424552));
#1857 = CARTESIAN_POINT('',(7.892487139174,24.499854119239,
    5.419848200692));
#1858 = CARTESIAN_POINT('',(7.912694242519,24.490916695982,
    5.413851136918));
#1859 = CARTESIAN_POINT('',(7.933109797715,24.48178627719,5.407727079746
    ));
#1860 = CARTESIAN_POINT('',(7.953780111186,24.472495976261,
    5.401498117667));
#1861 = CARTESIAN_POINT('',(7.97476447365,24.463085593669,5.395190624814
    ));
#1862 = CARTESIAN_POINT('',(7.996139124892,24.453603251997,5.38883630337
    ));
#1863 = CARTESIAN_POINT('',(8.018001863277,24.444107066133,
    5.382473245302));
#1864 = CARTESIAN_POINT('',(8.040477459758,24.434666898244,
    5.376147045393));
#1865 = CARTESIAN_POINT('',(8.082485543226,24.417860104989,
    5.364879965781));
#1866 = CARTESIAN_POINT('',(8.101741784434,24.410391762676,
    5.359872521693));
#1867 = CARTESIAN_POINT('',(8.122201841314,24.403399161732,
    5.355173229012));
#1868 = CARTESIAN_POINT('',(8.140870367119,24.394963471494,
    5.349540228174));
#1869 = CARTESIAN_POINT('',(8.168368346134,24.39164339049,5.34721705295)
  );
#1870 = CARTESIAN_POINT('',(8.179717328194,24.378221502852,
    5.338360203444));
#1871 = CARTESIAN_POINT('',(8.221409245681,24.382325686635,
    5.340835219444));
#1872 = CARTESIAN_POINT('',(8.227264594064,24.365331899058,
    5.329672179701));
#1873 = CARTESIAN_POINT('',(8.274706846513,24.371317557682,
    5.333356528336));
#1874 = CARTESIAN_POINT('',(8.292058853155,24.36020158083,5.325991731586
    ));
#1875 = CARTESIAN_POINT('',(8.33872527728,24.364198178858,5.328381304043
    ));
#1876 = CARTESIAN_POINT('',(8.376125687934,24.362576764632,
    5.327138348069));
#1877 = CARTESIAN_POINT('',(8.448261864026,24.377477059835,
    5.336540175315));
#1878 = CARTESIAN_POINT('',(7.418439693094,24.919871588754,5.5));
#1879 = CARTESIAN_POINT('',(7.460203414852,24.919871588754,5.5));
#1880 = CARTESIAN_POINT('',(7.501966521393,24.919576588233,
    5.498110212965));
#1881 = CARTESIAN_POINT('',(7.543741148558,24.918988911375,
    5.494331251208));
#1882 = CARTESIAN_POINT('',(7.585533337425,24.918108673217,
    5.488645505256));
#1883 = CARTESIAN_POINT('',(7.627340964376,24.916935288255,5.48101897109
    ));
#1884 = CARTESIAN_POINT('',(7.669151671164,24.915468979118,
    5.471403077431));
#1885 = CARTESIAN_POINT('',(7.710940794962,24.913712285148,
    5.459736512958));
#1886 = CARTESIAN_POINT('',(7.752669298464,24.911671571093,
    5.445947053613));
#1887 = CARTESIAN_POINT('',(7.794281699893,24.90935853568,5.429953389809
    ));
#1888 = CARTESIAN_POINT('',(7.835704003132,24.906791720303,
    5.411666953731));
#1889 = CARTESIAN_POINT('',(7.876841627728,24.903998017613,
    5.390993746565));
#1890 = CARTESIAN_POINT('',(7.917577339001,24.901014180175,
    5.367836165768));
#1891 = CARTESIAN_POINT('',(7.984780163552,24.89578759621,5.324795330741
    ));
#1892 = CARTESIAN_POINT('',(8.011550672323,24.893619927213,
    5.306334979855));
#1893 = CARTESIAN_POINT('',(8.038041499047,24.891404942869,
    5.286667431144));
#1894 = CARTESIAN_POINT('',(8.064212530715,24.889161034455,
    5.265752728964));
#1895 = CARTESIAN_POINT('',(8.090021771039,24.886907266587,
    5.243553176526));
#1896 = CARTESIAN_POINT('',(8.115424364845,24.884665280064,
    5.220029201878));
#1897 = CARTESIAN_POINT('',(8.140371622459,24.882461194684,
    5.195135223893));
#1898 = CARTESIAN_POINT('',(8.164810044094,24.880327512103,5.16881551824
    ));
#1899 = CARTESIAN_POINT('',(8.188680344242,24.878305018639,
    5.141000083382));
#1900 = CARTESIAN_POINT('',(8.211916476059,24.876444688133,
    5.111600506543));
#1901 = CARTESIAN_POINT('',(8.234444655755,24.874809584763,
    5.080505829703));
#1902 = CARTESIAN_POINT('',(8.256182386982,24.873476765887,
    5.047578415569));
#1903 = CARTESIAN_POINT('',(8.293576038397,24.871795662436,
    4.984950661312));
#1904 = CARTESIAN_POINT('',(8.309578543182,24.871260739261,
    4.956072601344));
#1905 = CARTESIAN_POINT('',(8.324782603499,24.87143646148,4.925014526641
    ));
#1906 = CARTESIAN_POINT('',(8.340210524191,24.870113704317,
    4.896227533003));
#1907 = CARTESIAN_POINT('',(8.352264520155,24.874816359848,
    4.854590164993));
#1908 = CARTESIAN_POINT('',(8.369198164056,24.868087683349,
    4.835216109203));
#1909 = CARTESIAN_POINT('',(8.375982645657,24.881520251389,
    4.774579819146));
#1910 = CARTESIAN_POINT('',(8.393467604526,24.871117312636,
    4.761168692872));
#1911 = CARTESIAN_POINT('',(8.397893133202,24.886809593989,
    4.694568281157));
#1912 = CARTESIAN_POINT('',(8.410674211266,24.883421331913,
    4.665641523036));
#1913 = CARTESIAN_POINT('',(8.414704128423,24.896747435131,
    4.602379437328));
#1914 = CARTESIAN_POINT('',(8.420828481786,24.903833818674,
    4.550950893101));
#1915 = CARTESIAN_POINT('',(8.417830520113,24.927626992788,
    4.465100503298));
#1916 = DEFINITIONAL_REPRESENTATION('',(#1917),#1921);
#1917 = LINE('',#1918,#1919);
#1918 = CARTESIAN_POINT('',(0.,0.));
#1919 = VECTOR('',#1920,1.);
#1920 = DIRECTION('',(0.,1.));
#1921 = ( GEOMETRIC_REPRESENTATION_CONTEXT(2) 
PARAMETRIC_REPRESENTATION_CONTEXT() REPRESENTATION_CONTEXT('2D SPACE',''
  ) );
#1922 = ORIENTED_EDGE('',*,*,#1923,.T.);
#1923 = EDGE_CURVE('',#1716,#1924,#1926,.T.);
#1924 = VERTEX_POINT('',#1925);
#1925 = CARTESIAN_POINT('',(7.557598001031,-23.94112290017,
    5.054917653704));
#1926 = SURFACE_CURVE('',#1927,(#1963,#2149),.PCURVE_S1.);
#1927 = ( BOUNDED_CURVE() B_SPLINE_CURVE(12,(#1928,#1929,#1930,#1931,
    #1932,#1933,#1934,#1935,#1936,#1937,#1938,#1939,#1940,#1941,#1942,
    #1943,#1944,#1945,#1946,#1947,#1948,#1949,#1950,#1951,#1952,#1953,
    #1954,#1955,#1956,#1957,#1958,#1959,#1960,#1961,#1962),
.UNSPECIFIED.,.F.,.F.) B_SPLINE_CURVE_WITH_KNOTS((13,11,11,13),(
    83.792675935756,85.288180283643,133.40315483387,134.89869222085),
.UNSPECIFIED.) CURVE() GEOMETRIC_REPRESENTATION_ITEM() 
RATIONAL_B_SPLINE_CURVE((1.,1.,1.,1.000000000001,0.999999999998,
    1.000000000002,0.999999999998,1.000000000002,0.999999999999,
    1.000000000001,1.,1.,1.,1.,1.,1.,0.999999999999,1.000000000001,1.,1.
    ,1.,1.,1.,1.,1.000000000001,0.999999999998,1.000000000003,
    0.999999999995,1.000000000006,0.999999999995,1.000000000004,
0.999999999998,1.000000000001,1.,1.)) REPRESENTATION_ITEM('') );
#1928 = CARTESIAN_POINT('',(7.557595792542,23.94112624168,5.054919810304
    ));
#1929 = CARTESIAN_POINT('',(7.517479079624,23.851318992603,
    4.996958304989));
#1930 = CARTESIAN_POINT('',(7.487342528099,23.772216614887,
    4.946232665567));
#1931 = CARTESIAN_POINT('',(7.464359972009,23.695910298808,
    4.897557567026));
#1932 = CARTESIAN_POINT('',(7.445941782381,23.621607965094,
    4.850324284903));
#1933 = CARTESIAN_POINT('',(7.431122135222,23.547504944802,
    4.803475397602));
#1934 = CARTESIAN_POINT('',(7.419491717829,23.47299444353,4.756623129667
    ));
#1935 = CARTESIAN_POINT('',(7.410316638686,23.398403316177,
    4.709893674998));
#1936 = CARTESIAN_POINT('',(7.402685375394,23.323007218596,
    4.662861827073));
#1937 = CARTESIAN_POINT('',(7.396297792526,23.246404689259,
    4.615403799326));
#1938 = CARTESIAN_POINT('',(7.391853587144,23.173412134182,
    4.570441243824));
#1939 = CARTESIAN_POINT('',(7.389911973781,23.108481056427,4.53037616931
    ));
#1940 = CARTESIAN_POINT('',(7.31255333676,19.583978349,2.37905418466));
#1941 = CARTESIAN_POINT('',(7.25055298496,15.93015076417,0.613087763103)
  );
#1942 = CARTESIAN_POINT('',(7.198701257865,12.090640904278,
    -0.789015403359));
#1943 = CARTESIAN_POINT('',(7.165707754439,8.143705520065,
    -1.784830101233));
#1944 = CARTESIAN_POINT('',(7.139874205203,4.08749792795,-2.415089253659
    ));
#1945 = CARTESIAN_POINT('',(7.137203790841,-6.123663175203E-05,
    -2.596637267746));
#1946 = CARTESIAN_POINT('',(7.139866516936,-4.087384963114,
    -2.415121678773));
#1947 = CARTESIAN_POINT('',(7.165719241541,-8.143794864013,
    -1.784783817304));
#1948 = CARTESIAN_POINT('',(7.198690422607,-12.09058188717,
    -0.789056725546));
#1949 = CARTESIAN_POINT('',(7.250560345435,-15.93022555666,0.61310497241
    ));
#1950 = CARTESIAN_POINT('',(7.3125519687,-19.58406559404,2.379116631837)
  );
#1951 = CARTESIAN_POINT('',(7.389911951611,-23.10840455065,
    4.530329185275));
#1952 = CARTESIAN_POINT('',(7.391865048215,-23.17352253787,4.57050831592
    ));
#1953 = CARTESIAN_POINT('',(7.396279777352,-23.24647488154,
    4.615447521938));
#1954 = CARTESIAN_POINT('',(7.402672150183,-23.3230045194,4.662861496929
    ));
#1955 = CARTESIAN_POINT('',(7.410328890696,-23.39835035721,
    4.709860739039));
#1956 = CARTESIAN_POINT('',(7.419508830354,-23.47294062618,4.75658809303
    ));
#1957 = CARTESIAN_POINT('',(7.431121823314,-23.54754058554,4.80349712042
    ));
#1958 = CARTESIAN_POINT('',(7.445932078646,-23.62175760563,
    4.850419559241));
#1959 = CARTESIAN_POINT('',(7.464361675944,-23.69601873092,
    4.897627051285));
#1960 = CARTESIAN_POINT('',(7.48735229944,-23.77213054171,4.946177766227
    ));
#1961 = CARTESIAN_POINT('',(7.517478892636,-23.85130849052,
    4.996951538423));
#1962 = CARTESIAN_POINT('',(7.557598001031,-23.94112290017,
    5.054917653704));
#1963 = PCURVE('',#93,#1964);
#1964 = DEFINITIONAL_REPRESENTATION('',(#1965),#2148);
#1965 = B_SPLINE_CURVE_WITH_KNOTS('',10,(#1966,#1967,#1968,#1969,#1970,
    #1971,#1972,#1973,#1974,#1975,#1976,#1977,#1978,#1979,#1980,#1981,
    #1982,#1983,#1984,#1985,#1986,#1987,#1988,#1989,#1990,#1991,#1992,
    #1993,#1994,#1995,#1996,#1997,#1998,#1999,#2000,#2001,#2002,#2003,
    #2004,#2005,#2006,#2007,#2008,#2009,#2010,#2011,#2012,#2013,#2014,
    #2015,#2016,#2017,#2018,#2019,#2020,#2021,#2022,#2023,#2024,#2025,
    #2026,#2027,#2028,#2029,#2030,#2031,#2032,#2033,#2034,#2035,#2036,
    #2037,#2038,#2039,#2040,#2041,#2042,#2043,#2044,#2045,#2046,#2047,
    #2048,#2049,#2050,#2051,#2052,#2053,#2054,#2055,#2056,#2057,#2058,
    #2059,#2060,#2061,#2062,#2063,#2064,#2065,#2066,#2067,#2068,#2069,
    #2070,#2071,#2072,#2073,#2074,#2075,#2076,#2077,#2078,#2079,#2080,
    #2081,#2082,#2083,#2084,#2085,#2086,#2087,#2088,#2089,#2090,#2091,
    #2092,#2093,#2094,#2095,#2096,#2097,#2098,#2099,#2100,#2101,#2102,
    #2103,#2104,#2105,#2106,#2107,#2108,#2109,#2110,#2111,#2112,#2113,
    #2114,#2115,#2116,#2117,#2118,#2119,#2120,#2121,#2122,#2123,#2124,
    #2125,#2126,#2127,#2128,#2129,#2130,#2131,#2132,#2133,#2134,#2135,
    #2136,#2137,#2138,#2139,#2140,#2141,#2142,#2143,#2144,#2145,#2146,
    #2147),.UNSPECIFIED.,.F.,.F.,(11,9,9,9,9,9,9,9,9,9,9,9,9,9,9,9,9,9,9
    ,9,11),(83.792675935756,84.591207440211,84.990473192438,
    85.190106068552,85.24001428758,85.289922506609,85.389738944665,
    86.986801953575,90.180927971393,96.56918000703,109.3456840783,
    122.12218814957,128.51044018521,131.70456620303,133.30162921194,
    133.40144564999,133.45135386902,133.50126208805,133.70089496416,
    134.10016071639,134.89869222085),.UNSPECIFIED.);
#1966 = CARTESIAN_POINT('',(1.833131317298E-02,-7.557595792542));
#1967 = CARTESIAN_POINT('',(1.988255926486E-02,-7.531891185934));
#1968 = CARTESIAN_POINT('',(2.131151422147E-02,-7.510360005053));
#1969 = CARTESIAN_POINT('',(2.267760357412E-02,-7.492212608325));
#1970 = CARTESIAN_POINT('',(2.400481603843E-02,-7.476707748159));
#1971 = CARTESIAN_POINT('',(2.530781668614E-02,-7.463333685728));
#1972 = CARTESIAN_POINT('',(2.659761858756E-02,-7.451756394261));
#1973 = CARTESIAN_POINT('',(2.78811594578E-02,-7.441719671402));
#1974 = CARTESIAN_POINT('',(2.916212648683E-02,-7.432995560414));
#1975 = CARTESIAN_POINT('',(3.044336918335E-02,-7.425397060044));
#1976 = CARTESIAN_POINT('',(3.236467047273E-02,-7.415469493181));
#1977 = CARTESIAN_POINT('',(3.300506068382E-02,-7.412405241638));
#1978 = CARTESIAN_POINT('',(3.364525494092E-02,-7.409568292325));
#1979 = CARTESIAN_POINT('',(3.428517855336E-02,-7.406942958552));
#1980 = CARTESIAN_POINT('',(3.492459760044E-02,-7.404516841633));
#1981 = CARTESIAN_POINT('',(3.556311501958E-02,-7.40228135773));
#1982 = CARTESIAN_POINT('',(3.620039972496E-02,-7.40023145224));
#1983 = CARTESIAN_POINT('',(3.683664875529E-02,-7.398364501438));
#1984 = CARTESIAN_POINT('',(3.747328245213E-02,-7.396678401682));
#1985 = CARTESIAN_POINT('',(3.843416777528E-02,-7.394414068043));
#1986 = CARTESIAN_POINT('',(3.87554464375E-02,-7.393703432369));
#1987 = CARTESIAN_POINT('',(3.907821080712E-02,-7.393036246797));
#1988 = CARTESIAN_POINT('',(3.940307019685E-02,-7.392411742338));
#1989 = CARTESIAN_POINT('',(3.9730815912E-02,-7.391828862779));
#1990 = CARTESIAN_POINT('',(4.00624960841E-02,-7.391286054492));
#1991 = CARTESIAN_POINT('',(4.039949050347E-02,-7.390781056046));
#1992 = CARTESIAN_POINT('',(4.074358545282E-02,-7.390310688033));
#1993 = CARTESIAN_POINT('',(4.109704854008E-02,-7.389870642706));
#1994 = CARTESIAN_POINT('',(4.155411727952E-02,-7.389351431512));
#1995 = CARTESIAN_POINT('',(4.164629447989E-02,-7.389249127971));
#1996 = CARTESIAN_POINT('',(4.173927937886E-02,-7.389148274688));
#1997 = CARTESIAN_POINT('',(4.18331189951E-02,-7.389048776517));
#1998 = CARTESIAN_POINT('',(4.192786311954E-02,-7.388950531556));
#1999 = CARTESIAN_POINT('',(4.20235643159E-02,-7.388853431223));
#2000 = CARTESIAN_POINT('',(4.212027791997E-02,-7.388757360165));
#2001 = CARTESIAN_POINT('',(4.221806204035E-02,-7.388662196344));
#2002 = CARTESIAN_POINT('',(4.231697755787E-02,-7.388567810973));
#2003 = CARTESIAN_POINT('',(4.2517198694E-02,-7.388380326132));
#2004 = CARTESIAN_POINT('',(4.261838143388E-02,-7.388287273742));
#2005 = CARTESIAN_POINT('',(4.272173358837E-02,-7.388194371965));
#2006 = CARTESIAN_POINT('',(4.282320182874E-02,-7.38810308061));
#2007 = CARTESIAN_POINT('',(4.293317445269E-02,-7.388009232201));
#2008 = CARTESIAN_POINT('',(4.303374999319E-02,-7.387919653415));
#2009 = CARTESIAN_POINT('',(4.314785159241E-02,-7.387825303181));
#2010 = CARTESIAN_POINT('',(4.325393847019E-02,-7.387734384772));
#2011 = CARTESIAN_POINT('',(4.336740070806E-02,-7.387640788069));
#2012 = CARTESIAN_POINT('',(4.370611828761E-02,-7.38736064514));
#2013 = CARTESIAN_POINT('',(4.393193488992E-02,-7.387173965404));
#2014 = CARTESIAN_POINT('',(4.41577563663E-02,-7.386987367839));
#2015 = CARTESIAN_POINT('',(4.438358270825E-02,-7.3868008524));
#2016 = CARTESIAN_POINT('',(4.460941390726E-02,-7.386614419041));
#2017 = CARTESIAN_POINT('',(4.483524995479E-02,-7.386428067717));
#2018 = CARTESIAN_POINT('',(4.506109084235E-02,-7.386241798383));
#2019 = CARTESIAN_POINT('',(4.528693656139E-02,-7.386055610993));
#2020 = CARTESIAN_POINT('',(4.551278710343E-02,-7.385869505503));
#2021 = CARTESIAN_POINT('',(4.935232816394E-02,-7.382707103677));
#2022 = CARTESIAN_POINT('',(5.296724764515E-02,-7.379751570991));
#2023 = CARTESIAN_POINT('',(5.658336430188E-02,-7.376816794234));
#2024 = CARTESIAN_POINT('',(6.020064153231E-02,-7.373902683818));
#2025 = CARTESIAN_POINT('',(6.381904273486E-02,-7.37100915018));
#2026 = CARTESIAN_POINT('',(6.743853130765E-02,-7.368136103727));
#2027 = CARTESIAN_POINT('',(7.105907064909E-02,-7.365283454893));
#2028 = CARTESIAN_POINT('',(7.468062415736E-02,-7.362451114093));
#2029 = CARTESIAN_POINT('',(7.830315523079E-02,-7.359638991752));
#2030 = CARTESIAN_POINT('',(8.917357134132E-02,-7.351263011372));
#2031 = CARTESIAN_POINT('',(9.642428626305E-02,-7.345759806308));
#2032 = CARTESIAN_POINT('',(0.103678468375,-7.340337356405));
#2033 = CARTESIAN_POINT('',(0.110935828342,-7.334995720377));
#2034 = CARTESIAN_POINT('',(0.118196091157,-7.32973504237));
#2035 = CARTESIAN_POINT('',(0.125458996131,-7.324555551933));
#2036 = CARTESIAN_POINT('',(0.132724296905,-7.319457564048));
#2037 = CARTESIAN_POINT('',(0.139991761442,-7.314441479108));
#2038 = CARTESIAN_POINT('',(0.147261172027,-7.309507782924));
#2039 = CARTESIAN_POINT('',(0.169074631765,-7.29495557434));
#2040 = CARTESIAN_POINT('',(0.183623928045,-7.285585510879));
#2041 = CARTESIAN_POINT('',(0.198178615366,-7.276550737449));
#2042 = CARTESIAN_POINT('',(0.212737385811,-7.267854956343));
#2043 = CARTESIAN_POINT('',(0.22729918807,-7.259501662162));
#2044 = CARTESIAN_POINT('',(0.241863193205,-7.251494112848));
#2045 = CARTESIAN_POINT('',(0.256428760433,-7.243835300822));
#2046 = CARTESIAN_POINT('',(0.27099540289,-7.236527924021));
#2047 = CARTESIAN_POINT('',(0.28556275341,-7.229574357013));
#2048 = CARTESIAN_POINT('',(0.329266084061,-7.209781152166));
#2049 = CARTESIAN_POINT('',(0.358403309592,-7.198009299082));
#2050 = CARTESIAN_POINT('',(0.387540099992,-7.187677976955));
#2051 = CARTESIAN_POINT('',(0.416675567604,-7.178800936111));
#2052 = CARTESIAN_POINT('',(0.445809542989,-7.171389185545));
#2053 = CARTESIAN_POINT('',(0.474942204401,-7.165451308643));
#2054 = CARTESIAN_POINT('',(0.504073837772,-7.160993672299));
#2055 = CARTESIAN_POINT('',(0.533204727183,-7.158020529261));
#2056 = CARTESIAN_POINT('',(0.562335175846,-7.156534013849));
#2057 = CARTESIAN_POINT('',(0.620596139307,-7.156534048041));
#2058 = CARTESIAN_POINT('',(0.649726596193,-7.158020596655));
#2059 = CARTESIAN_POINT('',(0.678857502565,-7.160993778374));
#2060 = CARTESIAN_POINT('',(0.707989162292,-7.165451460064));
#2061 = CARTESIAN_POINT('',(0.737121861104,-7.171389388709));
#2062 = CARTESIAN_POINT('',(0.766255887528,-7.17880119799));
#2063 = CARTESIAN_POINT('',(0.795391422425,-7.1876783068));
#2064 = CARTESIAN_POINT('',(0.824528297144,-7.198009709465));
#2065 = CARTESIAN_POINT('',(0.853665620279,-7.209781657888));
#2066 = CARTESIAN_POINT('',(0.897369099419,-7.22957502423));
#2067 = CARTESIAN_POINT('',(0.911936499715,-7.236528647135));
#2068 = CARTESIAN_POINT('',(0.926503190601,-7.243836082609));
#2069 = CARTESIAN_POINT('',(0.941068802697,-7.251494954364));
#2070 = CARTESIAN_POINT('',(0.955632846063,-7.259502560834));
#2071 = CARTESIAN_POINT('',(0.970194675688,-7.267855904554));
#2072 = CARTESIAN_POINT('',(0.98475345699,-7.276551721642));
#2073 = CARTESIAN_POINT('',(0.999308131305,-7.285586511171));
#2074 = CARTESIAN_POINT('',(1.013857381382,-7.294956564632));
#2075 = CARTESIAN_POINT('',(1.035670704624,-7.309508710693));
#2076 = CARTESIAN_POINT('',(1.042940058573,-7.314442379186));
#2077 = CARTESIAN_POINT('',(1.050207453835,-7.319458428113));
#2078 = CARTESIAN_POINT('',(1.057472671105,-7.32455637119));
#2079 = CARTESIAN_POINT('',(1.064735476664,-7.329735808573));
#2080 = CARTESIAN_POINT('',(1.071995622377,-7.334996426834));
#2081 = CARTESIAN_POINT('',(1.079252845694,-7.340337998982));
#2082 = CARTESIAN_POINT('',(1.086506869654,-7.345760384454));
#2083 = CARTESIAN_POINT('',(1.093757402877,-7.351263529109));
#2084 = CARTESIAN_POINT('',(1.104627507914,-7.359639433312));
#2085 = CARTESIAN_POINT('',(1.108249928857,-7.362451532007));
#2086 = CARTESIAN_POINT('',(1.111871365562,-7.365283852442));
#2087 = CARTESIAN_POINT('',(1.11549178119,-7.368136485677));
#2088 = CARTESIAN_POINT('',(1.119111138914,-7.37100952287));
#2089 = CARTESIAN_POINT('',(1.122729401889,-7.373903055041));
#2090 = CARTESIAN_POINT('',(1.12634653329,-7.376817173362));
#2091 = CARTESIAN_POINT('',(1.129962496273,-7.379751968871));
#2092 = CARTESIAN_POINT('',(1.133577254008,-7.382707532701));
#2093 = CARTESIAN_POINT('',(1.137416614386,-7.385869982385));
#2094 = CARTESIAN_POINT('',(1.137642454268,-7.386056090749));
#2095 = CARTESIAN_POINT('',(1.137868289294,-7.38624228107));
#2096 = CARTESIAN_POINT('',(1.138094119456,-7.386428553398));
#2097 = CARTESIAN_POINT('',(1.138319944746,-7.386614907772));
#2098 = CARTESIAN_POINT('',(1.138545765155,-7.386801344246));
#2099 = CARTESIAN_POINT('',(1.138771580674,-7.386987862857));
#2100 = CARTESIAN_POINT('',(1.138997391296,-7.387174463659));
#2101 = CARTESIAN_POINT('',(1.139223197011,-7.387361146692));
#2102 = CARTESIAN_POINT('',(1.13956189821,-7.387641294663));
#2103 = CARTESIAN_POINT('',(1.139675329045,-7.387734878725));
#2104 = CARTESIAN_POINT('',(1.139781435022,-7.387825870519));
#2105 = CARTESIAN_POINT('',(1.139895535521,-7.3879202059));
#2106 = CARTESIAN_POINT('',(1.139996113393,-7.388009893513));
#2107 = CARTESIAN_POINT('',(1.14010612213,-7.388103764955));
#2108 = CARTESIAN_POINT('',(1.140207601793,-7.38819514198));
#2109 = CARTESIAN_POINT('',(1.140310988169,-7.388288108737));
#2110 = CARTESIAN_POINT('',(1.14041220353,-7.388381234372));
#2111 = CARTESIAN_POINT('',(1.140612499535,-7.388568864291));
#2112 = CARTESIAN_POINT('',(1.140711456384,-7.38866332229));
#2113 = CARTESIAN_POINT('',(1.140809285244,-7.388758557325));
#2114 = CARTESIAN_POINT('',(1.14090604653,-7.388854696823));
#2115 = CARTESIAN_POINT('',(1.141001797927,-7.388951861705));
#2116 = CARTESIAN_POINT('',(1.14109659436,-7.389050166289));
#2117 = CARTESIAN_POINT('',(1.141190488028,-7.389149718406));
#2118 = CARTESIAN_POINT('',(1.141283528374,-7.389250619291));
#2119 = CARTESIAN_POINT('',(1.141375762105,-7.389352963665));
#2120 = CARTESIAN_POINT('',(1.141833117487,-7.389872343761));
#2121 = CARTESIAN_POINT('',(1.14218682234,-7.390312407545));
#2122 = CARTESIAN_POINT('',(1.142531153462,-7.390782663104));
#2123 = CARTESIAN_POINT('',(1.142868365863,-7.391287426588));
#2124 = CARTESIAN_POINT('',(1.143200237827,-7.391829902319));
#2125 = CARTESIAN_POINT('',(1.143528144883,-7.392412386885));
#2126 = CARTESIAN_POINT('',(1.1438531338,-7.393036473232));
#2127 = CARTESIAN_POINT('',(1.144175996556,-7.393703254754));
#2128 = CARTESIAN_POINT('',(1.144497344329,-7.394413529387));
#2129 = CARTESIAN_POINT('',(1.145458355754,-7.396676952345));
#2130 = CARTESIAN_POINT('',(1.146094965746,-7.398362678137));
#2131 = CARTESIAN_POINT('',(1.146731106136,-7.400229681516));
#2132 = CARTESIAN_POINT('',(1.147368232511,-7.402280092307));
#2133 = CARTESIAN_POINT('',(1.148006579946,-7.404516444557));
#2134 = CARTESIAN_POINT('',(1.14864585095,-7.406943635326));
#2135 = CARTESIAN_POINT('',(1.149285672863,-7.409570068217));
#2136 = CARTESIAN_POINT('',(1.149925824593,-7.412407980733));
#2137 = CARTESIAN_POINT('',(1.150566232797,-7.415472956324));
#2138 = CARTESIAN_POINT('',(1.152487746691,-7.425401948761));
#2139 = CARTESIAN_POINT('',(1.15376933869,-7.433000362553));
#2140 = CARTESIAN_POINT('',(1.1550508153,-7.441723241015));
#2141 = CARTESIAN_POINT('',(1.156334751785,-7.451758054556));
#2142 = CARTESIAN_POINT('',(1.15762455756,-7.463334882813));
#2143 = CARTESIAN_POINT('',(1.158926863079,-7.476710963346));
#2144 = CARTESIAN_POINT('',(1.160252765946,-7.492218376195));
#2145 = CARTESIAN_POINT('',(1.161617961553,-7.510365279896));
#2146 = CARTESIAN_POINT('',(1.163047776021,-7.531892427427));
#2147 = CARTESIAN_POINT('',(1.164599111435,-7.557598001031));
#2148 = ( GEOMETRIC_REPRESENTATION_CONTEXT(2) 
PARAMETRIC_REPRESENTATION_CONTEXT() REPRESENTATION_CONTEXT('2D SPACE',''
  ) );
#2149 = PCURVE('',#2150,#2256);
#2150 = ( BOUNDED_SURFACE() B_SPLINE_SURFACE(2,12,(
    (#2151,#2152,#2153,#2154,#2155,#2156,#2157,#2158,#2159,#2160,#2161
      ,#2162,#2163,#2164,#2165,#2166,#2167,#2168,#2169,#2170,#2171,#2172
      ,#2173,#2174,#2175,#2176,#2177,#2178,#2179,#2180,#2181,#2182,#2183
      ,#2184,#2185)
    ,(#2186,#2187,#2188,#2189,#2190,#2191,#2192,#2193,#2194,#2195,#2196
      ,#2197,#2198,#2199,#2200,#2201,#2202,#2203,#2204,#2205,#2206,#2207
      ,#2208,#2209,#2210,#2211,#2212,#2213,#2214,#2215,#2216,#2217,#2218
      ,#2219,#2220)
    ,(#2221,#2222,#2223,#2224,#2225,#2226,#2227,#2228,#2229,#2230,#2231
      ,#2232,#2233,#2234,#2235,#2236,#2237,#2238,#2239,#2240,#2241,#2242
      ,#2243,#2244,#2245,#2246,#2247,#2248,#2249,#2250,#2251,#2252,#2253
      ,#2254,#2255
)),.UNSPECIFIED.,.F.,.F.,.F.) B_SPLINE_SURFACE_WITH_KNOTS((3,3),(13,11,
    11,13),(0.,51.106016285094),(83.792675935756,85.288180283643,
    133.40315483387,134.89869222085),.UNSPECIFIED.) 
GEOMETRIC_REPRESENTATION_ITEM() RATIONAL_B_SPLINE_SURFACE((
    (1.,1.,1.,1.000000000001,0.999999999998,1.000000000002
      ,0.999999999998,1.000000000002,0.999999999999,1.000000000001,1.,1.
      ,1.,1.,1.,1.,0.999999999999,1.000000000001,1.,1.,1.,1.,1.,1.
      ,1.000000000001,0.999999999998,1.000000000003,0.999999999995
      ,1.000000000006,0.999999999995,1.000000000004,0.999999999998
      ,1.000000000001,1.,1.)
    ,(0.696226555553,0.696608692418,0.696725129414,0.696755182963
      ,0.696738376171,0.696698699614,0.696655932151,0.696616595697
      ,0.69657803988,0.696542041643,0.696519158857,0.696511898266
      ,0.69590304702,0.695406662423,0.694995189383,0.694730033808
      ,0.694527896902,0.694501718133,0.694527746067,0.694730249236
      ,0.694995005873,0.695406765634,0.695903038142,0.696511881715
      ,0.696519317279,0.696541869838,0.696577830802,0.696616791597
      ,0.696656380087,0.696698794922,0.696737882619,0.696754705893
      ,0.696725322954,0.696608832819,0.696226644229)
    ,(1.,1.,1.,1.000000000001,0.999999999998,1.000000000002
      ,0.999999999998,1.000000000002,0.999999999999,1.000000000001,1.,1.
      ,1.,1.,1.,1.,0.999999999999,1.000000000001,1.,1.,1.,1.,1.,1.
      ,1.000000000001,0.999999999998,1.000000000003,0.999999999995
      ,1.000000000006,0.999999999995,1.000000000004,0.999999999998
,1.000000000001,1.,1.))) REPRESENTATION_ITEM('') SURFACE() );
#2151 = CARTESIAN_POINT('',(7.557595792542,23.94112624168,5.054919810304
    ));
#2152 = CARTESIAN_POINT('',(7.517479079624,23.851318992603,
    4.996958304989));
#2153 = CARTESIAN_POINT('',(7.487342528099,23.772216614887,
    4.946232665567));
#2154 = CARTESIAN_POINT('',(7.464359972009,23.695910298808,
    4.897557567026));
#2155 = CARTESIAN_POINT('',(7.445941782381,23.621607965094,
    4.850324284903));
#2156 = CARTESIAN_POINT('',(7.431122135222,23.547504944802,
    4.803475397602));
#2157 = CARTESIAN_POINT('',(7.419491717829,23.47299444353,4.756623129667
    ));
#2158 = CARTESIAN_POINT('',(7.410316638686,23.398403316177,
    4.709893674998));
#2159 = CARTESIAN_POINT('',(7.402685375394,23.323007218596,
    4.662861827073));
#2160 = CARTESIAN_POINT('',(7.396297792526,23.246404689259,
    4.615403799326));
#2161 = CARTESIAN_POINT('',(7.391853587144,23.173412134182,
    4.570441243824));
#2162 = CARTESIAN_POINT('',(7.389911973781,23.108481056427,4.53037616931
    ));
#2163 = CARTESIAN_POINT('',(7.31255333676,19.583978349,2.37905418466));
#2164 = CARTESIAN_POINT('',(7.25055298496,15.93015076417,0.613087763103)
  );
#2165 = CARTESIAN_POINT('',(7.198701257865,12.090640904278,
    -0.789015403359));
#2166 = CARTESIAN_POINT('',(7.165707754439,8.143705520065,
    -1.784830101233));
#2167 = CARTESIAN_POINT('',(7.139874205203,4.08749792795,-2.415089253659
    ));
#2168 = CARTESIAN_POINT('',(7.137203790841,-6.123663175203E-05,
    -2.596637267746));
#2169 = CARTESIAN_POINT('',(7.139866516936,-4.087384963114,
    -2.415121678773));
#2170 = CARTESIAN_POINT('',(7.165719241541,-8.143794864013,
    -1.784783817304));
#2171 = CARTESIAN_POINT('',(7.198690422607,-12.09058188717,
    -0.789056725546));
#2172 = CARTESIAN_POINT('',(7.250560345435,-15.93022555666,0.61310497241
    ));
#2173 = CARTESIAN_POINT('',(7.3125519687,-19.58406559404,2.379116631837)
  );
#2174 = CARTESIAN_POINT('',(7.389911951611,-23.10840455065,
    4.530329185275));
#2175 = CARTESIAN_POINT('',(7.391865048215,-23.17352253787,4.57050831592
    ));
#2176 = CARTESIAN_POINT('',(7.396279777352,-23.24647488154,
    4.615447521938));
#2177 = CARTESIAN_POINT('',(7.402672150183,-23.3230045194,4.662861496929
    ));
#2178 = CARTESIAN_POINT('',(7.410328890696,-23.39835035721,
    4.709860739039));
#2179 = CARTESIAN_POINT('',(7.419508830354,-23.47294062618,4.75658809303
    ));
#2180 = CARTESIAN_POINT('',(7.431121823314,-23.54754058554,4.80349712042
    ));
#2181 = CARTESIAN_POINT('',(7.445932078646,-23.62175760563,
    4.850419559241));
#2182 = CARTESIAN_POINT('',(7.464361675944,-23.69601873092,
    4.897627051285));
#2183 = CARTESIAN_POINT('',(7.48735229944,-23.77213054171,4.946177766227
    ));
#2184 = CARTESIAN_POINT('',(7.517478892636,-23.85130849052,
    4.996951538423));
#2185 = CARTESIAN_POINT('',(7.557598001031,-23.94112290017,
    5.054917653704));
#2186 = CARTESIAN_POINT('',(8.448261864026,24.377477059835,
    5.336540175315));
#2187 = CARTESIAN_POINT('',(8.444965709845,24.233544560456,
    5.242150669333));
#2188 = CARTESIAN_POINT('',(8.442050650308,24.105087809351,
    5.158674286085));
#2189 = CARTESIAN_POINT('',(8.439327797491,23.984351351655,
    5.080701983174));
#2190 = CARTESIAN_POINT('',(8.436733157727,23.868561048804,
    5.006401221721));
#2191 = CARTESIAN_POINT('',(8.4342300573,23.756158388803,4.93472180391)
  );
#2192 = CARTESIAN_POINT('',(8.431789174147,23.645903752985,
    4.864824055689));
#2193 = CARTESIAN_POINT('',(8.429391916492,23.536964843478,
    4.796175578294));
#2194 = CARTESIAN_POINT('',(8.427031307793,23.428995743232,
    4.728576589697));
#2195 = CARTESIAN_POINT('',(8.424704350308,23.321876036274,
    4.661941245766));
#2196 = CARTESIAN_POINT('',(8.422402217272,23.215268405665,
    4.596016781075));
#2197 = CARTESIAN_POINT('',(8.4201103689,23.108502928902,4.530386830608)
  );
#2198 = CARTESIAN_POINT('',(8.344416590706,19.557208323315,
    2.362800626289));
#2199 = CARTESIAN_POINT('',(8.283073652736,15.907030024489,
    0.606168717461));
#2200 = CARTESIAN_POINT('',(8.234244873418,12.074619280297,
    -0.792104574577));
#2201 = CARTESIAN_POINT('',(8.19954601699,8.132866255864,-1.785749815845
    ));
#2202 = CARTESIAN_POINT('',(8.177587937139,4.081345061782,
    -2.414546952119));
#2203 = CARTESIAN_POINT('',(8.171289541264,-7.320004480631E-05,
    -2.59490941162));
#2204 = CARTESIAN_POINT('',(8.177586724038,-4.081211183319,
    -2.414581690778));
#2205 = CARTESIAN_POINT('',(8.199547731912,-8.132969587626,
    -1.785700706934));
#2206 = CARTESIAN_POINT('',(8.234243458036,-12.07454969658,
    -0.792145105826));
#2207 = CARTESIAN_POINT('',(8.283074192833,-15.90707826438,
    0.606184183818));
#2208 = CARTESIAN_POINT('',(8.344417486651,-19.55725025777,
    2.362826282795));
#2209 = CARTESIAN_POINT('',(8.420110391519,-23.10850399023,
    4.530387478335));
#2210 = CARTESIAN_POINT('',(8.422402293968,-23.21527196444,
    4.596018977351));
#2211 = CARTESIAN_POINT('',(8.424704233352,-23.3218712195,4.66193789659)
  );
#2212 = CARTESIAN_POINT('',(8.42703151728,-23.42900376109,4.728582588641
    ));
#2213 = CARTESIAN_POINT('',(8.429391784269,-23.53695814598,
    4.796171791928));
#2214 = CARTESIAN_POINT('',(8.4317886373,-23.64588187841,4.864808682438)
  );
#2215 = CARTESIAN_POINT('',(8.434230789633,-23.75619347351,
    4.934742775145));
#2216 = CARTESIAN_POINT('',(8.436736061753,-23.86868936245,
    5.006484382144));
#2217 = CARTESIAN_POINT('',(8.439330124007,-23.98445232459,
    5.080768605869));
#2218 = CARTESIAN_POINT('',(8.442049264235,-24.10502743614,
    5.158634594152));
#2219 = CARTESIAN_POINT('',(8.444965467073,-24.23353404561,
    5.242143717267));
#2220 = CARTESIAN_POINT('',(8.448261849942,-24.37747652121,
    5.336539772013));
#2221 = CARTESIAN_POINT('',(8.417830520113,24.927626992788,
    4.465100503298));
#2222 = CARTESIAN_POINT('',(8.414575982903,24.783529508778,
    4.371902751422));
#2223 = CARTESIAN_POINT('',(8.411667550018,24.654744585384,
    4.288616130663));
#2224 = CARTESIAN_POINT('',(8.408934095349,24.533364563608,
    4.210340230432));
#2225 = CARTESIAN_POINT('',(8.406318732545,24.416725753611,
    4.135446038758));
#2226 = CARTESIAN_POINT('',(8.403788081813,24.303282487145,
    4.062977683401));
#2227 = CARTESIAN_POINT('',(8.401315694147,24.191817705517,
    3.992177764007));
#2228 = CARTESIAN_POINT('',(8.398885005691,24.081559256112,
    3.922571953727));
#2229 = CARTESIAN_POINT('',(8.396489202206,23.9721806309,3.853965118305)
  );
#2230 = CARTESIAN_POINT('',(8.394125455039,23.86355252308,3.786276255746
    ));
#2231 = CARTESIAN_POINT('',(8.391789145418,23.755477285146,3.71937310169
    ));
#2232 = CARTESIAN_POINT('',(8.389469923417,23.647482162757,
    3.652959273059));
#2233 = CARTESIAN_POINT('',(8.312038264055,20.017912214386,1.43560666344
    ));
#2234 = CARTESIAN_POINT('',(8.249221195455,16.284756711929,
    -0.363238823477));
#2235 = CARTESIAN_POINT('',(8.199194532319,12.36363211768,
    -1.795815019929));
#2236 = CARTESIAN_POINT('',(8.163598840212,8.327924038428,
    -2.815142274892));
#2237 = CARTESIAN_POINT('',(8.141113071956,4.180066856444,
    -3.459050429948));
#2238 = CARTESIAN_POINT('',(8.13460637905,-6.115276101238E-05,
    -3.645377736017));
#2239 = CARTESIAN_POINT('',(8.141111924881,-4.179953860009,
    -3.459083277873));
#2240 = CARTESIAN_POINT('',(8.163600473758,-8.328013812627,
    -2.815095496267));
#2241 = CARTESIAN_POINT('',(8.199193149114,-12.36356978251,
    -1.795854629754));
#2242 = CARTESIAN_POINT('',(8.249221781079,-16.28480623258,
    -0.363222053391));
#2243 = CARTESIAN_POINT('',(8.312039170145,-20.01795422622,
    1.435632610473));
#2244 = CARTESIAN_POINT('',(8.389469897062,-23.64748102893,
    3.652958518344));
#2245 = CARTESIAN_POINT('',(8.391789323449,-23.75548472622,3.71937819982
    ));
#2246 = CARTESIAN_POINT('',(8.394125330831,-23.86354829236,
    3.786272698886));
#2247 = CARTESIAN_POINT('',(8.396489379931,-23.97218829242,
    3.853970207713));
#2248 = CARTESIAN_POINT('',(8.398884918269,-24.08155357109,
    3.922569450268));
#2249 = CARTESIAN_POINT('',(8.401315229266,-24.19179672496,
    3.992164451584));
#2250 = CARTESIAN_POINT('',(8.403788822919,-24.30331743833,
    4.062998905882));
#2251 = CARTESIAN_POINT('',(8.406321583952,-24.41685431412,
    4.135527692374));
#2252 = CARTESIAN_POINT('',(8.408936381089,-24.5334662728,4.210405685458
    ));
#2253 = CARTESIAN_POINT('',(8.411666166844,-24.65468329276,
    4.288576521759));
#2254 = CARTESIAN_POINT('',(8.414575761814,-24.783519223,4.371896420264)
  );
#2255 = CARTESIAN_POINT('',(8.417830520113,-24.92762661617,
    4.465100503298));
#2256 = DEFINITIONAL_REPRESENTATION('',(#2257),#2261);
#2257 = LINE('',#2258,#2259);
#2258 = CARTESIAN_POINT('',(0.,0.));
#2259 = VECTOR('',#2260,1.);
#2260 = DIRECTION('',(0.,1.));
#2261 = ( GEOMETRIC_REPRESENTATION_CONTEXT(2) 
PARAMETRIC_REPRESENTATION_CONTEXT() REPRESENTATION_CONTEXT('2D SPACE',''
  ) );
#2262 = ORIENTED_EDGE('',*,*,#2263,.T.);
#2263 = EDGE_CURVE('',#1924,#902,#2264,.T.);
#2264 = SURFACE_CURVE('',#2265,(#2304,#2346),.PCURVE_S1.);
#2265 = ( BOUNDED_CURVE() B_SPLINE_CURVE(13,(#2266,#2267,#2268,#2269,
    #2270,#2271,#2272,#2273,#2274,#2275,#2276,#2277,#2278,#2279,#2280,
    #2281,#2282,#2283,#2284,#2285,#2286,#2287,#2288,#2289,#2290,#2291,
    #2292,#2293,#2294,#2295,#2296,#2297,#2298,#2299,#2300,#2301,#2302,
#2303),.UNSPECIFIED.,.F.,.F.) B_SPLINE_CURVE_WITH_KNOTS((14,12,12,14),(
    134.89869222085,135.14143159151,135.44752828401,135.90299453531),
.UNSPECIFIED.) CURVE() GEOMETRIC_REPRESENTATION_ITEM() 
RATIONAL_B_SPLINE_CURVE((1.,1.,0.999999999999,1.000000000003,
    0.999999999994,1.000000000009,0.999999999989,1.00000000001,
    0.999999999992,1.000000000005,0.999999999998,1.000000000001,1.,1.,
    1.000000000001,0.999999999996,1.000000000007,0.999999999988,
    1.000000000015,0.999999999985,1.000000000012,0.999999999993,
    1.000000000003,0.999999999999,1.,1.,1.,1.,1.,1.000000000001,
    0.999999999998,1.000000000003,0.999999999998,1.000000000002,
0.999999999999,1.,1.,1.)) REPRESENTATION_ITEM('') );
#2266 = CARTESIAN_POINT('',(7.557598001031,-23.94112290017,
    5.054917653704));
#2267 = CARTESIAN_POINT('',(7.56360879876,-23.95457923735,5.063602358026
    ));
#2268 = CARTESIAN_POINT('',(7.568537199816,-23.96763248738,
    5.072034400245));
#2269 = CARTESIAN_POINT('',(7.572947761051,-23.98052283505,
    5.080368078072));
#2270 = CARTESIAN_POINT('',(7.576617888635,-23.99313434252,
    5.088528440246));
#2271 = CARTESIAN_POINT('',(7.580044321023,-24.00568521695,5.09665579024
    ));
#2272 = CARTESIAN_POINT('',(7.582740929471,-24.01794036914,
    5.104598450654));
#2273 = CARTESIAN_POINT('',(7.585303008712,-24.03016657911,
    5.112528046178));
#2274 = CARTESIAN_POINT('',(7.58726438546,-24.04213925126,5.120299657479
    ));
#2275 = CARTESIAN_POINT('',(7.588990524687,-24.05401981216,
    5.128017041384));
#2276 = CARTESIAN_POINT('',(7.590306187314,-24.06571903782,
    5.135622475713));
#2277 = CARTESIAN_POINT('',(7.591305243777,-24.07727258164,
    5.143138679003));
#2278 = CARTESIAN_POINT('',(7.591974385874,-24.08866628948,5.15055627295
    ));
#2279 = CARTESIAN_POINT('',(7.592773906238,-24.1140629165,5.167101851863
    ));
#2280 = CARTESIAN_POINT('',(7.59271763341,-24.12797072424,5.176170976007
    ));
#2281 = CARTESIAN_POINT('',(7.592177850563,-24.14161389065,
    5.185075573692));
#2282 = CARTESIAN_POINT('',(7.591169816502,-24.15498274093,
    5.193808840945));
#2283 = CARTESIAN_POINT('',(7.589705992109,-24.16806622286,
    5.202363055232));
#2284 = CARTESIAN_POINT('',(7.587796654689,-24.18085195469,
    5.210729605835));
#2285 = CARTESIAN_POINT('',(7.585450512334,-24.19332627302,
    5.218899024192));
#2286 = CARTESIAN_POINT('',(7.582675318257,-24.20547428067,
    5.226861014288));
#2287 = CARTESIAN_POINT('',(7.579478485163,-24.2172798946,5.234604482994
    ));
#2288 = CARTESIAN_POINT('',(7.575867699583,-24.22872589372,
    5.242117570448));
#2289 = CARTESIAN_POINT('',(7.571851536239,-24.23979396688,
    5.249387680403));
#2290 = CARTESIAN_POINT('',(7.567440072388,-24.25046476062,
    5.256401510605));
#2291 = CARTESIAN_POINT('',(7.555511269839,-24.27597445055,
    5.273179395114));
#2292 = CARTESIAN_POINT('',(7.547524977085,-24.29030920323,
    5.282617223824));
#2293 = CARTESIAN_POINT('',(7.538712552541,-24.30365600258,
    5.291413165846));
#2294 = CARTESIAN_POINT('',(7.529110765609,-24.31594349701,
    5.299518284076));
#2295 = CARTESIAN_POINT('',(7.518767096846,-24.32709781235,
    5.306881920907));
#2296 = CARTESIAN_POINT('',(7.507739608344,-24.33704519818,
    5.313453511415));
#2297 = CARTESIAN_POINT('',(7.496096814125,-24.34571467423,
    5.319184396519));
#2298 = CARTESIAN_POINT('',(7.483917550514,-24.35304067672,
    5.324029636175));
#2299 = CARTESIAN_POINT('',(7.471290846533,-24.35896570469,
    5.327949822537));
#2300 = CARTESIAN_POINT('',(7.458315794278,-24.36344296641,
    5.330912893143));
#2301 = CARTESIAN_POINT('',(7.445101419311,-24.36643902572,
    5.332895944085));
#2302 = CARTESIAN_POINT('',(7.431766551037,-24.36793644836,
    5.333887043189));
#2303 = CARTESIAN_POINT('',(7.418439693094,-24.36793644836,
    5.333887043189));
#2304 = PCURVE('',#93,#2305);
#2305 = DEFINITIONAL_REPRESENTATION('',(#2306),#2345);
#2306 = B_SPLINE_CURVE_WITH_KNOTS('',13,(#2307,#2308,#2309,#2310,#2311,
    #2312,#2313,#2314,#2315,#2316,#2317,#2318,#2319,#2320,#2321,#2322,
    #2323,#2324,#2325,#2326,#2327,#2328,#2329,#2330,#2331,#2332,#2333,
    #2334,#2335,#2336,#2337,#2338,#2339,#2340,#2341,#2342,#2343,#2344),
  .UNSPECIFIED.,.F.,.F.,(14,12,12,14),(134.89869222085,135.14143159151,
    135.44752828401,135.90299453531),.UNSPECIFIED.);
#2307 = CARTESIAN_POINT('',(1.164599111435,-7.557598001031));
#2308 = CARTESIAN_POINT('',(1.164961864024,-7.563608798763));
#2309 = CARTESIAN_POINT('',(1.165313842283,-7.568537199804));
#2310 = CARTESIAN_POINT('',(1.165661512311,-7.572947761084));
#2311 = CARTESIAN_POINT('',(1.166001747176,-7.576617888573));
#2312 = CARTESIAN_POINT('',(1.166340422868,-7.580044321115));
#2313 = CARTESIAN_POINT('',(1.166671202488,-7.582740929363));
#2314 = CARTESIAN_POINT('',(1.167001271128,-7.585303008815));
#2315 = CARTESIAN_POINT('',(1.167324574574,-7.587264385381));
#2316 = CARTESIAN_POINT('',(1.167645459367,-7.588990524734));
#2317 = CARTESIAN_POINT('',(1.167961518527,-7.590306187292));
#2318 = CARTESIAN_POINT('',(1.16827370965,-7.591305243783));
#2319 = CARTESIAN_POINT('',(1.168581648194,-7.591974385874));
#2320 = CARTESIAN_POINT('',(1.169268189623,-7.592773906237));
#2321 = CARTESIAN_POINT('',(1.16964425975,-7.592717633423));
#2322 = CARTESIAN_POINT('',(1.170013273424,-7.592177850522));
#2323 = CARTESIAN_POINT('',(1.170374963015,-7.59116981659));
#2324 = CARTESIAN_POINT('',(1.170729023269,-7.589705991969));
#2325 = CARTESIAN_POINT('',(1.17107511292,-7.587796654866));
#2326 = CARTESIAN_POINT('',(1.171412855455,-7.585450512157));
#2327 = CARTESIAN_POINT('',(1.171741841077,-7.582675318399));
#2328 = CARTESIAN_POINT('',(1.172061627246,-7.579478485072));
#2329 = CARTESIAN_POINT('',(1.172371740647,-7.575867699626));
#2330 = CARTESIAN_POINT('',(1.172671677947,-7.571851536224));
#2331 = CARTESIAN_POINT('',(1.172960907412,-7.56744007239));
#2332 = CARTESIAN_POINT('',(1.173652473282,-7.555511269837));
#2333 = CARTESIAN_POINT('',(1.174041209013,-7.547524977089));
#2334 = CARTESIAN_POINT('',(1.174403259777,-7.538712552535));
#2335 = CARTESIAN_POINT('',(1.17473666629,-7.529110765616));
#2336 = CARTESIAN_POINT('',(1.17503940007,-7.518767096845));
#2337 = CARTESIAN_POINT('',(1.175309436096,-7.507739608337));
#2338 = CARTESIAN_POINT('',(1.175544825489,-7.496096814138));
#2339 = CARTESIAN_POINT('',(1.175743768098,-7.483917550499));
#2340 = CARTESIAN_POINT('',(1.175904685265,-7.471290846544));
#2341 = CARTESIAN_POINT('',(1.176026292358,-7.458315794272));
#2342 = CARTESIAN_POINT('',(1.176107671536,-7.445101419313));
#2343 = CARTESIAN_POINT('',(1.176148344327,-7.431766551037));
#2344 = CARTESIAN_POINT('',(1.176148344327,-7.418439693094));
#2345 = ( GEOMETRIC_REPRESENTATION_CONTEXT(2) 
PARAMETRIC_REPRESENTATION_CONTEXT() REPRESENTATION_CONTEXT('2D SPACE',''
  ) );
#2346 = PCURVE('',#2347,#2462);
#2347 = ( BOUNDED_SURFACE() B_SPLINE_SURFACE(2,13,(
    (#2348,#2349,#2350,#2351,#2352,#2353,#2354,#2355,#2356,#2357,#2358
      ,#2359,#2360,#2361,#2362,#2363,#2364,#2365,#2366,#2367,#2368,#2369
      ,#2370,#2371,#2372,#2373,#2374,#2375,#2376,#2377,#2378,#2379,#2380
      ,#2381,#2382,#2383,#2384,#2385)
    ,(#2386,#2387,#2388,#2389,#2390,#2391,#2392,#2393,#2394,#2395,#2396
      ,#2397,#2398,#2399,#2400,#2401,#2402,#2403,#2404,#2405,#2406,#2407
      ,#2408,#2409,#2410,#2411,#2412,#2413,#2414,#2415,#2416,#2417,#2418
      ,#2419,#2420,#2421,#2422,#2423)
    ,(#2424,#2425,#2426,#2427,#2428,#2429,#2430,#2431,#2432,#2433,#2434
      ,#2435,#2436,#2437,#2438,#2439,#2440,#2441,#2442,#2443,#2444,#2445
      ,#2446,#2447,#2448,#2449,#2450,#2451,#2452,#2453,#2454,#2455,#2456
      ,#2457,#2458,#2459,#2460,#2461
)),.UNSPECIFIED.,.F.,.F.,.F.) B_SPLINE_SURFACE_WITH_KNOTS((3,3),(14,12,
    12,14),(0.,1.004302314461),(134.89869222085,135.14143159151,
    135.44752828401,135.90299453531),.UNSPECIFIED.) 
GEOMETRIC_REPRESENTATION_ITEM() RATIONAL_B_SPLINE_SURFACE((
    (1.,1.,0.999999999999,1.000000000003,0.999999999994,1.000000000009
      ,0.999999999989,1.00000000001,0.999999999992,1.000000000005
      ,0.999999999998,1.000000000001,1.,1.,1.000000000001,0.999999999996
      ,1.000000000007,0.999999999988,1.000000000015,0.999999999985
      ,1.000000000012,0.999999999993,1.000000000003,0.999999999999,1.,1.
      ,1.,1.,1.,1.000000000001,0.999999999998,1.000000000003
      ,0.999999999998,1.000000000002,0.999999999999,1.,1.,1.)
    ,(0.696226644229,0.726696684048,0.742096986867,0.762961472974
      ,0.768709384365,0.791415176085,0.790577804226,0.810950308857
      ,0.813086907172,0.825304672635,0.83194985234,0.839763599789
      ,0.846761778173,0.861750655522,0.869466556164,0.876615663093
      ,0.883260975263,0.889453397773,0.895233547357,0.900633557425
      ,0.905678883739,0.910390109337,0.914784750214,0.918879060355
      ,0.922689837234,0.931513189871,0.936198524198,0.940333854521
      ,0.943956479544,0.947099426784,0.949791507199,0.952057369831
      ,0.953917556387,0.955388555925,0.956482859409,0.957209014394
      ,0.957571679612,0.957571679612)
    ,(1.,1.,0.999999999999,1.000000000003,0.999999999994,1.000000000009
      ,0.999999999989,1.00000000001,0.999999999992,1.000000000005
      ,0.999999999998,1.000000000001,1.,1.,1.000000000001,0.999999999996
      ,1.000000000007,0.999999999988,1.000000000015,0.999999999985
      ,1.000000000012,0.999999999993,1.000000000003,0.999999999999,1.,1.
      ,1.,1.,1.,1.000000000001,0.999999999998,1.000000000003
      ,0.999999999998,1.000000000002,0.999999999999,1.,1.,1.
))) REPRESENTATION_ITEM('') SURFACE() );
#2348 = CARTESIAN_POINT('',(7.557598001031,-23.94112290017,
    5.054917653704));
#2349 = CARTESIAN_POINT('',(7.56360879876,-23.95457923735,5.063602358026
    ));
#2350 = CARTESIAN_POINT('',(7.568537199816,-23.96763248738,
    5.072034400245));
#2351 = CARTESIAN_POINT('',(7.572947761051,-23.98052283505,
    5.080368078072));
#2352 = CARTESIAN_POINT('',(7.576617888635,-23.99313434252,
    5.088528440246));
#2353 = CARTESIAN_POINT('',(7.580044321023,-24.00568521695,5.09665579024
    ));
#2354 = CARTESIAN_POINT('',(7.582740929471,-24.01794036914,
    5.104598450654));
#2355 = CARTESIAN_POINT('',(7.585303008712,-24.03016657911,
    5.112528046178));
#2356 = CARTESIAN_POINT('',(7.58726438546,-24.04213925126,5.120299657479
    ));
#2357 = CARTESIAN_POINT('',(7.588990524687,-24.05401981216,
    5.128017041384));
#2358 = CARTESIAN_POINT('',(7.590306187314,-24.06571903782,
    5.135622475713));
#2359 = CARTESIAN_POINT('',(7.591305243777,-24.07727258164,
    5.143138679003));
#2360 = CARTESIAN_POINT('',(7.591974385874,-24.08866628948,5.15055627295
    ));
#2361 = CARTESIAN_POINT('',(7.592773906238,-24.1140629165,5.167101851863
    ));
#2362 = CARTESIAN_POINT('',(7.59271763341,-24.12797072424,5.176170976007
    ));
#2363 = CARTESIAN_POINT('',(7.592177850563,-24.14161389065,
    5.185075573692));
#2364 = CARTESIAN_POINT('',(7.591169816502,-24.15498274093,
    5.193808840945));
#2365 = CARTESIAN_POINT('',(7.589705992109,-24.16806622286,
    5.202363055232));
#2366 = CARTESIAN_POINT('',(7.587796654689,-24.18085195469,
    5.210729605835));
#2367 = CARTESIAN_POINT('',(7.585450512334,-24.19332627302,
    5.218899024192));
#2368 = CARTESIAN_POINT('',(7.582675318257,-24.20547428067,
    5.226861014288));
#2369 = CARTESIAN_POINT('',(7.579478485163,-24.2172798946,5.234604482994
    ));
#2370 = CARTESIAN_POINT('',(7.575867699583,-24.22872589372,
    5.242117570448));
#2371 = CARTESIAN_POINT('',(7.571851536239,-24.23979396688,
    5.249387680403));
#2372 = CARTESIAN_POINT('',(7.567440072388,-24.25046476062,
    5.256401510605));
#2373 = CARTESIAN_POINT('',(7.555511269839,-24.27597445055,
    5.273179395114));
#2374 = CARTESIAN_POINT('',(7.547524977085,-24.29030920323,
    5.282617223824));
#2375 = CARTESIAN_POINT('',(7.538712552541,-24.30365600258,
    5.291413165846));
#2376 = CARTESIAN_POINT('',(7.529110765609,-24.31594349701,
    5.299518284076));
#2377 = CARTESIAN_POINT('',(7.518767096846,-24.32709781235,
    5.306881920907));
#2378 = CARTESIAN_POINT('',(7.507739608344,-24.33704519818,
    5.313453511415));
#2379 = CARTESIAN_POINT('',(7.496096814125,-24.34571467423,
    5.319184396519));
#2380 = CARTESIAN_POINT('',(7.483917550514,-24.35304067672,
    5.324029636175));
#2381 = CARTESIAN_POINT('',(7.471290846533,-24.35896570469,
    5.327949822537));
#2382 = CARTESIAN_POINT('',(7.458315794278,-24.36344296641,
    5.330912893143));
#2383 = CARTESIAN_POINT('',(7.445101419311,-24.36643902572,
    5.332895944085));
#2384 = CARTESIAN_POINT('',(7.431766551037,-24.36793644836,
    5.333887043189));
#2385 = CARTESIAN_POINT('',(7.418439693094,-24.36793644836,
    5.333887043189));
#2386 = CARTESIAN_POINT('',(8.448261849942,-24.37747652121,
    5.336539772013));
#2387 = CARTESIAN_POINT('',(8.376122092294,-24.36257500277,
    5.327137169671));
#2388 = CARTESIAN_POINT('',(8.33872276049,-24.36419756818,5.328380877077
    ));
#2389 = CARTESIAN_POINT('',(8.292053442751,-24.36019982835,
    5.325990574228));
#2390 = CARTESIAN_POINT('',(8.274705612619,-24.37131852184,
    5.333357129102));
#2391 = CARTESIAN_POINT('',(8.227257600871,-24.36532978532,
    5.329670797417));
#2392 = CARTESIAN_POINT('',(8.22140879037,-24.38232759678,5.340836442704
    ));
#2393 = CARTESIAN_POINT('',(8.179711787818,-24.37822028937,
    5.338359416126));
#2394 = CARTESIAN_POINT('',(8.168367230685,-24.39164468765,
    5.347217897045));
#2395 = CARTESIAN_POINT('',(8.140868241073,-24.39496366436,
    5.349540364086));
#2396 = CARTESIAN_POINT('',(8.122201301591,-24.4033997688,5.355173635072
    ));
#2397 = CARTESIAN_POINT('',(8.101741920591,-24.41039215824,
    5.359872790386));
#2398 = CARTESIAN_POINT('',(8.082486459389,-24.4178603929,5.364880163188
    ));
#2399 = CARTESIAN_POINT('',(8.040479805276,-24.43466699477,
    5.376147116225));
#2400 = CARTESIAN_POINT('',(8.018005058438,-24.44410735686,
    5.382473448843));
#2401 = CARTESIAN_POINT('',(7.996143235312,-24.45360334802,
    5.388836376813));
#2402 = CARTESIAN_POINT('',(7.974769463128,-24.46308489648,
    5.395190163585));
#2403 = CARTESIAN_POINT('',(7.953785831048,-24.47249399749,5.40149679148
    ));
#2404 = CARTESIAN_POINT('',(7.933115986544,-24.48178284259,
    5.407724770449));
#2405 = CARTESIAN_POINT('',(7.912700542908,-24.49091203679,
    5.413848000214));
#2406 = CARTESIAN_POINT('',(7.892493137362,-24.49984885283,
    5.419844653132));
#2407 = CARTESIAN_POINT('',(7.87245702512,-24.50856548879,5.425696056171
    ));
#2408 = CARTESIAN_POINT('',(7.852562126231,-24.51703730827,
    5.431385558752));
#2409 = CARTESIAN_POINT('',(7.832782463809,-24.52524105052,
    5.436897378392));
#2410 = CARTESIAN_POINT('',(7.813093947692,-24.53315300414,
    5.442215420369));
#2411 = CARTESIAN_POINT('',(7.764552619114,-24.55194004765,
    5.454848697472));
#2412 = CARTESIAN_POINT('',(7.735716125478,-24.56247528118,
    5.461938023629));
#2413 = CARTESIAN_POINT('',(7.706923492144,-24.57227912944,
    5.468539708288));
#2414 = CARTESIAN_POINT('',(7.678145218177,-24.58128467103,
    5.474607812446));
#2415 = CARTESIAN_POINT('',(7.649360545679,-24.58943187459,
    5.480100922329));
#2416 = CARTESIAN_POINT('',(7.620556340014,-24.59666774005,
    5.484982301026));
#2417 = CARTESIAN_POINT('',(7.591726072727,-24.60294646726,
    5.489220057762));
#2418 = CARTESIAN_POINT('',(7.562868884862,-24.60822963836,
    5.492787326064));
#2419 = CARTESIAN_POINT('',(7.533988713175,-24.61248640308,
    5.495662443984));
#2420 = CARTESIAN_POINT('',(7.5050934663,-24.61569365846,5.497829130779)
  );
#2421 = CARTESIAN_POINT('',(7.476194240642,-24.61783621653,
    5.499276656232));
#2422 = CARTESIAN_POINT('',(7.44730456858,-24.61890695604,5.5));
#2423 = CARTESIAN_POINT('',(7.418439693094,-24.61890695604,5.5));
#2424 = CARTESIAN_POINT('',(8.417830520113,-24.92762661617,
    4.465100503298));
#2425 = CARTESIAN_POINT('',(8.420828638363,-24.90383188219,
    4.550955376861));
#2426 = CARTESIAN_POINT('',(8.414703452515,-24.89674643276,4.6023831995)
  );
#2427 = CARTESIAN_POINT('',(8.410673845538,-24.88341882753,
    4.665649117387));
#2428 = CARTESIAN_POINT('',(8.397891228325,-24.8868099076,4.694570926551
    ));
#2429 = CARTESIAN_POINT('',(8.393467010453,-24.87111401728,
    4.761178976387));
#2430 = CARTESIAN_POINT('',(8.375979880918,-24.88152142645,
    4.774581449633));
#2431 = CARTESIAN_POINT('',(8.369196974789,-24.86808533248,
    4.835224606594));
#2432 = CARTESIAN_POINT('',(8.352262369969,-24.87481698644,
    4.854592190502));
#2433 = CARTESIAN_POINT('',(8.340209474535,-24.8701132845,4.896230735976
    ));
#2434 = CARTESIAN_POINT('',(8.324781999889,-24.87143678087,
    4.925015174795));
#2435 = CARTESIAN_POINT('',(8.309578729527,-24.87126109539,
    4.956072080864));
#2436 = CARTESIAN_POINT('',(8.293576994684,-24.87179615825,
    4.984948836483));
#2437 = CARTESIAN_POINT('',(8.256185115357,-24.87347752907,
    5.047574127476));
#2438 = CARTESIAN_POINT('',(8.234449274717,-24.87481081649,
    5.080499523114));
#2439 = CARTESIAN_POINT('',(8.211922809296,-24.87644605615,
    5.111592575837));
#2440 = CARTESIAN_POINT('',(8.188687606533,-24.87830594332,
    5.140991503867));
#2441 = CARTESIAN_POINT('',(8.164817276137,-24.88032746753,5.16880738339
    ));
#2442 = CARTESIAN_POINT('',(8.140378012508,-24.88245991008,
    5.195128409216));
#2443 = CARTESIAN_POINT('',(8.115429457154,-24.88466284155,
    5.220024155366));
#2444 = CARTESIAN_POINT('',(8.090025561123,-24.88690411926,
    5.243549835741));
#2445 = CARTESIAN_POINT('',(8.064215447409,-24.88915788481,
    5.265750564711));
#2446 = CARTESIAN_POINT('',(8.038044273392,-24.89140256152,
    5.286665617775));
#2447 = CARTESIAN_POINT('',(8.01155409324,-24.89361885201,5.306332692163
    ));
#2448 = CARTESIAN_POINT('',(7.984784720349,-24.89578773561,
    5.324792167482));
#2449 = CARTESIAN_POINT('',(7.917584011959,-24.90101431398,
    5.367832256199));
#2450 = CARTESIAN_POINT('',(7.876849333444,-24.90399796956,
    5.390989852035));
#2451 = CARTESIAN_POINT('',(7.835711875164,-24.90679147392,
    5.411663489928));
#2452 = CARTESIAN_POINT('',(7.794288688942,-24.90935816476,
    5.429950670236));
#2453 = CARTESIAN_POINT('',(7.752674513265,-24.91167118233,
    5.445945252182));
#2454 = CARTESIAN_POINT('',(7.71094372907,-24.91371197552,5.459735648403
    ));
#2455 = CARTESIAN_POINT('',(7.66915231555,-24.91546880799,5.471403019569
    ));
#2456 = CARTESIAN_POINT('',(7.627339805934,-24.91693526422,
    5.481019468911));
#2457 = CARTESIAN_POINT('',(7.585531243305,-24.91810875568,
    5.488646236855));
#2458 = CARTESIAN_POINT('',(7.543739136369,-24.9189890269,5.494331895545
    ));
#2459 = CARTESIAN_POINT('',(7.501965415273,-24.91957666159,
    5.498110543468));
#2460 = CARTESIAN_POINT('',(7.460203387384,-24.91987158875,5.5));
#2461 = CARTESIAN_POINT('',(7.418439693094,-24.91987158875,5.5));
#2462 = DEFINITIONAL_REPRESENTATION('',(#2463),#2467);
#2463 = LINE('',#2464,#2465);
#2464 = CARTESIAN_POINT('',(0.,0.));
#2465 = VECTOR('',#2466,1.);
#2466 = DIRECTION('',(0.,1.));
#2467 = ( GEOMETRIC_REPRESENTATION_CONTEXT(2) 
PARAMETRIC_REPRESENTATION_CONTEXT() REPRESENTATION_CONTEXT('2D SPACE',''
  ) );
#2468 = ADVANCED_FACE('',(#2469),#268,.T.);
#2469 = FACE_BOUND('',#2470,.T.);
#2470 = EDGE_LOOP('',(#2471,#2492,#2887,#2888));
#2471 = ORIENTED_EDGE('',*,*,#2472,.T.);
#2472 = EDGE_CURVE('',#22,#2473,#2475,.T.);
#2473 = VERTEX_POINT('',#2474);
#2474 = CARTESIAN_POINT('',(2.754523243707,-15.,-0.47046553172));
#2475 = SEAM_CURVE('',#2476,(#2480,#2486),.PCURVE_S1.);
#2476 = ( BOUNDED_CURVE() B_SPLINE_CURVE(2,(#2477,#2478,#2479),
.UNSPECIFIED.,.F.,.F.) B_SPLINE_CURVE_WITH_KNOTS((3,3),(0.,
17.605159763358),.PIECEWISE_BEZIER_KNOTS.) CURVE() 
GEOMETRIC_REPRESENTATION_ITEM() RATIONAL_B_SPLINE_CURVE((1.,
0.695384676483,1.)) REPRESENTATION_ITEM('') );
#2477 = CARTESIAN_POINT('',(3.748113732613,-14.55730286166,0.46897993818
    ));
#2478 = CARTESIAN_POINT('',(2.720459782845,-14.66039208726,
    0.504984361214));
#2479 = CARTESIAN_POINT('',(2.754523243707,-15.,-0.47046553172));
#2480 = PCURVE('',#268,#2481);
#2481 = DEFINITIONAL_REPRESENTATION('',(#2482),#2485);
#2482 = B_SPLINE_CURVE_WITH_KNOTS('',1,(#2483,#2484),.UNSPECIFIED.,.F.,
  .F.,(2,2),(0.,17.605159763358),.PIECEWISE_BEZIER_KNOTS.);
#2483 = CARTESIAN_POINT('',(0.,0.360177808105));
#2484 = CARTESIAN_POINT('',(17.605159763358,0.360177808105));
#2485 = ( GEOMETRIC_REPRESENTATION_CONTEXT(2) 
PARAMETRIC_REPRESENTATION_CONTEXT() REPRESENTATION_CONTEXT('2D SPACE',''
  ) );
#2486 = PCURVE('',#268,#2487);
#2487 = DEFINITIONAL_REPRESENTATION('',(#2488),#2491);
#2488 = B_SPLINE_CURVE_WITH_KNOTS('',1,(#2489,#2490),.UNSPECIFIED.,.F.,
  .F.,(2,2),(0.,17.605159763358),.PIECEWISE_BEZIER_KNOTS.);
#2489 = CARTESIAN_POINT('',(0.,17.965337571463));
#2490 = CARTESIAN_POINT('',(17.605159763358,17.965337571463));
#2491 = ( GEOMETRIC_REPRESENTATION_CONTEXT(2) 
PARAMETRIC_REPRESENTATION_CONTEXT() REPRESENTATION_CONTEXT('2D SPACE',''
  ) );
#2492 = ORIENTED_EDGE('',*,*,#2493,.T.);
#2493 = EDGE_CURVE('',#2473,#2473,#2494,.T.);
#2494 = SURFACE_CURVE('',#2495,(#2562,#2569),.PCURVE_S1.);
#2495 = ( BOUNDED_CURVE() B_SPLINE_CURVE(10,(#2496,#2497,#2498,#2499,
    #2500,#2501,#2502,#2503,#2504,#2505,#2506,#2507,#2508,#2509,#2510,
    #2511,#2512,#2513,#2514,#2515,#2516,#2517,#2518,#2519,#2520,#2521,
    #2522,#2523,#2524,#2525,#2526,#2527,#2528,#2529,#2530,#2531,#2532,
    #2533,#2534,#2535,#2536,#2537,#2538,#2539,#2540,#2541,#2542,#2543,
    #2544,#2545,#2546,#2547,#2548,#2549,#2550,#2551,#2552,#2553,#2554,
    #2555,#2556,#2557,#2558,#2559,#2560,#2561),.UNSPECIFIED.,.T.,.F.) 
B_SPLINE_CURVE_WITH_KNOTS((11,9,9,9,9,9,10,11),(0.360177808105,
    5.184294375133,9.366588933495,13.975341183234,16.012733484956,
    17.076019850851,17.605159763358,17.965337571463),.UNSPECIFIED.) 
CURVE() GEOMETRIC_REPRESENTATION_ITEM() RATIONAL_B_SPLINE_CURVE((1.,1.,
    1.,1.000000000001,0.999999999999,1.000000000001,0.999999999999,1.,1.
    ,1.,1.,1.,1.,1.,1.,1.,1.,1.,1.,1.,1.,1.,1.,1.,1.,1.,1.,1.,1.,1.,1.,
    0.999999999999,1.000000000001,1.,1.,1.,1.,1.,1.,1.,1.,1.,1.,1.,1.,1.
    ,1.,1.,1.000000000001,0.999999999999,1.000000000001,0.999999999999,
    1.000000000001,1.,1.,1.,1.,1.,1.,1.,1.,1.,1.,1.,1.,1.)) 
REPRESENTATION_ITEM('') );
#2496 = CARTESIAN_POINT('',(2.754523243707,-15.,-0.47046553172));
#2497 = CARTESIAN_POINT('',(2.762188232724,-14.54259050722,
    -0.68996209863));
#2498 = CARTESIAN_POINT('',(2.685374901932,-14.06954750137,
    -0.905143282693));
#2499 = CARTESIAN_POINT('',(2.514409047214,-13.59381851369,
    -1.108543564593));
#2500 = CARTESIAN_POINT('',(2.241867521676,-13.13959656223,
    -1.290215119963));
#2501 = CARTESIAN_POINT('',(1.86212782672,-12.72278222107,
    -1.444694547993));
#2502 = CARTESIAN_POINT('',(1.375193856336,-12.39744030442,
    -1.556681333029));
#2503 = CARTESIAN_POINT('',(0.825594857355,-12.18824694335,
    -1.627644123752));
#2504 = CARTESIAN_POINT('',(0.240716355813,-12.11185614306,
    -1.654191525631));
#2505 = CARTESIAN_POINT('',(-0.333542350743,-12.16962481747,
    -1.635222520345));
#2506 = CARTESIAN_POINT('',(-1.319705434024,-12.49371075613,
    -1.520511523975));
#2507 = CARTESIAN_POINT('',(-1.742960927721,-12.73138560613,
    -1.435288240433));
#2508 = CARTESIAN_POINT('',(-2.108103472141,-13.04383652429,
    -1.320376896633));
#2509 = CARTESIAN_POINT('',(-2.405450878965,-13.41685535121,
    -1.177325443081));
#2510 = CARTESIAN_POINT('',(-2.612705837248,-13.82056210582,
    -1.013255154122));
#2511 = CARTESIAN_POINT('',(-2.748899724611,-14.2394133827,
    -0.832508265034));
#2512 = CARTESIAN_POINT('',(-2.807315118958,-14.65607692776,
    -0.642405604051));
#2513 = CARTESIAN_POINT('',(-2.802146274738,-15.06187660838,
    -0.447651272664));
#2514 = CARTESIAN_POINT('',(-2.736705643823,-15.44901183902,
    -0.253284020613));
#2515 = CARTESIAN_POINT('',(-2.48604513044,-16.21071905165,0.14434581339
    ));
#2516 = CARTESIAN_POINT('',(-2.289265752552,-16.57996151274,
    0.346485916806));
#2517 = CARTESIAN_POINT('',(-2.034360405452,-16.9109744107,
    0.535875227544));
#2518 = CARTESIAN_POINT('',(-1.729067110477,-17.19733043631,
    0.706117399411));
#2519 = CARTESIAN_POINT('',(-1.378655394051,-17.43277682194,
    0.850657498731));
#2520 = CARTESIAN_POINT('',(-0.98999182318,-17.60927038025,
    0.961549867698));
#2521 = CARTESIAN_POINT('',(-0.574904079317,-17.71817076248,
    1.030646088378));
#2522 = CARTESIAN_POINT('',(-0.149362896592,-17.75446241467,
    1.053302344165));
#2523 = CARTESIAN_POINT('',(0.270749294302,-17.72016419315,
    1.031346153091));
#2524 = CARTESIAN_POINT('',(0.849762661746,-17.57481777293,
    0.940981663794));
#2525 = CARTESIAN_POINT('',(1.023663350427,-17.51725929091,
    0.905320521451));
#2526 = CARTESIAN_POINT('',(1.192798774423,-17.44708614462,
    0.862066906746));
#2527 = CARTESIAN_POINT('',(1.35612892196,-17.3647811767,0.811686008696)
  );
#2528 = CARTESIAN_POINT('',(1.512727007257,-17.27089940723,
    0.754717435934));
#2529 = CARTESIAN_POINT('',(1.661764756697,-17.16604487611,
    0.691751656178));
#2530 = CARTESIAN_POINT('',(1.802497695007,-17.0508474855,0.6234064357)
  );
#2531 = CARTESIAN_POINT('',(1.934250431433,-16.92593984221,
    0.550303278794));
#2532 = CARTESIAN_POINT('',(2.056401945915,-16.79193410016,
    0.473043867247));
#2533 = CARTESIAN_POINT('',(2.226805883525,-16.57501163722,
    0.349988177808));
#2534 = CARTESIAN_POINT('',(2.282461930578,-16.49830809038,
    0.306813558078));
#2535 = CARTESIAN_POINT('',(2.335255865087,-16.4193695849,0.262744139656
    ));
#2536 = CARTESIAN_POINT('',(2.385103196192,-16.33827979151,
    0.217860997168));
#2537 = CARTESIAN_POINT('',(2.431918093496,-16.2551246291,0.172244780818
    ));
#2538 = CARTESIAN_POINT('',(2.475613387082,-16.16999226464,
    0.125975716392));
#2539 = CARTESIAN_POINT('',(2.516100567495,-16.08297311325,
    7.91336052568E-02));
#2540 = CARTESIAN_POINT('',(2.553289785757,-15.99415983814,
    3.179782436056E-02));
#2541 = CARTESIAN_POINT('',(2.587089853359,-15.90364735063,
    -1.595267376793E-02));
#2542 = CARTESIAN_POINT('',(2.632496058833,-15.76569240305,
    -8.796949527159E-02));
#2543 = CARTESIAN_POINT('',(2.646721903327,-15.7194539919,
    -0.111982837542));
#2544 = CARTESIAN_POINT('',(2.660073758263,-15.67283138961,
    -0.136069533986));
#2545 = CARTESIAN_POINT('',(2.672539606157,-15.62583840907,
    -0.160219730762));
#2546 = CARTESIAN_POINT('',(2.684107429527,-15.57848886317,
    -0.184423574027));
#2547 = CARTESIAN_POINT('',(2.69476521089,-15.53079656482,
    -0.208671209937));
#2548 = CARTESIAN_POINT('',(2.704500932764,-15.48277532692,
    -0.23295278465));
#2549 = CARTESIAN_POINT('',(2.713302577667,-15.43443896236,
    -0.257258444323));
#2550 = CARTESIAN_POINT('',(2.721158128115,-15.38580128403,
    -0.281578335112));
#2551 = CARTESIAN_POINT('',(2.728055566627,-15.33687610485,
    -0.305902603175));
#2552 = CARTESIAN_POINT('',(2.732730379372,-15.30371653065,
    -0.322388599006));
#2553 = CARTESIAN_POINT('',(2.736964835413,-15.27042526494,
    -0.338876561869));
#2554 = CARTESIAN_POINT('',(2.740755064761,-15.237007689,-0.355363278882
    ));
#2555 = CARTESIAN_POINT('',(2.744097197427,-15.20346918414,
    -0.371845537156));
#2556 = CARTESIAN_POINT('',(2.746987363422,-15.16981513164,
    -0.388320123807));
#2557 = CARTESIAN_POINT('',(2.749421692756,-15.1360509128,-0.40478382595
    ));
#2558 = CARTESIAN_POINT('',(2.751396315441,-15.10218190893,
    -0.421233430698));
#2559 = CARTESIAN_POINT('',(2.752907361487,-15.0682135013,
    -0.437665725166));
#2560 = CARTESIAN_POINT('',(2.753950960905,-15.03415107123,
    -0.454077496468));
#2561 = CARTESIAN_POINT('',(2.754523243707,-15.,-0.47046553172));
#2562 = PCURVE('',#268,#2563);
#2563 = DEFINITIONAL_REPRESENTATION('',(#2564),#2568);
#2564 = LINE('',#2565,#2566);
#2565 = CARTESIAN_POINT('',(17.605159763358,0.));
#2566 = VECTOR('',#2567,1.);
#2567 = DIRECTION('',(0.,1.));
#2568 = ( GEOMETRIC_REPRESENTATION_CONTEXT(2) 
PARAMETRIC_REPRESENTATION_CONTEXT() REPRESENTATION_CONTEXT('2D SPACE',''
  ) );
#2569 = PCURVE('',#2570,#2575);
#2570 = CONICAL_SURFACE('',#2571,2.999999996508,3.490658503989E-02);
#2571 = AXIS2_PLACEMENT_3D('',#2572,#2573,#2574);
#2572 = CARTESIAN_POINT('',(0.,-15.,-7.5));
#2573 = DIRECTION('',(-0.,-0.,-1.));
#2574 = DIRECTION('',(1.,0.,0.));
#2575 = DEFINITIONAL_REPRESENTATION('',(#2576),#2886);
#2576 = B_SPLINE_CURVE_WITH_KNOTS('',11,(#2577,#2578,#2579,#2580,#2581,
    #2582,#2583,#2584,#2585,#2586,#2587,#2588,#2589,#2590,#2591,#2592,
    #2593,#2594,#2595,#2596,#2597,#2598,#2599,#2600,#2601,#2602,#2603,
    #2604,#2605,#2606,#2607,#2608,#2609,#2610,#2611,#2612,#2613,#2614,
    #2615,#2616,#2617,#2618,#2619,#2620,#2621,#2622,#2623,#2624,#2625,
    #2626,#2627,#2628,#2629,#2630,#2631,#2632,#2633,#2634,#2635,#2636,
    #2637,#2638,#2639,#2640,#2641,#2642,#2643,#2644,#2645,#2646,#2647,
    #2648,#2649,#2650,#2651,#2652,#2653,#2654,#2655,#2656,#2657,#2658,
    #2659,#2660,#2661,#2662,#2663,#2664,#2665,#2666,#2667,#2668,#2669,
    #2670,#2671,#2672,#2673,#2674,#2675,#2676,#2677,#2678,#2679,#2680,
    #2681,#2682,#2683,#2684,#2685,#2686,#2687,#2688,#2689,#2690,#2691,
    #2692,#2693,#2694,#2695,#2696,#2697,#2698,#2699,#2700,#2701,#2702,
    #2703,#2704,#2705,#2706,#2707,#2708,#2709,#2710,#2711,#2712,#2713,
    #2714,#2715,#2716,#2717,#2718,#2719,#2720,#2721,#2722,#2723,#2724,
    #2725,#2726,#2727,#2728,#2729,#2730,#2731,#2732,#2733,#2734,#2735,
    #2736,#2737,#2738,#2739,#2740,#2741,#2742,#2743,#2744,#2745,#2746,
    #2747,#2748,#2749,#2750,#2751,#2752,#2753,#2754,#2755,#2756,#2757,
    #2758,#2759,#2760,#2761,#2762,#2763,#2764,#2765,#2766,#2767,#2768,
    #2769,#2770,#2771,#2772,#2773,#2774,#2775,#2776,#2777,#2778,#2779,
    #2780,#2781,#2782,#2783,#2784,#2785,#2786,#2787,#2788,#2789,#2790,
    #2791,#2792,#2793,#2794,#2795,#2796,#2797,#2798,#2799,#2800,#2801,
    #2802,#2803,#2804,#2805,#2806,#2807,#2808,#2809,#2810,#2811,#2812,
    #2813,#2814,#2815,#2816,#2817,#2818,#2819,#2820,#2821,#2822,#2823,
    #2824,#2825,#2826,#2827,#2828,#2829,#2830,#2831,#2832,#2833,#2834,
    #2835,#2836,#2837,#2838,#2839,#2840,#2841,#2842,#2843,#2844,#2845,
    #2846,#2847,#2848,#2849,#2850,#2851,#2852,#2853,#2854,#2855,#2856,
    #2857,#2858,#2859,#2860,#2861,#2862,#2863,#2864,#2865,#2866,#2867,
    #2868,#2869,#2870,#2871,#2872,#2873,#2874,#2875,#2876,#2877,#2878,
    #2879,#2880,#2881,#2882,#2883,#2884,#2885),.UNSPECIFIED.,.F.,.F.,(12
    ,11,11,11,11,11,11,11,11,11,11,11,11,11,11,11,11,11,11,11,11,11,11,
    11,11,11,11,11,12),(0.360177808105,2.560822778525,4.761467748945,
    5.31162899155,5.861790234154,6.962112719364,9.162757689784,
    9.437838311087,9.712918932389,10.263080174994,11.363402660204,
    13.564047630624,13.839128251926,14.114208873229,14.664370115834,
    15.764692601044,16.314853843649,16.865015086253,17.415176328858,
    17.55271663951,17.587101717172,17.604294256004,17.605368789681,
    17.606443323358,17.608592390712,17.61289052542,17.621486794835,
    17.690256950161,17.965337571463),.UNSPECIFIED.);
#2577 = CARTESIAN_POINT('',(-1.910821149294E-17,-7.02953446828));
#2578 = CARTESIAN_POINT('',(-6.88647703831E-02,-6.938508291802));
#2579 = CARTESIAN_POINT('',(-0.138524587443,-6.848215476034));
#2580 = CARTESIAN_POINT('',(-0.209075466772,-6.759180546563));
#2581 = CARTESIAN_POINT('',(-0.280598713454,-6.671958987037));
#2582 = CARTESIAN_POINT('',(-0.353111983962,-6.587172241281));
#2583 = CARTESIAN_POINT('',(-0.426685482004,-6.505373887476));
#2584 = CARTESIAN_POINT('',(-0.501353174069,-6.427150008573));
#2585 = CARTESIAN_POINT('',(-0.577088245845,-6.353121409088));
#2586 = CARTESIAN_POINT('',(-0.653876896219,-6.283825776641));
#2587 = CARTESIAN_POINT('',(-0.731647534546,-6.219793901343));
#2588 = CARTESIAN_POINT('',(-0.810326063693,-6.161475409447));
#2589 = CARTESIAN_POINT('',(-0.889004432109,-6.103157042411));
#2590 = CARTESIAN_POINT('',(-0.968590649481,-6.050552880226));
#2591 = CARTESIAN_POINT('',(-1.049003350461,-6.004118557439));
#2592 = CARTESIAN_POINT('',(-1.13015309053,-5.964246801098));
#2593 = CARTESIAN_POINT('',(-1.211921291469,-5.931259477847));
#2594 = CARTESIAN_POINT('',(-1.294204319305,-5.90539941112));
#2595 = CARTESIAN_POINT('',(-1.376891124469,-5.886838605844));
#2596 = CARTESIAN_POINT('',(-1.459866272855,-5.875696280839));
#2597 = CARTESIAN_POINT('',(-1.543028642058,-5.872049132575));
#2598 = CARTESIAN_POINT('',(-1.626230251242,-5.875919554377));
#2599 = CARTESIAN_POINT('',(-1.709310335662,-5.887247108915));
#2600 = CARTESIAN_POINT('',(-1.730080396886,-5.89007895941));
#2601 = CARTESIAN_POINT('',(-1.750842630202,-5.893377063117));
#2602 = CARTESIAN_POINT('',(-1.771594969423,-5.897140081126));
#2603 = CARTESIAN_POINT('',(-1.792334462962,-5.901367011875));
#2604 = CARTESIAN_POINT('',(-1.813058206647,-5.906056418819));
#2605 = CARTESIAN_POINT('',(-1.833763524409,-5.91120623492));
#2606 = CARTESIAN_POINT('',(-1.854447728863,-5.916813908295));
#2607 = CARTESIAN_POINT('',(-1.875107793856,-5.922876653972));
#2608 = CARTESIAN_POINT('',(-1.895740271007,-5.929391575999));
#2609 = CARTESIAN_POINT('',(-1.916341782293,-5.936355424861));
#2610 = CARTESIAN_POINT('',(-1.936910420724,-5.943763754539));
#2611 = CARTESIAN_POINT('',(-1.957479114889,-5.951172141044));
#2612 = CARTESIAN_POINT('',(-1.978014834887,-5.95902521115));
#2613 = CARTESIAN_POINT('',(-1.998515472664,-5.967319365459));
#2614 = CARTESIAN_POINT('',(-2.018979151841,-5.976050874757));
#2615 = CARTESIAN_POINT('',(-2.03940418144,-5.985215847249));
#2616 = CARTESIAN_POINT('',(-2.05978900959,-5.994810195827));
#2617 = CARTESIAN_POINT('',(-2.080132177271,-6.004829605293));
#2618 = CARTESIAN_POINT('',(-2.100432272002,-6.015269499636));
#2619 = CARTESIAN_POINT('',(-2.120687881594,-6.026125009254));
#2620 = CARTESIAN_POINT('',(-2.140897547842,-6.03739093822));
#2621 = CARTESIAN_POINT('',(-2.161059720267,-6.049061731522));
#2622 = CARTESIAN_POINT('',(-2.201384150016,-6.072403385632));
#2623 = CARTESIAN_POINT('',(-2.241518783867,-6.097364550151));
#2624 = CARTESIAN_POINT('',(-2.281452330035,-6.123901575268));
#2625 = CARTESIAN_POINT('',(-2.321172949631,-6.151965520174));
#2626 = CARTESIAN_POINT('',(-2.360669077837,-6.181502678141));
#2627 = CARTESIAN_POINT('',(-2.399930072049,-6.212455107734));
#2628 = CARTESIAN_POINT('',(-2.438946686389,-6.244761168823));
#2629 = CARTESIAN_POINT('',(-2.477711373364,-6.27835606512));
#2630 = CARTESIAN_POINT('',(-2.516218411833,-6.313172391394));
#2631 = CARTESIAN_POINT('',(-2.554463862039,-6.349140687006));
#2632 = CARTESIAN_POINT('',(-2.592445347136,-6.38618999455));
#2633 = CARTESIAN_POINT('',(-2.668408291674,-6.460288533122));
#2634 = CARTESIAN_POINT('',(-2.743315924703,-6.538711679395));
#2635 = CARTESIAN_POINT('',(-2.817146456996,-6.620886611128));
#2636 = CARTESIAN_POINT('',(-2.889923444251,-6.70624119634));
#2637 = CARTESIAN_POINT('',(-2.961634338182,-6.794115295391));
#2638 = CARTESIAN_POINT('',(-3.032411354586,-6.884019066339));
#2639 = CARTESIAN_POINT('',(-3.102208994952,-6.975233505044));
#2640 = CARTESIAN_POINT('',(-3.171218173562,-7.067336630929));
#2641 = CARTESIAN_POINT('',(-3.239461479276,-7.159688250284));
#2642 = CARTESIAN_POINT('',(-3.307066115102,-7.251820141696));
#2643 = CARTESIAN_POINT('',(-3.37411908705,-7.34320149215));
#2644 = CARTESIAN_POINT('',(-3.382500712325,-7.354624190837));
#2645 = CARTESIAN_POINT('',(-3.390873814238,-7.366035216821));
#2646 = CARTESIAN_POINT('',(-3.399238488131,-7.37743354143));
#2647 = CARTESIAN_POINT('',(-3.407594920152,-7.388818154631));
#2648 = CARTESIAN_POINT('',(-3.415943341541,-7.400188055246));
#2649 = CARTESIAN_POINT('',(-3.424283992766,-7.411542243772));
#2650 = CARTESIAN_POINT('',(-3.4326170976,-7.422879717802));
#2651 = CARTESIAN_POINT('',(-3.440942847031,-7.434199470024));
#2652 = CARTESIAN_POINT('',(-3.449261393122,-7.445500488861));
#2653 = CARTESIAN_POINT('',(-3.457572852706,-7.456781761661));
#2654 = CARTESIAN_POINT('',(-3.465877321014,-7.468042280528));
#2655 = CARTESIAN_POINT('',(-3.474181826185,-7.479302811168));
#2656 = CARTESIAN_POINT('',(-3.482479458469,-7.490542596664));
#2657 = CARTESIAN_POINT('',(-3.49077041476,-7.501760641699));
#2658 = CARTESIAN_POINT('',(-3.499054891975,-7.512955951014));
#2659 = CARTESIAN_POINT('',(-3.507333086987,-7.524127529236));
#2660 = CARTESIAN_POINT('',(-3.515605196735,-7.535274381165));
#2661 = CARTESIAN_POINT('',(-3.52387141808,-7.546395511393));
#2662 = CARTESIAN_POINT('',(-3.532131947958,-7.557489924712));
#2663 = CARTESIAN_POINT('',(-3.540386983246,-7.56855662576));
#2664 = CARTESIAN_POINT('',(-3.548636720859,-7.57959461927));
#2665 = CARTESIAN_POINT('',(-3.556881357692,-7.590602909928));
#2666 = CARTESIAN_POINT('',(-3.573370619068,-7.61261951456));
#2667 = CARTESIAN_POINT('',(-3.589839435135,-7.634517281967));
#2668 = CARTESIAN_POINT('',(-3.606289339705,-7.656288278297));
#2669 = CARTESIAN_POINT('',(-3.622721839452,-7.677924535347));
#2670 = CARTESIAN_POINT('',(-3.639138413896,-7.699418050515));
#2671 = CARTESIAN_POINT('',(-3.655540515431,-7.720760786883));
#2672 = CARTESIAN_POINT('',(-3.671929569289,-7.741944673103));
#2673 = CARTESIAN_POINT('',(-3.688306973574,-7.762961603522));
#2674 = CARTESIAN_POINT('',(-3.704674099238,-7.783803438071));
#2675 = CARTESIAN_POINT('',(-3.721032290093,-7.804462002345));
#2676 = CARTESIAN_POINT('',(-3.737382862807,-7.824929087558));
#2677 = CARTESIAN_POINT('',(-3.77008400131,-7.86586336121));
#2678 = CARTESIAN_POINT('',(-3.802754673566,-7.906031313888));
#2679 = CARTESIAN_POINT('',(-3.835405359522,-7.945367600011));
#2680 = CARTESIAN_POINT('',(-3.868046057315,-7.983805687154));
#2681 = CARTESIAN_POINT('',(-3.900686191981,-8.021278086647));
#2682 = CARTESIAN_POINT('',(-3.933334524093,-8.057716584002));
#2683 = CARTESIAN_POINT('',(-3.965999058514,-8.093052469608));
#2684 = CARTESIAN_POINT('',(-3.998686953009,-8.127216769092));
#2685 = CARTESIAN_POINT('',(-4.031404426996,-8.160140474016));
#2686 = CARTESIAN_POINT('',(-4.064156670185,-8.191754772298));
#2687 = CARTESIAN_POINT('',(-4.096947751291,-8.221991278821));
#2688 = CARTESIAN_POINT('',(-4.162529933593,-8.282464553845));
#2689 = CARTESIAN_POINT('',(-4.228267481416,-8.337428147293));
#2690 = CARTESIAN_POINT('',(-4.294193586292,-8.38633907543));
#2691 = CARTESIAN_POINT('',(-4.360323320158,-8.428669727944));
#2692 = CARTESIAN_POINT('',(-4.426654007576,-8.463924942616));
#2693 = CARTESIAN_POINT('',(-4.493163878636,-8.491667211855));
#2694 = CARTESIAN_POINT('',(-4.559814434307,-8.51154529744));
#2695 = CARTESIAN_POINT('',(-4.626555705218,-8.523321944803));
#2696 = CARTESIAN_POINT('',(-4.693331352882,-8.526895261347));
#2697 = CARTESIAN_POINT('',(-4.760082347949,-8.522305651759));
#2698 = CARTESIAN_POINT('',(-4.826753764637,-8.509715989771));
#2699 = CARTESIAN_POINT('',(-4.835087713453,-8.508142451847));
#2700 = CARTESIAN_POINT('',(-4.84342041327,-8.506443714797));
#2701 = CARTESIAN_POINT('',(-4.851751771549,-8.504620204866));
#2702 = CARTESIAN_POINT('',(-4.860081695796,-8.502672348387));
#2703 = CARTESIAN_POINT('',(-4.868410093434,-8.500600571522));
#2704 = CARTESIAN_POINT('',(-4.876736872007,-8.49840530069));
#2705 = CARTESIAN_POINT('',(-4.885061938921,-8.496086962004));
#2706 = CARTESIAN_POINT('',(-4.893385201707,-8.49364598187));
#2707 = CARTESIAN_POINT('',(-4.901706567804,-8.491082786467));
#2708 = CARTESIAN_POINT('',(-4.910025944707,-8.488397802114));
#2709 = CARTESIAN_POINT('',(-4.918343239882,-8.485591455065));
#2710 = CARTESIAN_POINT('',(-4.926660583726,-8.482785269057));
#2711 = CARTESIAN_POINT('',(-4.934975690018,-8.47985792945));
#2712 = CARTESIAN_POINT('',(-4.943288919441,-8.476809875602));
#2713 = CARTESIAN_POINT('',(-4.951599863566,-8.473641746933));
#2714 = CARTESIAN_POINT('',(-4.959908259085,-8.470354134714));
#2715 = CARTESIAN_POINT('',(-4.968214205031,-8.466947549839));
#2716 = CARTESIAN_POINT('',(-4.976517963396,-8.463422510543));
#2717 = CARTESIAN_POINT('',(-4.98481962453,-8.459779656284));
#2718 = CARTESIAN_POINT('',(-4.993118917629,-8.456019791409));
#2719 = CARTESIAN_POINT('',(-5.001415447604,-8.452143764714));
#2720 = CARTESIAN_POINT('',(-5.009709638869,-8.448152089018));
#2721 = CARTESIAN_POINT('',(-5.026297930959,-8.440168861428));
#2722 = CARTESIAN_POINT('',(-5.042876123456,-8.431723274262));
#2723 = CARTESIAN_POINT('',(-5.059443718306,-8.422821379846));
#2724 = CARTESIAN_POINT('',(-5.076000300767,-8.413469454633));
#2725 = CARTESIAN_POINT('',(-5.09254553949,-8.403673999334));
#2726 = CARTESIAN_POINT('',(-5.109079186385,-8.39344173871));
#2727 = CARTESIAN_POINT('',(-5.125601076802,-8.382779621832));
#2728 = CARTESIAN_POINT('',(-5.142111129333,-8.371694821818));
#2729 = CARTESIAN_POINT('',(-5.158609345987,-8.360194736048));
#2730 = CARTESIAN_POINT('',(-5.175095812063,-8.348286986025));
#2731 = CARTESIAN_POINT('',(-5.191570696226,-8.335979417443));
#2732 = CARTESIAN_POINT('',(-5.224520348312,-8.311364236892));
#2733 = CARTESIAN_POINT('',(-5.257423703975,-8.285149137802));
#2734 = CARTESIAN_POINT('',(-5.290281340439,-8.257396572728));
#2735 = CARTESIAN_POINT('',(-5.323095260019,-8.228171236183));
#2736 = CARTESIAN_POINT('',(-5.355868553248,-8.197539862694));
#2737 = CARTESIAN_POINT('',(-5.38860518582,-8.165570882463));
#2738 = CARTESIAN_POINT('',(-5.421309908985,-8.132333934117));
#2739 = CARTESIAN_POINT('',(-5.453988293874,-8.097899235243));
#2740 = CARTESIAN_POINT('',(-5.486646889222,-8.062336809936));
#2741 = CARTESIAN_POINT('',(-5.519293502985,-8.025715574072));
#2742 = CARTESIAN_POINT('',(-5.551937607472,-7.988102277758));
#2743 = CARTESIAN_POINT('',(-5.568259717258,-7.969295446453));
#2744 = CARTESIAN_POINT('',(-5.584580563507,-7.950242173192));
#2745 = CARTESIAN_POINT('',(-5.600904076589,-7.930943679188));
#2746 = CARTESIAN_POINT('',(-5.617224527956,-7.911425599964));
#2747 = CARTESIAN_POINT('',(-5.633553285825,-7.891671553803));
#2748 = CARTESIAN_POINT('',(-5.649884595292,-7.871705584158));
#2749 = CARTESIAN_POINT('',(-5.666217926238,-7.851541236439));
#2750 = CARTESIAN_POINT('',(-5.682561826473,-7.8311702388));
#2751 = CARTESIAN_POINT('',(-5.698911343528,-7.810614142473));
#2752 = CARTESIAN_POINT('',(-5.715271014493,-7.789874909347));
#2753 = CARTESIAN_POINT('',(-5.731641255133,-7.768962389463));
#2754 = CARTESIAN_POINT('',(-5.748011497371,-7.748049870311));
#2755 = CARTESIAN_POINT('',(-5.764392503325,-7.726963771014));
#2756 = CARTESIAN_POINT('',(-5.780785641357,-7.705712249705));
#2757 = CARTESIAN_POINT('',(-5.797192298551,-7.684303442535));
#2758 = CARTESIAN_POINT('',(-5.813613880678,-7.662745463663));
#2759 = CARTESIAN_POINT('',(-5.830051812277,-7.64104640529));
#2760 = CARTESIAN_POINT('',(-5.846507536528,-7.6192143376));
#2761 = CARTESIAN_POINT('',(-5.862982515404,-7.597257308832));
#2762 = CARTESIAN_POINT('',(-5.879478229525,-7.575183345213));
#2763 = CARTESIAN_POINT('',(-5.895996178271,-7.553000451007));
#2764 = CARTESIAN_POINT('',(-5.912537879713,-7.530716608485));
#2765 = CARTESIAN_POINT('',(-5.929079590078,-7.508432746542));
#2766 = CARTESIAN_POINT('',(-5.945645180451,-7.486047768814));
#2767 = CARTESIAN_POINT('',(-5.962236072176,-7.463569807687));
#2768 = CARTESIAN_POINT('',(-5.978853884064,-7.441006666839));
#2769 = CARTESIAN_POINT('',(-5.995500282959,-7.418366094481));
#2770 = CARTESIAN_POINT('',(-6.012176882545,-7.395655964293));
#2771 = CARTESIAN_POINT('',(-6.028885189648,-7.372884363172));
#2772 = CARTESIAN_POINT('',(-6.045626599015,-7.350059586929));
#2773 = CARTESIAN_POINT('',(-6.062402435496,-7.327190042722));
#2774 = CARTESIAN_POINT('',(-6.079214044609,-7.304284059303));
#2775 = CARTESIAN_POINT('',(-6.096062930745,-7.281349604282));
#2776 = CARTESIAN_POINT('',(-6.100275158527,-7.275615988212));
#2777 = CARTESIAN_POINT('',(-6.104489723284,-7.269880587705));
#2778 = CARTESIAN_POINT('',(-6.108706652184,-7.264143524353));
#2779 = CARTESIAN_POINT('',(-6.112925972393,-7.258404919749));
#2780 = CARTESIAN_POINT('',(-6.117147711085,-7.252664895485));
#2781 = CARTESIAN_POINT('',(-6.121371895416,-7.246923573149));
#2782 = CARTESIAN_POINT('',(-6.125598552568,-7.24118107434));
#2783 = CARTESIAN_POINT('',(-6.129827709695,-7.235437520642));
#2784 = CARTESIAN_POINT('',(-6.134059393974,-7.229693033653));
#2785 = CARTESIAN_POINT('',(-6.138293632569,-7.223947734961));
#2786 = CARTESIAN_POINT('',(-6.142530452648,-7.218201746159));
#2787 = CARTESIAN_POINT('',(-6.143589654493,-7.216765234704));
#2788 = CARTESIAN_POINT('',(-6.144649019601,-7.215328688666));
#2789 = CARTESIAN_POINT('',(-6.145708547962,-7.213892108035));
#2790 = CARTESIAN_POINT('',(-6.146768239598,-7.212455492837));
#2791 = CARTESIAN_POINT('',(-6.147828094471,-7.211018843026));
#2792 = CARTESIAN_POINT('',(-6.148888112632,-7.209582158662));
#2793 = CARTESIAN_POINT('',(-6.149948294028,-7.208145439686));
#2794 = CARTESIAN_POINT('',(-6.151008638703,-7.206708686143));
#2795 = CARTESIAN_POINT('',(-6.152069146628,-7.205271898006));
#2796 = CARTESIAN_POINT('',(-6.153129817817,-7.203835075287));
#2797 = CARTESIAN_POINT('',(-6.154190652265,-7.202398217983));
#2798 = CARTESIAN_POINT('',(-6.154721070685,-7.201679794673));
#2799 = CARTESIAN_POINT('',(-6.15525153064,-7.200961365926));
#2800 = CARTESIAN_POINT('',(-6.15578203212,-7.200242931731));
#2801 = CARTESIAN_POINT('',(-6.156312575151,-7.199524492109));
#2802 = CARTESIAN_POINT('',(-6.156843159686,-7.198806047026));
#2803 = CARTESIAN_POINT('',(-6.157373785789,-7.198087596528));
#2804 = CARTESIAN_POINT('',(-6.15790445339,-7.197369140564));
#2805 = CARTESIAN_POINT('',(-6.158435162551,-7.19665067918));
#2806 = CARTESIAN_POINT('',(-6.158965913229,-7.195932212343));
#2807 = CARTESIAN_POINT('',(-6.159496705447,-7.195213740072));
#2808 = CARTESIAN_POINT('',(-6.160027539196,-7.194495262358));
#2809 = CARTESIAN_POINT('',(-6.160060757373,-7.194450302027));
#2810 = CARTESIAN_POINT('',(-6.160093654309,-7.194405776954));
#2811 = CARTESIAN_POINT('',(-6.160127729896,-7.194359655861));
#2812 = CARTESIAN_POINT('',(-6.160159257288,-7.194316985937));
#2813 = CARTESIAN_POINT('',(-6.160194079927,-7.194269853512));
#2814 = CARTESIAN_POINT('',(-6.160226988065,-7.194225314166));
#2815 = CARTESIAN_POINT('',(-6.1602585778,-7.194182560286));
#2816 = CARTESIAN_POINT('',(-6.160293970123,-7.19413465712));
#2817 = CARTESIAN_POINT('',(-6.160325931307,-7.194091400676));
#2818 = CARTESIAN_POINT('',(-6.16035916552,-7.194046420475));
#2819 = CARTESIAN_POINT('',(-6.160392191624,-7.194001722299));
#2820 = CARTESIAN_POINT('',(-6.16042522865,-7.193957010349));
#2821 = CARTESIAN_POINT('',(-6.160458265677,-7.1939122984));
#2822 = CARTESIAN_POINT('',(-6.160491302702,-7.19386758645));
#2823 = CARTESIAN_POINT('',(-6.160524339731,-7.193822874499));
#2824 = CARTESIAN_POINT('',(-6.160557376755,-7.193778162552));
#2825 = CARTESIAN_POINT('',(-6.160590413784,-7.193733450598));
#2826 = CARTESIAN_POINT('',(-6.160623450809,-7.193688738654));
#2827 = CARTESIAN_POINT('',(-6.160656487837,-7.1936440267));
#2828 = CARTESIAN_POINT('',(-6.160689524863,-7.193599314752));
#2829 = CARTESIAN_POINT('',(-6.160722561889,-7.193554602802));
#2830 = CARTESIAN_POINT('',(-6.160755598916,-7.193509890852));
#2831 = CARTESIAN_POINT('',(-6.160821677829,-7.193420466492));
#2832 = CARTESIAN_POINT('',(-6.160887756746,-7.193331042137));
#2833 = CARTESIAN_POINT('',(-6.160953835651,-7.193241617768));
#2834 = CARTESIAN_POINT('',(-6.161019914582,-7.193152193427));
#2835 = CARTESIAN_POINT('',(-6.161085993473,-7.193062769043));
#2836 = CARTESIAN_POINT('',(-6.161152072411,-7.19297334471));
#2837 = CARTESIAN_POINT('',(-6.161218151305,-7.19288392033));
#2838 = CARTESIAN_POINT('',(-6.161284230231,-7.192794495984));
#2839 = CARTESIAN_POINT('',(-6.161350309139,-7.192705071618));
#2840 = CARTESIAN_POINT('',(-6.161416388055,-7.192615647261));
#2841 = CARTESIAN_POINT('',(-6.161482466969,-7.192526222902));
#2842 = CARTESIAN_POINT('',(-6.161614631277,-7.192347373563));
#2843 = CARTESIAN_POINT('',(-6.161746798181,-7.192168524013));
#2844 = CARTESIAN_POINT('',(-6.161878967684,-7.191989674254));
#2845 = CARTESIAN_POINT('',(-6.162011139779,-7.191810824278));
#2846 = CARTESIAN_POINT('',(-6.162143314479,-7.191631974098));
#2847 = CARTESIAN_POINT('',(-6.162275491768,-7.1914531237));
#2848 = CARTESIAN_POINT('',(-6.16240767166,-7.191274273095));
#2849 = CARTESIAN_POINT('',(-6.162539854144,-7.191095422278));
#2850 = CARTESIAN_POINT('',(-6.162672039228,-7.190916571249));
#2851 = CARTESIAN_POINT('',(-6.162804226908,-7.190737720009));
#2852 = CARTESIAN_POINT('',(-6.162936417185,-7.190558868558));
#2853 = CARTESIAN_POINT('',(-6.163200797714,-7.190201165472));
#2854 = CARTESIAN_POINT('',(-6.16346518866,-7.189843461761));
#2855 = CARTESIAN_POINT('',(-6.163729590025,-7.189485757431));
#2856 = CARTESIAN_POINT('',(-6.163994001804,-7.18912805247));
#2857 = CARTESIAN_POINT('',(-6.164258424004,-7.188770346898));
#2858 = CARTESIAN_POINT('',(-6.164522856618,-7.188412640689));
#2859 = CARTESIAN_POINT('',(-6.16478729965,-7.18805493387));
#2860 = CARTESIAN_POINT('',(-6.165051753101,-7.187697226419));
#2861 = CARTESIAN_POINT('',(-6.165316216967,-7.187339518351));
#2862 = CARTESIAN_POINT('',(-6.165580691252,-7.186981809657));
#2863 = CARTESIAN_POINT('',(-6.165845175953,-7.18662410034));
#2864 = CARTESIAN_POINT('',(-6.167961037038,-7.183762301505));
#2865 = CARTESIAN_POINT('',(-6.170077576156,-7.180900548037));
#2866 = CARTESIAN_POINT('',(-6.17219479332,-7.178038839944));
#2867 = CARTESIAN_POINT('',(-6.174312688501,-7.175177177205));
#2868 = CARTESIAN_POINT('',(-6.176431261751,-7.17231555986));
#2869 = CARTESIAN_POINT('',(-6.178550512996,-7.169453987851));
#2870 = CARTESIAN_POINT('',(-6.180670442319,-7.166592461244));
#2871 = CARTESIAN_POINT('',(-6.182791049646,-7.16373097998));
#2872 = CARTESIAN_POINT('',(-6.184912335029,-7.1608695441));
#2873 = CARTESIAN_POINT('',(-6.18703429844,-7.158008153582));
#2874 = CARTESIAN_POINT('',(-6.18915693989,-7.155146808436));
#2875 = CARTESIAN_POINT('',(-6.197647590592,-7.143701908398));
#2876 = CARTESIAN_POINT('',(-6.206149233776,-7.132258970846));
#2877 = CARTESIAN_POINT('',(-6.214662010279,-7.120819075202));
#2878 = CARTESIAN_POINT('',(-6.22318607123,-7.109383287339));
#2879 = CARTESIAN_POINT('',(-6.231721577928,-7.097952659477));
#2880 = CARTESIAN_POINT('',(-6.240268702051,-7.08652823036));
#2881 = CARTESIAN_POINT('',(-6.248827625379,-7.075111025015));
#2882 = CARTESIAN_POINT('',(-6.257398540088,-7.063702055016));
#2883 = CARTESIAN_POINT('',(-6.265981648495,-7.052302318251));
#2884 = CARTESIAN_POINT('',(-6.27457716324,-7.040912799088));
#2885 = CARTESIAN_POINT('',(-6.28318530718,-7.02953446828));
#2886 = ( GEOMETRIC_REPRESENTATION_CONTEXT(2) 
PARAMETRIC_REPRESENTATION_CONTEXT() REPRESENTATION_CONTEXT('2D SPACE',''
  ) );
#2887 = ORIENTED_EDGE('',*,*,#2472,.F.);
#2888 = ORIENTED_EDGE('',*,*,#21,.F.);
#2889 = ADVANCED_FACE('',(#2890),#648,.T.);
#2890 = FACE_BOUND('',#2891,.T.);
#2891 = EDGE_LOOP('',(#2892,#2913,#3095,#3096));
#2892 = ORIENTED_EDGE('',*,*,#2893,.T.);
#2893 = EDGE_CURVE('',#477,#2894,#2896,.T.);
#2894 = VERTEX_POINT('',#2895);
#2895 = CARTESIAN_POINT('',(2.754523236643,15.,-0.470465329441));
#2896 = SEAM_CURVE('',#2897,(#2901,#2907),.PCURVE_S1.);
#2897 = ( BOUNDED_CURVE() B_SPLINE_CURVE(2,(#2898,#2899,#2900),
.UNSPECIFIED.,.F.,.F.) B_SPLINE_CURVE_WITH_KNOTS((3,3),(0.,
17.605159738382),.PIECEWISE_BEZIER_KNOTS.) CURVE() 
GEOMETRIC_REPRESENTATION_ITEM() RATIONAL_B_SPLINE_CURVE((1.,
0.695384744278,1.)) REPRESENTATION_ITEM('') );
#2898 = CARTESIAN_POINT('',(3.74811364984,14.557302192514,0.468979704477
    ));
#2899 = CARTESIAN_POINT('',(2.720459801349,14.660390575399,
    0.504983831332));
#2900 = CARTESIAN_POINT('',(2.754523236643,15.,-0.470465329441));
#2901 = PCURVE('',#648,#2902);
#2902 = DEFINITIONAL_REPRESENTATION('',(#2903),#2906);
#2903 = B_SPLINE_CURVE_WITH_KNOTS('',1,(#2904,#2905),.UNSPECIFIED.,.F.,
  .F.,(2,2),(0.,17.605159738382),.PIECEWISE_BEZIER_KNOTS.);
#2904 = CARTESIAN_POINT('',(0.,-0.358688639988));
#2905 = CARTESIAN_POINT('',(17.605159738382,-0.358688639988));
#2906 = ( GEOMETRIC_REPRESENTATION_CONTEXT(2) 
PARAMETRIC_REPRESENTATION_CONTEXT() REPRESENTATION_CONTEXT('2D SPACE',''
  ) );
#2907 = PCURVE('',#648,#2908);
#2908 = DEFINITIONAL_REPRESENTATION('',(#2909),#2912);
#2909 = B_SPLINE_CURVE_WITH_KNOTS('',1,(#2910,#2911),.UNSPECIFIED.,.F.,
  .F.,(2,2),(0.,17.605159738382),.PIECEWISE_BEZIER_KNOTS.);
#2910 = CARTESIAN_POINT('',(0.,17.246471098393));
#2911 = CARTESIAN_POINT('',(17.605159738382,17.246471098393));
#2912 = ( GEOMETRIC_REPRESENTATION_CONTEXT(2) 
PARAMETRIC_REPRESENTATION_CONTEXT() REPRESENTATION_CONTEXT('2D SPACE',''
  ) );
#2913 = ORIENTED_EDGE('',*,*,#2914,.T.);
#2914 = EDGE_CURVE('',#2894,#2894,#2915,.T.);
#2915 = SURFACE_CURVE('',#2916,(#2998,#3005),.PCURVE_S1.);
#2916 = ( BOUNDED_CURVE() B_SPLINE_CURVE(14,(#2917,#2918,#2919,#2920,
    #2921,#2922,#2923,#2924,#2925,#2926,#2927,#2928,#2929,#2930,#2931,
    #2932,#2933,#2934,#2935,#2936,#2937,#2938,#2939,#2940,#2941,#2942,
    #2943,#2944,#2945,#2946,#2947,#2948,#2949,#2950,#2951,#2952,#2953,
    #2954,#2955,#2956,#2957,#2958,#2959,#2960,#2961,#2962,#2963,#2964,
    #2965,#2966,#2967,#2968,#2969,#2970,#2971,#2972,#2973,#2974,#2975,
    #2976,#2977,#2978,#2979,#2980,#2981,#2982,#2983,#2984,#2985,#2986,
    #2987,#2988,#2989,#2990,#2991,#2992,#2993,#2994,#2995,#2996,#2997),
.UNSPECIFIED.,.T.,.F.) B_SPLINE_CURVE_WITH_KNOTS((15,14,13,13,13,13,15),
  (-0.358688639988,0.,0.533711801158,2.034929072843,4.402420555524,
8.253263108035,17.246471098393),.UNSPECIFIED.) CURVE() 
GEOMETRIC_REPRESENTATION_ITEM() RATIONAL_B_SPLINE_CURVE((1.,1.,
    0.999999999999,1.000000000003,0.999999999993,1.00000000001,
    0.999999999987,1.000000000013,0.999999999989,1.000000000008,
    0.999999999995,1.000000000002,0.999999999999,1.,1.,1.,1.000000000001
    ,0.999999999996,1.000000000009,0.999999999986,1.000000000018,
    0.999999999982,1.000000000015,0.999999999989,1.000000000006,
    0.999999999998,1.000000000001,1.,1.,1.,1.,1.000000000001,
    0.999999999997,1.000000000005,0.999999999995,1.000000000004,
    0.999999999997,1.000000000001,1.,1.,1.,1.,1.000000000001,
    0.999999999998,1.000000000005,0.999999999991,1.000000000012,
    0.999999999985,1.000000000014,0.999999999989,1.000000000007,
    0.999999999997,1.000000000001,1.,1.,0.999999999999,1.000000000001,
    0.999999999997,1.000000000005,0.999999999993,1.000000000008,
    0.999999999993,1.000000000005,0.999999999997,1.000000000001,1.,1.,
    1.000000000001,0.999999999997,1.000000000009,0.999999999981,
    1.000000000031,0.999999999958,1.000000000045,0.999999999959,
    1.00000000003,0.999999999982,1.000000000009,0.999999999997,
1.000000000001,1.)) REPRESENTATION_ITEM('') );
#2917 = CARTESIAN_POINT('',(2.754523236643,15.,-0.470465329441));
#2918 = CARTESIAN_POINT('',(2.754114470989,15.024393224431,
    -0.458759812643));
#2919 = CARTESIAN_POINT('',(2.753472653979,15.048742602776,
    -0.447042575796));
#2920 = CARTESIAN_POINT('',(2.752599056833,15.07304637942,
    -0.435314665696));
#2921 = CARTESIAN_POINT('',(2.751494950751,15.097302798757,
    -0.423577129135));
#2922 = CARTESIAN_POINT('',(2.750161606983,15.121510105153,
    -0.411831012913));
#2923 = CARTESIAN_POINT('',(2.74860029669,15.145666543032,
    -0.400077363815));
#2924 = CARTESIAN_POINT('',(2.746812291156,15.169770356725,
    -0.388317228652));
#2925 = CARTESIAN_POINT('',(2.744798861528,15.193819790688,
    -0.376551654201));
#2926 = CARTESIAN_POINT('',(2.742561279075,15.217813089232,
    -0.364781687273));
#2927 = CARTESIAN_POINT('',(2.740100814982,15.241748496812,
    -0.35300837465));
#2928 = CARTESIAN_POINT('',(2.737418740476,15.265624257763,
    -0.341232763136));
#2929 = CARTESIAN_POINT('',(2.734516326772,15.289438616502,
    -0.329455899522));
#2930 = CARTESIAN_POINT('',(2.731394845083,15.313189817401,
    -0.317678830603));
#2931 = CARTESIAN_POINT('',(2.728055566627,15.336876104851,
    -0.305902603175));
#2932 = CARTESIAN_POINT('',(2.723108222579,15.37196880423,
    -0.288455492229));
#2933 = CARTESIAN_POINT('',(2.717683087154,15.406918256959,
    -0.271010480822));
#2934 = CARTESIAN_POINT('',(2.711784174811,15.441719836351,
    -0.253570870618));
#2935 = CARTESIAN_POINT('',(2.705415500035,15.476368915733,
    -0.236139963275));
#2936 = CARTESIAN_POINT('',(2.698581077252,15.510860868398,
    -0.218721060459));
#2937 = CARTESIAN_POINT('',(2.691284920997,15.545191067699,
    -0.201317463824));
#2938 = CARTESIAN_POINT('',(2.683531045633,15.579354886898,
    -0.183932475039));
#2939 = CARTESIAN_POINT('',(2.675323465754,15.613347699378,
    -0.166569395758));
#2940 = CARTESIAN_POINT('',(2.666666195691,15.647164878385,
    -0.149231527648));
#2941 = CARTESIAN_POINT('',(2.657563250029,15.680801797294,
    -0.131922172366));
#2942 = CARTESIAN_POINT('',(2.648018643146,15.714253829379,
    -0.114644631575));
#2943 = CARTESIAN_POINT('',(2.638036389561,15.747516347981,
    -9.740220693608E-02));
#2944 = CARTESIAN_POINT('',(2.627620503714,15.780584726403,
    -8.019820010987E-02));
#2945 = CARTESIAN_POINT('',(2.586268915446,15.905909532858,
    -1.476206507701E-02));
#2946 = CARTESIAN_POINT('',(2.552366507114,15.996793501252,
    3.318084319122E-02));
#2947 = CARTESIAN_POINT('',(2.515149487477,16.086020610142,
    8.072179660108E-02));
#2948 = CARTESIAN_POINT('',(2.474699257123,16.17350619571,0.127789197569
    ));
#2949 = CARTESIAN_POINT('',(2.431096904735,16.259166563254,
    0.174310866366));
#2950 = CARTESIAN_POINT('',(2.384423207298,16.342918987334,
    0.220214041129));
#2951 = CARTESIAN_POINT('',(2.334758629755,16.424681711537,
    0.265425377848));
#2952 = CARTESIAN_POINT('',(2.282183325488,16.504373948787,
    0.309870950376));
#2953 = CARTESIAN_POINT('',(2.226777135743,16.581915881002,
    0.353476250427));
#2954 = CARTESIAN_POINT('',(2.168619590215,16.657228659418,
    0.396166187569));
#2955 = CARTESIAN_POINT('',(2.107789906544,16.730234404327,
    0.437865089235));
#2956 = CARTESIAN_POINT('',(2.044366990683,16.800856205256,
    0.478496700714));
#2957 = CARTESIAN_POINT('',(1.978429436672,16.869018120867,
    0.517984185157));
#2958 = CARTESIAN_POINT('',(1.802226598568,17.038142190453,
    0.616597339783));
#2959 = CARTESIAN_POINT('',(1.688324314448,17.135326137119,
    0.673906998162));
#2960 = CARTESIAN_POINT('',(1.568766016258,17.225872448515,
    0.727864035831));
#2961 = CARTESIAN_POINT('',(1.443870343571,17.309476157185,
    0.778165611815));
#2962 = CARTESIAN_POINT('',(1.313966314908,17.3858320261,0.824509208092)
  );
#2963 = CARTESIAN_POINT('',(1.179447471973,17.45463022821,0.866591591793
    ));
#2964 = CARTESIAN_POINT('',(1.040784386254,17.51556319025,0.90411557749)
  );
#2965 = CARTESIAN_POINT('',(0.898508825997,17.568339217009,
    0.936801528944));
#2966 = CARTESIAN_POINT('',(0.753182883354,17.612698506403,
    0.964400539073));
#2967 = CARTESIAN_POINT('',(0.605366359503,17.648427172951,
    0.986706227636));
#2968 = CARTESIAN_POINT('',(0.455595707434,17.675364889456,
    1.003562095385));
#2969 = CARTESIAN_POINT('',(0.304387830589,17.693401763971,
    1.014861374063));
#2970 = CARTESIAN_POINT('',(0.152282036526,17.70246006324,1.020536311186
    ));
#2971 = CARTESIAN_POINT('',(-0.247869112213,17.702450436058,
    1.020529791104));
#2972 = CARTESIAN_POINT('',(-0.496492136469,17.678452642457,
    1.005487638799));
#2973 = CARTESIAN_POINT('',(-0.740953696162,17.63046216046,
    0.975443876695));
#2974 = CARTESIAN_POINT('',(-0.980353549775,17.559043635041,
    0.930837078475));
#2975 = CARTESIAN_POINT('',(-1.211994345039,17.464821111944,
    0.872339211837));
#2976 = CARTESIAN_POINT('',(-1.432750210281,17.348929300953,
    0.801073775616));
#2977 = CARTESIAN_POINT('',(-1.64046052572,17.212935351599,
    0.718493548822));
#2978 = CARTESIAN_POINT('',(-1.833805138502,17.058390558324,
    0.626066975098));
#2979 = CARTESIAN_POINT('',(-2.011533066816,16.886575252852,
    0.525107576799));
#2980 = CARTESIAN_POINT('',(-2.172140496886,16.698675083185,
    0.416868226848));
#2981 = CARTESIAN_POINT('',(-2.31419628907,16.496086420226,
    0.302704517945));
#2982 = CARTESIAN_POINT('',(-2.436564948137,16.28030630501,
    0.183981772921));
#2983 = CARTESIAN_POINT('',(-2.537848754108,16.052431653887,
    6.1751352467E-02));
#2984 = CARTESIAN_POINT('',(-2.800291730889,15.25779317639,
    -0.353186148506));
#2985 = CARTESIAN_POINT('',(-2.861034887587,14.644691299655,
    -0.655668248559));
#2986 = CARTESIAN_POINT('',(-2.778237840685,13.994949674926,
    -0.954323327044));
#2987 = CARTESIAN_POINT('',(-2.539540461485,13.334985525975,
    -1.232895054156));
#2988 = CARTESIAN_POINT('',(-2.092748043813,12.702174749219,
    -1.472154070594));
#2989 = CARTESIAN_POINT('',(-1.489218737579,12.164176003797,
    -1.65771252228));
#2990 = CARTESIAN_POINT('',(-0.601576087269,11.78976192688,
    -1.742756933161));
#2991 = CARTESIAN_POINT('',(0.29690431779,11.811398835714,
    -1.746275201188));
#2992 = CARTESIAN_POINT('',(1.152832822897,12.025967169644,
    -1.694704432923));
#2993 = CARTESIAN_POINT('',(1.84321958105,12.53578201458,-1.527129667913
    ));
#2994 = CARTESIAN_POINT('',(2.324011009962,13.111083929657,-1.3126892798
    ));
#2995 = CARTESIAN_POINT('',(2.628798471668,13.749759048304,
    -1.049949515396));
#2996 = CARTESIAN_POINT('',(2.764771998756,14.388401760176,-0.7639514772
    ));
#2997 = CARTESIAN_POINT('',(2.754523236643,15.,-0.470465329441));
#2998 = PCURVE('',#648,#2999);
#2999 = DEFINITIONAL_REPRESENTATION('',(#3000),#3004);
#3000 = LINE('',#3001,#3002);
#3001 = CARTESIAN_POINT('',(17.605159738382,0.));
#3002 = VECTOR('',#3003,1.);
#3003 = DIRECTION('',(0.,1.));
#3004 = ( GEOMETRIC_REPRESENTATION_CONTEXT(2) 
PARAMETRIC_REPRESENTATION_CONTEXT() REPRESENTATION_CONTEXT('2D SPACE',''
  ) );
#3005 = PCURVE('',#3006,#3011);
#3006 = CONICAL_SURFACE('',#3007,2.999999996508,3.490658503989E-02);
#3007 = AXIS2_PLACEMENT_3D('',#3008,#3009,#3010);
#3008 = CARTESIAN_POINT('',(0.,15.,-7.5));
#3009 = DIRECTION('',(-0.,-0.,-1.));
#3010 = DIRECTION('',(1.,0.,0.));
#3011 = DEFINITIONAL_REPRESENTATION('',(#3012),#3094);
#3012 = B_SPLINE_CURVE_WITH_KNOTS('',14,(#3013,#3014,#3015,#3016,#3017,
    #3018,#3019,#3020,#3021,#3022,#3023,#3024,#3025,#3026,#3027,#3028,
    #3029,#3030,#3031,#3032,#3033,#3034,#3035,#3036,#3037,#3038,#3039,
    #3040,#3041,#3042,#3043,#3044,#3045,#3046,#3047,#3048,#3049,#3050,
    #3051,#3052,#3053,#3054,#3055,#3056,#3057,#3058,#3059,#3060,#3061,
    #3062,#3063,#3064,#3065,#3066,#3067,#3068,#3069,#3070,#3071,#3072,
    #3073,#3074,#3075,#3076,#3077,#3078,#3079,#3080,#3081,#3082,#3083,
    #3084,#3085,#3086,#3087,#3088,#3089,#3090,#3091,#3092,#3093),
  .UNSPECIFIED.,.F.,.F.,(15,14,13,13,13,13,15),(-0.358688639988,0.,
    0.533711801158,2.034929072843,4.402420555524,8.253263108035,
    17.246471098393),.UNSPECIFIED.);
#3013 = CARTESIAN_POINT('',(1.771524385539E-16,-7.029534670559));
#3014 = CARTESIAN_POINT('',(-8.855697460194E-03,-7.041240187357));
#3015 = CARTESIAN_POINT('',(-1.769841175597E-02,-7.052957424203));
#3016 = CARTESIAN_POINT('',(-2.652832285905E-02,-7.064685334306));
#3017 = CARTESIAN_POINT('',(-3.534561074119E-02,-7.076422870864));
#3018 = CARTESIAN_POINT('',(-4.415045537397E-02,-7.088168987087));
#3019 = CARTESIAN_POINT('',(-5.294303672957E-02,-7.099922636189));
#3020 = CARTESIAN_POINT('',(-6.172353477877E-02,-7.111682771338));
#3021 = CARTESIAN_POINT('',(-7.04921294948E-02,-7.123448345811));
#3022 = CARTESIAN_POINT('',(-7.924900084748E-02,-7.135218312716));
#3023 = CARTESIAN_POINT('',(-8.799432881049E-02,-7.146991625358));
#3024 = CARTESIAN_POINT('',(-9.672829335395E-02,-7.158767236859));
#3025 = CARTESIAN_POINT('',(-0.105451074451,-7.17054410048));
#3026 = CARTESIAN_POINT('',(-0.114162852072,-7.182321169396));
#3027 = CARTESIAN_POINT('',(-0.122863806189,-7.194097396825));
#3028 = CARTESIAN_POINT('',(-0.135754807539,-7.211544507768));
#3029 = CARTESIAN_POINT('',(-0.148621931701,-7.228989519193));
#3030 = CARTESIAN_POINT('',(-0.161465800523,-7.246429129338));
#3031 = CARTESIAN_POINT('',(-0.174287035866,-7.263860036818));
#3032 = CARTESIAN_POINT('',(-0.187086259563,-7.281278939389));
#3033 = CARTESIAN_POINT('',(-0.199864093497,-7.298682536375));
#3034 = CARTESIAN_POINT('',(-0.212621159478,-7.31606752475));
#3035 = CARTESIAN_POINT('',(-0.225358079405,-7.333430604424));
#3036 = CARTESIAN_POINT('',(-0.238075475085,-7.350768472224));
#3037 = CARTESIAN_POINT('',(-0.250773968406,-7.368077827706));
#3038 = CARTESIAN_POINT('',(-0.263454181196,-7.385355368394));
#3039 = CARTESIAN_POINT('',(-0.276116735319,-7.402597793073));
#3040 = CARTESIAN_POINT('',(-0.288762252623,-7.419801799889));
#3041 = CARTESIAN_POINT('',(-0.336914321685,-7.485237934923));
#3042 = CARTESIAN_POINT('',(-0.372306432912,-7.533180843194));
#3043 = CARTESIAN_POINT('',(-0.407582713357,-7.580721796587));
#3044 = CARTESIAN_POINT('',(-0.442757707997,-7.627789197606));
#3045 = CARTESIAN_POINT('',(-0.477845482014,-7.674310866298));
#3046 = CARTESIAN_POINT('',(-0.512859620916,-7.720214041225));
#3047 = CARTESIAN_POINT('',(-0.547813230329,-7.765425377742));
#3048 = CARTESIAN_POINT('',(-0.582718936286,-7.809870950469));
#3049 = CARTESIAN_POINT('',(-0.617588884892,-7.853476250362));
#3050 = CARTESIAN_POINT('',(-0.652434742653,-7.896166187604));
#3051 = CARTESIAN_POINT('',(-0.687267696202,-7.93786508922));
#3052 = CARTESIAN_POINT('',(-0.722098452492,-7.978496700718));
#3053 = CARTESIAN_POINT('',(-0.756937238681,-8.017984185156));
#3054 = CARTESIAN_POINT('',(-0.846764271006,-8.116597339782));
#3055 = CARTESIAN_POINT('',(-0.901786715167,-8.173906998167));
#3056 = CARTESIAN_POINT('',(-0.956864440225,-8.227864035815));
#3057 = CARTESIAN_POINT('',(-1.012037166264,-8.278165611855));
#3058 = CARTESIAN_POINT('',(-1.067343357497,-8.32450920802));
#3059 = CARTESIAN_POINT('',(-1.122802349082,-8.366591591897));
#3060 = CARTESIAN_POINT('',(-1.178411323885,-8.404115577368));
#3061 = CARTESIAN_POINT('',(-1.234152192765,-8.436801529061));
#3062 = CARTESIAN_POINT('',(-1.290003430622,-8.464400538982));
#3063 = CARTESIAN_POINT('',(-1.345951922233,-8.486706227692));
#3064 = CARTESIAN_POINT('',(-1.401999869864,-8.503562095358));
#3065 = CARTESIAN_POINT('',(-1.458161816643,-8.514861374071));
#3066 = CARTESIAN_POINT('',(-1.514446837996,-8.520536311184));
#3067 = CARTESIAN_POINT('',(-1.662516257005,-8.520529791105));
#3068 = CARTESIAN_POINT('',(-1.754514749921,-8.505487638797));
#3069 = CARTESIAN_POINT('',(-1.845887809616,-8.4754438767));
#3070 = CARTESIAN_POINT('',(-1.937190584802,-8.430837078463));
#3071 = CARTESIAN_POINT('',(-2.0283251126,-8.372339211857));
#3072 = CARTESIAN_POINT('',(-2.118967496949,-8.30107377559));
#3073 = CARTESIAN_POINT('',(-2.209060332901,-8.218493548847));
#3074 = CARTESIAN_POINT('',(-2.298800922314,-8.12606697508));
#3075 = CARTESIAN_POINT('',(-2.38839645693,-8.025107576807));
#3076 = CARTESIAN_POINT('',(-2.477959290052,-7.916868226846));
#3077 = CARTESIAN_POINT('',(-2.567628759275,-7.802704517943));
#3078 = CARTESIAN_POINT('',(-2.657680802915,-7.683981772923));
#3079 = CARTESIAN_POINT('',(-2.748372911328,-7.561751352466));
#3080 = CARTESIAN_POINT('',(-3.053717291127,-7.146813851498));
#3081 = CARTESIAN_POINT('',(-3.272180286435,-6.844331751425));
#3082 = CARTESIAN_POINT('',(-3.498665642577,-6.545676673004));
#3083 = CARTESIAN_POINT('',(-3.735044153367,-6.267104945746));
#3084 = CARTESIAN_POINT('',(-3.98580279269,-6.027845929563));
#3085 = CARTESIAN_POINT('',(-4.251599842034,-5.842287477513));
#3086 = CARTESIAN_POINT('',(-4.51961754931,-5.757243067069));
#3087 = CARTESIAN_POINT('',(-4.804052799721,-5.7537247986));
#3088 = CARTESIAN_POINT('',(-5.06401326919,-5.805295567239));
#3089 = CARTESIAN_POINT('',(-5.340149762629,-5.972870331984));
#3090 = CARTESIAN_POINT('',(-5.588977515655,-6.187310720251));
#3091 = CARTESIAN_POINT('',(-5.831100578738,-6.450050484584));
#3092 = CARTESIAN_POINT('',(-6.061151151983,-6.736048522804));
#3093 = CARTESIAN_POINT('',(-6.28318530718,-7.029534670559));
#3094 = ( GEOMETRIC_REPRESENTATION_CONTEXT(2) 
PARAMETRIC_REPRESENTATION_CONTEXT() REPRESENTATION_CONTEXT('2D SPACE',''
  ) );
#3095 = ORIENTED_EDGE('',*,*,#2893,.F.);
#3096 = ORIENTED_EDGE('',*,*,#476,.F.);
#3097 = ADVANCED_FACE('',(#3098),#919,.F.);
#3098 = FACE_BOUND('',#3099,.T.);
#3099 = EDGE_LOOP('',(#3100,#3126,#3154,#3178));
#3100 = ORIENTED_EDGE('',*,*,#3101,.T.);
#3101 = EDGE_CURVE('',#902,#3102,#3104,.T.);
#3102 = VERTEX_POINT('',#3103);
#3103 = CARTESIAN_POINT('',(7.418439693094,-24.91987158875,5.5));
#3104 = SURFACE_CURVE('',#3105,(#3110,#3116),.PCURVE_S1.);
#3105 = CIRCLE('',#3106,1.);
#3106 = AXIS2_PLACEMENT_3D('',#3107,#3108,#3109);
#3107 = CARTESIAN_POINT('',(7.418439693094,-24.91987158875,4.5));
#3108 = DIRECTION('',(1.,-3.264449877387E-17,-2.192665270573E-17));
#3109 = DIRECTION('',(3.630199760564E-17,0.551935140393,0.833887043189)
  );
#3110 = PCURVE('',#919,#3111);
#3111 = DEFINITIONAL_REPRESENTATION('',(#3112),#3115);
#3112 = B_SPLINE_CURVE_WITH_KNOTS('',1,(#3113,#3114),.UNSPECIFIED.,.F.,
  .F.,(2,2),(3.552713678801E-15,0.584683086984),
  .PIECEWISE_BEZIER_KNOTS.);
#3113 = CARTESIAN_POINT('',(-3.552713678801E-15,1.383529819349E-15));
#3114 = CARTESIAN_POINT('',(-0.584683086984,1.383529819349E-15));
#3115 = ( GEOMETRIC_REPRESENTATION_CONTEXT(2) 
PARAMETRIC_REPRESENTATION_CONTEXT() REPRESENTATION_CONTEXT('2D SPACE',''
  ) );
#3116 = PCURVE('',#2347,#3117);
#3117 = DEFINITIONAL_REPRESENTATION('',(#3118),#3125);
#3118 = B_SPLINE_CURVE_WITH_KNOTS('',5,(#3119,#3120,#3121,#3122,#3123,
    #3124),.UNSPECIFIED.,.F.,.F.,(6,6),(3.552713678801E-15,
    0.584683086984),.PIECEWISE_BEZIER_KNOTS.);
#3119 = CARTESIAN_POINT('',(1.110223024625E-16,135.90299453531));
#3120 = CARTESIAN_POINT('',(0.203750291277,135.90299453531));
#3121 = CARTESIAN_POINT('',(0.403116336778,135.90299453531));
#3122 = CARTESIAN_POINT('',(0.601185977682,135.9029945353));
#3123 = CARTESIAN_POINT('',(0.800552023183,135.90299453531));
#3124 = CARTESIAN_POINT('',(1.004302314461,135.90299453531));
#3125 = ( GEOMETRIC_REPRESENTATION_CONTEXT(2) 
PARAMETRIC_REPRESENTATION_CONTEXT() REPRESENTATION_CONTEXT('2D SPACE',''
  ) );
#3126 = ORIENTED_EDGE('',*,*,#3127,.T.);
#3127 = EDGE_CURVE('',#3102,#3128,#3130,.T.);
#3128 = VERTEX_POINT('',#3129);
#3129 = CARTESIAN_POINT('',(-7.418439693094,-24.91987158875,5.5));
#3130 = SURFACE_CURVE('',#3131,(#3135,#3142),.PCURVE_S1.);
#3131 = LINE('',#3132,#3133);
#3132 = CARTESIAN_POINT('',(7.418439693094,-24.91987158875,5.5));
#3133 = VECTOR('',#3134,1.);
#3134 = DIRECTION('',(-1.,3.264449877387E-17,2.192665270573E-17));
#3135 = PCURVE('',#919,#3136);
#3136 = DEFINITIONAL_REPRESENTATION('',(#3137),#3141);
#3137 = LINE('',#3138,#3139);
#3138 = CARTESIAN_POINT('',(-0.584683086984,0.));
#3139 = VECTOR('',#3140,1.);
#3140 = DIRECTION('',(-0.,1.));
#3141 = ( GEOMETRIC_REPRESENTATION_CONTEXT(2) 
PARAMETRIC_REPRESENTATION_CONTEXT() REPRESENTATION_CONTEXT('2D SPACE',''
  ) );
#3142 = PCURVE('',#3143,#3148);
#3143 = PLANE('',#3144);
#3144 = AXIS2_PLACEMENT_3D('',#3145,#3146,#3147);
#3145 = CARTESIAN_POINT('',(5.551115123126E-15,-28.,5.5));
#3146 = DIRECTION('',(0.,0.,-1.));
#3147 = DIRECTION('',(-1.,0.,0.));
#3148 = DEFINITIONAL_REPRESENTATION('',(#3149),#3153);
#3149 = LINE('',#3150,#3151);
#3150 = CARTESIAN_POINT('',(-7.418439693094,3.080128411246));
#3151 = VECTOR('',#3152,1.);
#3152 = DIRECTION('',(1.,3.264449877387E-17));
#3153 = ( GEOMETRIC_REPRESENTATION_CONTEXT(2) 
PARAMETRIC_REPRESENTATION_CONTEXT() REPRESENTATION_CONTEXT('2D SPACE',''
  ) );
#3154 = ORIENTED_EDGE('',*,*,#3155,.F.);
#3155 = EDGE_CURVE('',#904,#3128,#3156,.T.);
#3156 = SURFACE_CURVE('',#3157,(#3162,#3168),.PCURVE_S1.);
#3157 = CIRCLE('',#3158,1.);
#3158 = AXIS2_PLACEMENT_3D('',#3159,#3160,#3161);
#3159 = CARTESIAN_POINT('',(-7.418439693094,-24.91987158875,4.5));
#3160 = DIRECTION('',(1.,-3.264449877387E-17,-2.192665270573E-17));
#3161 = DIRECTION('',(3.630199760564E-17,0.551935140393,0.833887043189)
  );
#3162 = PCURVE('',#919,#3163);
#3163 = DEFINITIONAL_REPRESENTATION('',(#3164),#3167);
#3164 = B_SPLINE_CURVE_WITH_KNOTS('',1,(#3165,#3166),.UNSPECIFIED.,.F.,
  .F.,(2,2),(3.552713678801E-15,0.584683086984),
  .PIECEWISE_BEZIER_KNOTS.);
#3165 = CARTESIAN_POINT('',(-3.552713678801E-15,14.836879386188));
#3166 = CARTESIAN_POINT('',(-0.584683086984,14.836879386188));
#3167 = ( GEOMETRIC_REPRESENTATION_CONTEXT(2) 
PARAMETRIC_REPRESENTATION_CONTEXT() REPRESENTATION_CONTEXT('2D SPACE',''
  ) );
#3168 = PCURVE('',#1017,#3169);
#3169 = DEFINITIONAL_REPRESENTATION('',(#3170),#3177);
#3170 = B_SPLINE_CURVE_WITH_KNOTS('',5,(#3171,#3172,#3173,#3174,#3175,
    #3176),.UNSPECIFIED.,.F.,.F.,(6,6),(3.552713678801E-15,
    0.584683086984),.PIECEWISE_BEZIER_KNOTS.);
#3171 = CARTESIAN_POINT('',(-1.110223024625E-16,14.836879386188));
#3172 = CARTESIAN_POINT('',(0.203750539074,14.836879386188));
#3173 = CARTESIAN_POINT('',(0.40311682704,14.836879386188));
#3174 = CARTESIAN_POINT('',(0.601186708832,14.836879386188));
#3175 = CARTESIAN_POINT('',(0.800552996798,14.836879386188));
#3176 = CARTESIAN_POINT('',(1.004303535872,14.836879386188));
#3177 = ( GEOMETRIC_REPRESENTATION_CONTEXT(2) 
PARAMETRIC_REPRESENTATION_CONTEXT() REPRESENTATION_CONTEXT('2D SPACE',''
  ) );
#3178 = ORIENTED_EDGE('',*,*,#901,.F.);
#3179 = ADVANCED_FACE('',(#3180),#2347,.T.);
#3180 = FACE_BOUND('',#3181,.T.);
#3181 = EDGE_LOOP('',(#3182,#3203,#3295,#3296));
#3182 = ORIENTED_EDGE('',*,*,#3183,.T.);
#3183 = EDGE_CURVE('',#1924,#3184,#3186,.T.);
#3184 = VERTEX_POINT('',#3185);
#3185 = CARTESIAN_POINT('',(8.417830520113,-24.92762661617,
    4.465100503298));
#3186 = SURFACE_CURVE('',#3187,(#3191,#3197),.PCURVE_S1.);
#3187 = ( BOUNDED_CURVE() B_SPLINE_CURVE(2,(#3188,#3189,#3190),
.UNSPECIFIED.,.F.,.F.) B_SPLINE_CURVE_WITH_KNOTS((3,3),(0.,
51.106016285094),.PIECEWISE_BEZIER_KNOTS.) CURVE() 
GEOMETRIC_REPRESENTATION_ITEM() RATIONAL_B_SPLINE_CURVE((1.,
0.696226644229,1.)) REPRESENTATION_ITEM('') );
#3188 = CARTESIAN_POINT('',(7.557598001031,-23.94112290017,
    5.054917653704));
#3189 = CARTESIAN_POINT('',(8.448261849942,-24.37747652121,
    5.336539772013));
#3190 = CARTESIAN_POINT('',(8.417830520113,-24.92762661617,
    4.465100503298));
#3191 = PCURVE('',#2347,#3192);
#3192 = DEFINITIONAL_REPRESENTATION('',(#3193),#3196);
#3193 = B_SPLINE_CURVE_WITH_KNOTS('',1,(#3194,#3195),.UNSPECIFIED.,.F.,
  .F.,(2,2),(0.,51.106016285094),.PIECEWISE_BEZIER_KNOTS.);
#3194 = CARTESIAN_POINT('',(0.,134.89869222085));
#3195 = CARTESIAN_POINT('',(1.004302314461,134.89869222085));
#3196 = ( GEOMETRIC_REPRESENTATION_CONTEXT(2) 
PARAMETRIC_REPRESENTATION_CONTEXT() REPRESENTATION_CONTEXT('2D SPACE',''
  ) );
#3197 = PCURVE('',#2150,#3198);
#3198 = DEFINITIONAL_REPRESENTATION('',(#3199),#3202);
#3199 = B_SPLINE_CURVE_WITH_KNOTS('',1,(#3200,#3201),.UNSPECIFIED.,.F.,
  .F.,(2,2),(0.,51.106016285094),.PIECEWISE_BEZIER_KNOTS.);
#3200 = CARTESIAN_POINT('',(0.,134.89869222085));
#3201 = CARTESIAN_POINT('',(51.106016285094,134.89869222085));
#3202 = ( GEOMETRIC_REPRESENTATION_CONTEXT(2) 
PARAMETRIC_REPRESENTATION_CONTEXT() REPRESENTATION_CONTEXT('2D SPACE',''
  ) );
#3203 = ORIENTED_EDGE('',*,*,#3204,.T.);
#3204 = EDGE_CURVE('',#3184,#3102,#3205,.T.);
#3205 = SURFACE_CURVE('',#3206,(#3245,#3252),.PCURVE_S1.);
#3206 = ( BOUNDED_CURVE() B_SPLINE_CURVE(13,(#3207,#3208,#3209,#3210,
    #3211,#3212,#3213,#3214,#3215,#3216,#3217,#3218,#3219,#3220,#3221,
    #3222,#3223,#3224,#3225,#3226,#3227,#3228,#3229,#3230,#3231,#3232,
    #3233,#3234,#3235,#3236,#3237,#3238,#3239,#3240,#3241,#3242,#3243,
#3244),.UNSPECIFIED.,.F.,.F.) B_SPLINE_CURVE_WITH_KNOTS((14,12,12,14),(
    134.89869222085,135.14143159151,135.44752828401,135.90299453531),
.UNSPECIFIED.) CURVE() GEOMETRIC_REPRESENTATION_ITEM() 
RATIONAL_B_SPLINE_CURVE((1.,1.,0.999999999999,1.000000000003,
    0.999999999994,1.000000000009,0.999999999989,1.00000000001,
    0.999999999992,1.000000000005,0.999999999998,1.000000000001,1.,1.,
    1.000000000001,0.999999999996,1.000000000007,0.999999999988,
    1.000000000015,0.999999999985,1.000000000012,0.999999999993,
    1.000000000003,0.999999999999,1.,1.,1.,1.,1.,1.000000000001,
    0.999999999998,1.000000000003,0.999999999998,1.000000000002,
0.999999999999,1.,1.,1.)) REPRESENTATION_ITEM('') );
#3207 = CARTESIAN_POINT('',(8.417830520113,-24.92762661617,
    4.465100503298));
#3208 = CARTESIAN_POINT('',(8.420828638363,-24.90383188219,
    4.550955376861));
#3209 = CARTESIAN_POINT('',(8.414703452515,-24.89674643276,4.6023831995)
  );
#3210 = CARTESIAN_POINT('',(8.410673845538,-24.88341882753,
    4.665649117387));
#3211 = CARTESIAN_POINT('',(8.397891228325,-24.8868099076,4.694570926551
    ));
#3212 = CARTESIAN_POINT('',(8.393467010453,-24.87111401728,
    4.761178976387));
#3213 = CARTESIAN_POINT('',(8.375979880918,-24.88152142645,
    4.774581449633));
#3214 = CARTESIAN_POINT('',(8.369196974789,-24.86808533248,
    4.835224606594));
#3215 = CARTESIAN_POINT('',(8.352262369969,-24.87481698644,
    4.854592190502));
#3216 = CARTESIAN_POINT('',(8.340209474535,-24.8701132845,4.896230735976
    ));
#3217 = CARTESIAN_POINT('',(8.324781999889,-24.87143678087,
    4.925015174795));
#3218 = CARTESIAN_POINT('',(8.309578729527,-24.87126109539,
    4.956072080864));
#3219 = CARTESIAN_POINT('',(8.293576994684,-24.87179615825,
    4.984948836483));
#3220 = CARTESIAN_POINT('',(8.256185115357,-24.87347752907,
    5.047574127476));
#3221 = CARTESIAN_POINT('',(8.234449274717,-24.87481081649,
    5.080499523114));
#3222 = CARTESIAN_POINT('',(8.211922809296,-24.87644605615,
    5.111592575837));
#3223 = CARTESIAN_POINT('',(8.188687606533,-24.87830594332,
    5.140991503867));
#3224 = CARTESIAN_POINT('',(8.164817276137,-24.88032746753,5.16880738339
    ));
#3225 = CARTESIAN_POINT('',(8.140378012508,-24.88245991008,
    5.195128409216));
#3226 = CARTESIAN_POINT('',(8.115429457154,-24.88466284155,
    5.220024155366));
#3227 = CARTESIAN_POINT('',(8.090025561123,-24.88690411926,
    5.243549835741));
#3228 = CARTESIAN_POINT('',(8.064215447409,-24.88915788481,
    5.265750564711));
#3229 = CARTESIAN_POINT('',(8.038044273392,-24.89140256152,
    5.286665617775));
#3230 = CARTESIAN_POINT('',(8.01155409324,-24.89361885201,5.306332692163
    ));
#3231 = CARTESIAN_POINT('',(7.984784720349,-24.89578773561,
    5.324792167482));
#3232 = CARTESIAN_POINT('',(7.917584011959,-24.90101431398,
    5.367832256199));
#3233 = CARTESIAN_POINT('',(7.876849333444,-24.90399796956,
    5.390989852035));
#3234 = CARTESIAN_POINT('',(7.835711875164,-24.90679147392,
    5.411663489928));
#3235 = CARTESIAN_POINT('',(7.794288688942,-24.90935816476,
    5.429950670236));
#3236 = CARTESIAN_POINT('',(7.752674513265,-24.91167118233,
    5.445945252182));
#3237 = CARTESIAN_POINT('',(7.71094372907,-24.91371197552,5.459735648403
    ));
#3238 = CARTESIAN_POINT('',(7.66915231555,-24.91546880799,5.471403019569
    ));
#3239 = CARTESIAN_POINT('',(7.627339805934,-24.91693526422,
    5.481019468911));
#3240 = CARTESIAN_POINT('',(7.585531243305,-24.91810875568,
    5.488646236855));
#3241 = CARTESIAN_POINT('',(7.543739136369,-24.9189890269,5.494331895545
    ));
#3242 = CARTESIAN_POINT('',(7.501965415273,-24.91957666159,
    5.498110543468));
#3243 = CARTESIAN_POINT('',(7.460203387384,-24.91987158875,5.5));
#3244 = CARTESIAN_POINT('',(7.418439693094,-24.91987158875,5.5));
#3245 = PCURVE('',#2347,#3246);
#3246 = DEFINITIONAL_REPRESENTATION('',(#3247),#3251);
#3247 = LINE('',#3248,#3249);
#3248 = CARTESIAN_POINT('',(1.004302314461,0.));
#3249 = VECTOR('',#3250,1.);
#3250 = DIRECTION('',(0.,1.));
#3251 = ( GEOMETRIC_REPRESENTATION_CONTEXT(2) 
PARAMETRIC_REPRESENTATION_CONTEXT() REPRESENTATION_CONTEXT('2D SPACE',''
  ) );
#3252 = PCURVE('',#3253,#3258);
#3253 = CYLINDRICAL_SURFACE('',#3254,1.);
#3254 = AXIS2_PLACEMENT_3D('',#3255,#3256,#3257);
#3255 = CARTESIAN_POINT('',(7.418439693094,-27.41843969309,4.5));
#3256 = DIRECTION('',(-1.982541115402E-16,1.,-0.));
#3257 = DIRECTION('',(-0.,0.,1.));
#3258 = DEFINITIONAL_REPRESENTATION('',(#3259),#3294);
#3259 = B_SPLINE_CURVE_WITH_KNOTS('',9,(#3260,#3261,#3262,#3263,#3264,
    #3265,#3266,#3267,#3268,#3269,#3270,#3271,#3272,#3273,#3274,#3275,
    #3276,#3277,#3278,#3279,#3280,#3281,#3282,#3283,#3284,#3285,#3286,
    #3287,#3288,#3289,#3290,#3291,#3292,#3293),.UNSPECIFIED.,.F.,.F.,(10
    ,8,8,8,10),(134.89869222085,135.02423001015,135.14976779946,
    135.40084337808,135.90299453531),.UNSPECIFIED.);
#3260 = CARTESIAN_POINT('',(1.605702911835,2.490813076923));
#3261 = CARTESIAN_POINT('',(1.541528087015,2.508588336503));
#3262 = CARTESIAN_POINT('',(1.497372074861,2.516728985795));
#3263 = CARTESIAN_POINT('',(1.451833932891,2.525609320863));
#3264 = CARTESIAN_POINT('',(1.416979309829,2.529377931695));
#3265 = CARTESIAN_POINT('',(1.378871580497,2.534782945907));
#3266 = CARTESIAN_POINT('',(1.346562035176,2.537455014279));
#3267 = CARTESIAN_POINT('',(1.314214162042,2.540203692518));
#3268 = CARTESIAN_POINT('',(1.283685209228,2.542142772376));
#3269 = CARTESIAN_POINT('',(1.224758582386,2.545125934868));
#3270 = CARTESIAN_POINT('',(1.196426950226,2.546138188168));
#3271 = CARTESIAN_POINT('',(1.169028095187,2.54676907629));
#3272 = CARTESIAN_POINT('',(1.142414710701,2.547091430929));
#3273 = CARTESIAN_POINT('',(1.116480102237,2.547158352878));
#3274 = CARTESIAN_POINT('',(1.091147201755,2.547008612183));
#3275 = CARTESIAN_POINT('',(1.066357582175,2.546672048316));
#3276 = CARTESIAN_POINT('',(1.042060471832,2.546174970333));
#3277 = CARTESIAN_POINT('',(0.970484363148,2.54428673045));
#3278 = CARTESIAN_POINT('',(0.9245341857,2.542491300607));
#3279 = CARTESIAN_POINT('',(0.880029522672,2.540326684726));
#3280 = CARTESIAN_POINT('',(0.836736689111,2.537919946689));
#3281 = CARTESIAN_POINT('',(0.794491084405,2.535365278829));
#3282 = CARTESIAN_POINT('',(0.753178247675,2.532731483769));
#3283 = CARTESIAN_POINT('',(0.712714913144,2.530069456201));
#3284 = CARTESIAN_POINT('',(0.673030065529,2.527419664718));
#3285 = CARTESIAN_POINT('',(0.556077855178,2.519619571384));
#3286 = CARTESIAN_POINT('',(0.480913376202,2.514628486378));
#3287 = CARTESIAN_POINT('',(0.407983043915,2.51013865543));
#3288 = CARTESIAN_POINT('',(0.33707954236,2.506302575386));
#3289 = CARTESIAN_POINT('',(0.267901192998,2.503204781055));
#3290 = CARTESIAN_POINT('',(0.200016530526,2.500885573291));
#3291 = CARTESIAN_POINT('',(0.133002484073,2.499346583929));
#3292 = CARTESIAN_POINT('',(6.650863218739E-02,2.49856810434));
#3293 = CARTESIAN_POINT('',(-9.741787088258E-16,2.49856810434));
#3294 = ( GEOMETRIC_REPRESENTATION_CONTEXT(2) 
PARAMETRIC_REPRESENTATION_CONTEXT() REPRESENTATION_CONTEXT('2D SPACE',''
  ) );
#3295 = ORIENTED_EDGE('',*,*,#3101,.F.);
#3296 = ORIENTED_EDGE('',*,*,#2263,.F.);
#3297 = ADVANCED_FACE('',(#3298),#1017,.T.);
#3298 = FACE_BOUND('',#3299,.T.);
#3299 = EDGE_LOOP('',(#3300,#3301,#3395,#3414));
#3300 = ORIENTED_EDGE('',*,*,#3155,.T.);
#3301 = ORIENTED_EDGE('',*,*,#3302,.T.);
#3302 = EDGE_CURVE('',#3128,#3303,#3305,.T.);
#3303 = VERTEX_POINT('',#3304);
#3304 = CARTESIAN_POINT('',(-8.417830520113,-24.92762698134,
    4.465100503298));
#3305 = SURFACE_CURVE('',#3306,(#3345,#3352),.PCURVE_S1.);
#3306 = ( BOUNDED_CURVE() B_SPLINE_CURVE(13,(#3307,#3308,#3309,#3310,
    #3311,#3312,#3313,#3314,#3315,#3316,#3317,#3318,#3319,#3320,#3321,
    #3322,#3323,#3324,#3325,#3326,#3327,#3328,#3329,#3330,#3331,#3332,
    #3333,#3334,#3335,#3336,#3337,#3338,#3339,#3340,#3341,#3342,#3343,
#3344),.UNSPECIFIED.,.F.,.F.) B_SPLINE_CURVE_WITH_KNOTS((14,12,12,14),(
    14.836879386188,15.292345638164,15.59844233112,15.84118292206),
.UNSPECIFIED.) CURVE() GEOMETRIC_REPRESENTATION_ITEM() 
RATIONAL_B_SPLINE_CURVE((1.,1.,1.,1.,1.,1.,1.,1.000000000001,1.,1.,1.,1.
    ,1.,1.,1.,0.999999999999,1.000000000002,0.999999999997,
    1.000000000004,0.999999999996,1.000000000003,0.999999999998,
    1.000000000001,1.,1.,1.,1.,1.,1.000000000001,0.999999999999,
    1.000000000002,0.999999999997,1.000000000002,0.999999999998,
1.000000000001,1.,1.,1.)) REPRESENTATION_ITEM('') );
#3307 = CARTESIAN_POINT('',(-7.418439693094,-24.91987158875,5.5));
#3308 = CARTESIAN_POINT('',(-7.460203387384,-24.91987158875,5.5));
#3309 = CARTESIAN_POINT('',(-7.501966480611,-24.91957658873,
    5.498110215801));
#3310 = CARTESIAN_POINT('',(-7.543741104849,-24.91898891236,
    5.494331257047));
#3311 = CARTESIAN_POINT('',(-7.585533297649,-24.91810867443,
    5.48864551289));
#3312 = CARTESIAN_POINT('',(-7.627340932235,-24.9169352894,
    5.481018978954));
#3313 = CARTESIAN_POINT('',(-7.66915164769,-24.91546897999,
    5.471403084267));
#3314 = CARTESIAN_POINT('',(-7.710940779153,-24.91371228571,
    5.459736518245));
#3315 = CARTESIAN_POINT('',(-7.752669288004,-24.91167157146,
    5.445947057605));
#3316 = CARTESIAN_POINT('',(-7.794281692065,-24.90935853612,
    5.429953393359));
#3317 = CARTESIAN_POINT('',(-7.835703995781,-24.90679172102,
    5.411666957732));
#3318 = CARTESIAN_POINT('',(-7.876841620421,-24.90399801862,
    5.390993751138));
#3319 = CARTESIAN_POINT('',(-7.917577334263,-24.901014181,5.367836169119
    ));
#3320 = CARTESIAN_POINT('',(-7.984780167388,-24.89578759517,
    5.324795328072));
#3321 = CARTESIAN_POINT('',(-8.011550674303,-24.89361992438,
    5.306334980829));
#3322 = CARTESIAN_POINT('',(-8.038041501804,-24.89140493671,
    5.286667432976));
#3323 = CARTESIAN_POINT('',(-8.06421253817,-24.88916102396,
    5.265752726359));
#3324 = CARTESIAN_POINT('',(-8.090021786671,-24.88690725163,
    5.243553164348));
#3325 = CARTESIAN_POINT('',(-8.115424390557,-24.88466526161,
    5.220029176926));
#3326 = CARTESIAN_POINT('',(-8.140371658032,-24.88246117476,
    5.195135185745));
#3327 = CARTESIAN_POINT('',(-8.164810087245,-24.88032749354,
    5.168815469236));
#3328 = CARTESIAN_POINT('',(-8.18868039127,-24.87830500463,5.14100002765
    ));
#3329 = CARTESIAN_POINT('',(-8.211916523087,-24.87644468151,
    5.111600448173));
#3330 = CARTESIAN_POINT('',(-8.234444700569,-24.87480958713,
    5.080505769972));
#3331 = CARTESIAN_POINT('',(-8.256182431465,-24.8734767765,
    5.047578349297));
#3332 = CARTESIAN_POINT('',(-8.293576041055,-24.87179568244,
    4.984950650336));
#3333 = CARTESIAN_POINT('',(-8.30957850541,-24.87126076264,
    4.956072662771));
#3334 = CARTESIAN_POINT('',(-8.324782538989,-24.87143648003,
    4.925014660392));
#3335 = CARTESIAN_POINT('',(-8.340210434296,-24.87011373301,
    4.896227689955));
#3336 = CARTESIAN_POINT('',(-8.352264430581,-24.87481632625,
    4.854590471037));
#3337 = CARTESIAN_POINT('',(-8.369198023351,-24.86808770875,
    4.835216315786));
#3338 = CARTESIAN_POINT('',(-8.375982547234,-24.88152011659,
    4.774580348034));
#3339 = CARTESIAN_POINT('',(-8.393467465612,-24.87111729339,
    4.761168986951));
#3340 = CARTESIAN_POINT('',(-8.397893077264,-24.88680944236,4.6945688026
    ));
#3341 = CARTESIAN_POINT('',(-8.410674162877,-24.88342128469,
    4.665641782183));
#3342 = CARTESIAN_POINT('',(-8.414704131319,-24.89674736677,
    4.602379665443));
#3343 = CARTESIAN_POINT('',(-8.420828482581,-24.90383382006,
    4.550950915865));
#3344 = CARTESIAN_POINT('',(-8.417830520113,-24.92762698134,
    4.465100503298));
#3345 = PCURVE('',#1017,#3346);
#3346 = DEFINITIONAL_REPRESENTATION('',(#3347),#3351);
#3347 = LINE('',#3348,#3349);
#3348 = CARTESIAN_POINT('',(1.004303535872,0.));
#3349 = VECTOR('',#3350,1.);
#3350 = DIRECTION('',(0.,1.));
#3351 = ( GEOMETRIC_REPRESENTATION_CONTEXT(2) 
PARAMETRIC_REPRESENTATION_CONTEXT() REPRESENTATION_CONTEXT('2D SPACE',''
  ) );
#3352 = PCURVE('',#3353,#3358);
#3353 = CYLINDRICAL_SURFACE('',#3354,1.);
#3354 = AXIS2_PLACEMENT_3D('',#3355,#3356,#3357);
#3355 = CARTESIAN_POINT('',(-7.418439693094,-24.61706725018,4.5));
#3356 = DIRECTION('',(3.717264591379E-16,-1.,-0.));
#3357 = DIRECTION('',(0.,-0.,1.));
#3358 = DEFINITIONAL_REPRESENTATION('',(#3359),#3394);
#3359 = B_SPLINE_CURVE_WITH_KNOTS('',9,(#3360,#3361,#3362,#3363,#3364,
    #3365,#3366,#3367,#3368,#3369,#3370,#3371,#3372,#3373,#3374,#3375,
    #3376,#3377,#3378,#3379,#3380,#3381,#3382,#3383,#3384,#3385,#3386,
    #3387,#3388,#3389,#3390,#3391,#3392,#3393),.UNSPECIFIED.,.F.,.F.,(10
    ,8,8,8,10),(14.836879386188,15.339031154124,15.590107038092,
    15.715644980076,15.84118292206),.UNSPECIFIED.);
#3360 = CARTESIAN_POINT('',(-7.159394145164E-17,0.302804338571));
#3361 = CARTESIAN_POINT('',(6.650871297446E-02,0.302804338572));
#3362 = CARTESIAN_POINT('',(0.133005815014,0.302025934878));
#3363 = CARTESIAN_POINT('',(0.200019306457,0.300486423137));
#3364 = CARTESIAN_POINT('',(0.267900685101,0.298167646701));
#3365 = CARTESIAN_POINT('',(0.337074486886,0.295070818755));
#3366 = CARTESIAN_POINT('',(0.407973707425,0.291234631768));
#3367 = CARTESIAN_POINT('',(0.480903131545,0.286743389866));
#3368 = CARTESIAN_POINT('',(0.556072597965,0.281751899744));
#3369 = CARTESIAN_POINT('',(0.673027040417,0.273954833691));
#3370 = CARTESIAN_POINT('',(0.712711707047,0.271305910943));
#3371 = CARTESIAN_POINT('',(0.753173344204,0.26864372559));
#3372 = CARTESIAN_POINT('',(0.7944836298,0.266008783422));
#3373 = CARTESIAN_POINT('',(0.836727107794,0.263452561217));
#3374 = CARTESIAN_POINT('',(0.880019494379,0.261044610061));
#3375 = CARTESIAN_POINT('',(0.924525984158,0.25887965867));
#3376 = CARTESIAN_POINT('',(0.970479556332,0.257084716709));
#3377 = CARTESIAN_POINT('',(1.042059143156,0.255196908813));
#3378 = CARTESIAN_POINT('',(1.066357131396,0.254699906611));
#3379 = CARTESIAN_POINT('',(1.091147673803,0.254363431681));
#3380 = CARTESIAN_POINT('',(1.116481635634,0.254213826436));
#3381 = CARTESIAN_POINT('',(1.142417382197,0.254280929947));
#3382 = CARTESIAN_POINT('',(1.16903184186,0.254603492378));
#3383 = CARTESIAN_POINT('',(1.196431569045,0.255234589414));
#3384 = CARTESIAN_POINT('',(1.224763807237,0.256247036687));
#3385 = CARTESIAN_POINT('',(1.283691296727,0.259230571728));
#3386 = CARTESIAN_POINT('',(1.314220486065,0.261169834542));
#3387 = CARTESIAN_POINT('',(1.346568208136,0.263918595831));
#3388 = CARTESIAN_POINT('',(1.378877959706,0.26659099555));
#3389 = CARTESIAN_POINT('',(1.416984482986,0.271995707273));
#3390 = CARTESIAN_POINT('',(1.451839682631,0.275764939753));
#3391 = CARTESIAN_POINT('',(1.497375975123,0.284644757526));
#3392 = CARTESIAN_POINT('',(1.541531666072,0.292785714164));
#3393 = CARTESIAN_POINT('',(1.605702911835,0.310559731165));
#3394 = ( GEOMETRIC_REPRESENTATION_CONTEXT(2) 
PARAMETRIC_REPRESENTATION_CONTEXT() REPRESENTATION_CONTEXT('2D SPACE',''
  ) );
#3395 = ORIENTED_EDGE('',*,*,#3396,.F.);
#3396 = EDGE_CURVE('',#932,#3303,#3397,.T.);
#3397 = SURFACE_CURVE('',#3398,(#3402,#3408),.PCURVE_S1.);
#3398 = ( BOUNDED_CURVE() B_SPLINE_CURVE(2,(#3399,#3400,#3401),
.UNSPECIFIED.,.F.,.F.) B_SPLINE_CURVE_WITH_KNOTS((3,3),(0.,
1.004303535872),.PIECEWISE_BEZIER_KNOTS.) CURVE() 
GEOMETRIC_REPRESENTATION_ITEM() RATIONAL_B_SPLINE_CURVE((1.,
0.696226557386,1.)) REPRESENTATION_ITEM('') );
#3399 = CARTESIAN_POINT('',(-7.557595730996,-23.94112631887,
    5.054919860125));
#3400 = CARTESIAN_POINT('',(-8.448261863614,-24.37747703956,
    5.336540163515));
#3401 = CARTESIAN_POINT('',(-8.417830520113,-24.92762698134,
    4.465100503298));
#3402 = PCURVE('',#1017,#3403);
#3403 = DEFINITIONAL_REPRESENTATION('',(#3404),#3407);
#3404 = B_SPLINE_CURVE_WITH_KNOTS('',1,(#3405,#3406),.UNSPECIFIED.,.F.,
  .F.,(2,2),(0.,1.004303535872),.PIECEWISE_BEZIER_KNOTS.);
#3405 = CARTESIAN_POINT('',(0.,15.84118292206));
#3406 = CARTESIAN_POINT('',(1.004303535872,15.84118292206));
#3407 = ( GEOMETRIC_REPRESENTATION_CONTEXT(2) 
PARAMETRIC_REPRESENTATION_CONTEXT() REPRESENTATION_CONTEXT('2D SPACE',''
  ) );
#3408 = PCURVE('',#1366,#3409);
#3409 = DEFINITIONAL_REPRESENTATION('',(#3410),#3413);
#3410 = B_SPLINE_CURVE_WITH_KNOTS('',1,(#3411,#3412),.UNSPECIFIED.,.F.,
  .F.,(2,2),(0.,1.004303535872),.PIECEWISE_BEZIER_KNOTS.);
#3411 = CARTESIAN_POINT('',(0.,15.84118292206));
#3412 = CARTESIAN_POINT('',(51.106016141238,15.84118292206));
#3413 = ( GEOMETRIC_REPRESENTATION_CONTEXT(2) 
PARAMETRIC_REPRESENTATION_CONTEXT() REPRESENTATION_CONTEXT('2D SPACE',''
  ) );
#3414 = ORIENTED_EDGE('',*,*,#931,.F.);
#3415 = ADVANCED_FACE('',(#3416),#2150,.T.);
#3416 = FACE_BOUND('',#3417,.T.);
#3417 = EDGE_LOOP('',(#3418,#3439,#3529,#3530));
#3418 = ORIENTED_EDGE('',*,*,#3419,.T.);
#3419 = EDGE_CURVE('',#1716,#3420,#3422,.T.);
#3420 = VERTEX_POINT('',#3421);
#3421 = CARTESIAN_POINT('',(8.417830520113,24.927626992788,
    4.465100503298));
#3422 = SURFACE_CURVE('',#3423,(#3427,#3433),.PCURVE_S1.);
#3423 = ( BOUNDED_CURVE() B_SPLINE_CURVE(2,(#3424,#3425,#3426),
.UNSPECIFIED.,.F.,.F.) B_SPLINE_CURVE_WITH_KNOTS((3,3),(0.,
1.004299244883),.PIECEWISE_BEZIER_KNOTS.) CURVE() 
GEOMETRIC_REPRESENTATION_ITEM() RATIONAL_B_SPLINE_CURVE((1.,
0.696226555553,1.)) REPRESENTATION_ITEM('') );
#3424 = CARTESIAN_POINT('',(7.557595792542,23.94112624168,5.054919810304
    ));
#3425 = CARTESIAN_POINT('',(8.448261864026,24.377477059835,
    5.336540175315));
#3426 = CARTESIAN_POINT('',(8.417830520113,24.927626992788,
    4.465100503298));
#3427 = PCURVE('',#2150,#3428);
#3428 = DEFINITIONAL_REPRESENTATION('',(#3429),#3432);
#3429 = B_SPLINE_CURVE_WITH_KNOTS('',1,(#3430,#3431),.UNSPECIFIED.,.F.,
  .F.,(2,2),(0.,1.004299244883),.PIECEWISE_BEZIER_KNOTS.);
#3430 = CARTESIAN_POINT('',(0.,83.792675935756));
#3431 = CARTESIAN_POINT('',(51.106016285094,83.792675935756));
#3432 = ( GEOMETRIC_REPRESENTATION_CONTEXT(2) 
PARAMETRIC_REPRESENTATION_CONTEXT() REPRESENTATION_CONTEXT('2D SPACE',''
  ) );
#3433 = PCURVE('',#1801,#3434);
#3434 = DEFINITIONAL_REPRESENTATION('',(#3435),#3438);
#3435 = B_SPLINE_CURVE_WITH_KNOTS('',1,(#3436,#3437),.UNSPECIFIED.,.F.,
  .F.,(2,2),(0.,1.004299244883),.PIECEWISE_BEZIER_KNOTS.);
#3436 = CARTESIAN_POINT('',(0.,83.792675935756));
#3437 = CARTESIAN_POINT('',(1.004299244883,83.792675935756));
#3438 = ( GEOMETRIC_REPRESENTATION_CONTEXT(2) 
PARAMETRIC_REPRESENTATION_CONTEXT() REPRESENTATION_CONTEXT('2D SPACE',''
  ) );
#3439 = ORIENTED_EDGE('',*,*,#3440,.T.);
#3440 = EDGE_CURVE('',#3420,#3184,#3441,.T.);
#3441 = SURFACE_CURVE('',#3442,(#3478,#3485),.PCURVE_S1.);
#3442 = ( BOUNDED_CURVE() B_SPLINE_CURVE(12,(#3443,#3444,#3445,#3446,
    #3447,#3448,#3449,#3450,#3451,#3452,#3453,#3454,#3455,#3456,#3457,
    #3458,#3459,#3460,#3461,#3462,#3463,#3464,#3465,#3466,#3467,#3468,
    #3469,#3470,#3471,#3472,#3473,#3474,#3475,#3476,#3477),
.UNSPECIFIED.,.F.,.F.) B_SPLINE_CURVE_WITH_KNOTS((13,11,11,13),(
    83.792675935756,85.288180283643,133.40315483387,134.89869222085),
.UNSPECIFIED.) CURVE() GEOMETRIC_REPRESENTATION_ITEM() 
RATIONAL_B_SPLINE_CURVE((1.,1.,1.,1.000000000001,0.999999999998,
    1.000000000002,0.999999999998,1.000000000002,0.999999999999,
    1.000000000001,1.,1.,1.,1.,1.,1.,0.999999999999,1.000000000001,1.,1.
    ,1.,1.,1.,1.,1.000000000001,0.999999999998,1.000000000003,
    0.999999999995,1.000000000006,0.999999999995,1.000000000004,
0.999999999998,1.000000000001,1.,1.)) REPRESENTATION_ITEM('') );
#3443 = CARTESIAN_POINT('',(8.417830520113,24.927626992788,
    4.465100503298));
#3444 = CARTESIAN_POINT('',(8.414575982903,24.783529508778,
    4.371902751422));
#3445 = CARTESIAN_POINT('',(8.411667550018,24.654744585384,
    4.288616130663));
#3446 = CARTESIAN_POINT('',(8.408934095349,24.533364563608,
    4.210340230432));
#3447 = CARTESIAN_POINT('',(8.406318732545,24.416725753611,
    4.135446038758));
#3448 = CARTESIAN_POINT('',(8.403788081813,24.303282487145,
    4.062977683401));
#3449 = CARTESIAN_POINT('',(8.401315694147,24.191817705517,
    3.992177764007));
#3450 = CARTESIAN_POINT('',(8.398885005691,24.081559256112,
    3.922571953727));
#3451 = CARTESIAN_POINT('',(8.396489202206,23.9721806309,3.853965118305)
  );
#3452 = CARTESIAN_POINT('',(8.394125455039,23.86355252308,3.786276255746
    ));
#3453 = CARTESIAN_POINT('',(8.391789145418,23.755477285146,3.71937310169
    ));
#3454 = CARTESIAN_POINT('',(8.389469923417,23.647482162757,
    3.652959273059));
#3455 = CARTESIAN_POINT('',(8.312038264055,20.017912214386,1.43560666344
    ));
#3456 = CARTESIAN_POINT('',(8.249221195455,16.284756711929,
    -0.363238823477));
#3457 = CARTESIAN_POINT('',(8.199194532319,12.36363211768,
    -1.795815019929));
#3458 = CARTESIAN_POINT('',(8.163598840212,8.327924038428,
    -2.815142274892));
#3459 = CARTESIAN_POINT('',(8.141113071956,4.180066856444,
    -3.459050429948));
#3460 = CARTESIAN_POINT('',(8.13460637905,-6.115276101238E-05,
    -3.645377736017));
#3461 = CARTESIAN_POINT('',(8.141111924881,-4.179953860009,
    -3.459083277873));
#3462 = CARTESIAN_POINT('',(8.163600473758,-8.328013812627,
    -2.815095496267));
#3463 = CARTESIAN_POINT('',(8.199193149114,-12.36356978251,
    -1.795854629754));
#3464 = CARTESIAN_POINT('',(8.249221781079,-16.28480623258,
    -0.363222053391));
#3465 = CARTESIAN_POINT('',(8.312039170145,-20.01795422622,
    1.435632610473));
#3466 = CARTESIAN_POINT('',(8.389469897062,-23.64748102893,
    3.652958518344));
#3467 = CARTESIAN_POINT('',(8.391789323449,-23.75548472622,3.71937819982
    ));
#3468 = CARTESIAN_POINT('',(8.394125330831,-23.86354829236,
    3.786272698886));
#3469 = CARTESIAN_POINT('',(8.396489379931,-23.97218829242,
    3.853970207713));
#3470 = CARTESIAN_POINT('',(8.398884918269,-24.08155357109,
    3.922569450268));
#3471 = CARTESIAN_POINT('',(8.401315229266,-24.19179672496,
    3.992164451584));
#3472 = CARTESIAN_POINT('',(8.403788822919,-24.30331743833,
    4.062998905882));
#3473 = CARTESIAN_POINT('',(8.406321583952,-24.41685431412,
    4.135527692374));
#3474 = CARTESIAN_POINT('',(8.408936381089,-24.5334662728,4.210405685458
    ));
#3475 = CARTESIAN_POINT('',(8.411666166844,-24.65468329276,
    4.288576521759));
#3476 = CARTESIAN_POINT('',(8.414575761814,-24.783519223,4.371896420264)
  );
#3477 = CARTESIAN_POINT('',(8.417830520113,-24.92762661617,
    4.465100503298));
#3478 = PCURVE('',#2150,#3479);
#3479 = DEFINITIONAL_REPRESENTATION('',(#3480),#3484);
#3480 = LINE('',#3481,#3482);
#3481 = CARTESIAN_POINT('',(51.106016285094,0.));
#3482 = VECTOR('',#3483,1.);
#3483 = DIRECTION('',(0.,1.));
#3484 = ( GEOMETRIC_REPRESENTATION_CONTEXT(2) 
PARAMETRIC_REPRESENTATION_CONTEXT() REPRESENTATION_CONTEXT('2D SPACE',''
  ) );
#3485 = PCURVE('',#3486,#3491);
#3486 = PLANE('',#3487);
#3487 = AXIS2_PLACEMENT_3D('',#3488,#3489,#3490);
#3488 = CARTESIAN_POINT('',(7.876637662486,-2.445709062144E-17,
    -11.03263524263));
#3489 = DIRECTION('',(-0.999390827019,-1.981333404921E-16,
    3.48994967025E-02));
#3490 = DIRECTION('',(3.48994967025E-02,6.918968711955E-18,
    0.999390827019));
#3491 = DEFINITIONAL_REPRESENTATION('',(#3492),#3528);
#3492 = B_SPLINE_CURVE_WITH_KNOTS('',12,(#3493,#3494,#3495,#3496,#3497,
    #3498,#3499,#3500,#3501,#3502,#3503,#3504,#3505,#3506,#3507,#3508,
    #3509,#3510,#3511,#3512,#3513,#3514,#3515,#3516,#3517,#3518,#3519,
    #3520,#3521,#3522,#3523,#3524,#3525,#3526,#3527),.UNSPECIFIED.,.F.,
  .F.,(13,11,11,13),(83.792675935756,85.288180283643,133.40315483387,
    134.89869222085),.UNSPECIFIED.);
#3493 = CARTESIAN_POINT('',(15.507182302401,24.927626992787));
#3494 = CARTESIAN_POINT('',(15.413927742369,24.78352950878));
#3495 = CARTESIAN_POINT('',(15.330590354715,24.654744585376));
#3496 = CARTESIAN_POINT('',(15.252266741886,24.533364563631));
#3497 = CARTESIAN_POINT('',(15.177326898818,24.416725753565));
#3498 = CARTESIAN_POINT('',(15.104814370895,24.303282487213));
#3499 = CARTESIAN_POINT('',(15.03397129568,24.191817705441));
#3500 = CARTESIAN_POINT('',(14.964323057708,24.08155925618));
#3501 = CARTESIAN_POINT('',(14.895674403276,23.972180630854));
#3502 = CARTESIAN_POINT('',(14.827944281421,23.863552523103));
#3503 = CARTESIAN_POINT('',(14.7610003469,23.755477285138));
#3504 = CARTESIAN_POINT('',(14.694546036107,23.647482162758));
#3505 = CARTESIAN_POINT('',(12.475841851844,20.017912214384));
#3506 = CARTESIAN_POINT('',(10.675899888917,16.284756711932));
#3507 = CARTESIAN_POINT('',(9.242450473813,12.363632117677));
#3508 = CARTESIAN_POINT('',(8.222501893727,8.327924038431));
#3509 = CARTESIAN_POINT('',(7.57820124814,4.180066856445));
#3510 = CARTESIAN_POINT('',(7.391760367304,-6.115276546948E-05));
#3511 = CARTESIAN_POINT('',(7.578168380193,-4.179953860002));
#3512 = CARTESIAN_POINT('',(8.222548700863,-8.328013812632));
#3513 = CARTESIAN_POINT('',(9.242410839847,-12.36356978251));
#3514 = CARTESIAN_POINT('',(10.675916669222,-16.28480623258));
#3515 = CARTESIAN_POINT('',(12.475867814695,-20.01795422623));
#3516 = CARTESIAN_POINT('',(14.69454528093,-23.64748102892));
#3517 = CARTESIAN_POINT('',(14.761005448153,-23.75548472623));
#3518 = CARTESIAN_POINT('',(14.827940722343,-23.86354829233));
#3519 = CARTESIAN_POINT('',(14.895679495885,-23.9721882925));
#3520 = CARTESIAN_POINT('',(14.964320552577,-24.08155357098));
#3521 = CARTESIAN_POINT('',(15.03395797531,-24.19179672508));
#3522 = CARTESIAN_POINT('',(15.104835606161,-24.30331743823));
#3523 = CARTESIAN_POINT('',(15.177408602311,-24.41685431419));
#3524 = CARTESIAN_POINT('',(15.252332236754,-24.53346627276));
#3525 = CARTESIAN_POINT('',(15.330550721689,-24.65468329278));
#3526 = CARTESIAN_POINT('',(15.413921407347,-24.78351922299));
#3527 = CARTESIAN_POINT('',(15.507182302401,-24.92762661617));
#3528 = ( GEOMETRIC_REPRESENTATION_CONTEXT(2) 
PARAMETRIC_REPRESENTATION_CONTEXT() REPRESENTATION_CONTEXT('2D SPACE',''
  ) );
#3529 = ORIENTED_EDGE('',*,*,#3183,.F.);
#3530 = ORIENTED_EDGE('',*,*,#1923,.F.);
#3531 = ADVANCED_FACE('',(#3532),#1366,.T.);
#3532 = FACE_BOUND('',#3533,.T.);
#3533 = EDGE_LOOP('',(#3534,#3535,#3627,#3646));
#3534 = ORIENTED_EDGE('',*,*,#3396,.T.);
#3535 = ORIENTED_EDGE('',*,*,#3536,.T.);
#3536 = EDGE_CURVE('',#3303,#3537,#3539,.T.);
#3537 = VERTEX_POINT('',#3538);
#3538 = CARTESIAN_POINT('',(-8.417830520113,24.927626616642,
    4.465100503298));
#3539 = SURFACE_CURVE('',#3540,(#3576,#3583),.PCURVE_S1.);
#3540 = ( BOUNDED_CURVE() B_SPLINE_CURVE(12,(#3541,#3542,#3543,#3544,
    #3545,#3546,#3547,#3548,#3549,#3550,#3551,#3552,#3553,#3554,#3555,
    #3556,#3557,#3558,#3559,#3560,#3561,#3562,#3563,#3564,#3565,#3566,
    #3567,#3568,#3569,#3570,#3571,#3572,#3573,#3574,#3575),
.UNSPECIFIED.,.F.,.F.) B_SPLINE_CURVE_WITH_KNOTS((13,11,11,13),(
    15.84118292206,17.33671909136,65.451693641939,66.947199063298),
.UNSPECIFIED.) CURVE() GEOMETRIC_REPRESENTATION_ITEM() 
RATIONAL_B_SPLINE_CURVE((1.,1.,1.000000000001,0.999999999998,
    1.000000000003,0.999999999996,1.000000000004,0.999999999997,
    1.000000000002,0.999999999999,1.,1.,1.,1.,0.999999999999,
    1.000000000002,0.999999999997,1.000000000003,0.999999999997,
    1.000000000002,0.999999999999,1.,1.,1.,1.,0.999999999999,
    1.000000000002,0.999999999997,1.000000000003,0.999999999997,
1.000000000002,0.999999999999,1.,1.,1.)) REPRESENTATION_ITEM('') );
#3541 = CARTESIAN_POINT('',(-8.417830520113,-24.92762698134,
    4.465100503298));
#3542 = CARTESIAN_POINT('',(-8.41457591617,-24.78352650382,
    4.371900840438));
#3543 = CARTESIAN_POINT('',(-8.411667415361,-24.65473877254,
    4.288612274606));
#3544 = CARTESIAN_POINT('',(-8.408934082121,-24.53336367797,
    4.210339851623));
#3545 = CARTESIAN_POINT('',(-8.4063188192,-24.41672951933,4.135448520218
    ));
#3546 = CARTESIAN_POINT('',(-8.403788150709,-24.30328587421,
    4.062979656334));
#3547 = CARTESIAN_POINT('',(-8.401315670412,-24.19181683566,
    3.992177084315));
#3548 = CARTESIAN_POINT('',(-8.398884909942,-24.08155473125,
    3.922569211826));
#3549 = CARTESIAN_POINT('',(-8.396489131594,-23.97217716103,
    3.853963096257));
#3550 = CARTESIAN_POINT('',(-8.394125503402,-23.86355470674,
    3.786277640668));
#3551 = CARTESIAN_POINT('',(-8.39178927039,-23.75548299745,
    3.719376680408));
#3552 = CARTESIAN_POINT('',(-8.389469895156,-23.64748093958,
    3.652958463758));
#3553 = CARTESIAN_POINT('',(-8.312039170179,-20.01795422778,
    1.435632611446));
#3554 = CARTESIAN_POINT('',(-8.249221781076,-16.28480623311,
    -0.363222053496));
#3555 = CARTESIAN_POINT('',(-8.199193149112,-12.36356978246,
    -1.795854629822));
#3556 = CARTESIAN_POINT('',(-8.163600473759,-8.328013812616,
    -2.81509549622));
#3557 = CARTESIAN_POINT('',(-8.141111924881,-4.179953860041,
    -3.459083277894));
#3558 = CARTESIAN_POINT('',(-8.134606379049,-6.115273232659E-05,
    -3.645377736025));
#3559 = CARTESIAN_POINT('',(-8.141113071957,4.180066856432,
    -3.459050429913));
#3560 = CARTESIAN_POINT('',(-8.16359884021,8.327924038411,
    -2.815142274949));
#3561 = CARTESIAN_POINT('',(-8.199194532322,12.363632117755,
    -1.795815019854));
#3562 = CARTESIAN_POINT('',(-8.249221195459,16.284756711381,
    -0.363238823374));
#3563 = CARTESIAN_POINT('',(-8.31203826402,20.017912212807,1.43560666245
    ));
#3564 = CARTESIAN_POINT('',(-8.389469925099,23.647482241556,3.6529593212
    ));
#3565 = CARTESIAN_POINT('',(-8.391789169369,23.75547765719,
    3.719373787557));
#3566 = CARTESIAN_POINT('',(-8.394125347368,23.863549142132,
    3.786273172446));
#3567 = CARTESIAN_POINT('',(-8.396489429995,23.972190788456,
    3.853971641317));
#3568 = CARTESIAN_POINT('',(-8.398884939001,24.081554598545,
    3.922570044004));
#3569 = CARTESIAN_POINT('',(-8.401315283477,24.19179903929,
    3.992166003921));
#3570 = CARTESIAN_POINT('',(-8.403788858372,24.303318896008,
    4.06299992118));
#3571 = CARTESIAN_POINT('',(-8.406321479345,24.416849654534,
    4.135524696792));
#3572 = CARTESIAN_POINT('',(-8.408936247919,24.533460421824,
    4.210401871993));
#3573 = CARTESIAN_POINT('',(-8.411666275124,24.654688148724,
    4.288579622491));
#3574 = CARTESIAN_POINT('',(-8.414575839788,24.783522649701,
    4.371898653157));
#3575 = CARTESIAN_POINT('',(-8.417830520113,24.927626616642,
    4.465100503298));
#3576 = PCURVE('',#1366,#3577);
#3577 = DEFINITIONAL_REPRESENTATION('',(#3578),#3582);
#3578 = LINE('',#3579,#3580);
#3579 = CARTESIAN_POINT('',(51.106016141238,0.));
#3580 = VECTOR('',#3581,1.);
#3581 = DIRECTION('',(0.,1.));
#3582 = ( GEOMETRIC_REPRESENTATION_CONTEXT(2) 
PARAMETRIC_REPRESENTATION_CONTEXT() REPRESENTATION_CONTEXT('2D SPACE',''
  ) );
#3583 = PCURVE('',#3584,#3589);
#3584 = PLANE('',#3585);
#3585 = AXIS2_PLACEMENT_3D('',#3586,#3587,#3588);
#3586 = CARTESIAN_POINT('',(-7.876637662486,4.58570449152E-17,
    -11.03263524263));
#3587 = DIRECTION('',(0.999390827019,3.715000134227E-16,
    3.48994967025E-02));
#3588 = DIRECTION('',(3.48994967025E-02,1.297306633491E-17,
    -0.999390827019));
#3589 = DEFINITIONAL_REPRESENTATION('',(#3590),#3626);
#3590 = B_SPLINE_CURVE_WITH_KNOTS('',12,(#3591,#3592,#3593,#3594,#3595,
    #3596,#3597,#3598,#3599,#3600,#3601,#3602,#3603,#3604,#3605,#3606,
    #3607,#3608,#3609,#3610,#3611,#3612,#3613,#3614,#3615,#3616,#3617,
    #3618,#3619,#3620,#3621,#3622,#3623,#3624,#3625),.UNSPECIFIED.,.F.,
  .F.,(13,11,11,13),(15.84118292206,17.33671909136,65.451693641939,
    66.947199063298),.UNSPECIFIED.);
#3591 = CARTESIAN_POINT('',(-15.5071823024,-24.92762698134));
#3592 = CARTESIAN_POINT('',(-15.41392583021,-24.78352650381));
#3593 = CARTESIAN_POINT('',(-15.33058649632,-24.65473877255));
#3594 = CARTESIAN_POINT('',(-15.25226636279,-24.53336367794));
#3595 = CARTESIAN_POINT('',(-15.17732938188,-24.4167295194));
#3596 = CARTESIAN_POINT('',(-15.1048163449,-24.30328587413));
#3597 = CARTESIAN_POINT('',(-15.03397061571,-24.19181683573));
#3598 = CARTESIAN_POINT('',(-14.96432031402,-24.0815547312));
#3599 = CARTESIAN_POINT('',(-14.89567238007,-23.97217716106));
#3600 = CARTESIAN_POINT('',(-14.82794566715,-23.86355470672));
#3601 = CARTESIAN_POINT('',(-14.76100392781,-23.75548299745));
#3602 = CARTESIAN_POINT('',(-14.69454522631,-23.64748093958));
#3603 = CARTESIAN_POINT('',(-12.47586781566,-20.01795422778));
#3604 = CARTESIAN_POINT('',(-10.67591666912,-16.28480623311));
#3605 = CARTESIAN_POINT('',(-9.242410839769,-12.36356978245));
#3606 = CARTESIAN_POINT('',(-8.222548700925,-8.328013812631));
#3607 = CARTESIAN_POINT('',(-7.578168380153,-4.179953860032));
#3608 = CARTESIAN_POINT('',(-7.391760367316,-6.115272782748E-05));
#3609 = CARTESIAN_POINT('',(-7.578201248159,4.180066856416));
#3610 = CARTESIAN_POINT('',(-8.22250189368,8.32792403843));
#3611 = CARTESIAN_POINT('',(-9.242450473884,12.363632117741));
#3612 = CARTESIAN_POINT('',(-10.67589988902,16.284756711387));
#3613 = CARTESIAN_POINT('',(-12.47584185085,20.017912212807));
#3614 = CARTESIAN_POINT('',(-14.69454608427,23.647482241556));
#3615 = CARTESIAN_POINT('',(-14.76100103319,23.755477657199));
#3616 = CARTESIAN_POINT('',(-14.8279411962,23.863549142105));
#3617 = CARTESIAN_POINT('',(-14.89568093034,23.972190788512));
#3618 = CARTESIAN_POINT('',(-14.9643211467,24.081554598463));
#3619 = CARTESIAN_POINT('',(-15.03395952855,24.191799039383));
#3620 = CARTESIAN_POINT('',(-15.10483662211,24.303318895926));
#3621 = CARTESIAN_POINT('',(-15.17740560487,24.41684965459));
#3622 = CARTESIAN_POINT('',(-15.25232842097,24.533460421793));
#3623 = CARTESIAN_POINT('',(-15.3305538243,24.654688148735));
#3624 = CARTESIAN_POINT('',(-15.4139236416,24.783522649698));
#3625 = CARTESIAN_POINT('',(-15.5071823024,24.927626616642));
#3626 = ( GEOMETRIC_REPRESENTATION_CONTEXT(2) 
PARAMETRIC_REPRESENTATION_CONTEXT() REPRESENTATION_CONTEXT('2D SPACE',''
  ) );
#3627 = ORIENTED_EDGE('',*,*,#3628,.F.);
#3628 = EDGE_CURVE('',#1140,#3537,#3629,.T.);
#3629 = SURFACE_CURVE('',#3630,(#3634,#3640),.PCURVE_S1.);
#3630 = ( BOUNDED_CURVE() B_SPLINE_CURVE(2,(#3631,#3632,#3633),
.UNSPECIFIED.,.F.,.F.) B_SPLINE_CURVE_WITH_KNOTS((3,3),(0.,
51.106016141238),.PIECEWISE_BEZIER_KNOTS.) CURVE() 
GEOMETRIC_REPRESENTATION_ITEM() RATIONAL_B_SPLINE_CURVE((1.,
0.696226643971,1.)) REPRESENTATION_ITEM('') );
#3631 = CARTESIAN_POINT('',(-7.557597976358,23.941122934796,
    5.054917676045));
#3632 = CARTESIAN_POINT('',(-8.448261849962,24.377476521224,
    5.336539772593));
#3633 = CARTESIAN_POINT('',(-8.417830520113,24.927626616642,
    4.465100503298));
#3634 = PCURVE('',#1366,#3635);
#3635 = DEFINITIONAL_REPRESENTATION('',(#3636),#3639);
#3636 = B_SPLINE_CURVE_WITH_KNOTS('',1,(#3637,#3638),.UNSPECIFIED.,.F.,
  .F.,(2,2),(0.,51.106016141238),.PIECEWISE_BEZIER_KNOTS.);
#3637 = CARTESIAN_POINT('',(0.,66.947199063298));
#3638 = CARTESIAN_POINT('',(51.106016141238,66.947199063298));
#3639 = ( GEOMETRIC_REPRESENTATION_CONTEXT(2) 
PARAMETRIC_REPRESENTATION_CONTEXT() REPRESENTATION_CONTEXT('2D SPACE',''
  ) );
#3640 = PCURVE('',#1565,#3641);
#3641 = DEFINITIONAL_REPRESENTATION('',(#3642),#3645);
#3642 = B_SPLINE_CURVE_WITH_KNOTS('',1,(#3643,#3644),.UNSPECIFIED.,.F.,
  .F.,(2,2),(0.,51.106016141238),.PIECEWISE_BEZIER_KNOTS.);
#3643 = CARTESIAN_POINT('',(0.,66.947199063298));
#3644 = CARTESIAN_POINT('',(1.004298167684,66.947199063298));
#3645 = ( GEOMETRIC_REPRESENTATION_CONTEXT(2) 
PARAMETRIC_REPRESENTATION_CONTEXT() REPRESENTATION_CONTEXT('2D SPACE',''
  ) );
#3646 = ORIENTED_EDGE('',*,*,#1139,.F.);
#3647 = ADVANCED_FACE('',(#3648),#1801,.T.);
#3648 = FACE_BOUND('',#3649,.T.);
#3649 = EDGE_LOOP('',(#3650,#3676,#3768,#3769));
#3650 = ORIENTED_EDGE('',*,*,#3651,.T.);
#3651 = EDGE_CURVE('',#1688,#3652,#3654,.T.);
#3652 = VERTEX_POINT('',#3653);
#3653 = CARTESIAN_POINT('',(7.418439693094,24.919871588754,5.5));
#3654 = SURFACE_CURVE('',#3655,(#3660,#3670),.PCURVE_S1.);
#3655 = CIRCLE('',#3656,1.);
#3656 = AXIS2_PLACEMENT_3D('',#3657,#3658,#3659);
#3657 = CARTESIAN_POINT('',(7.418439693094,24.919871588754,4.5));
#3658 = DIRECTION('',(-1.,3.264449877387E-17,2.192665270573E-17));
#3659 = DIRECTION('',(2.667055779957E-19,-0.551935140393,0.833887043189)
  );
#3660 = PCURVE('',#1801,#3661);
#3661 = DEFINITIONAL_REPRESENTATION('',(#3662),#3669);
#3662 = B_SPLINE_CURVE_WITH_KNOTS('',5,(#3663,#3664,#3665,#3666,#3667,
    #3668),.UNSPECIFIED.,.F.,.F.,(6,6),(0.,0.584683086984),
  .PIECEWISE_BEZIER_KNOTS.);
#3663 = CARTESIAN_POINT('',(0.,82.788376690873));
#3664 = CARTESIAN_POINT('',(0.203749668529,82.788376690872));
#3665 = CARTESIAN_POINT('',(0.403115104682,82.788376690873));
#3666 = CARTESIAN_POINT('',(0.601184140201,82.788376690872));
#3667 = CARTESIAN_POINT('',(0.800549576354,82.788376690873));
#3668 = CARTESIAN_POINT('',(1.004299244883,82.788376690873));
#3669 = ( GEOMETRIC_REPRESENTATION_CONTEXT(2) 
PARAMETRIC_REPRESENTATION_CONTEXT() REPRESENTATION_CONTEXT('2D SPACE',''
  ) );
#3670 = PCURVE('',#1703,#3671);
#3671 = DEFINITIONAL_REPRESENTATION('',(#3672),#3675);
#3672 = B_SPLINE_CURVE_WITH_KNOTS('',1,(#3673,#3674),.UNSPECIFIED.,.F.,
  .F.,(2,2),(0.,0.584683086984),.PIECEWISE_BEZIER_KNOTS.);
#3673 = CARTESIAN_POINT('',(0.,14.836879386188));
#3674 = CARTESIAN_POINT('',(-0.584683086984,14.836879386188));
#3675 = ( GEOMETRIC_REPRESENTATION_CONTEXT(2) 
PARAMETRIC_REPRESENTATION_CONTEXT() REPRESENTATION_CONTEXT('2D SPACE',''
  ) );
#3676 = ORIENTED_EDGE('',*,*,#3677,.T.);
#3677 = EDGE_CURVE('',#3652,#3420,#3678,.T.);
#3678 = SURFACE_CURVE('',#3679,(#3718,#3725),.PCURVE_S1.);
#3679 = ( BOUNDED_CURVE() B_SPLINE_CURVE(13,(#3680,#3681,#3682,#3683,
    #3684,#3685,#3686,#3687,#3688,#3689,#3690,#3691,#3692,#3693,#3694,
    #3695,#3696,#3697,#3698,#3699,#3700,#3701,#3702,#3703,#3704,#3705,
    #3706,#3707,#3708,#3709,#3710,#3711,#3712,#3713,#3714,#3715,#3716,
#3717),.UNSPECIFIED.,.F.,.F.) B_SPLINE_CURVE_WITH_KNOTS((14,12,12,14),(
    82.788376690873,83.24384054839,83.549935713965,83.792675935756),
.UNSPECIFIED.) CURVE() GEOMETRIC_REPRESENTATION_ITEM() 
RATIONAL_B_SPLINE_CURVE((1.,1.000000000001,0.999999999998,1.000000000006
    ,0.999999999988,1.000000000018,0.999999999979,1.00000000002,
    0.999999999984,1.00000000001,0.999999999995,1.000000000002,1.,1.,1.,
    1.000000000001,0.999999999997,1.000000000004,0.999999999994,
    1.000000000006,0.999999999996,1.000000000003,0.999999999999,1.,1.,1.
    ,1.000000000001,0.999999999998,1.000000000004,0.999999999993,
    1.000000000009,0.999999999991,1.000000000007,0.999999999996,
1.000000000002,0.999999999999,1.,1.)) REPRESENTATION_ITEM('') );
#3680 = CARTESIAN_POINT('',(7.418439693094,24.919871588754,5.5));
#3681 = CARTESIAN_POINT('',(7.460203414852,24.919871588754,5.5));
#3682 = CARTESIAN_POINT('',(7.501966521393,24.919576588233,
    5.498110212965));
#3683 = CARTESIAN_POINT('',(7.543741148558,24.918988911375,
    5.494331251208));
#3684 = CARTESIAN_POINT('',(7.585533337425,24.918108673217,
    5.488645505256));
#3685 = CARTESIAN_POINT('',(7.627340964376,24.916935288255,5.48101897109
    ));
#3686 = CARTESIAN_POINT('',(7.669151671164,24.915468979118,
    5.471403077431));
#3687 = CARTESIAN_POINT('',(7.710940794962,24.913712285148,
    5.459736512958));
#3688 = CARTESIAN_POINT('',(7.752669298464,24.911671571093,
    5.445947053613));
#3689 = CARTESIAN_POINT('',(7.794281699893,24.90935853568,5.429953389809
    ));
#3690 = CARTESIAN_POINT('',(7.835704003132,24.906791720303,
    5.411666953731));
#3691 = CARTESIAN_POINT('',(7.876841627728,24.903998017613,
    5.390993746565));
#3692 = CARTESIAN_POINT('',(7.917577339001,24.901014180175,
    5.367836165768));
#3693 = CARTESIAN_POINT('',(7.984780163552,24.89578759621,5.324795330741
    ));
#3694 = CARTESIAN_POINT('',(8.011550672323,24.893619927213,
    5.306334979855));
#3695 = CARTESIAN_POINT('',(8.038041499047,24.891404942869,
    5.286667431144));
#3696 = CARTESIAN_POINT('',(8.064212530715,24.889161034455,
    5.265752728964));
#3697 = CARTESIAN_POINT('',(8.090021771039,24.886907266587,
    5.243553176526));
#3698 = CARTESIAN_POINT('',(8.115424364845,24.884665280064,
    5.220029201878));
#3699 = CARTESIAN_POINT('',(8.140371622459,24.882461194684,
    5.195135223893));
#3700 = CARTESIAN_POINT('',(8.164810044094,24.880327512103,5.16881551824
    ));
#3701 = CARTESIAN_POINT('',(8.188680344242,24.878305018639,
    5.141000083382));
#3702 = CARTESIAN_POINT('',(8.211916476059,24.876444688133,
    5.111600506543));
#3703 = CARTESIAN_POINT('',(8.234444655755,24.874809584763,
    5.080505829703));
#3704 = CARTESIAN_POINT('',(8.256182386982,24.873476765887,
    5.047578415569));
#3705 = CARTESIAN_POINT('',(8.293576038397,24.871795662436,
    4.984950661312));
#3706 = CARTESIAN_POINT('',(8.309578543182,24.871260739261,
    4.956072601344));
#3707 = CARTESIAN_POINT('',(8.324782603499,24.87143646148,4.925014526641
    ));
#3708 = CARTESIAN_POINT('',(8.340210524191,24.870113704317,
    4.896227533003));
#3709 = CARTESIAN_POINT('',(8.352264520155,24.874816359848,
    4.854590164993));
#3710 = CARTESIAN_POINT('',(8.369198164056,24.868087683349,
    4.835216109203));
#3711 = CARTESIAN_POINT('',(8.375982645657,24.881520251389,
    4.774579819146));
#3712 = CARTESIAN_POINT('',(8.393467604526,24.871117312636,
    4.761168692872));
#3713 = CARTESIAN_POINT('',(8.397893133202,24.886809593989,
    4.694568281157));
#3714 = CARTESIAN_POINT('',(8.410674211266,24.883421331913,
    4.665641523036));
#3715 = CARTESIAN_POINT('',(8.414704128423,24.896747435131,
    4.602379437328));
#3716 = CARTESIAN_POINT('',(8.420828481786,24.903833818674,
    4.550950893101));
#3717 = CARTESIAN_POINT('',(8.417830520113,24.927626992788,
    4.465100503298));
#3718 = PCURVE('',#1801,#3719);
#3719 = DEFINITIONAL_REPRESENTATION('',(#3720),#3724);
#3720 = LINE('',#3721,#3722);
#3721 = CARTESIAN_POINT('',(1.004299244883,0.));
#3722 = VECTOR('',#3723,1.);
#3723 = DIRECTION('',(0.,1.));
#3724 = ( GEOMETRIC_REPRESENTATION_CONTEXT(2) 
PARAMETRIC_REPRESENTATION_CONTEXT() REPRESENTATION_CONTEXT('2D SPACE',''
  ) );
#3725 = PCURVE('',#3726,#3731);
#3726 = CYLINDRICAL_SURFACE('',#3727,1.);
#3727 = AXIS2_PLACEMENT_3D('',#3728,#3729,#3730);
#3728 = CARTESIAN_POINT('',(7.418439693094,24.617067250183,4.5));
#3729 = DIRECTION('',(-1.982541115402E-16,1.,-0.));
#3730 = DIRECTION('',(0.999390827019,1.981333404921E-16,
    -3.48994967025E-02));
#3731 = DEFINITIONAL_REPRESENTATION('',(#3732),#3767);
#3732 = B_SPLINE_CURVE_WITH_KNOTS('',9,(#3733,#3734,#3735,#3736,#3737,
    #3738,#3739,#3740,#3741,#3742,#3743,#3744,#3745,#3746,#3747,#3748,
    #3749,#3750,#3751,#3752,#3753,#3754,#3755,#3756,#3757,#3758,#3759,
    #3760,#3761,#3762,#3763,#3764,#3765,#3766),.UNSPECIFIED.,.F.,.F.,(10
    ,8,8,8,10),(82.788376690873,83.290526313314,83.541601124535,
    83.667138530146,83.792675935756),.UNSPECIFIED.);
#3733 = CARTESIAN_POINT('',(-1.605702911835,0.302804338572));
#3734 = CARTESIAN_POINT('',(-1.539194089635,0.302804338572));
#3735 = CARTESIAN_POINT('',(-1.472696916088,0.302025932121));
#3736 = CARTESIAN_POINT('',(-1.405683368067,0.30048641693));
#3737 = CARTESIAN_POINT('',(-1.337801940797,0.298167636591));
#3738 = CARTESIAN_POINT('',(-1.268628080948,0.295070803599));
#3739 = CARTESIAN_POINT('',(-1.19772877916,0.291234609328));
#3740 = CARTESIAN_POINT('',(-1.124799261463,0.286743357481));
#3741 = CARTESIAN_POINT('',(-1.049629719079,0.281751857536));
#3742 = CARTESIAN_POINT('',(-0.932675164592,0.273954793277));
#3743 = CARTESIAN_POINT('',(-0.892990463814,0.27130587289));
#3744 = CARTESIAN_POINT('',(-0.852528799001,0.26864369069));
#3745 = CARTESIAN_POINT('',(-0.811218488061,0.266008750729));
#3746 = CARTESIAN_POINT('',(-0.768974979497,0.263452528132));
#3747 = CARTESIAN_POINT('',(-0.725682550356,0.261044573274));
#3748 = CARTESIAN_POINT('',(-0.681176004163,0.258879615962));
#3749 = CARTESIAN_POINT('',(-0.635222368864,0.257084669608));
#3750 = CARTESIAN_POINT('',(-0.563642707718,0.255196868315));
#3751 = CARTESIAN_POINT('',(-0.539344698312,0.254699870479));
#3752 = CARTESIAN_POINT('',(-0.514554143109,0.254363401721));
#3753 = CARTESIAN_POINT('',(-0.48922017658,0.254213805233));
#3754 = CARTESIAN_POINT('',(-0.463284430512,0.254280921278));
#3755 = CARTESIAN_POINT('',(-0.436669973411,0.254603500877));
#3756 = CARTESIAN_POINT('',(-0.409270249909,0.255234619492));
#3757 = CARTESIAN_POINT('',(-0.380938020168,0.256247090719));
#3758 = CARTESIAN_POINT('',(-0.322010578397,0.259230669234));
#3759 = CARTESIAN_POINT('',(-0.291481426521,0.261169952291));
#3760 = CARTESIAN_POINT('',(-0.259133766682,0.263918727154));
#3761 = CARTESIAN_POINT('',(-0.226824093259,0.266591137888));
#3762 = CARTESIAN_POINT('',(-0.188717707988,0.271995837499));
#3763 = CARTESIAN_POINT('',(-0.153862654009,0.275765057331));
#3764 = CARTESIAN_POINT('',(-0.10832655342,0.284644842683));
#3765 = CARTESIAN_POINT('',(-6.417105215781E-02,0.292785764932));
#3766 = CARTESIAN_POINT('',(2.775557561563E-17,0.310559742605));
#3767 = ( GEOMETRIC_REPRESENTATION_CONTEXT(2) 
PARAMETRIC_REPRESENTATION_CONTEXT() REPRESENTATION_CONTEXT('2D SPACE',''
  ) );
#3768 = ORIENTED_EDGE('',*,*,#3419,.F.);
#3769 = ORIENTED_EDGE('',*,*,#1715,.F.);
#3770 = ADVANCED_FACE('',(#3771),#1565,.T.);
#3771 = FACE_BOUND('',#3772,.T.);
#3772 = EDGE_LOOP('',(#3773,#3774,#3868,#3891));
#3773 = ORIENTED_EDGE('',*,*,#3628,.T.);
#3774 = ORIENTED_EDGE('',*,*,#3775,.T.);
#3775 = EDGE_CURVE('',#3537,#3776,#3778,.T.);
#3776 = VERTEX_POINT('',#3777);
#3777 = CARTESIAN_POINT('',(-7.418439693094,24.919871588754,5.5));
#3778 = SURFACE_CURVE('',#3779,(#3818,#3825),.PCURVE_S1.);
#3779 = ( BOUNDED_CURVE() B_SPLINE_CURVE(13,(#3780,#3781,#3782,#3783,
    #3784,#3785,#3786,#3787,#3788,#3789,#3790,#3791,#3792,#3793,#3794,
    #3795,#3796,#3797,#3798,#3799,#3800,#3801,#3802,#3803,#3804,#3805,
    #3806,#3807,#3808,#3809,#3810,#3811,#3812,#3813,#3814,#3815,#3816,
#3817),.UNSPECIFIED.,.F.,.F.) B_SPLINE_CURVE_WITH_KNOTS((14,12,12,14),(
    66.947199063298,67.189938209025,67.496033374143,67.951497230982),
.UNSPECIFIED.) CURVE() GEOMETRIC_REPRESENTATION_ITEM() 
RATIONAL_B_SPLINE_CURVE((1.,1.,1.000000000001,0.999999999998,
    1.000000000004,0.999999999995,1.000000000006,0.999999999995,
    1.000000000004,0.999999999998,1.000000000001,1.,1.,1.,1.,
    0.999999999999,1.000000000003,0.999999999996,1.000000000005,
    0.999999999995,1.000000000004,0.999999999998,1.000000000001,1.,1.,1.
    ,0.999999999999,1.000000000003,0.999999999993,1.000000000011,
    0.999999999986,1.000000000014,0.999999999988,1.000000000007,
0.999999999996,1.000000000001,1.,1.)) REPRESENTATION_ITEM('') );
#3780 = CARTESIAN_POINT('',(-8.417830520113,24.927626616641,
    4.465100503298));
#3781 = CARTESIAN_POINT('',(-8.420828627403,24.903831977984,
    4.550955063021));
#3782 = CARTESIAN_POINT('',(-8.414703496289,24.896746510802,
    4.602382812976));
#3783 = CARTESIAN_POINT('',(-8.410673900064,24.883418961258,
    4.665648551866));
#3784 = CARTESIAN_POINT('',(-8.397891361653,24.88680991592,
    4.694570593529));
#3785 = CARTESIAN_POINT('',(-8.393467082587,24.871114148195,
    4.761178403982));
#3786 = CARTESIAN_POINT('',(-8.37598003301,24.881521370911,
    4.774581270149));
#3787 = CARTESIAN_POINT('',(-8.369197052791,24.868085412037,
    4.835224169128));
#3788 = CARTESIAN_POINT('',(-8.352262497047,24.87481695323,
    4.854591994875));
#3789 = CARTESIAN_POINT('',(-8.340209572755,24.87011329748,
    4.896230467628));
#3790 = CARTESIAN_POINT('',(-8.324782098336,24.871436769582,
    4.925014988258));
#3791 = CARTESIAN_POINT('',(-8.30957880756,24.871261087751,
    4.956071935604));
#3792 = CARTESIAN_POINT('',(-8.293577043345,24.871796152077,
    4.984948754435));
#3793 = CARTESIAN_POINT('',(-8.256185148828,24.873477529708,
    5.04757407211));
#3794 = CARTESIAN_POINT('',(-8.234449314344,24.874810810967,
    5.080499468219));
#3795 = CARTESIAN_POINT('',(-8.211922829873,24.876446049375,
    5.111592556784));
#3796 = CARTESIAN_POINT('',(-8.188687584363,24.878305945657,
    5.140991543569));
#3797 = CARTESIAN_POINT('',(-8.164817192098,24.880327488941,
    5.168807493171));
#3798 = CARTESIAN_POINT('',(-8.140377854296,24.882459956096,
    5.195128589973));
#3799 = CARTESIAN_POINT('',(-8.115429220737,24.884662911053,
    5.220024399087));
#3800 = CARTESIAN_POINT('',(-8.090025251366,24.886904204155,
    5.243550127308));
#3801 = CARTESIAN_POINT('',(-8.064215077909,24.889157971469,
    5.265750884061));
#3802 = CARTESIAN_POINT('',(-8.03804386549,24.891402634143,
    5.286665942347));
#3803 = CARTESIAN_POINT('',(-8.011553674236,24.893618897719,
    5.306332999697));
#3804 = CARTESIAN_POINT('',(-7.984784320896,24.895787751475,
    5.324792439119));
#3805 = CARTESIAN_POINT('',(-7.91758374804,24.90101429414,5.367832401722
    ));
#3806 = CARTESIAN_POINT('',(-7.876849173293,24.903997948659,
    5.390989928789));
#3807 = CARTESIAN_POINT('',(-7.835711808233,24.906791460787,5.4116635145
    ));
#3808 = CARTESIAN_POINT('',(-7.794288689614,24.909358160685,
    5.429950661689));
#3809 = CARTESIAN_POINT('',(-7.752674551728,24.911671184524,
    5.445945228412));
#3810 = CARTESIAN_POINT('',(-7.710943779244,24.913711979847,
    5.459735623577));
#3811 = CARTESIAN_POINT('',(-7.669152360002,24.915468810853,
    5.471403002595));
#3812 = CARTESIAN_POINT('',(-7.627339837848,24.916935263796,
    5.481019463008));
#3813 = CARTESIAN_POINT('',(-7.585531265449,24.918108752242,
    5.488646240135));
#3814 = CARTESIAN_POINT('',(-7.5437391571,24.918989022473,5.494331902705
    ));
#3815 = CARTESIAN_POINT('',(-7.50196544156,24.919576658765,
    5.498110548503));
#3816 = CARTESIAN_POINT('',(-7.460203414852,24.919871588754,5.5));
#3817 = CARTESIAN_POINT('',(-7.418439693094,24.919871588754,5.5));
#3818 = PCURVE('',#1565,#3819);
#3819 = DEFINITIONAL_REPRESENTATION('',(#3820),#3824);
#3820 = LINE('',#3821,#3822);
#3821 = CARTESIAN_POINT('',(1.004298167684,0.));
#3822 = VECTOR('',#3823,1.);
#3823 = DIRECTION('',(0.,1.));
#3824 = ( GEOMETRIC_REPRESENTATION_CONTEXT(2) 
PARAMETRIC_REPRESENTATION_CONTEXT() REPRESENTATION_CONTEXT('2D SPACE',''
  ) );
#3825 = PCURVE('',#3826,#3831);
#3826 = CYLINDRICAL_SURFACE('',#3827,1.);
#3827 = AXIS2_PLACEMENT_3D('',#3828,#3829,#3830);
#3828 = CARTESIAN_POINT('',(-7.418439693094,27.418439693094,4.5));
#3829 = DIRECTION('',(3.717264591379E-16,-1.,-0.));
#3830 = DIRECTION('',(-0.999390827019,-3.715000134227E-16,
    -3.48994967025E-02));
#3831 = DEFINITIONAL_REPRESENTATION('',(#3832),#3867);
#3832 = B_SPLINE_CURVE_WITH_KNOTS('',9,(#3833,#3834,#3835,#3836,#3837,
    #3838,#3839,#3840,#3841,#3842,#3843,#3844,#3845,#3846,#3847,#3848,
    #3849,#3850,#3851,#3852,#3853,#3854,#3855,#3856,#3857,#3858,#3859,
    #3860,#3861,#3862,#3863,#3864,#3865,#3866),.UNSPECIFIED.,.F.,.F.,(10
    ,8,8,8,10),(66.947199063298,67.072736334259,67.198273605219,
    67.44934814714,67.951497230982),.UNSPECIFIED.);
#3833 = CARTESIAN_POINT('',(-6.446509314279E-14,2.490813076453));
#3834 = CARTESIAN_POINT('',(-6.41743847222E-02,2.508588207901));
#3835 = CARTESIAN_POINT('',(-0.108330222953,2.516728854863));
#3836 = CARTESIAN_POINT('',(-0.153868106811,2.525609137522));
#3837 = CARTESIAN_POINT('',(-0.188722708507,2.529377799078));
#3838 = CARTESIAN_POINT('',(-0.226830285717,2.534782791236));
#3839 = CARTESIAN_POINT('',(-0.259139816543,2.537454897307));
#3840 = CARTESIAN_POINT('',(-0.291487631599,2.540203588096));
#3841 = CARTESIAN_POINT('',(-0.322016547329,2.542142687575));
#3842 = CARTESIAN_POINT('',(-0.380943102254,2.545125885191));
#3843 = CARTESIAN_POINT('',(-0.409274700806,2.546138154606));
#3844 = CARTESIAN_POINT('',(-0.436673524786,2.546769057795));
#3845 = CARTESIAN_POINT('',(-0.463286881578,2.547091426206));
#3846 = CARTESIAN_POINT('',(-0.489221467097,2.547158360093));
#3847 = CARTESIAN_POINT('',(-0.514554351262,2.547008629035));
#3848 = CARTESIAN_POINT('',(-0.539343963483,2.546672072467));
#3849 = CARTESIAN_POINT('',(-0.563641078139,2.546175000196));
#3850 = CARTESIAN_POINT('',(-0.635217243889,2.544286778398));
#3851 = CARTESIAN_POINT('',(-0.681167522188,2.542491362834));
#3852 = CARTESIAN_POINT('',(-0.725672332685,2.540326743735));
#3853 = CARTESIAN_POINT('',(-0.768965340431,2.537919983617));
#3854 = CARTESIAN_POINT('',(-0.811211124666,2.535365284905));
#3855 = CARTESIAN_POINT('',(-0.852524125688,2.532731464807));
#3856 = CARTESIAN_POINT('',(-0.892987591718,2.530069430206));
#3857 = CARTESIAN_POINT('',(-0.932672525768,2.527419652542));
#3858 = CARTESIAN_POINT('',(-1.049624846005,2.519619622998));
#3859 = CARTESIAN_POINT('',(-1.124789108051,2.514628589998));
#3860 = CARTESIAN_POINT('',(-1.197719352219,2.51013868367));
#3861 = CARTESIAN_POINT('',(-1.268622900414,2.506302557914));
#3862 = CARTESIAN_POINT('',(-1.337801356823,2.503204789477));
#3863 = CARTESIAN_POINT('',(-1.405686135003,2.500885600521));
#3864 = CARTESIAN_POINT('',(-1.472700269184,2.499346581912));
#3865 = CARTESIAN_POINT('',(-1.539194160873,2.498568104339));
#3866 = CARTESIAN_POINT('',(-1.605702911835,2.49856810434));
#3867 = ( GEOMETRIC_REPRESENTATION_CONTEXT(2) 
PARAMETRIC_REPRESENTATION_CONTEXT() REPRESENTATION_CONTEXT('2D SPACE',''
  ) );
#3868 = ORIENTED_EDGE('',*,*,#3869,.F.);
#3869 = EDGE_CURVE('',#1480,#3776,#3870,.T.);
#3870 = SURFACE_CURVE('',#3871,(#3875,#3881),.PCURVE_S1.);
#3871 = ( BOUNDED_CURVE() B_SPLINE_CURVE(2,(#3872,#3873,#3874),
.UNSPECIFIED.,.F.,.F.) B_SPLINE_CURVE_WITH_KNOTS((3,3),(0.,
1.004298167684),.PIECEWISE_BEZIER_KNOTS.) CURVE() 
GEOMETRIC_REPRESENTATION_ITEM() RATIONAL_B_SPLINE_CURVE((1.,
0.957571679612,1.)) REPRESENTATION_ITEM('') );
#3872 = CARTESIAN_POINT('',(-7.418439693094,24.367936448361,
    5.333887043189));
#3873 = CARTESIAN_POINT('',(-7.418439693094,24.61890695604,5.5));
#3874 = CARTESIAN_POINT('',(-7.418439693094,24.919871588754,5.5));
#3875 = PCURVE('',#1565,#3876);
#3876 = DEFINITIONAL_REPRESENTATION('',(#3877),#3880);
#3877 = B_SPLINE_CURVE_WITH_KNOTS('',1,(#3878,#3879),.UNSPECIFIED.,.F.,
  .F.,(2,2),(0.,1.004298167684),.PIECEWISE_BEZIER_KNOTS.);
#3878 = CARTESIAN_POINT('',(0.,67.951497230982));
#3879 = CARTESIAN_POINT('',(1.004298167684,67.951497230982));
#3880 = ( GEOMETRIC_REPRESENTATION_CONTEXT(2) 
PARAMETRIC_REPRESENTATION_CONTEXT() REPRESENTATION_CONTEXT('2D SPACE',''
  ) );
#3881 = PCURVE('',#1703,#3882);
#3882 = DEFINITIONAL_REPRESENTATION('',(#3883),#3890);
#3883 = B_SPLINE_CURVE_WITH_KNOTS('',5,(#3884,#3885,#3886,#3887,#3888,
    #3889),.UNSPECIFIED.,.F.,.F.,(6,6),(0.,1.004298167684),
  .PIECEWISE_BEZIER_KNOTS.);
#3884 = CARTESIAN_POINT('',(-5.551115123126E-17,4.060545464103E-17));
#3885 = CARTESIAN_POINT('',(-0.115278083541,4.060545464103E-17));
#3886 = CARTESIAN_POINT('',(-0.233001195756,4.060545464103E-17));
#3887 = CARTESIAN_POINT('',(-0.351681891228,4.060545464103E-17));
#3888 = CARTESIAN_POINT('',(-0.469405003443,4.060545464103E-17));
#3889 = CARTESIAN_POINT('',(-0.584683086984,4.060545464103E-17));
#3890 = ( GEOMETRIC_REPRESENTATION_CONTEXT(2) 
PARAMETRIC_REPRESENTATION_CONTEXT() REPRESENTATION_CONTEXT('2D SPACE',''
  ) );
#3891 = ORIENTED_EDGE('',*,*,#1479,.F.);
#3892 = ADVANCED_FACE('',(#3893),#1703,.F.);
#3893 = FACE_BOUND('',#3894,.T.);
#3894 = EDGE_LOOP('',(#3895,#3896,#3922,#3923));
#3895 = ORIENTED_EDGE('',*,*,#3869,.T.);
#3896 = ORIENTED_EDGE('',*,*,#3897,.T.);
#3897 = EDGE_CURVE('',#3776,#3652,#3898,.T.);
#3898 = SURFACE_CURVE('',#3899,(#3903,#3910),.PCURVE_S1.);
#3899 = LINE('',#3900,#3901);
#3900 = CARTESIAN_POINT('',(-7.418439693094,24.919871588754,5.5));
#3901 = VECTOR('',#3902,1.);
#3902 = DIRECTION('',(1.,-3.264449877387E-17,-2.192665270573E-17));
#3903 = PCURVE('',#1703,#3904);
#3904 = DEFINITIONAL_REPRESENTATION('',(#3905),#3909);
#3905 = LINE('',#3906,#3907);
#3906 = CARTESIAN_POINT('',(-0.584683086984,0.));
#3907 = VECTOR('',#3908,1.);
#3908 = DIRECTION('',(-0.,1.));
#3909 = ( GEOMETRIC_REPRESENTATION_CONTEXT(2) 
PARAMETRIC_REPRESENTATION_CONTEXT() REPRESENTATION_CONTEXT('2D SPACE',''
  ) );
#3910 = PCURVE('',#3911,#3916);
#3911 = PLANE('',#3912);
#3912 = AXIS2_PLACEMENT_3D('',#3913,#3914,#3915);
#3913 = CARTESIAN_POINT('',(-5.551115123126E-15,24.617067250182,5.5));
#3914 = DIRECTION('',(0.,0.,-1.));
#3915 = DIRECTION('',(-1.,0.,0.));
#3916 = DEFINITIONAL_REPRESENTATION('',(#3917),#3921);
#3917 = LINE('',#3918,#3919);
#3918 = CARTESIAN_POINT('',(7.418439693094,0.302804338572));
#3919 = VECTOR('',#3920,1.);
#3920 = DIRECTION('',(-1.,-3.264449877387E-17));
#3921 = ( GEOMETRIC_REPRESENTATION_CONTEXT(2) 
PARAMETRIC_REPRESENTATION_CONTEXT() REPRESENTATION_CONTEXT('2D SPACE',''
  ) );
#3922 = ORIENTED_EDGE('',*,*,#3651,.F.);
#3923 = ORIENTED_EDGE('',*,*,#1687,.F.);
#3924 = ADVANCED_FACE('',(#3925),#2570,.T.);
#3925 = FACE_BOUND('',#3926,.F.);
#3926 = EDGE_LOOP('',(#3927,#3948,#3978,#3979));
#3927 = ORIENTED_EDGE('',*,*,#3928,.F.);
#3928 = EDGE_CURVE('',#3929,#2473,#3931,.T.);
#3929 = VERTEX_POINT('',#3930);
#3930 = CARTESIAN_POINT('',(2.999999996508,-15.,-7.5));
#3931 = SEAM_CURVE('',#3932,(#3936,#3942),.PCURVE_S1.);
#3932 = LINE('',#3933,#3934);
#3933 = CARTESIAN_POINT('',(3.,-15.,-7.5000001));
#3934 = VECTOR('',#3935,1.);
#3935 = DIRECTION('',(-3.48994967025E-02,0.,0.999390827019));
#3936 = PCURVE('',#2570,#3937);
#3937 = DEFINITIONAL_REPRESENTATION('',(#3938),#3941);
#3938 = B_SPLINE_CURVE_WITH_KNOTS('',1,(#3939,#3940),.UNSPECIFIED.,.F.,
  .F.,(2,2),(1.000609547067E-07,8.131195144805),
  .PIECEWISE_BEZIER_KNOTS.);
#3939 = CARTESIAN_POINT('',(-6.28318530718,0.));
#3940 = CARTESIAN_POINT('',(-6.28318530718,-8.12624174042));
#3941 = ( GEOMETRIC_REPRESENTATION_CONTEXT(2) 
PARAMETRIC_REPRESENTATION_CONTEXT() REPRESENTATION_CONTEXT('2D SPACE',''
  ) );
#3942 = PCURVE('',#2570,#3943);
#3943 = DEFINITIONAL_REPRESENTATION('',(#3944),#3947);
#3944 = B_SPLINE_CURVE_WITH_KNOTS('',1,(#3945,#3946),.UNSPECIFIED.,.F.,
  .F.,(2,2),(1.000609547067E-07,8.131195144805),
  .PIECEWISE_BEZIER_KNOTS.);
#3945 = CARTESIAN_POINT('',(0.,0.));
#3946 = CARTESIAN_POINT('',(0.,-8.12624174042));
#3947 = ( GEOMETRIC_REPRESENTATION_CONTEXT(2) 
PARAMETRIC_REPRESENTATION_CONTEXT() REPRESENTATION_CONTEXT('2D SPACE',''
  ) );
#3948 = ORIENTED_EDGE('',*,*,#3949,.F.);
#3949 = EDGE_CURVE('',#3929,#3929,#3950,.T.);
#3950 = SURFACE_CURVE('',#3951,(#3956,#3962),.PCURVE_S1.);
#3951 = CIRCLE('',#3952,2.999999996508);
#3952 = AXIS2_PLACEMENT_3D('',#3953,#3954,#3955);
#3953 = CARTESIAN_POINT('',(0.,-15.,-7.5));
#3954 = DIRECTION('',(0.,0.,1.));
#3955 = DIRECTION('',(1.,0.,-0.));
#3956 = PCURVE('',#2570,#3957);
#3957 = DEFINITIONAL_REPRESENTATION('',(#3958),#3961);
#3958 = B_SPLINE_CURVE_WITH_KNOTS('',1,(#3959,#3960),.UNSPECIFIED.,.F.,
  .F.,(2,2),(0.,6.28318530718),.PIECEWISE_BEZIER_KNOTS.);
#3959 = CARTESIAN_POINT('',(0.,0.));
#3960 = CARTESIAN_POINT('',(-6.28318530718,0.));
#3961 = ( GEOMETRIC_REPRESENTATION_CONTEXT(2) 
PARAMETRIC_REPRESENTATION_CONTEXT() REPRESENTATION_CONTEXT('2D SPACE',''
  ) );
#3962 = PCURVE('',#3963,#3968);
#3963 = PLANE('',#3964);
#3964 = AXIS2_PLACEMENT_3D('',#3965,#3966,#3967);
#3965 = CARTESIAN_POINT('',(-2.279066887566E-16,-15.,-7.5));
#3966 = DIRECTION('',(0.,0.,1.));
#3967 = DIRECTION('',(1.,0.,-0.));
#3968 = DEFINITIONAL_REPRESENTATION('',(#3969),#3977);
#3969 = ( BOUNDED_CURVE() B_SPLINE_CURVE(2,(#3970,#3971,#3972,#3973,
#3974,#3975,#3976),.UNSPECIFIED.,.F.,.F.) B_SPLINE_CURVE_WITH_KNOTS((3,2
    ,2,3),(0.,2.094395102393,4.188790204786,6.28318530718),
.PIECEWISE_BEZIER_KNOTS.) CURVE() GEOMETRIC_REPRESENTATION_ITEM() 
RATIONAL_B_SPLINE_CURVE((1.,0.5,1.,0.5,1.,0.5,1.)) REPRESENTATION_ITEM(
  '') );
#3970 = CARTESIAN_POINT('',(2.999999996508,0.));
#3971 = CARTESIAN_POINT('',(2.999999996508,5.196152416658));
#3972 = CARTESIAN_POINT('',(-1.499999998254,2.598076208329));
#3973 = CARTESIAN_POINT('',(-5.999999993016,7.347880786331E-16));
#3974 = CARTESIAN_POINT('',(-1.499999998254,-2.598076208329));
#3975 = CARTESIAN_POINT('',(2.999999996508,-5.196152416658));
#3976 = CARTESIAN_POINT('',(2.999999996508,-7.347880786331E-16));
#3977 = ( GEOMETRIC_REPRESENTATION_CONTEXT(2) 
PARAMETRIC_REPRESENTATION_CONTEXT() REPRESENTATION_CONTEXT('2D SPACE',''
  ) );
#3978 = ORIENTED_EDGE('',*,*,#3928,.T.);
#3979 = ORIENTED_EDGE('',*,*,#2493,.T.);
#3980 = ADVANCED_FACE('',(#3981),#3006,.T.);
#3981 = FACE_BOUND('',#3982,.F.);
#3982 = EDGE_LOOP('',(#3983,#4004,#4034,#4035));
#3983 = ORIENTED_EDGE('',*,*,#3984,.F.);
#3984 = EDGE_CURVE('',#3985,#2894,#3987,.T.);
#3985 = VERTEX_POINT('',#3986);
#3986 = CARTESIAN_POINT('',(2.999999996508,15.,-7.5));
#3987 = SEAM_CURVE('',#3988,(#3992,#3998),.PCURVE_S1.);
#3988 = LINE('',#3989,#3990);
#3989 = CARTESIAN_POINT('',(3.,15.,-7.5000001));
#3990 = VECTOR('',#3991,1.);
#3991 = DIRECTION('',(-3.48994967025E-02,0.,0.999390827019));
#3992 = PCURVE('',#3006,#3993);
#3993 = DEFINITIONAL_REPRESENTATION('',(#3994),#3997);
#3994 = B_SPLINE_CURVE_WITH_KNOTS('',1,(#3995,#3996),.UNSPECIFIED.,.F.,
  .F.,(2,2),(1.000609547067E-07,8.131195144805),
  .PIECEWISE_BEZIER_KNOTS.);
#3995 = CARTESIAN_POINT('',(-6.28318530718,0.));
#3996 = CARTESIAN_POINT('',(-6.28318530718,-8.12624174042));
#3997 = ( GEOMETRIC_REPRESENTATION_CONTEXT(2) 
PARAMETRIC_REPRESENTATION_CONTEXT() REPRESENTATION_CONTEXT('2D SPACE',''
  ) );
#3998 = PCURVE('',#3006,#3999);
#3999 = DEFINITIONAL_REPRESENTATION('',(#4000),#4003);
#4000 = B_SPLINE_CURVE_WITH_KNOTS('',1,(#4001,#4002),.UNSPECIFIED.,.F.,
  .F.,(2,2),(1.000609547067E-07,8.131195144805),
  .PIECEWISE_BEZIER_KNOTS.);
#4001 = CARTESIAN_POINT('',(0.,0.));
#4002 = CARTESIAN_POINT('',(0.,-8.12624174042));
#4003 = ( GEOMETRIC_REPRESENTATION_CONTEXT(2) 
PARAMETRIC_REPRESENTATION_CONTEXT() REPRESENTATION_CONTEXT('2D SPACE',''
  ) );
#4004 = ORIENTED_EDGE('',*,*,#4005,.F.);
#4005 = EDGE_CURVE('',#3985,#3985,#4006,.T.);
#4006 = SURFACE_CURVE('',#4007,(#4012,#4018),.PCURVE_S1.);
#4007 = CIRCLE('',#4008,2.999999996508);
#4008 = AXIS2_PLACEMENT_3D('',#4009,#4010,#4011);
#4009 = CARTESIAN_POINT('',(0.,15.,-7.5));
#4010 = DIRECTION('',(0.,0.,1.));
#4011 = DIRECTION('',(1.,0.,-0.));
#4012 = PCURVE('',#3006,#4013);
#4013 = DEFINITIONAL_REPRESENTATION('',(#4014),#4017);
#4014 = B_SPLINE_CURVE_WITH_KNOTS('',1,(#4015,#4016),.UNSPECIFIED.,.F.,
  .F.,(2,2),(0.,6.28318530718),.PIECEWISE_BEZIER_KNOTS.);
#4015 = CARTESIAN_POINT('',(0.,0.));
#4016 = CARTESIAN_POINT('',(-6.28318530718,0.));
#4017 = ( GEOMETRIC_REPRESENTATION_CONTEXT(2) 
PARAMETRIC_REPRESENTATION_CONTEXT() REPRESENTATION_CONTEXT('2D SPACE',''
  ) );
#4018 = PCURVE('',#4019,#4024);
#4019 = PLANE('',#4020);
#4020 = AXIS2_PLACEMENT_3D('',#4021,#4022,#4023);
#4021 = CARTESIAN_POINT('',(-2.279066887566E-16,15.,-7.5));
#4022 = DIRECTION('',(0.,0.,1.));
#4023 = DIRECTION('',(1.,0.,-0.));
#4024 = DEFINITIONAL_REPRESENTATION('',(#4025),#4033);
#4025 = ( BOUNDED_CURVE() B_SPLINE_CURVE(2,(#4026,#4027,#4028,#4029,
#4030,#4031,#4032),.UNSPECIFIED.,.F.,.F.) B_SPLINE_CURVE_WITH_KNOTS((3,2
    ,2,3),(0.,2.094395102393,4.188790204786,6.28318530718),
.PIECEWISE_BEZIER_KNOTS.) CURVE() GEOMETRIC_REPRESENTATION_ITEM() 
RATIONAL_B_SPLINE_CURVE((1.,0.5,1.,0.5,1.,0.5,1.)) REPRESENTATION_ITEM(
  '') );
#4026 = CARTESIAN_POINT('',(2.999999996508,0.));
#4027 = CARTESIAN_POINT('',(2.999999996508,5.196152416658));
#4028 = CARTESIAN_POINT('',(-1.499999998254,2.598076208329));
#4029 = CARTESIAN_POINT('',(-5.999999993016,7.347880786331E-16));
#4030 = CARTESIAN_POINT('',(-1.499999998254,-2.598076208329));
#4031 = CARTESIAN_POINT('',(2.999999996508,-5.196152416658));
#4032 = CARTESIAN_POINT('',(2.999999996508,-7.347880786331E-16));
#4033 = ( GEOMETRIC_REPRESENTATION_CONTEXT(2) 
PARAMETRIC_REPRESENTATION_CONTEXT() REPRESENTATION_CONTEXT('2D SPACE',''
  ) );
#4034 = ORIENTED_EDGE('',*,*,#3984,.T.);
#4035 = ORIENTED_EDGE('',*,*,#2914,.T.);
#4036 = ADVANCED_FACE('',(#4037),#3143,.T.);
#4037 = FACE_BOUND('',#4038,.T.);
#4038 = EDGE_LOOP('',(#4039,#4062,#4063,#4086));
#4039 = ORIENTED_EDGE('',*,*,#4040,.F.);
#4040 = EDGE_CURVE('',#3128,#4041,#4043,.T.);
#4041 = VERTEX_POINT('',#4042);
#4042 = CARTESIAN_POINT('',(-7.418439693094,-27.41843969309,5.5));
#4043 = SURFACE_CURVE('',#4044,(#4048,#4055),.PCURVE_S1.);
#4044 = LINE('',#4045,#4046);
#4045 = CARTESIAN_POINT('',(-7.418439693094,-24.61706725018,5.5));
#4046 = VECTOR('',#4047,1.);
#4047 = DIRECTION('',(3.717264591379E-16,-1.,-0.));
#4048 = PCURVE('',#3143,#4049);
#4049 = DEFINITIONAL_REPRESENTATION('',(#4050),#4054);
#4050 = LINE('',#4051,#4052);
#4051 = CARTESIAN_POINT('',(7.418439693094,3.382932749817));
#4052 = VECTOR('',#4053,1.);
#4053 = DIRECTION('',(-3.717264591379E-16,-1.));
#4054 = ( GEOMETRIC_REPRESENTATION_CONTEXT(2) 
PARAMETRIC_REPRESENTATION_CONTEXT() REPRESENTATION_CONTEXT('2D SPACE',''
  ) );
#4055 = PCURVE('',#3353,#4056);
#4056 = DEFINITIONAL_REPRESENTATION('',(#4057),#4061);
#4057 = LINE('',#4058,#4059);
#4058 = CARTESIAN_POINT('',(0.,0.));
#4059 = VECTOR('',#4060,1.);
#4060 = DIRECTION('',(0.,1.));
#4061 = ( GEOMETRIC_REPRESENTATION_CONTEXT(2) 
PARAMETRIC_REPRESENTATION_CONTEXT() REPRESENTATION_CONTEXT('2D SPACE',''
  ) );
#4062 = ORIENTED_EDGE('',*,*,#3127,.F.);
#4063 = ORIENTED_EDGE('',*,*,#4064,.F.);
#4064 = EDGE_CURVE('',#4065,#3102,#4067,.T.);
#4065 = VERTEX_POINT('',#4066);
#4066 = CARTESIAN_POINT('',(7.418439693094,-27.41843969309,5.5));
#4067 = SURFACE_CURVE('',#4068,(#4072,#4079),.PCURVE_S1.);
#4068 = LINE('',#4069,#4070);
#4069 = CARTESIAN_POINT('',(7.418439693094,-27.41843969309,5.5));
#4070 = VECTOR('',#4071,1.);
#4071 = DIRECTION('',(-1.982541115402E-16,1.,-0.));
#4072 = PCURVE('',#3143,#4073);
#4073 = DEFINITIONAL_REPRESENTATION('',(#4074),#4078);
#4074 = LINE('',#4075,#4076);
#4075 = CARTESIAN_POINT('',(-7.418439693094,0.581560306906));
#4076 = VECTOR('',#4077,1.);
#4077 = DIRECTION('',(1.982541115402E-16,1.));
#4078 = ( GEOMETRIC_REPRESENTATION_CONTEXT(2) 
PARAMETRIC_REPRESENTATION_CONTEXT() REPRESENTATION_CONTEXT('2D SPACE',''
  ) );
#4079 = PCURVE('',#3253,#4080);
#4080 = DEFINITIONAL_REPRESENTATION('',(#4081),#4085);
#4081 = LINE('',#4082,#4083);
#4082 = CARTESIAN_POINT('',(0.,0.));
#4083 = VECTOR('',#4084,1.);
#4084 = DIRECTION('',(0.,1.));
#4085 = ( GEOMETRIC_REPRESENTATION_CONTEXT(2) 
PARAMETRIC_REPRESENTATION_CONTEXT() REPRESENTATION_CONTEXT('2D SPACE',''
  ) );
#4086 = ORIENTED_EDGE('',*,*,#4087,.F.);
#4087 = EDGE_CURVE('',#4041,#4065,#4088,.T.);
#4088 = SURFACE_CURVE('',#4089,(#4093,#4100),.PCURVE_S1.);
#4089 = LINE('',#4090,#4091);
#4090 = CARTESIAN_POINT('',(-8.453970006885,-27.41843969309,5.5));
#4091 = VECTOR('',#4092,1.);
#4092 = DIRECTION('',(1.,-0.,-0.));
#4093 = PCURVE('',#3143,#4094);
#4094 = DEFINITIONAL_REPRESENTATION('',(#4095),#4099);
#4095 = LINE('',#4096,#4097);
#4096 = CARTESIAN_POINT('',(8.453970006885,0.581560306906));
#4097 = VECTOR('',#4098,1.);
#4098 = DIRECTION('',(-1.,0.));
#4099 = ( GEOMETRIC_REPRESENTATION_CONTEXT(2) 
PARAMETRIC_REPRESENTATION_CONTEXT() REPRESENTATION_CONTEXT('2D SPACE',''
  ) );
#4100 = PCURVE('',#4101,#4106);
#4101 = CYLINDRICAL_SURFACE('',#4102,1.);
#4102 = AXIS2_PLACEMENT_3D('',#4103,#4104,#4105);
#4103 = CARTESIAN_POINT('',(-8.453970006885,-27.41843969309,4.5));
#4104 = DIRECTION('',(1.,-0.,-0.));
#4105 = DIRECTION('',(-0.,-0.999390827019,-3.48994967025E-02));
#4106 = DEFINITIONAL_REPRESENTATION('',(#4107),#4111);
#4107 = LINE('',#4108,#4109);
#4108 = CARTESIAN_POINT('',(-1.605702911835,0.));
#4109 = VECTOR('',#4110,1.);
#4110 = DIRECTION('',(-0.,1.));
#4111 = ( GEOMETRIC_REPRESENTATION_CONTEXT(2) 
PARAMETRIC_REPRESENTATION_CONTEXT() REPRESENTATION_CONTEXT('2D SPACE',''
  ) );
#4112 = ADVANCED_FACE('',(#4113),#3253,.F.);
#4113 = FACE_BOUND('',#4114,.F.);
#4114 = EDGE_LOOP('',(#4115,#4116,#4216,#4237));
#4115 = ORIENTED_EDGE('',*,*,#4064,.F.);
#4116 = ORIENTED_EDGE('',*,*,#4117,.T.);
#4117 = EDGE_CURVE('',#4065,#4118,#4120,.T.);
#4118 = VERTEX_POINT('',#4119);
#4119 = CARTESIAN_POINT('',(8.417830520113,-27.41843969309,
    4.465100503298));
#4120 = SURFACE_CURVE('',#4121,(#4131,#4137),.PCURVE_S1.);
#4121 = B_SPLINE_CURVE_WITH_KNOTS('',8,(#4122,#4123,#4124,#4125,#4126,
    #4127,#4128,#4129,#4130),.UNSPECIFIED.,.F.,.F.,(9,9),(0.,1.),
  .PIECEWISE_BEZIER_KNOTS.);
#4122 = CARTESIAN_POINT('',(7.418439693094,-27.41843969309,5.5));
#4123 = CARTESIAN_POINT('',(7.619152557074,-27.41843969309,5.5));
#4124 = CARTESIAN_POINT('',(7.819865495223,-27.41843969309,
    5.453959184621));
#4125 = CARTESIAN_POINT('',(8.008256612924,-27.41843969309,
    5.361878090417));
#4126 = CARTESIAN_POINT('',(8.17200703965,-27.41843969309,5.22771152763)
  );
#4127 = CARTESIAN_POINT('',(8.300377064315,-27.41843969309,
    5.059378507724));
#4128 = CARTESIAN_POINT('',(8.385827310013,-27.41843969309,
    4.867888568958));
#4129 = CARTESIAN_POINT('',(8.424835298048,-27.41843969309,
    4.665691098423));
#4130 = CARTESIAN_POINT('',(8.417830520113,-27.41843969309,
    4.465100503298));
#4131 = PCURVE('',#3253,#4132);
#4132 = DEFINITIONAL_REPRESENTATION('',(#4133),#4136);
#4133 = B_SPLINE_CURVE_WITH_KNOTS('',1,(#4134,#4135),.UNSPECIFIED.,.F.,
  .F.,(2,2),(0.,1.),.PIECEWISE_BEZIER_KNOTS.);
#4134 = CARTESIAN_POINT('',(0.,0.));
#4135 = CARTESIAN_POINT('',(1.605702911835,-4.05478109724E-15));
#4136 = ( GEOMETRIC_REPRESENTATION_CONTEXT(2) 
PARAMETRIC_REPRESENTATION_CONTEXT() REPRESENTATION_CONTEXT('2D SPACE',''
  ) );
#4137 = PCURVE('',#4138,#4211);
#4138 = B_SPLINE_SURFACE_WITH_KNOTS('',7,8,(
    (#4139,#4140,#4141,#4142,#4143,#4144,#4145,#4146,#4147)
    ,(#4148,#4149,#4150,#4151,#4152,#4153,#4154,#4155,#4156)
    ,(#4157,#4158,#4159,#4160,#4161,#4162,#4163,#4164,#4165)
    ,(#4166,#4167,#4168,#4169,#4170,#4171,#4172,#4173,#4174)
    ,(#4175,#4176,#4177,#4178,#4179,#4180,#4181,#4182,#4183)
    ,(#4184,#4185,#4186,#4187,#4188,#4189,#4190,#4191,#4192)
    ,(#4193,#4194,#4195,#4196,#4197,#4198,#4199,#4200,#4201)
    ,(#4202,#4203,#4204,#4205,#4206,#4207,#4208,#4209,#4210
  )),.UNSPECIFIED.,.F.,.F.,.F.,(8,8),(9,9),(0.,1.),(0.,1.),
  .PIECEWISE_BEZIER_KNOTS.);
#4139 = CARTESIAN_POINT('',(7.418439693094,-28.41783052011,
    4.465100503298));
#4140 = CARTESIAN_POINT('',(7.614517614394,-28.41759170213,
    4.458261651113));
#4141 = CARTESIAN_POINT('',(7.810595597064,-28.37338719632,
    4.452958112436));
#4142 = CARTESIAN_POINT('',(7.995171884639,-28.28523144075,
    4.449591033263));
#4143 = CARTESIAN_POINT('',(8.156747218887,-28.15674721888,
    4.448435466156));
#4144 = CARTESIAN_POINT('',(8.285231440756,-27.99517188464,
    4.449591033263));
#4145 = CARTESIAN_POINT('',(8.373387196323,-27.81059559706,
    4.452958112436));
#4146 = CARTESIAN_POINT('',(8.417591702133,-27.61451761439,
    4.458261651113));
#4147 = CARTESIAN_POINT('',(8.417830520113,-27.41843969309,
    4.465100503298));
#4148 = CARTESIAN_POINT('',(7.418439693097,-28.42583186437,
    4.694229024257));
#4149 = CARTESIAN_POINT('',(7.615179749065,-28.4268177521,4.677506725777
    ));
#4150 = CARTESIAN_POINT('',(7.82088286876,-28.38310389366,4.655455120777
    ));
#4151 = CARTESIAN_POINT('',(8.01863178324,-28.28801523531,4.628836677964
    ));
#4152 = CARTESIAN_POINT('',(8.184915210291,-28.14358411607,
    4.598904976534));
#4153 = CARTESIAN_POINT('',(8.303196256431,-27.97359185909,
    4.566484745784));
#4154 = CARTESIAN_POINT('',(8.380928814477,-27.7924571729,4.532347357275
    ));
#4155 = CARTESIAN_POINT('',(8.418980889442,-27.60535291558,
    4.498042770767));
#4156 = CARTESIAN_POINT('',(8.417830520113,-27.41843969309,
    4.465100503298));
#4157 = CARTESIAN_POINT('',(7.418421428874,-28.372499706,4.926052734301)
  );
#4158 = CARTESIAN_POINT('',(7.615825902538,-28.38028550664,
    4.909867537315));
#4159 = CARTESIAN_POINT('',(7.828530251842,-28.30964299614,
    4.906544271838));
#4160 = CARTESIAN_POINT('',(8.03583591741,-28.21048897034,4.862265421717
    ));
#4161 = CARTESIAN_POINT('',(8.205944500395,-28.06574874183,
    4.796786401471));
#4162 = CARTESIAN_POINT('',(8.317700565169,-27.90441565704,
    4.719219545989));
#4163 = CARTESIAN_POINT('',(8.388268903481,-27.74136940187,4.63543904487
    ));
#4164 = CARTESIAN_POINT('',(8.42138347156,-27.55922180494,4.566843720815
    ));
#4165 = CARTESIAN_POINT('',(8.417830520113,-27.41843969309,
    4.465100503298));
#4166 = CARTESIAN_POINT('',(7.418435729747,-28.25710334009,
    5.139168093755));
#4167 = CARTESIAN_POINT('',(7.616500550471,-28.26773208168,
    5.135010340212));
#4168 = CARTESIAN_POINT('',(7.832595133687,-28.2184370831,5.108436386262
    ));
#4169 = CARTESIAN_POINT('',(8.044390734469,-28.13169725546,
    5.039676422962));
#4170 = CARTESIAN_POINT('',(8.216088448026,-28.00134840723,
    4.937350414983));
#4171 = CARTESIAN_POINT('',(8.324290417406,-27.85477526927,
    4.820742437155));
#4172 = CARTESIAN_POINT('',(8.391208077224,-27.70666027798,
    4.700506243362));
#4173 = CARTESIAN_POINT('',(8.422050935189,-27.55055710625,
    4.585957378354));
#4174 = CARTESIAN_POINT('',(8.417830520113,-27.41843969309,
    4.465100503298));
#4175 = CARTESIAN_POINT('',(7.41842473754,-28.08689405294,5.316117716417
    ));
#4176 = CARTESIAN_POINT('',(7.617153066958,-28.08642142667,
    5.323815831155));
#4177 = CARTESIAN_POINT('',(7.833586252514,-28.0626861154,5.271003261305
    ));
#4178 = CARTESIAN_POINT('',(8.045547521445,-27.99644399131,
    5.181264217313));
#4179 = CARTESIAN_POINT('',(8.217254591282,-27.8954554975,5.048439087542
    ));
#4180 = CARTESIAN_POINT('',(8.3252436387,-27.77896726883,4.900280589932)
  );
#4181 = CARTESIAN_POINT('',(8.391875570478,-27.65816528747,
    4.751314712946));
#4182 = CARTESIAN_POINT('',(8.422373964699,-27.5417471168,4.595207733227
    ));
#4183 = CARTESIAN_POINT('',(8.417830520113,-27.41843969309,
    4.465100503298));
#4184 = CARTESIAN_POINT('',(7.418438319855,-27.87720431868,
    5.438530242509));
#4185 = CARTESIAN_POINT('',(7.617827086152,-27.86584674303,
    5.444283250097));
#4186 = CARTESIAN_POINT('',(7.831695539635,-27.86554040094,5.3698981437)
  );
#4187 = CARTESIAN_POINT('',(8.039682317005,-27.82372586249,
    5.267312119126));
#4188 = CARTESIAN_POINT('',(8.209965692698,-27.75890721468,
    5.118901738931));
#4189 = CARTESIAN_POINT('',(8.321178126228,-27.68044317938,
    4.954339479942));
#4190 = CARTESIAN_POINT('',(8.390835724342,-27.59497915054,
    4.788803636009));
#4191 = CARTESIAN_POINT('',(8.422708445043,-27.52319126551,
    4.604785997092));
#4192 = CARTESIAN_POINT('',(8.417830520113,-27.41843969309,
    4.465100503298));
#4193 = CARTESIAN_POINT('',(7.418439693094,-27.64782601109,5.5));
#4194 = CARTESIAN_POINT('',(7.618490422405,-27.63696486925,5.5));
#4195 = CARTESIAN_POINT('',(7.827443775886,-27.61982291487,5.45421731934
    ));
#4196 = CARTESIAN_POINT('',(8.028055816469,-27.59640221052,
    5.355857688379));
#4197 = CARTESIAN_POINT('',(8.196136817007,-27.5672202967,5.206854859114
    ));
#4198 = CARTESIAN_POINT('',(8.314377726859,-27.53331108111,
    5.031758522156));
#4199 = CARTESIAN_POINT('',(8.390222289568,-27.49611601505,
    4.845688841889));
#4200 = CARTESIAN_POINT('',(8.424445060592,-27.45727784969,
    4.654516159792));
#4201 = CARTESIAN_POINT('',(8.417830520113,-27.41843969309,
    4.465100503298));
#4202 = CARTESIAN_POINT('',(7.418439693094,-27.41843969309,5.5));
#4203 = CARTESIAN_POINT('',(7.619152557074,-27.41843969309,5.5));
#4204 = CARTESIAN_POINT('',(7.819865495223,-27.41843969309,
    5.453959184621));
#4205 = CARTESIAN_POINT('',(8.008256612924,-27.41843969309,
    5.361878090417));
#4206 = CARTESIAN_POINT('',(8.17200703965,-27.41843969309,5.22771152763)
  );
#4207 = CARTESIAN_POINT('',(8.300377064315,-27.41843969309,
    5.059378507724));
#4208 = CARTESIAN_POINT('',(8.385827310013,-27.41843969309,
    4.867888568958));
#4209 = CARTESIAN_POINT('',(8.424835298048,-27.41843969309,
    4.665691098423));
#4210 = CARTESIAN_POINT('',(8.417830520113,-27.41843969309,
    4.465100503298));
#4211 = DEFINITIONAL_REPRESENTATION('',(#4212),#4215);
#4212 = B_SPLINE_CURVE_WITH_KNOTS('',1,(#4213,#4214),.UNSPECIFIED.,.F.,
  .F.,(2,2),(0.,1.),.PIECEWISE_BEZIER_KNOTS.);
#4213 = CARTESIAN_POINT('',(1.,0.));
#4214 = CARTESIAN_POINT('',(1.,1.));
#4215 = ( GEOMETRIC_REPRESENTATION_CONTEXT(2) 
PARAMETRIC_REPRESENTATION_CONTEXT() REPRESENTATION_CONTEXT('2D SPACE',''
  ) );
#4216 = ORIENTED_EDGE('',*,*,#4217,.T.);
#4217 = EDGE_CURVE('',#4118,#3184,#4218,.T.);
#4218 = SURFACE_CURVE('',#4219,(#4223,#4230),.PCURVE_S1.);
#4219 = LINE('',#4220,#4221);
#4220 = CARTESIAN_POINT('',(8.417830520113,-27.41843969309,
    4.465100503298));
#4221 = VECTOR('',#4222,1.);
#4222 = DIRECTION('',(-1.982541115402E-16,1.,-0.));
#4223 = PCURVE('',#3253,#4224);
#4224 = DEFINITIONAL_REPRESENTATION('',(#4225),#4229);
#4225 = LINE('',#4226,#4227);
#4226 = CARTESIAN_POINT('',(1.605702911835,0.));
#4227 = VECTOR('',#4228,1.);
#4228 = DIRECTION('',(0.,1.));
#4229 = ( GEOMETRIC_REPRESENTATION_CONTEXT(2) 
PARAMETRIC_REPRESENTATION_CONTEXT() REPRESENTATION_CONTEXT('2D SPACE',''
  ) );
#4230 = PCURVE('',#3486,#4231);
#4231 = DEFINITIONAL_REPRESENTATION('',(#4232),#4236);
#4232 = LINE('',#4233,#4234);
#4233 = CARTESIAN_POINT('',(15.507182302401,-27.41843969309));
#4234 = VECTOR('',#4235,1.);
#4235 = DIRECTION('',(0.,1.));
#4236 = ( GEOMETRIC_REPRESENTATION_CONTEXT(2) 
PARAMETRIC_REPRESENTATION_CONTEXT() REPRESENTATION_CONTEXT('2D SPACE',''
  ) );
#4237 = ORIENTED_EDGE('',*,*,#3204,.T.);
#4238 = ADVANCED_FACE('',(#4239),#3353,.F.);
#4239 = FACE_BOUND('',#4240,.F.);
#4240 = EDGE_LOOP('',(#4241,#4242,#4243,#4266));
#4241 = ORIENTED_EDGE('',*,*,#4040,.F.);
#4242 = ORIENTED_EDGE('',*,*,#3302,.T.);
#4243 = ORIENTED_EDGE('',*,*,#4244,.T.);
#4244 = EDGE_CURVE('',#3303,#4245,#4247,.T.);
#4245 = VERTEX_POINT('',#4246);
#4246 = CARTESIAN_POINT('',(-8.417830520113,-27.41843969309,
    4.465100503298));
#4247 = SURFACE_CURVE('',#4248,(#4252,#4259),.PCURVE_S1.);
#4248 = LINE('',#4249,#4250);
#4249 = CARTESIAN_POINT('',(-8.417830520113,-24.61706725018,
    4.465100503298));
#4250 = VECTOR('',#4251,1.);
#4251 = DIRECTION('',(3.717264591379E-16,-1.,-0.));
#4252 = PCURVE('',#3353,#4253);
#4253 = DEFINITIONAL_REPRESENTATION('',(#4254),#4258);
#4254 = LINE('',#4255,#4256);
#4255 = CARTESIAN_POINT('',(1.605702911835,0.));
#4256 = VECTOR('',#4257,1.);
#4257 = DIRECTION('',(0.,1.));
#4258 = ( GEOMETRIC_REPRESENTATION_CONTEXT(2) 
PARAMETRIC_REPRESENTATION_CONTEXT() REPRESENTATION_CONTEXT('2D SPACE',''
  ) );
#4259 = PCURVE('',#3584,#4260);
#4260 = DEFINITIONAL_REPRESENTATION('',(#4261),#4265);
#4261 = LINE('',#4262,#4263);
#4262 = CARTESIAN_POINT('',(-15.5071823024,-24.61706725018));
#4263 = VECTOR('',#4264,1.);
#4264 = DIRECTION('',(0.,-1.));
#4265 = ( GEOMETRIC_REPRESENTATION_CONTEXT(2) 
PARAMETRIC_REPRESENTATION_CONTEXT() REPRESENTATION_CONTEXT('2D SPACE',''
  ) );
#4266 = ORIENTED_EDGE('',*,*,#4267,.F.);
#4267 = EDGE_CURVE('',#4041,#4245,#4268,.T.);
#4268 = SURFACE_CURVE('',#4269,(#4274,#4280),.PCURVE_S1.);
#4269 = CIRCLE('',#4270,1.);
#4270 = AXIS2_PLACEMENT_3D('',#4271,#4272,#4273);
#4271 = CARTESIAN_POINT('',(-7.418439693094,-27.41843969309,4.5));
#4272 = DIRECTION('',(3.717264591379E-16,-1.,-0.));
#4273 = DIRECTION('',(0.,-0.,1.));
#4274 = PCURVE('',#3353,#4275);
#4275 = DEFINITIONAL_REPRESENTATION('',(#4276),#4279);
#4276 = B_SPLINE_CURVE_WITH_KNOTS('',1,(#4277,#4278),.UNSPECIFIED.,.F.,
  .F.,(2,2),(0.,1.605702911835),.PIECEWISE_BEZIER_KNOTS.);
#4277 = CARTESIAN_POINT('',(0.,2.801372442911));
#4278 = CARTESIAN_POINT('',(1.605702911835,2.801372442911));
#4279 = ( GEOMETRIC_REPRESENTATION_CONTEXT(2) 
PARAMETRIC_REPRESENTATION_CONTEXT() REPRESENTATION_CONTEXT('2D SPACE',''
  ) );
#4280 = PCURVE('',#4281,#4354);
#4281 = B_SPLINE_SURFACE_WITH_KNOTS('',7,8,(
    (#4282,#4283,#4284,#4285,#4286,#4287,#4288,#4289,#4290)
    ,(#4291,#4292,#4293,#4294,#4295,#4296,#4297,#4298,#4299)
    ,(#4300,#4301,#4302,#4303,#4304,#4305,#4306,#4307,#4308)
    ,(#4309,#4310,#4311,#4312,#4313,#4314,#4315,#4316,#4317)
    ,(#4318,#4319,#4320,#4321,#4322,#4323,#4324,#4325,#4326)
    ,(#4327,#4328,#4329,#4330,#4331,#4332,#4333,#4334,#4335)
    ,(#4336,#4337,#4338,#4339,#4340,#4341,#4342,#4343,#4344)
    ,(#4345,#4346,#4347,#4348,#4349,#4350,#4351,#4352,#4353
  )),.UNSPECIFIED.,.F.,.F.,.F.,(8,8),(9,9),(0.,1.),(0.,1.),
  .PIECEWISE_BEZIER_KNOTS.);
#4282 = CARTESIAN_POINT('',(-7.418439693094,-27.41843969309,5.5));
#4283 = CARTESIAN_POINT('',(-7.619152557074,-27.41843969309,5.5));
#4284 = CARTESIAN_POINT('',(-7.819865495223,-27.41843969309,
    5.453959184621));
#4285 = CARTESIAN_POINT('',(-8.008256612924,-27.41843969309,
    5.361878090417));
#4286 = CARTESIAN_POINT('',(-8.17200703965,-27.41843969309,5.22771152763
    ));
#4287 = CARTESIAN_POINT('',(-8.300377064315,-27.41843969309,
    5.059378507724));
#4288 = CARTESIAN_POINT('',(-8.385827310013,-27.41843969309,
    4.867888568958));
#4289 = CARTESIAN_POINT('',(-8.424835298048,-27.41843969309,
    4.665691098423));
#4290 = CARTESIAN_POINT('',(-8.417830520113,-27.41843969309,
    4.465100503298));
#4291 = CARTESIAN_POINT('',(-7.418439693094,-27.64782601109,5.5));
#4292 = CARTESIAN_POINT('',(-7.618490422405,-27.63696486925,5.5));
#4293 = CARTESIAN_POINT('',(-7.827443775886,-27.61982291487,
    5.45421731934));
#4294 = CARTESIAN_POINT('',(-8.028055816469,-27.59640221052,
    5.355857688379));
#4295 = CARTESIAN_POINT('',(-8.196136817007,-27.5672202967,
    5.206854859114));
#4296 = CARTESIAN_POINT('',(-8.314377726859,-27.53331108111,
    5.031758522156));
#4297 = CARTESIAN_POINT('',(-8.390222289568,-27.49611601505,
    4.845688841889));
#4298 = CARTESIAN_POINT('',(-8.424445060592,-27.45727784969,
    4.654516159792));
#4299 = CARTESIAN_POINT('',(-8.417830520113,-27.41843969309,
    4.465100503298));
#4300 = CARTESIAN_POINT('',(-7.418438319853,-27.87720431868,
    5.438530242495));
#4301 = CARTESIAN_POINT('',(-7.61782708615,-27.86584674303,
    5.444283250084));
#4302 = CARTESIAN_POINT('',(-7.831695539633,-27.86554040093,
    5.36989814369));
#4303 = CARTESIAN_POINT('',(-8.039682317004,-27.82372586249,
    5.267312119118));
#4304 = CARTESIAN_POINT('',(-8.209965692697,-27.75890721468,
    5.118901738924));
#4305 = CARTESIAN_POINT('',(-8.321178126228,-27.68044317938,
    4.954339479938));
#4306 = CARTESIAN_POINT('',(-8.390835724341,-27.59497915054,
    4.788803636006));
#4307 = CARTESIAN_POINT('',(-8.422708445043,-27.52319126551,
    4.604785997091));
#4308 = CARTESIAN_POINT('',(-8.417830520113,-27.41843969309,
    4.465100503298));
#4309 = CARTESIAN_POINT('',(-7.418424737546,-28.08689405294,
    5.316117716465));
#4310 = CARTESIAN_POINT('',(-7.617153066963,-28.08642142668,
    5.323815831197));
#4311 = CARTESIAN_POINT('',(-7.833586252517,-28.06268611541,
    5.271003261329));
#4312 = CARTESIAN_POINT('',(-8.045547521448,-27.99644399132,
    5.181264217332));
#4313 = CARTESIAN_POINT('',(-8.217254591285,-27.8954554975,
    5.048439087557));
#4314 = CARTESIAN_POINT('',(-8.325243638702,-27.77896726883,
    4.900280589944));
#4315 = CARTESIAN_POINT('',(-8.391875570479,-27.65816528747,
    4.751314712956));
#4316 = CARTESIAN_POINT('',(-8.422373964699,-27.5417471168,
    4.595207733225));
#4317 = CARTESIAN_POINT('',(-8.417830520113,-27.41843969309,
    4.465100503298));
#4318 = CARTESIAN_POINT('',(-7.418435729738,-28.25710334009,
    5.139168093683));
#4319 = CARTESIAN_POINT('',(-7.616500550463,-28.26773208168,
    5.135010340148));
#4320 = CARTESIAN_POINT('',(-7.832595133681,-28.21843708309,
    5.108436386216));
#4321 = CARTESIAN_POINT('',(-8.044390734465,-28.13169725545,
    5.039676422924));
#4322 = CARTESIAN_POINT('',(-8.216088448023,-28.00134840723,
    4.937350414953));
#4323 = CARTESIAN_POINT('',(-8.324290417404,-27.85477526927,
    4.820742437132));
#4324 = CARTESIAN_POINT('',(-8.391208077223,-27.70666027798,
    4.700506243345));
#4325 = CARTESIAN_POINT('',(-8.422050935189,-27.55055710625,
    4.585957378351));
#4326 = CARTESIAN_POINT('',(-8.417830520113,-27.41843969309,
    4.465100503298));
#4327 = CARTESIAN_POINT('',(-7.418421428881,-28.372499706,4.926052734359
    ));
#4328 = CARTESIAN_POINT('',(-7.615825902544,-28.38028550664,
    4.909867537365));
#4329 = CARTESIAN_POINT('',(-7.828530251846,-28.30964299614,
    4.906544271866));
#4330 = CARTESIAN_POINT('',(-8.035835917413,-28.21048897035,
    4.862265421738));
#4331 = CARTESIAN_POINT('',(-8.205944500398,-28.06574874183,
    4.796786401488));
#4332 = CARTESIAN_POINT('',(-8.317700565172,-27.90441565704,
    4.719219546003));
#4333 = CARTESIAN_POINT('',(-8.388268903483,-27.74136940187,
    4.635439044881));
#4334 = CARTESIAN_POINT('',(-8.421383471559,-27.55922180494,
    4.566843720812));
#4335 = CARTESIAN_POINT('',(-8.417830520113,-27.41843969309,
    4.465100503298));
#4336 = CARTESIAN_POINT('',(-7.418439693094,-28.42583186437,
    4.694229024235));
#4337 = CARTESIAN_POINT('',(-7.615179749063,-28.4268177521,
    4.677506725758));
#4338 = CARTESIAN_POINT('',(-7.820882868759,-28.38310389366,
    4.655455120761));
#4339 = CARTESIAN_POINT('',(-8.018631783239,-28.28801523531,
    4.62883667795));
#4340 = CARTESIAN_POINT('',(-8.184915210291,-28.14358411607,
    4.598904976523));
#4341 = CARTESIAN_POINT('',(-8.30319625643,-27.97359185909,
    4.566484745776));
#4342 = CARTESIAN_POINT('',(-8.380928814477,-27.7924571729,4.53234735727
    ));
#4343 = CARTESIAN_POINT('',(-8.418980889442,-27.60535291558,
    4.498042770764));
#4344 = CARTESIAN_POINT('',(-8.417830520113,-27.41843969309,
    4.465100503298));
#4345 = CARTESIAN_POINT('',(-7.418439693094,-28.41783052011,
    4.465100503298));
#4346 = CARTESIAN_POINT('',(-7.614517614394,-28.41759170213,
    4.458261651113));
#4347 = CARTESIAN_POINT('',(-7.810595597064,-28.37338719632,
    4.452958112436));
#4348 = CARTESIAN_POINT('',(-7.995171884639,-28.28523144075,
    4.449591033263));
#4349 = CARTESIAN_POINT('',(-8.156747218887,-28.15674721888,
    4.448435466155));
#4350 = CARTESIAN_POINT('',(-8.285231440756,-27.99517188463,
    4.449591033263));
#4351 = CARTESIAN_POINT('',(-8.373387196323,-27.81059559706,
    4.452958112436));
#4352 = CARTESIAN_POINT('',(-8.417591702133,-27.61451761439,
    4.458261651113));
#4353 = CARTESIAN_POINT('',(-8.417830520113,-27.41843969309,
    4.465100503298));
#4354 = DEFINITIONAL_REPRESENTATION('',(#4355),#4358);
#4355 = B_SPLINE_CURVE_WITH_KNOTS('',1,(#4356,#4357),.UNSPECIFIED.,.F.,
  .F.,(2,2),(0.,1.605702911835),.PIECEWISE_BEZIER_KNOTS.);
#4356 = CARTESIAN_POINT('',(0.,0.));
#4357 = CARTESIAN_POINT('',(0.,1.));
#4358 = ( GEOMETRIC_REPRESENTATION_CONTEXT(2) 
PARAMETRIC_REPRESENTATION_CONTEXT() REPRESENTATION_CONTEXT('2D SPACE',''
  ) );
#4359 = ADVANCED_FACE('',(#4360),#3486,.T.);
#4360 = FACE_BOUND('',#4361,.T.);
#4361 = EDGE_LOOP('',(#4362,#4385,#4413,#4439,#4465,#4466));
#4362 = ORIENTED_EDGE('',*,*,#4363,.T.);
#4363 = EDGE_CURVE('',#3420,#4364,#4366,.T.);
#4364 = VERTEX_POINT('',#4365);
#4365 = CARTESIAN_POINT('',(8.417830520113,27.418439693094,
    4.465100503298));
#4366 = SURFACE_CURVE('',#4367,(#4371,#4378),.PCURVE_S1.);
#4367 = LINE('',#4368,#4369);
#4368 = CARTESIAN_POINT('',(8.417830520113,24.617067250183,
    4.465100503298));
#4369 = VECTOR('',#4370,1.);
#4370 = DIRECTION('',(-1.982541115402E-16,1.,-0.));
#4371 = PCURVE('',#3486,#4372);
#4372 = DEFINITIONAL_REPRESENTATION('',(#4373),#4377);
#4373 = LINE('',#4374,#4375);
#4374 = CARTESIAN_POINT('',(15.507182302401,24.617067250183));
#4375 = VECTOR('',#4376,1.);
#4376 = DIRECTION('',(0.,1.));
#4377 = ( GEOMETRIC_REPRESENTATION_CONTEXT(2) 
PARAMETRIC_REPRESENTATION_CONTEXT() REPRESENTATION_CONTEXT('2D SPACE',''
  ) );
#4378 = PCURVE('',#3726,#4379);
#4379 = DEFINITIONAL_REPRESENTATION('',(#4380),#4384);
#4380 = LINE('',#4381,#4382);
#4381 = CARTESIAN_POINT('',(-0.,0.));
#4382 = VECTOR('',#4383,1.);
#4383 = DIRECTION('',(-0.,1.));
#4384 = ( GEOMETRIC_REPRESENTATION_CONTEXT(2) 
PARAMETRIC_REPRESENTATION_CONTEXT() REPRESENTATION_CONTEXT('2D SPACE',''
  ) );
#4385 = ORIENTED_EDGE('',*,*,#4386,.T.);
#4386 = EDGE_CURVE('',#4364,#4387,#4389,.T.);
#4387 = VERTEX_POINT('',#4388);
#4388 = CARTESIAN_POINT('',(8.000000003492,27.000609176473,-7.5));
#4389 = SURFACE_CURVE('',#4390,(#4394,#4401),.PCURVE_S1.);
#4390 = LINE('',#4391,#4392);
#4391 = CARTESIAN_POINT('',(8.41904627227,27.419655445251,4.499915089998
    ));
#4392 = VECTOR('',#4393,1.);
#4393 = DIRECTION('',(-3.487826274237E-02,-3.487826274237E-02,
    -0.998782765959));
#4394 = PCURVE('',#3486,#4395);
#4395 = DEFINITIONAL_REPRESENTATION('',(#4396),#4400);
#4396 = LINE('',#4397,#4398);
#4397 = CARTESIAN_POINT('',(15.542018110134,27.419655445251));
#4398 = VECTOR('',#4399,1.);
#4399 = DIRECTION('',(-0.999391568299,-3.487826274237E-02));
#4400 = ( GEOMETRIC_REPRESENTATION_CONTEXT(2) 
PARAMETRIC_REPRESENTATION_CONTEXT() REPRESENTATION_CONTEXT('2D SPACE',''
  ) );
#4401 = PCURVE('',#4402,#4407);
#4402 = CYLINDRICAL_SURFACE('',#4403,1.);
#4403 = AXIS2_PLACEMENT_3D('',#4404,#4405,#4406);
#4404 = CARTESIAN_POINT('',(7.419655445251,27.419655445251,
    4.534814586701));
#4405 = DIRECTION('',(-3.487826274237E-02,-3.487826274237E-02,
    -0.998782765959));
#4406 = DIRECTION('',(0.999390827019,1.981921571304E-16,
    -3.48994967025E-02));
#4407 = DEFINITIONAL_REPRESENTATION('',(#4408),#4412);
#4408 = LINE('',#4409,#4410);
#4409 = CARTESIAN_POINT('',(-0.,0.));
#4410 = VECTOR('',#4411,1.);
#4411 = DIRECTION('',(-0.,1.));
#4412 = ( GEOMETRIC_REPRESENTATION_CONTEXT(2) 
PARAMETRIC_REPRESENTATION_CONTEXT() REPRESENTATION_CONTEXT('2D SPACE',''
  ) );
#4413 = ORIENTED_EDGE('',*,*,#4414,.F.);
#4414 = EDGE_CURVE('',#4415,#4387,#4417,.T.);
#4415 = VERTEX_POINT('',#4416);
#4416 = CARTESIAN_POINT('',(8.000000003492,-27.00060917647,-7.5));
#4417 = SURFACE_CURVE('',#4418,(#4422,#4428),.PCURVE_S1.);
#4418 = LINE('',#4419,#4420);
#4419 = CARTESIAN_POINT('',(8.000000003492,-15.,-7.5));
#4420 = VECTOR('',#4421,1.);
#4421 = DIRECTION('',(-1.982541115402E-16,1.,-0.));
#4422 = PCURVE('',#3486,#4423);
#4423 = DEFINITIONAL_REPRESENTATION('',(#4424),#4427);
#4424 = B_SPLINE_CURVE_WITH_KNOTS('',1,(#4425,#4426),.UNSPECIFIED.,.F.,
  .F.,(2,2),(-13.00000000349,43.000000003492),.PIECEWISE_BEZIER_KNOTS.);
#4425 = CARTESIAN_POINT('',(3.534788540307,-28.00000000349));
#4426 = CARTESIAN_POINT('',(3.534788540307,28.000000003492));
#4427 = ( GEOMETRIC_REPRESENTATION_CONTEXT(2) 
PARAMETRIC_REPRESENTATION_CONTEXT() REPRESENTATION_CONTEXT('2D SPACE',''
  ) );
#4428 = PCURVE('',#4429,#4434);
#4429 = PLANE('',#4430);
#4430 = AXIS2_PLACEMENT_3D('',#4431,#4432,#4433);
#4431 = CARTESIAN_POINT('',(0.,-30.,-7.5));
#4432 = DIRECTION('',(0.,0.,-1.));
#4433 = DIRECTION('',(-1.,0.,0.));
#4434 = DEFINITIONAL_REPRESENTATION('',(#4435),#4438);
#4435 = B_SPLINE_CURVE_WITH_KNOTS('',1,(#4436,#4437),.UNSPECIFIED.,.F.,
  .F.,(2,2),(-13.00000000349,43.000000003492),.PIECEWISE_BEZIER_KNOTS.);
#4436 = CARTESIAN_POINT('',(-8.000000003492,1.999999996508));
#4437 = CARTESIAN_POINT('',(-8.000000003492,58.000000003492));
#4438 = ( GEOMETRIC_REPRESENTATION_CONTEXT(2) 
PARAMETRIC_REPRESENTATION_CONTEXT() REPRESENTATION_CONTEXT('2D SPACE',''
  ) );
#4439 = ORIENTED_EDGE('',*,*,#4440,.T.);
#4440 = EDGE_CURVE('',#4415,#4118,#4441,.T.);
#4441 = SURFACE_CURVE('',#4442,(#4446,#4453),.PCURVE_S1.);
#4442 = LINE('',#4443,#4444);
#4443 = CARTESIAN_POINT('',(8.001215755649,-27.00182492863,
    -7.465185413299));
#4444 = VECTOR('',#4445,1.);
#4445 = DIRECTION('',(3.487826274237E-02,-3.487826274237E-02,
    0.998782765959));
#4446 = PCURVE('',#3486,#4447);
#4447 = DEFINITIONAL_REPRESENTATION('',(#4448),#4452);
#4448 = LINE('',#4449,#4450);
#4449 = CARTESIAN_POINT('',(3.56962434804,-27.00182492863));
#4450 = VECTOR('',#4451,1.);
#4451 = DIRECTION('',(0.999391568299,-3.487826274237E-02));
#4452 = ( GEOMETRIC_REPRESENTATION_CONTEXT(2) 
PARAMETRIC_REPRESENTATION_CONTEXT() REPRESENTATION_CONTEXT('2D SPACE',''
  ) );
#4453 = PCURVE('',#4454,#4459);
#4454 = CYLINDRICAL_SURFACE('',#4455,1.);
#4455 = AXIS2_PLACEMENT_3D('',#4456,#4457,#4458);
#4456 = CARTESIAN_POINT('',(7.00182492863,-27.00182492863,
    -7.430285916597));
#4457 = DIRECTION('',(3.487826274237E-02,-3.487826274237E-02,
    0.998782765959));
#4458 = DIRECTION('',(0.,-0.999390827019,-3.48994967025E-02));
#4459 = DEFINITIONAL_REPRESENTATION('',(#4460),#4464);
#4460 = LINE('',#4461,#4462);
#4461 = CARTESIAN_POINT('',(1.569578351624,0.));
#4462 = VECTOR('',#4463,1.);
#4463 = DIRECTION('',(0.,1.));
#4464 = ( GEOMETRIC_REPRESENTATION_CONTEXT(2) 
PARAMETRIC_REPRESENTATION_CONTEXT() REPRESENTATION_CONTEXT('2D SPACE',''
  ) );
#4465 = ORIENTED_EDGE('',*,*,#4217,.T.);
#4466 = ORIENTED_EDGE('',*,*,#3440,.F.);
#4467 = ADVANCED_FACE('',(#4468),#3584,.T.);
#4468 = FACE_BOUND('',#4469,.T.);
#4469 = EDGE_LOOP('',(#4470,#4471,#4499,#4520,#4548,#4569));
#4470 = ORIENTED_EDGE('',*,*,#4244,.T.);
#4471 = ORIENTED_EDGE('',*,*,#4472,.T.);
#4472 = EDGE_CURVE('',#4245,#4473,#4475,.T.);
#4473 = VERTEX_POINT('',#4474);
#4474 = CARTESIAN_POINT('',(-8.000000003492,-27.00060917647,-7.5));
#4475 = SURFACE_CURVE('',#4476,(#4480,#4487),.PCURVE_S1.);
#4476 = LINE('',#4477,#4478);
#4477 = CARTESIAN_POINT('',(-8.41904627227,-27.41965544525,
    4.499915089998));
#4478 = VECTOR('',#4479,1.);
#4479 = DIRECTION('',(3.487826274237E-02,3.487826274237E-02,
    -0.998782765959));
#4480 = PCURVE('',#3584,#4481);
#4481 = DEFINITIONAL_REPRESENTATION('',(#4482),#4486);
#4482 = LINE('',#4483,#4484);
#4483 = CARTESIAN_POINT('',(-15.54201811013,-27.41965544525));
#4484 = VECTOR('',#4485,1.);
#4485 = DIRECTION('',(0.999391568299,3.487826274237E-02));
#4486 = ( GEOMETRIC_REPRESENTATION_CONTEXT(2) 
PARAMETRIC_REPRESENTATION_CONTEXT() REPRESENTATION_CONTEXT('2D SPACE',''
  ) );
#4487 = PCURVE('',#4488,#4493);
#4488 = CYLINDRICAL_SURFACE('',#4489,1.);
#4489 = AXIS2_PLACEMENT_3D('',#4490,#4491,#4492);
#4490 = CARTESIAN_POINT('',(-7.419655445251,-27.41965544525,
    4.534814586701));
#4491 = DIRECTION('',(3.487826274237E-02,3.487826274237E-02,
    -0.998782765959));
#4492 = DIRECTION('',(0.,-0.999390827019,-3.48994967025E-02));
#4493 = DEFINITIONAL_REPRESENTATION('',(#4494),#4498);
#4494 = LINE('',#4495,#4496);
#4495 = CARTESIAN_POINT('',(1.569578351624,0.));
#4496 = VECTOR('',#4497,1.);
#4497 = DIRECTION('',(0.,1.));
#4498 = ( GEOMETRIC_REPRESENTATION_CONTEXT(2) 
PARAMETRIC_REPRESENTATION_CONTEXT() REPRESENTATION_CONTEXT('2D SPACE',''
  ) );
#4499 = ORIENTED_EDGE('',*,*,#4500,.F.);
#4500 = EDGE_CURVE('',#4501,#4473,#4503,.T.);
#4501 = VERTEX_POINT('',#4502);
#4502 = CARTESIAN_POINT('',(-8.000000003492,27.000609176473,-7.5));
#4503 = SURFACE_CURVE('',#4504,(#4508,#4514),.PCURVE_S1.);
#4504 = LINE('',#4505,#4506);
#4505 = CARTESIAN_POINT('',(-8.000000003492,-15.,-7.5));
#4506 = VECTOR('',#4507,1.);
#4507 = DIRECTION('',(3.717264591379E-16,-1.,-0.));
#4508 = PCURVE('',#3584,#4509);
#4509 = DEFINITIONAL_REPRESENTATION('',(#4510),#4513);
#4510 = B_SPLINE_CURVE_WITH_KNOTS('',1,(#4511,#4512),.UNSPECIFIED.,.F.,
  .F.,(2,2),(-43.00000000349,13.000000003492),.PIECEWISE_BEZIER_KNOTS.);
#4511 = CARTESIAN_POINT('',(-3.534788540307,28.000000003492));
#4512 = CARTESIAN_POINT('',(-3.534788540307,-28.00000000349));
#4513 = ( GEOMETRIC_REPRESENTATION_CONTEXT(2) 
PARAMETRIC_REPRESENTATION_CONTEXT() REPRESENTATION_CONTEXT('2D SPACE',''
  ) );
#4514 = PCURVE('',#4429,#4515);
#4515 = DEFINITIONAL_REPRESENTATION('',(#4516),#4519);
#4516 = B_SPLINE_CURVE_WITH_KNOTS('',1,(#4517,#4518),.UNSPECIFIED.,.F.,
  .F.,(2,2),(-43.00000000349,13.000000003492),.PIECEWISE_BEZIER_KNOTS.);
#4517 = CARTESIAN_POINT('',(8.000000003492,58.000000003492));
#4518 = CARTESIAN_POINT('',(8.000000003492,1.999999996508));
#4519 = ( GEOMETRIC_REPRESENTATION_CONTEXT(2) 
PARAMETRIC_REPRESENTATION_CONTEXT() REPRESENTATION_CONTEXT('2D SPACE',''
  ) );
#4520 = ORIENTED_EDGE('',*,*,#4521,.T.);
#4521 = EDGE_CURVE('',#4501,#4522,#4524,.T.);
#4522 = VERTEX_POINT('',#4523);
#4523 = CARTESIAN_POINT('',(-8.417830520113,27.418439693094,
    4.465100503298));
#4524 = SURFACE_CURVE('',#4525,(#4529,#4536),.PCURVE_S1.);
#4525 = LINE('',#4526,#4527);
#4526 = CARTESIAN_POINT('',(-8.001215755649,27.00182492863,
    -7.465185413299));
#4527 = VECTOR('',#4528,1.);
#4528 = DIRECTION('',(-3.487826274237E-02,3.487826274237E-02,
    0.998782765959));
#4529 = PCURVE('',#3584,#4530);
#4530 = DEFINITIONAL_REPRESENTATION('',(#4531),#4535);
#4531 = LINE('',#4532,#4533);
#4532 = CARTESIAN_POINT('',(-3.56962434804,27.00182492863));
#4533 = VECTOR('',#4534,1.);
#4534 = DIRECTION('',(-0.999391568299,3.487826274237E-02));
#4535 = ( GEOMETRIC_REPRESENTATION_CONTEXT(2) 
PARAMETRIC_REPRESENTATION_CONTEXT() REPRESENTATION_CONTEXT('2D SPACE',''
  ) );
#4536 = PCURVE('',#4537,#4542);
#4537 = CYLINDRICAL_SURFACE('',#4538,1.);
#4538 = AXIS2_PLACEMENT_3D('',#4539,#4540,#4541);
#4539 = CARTESIAN_POINT('',(-7.00182492863,27.00182492863,
    -7.430285916597));
#4540 = DIRECTION('',(-3.487826274237E-02,3.487826274237E-02,
    0.998782765959));
#4541 = DIRECTION('',(-0.999390827019,-3.71664504728E-16,
    -3.48994967025E-02));
#4542 = DEFINITIONAL_REPRESENTATION('',(#4543),#4547);
#4543 = LINE('',#4544,#4545);
#4544 = CARTESIAN_POINT('',(-0.,0.));
#4545 = VECTOR('',#4546,1.);
#4546 = DIRECTION('',(-0.,1.));
#4547 = ( GEOMETRIC_REPRESENTATION_CONTEXT(2) 
PARAMETRIC_REPRESENTATION_CONTEXT() REPRESENTATION_CONTEXT('2D SPACE',''
  ) );
#4548 = ORIENTED_EDGE('',*,*,#4549,.T.);
#4549 = EDGE_CURVE('',#4522,#3537,#4550,.T.);
#4550 = SURFACE_CURVE('',#4551,(#4555,#4562),.PCURVE_S1.);
#4551 = LINE('',#4552,#4553);
#4552 = CARTESIAN_POINT('',(-8.417830520113,27.418439693094,
    4.465100503298));
#4553 = VECTOR('',#4554,1.);
#4554 = DIRECTION('',(3.717264591379E-16,-1.,-0.));
#4555 = PCURVE('',#3584,#4556);
#4556 = DEFINITIONAL_REPRESENTATION('',(#4557),#4561);
#4557 = LINE('',#4558,#4559);
#4558 = CARTESIAN_POINT('',(-15.5071823024,27.418439693094));
#4559 = VECTOR('',#4560,1.);
#4560 = DIRECTION('',(0.,-1.));
#4561 = ( GEOMETRIC_REPRESENTATION_CONTEXT(2) 
PARAMETRIC_REPRESENTATION_CONTEXT() REPRESENTATION_CONTEXT('2D SPACE',''
  ) );
#4562 = PCURVE('',#3826,#4563);
#4563 = DEFINITIONAL_REPRESENTATION('',(#4564),#4568);
#4564 = LINE('',#4565,#4566);
#4565 = CARTESIAN_POINT('',(-0.,0.));
#4566 = VECTOR('',#4567,1.);
#4567 = DIRECTION('',(-0.,1.));
#4568 = ( GEOMETRIC_REPRESENTATION_CONTEXT(2) 
PARAMETRIC_REPRESENTATION_CONTEXT() REPRESENTATION_CONTEXT('2D SPACE',''
  ) );
#4569 = ORIENTED_EDGE('',*,*,#3536,.F.);
#4570 = ADVANCED_FACE('',(#4571),#3726,.F.);
#4571 = FACE_BOUND('',#4572,.T.);
#4572 = EDGE_LOOP('',(#4573,#4574,#4575,#4598));
#4573 = ORIENTED_EDGE('',*,*,#4363,.F.);
#4574 = ORIENTED_EDGE('',*,*,#3677,.F.);
#4575 = ORIENTED_EDGE('',*,*,#4576,.T.);
#4576 = EDGE_CURVE('',#3652,#4577,#4579,.T.);
#4577 = VERTEX_POINT('',#4578);
#4578 = CARTESIAN_POINT('',(7.418439693094,27.418439693094,5.5));
#4579 = SURFACE_CURVE('',#4580,(#4584,#4591),.PCURVE_S1.);
#4580 = LINE('',#4581,#4582);
#4581 = CARTESIAN_POINT('',(7.418439693094,24.617067250183,5.5));
#4582 = VECTOR('',#4583,1.);
#4583 = DIRECTION('',(-1.982541115402E-16,1.,-0.));
#4584 = PCURVE('',#3726,#4585);
#4585 = DEFINITIONAL_REPRESENTATION('',(#4586),#4590);
#4586 = LINE('',#4587,#4588);
#4587 = CARTESIAN_POINT('',(-1.605702911835,0.));
#4588 = VECTOR('',#4589,1.);
#4589 = DIRECTION('',(-0.,1.));
#4590 = ( GEOMETRIC_REPRESENTATION_CONTEXT(2) 
PARAMETRIC_REPRESENTATION_CONTEXT() REPRESENTATION_CONTEXT('2D SPACE',''
  ) );
#4591 = PCURVE('',#3911,#4592);
#4592 = DEFINITIONAL_REPRESENTATION('',(#4593),#4597);
#4593 = LINE('',#4594,#4595);
#4594 = CARTESIAN_POINT('',(-7.418439693094,2.167155344068E-13));
#4595 = VECTOR('',#4596,1.);
#4596 = DIRECTION('',(1.982541115402E-16,1.));
#4597 = ( GEOMETRIC_REPRESENTATION_CONTEXT(2) 
PARAMETRIC_REPRESENTATION_CONTEXT() REPRESENTATION_CONTEXT('2D SPACE',''
  ) );
#4598 = ORIENTED_EDGE('',*,*,#4599,.F.);
#4599 = EDGE_CURVE('',#4364,#4577,#4600,.T.);
#4600 = SURFACE_CURVE('',#4601,(#4606,#4612),.PCURVE_S1.);
#4601 = CIRCLE('',#4602,1.);
#4602 = AXIS2_PLACEMENT_3D('',#4603,#4604,#4605);
#4603 = CARTESIAN_POINT('',(7.418439693094,27.418439693094,4.5));
#4604 = DIRECTION('',(1.982541115402E-16,-1.,7.703719777549E-34));
#4605 = DIRECTION('',(0.999390827019,1.981333404921E-16,
    -3.48994967025E-02));
#4606 = PCURVE('',#3726,#4607);
#4607 = DEFINITIONAL_REPRESENTATION('',(#4608),#4611);
#4608 = B_SPLINE_CURVE_WITH_KNOTS('',1,(#4609,#4610),.UNSPECIFIED.,.F.,
  .F.,(2,2),(0.,1.605702911835),.PIECEWISE_BEZIER_KNOTS.);
#4609 = CARTESIAN_POINT('',(0.,2.801372442912));
#4610 = CARTESIAN_POINT('',(-1.605702911835,2.801372442912));
#4611 = ( GEOMETRIC_REPRESENTATION_CONTEXT(2) 
PARAMETRIC_REPRESENTATION_CONTEXT() REPRESENTATION_CONTEXT('2D SPACE',''
  ) );
#4612 = PCURVE('',#4613,#4686);
#4613 = B_SPLINE_SURFACE_WITH_KNOTS('',7,8,(
    (#4614,#4615,#4616,#4617,#4618,#4619,#4620,#4621,#4622)
    ,(#4623,#4624,#4625,#4626,#4627,#4628,#4629,#4630,#4631)
    ,(#4632,#4633,#4634,#4635,#4636,#4637,#4638,#4639,#4640)
    ,(#4641,#4642,#4643,#4644,#4645,#4646,#4647,#4648,#4649)
    ,(#4650,#4651,#4652,#4653,#4654,#4655,#4656,#4657,#4658)
    ,(#4659,#4660,#4661,#4662,#4663,#4664,#4665,#4666,#4667)
    ,(#4668,#4669,#4670,#4671,#4672,#4673,#4674,#4675,#4676)
    ,(#4677,#4678,#4679,#4680,#4681,#4682,#4683,#4684,#4685
  )),.UNSPECIFIED.,.F.,.F.,.F.,(8,8),(9,9),(0.,1.),(0.,1.),
  .PIECEWISE_BEZIER_KNOTS.);
#4614 = CARTESIAN_POINT('',(8.417830520113,27.418439693094,
    4.465100503298));
#4615 = CARTESIAN_POINT('',(8.424835298048,27.418439693094,
    4.665691098423));
#4616 = CARTESIAN_POINT('',(8.385827310013,27.418439693095,
    4.867888568958));
#4617 = CARTESIAN_POINT('',(8.300377064315,27.418439693094,
    5.059378507724));
#4618 = CARTESIAN_POINT('',(8.17200703965,27.418439693095,5.22771152763)
  );
#4619 = CARTESIAN_POINT('',(8.008256612923,27.418439693094,
    5.361878090417));
#4620 = CARTESIAN_POINT('',(7.819865495223,27.418439693095,
    5.453959184621));
#4621 = CARTESIAN_POINT('',(7.619152557074,27.418439693094,5.5));
#4622 = CARTESIAN_POINT('',(7.418439693094,27.418439693094,5.5));
#4623 = CARTESIAN_POINT('',(8.417830520113,27.418439693094,
    4.465100503298));
#4624 = CARTESIAN_POINT('',(8.424445060592,27.45727784969,4.654516159792
    ));
#4625 = CARTESIAN_POINT('',(8.390222289568,27.496116015054,
    4.845688841889));
#4626 = CARTESIAN_POINT('',(8.314377726859,27.533311081117,
    5.031758522156));
#4627 = CARTESIAN_POINT('',(8.196136817007,27.567220296707,
    5.206854859114));
#4628 = CARTESIAN_POINT('',(8.028055816469,27.596402210526,
    5.355857688379));
#4629 = CARTESIAN_POINT('',(7.827443775886,27.619822914876,5.45421731934
    ));
#4630 = CARTESIAN_POINT('',(7.618490422405,27.636964869259,5.5));
#4631 = CARTESIAN_POINT('',(7.418439693094,27.647826011095,5.5));
#4632 = CARTESIAN_POINT('',(8.417830520113,27.418439693094,
    4.465100503298));
#4633 = CARTESIAN_POINT('',(8.422708445043,27.523191265513,
    4.604785997091));
#4634 = CARTESIAN_POINT('',(8.390835724341,27.594979150549,
    4.788803636006));
#4635 = CARTESIAN_POINT('',(8.321178126228,27.680443179387,
    4.954339479938));
#4636 = CARTESIAN_POINT('',(8.209965692697,27.758907214685,
    5.118901738925));
#4637 = CARTESIAN_POINT('',(8.039682317004,27.823725862497,
    5.267312119118));
#4638 = CARTESIAN_POINT('',(7.831695539633,27.865540400939,
    5.369898143691));
#4639 = CARTESIAN_POINT('',(7.61782708615,27.865846743031,5.444283250085
    ));
#4640 = CARTESIAN_POINT('',(7.418438319853,27.877204318683,
    5.438530242496));
#4641 = CARTESIAN_POINT('',(8.417830520113,27.418439693094,
    4.465100503298));
#4642 = CARTESIAN_POINT('',(8.422373964699,27.541747116802,
    4.595207733225));
#4643 = CARTESIAN_POINT('',(8.39187557048,27.658165287474,4.751314712955
    ));
#4644 = CARTESIAN_POINT('',(8.325243638702,27.778967268837,
    4.900280589943));
#4645 = CARTESIAN_POINT('',(8.217254591285,27.895455497505,
    5.048439087555));
#4646 = CARTESIAN_POINT('',(8.045547521449,27.99644399132,5.18126421733)
  );
#4647 = CARTESIAN_POINT('',(7.833586252518,28.06268611541,5.271003261327
    ));
#4648 = CARTESIAN_POINT('',(7.617153066964,28.08642142668,5.323815831193
    ));
#4649 = CARTESIAN_POINT('',(7.418424737547,28.086894052945,
    5.316117716461));
#4650 = CARTESIAN_POINT('',(8.417830520113,27.418439693094,
    4.465100503298));
#4651 = CARTESIAN_POINT('',(8.422050935189,27.550557106252,
    4.585957378351));
#4652 = CARTESIAN_POINT('',(8.391208077223,27.706660277988,
    4.700506243347));
#4653 = CARTESIAN_POINT('',(8.324290417404,27.854775269275,
    4.820742437134));
#4654 = CARTESIAN_POINT('',(8.216088448022,28.001348407232,
    4.937350414956));
#4655 = CARTESIAN_POINT('',(8.044390734464,28.13169725546,5.039676422928
    ));
#4656 = CARTESIAN_POINT('',(7.83259513368,28.218437083099,5.10843638622)
  );
#4657 = CARTESIAN_POINT('',(7.616500550461,28.267732081686,
    5.135010340155));
#4658 = CARTESIAN_POINT('',(7.418435729736,28.257103340096,5.13916809369
    ));
#4659 = CARTESIAN_POINT('',(8.417830520113,27.418439693094,
    4.465100503298));
#4660 = CARTESIAN_POINT('',(8.42138347156,27.559221804947,4.566843720812
    ));
#4661 = CARTESIAN_POINT('',(8.388268903483,27.741369401876,4.63543904488
    ));
#4662 = CARTESIAN_POINT('',(8.317700565173,27.904415657041,
    4.719219546002));
#4663 = CARTESIAN_POINT('',(8.205944500399,28.065748741838,
    4.796786401486));
#4664 = CARTESIAN_POINT('',(8.035835917414,28.210488970351,
    4.862265421735));
#4665 = CARTESIAN_POINT('',(7.828530251847,28.309642996147,
    4.906544271863));
#4666 = CARTESIAN_POINT('',(7.615825902546,28.380285506644,4.90986753736
    ));
#4667 = CARTESIAN_POINT('',(7.418421428882,28.372499706004,
    4.926052734353));
#4668 = CARTESIAN_POINT('',(8.417830520113,27.418439693094,
    4.465100503298));
#4669 = CARTESIAN_POINT('',(8.418980889442,27.605352915581,
    4.498042770764));
#4670 = CARTESIAN_POINT('',(8.380928814477,27.792457172906,4.53234735727
    ));
#4671 = CARTESIAN_POINT('',(8.30319625643,27.973591859092,4.566484745777
    ));
#4672 = CARTESIAN_POINT('',(8.18491521029,28.143584116076,4.598904976524
    ));
#4673 = CARTESIAN_POINT('',(8.018631783238,28.288015235318,
    4.628836677952));
#4674 = CARTESIAN_POINT('',(7.820882868758,28.38310389366,4.655455120762
    ));
#4675 = CARTESIAN_POINT('',(7.615179749062,28.426817752104,4.67750672576
    ));
#4676 = CARTESIAN_POINT('',(7.418439693094,28.425831864377,
    4.694229024237));
#4677 = CARTESIAN_POINT('',(8.417830520113,27.418439693094,
    4.465100503298));
#4678 = CARTESIAN_POINT('',(8.417591702133,27.614517614394,
    4.458261651113));
#4679 = CARTESIAN_POINT('',(8.373387196323,27.810595597064,
    4.452958112436));
#4680 = CARTESIAN_POINT('',(8.285231440756,27.99517188464,4.449591033263
    ));
#4681 = CARTESIAN_POINT('',(8.156747218887,28.156747218887,
    4.448435466155));
#4682 = CARTESIAN_POINT('',(7.995171884639,28.285231440756,
    4.449591033263));
#4683 = CARTESIAN_POINT('',(7.810595597064,28.373387196323,
    4.452958112436));
#4684 = CARTESIAN_POINT('',(7.614517614394,28.417591702133,
    4.458261651113));
#4685 = CARTESIAN_POINT('',(7.418439693094,28.417830520113,
    4.465100503298));
#4686 = DEFINITIONAL_REPRESENTATION('',(#4687),#4690);
#4687 = B_SPLINE_CURVE_WITH_KNOTS('',1,(#4688,#4689),.UNSPECIFIED.,.F.,
  .F.,(2,2),(0.,1.605702911835),.PIECEWISE_BEZIER_KNOTS.);
#4688 = CARTESIAN_POINT('',(0.,0.));
#4689 = CARTESIAN_POINT('',(0.,1.));
#4690 = ( GEOMETRIC_REPRESENTATION_CONTEXT(2) 
PARAMETRIC_REPRESENTATION_CONTEXT() REPRESENTATION_CONTEXT('2D SPACE',''
  ) );
#4691 = ADVANCED_FACE('',(#4692),#3826,.F.);
#4692 = FACE_BOUND('',#4693,.T.);
#4693 = EDGE_LOOP('',(#4694,#4695,#4795,#4816));
#4694 = ORIENTED_EDGE('',*,*,#4549,.F.);
#4695 = ORIENTED_EDGE('',*,*,#4696,.T.);
#4696 = EDGE_CURVE('',#4522,#4697,#4699,.T.);
#4697 = VERTEX_POINT('',#4698);
#4698 = CARTESIAN_POINT('',(-7.418439693094,27.418439693094,5.5));
#4699 = SURFACE_CURVE('',#4700,(#4710,#4716),.PCURVE_S1.);
#4700 = B_SPLINE_CURVE_WITH_KNOTS('',8,(#4701,#4702,#4703,#4704,#4705,
    #4706,#4707,#4708,#4709),.UNSPECIFIED.,.F.,.F.,(9,9),(0.,1.),
  .PIECEWISE_BEZIER_KNOTS.);
#4701 = CARTESIAN_POINT('',(-8.417830520113,27.418439693094,
    4.465100503298));
#4702 = CARTESIAN_POINT('',(-8.424835298048,27.418439693094,
    4.665691098423));
#4703 = CARTESIAN_POINT('',(-8.385827310013,27.418439693095,
    4.867888568958));
#4704 = CARTESIAN_POINT('',(-8.300377064315,27.418439693094,
    5.059378507724));
#4705 = CARTESIAN_POINT('',(-8.17200703965,27.418439693095,
    5.227711527629));
#4706 = CARTESIAN_POINT('',(-8.008256612923,27.418439693094,
    5.361878090417));
#4707 = CARTESIAN_POINT('',(-7.819865495223,27.418439693095,
    5.453959184621));
#4708 = CARTESIAN_POINT('',(-7.619152557074,27.418439693094,5.5));
#4709 = CARTESIAN_POINT('',(-7.418439693094,27.418439693094,5.5));
#4710 = PCURVE('',#3826,#4711);
#4711 = DEFINITIONAL_REPRESENTATION('',(#4712),#4715);
#4712 = B_SPLINE_CURVE_WITH_KNOTS('',1,(#4713,#4714),.UNSPECIFIED.,.F.,
  .F.,(2,2),(0.,1.),.PIECEWISE_BEZIER_KNOTS.);
#4713 = CARTESIAN_POINT('',(0.,-4.110326043778E-15));
#4714 = CARTESIAN_POINT('',(-1.605702911835,0.));
#4715 = ( GEOMETRIC_REPRESENTATION_CONTEXT(2) 
PARAMETRIC_REPRESENTATION_CONTEXT() REPRESENTATION_CONTEXT('2D SPACE',''
  ) );
#4716 = PCURVE('',#4717,#4790);
#4717 = B_SPLINE_SURFACE_WITH_KNOTS('',7,8,(
    (#4718,#4719,#4720,#4721,#4722,#4723,#4724,#4725,#4726)
    ,(#4727,#4728,#4729,#4730,#4731,#4732,#4733,#4734,#4735)
    ,(#4736,#4737,#4738,#4739,#4740,#4741,#4742,#4743,#4744)
    ,(#4745,#4746,#4747,#4748,#4749,#4750,#4751,#4752,#4753)
    ,(#4754,#4755,#4756,#4757,#4758,#4759,#4760,#4761,#4762)
    ,(#4763,#4764,#4765,#4766,#4767,#4768,#4769,#4770,#4771)
    ,(#4772,#4773,#4774,#4775,#4776,#4777,#4778,#4779,#4780)
    ,(#4781,#4782,#4783,#4784,#4785,#4786,#4787,#4788,#4789
  )),.UNSPECIFIED.,.F.,.F.,.F.,(8,8),(9,9),(0.,1.),(0.,1.),
  .PIECEWISE_BEZIER_KNOTS.);
#4718 = CARTESIAN_POINT('',(-8.417830520113,27.418439693094,
    4.465100503298));
#4719 = CARTESIAN_POINT('',(-8.417591702133,27.614517614394,
    4.458261651113));
#4720 = CARTESIAN_POINT('',(-8.373387196323,27.810595597064,
    4.452958112436));
#4721 = CARTESIAN_POINT('',(-8.285231440756,27.99517188464,
    4.449591033263));
#4722 = CARTESIAN_POINT('',(-8.156747218887,28.156747218886,
    4.448435466156));
#4723 = CARTESIAN_POINT('',(-7.995171884639,28.285231440756,
    4.449591033263));
#4724 = CARTESIAN_POINT('',(-7.810595597064,28.373387196323,
    4.452958112436));
#4725 = CARTESIAN_POINT('',(-7.614517614394,28.417591702133,
    4.458261651113));
#4726 = CARTESIAN_POINT('',(-7.418439693094,28.417830520113,
    4.465100503298));
#4727 = CARTESIAN_POINT('',(-8.417830520113,27.418439693094,
    4.465100503298));
#4728 = CARTESIAN_POINT('',(-8.418980889442,27.605352915581,
    4.49804277077));
#4729 = CARTESIAN_POINT('',(-8.380928814477,27.792457172905,
    4.532347357283));
#4730 = CARTESIAN_POINT('',(-8.303196256431,27.973591859093,
    4.566484745795));
#4731 = CARTESIAN_POINT('',(-8.184915210293,28.143584116074,
    4.598904976549));
#4732 = CARTESIAN_POINT('',(-8.018631783243,28.288015235318,
    4.628836677982));
#4733 = CARTESIAN_POINT('',(-7.820882868765,28.38310389366,
    4.655455120799));
#4734 = CARTESIAN_POINT('',(-7.615179749071,28.426817752104,
    4.677506725802));
#4735 = CARTESIAN_POINT('',(-7.418439693105,28.425831864379,
    4.694229024286));
#4736 = CARTESIAN_POINT('',(-8.417830520113,27.418439693094,
    4.465100503298));
#4737 = CARTESIAN_POINT('',(-8.42138347156,27.559221804947,4.56684372082
    ));
#4738 = CARTESIAN_POINT('',(-8.388268903475,27.741369401874,
    4.635439044854));
#4739 = CARTESIAN_POINT('',(-8.317700565162,27.904415657038,
    4.719219545971));
#4740 = CARTESIAN_POINT('',(-8.205944500386,28.065748741833,
    4.796786401449));
#4741 = CARTESIAN_POINT('',(-8.035835917401,28.210488970345,
    4.862265421689));
#4742 = CARTESIAN_POINT('',(-7.828530251832,28.30964299614,
    4.906544271801));
#4743 = CARTESIAN_POINT('',(-7.61582590252,28.380285506637,
    4.909867537246));
#4744 = CARTESIAN_POINT('',(-7.418421428853,28.372499705998,
    4.926052734223));
#4745 = CARTESIAN_POINT('',(-8.417830520113,27.418439693094,
    4.465100503298));
#4746 = CARTESIAN_POINT('',(-8.422050935189,27.550557106253,
    4.585957378358));
#4747 = CARTESIAN_POINT('',(-8.391208077228,27.706660277989,
    4.700506243384));
#4748 = CARTESIAN_POINT('',(-8.324290417412,27.854775269278,
    4.820742437186));
#4749 = CARTESIAN_POINT('',(-8.216088448034,28.001348407233,
    4.937350415023));
#4750 = CARTESIAN_POINT('',(-8.044390734481,28.131697255463,
    5.039676423012));
#4751 = CARTESIAN_POINT('',(-7.832595133703,28.218437083103,
    5.108436386325));
#4752 = CARTESIAN_POINT('',(-7.616500550493,28.267732081692,
    5.135010340298));
#4753 = CARTESIAN_POINT('',(-7.418435729773,28.257103340103,
    5.139168093854));
#4754 = CARTESIAN_POINT('',(-8.417830520113,27.418439693094,
    4.465100503298));
#4755 = CARTESIAN_POINT('',(-8.422373964699,27.541747116802,
    4.59520773323));
#4756 = CARTESIAN_POINT('',(-8.391875570473,27.658165287472,
    4.751314712933));
#4757 = CARTESIAN_POINT('',(-8.325243638694,27.778967268835,
    4.900280589915));
#4758 = CARTESIAN_POINT('',(-8.217254591275,27.895455497501,
    5.048439087522));
#4759 = CARTESIAN_POINT('',(-8.045547521437,27.996443991315,
    5.181264217289));
#4760 = CARTESIAN_POINT('',(-7.833586252504,28.062686115404,
    5.271003261271));
#4761 = CARTESIAN_POINT('',(-7.617153066942,28.086421426674,
    5.323815831097));
#4762 = CARTESIAN_POINT('',(-7.418424737522,28.08689405294,
    5.316117716351));
#4763 = CARTESIAN_POINT('',(-8.417830520113,27.418439693094,
    4.465100503298));
#4764 = CARTESIAN_POINT('',(-8.422708445044,27.523191265513,
    4.604785997093));
#4765 = CARTESIAN_POINT('',(-8.390835724343,27.594979150549,
    4.788803636014));
#4766 = CARTESIAN_POINT('',(-8.321178126229,27.680443179388,
    4.954339479949));
#4767 = CARTESIAN_POINT('',(-8.2099656927,27.758907214685,5.118901738939
    ));
#4768 = CARTESIAN_POINT('',(-8.039682317007,27.823725862498,
    5.267312119136));
#4769 = CARTESIAN_POINT('',(-7.831695539638,27.86554040094,
    5.369898143712));
#4770 = CARTESIAN_POINT('',(-7.617827086157,27.865846743033,
    5.444283250114));
#4771 = CARTESIAN_POINT('',(-7.41843831986,27.877204318685,
    5.438530242529));
#4772 = CARTESIAN_POINT('',(-8.417830520113,27.418439693094,
    4.465100503298));
#4773 = CARTESIAN_POINT('',(-8.424445060592,27.45727784969,
    4.654516159792));
#4774 = CARTESIAN_POINT('',(-8.390222289568,27.496116015054,
    4.845688841889));
#4775 = CARTESIAN_POINT('',(-8.314377726859,27.533311081117,
    5.031758522156));
#4776 = CARTESIAN_POINT('',(-8.196136817008,27.567220296707,
    5.206854859114));
#4777 = CARTESIAN_POINT('',(-8.028055816469,27.596402210526,
    5.35585768838));
#4778 = CARTESIAN_POINT('',(-7.827443775885,27.619822914876,
    5.45421731934));
#4779 = CARTESIAN_POINT('',(-7.618490422405,27.636964869259,5.5));
#4780 = CARTESIAN_POINT('',(-7.418439693094,27.647826011095,5.5));
#4781 = CARTESIAN_POINT('',(-8.417830520113,27.418439693094,
    4.465100503298));
#4782 = CARTESIAN_POINT('',(-8.424835298048,27.418439693094,
    4.665691098423));
#4783 = CARTESIAN_POINT('',(-8.385827310013,27.418439693095,
    4.867888568958));
#4784 = CARTESIAN_POINT('',(-8.300377064315,27.418439693094,
    5.059378507724));
#4785 = CARTESIAN_POINT('',(-8.17200703965,27.418439693095,
    5.227711527629));
#4786 = CARTESIAN_POINT('',(-8.008256612923,27.418439693094,
    5.361878090417));
#4787 = CARTESIAN_POINT('',(-7.819865495223,27.418439693095,
    5.453959184621));
#4788 = CARTESIAN_POINT('',(-7.619152557074,27.418439693094,5.5));
#4789 = CARTESIAN_POINT('',(-7.418439693094,27.418439693094,5.5));
#4790 = DEFINITIONAL_REPRESENTATION('',(#4791),#4794);
#4791 = B_SPLINE_CURVE_WITH_KNOTS('',1,(#4792,#4793),.UNSPECIFIED.,.F.,
  .F.,(2,2),(0.,1.),.PIECEWISE_BEZIER_KNOTS.);
#4792 = CARTESIAN_POINT('',(1.,0.));
#4793 = CARTESIAN_POINT('',(1.,1.));
#4794 = ( GEOMETRIC_REPRESENTATION_CONTEXT(2) 
PARAMETRIC_REPRESENTATION_CONTEXT() REPRESENTATION_CONTEXT('2D SPACE',''
  ) );
#4795 = ORIENTED_EDGE('',*,*,#4796,.T.);
#4796 = EDGE_CURVE('',#4697,#3776,#4797,.T.);
#4797 = SURFACE_CURVE('',#4798,(#4802,#4809),.PCURVE_S1.);
#4798 = LINE('',#4799,#4800);
#4799 = CARTESIAN_POINT('',(-7.418439693094,27.418439693094,5.5));
#4800 = VECTOR('',#4801,1.);
#4801 = DIRECTION('',(3.717264591379E-16,-1.,-0.));
#4802 = PCURVE('',#3826,#4803);
#4803 = DEFINITIONAL_REPRESENTATION('',(#4804),#4808);
#4804 = LINE('',#4805,#4806);
#4805 = CARTESIAN_POINT('',(-1.605702911835,0.));
#4806 = VECTOR('',#4807,1.);
#4807 = DIRECTION('',(-0.,1.));
#4808 = ( GEOMETRIC_REPRESENTATION_CONTEXT(2) 
PARAMETRIC_REPRESENTATION_CONTEXT() REPRESENTATION_CONTEXT('2D SPACE',''
  ) );
#4809 = PCURVE('',#3911,#4810);
#4810 = DEFINITIONAL_REPRESENTATION('',(#4811),#4815);
#4811 = LINE('',#4812,#4813);
#4812 = CARTESIAN_POINT('',(7.418439693094,2.801372442912));
#4813 = VECTOR('',#4814,1.);
#4814 = DIRECTION('',(-3.717264591379E-16,-1.));
#4815 = ( GEOMETRIC_REPRESENTATION_CONTEXT(2) 
PARAMETRIC_REPRESENTATION_CONTEXT() REPRESENTATION_CONTEXT('2D SPACE',''
  ) );
#4816 = ORIENTED_EDGE('',*,*,#3775,.F.);
#4817 = ADVANCED_FACE('',(#4818),#3911,.T.);
#4818 = FACE_BOUND('',#4819,.T.);
#4819 = EDGE_LOOP('',(#4820,#4821,#4822,#4823));
#4820 = ORIENTED_EDGE('',*,*,#4576,.F.);
#4821 = ORIENTED_EDGE('',*,*,#3897,.F.);
#4822 = ORIENTED_EDGE('',*,*,#4796,.F.);
#4823 = ORIENTED_EDGE('',*,*,#4824,.F.);
#4824 = EDGE_CURVE('',#4577,#4697,#4825,.T.);
#4825 = SURFACE_CURVE('',#4826,(#4830,#4837),.PCURVE_S1.);
#4826 = LINE('',#4827,#4828);
#4827 = CARTESIAN_POINT('',(8.453970006885,27.418439693094,5.5));
#4828 = VECTOR('',#4829,1.);
#4829 = DIRECTION('',(-1.,-0.,-0.));
#4830 = PCURVE('',#3911,#4831);
#4831 = DEFINITIONAL_REPRESENTATION('',(#4832),#4836);
#4832 = LINE('',#4833,#4834);
#4833 = CARTESIAN_POINT('',(-8.453970006885,2.801372442912));
#4834 = VECTOR('',#4835,1.);
#4835 = DIRECTION('',(1.,-0.));
#4836 = ( GEOMETRIC_REPRESENTATION_CONTEXT(2) 
PARAMETRIC_REPRESENTATION_CONTEXT() REPRESENTATION_CONTEXT('2D SPACE',''
  ) );
#4837 = PCURVE('',#4838,#4843);
#4838 = CYLINDRICAL_SURFACE('',#4839,1.);
#4839 = AXIS2_PLACEMENT_3D('',#4840,#4841,#4842);
#4840 = CARTESIAN_POINT('',(8.453970006885,27.418439693094,4.5));
#4841 = DIRECTION('',(-1.,-0.,-0.));
#4842 = DIRECTION('',(-0.,0.,1.));
#4843 = DEFINITIONAL_REPRESENTATION('',(#4844),#4848);
#4844 = LINE('',#4845,#4846);
#4845 = CARTESIAN_POINT('',(0.,0.));
#4846 = VECTOR('',#4847,1.);
#4847 = DIRECTION('',(0.,1.));
#4848 = ( GEOMETRIC_REPRESENTATION_CONTEXT(2) 
PARAMETRIC_REPRESENTATION_CONTEXT() REPRESENTATION_CONTEXT('2D SPACE',''
  ) );
#4849 = ADVANCED_FACE('',(#4850,#4853),#3963,.F.);
#4850 = FACE_BOUND('',#4851,.F.);
#4851 = EDGE_LOOP('',(#4852));
#4852 = ORIENTED_EDGE('',*,*,#3949,.T.);
#4853 = FACE_BOUND('',#4854,.F.);
#4854 = EDGE_LOOP('',(#4855));
#4855 = ORIENTED_EDGE('',*,*,#4856,.F.);
#4856 = EDGE_CURVE('',#4857,#4857,#4859,.T.);
#4857 = VERTEX_POINT('',#4858);
#4858 = CARTESIAN_POINT('',(1.5,-15.,-7.5));
#4859 = SURFACE_CURVE('',#4860,(#4865,#4872),.PCURVE_S1.);
#4860 = CIRCLE('',#4861,1.5);
#4861 = AXIS2_PLACEMENT_3D('',#4862,#4863,#4864);
#4862 = CARTESIAN_POINT('',(0.,-15.,-7.5));
#4863 = DIRECTION('',(0.,0.,1.));
#4864 = DIRECTION('',(1.,0.,0.));
#4865 = PCURVE('',#3963,#4866);
#4866 = DEFINITIONAL_REPRESENTATION('',(#4867),#4871);
#4867 = CIRCLE('',#4868,1.5);
#4868 = AXIS2_PLACEMENT_2D('',#4869,#4870);
#4869 = CARTESIAN_POINT('',(2.279066887566E-16,0.));
#4870 = DIRECTION('',(1.,0.));
#4871 = ( GEOMETRIC_REPRESENTATION_CONTEXT(2) 
PARAMETRIC_REPRESENTATION_CONTEXT() REPRESENTATION_CONTEXT('2D SPACE',''
  ) );
#4872 = PCURVE('',#4873,#4878);
#4873 = CYLINDRICAL_SURFACE('',#4874,1.5);
#4874 = AXIS2_PLACEMENT_3D('',#4875,#4876,#4877);
#4875 = CARTESIAN_POINT('',(0.,-15.,-7.5));
#4876 = DIRECTION('',(-0.,-0.,-1.));
#4877 = DIRECTION('',(1.,0.,0.));
#4878 = DEFINITIONAL_REPRESENTATION('',(#4879),#4883);
#4879 = LINE('',#4880,#4881);
#4880 = CARTESIAN_POINT('',(-0.,0.));
#4881 = VECTOR('',#4882,1.);
#4882 = DIRECTION('',(-1.,0.));
#4883 = ( GEOMETRIC_REPRESENTATION_CONTEXT(2) 
PARAMETRIC_REPRESENTATION_CONTEXT() REPRESENTATION_CONTEXT('2D SPACE',''
  ) );
#4884 = ADVANCED_FACE('',(#4885,#4888),#4019,.F.);
#4885 = FACE_BOUND('',#4886,.F.);
#4886 = EDGE_LOOP('',(#4887));
#4887 = ORIENTED_EDGE('',*,*,#4005,.T.);
#4888 = FACE_BOUND('',#4889,.F.);
#4889 = EDGE_LOOP('',(#4890));
#4890 = ORIENTED_EDGE('',*,*,#4891,.F.);
#4891 = EDGE_CURVE('',#4892,#4892,#4894,.T.);
#4892 = VERTEX_POINT('',#4893);
#4893 = CARTESIAN_POINT('',(1.5,15.,-7.5));
#4894 = SURFACE_CURVE('',#4895,(#4900,#4907),.PCURVE_S1.);
#4895 = CIRCLE('',#4896,1.5);
#4896 = AXIS2_PLACEMENT_3D('',#4897,#4898,#4899);
#4897 = CARTESIAN_POINT('',(0.,15.,-7.5));
#4898 = DIRECTION('',(0.,0.,1.));
#4899 = DIRECTION('',(1.,0.,0.));
#4900 = PCURVE('',#4019,#4901);
#4901 = DEFINITIONAL_REPRESENTATION('',(#4902),#4906);
#4902 = CIRCLE('',#4903,1.5);
#4903 = AXIS2_PLACEMENT_2D('',#4904,#4905);
#4904 = CARTESIAN_POINT('',(2.279066887566E-16,0.));
#4905 = DIRECTION('',(1.,0.));
#4906 = ( GEOMETRIC_REPRESENTATION_CONTEXT(2) 
PARAMETRIC_REPRESENTATION_CONTEXT() REPRESENTATION_CONTEXT('2D SPACE',''
  ) );
#4907 = PCURVE('',#4908,#4913);
#4908 = CYLINDRICAL_SURFACE('',#4909,1.5);
#4909 = AXIS2_PLACEMENT_3D('',#4910,#4911,#4912);
#4910 = CARTESIAN_POINT('',(0.,15.,-7.5));
#4911 = DIRECTION('',(-0.,-0.,-1.));
#4912 = DIRECTION('',(1.,0.,0.));
#4913 = DEFINITIONAL_REPRESENTATION('',(#4914),#4918);
#4914 = LINE('',#4915,#4916);
#4915 = CARTESIAN_POINT('',(-0.,0.));
#4916 = VECTOR('',#4917,1.);
#4917 = DIRECTION('',(-1.,0.));
#4918 = ( GEOMETRIC_REPRESENTATION_CONTEXT(2) 
PARAMETRIC_REPRESENTATION_CONTEXT() REPRESENTATION_CONTEXT('2D SPACE',''
  ) );
#4919 = ADVANCED_FACE('',(#4920),#4101,.F.);
#4920 = FACE_BOUND('',#4921,.T.);
#4921 = EDGE_LOOP('',(#4922,#4952,#4983,#4984));
#4922 = ORIENTED_EDGE('',*,*,#4923,.F.);
#4923 = EDGE_CURVE('',#4924,#4926,#4928,.T.);
#4924 = VERTEX_POINT('',#4925);
#4925 = CARTESIAN_POINT('',(-7.418439693094,-28.41783052011,
    4.465100503298));
#4926 = VERTEX_POINT('',#4927);
#4927 = CARTESIAN_POINT('',(7.418439693094,-28.41783052011,
    4.465100503298));
#4928 = SURFACE_CURVE('',#4929,(#4933,#4940),.PCURVE_S1.);
#4929 = LINE('',#4930,#4931);
#4930 = CARTESIAN_POINT('',(-8.453970006885,-28.41783052011,
    4.465100503298));
#4931 = VECTOR('',#4932,1.);
#4932 = DIRECTION('',(1.,-0.,-0.));
#4933 = PCURVE('',#4101,#4934);
#4934 = DEFINITIONAL_REPRESENTATION('',(#4935),#4939);
#4935 = LINE('',#4936,#4937);
#4936 = CARTESIAN_POINT('',(-0.,0.));
#4937 = VECTOR('',#4938,1.);
#4938 = DIRECTION('',(-0.,1.));
#4939 = ( GEOMETRIC_REPRESENTATION_CONTEXT(2) 
PARAMETRIC_REPRESENTATION_CONTEXT() REPRESENTATION_CONTEXT('2D SPACE',''
  ) );
#4940 = PCURVE('',#4941,#4946);
#4941 = PLANE('',#4942);
#4942 = AXIS2_PLACEMENT_3D('',#4943,#4944,#4945);
#4943 = CARTESIAN_POINT('',(5.551115123126E-15,-28.00000000349,
    -7.500000000061));
#4944 = DIRECTION('',(0.,0.999390827019,3.48994967025E-02));
#4945 = DIRECTION('',(0.,-3.48994967025E-02,0.999390827019));
#4946 = DEFINITIONAL_REPRESENTATION('',(#4947),#4951);
#4947 = LINE('',#4948,#4949);
#4948 = CARTESIAN_POINT('',(11.972393762155,-8.453970006885));
#4949 = VECTOR('',#4950,1.);
#4950 = DIRECTION('',(0.,1.));
#4951 = ( GEOMETRIC_REPRESENTATION_CONTEXT(2) 
PARAMETRIC_REPRESENTATION_CONTEXT() REPRESENTATION_CONTEXT('2D SPACE',''
  ) );
#4952 = ORIENTED_EDGE('',*,*,#4953,.F.);
#4953 = EDGE_CURVE('',#4041,#4924,#4954,.T.);
#4954 = SURFACE_CURVE('',#4955,(#4964,#4976),.PCURVE_S1.);
#4955 = B_SPLINE_CURVE_WITH_KNOTS('',7,(#4956,#4957,#4958,#4959,#4960,
    #4961,#4962,#4963),.UNSPECIFIED.,.F.,.F.,(8,8),(0.,1.),
  .PIECEWISE_BEZIER_KNOTS.);
#4956 = CARTESIAN_POINT('',(-7.418439693094,-27.41843969309,5.5));
#4957 = CARTESIAN_POINT('',(-7.418439693094,-27.64782601109,5.5));
#4958 = CARTESIAN_POINT('',(-7.418438319853,-27.87720431868,
    5.438530242495));
#4959 = CARTESIAN_POINT('',(-7.418424737546,-28.08689405294,
    5.316117716465));
#4960 = CARTESIAN_POINT('',(-7.418435729738,-28.25710334009,
    5.139168093683));
#4961 = CARTESIAN_POINT('',(-7.418421428881,-28.372499706,4.926052734359
    ));
#4962 = CARTESIAN_POINT('',(-7.418439693094,-28.42583186437,
    4.694229024235));
#4963 = CARTESIAN_POINT('',(-7.418439693094,-28.41783052011,
    4.465100503298));
#4964 = PCURVE('',#4101,#4965);
#4965 = DEFINITIONAL_REPRESENTATION('',(#4966),#4975);
#4966 = B_SPLINE_CURVE_WITH_KNOTS('',7,(#4967,#4968,#4969,#4970,#4971,
    #4972,#4973,#4974),.UNSPECIFIED.,.F.,.F.,(8,8),(0.,1.),
  .PIECEWISE_BEZIER_KNOTS.);
#4967 = CARTESIAN_POINT('',(-1.605702911835,1.035530313791));
#4968 = CARTESIAN_POINT('',(-1.376316593834,1.035530313791));
#4969 = CARTESIAN_POINT('',(-1.146875192741,1.035537021345));
#4970 = CARTESIAN_POINT('',(-0.917768119121,1.035542391152));
#4971 = CARTESIAN_POINT('',(-0.68780320051,1.035542378451));
#4972 = CARTESIAN_POINT('',(-0.459073398492,1.035537027665));
#4973 = CARTESIAN_POINT('',(-0.229268184921,1.03553031379));
#4974 = CARTESIAN_POINT('',(-1.221245327088E-15,1.035530313791));
#4975 = ( GEOMETRIC_REPRESENTATION_CONTEXT(2) 
PARAMETRIC_REPRESENTATION_CONTEXT() REPRESENTATION_CONTEXT('2D SPACE',''
  ) );
#4976 = PCURVE('',#4281,#4977);
#4977 = DEFINITIONAL_REPRESENTATION('',(#4978),#4982);
#4978 = LINE('',#4979,#4980);
#4979 = CARTESIAN_POINT('',(0.,0.));
#4980 = VECTOR('',#4981,1.);
#4981 = DIRECTION('',(1.,0.));
#4982 = ( GEOMETRIC_REPRESENTATION_CONTEXT(2) 
PARAMETRIC_REPRESENTATION_CONTEXT() REPRESENTATION_CONTEXT('2D SPACE',''
  ) );
#4983 = ORIENTED_EDGE('',*,*,#4087,.T.);
#4984 = ORIENTED_EDGE('',*,*,#4985,.F.);
#4985 = EDGE_CURVE('',#4926,#4065,#4986,.T.);
#4986 = SURFACE_CURVE('',#4987,(#4996,#5008),.PCURVE_S1.);
#4987 = B_SPLINE_CURVE_WITH_KNOTS('',7,(#4988,#4989,#4990,#4991,#4992,
    #4993,#4994,#4995),.UNSPECIFIED.,.F.,.F.,(8,8),(0.,1.),
  .PIECEWISE_BEZIER_KNOTS.);
#4988 = CARTESIAN_POINT('',(7.418439693094,-28.41783052011,
    4.465100503298));
#4989 = CARTESIAN_POINT('',(7.418439693097,-28.42583186437,
    4.694229024257));
#4990 = CARTESIAN_POINT('',(7.418421428874,-28.372499706,4.926052734301)
  );
#4991 = CARTESIAN_POINT('',(7.418435729747,-28.25710334009,
    5.139168093755));
#4992 = CARTESIAN_POINT('',(7.41842473754,-28.08689405294,5.316117716417
    ));
#4993 = CARTESIAN_POINT('',(7.418438319855,-27.87720431868,
    5.438530242509));
#4994 = CARTESIAN_POINT('',(7.418439693094,-27.64782601109,5.5));
#4995 = CARTESIAN_POINT('',(7.418439693094,-27.41843969309,5.5));
#4996 = PCURVE('',#4101,#4997);
#4997 = DEFINITIONAL_REPRESENTATION('',(#4998),#5007);
#4998 = B_SPLINE_CURVE_WITH_KNOTS('',7,(#4999,#5000,#5001,#5002,#5003,
    #5004,#5005,#5006),.UNSPECIFIED.,.F.,.F.,(8,8),(0.,1.),
  .PIECEWISE_BEZIER_KNOTS.);
#4999 = CARTESIAN_POINT('',(-1.554312234475E-15,15.872409699979));
#5000 = CARTESIAN_POINT('',(-0.229268184943,15.872409699982));
#5001 = CARTESIAN_POINT('',(-0.459073398437,15.872402986106));
#5002 = CARTESIAN_POINT('',(-0.687803200574,15.872397635319));
#5003 = CARTESIAN_POINT('',(-0.917768119082,15.872397622616));
#5004 = CARTESIAN_POINT('',(-1.14687519275,15.872402992424));
#5005 = CARTESIAN_POINT('',(-1.376316593834,15.872409699979));
#5006 = CARTESIAN_POINT('',(-1.605702911835,15.872409699979));
#5007 = ( GEOMETRIC_REPRESENTATION_CONTEXT(2) 
PARAMETRIC_REPRESENTATION_CONTEXT() REPRESENTATION_CONTEXT('2D SPACE',''
  ) );
#5008 = PCURVE('',#4138,#5009);
#5009 = DEFINITIONAL_REPRESENTATION('',(#5010),#5014);
#5010 = LINE('',#5011,#5012);
#5011 = CARTESIAN_POINT('',(0.,0.));
#5012 = VECTOR('',#5013,1.);
#5013 = DIRECTION('',(1.,0.));
#5014 = ( GEOMETRIC_REPRESENTATION_CONTEXT(2) 
PARAMETRIC_REPRESENTATION_CONTEXT() REPRESENTATION_CONTEXT('2D SPACE',''
  ) );
#5015 = ADVANCED_FACE('',(#5016),#4138,.T.);
#5016 = FACE_BOUND('',#5017,.T.);
#5017 = EDGE_LOOP('',(#5018,#5038,#5039));
#5018 = ORIENTED_EDGE('',*,*,#5019,.F.);
#5019 = EDGE_CURVE('',#4926,#4118,#5020,.T.);
#5020 = SURFACE_CURVE('',#5021,(#5026,#5032),.PCURVE_S1.);
#5021 = CIRCLE('',#5022,1.);
#5022 = AXIS2_PLACEMENT_3D('',#5023,#5024,#5025);
#5023 = CARTESIAN_POINT('',(7.418439693094,-27.41843969309,4.5));
#5024 = DIRECTION('',(3.487826274237E-02,-3.487826274237E-02,
    0.998782765959));
#5025 = DIRECTION('',(2.168404344971E-19,-0.999390827019,
    -3.48994967025E-02));
#5026 = PCURVE('',#4138,#5027);
#5027 = DEFINITIONAL_REPRESENTATION('',(#5028),#5031);
#5028 = B_SPLINE_CURVE_WITH_KNOTS('',1,(#5029,#5030),.UNSPECIFIED.,.F.,
  .F.,(2,2),(0.,1.569578351624),.PIECEWISE_BEZIER_KNOTS.);
#5029 = CARTESIAN_POINT('',(0.,0.));
#5030 = CARTESIAN_POINT('',(0.,1.));
#5031 = ( GEOMETRIC_REPRESENTATION_CONTEXT(2) 
PARAMETRIC_REPRESENTATION_CONTEXT() REPRESENTATION_CONTEXT('2D SPACE',''
  ) );
#5032 = PCURVE('',#4454,#5033);
#5033 = DEFINITIONAL_REPRESENTATION('',(#5034),#5037);
#5034 = B_SPLINE_CURVE_WITH_KNOTS('',1,(#5035,#5036),.UNSPECIFIED.,.F.,
  .F.,(2,2),(0.,1.569578351624),.PIECEWISE_BEZIER_KNOTS.);
#5035 = CARTESIAN_POINT('',(0.,11.944825564891));
#5036 = CARTESIAN_POINT('',(1.569578351624,11.944825564891));
#5037 = ( GEOMETRIC_REPRESENTATION_CONTEXT(2) 
PARAMETRIC_REPRESENTATION_CONTEXT() REPRESENTATION_CONTEXT('2D SPACE',''
  ) );
#5038 = ORIENTED_EDGE('',*,*,#4985,.T.);
#5039 = ORIENTED_EDGE('',*,*,#4117,.T.);
#5040 = ADVANCED_FACE('',(#5041),#4281,.T.);
#5041 = FACE_BOUND('',#5042,.T.);
#5042 = EDGE_LOOP('',(#5043,#5044,#5045));
#5043 = ORIENTED_EDGE('',*,*,#4267,.F.);
#5044 = ORIENTED_EDGE('',*,*,#4953,.T.);
#5045 = ORIENTED_EDGE('',*,*,#5046,.T.);
#5046 = EDGE_CURVE('',#4924,#4245,#5047,.T.);
#5047 = SURFACE_CURVE('',#5048,(#5058,#5064),.PCURVE_S1.);
#5048 = B_SPLINE_CURVE_WITH_KNOTS('',8,(#5049,#5050,#5051,#5052,#5053,
    #5054,#5055,#5056,#5057),.UNSPECIFIED.,.F.,.F.,(9,9),(0.,1.),
  .PIECEWISE_BEZIER_KNOTS.);
#5049 = CARTESIAN_POINT('',(-7.418439693094,-28.41783052011,
    4.465100503298));
#5050 = CARTESIAN_POINT('',(-7.614517614394,-28.41759170213,
    4.458261651113));
#5051 = CARTESIAN_POINT('',(-7.810595597064,-28.37338719632,
    4.452958112436));
#5052 = CARTESIAN_POINT('',(-7.995171884639,-28.28523144075,
    4.449591033263));
#5053 = CARTESIAN_POINT('',(-8.156747218887,-28.15674721888,
    4.448435466155));
#5054 = CARTESIAN_POINT('',(-8.285231440756,-27.99517188463,
    4.449591033263));
#5055 = CARTESIAN_POINT('',(-8.373387196323,-27.81059559706,
    4.452958112436));
#5056 = CARTESIAN_POINT('',(-8.417591702133,-27.61451761439,
    4.458261651113));
#5057 = CARTESIAN_POINT('',(-8.417830520113,-27.41843969309,
    4.465100503298));
#5058 = PCURVE('',#4281,#5059);
#5059 = DEFINITIONAL_REPRESENTATION('',(#5060),#5063);
#5060 = B_SPLINE_CURVE_WITH_KNOTS('',1,(#5061,#5062),.UNSPECIFIED.,.F.,
  .F.,(2,2),(0.,1.),.PIECEWISE_BEZIER_KNOTS.);
#5061 = CARTESIAN_POINT('',(1.,0.));
#5062 = CARTESIAN_POINT('',(1.,1.));
#5063 = ( GEOMETRIC_REPRESENTATION_CONTEXT(2) 
PARAMETRIC_REPRESENTATION_CONTEXT() REPRESENTATION_CONTEXT('2D SPACE',''
  ) );
#5064 = PCURVE('',#4488,#5065);
#5065 = DEFINITIONAL_REPRESENTATION('',(#5066),#5069);
#5066 = B_SPLINE_CURVE_WITH_KNOTS('',1,(#5067,#5068),.UNSPECIFIED.,.F.,
  .F.,(2,2),(0.,1.),.PIECEWISE_BEZIER_KNOTS.);
#5067 = CARTESIAN_POINT('',(0.,3.485701584709E-02));
#5068 = CARTESIAN_POINT('',(1.569578351624,3.485701584709E-02));
#5069 = ( GEOMETRIC_REPRESENTATION_CONTEXT(2) 
PARAMETRIC_REPRESENTATION_CONTEXT() REPRESENTATION_CONTEXT('2D SPACE',''
  ) );
#5070 = ADVANCED_FACE('',(#5071),#4402,.F.);
#5071 = FACE_BOUND('',#5072,.T.);
#5072 = EDGE_LOOP('',(#5073,#5100,#5128,#5156));
#5073 = ORIENTED_EDGE('',*,*,#5074,.T.);
#5074 = EDGE_CURVE('',#4364,#5075,#5077,.T.);
#5075 = VERTEX_POINT('',#5076);
#5076 = CARTESIAN_POINT('',(7.418439693094,28.417830520113,
    4.465100503298));
#5077 = SURFACE_CURVE('',#5078,(#5088,#5094),.PCURVE_S1.);
#5078 = B_SPLINE_CURVE_WITH_KNOTS('',8,(#5079,#5080,#5081,#5082,#5083,
    #5084,#5085,#5086,#5087),.UNSPECIFIED.,.F.,.F.,(9,9),(0.,1.),
  .PIECEWISE_BEZIER_KNOTS.);
#5079 = CARTESIAN_POINT('',(8.417830520113,27.418439693094,
    4.465100503298));
#5080 = CARTESIAN_POINT('',(8.417591702133,27.614517614394,
    4.458261651113));
#5081 = CARTESIAN_POINT('',(8.373387196323,27.810595597064,
    4.452958112436));
#5082 = CARTESIAN_POINT('',(8.285231440756,27.99517188464,4.449591033263
    ));
#5083 = CARTESIAN_POINT('',(8.156747218887,28.156747218887,
    4.448435466155));
#5084 = CARTESIAN_POINT('',(7.995171884639,28.285231440756,
    4.449591033263));
#5085 = CARTESIAN_POINT('',(7.810595597064,28.373387196323,
    4.452958112436));
#5086 = CARTESIAN_POINT('',(7.614517614394,28.417591702133,
    4.458261651113));
#5087 = CARTESIAN_POINT('',(7.418439693094,28.417830520113,
    4.465100503298));
#5088 = PCURVE('',#4402,#5089);
#5089 = DEFINITIONAL_REPRESENTATION('',(#5090),#5093);
#5090 = B_SPLINE_CURVE_WITH_KNOTS('',1,(#5091,#5092),.UNSPECIFIED.,.F.,
  .F.,(2,2),(0.,1.),.PIECEWISE_BEZIER_KNOTS.);
#5091 = CARTESIAN_POINT('',(0.,3.485701584709E-02));
#5092 = CARTESIAN_POINT('',(-1.569578351624,3.485701584709E-02));
#5093 = ( GEOMETRIC_REPRESENTATION_CONTEXT(2) 
PARAMETRIC_REPRESENTATION_CONTEXT() REPRESENTATION_CONTEXT('2D SPACE',''
  ) );
#5094 = PCURVE('',#4613,#5095);
#5095 = DEFINITIONAL_REPRESENTATION('',(#5096),#5099);
#5096 = B_SPLINE_CURVE_WITH_KNOTS('',1,(#5097,#5098),.UNSPECIFIED.,.F.,
  .F.,(2,2),(0.,1.),.PIECEWISE_BEZIER_KNOTS.);
#5097 = CARTESIAN_POINT('',(1.,0.));
#5098 = CARTESIAN_POINT('',(1.,1.));
#5099 = ( GEOMETRIC_REPRESENTATION_CONTEXT(2) 
PARAMETRIC_REPRESENTATION_CONTEXT() REPRESENTATION_CONTEXT('2D SPACE',''
  ) );
#5100 = ORIENTED_EDGE('',*,*,#5101,.T.);
#5101 = EDGE_CURVE('',#5075,#5102,#5104,.T.);
#5102 = VERTEX_POINT('',#5103);
#5103 = CARTESIAN_POINT('',(7.000609176473,28.000000003492,-7.5));
#5104 = SURFACE_CURVE('',#5105,(#5109,#5116),.PCURVE_S1.);
#5105 = LINE('',#5106,#5107);
#5106 = CARTESIAN_POINT('',(7.419655445251,28.41904627227,4.499915089998
    ));
#5107 = VECTOR('',#5108,1.);
#5108 = DIRECTION('',(-3.487826274237E-02,-3.487826274237E-02,
    -0.998782765959));
#5109 = PCURVE('',#4402,#5110);
#5110 = DEFINITIONAL_REPRESENTATION('',(#5111),#5115);
#5111 = LINE('',#5112,#5113);
#5112 = CARTESIAN_POINT('',(-1.569578351624,0.));
#5113 = VECTOR('',#5114,1.);
#5114 = DIRECTION('',(-0.,1.));
#5115 = ( GEOMETRIC_REPRESENTATION_CONTEXT(2) 
PARAMETRIC_REPRESENTATION_CONTEXT() REPRESENTATION_CONTEXT('2D SPACE',''
  ) );
#5116 = PCURVE('',#5117,#5122);
#5117 = PLANE('',#5118);
#5118 = AXIS2_PLACEMENT_3D('',#5119,#5120,#5121);
#5119 = CARTESIAN_POINT('',(0.,28.00000000349,-7.500000000061));
#5120 = DIRECTION('',(0.,-0.999390827019,3.48994967025E-02));
#5121 = DIRECTION('',(0.,-3.48994967025E-02,-0.999390827019));
#5122 = DEFINITIONAL_REPRESENTATION('',(#5123),#5127);
#5123 = LINE('',#5124,#5125);
#5124 = CARTESIAN_POINT('',(-12.00722956988,7.419655445251));
#5125 = VECTOR('',#5126,1.);
#5126 = DIRECTION('',(0.999391568299,-3.487826274237E-02));
#5127 = ( GEOMETRIC_REPRESENTATION_CONTEXT(2) 
PARAMETRIC_REPRESENTATION_CONTEXT() REPRESENTATION_CONTEXT('2D SPACE',''
  ) );
#5128 = ORIENTED_EDGE('',*,*,#5129,.F.);
#5129 = EDGE_CURVE('',#4387,#5102,#5130,.T.);
#5130 = SURFACE_CURVE('',#5131,(#5136,#5145),.PCURVE_S1.);
#5131 = ELLIPSE('',#5132,1.001218717506,1.);
#5132 = AXIS2_PLACEMENT_3D('',#5133,#5134,#5135);
#5133 = CARTESIAN_POINT('',(6.999390459193,26.999390459193,-7.5));
#5134 = DIRECTION('',(-0.,0.,1.));
#5135 = DIRECTION('',(-0.707106781187,-0.707106781187,-0.));
#5136 = PCURVE('',#4402,#5137);
#5137 = DEFINITIONAL_REPRESENTATION('',(#5138),#5144);
#5138 = B_SPLINE_CURVE_WITH_KNOTS('',4,(#5139,#5140,#5141,#5142,#5143),
  .UNSPECIFIED.,.F.,.F.,(5,5),(2.356803477778,3.926381829402),
  .PIECEWISE_BEZIER_KNOTS.);
#5139 = CARTESIAN_POINT('',(0.,12.014539596586));
#5140 = CARTESIAN_POINT('',(-0.392394587906,12.000845222959));
#5141 = CARTESIAN_POINT('',(-0.784789175812,11.994288219033));
#5142 = CARTESIAN_POINT('',(-1.177183763718,12.000845222959));
#5143 = CARTESIAN_POINT('',(-1.569578351624,12.014539596586));
#5144 = ( GEOMETRIC_REPRESENTATION_CONTEXT(2) 
PARAMETRIC_REPRESENTATION_CONTEXT() REPRESENTATION_CONTEXT('2D SPACE',''
  ) );
#5145 = PCURVE('',#4429,#5146);
#5146 = DEFINITIONAL_REPRESENTATION('',(#5147),#5155);
#5147 = ( BOUNDED_CURVE() B_SPLINE_CURVE(2,(#5148,#5149,#5150,#5151,
#5152,#5153,#5154),.UNSPECIFIED.,.T.,.F.) B_SPLINE_CURVE_WITH_KNOTS((1,2
    ,2,2,2,1),(-2.094395102393,0.,2.094395102393,4.188790204786,
6.28318530718,8.377580409573),.UNSPECIFIED.) CURVE() 
GEOMETRIC_REPRESENTATION_ITEM() RATIONAL_B_SPLINE_CURVE((1.,0.5,1.,0.5,
1.,0.5,1.)) REPRESENTATION_ITEM('') );
#5148 = CARTESIAN_POINT('',(-6.291421914594,56.291421914594));
#5149 = CARTESIAN_POINT('',(-7.516166785986,55.066677043202));
#5150 = CARTESIAN_POINT('',(-7.965747167189,56.741002295797));
#5151 = CARTESIAN_POINT('',(-8.415327548392,58.415327548392));
#5152 = CARTESIAN_POINT('',(-6.741002295797,57.965747167189));
#5153 = CARTESIAN_POINT('',(-5.066677043202,57.516166785986));
#5154 = CARTESIAN_POINT('',(-6.291421914594,56.291421914594));
#5155 = ( GEOMETRIC_REPRESENTATION_CONTEXT(2) 
PARAMETRIC_REPRESENTATION_CONTEXT() REPRESENTATION_CONTEXT('2D SPACE',''
  ) );
#5156 = ORIENTED_EDGE('',*,*,#4386,.F.);
#5157 = ADVANCED_FACE('',(#5158,#5283),#4429,.T.);
#5158 = FACE_BOUND('',#5159,.T.);
#5159 = EDGE_LOOP('',(#5160,#5183,#5211,#5212,#5213,#5234,#5258,#5259));
#5160 = ORIENTED_EDGE('',*,*,#5161,.T.);
#5161 = EDGE_CURVE('',#5162,#5164,#5166,.T.);
#5162 = VERTEX_POINT('',#5163);
#5163 = CARTESIAN_POINT('',(-7.000609176473,-28.00000000349,-7.5));
#5164 = VERTEX_POINT('',#5165);
#5165 = CARTESIAN_POINT('',(7.000609176473,-28.00000000349,-7.5));
#5166 = SURFACE_CURVE('',#5167,(#5171,#5177),.PCURVE_S1.);
#5167 = LINE('',#5168,#5169);
#5168 = CARTESIAN_POINT('',(2.775557561563E-15,-28.00000000349,-7.5));
#5169 = VECTOR('',#5170,1.);
#5170 = DIRECTION('',(1.,-0.,-0.));
#5171 = PCURVE('',#4429,#5172);
#5172 = DEFINITIONAL_REPRESENTATION('',(#5173),#5176);
#5173 = B_SPLINE_CURVE_WITH_KNOTS('',1,(#5174,#5175),.UNSPECIFIED.,.F.,
  .F.,(2,2),(-8.000000003492,8.000000003492),.PIECEWISE_BEZIER_KNOTS.);
#5174 = CARTESIAN_POINT('',(8.000000003492,1.999999996508));
#5175 = CARTESIAN_POINT('',(-8.000000003492,1.999999996508));
#5176 = ( GEOMETRIC_REPRESENTATION_CONTEXT(2) 
PARAMETRIC_REPRESENTATION_CONTEXT() REPRESENTATION_CONTEXT('2D SPACE',''
  ) );
#5177 = PCURVE('',#4941,#5178);
#5178 = DEFINITIONAL_REPRESENTATION('',(#5179),#5182);
#5179 = B_SPLINE_CURVE_WITH_KNOTS('',1,(#5180,#5181),.UNSPECIFIED.,.F.,
  .F.,(2,2),(-8.000000003492,8.000000003492),.PIECEWISE_BEZIER_KNOTS.);
#5180 = CARTESIAN_POINT('',(6.095465274468E-11,-8.000000003492));
#5181 = CARTESIAN_POINT('',(6.095465274468E-11,8.000000003492));
#5182 = ( GEOMETRIC_REPRESENTATION_CONTEXT(2) 
PARAMETRIC_REPRESENTATION_CONTEXT() REPRESENTATION_CONTEXT('2D SPACE',''
  ) );
#5183 = ORIENTED_EDGE('',*,*,#5184,.T.);
#5184 = EDGE_CURVE('',#5164,#4415,#5185,.T.);
#5185 = SURFACE_CURVE('',#5186,(#5191,#5202),.PCURVE_S1.);
#5186 = ELLIPSE('',#5187,1.001218717506,1.);
#5187 = AXIS2_PLACEMENT_3D('',#5188,#5189,#5190);
#5188 = CARTESIAN_POINT('',(6.999390459193,-26.99939045919,-7.5));
#5189 = DIRECTION('',(-0.,0.,1.));
#5190 = DIRECTION('',(0.707106781187,-0.707106781187,0.));
#5191 = PCURVE('',#4429,#5192);
#5192 = DEFINITIONAL_REPRESENTATION('',(#5193),#5201);
#5193 = ( BOUNDED_CURVE() B_SPLINE_CURVE(2,(#5194,#5195,#5196,#5197,
#5198,#5199,#5200),.UNSPECIFIED.,.T.,.F.) B_SPLINE_CURVE_WITH_KNOTS((1,2
    ,2,2,2,1),(-2.094395102393,0.,2.094395102393,4.188790204786,
6.28318530718,8.377580409573),.UNSPECIFIED.) CURVE() 
GEOMETRIC_REPRESENTATION_ITEM() RATIONAL_B_SPLINE_CURVE((1.,0.5,1.,0.5,
1.,0.5,1.)) REPRESENTATION_ITEM('') );
#5194 = CARTESIAN_POINT('',(-7.707359003792,2.292640996208));
#5195 = CARTESIAN_POINT('',(-8.932103875184,3.517385867599));
#5196 = CARTESIAN_POINT('',(-7.257778622589,3.966966248802));
#5197 = CARTESIAN_POINT('',(-5.583453369995,4.416546630005));
#5198 = CARTESIAN_POINT('',(-6.033033751198,2.742221377411));
#5199 = CARTESIAN_POINT('',(-6.482614132401,1.067896124816));
#5200 = CARTESIAN_POINT('',(-7.707359003792,2.292640996208));
#5201 = ( GEOMETRIC_REPRESENTATION_CONTEXT(2) 
PARAMETRIC_REPRESENTATION_CONTEXT() REPRESENTATION_CONTEXT('2D SPACE',''
  ) );
#5202 = PCURVE('',#4454,#5203);
#5203 = DEFINITIONAL_REPRESENTATION('',(#5204),#5210);
#5204 = B_SPLINE_CURVE_WITH_KNOTS('',4,(#5205,#5206,#5207,#5208,#5209),
  .UNSPECIFIED.,.F.,.F.,(5,5),(5.498396131368,7.067974482991),
  .PIECEWISE_BEZIER_KNOTS.);
#5205 = CARTESIAN_POINT('',(0.,-3.485701584709E-02));
#5206 = CARTESIAN_POINT('',(0.392394587906,-2.116264222039E-02));
#5207 = CARTESIAN_POINT('',(0.784789175812,-1.460563829411E-02));
#5208 = CARTESIAN_POINT('',(1.177183763718,-2.116264222039E-02));
#5209 = CARTESIAN_POINT('',(1.569578351624,-3.485701584709E-02));
#5210 = ( GEOMETRIC_REPRESENTATION_CONTEXT(2) 
PARAMETRIC_REPRESENTATION_CONTEXT() REPRESENTATION_CONTEXT('2D SPACE',''
  ) );
#5211 = ORIENTED_EDGE('',*,*,#4414,.T.);
#5212 = ORIENTED_EDGE('',*,*,#5129,.T.);
#5213 = ORIENTED_EDGE('',*,*,#5214,.T.);
#5214 = EDGE_CURVE('',#5102,#5215,#5217,.T.);
#5215 = VERTEX_POINT('',#5216);
#5216 = CARTESIAN_POINT('',(-7.000609176473,28.000000003492,-7.5));
#5217 = SURFACE_CURVE('',#5218,(#5222,#5228),.PCURVE_S1.);
#5218 = LINE('',#5219,#5220);
#5219 = CARTESIAN_POINT('',(0.,28.000000003492,-7.5));
#5220 = VECTOR('',#5221,1.);
#5221 = DIRECTION('',(-1.,-0.,-0.));
#5222 = PCURVE('',#4429,#5223);
#5223 = DEFINITIONAL_REPRESENTATION('',(#5224),#5227);
#5224 = B_SPLINE_CURVE_WITH_KNOTS('',1,(#5225,#5226),.UNSPECIFIED.,.F.,
  .F.,(2,2),(-8.000000003492,8.000000003492),.PIECEWISE_BEZIER_KNOTS.);
#5225 = CARTESIAN_POINT('',(-8.000000003492,58.000000003492));
#5226 = CARTESIAN_POINT('',(8.000000003492,58.000000003492));
#5227 = ( GEOMETRIC_REPRESENTATION_CONTEXT(2) 
PARAMETRIC_REPRESENTATION_CONTEXT() REPRESENTATION_CONTEXT('2D SPACE',''
  ) );
#5228 = PCURVE('',#5117,#5229);
#5229 = DEFINITIONAL_REPRESENTATION('',(#5230),#5233);
#5230 = B_SPLINE_CURVE_WITH_KNOTS('',1,(#5231,#5232),.UNSPECIFIED.,.F.,
  .F.,(2,2),(-8.000000003492,8.000000003492),.PIECEWISE_BEZIER_KNOTS.);
#5231 = CARTESIAN_POINT('',(-6.09547767326E-11,8.000000003492));
#5232 = CARTESIAN_POINT('',(-6.09547767326E-11,-8.000000003492));
#5233 = ( GEOMETRIC_REPRESENTATION_CONTEXT(2) 
PARAMETRIC_REPRESENTATION_CONTEXT() REPRESENTATION_CONTEXT('2D SPACE',''
  ) );
#5234 = ORIENTED_EDGE('',*,*,#5235,.F.);
#5235 = EDGE_CURVE('',#4501,#5215,#5236,.T.);
#5236 = SURFACE_CURVE('',#5237,(#5242,#5249),.PCURVE_S1.);
#5237 = ELLIPSE('',#5238,1.001218717506,1.);
#5238 = AXIS2_PLACEMENT_3D('',#5239,#5240,#5241);
#5239 = CARTESIAN_POINT('',(-6.999390459193,26.999390459193,-7.5));
#5240 = DIRECTION('',(0.,0.,-1.));
#5241 = DIRECTION('',(-0.707106781187,0.707106781187,0.));
#5242 = PCURVE('',#4429,#5243);
#5243 = DEFINITIONAL_REPRESENTATION('',(#5244),#5248);
#5244 = ELLIPSE('',#5245,1.001218717506,1.);
#5245 = AXIS2_PLACEMENT_2D('',#5246,#5247);
#5246 = CARTESIAN_POINT('',(6.999390459193,56.999390459193));
#5247 = DIRECTION('',(0.707106781187,0.707106781187));
#5248 = ( GEOMETRIC_REPRESENTATION_CONTEXT(2) 
PARAMETRIC_REPRESENTATION_CONTEXT() REPRESENTATION_CONTEXT('2D SPACE',''
  ) );
#5249 = PCURVE('',#4537,#5250);
#5250 = DEFINITIONAL_REPRESENTATION('',(#5251),#5257);
#5251 = B_SPLINE_CURVE_WITH_KNOTS('',4,(#5252,#5253,#5254,#5255,#5256),
  .UNSPECIFIED.,.F.,.F.,(5,5),(5.498396131368,7.067974482991),
  .PIECEWISE_BEZIER_KNOTS.);
#5252 = CARTESIAN_POINT('',(0.,-3.485701584709E-02));
#5253 = CARTESIAN_POINT('',(-0.392394587906,-2.116264222039E-02));
#5254 = CARTESIAN_POINT('',(-0.784789175812,-1.460563829411E-02));
#5255 = CARTESIAN_POINT('',(-1.177183763718,-2.116264222039E-02));
#5256 = CARTESIAN_POINT('',(-1.569578351624,-3.485701584709E-02));
#5257 = ( GEOMETRIC_REPRESENTATION_CONTEXT(2) 
PARAMETRIC_REPRESENTATION_CONTEXT() REPRESENTATION_CONTEXT('2D SPACE',''
  ) );
#5258 = ORIENTED_EDGE('',*,*,#4500,.T.);
#5259 = ORIENTED_EDGE('',*,*,#5260,.F.);
#5260 = EDGE_CURVE('',#5162,#4473,#5261,.T.);
#5261 = SURFACE_CURVE('',#5262,(#5267,#5274),.PCURVE_S1.);
#5262 = ELLIPSE('',#5263,1.001218717506,1.);
#5263 = AXIS2_PLACEMENT_3D('',#5264,#5265,#5266);
#5264 = CARTESIAN_POINT('',(-6.999390459193,-26.99939045919,-7.5));
#5265 = DIRECTION('',(0.,0.,-1.));
#5266 = DIRECTION('',(0.707106781187,0.707106781187,0.));
#5267 = PCURVE('',#4429,#5268);
#5268 = DEFINITIONAL_REPRESENTATION('',(#5269),#5273);
#5269 = ELLIPSE('',#5270,1.001218717506,1.);
#5270 = AXIS2_PLACEMENT_2D('',#5271,#5272);
#5271 = CARTESIAN_POINT('',(6.999390459193,3.000609540807));
#5272 = DIRECTION('',(-0.707106781187,0.707106781187));
#5273 = ( GEOMETRIC_REPRESENTATION_CONTEXT(2) 
PARAMETRIC_REPRESENTATION_CONTEXT() REPRESENTATION_CONTEXT('2D SPACE',''
  ) );
#5274 = PCURVE('',#4488,#5275);
#5275 = DEFINITIONAL_REPRESENTATION('',(#5276),#5282);
#5276 = B_SPLINE_CURVE_WITH_KNOTS('',4,(#5277,#5278,#5279,#5280,#5281),
  .UNSPECIFIED.,.F.,.F.,(5,5),(2.356803477778,3.926381829402),
  .PIECEWISE_BEZIER_KNOTS.);
#5277 = CARTESIAN_POINT('',(-8.881784197001E-16,12.014539596586));
#5278 = CARTESIAN_POINT('',(0.392394587906,12.000845222959));
#5279 = CARTESIAN_POINT('',(0.784789175812,11.994288219033));
#5280 = CARTESIAN_POINT('',(1.177183763718,12.000845222959));
#5281 = CARTESIAN_POINT('',(1.569578351624,12.014539596586));
#5282 = ( GEOMETRIC_REPRESENTATION_CONTEXT(2) 
PARAMETRIC_REPRESENTATION_CONTEXT() REPRESENTATION_CONTEXT('2D SPACE',''
  ) );
#5283 = FACE_BOUND('',#5284,.T.);
#5284 = EDGE_LOOP('',(#5285,#5313,#5344,#5370,#5401,#5427,#5458,#5484));
#5285 = ORIENTED_EDGE('',*,*,#5286,.T.);
#5286 = EDGE_CURVE('',#5287,#5289,#5291,.T.);
#5287 = VERTEX_POINT('',#5288);
#5288 = CARTESIAN_POINT('',(9.000609169489,-29.9999999965,-7.5));
#5289 = VERTEX_POINT('',#5290);
#5290 = CARTESIAN_POINT('',(-9.000609169489,-29.9999999965,-7.5));
#5291 = SURFACE_CURVE('',#5292,(#5296,#5302),.PCURVE_S1.);
#5292 = LINE('',#5293,#5294);
#5293 = CARTESIAN_POINT('',(2.081668171172E-15,-29.9999999965,-7.5));
#5294 = VECTOR('',#5295,1.);
#5295 = DIRECTION('',(-1.,-0.,-0.));
#5296 = PCURVE('',#4429,#5297);
#5297 = DEFINITIONAL_REPRESENTATION('',(#5298),#5301);
#5298 = B_SPLINE_CURVE_WITH_KNOTS('',1,(#5299,#5300),.UNSPECIFIED.,.F.,
  .F.,(2,2),(-9.999999996508,9.999999996508),.PIECEWISE_BEZIER_KNOTS.);
#5299 = CARTESIAN_POINT('',(-9.999999996508,3.492083067158E-09));
#5300 = CARTESIAN_POINT('',(9.999999996508,3.492083067158E-09));
#5301 = ( GEOMETRIC_REPRESENTATION_CONTEXT(2) 
PARAMETRIC_REPRESENTATION_CONTEXT() REPRESENTATION_CONTEXT('2D SPACE',''
  ) );
#5302 = PCURVE('',#5303,#5308);
#5303 = PLANE('',#5304);
#5304 = AXIS2_PLACEMENT_3D('',#5305,#5306,#5307);
#5305 = CARTESIAN_POINT('',(4.163336342344E-15,-29.99999999651,
    -7.500000000061));
#5306 = DIRECTION('',(0.,-0.999390827019,3.48994967025E-02));
#5307 = DIRECTION('',(0.,-3.48994967025E-02,-0.999390827019));
#5308 = DEFINITIONAL_REPRESENTATION('',(#5309),#5312);
#5309 = B_SPLINE_CURVE_WITH_KNOTS('',1,(#5310,#5311),.UNSPECIFIED.,.F.,
  .F.,(2,2),(-9.999999996508,9.999999996508),.PIECEWISE_BEZIER_KNOTS.);
#5310 = CARTESIAN_POINT('',(-6.09547767326E-11,9.999999996508));
#5311 = CARTESIAN_POINT('',(-6.09547767326E-11,-9.999999996508));
#5312 = ( GEOMETRIC_REPRESENTATION_CONTEXT(2) 
PARAMETRIC_REPRESENTATION_CONTEXT() REPRESENTATION_CONTEXT('2D SPACE',''
  ) );
#5313 = ORIENTED_EDGE('',*,*,#5314,.T.);
#5314 = EDGE_CURVE('',#5289,#5315,#5317,.T.);
#5315 = VERTEX_POINT('',#5316);
#5316 = CARTESIAN_POINT('',(-9.999999996508,-29.00060916948,-7.5));
#5317 = SURFACE_CURVE('',#5318,(#5323,#5330),.PCURVE_S1.);
#5318 = ELLIPSE('',#5319,1.001218717506,1.);
#5319 = AXIS2_PLACEMENT_3D('',#5320,#5321,#5322);
#5320 = CARTESIAN_POINT('',(-8.999390452209,-28.9993904522,-7.5));
#5321 = DIRECTION('',(0.,0.,-1.));
#5322 = DIRECTION('',(0.707106781187,0.707106781187,0.));
#5323 = PCURVE('',#4429,#5324);
#5324 = DEFINITIONAL_REPRESENTATION('',(#5325),#5329);
#5325 = ELLIPSE('',#5326,1.001218717506,1.);
#5326 = AXIS2_PLACEMENT_2D('',#5327,#5328);
#5327 = CARTESIAN_POINT('',(8.999390452209,1.000609547791));
#5328 = DIRECTION('',(-0.707106781187,0.707106781187));
#5329 = ( GEOMETRIC_REPRESENTATION_CONTEXT(2) 
PARAMETRIC_REPRESENTATION_CONTEXT() REPRESENTATION_CONTEXT('2D SPACE',''
  ) );
#5330 = PCURVE('',#5331,#5336);
#5331 = CYLINDRICAL_SURFACE('',#5332,1.);
#5332 = AXIS2_PLACEMENT_3D('',#5333,#5334,#5335);
#5333 = CARTESIAN_POINT('',(-9.001824921646,-29.00182492164,
    -7.569714083403));
#5334 = DIRECTION('',(3.487826274237E-02,3.487826274237E-02,
    0.998782765959));
#5335 = DIRECTION('',(0.,-0.999390827019,3.48994967025E-02));
#5336 = DEFINITIONAL_REPRESENTATION('',(#5337),#5343);
#5337 = B_SPLINE_CURVE_WITH_KNOTS('',4,(#5338,#5339,#5340,#5341,#5342),
  .UNSPECIFIED.,.F.,.F.,(5,5),(2.356803477778,3.926381829402),
  .PIECEWISE_BEZIER_KNOTS.);
#5338 = CARTESIAN_POINT('',(-1.110223024625E-16,3.485701584709E-02));
#5339 = CARTESIAN_POINT('',(-0.392394587906,2.116264222039E-02));
#5340 = CARTESIAN_POINT('',(-0.784789175812,1.460563829411E-02));
#5341 = CARTESIAN_POINT('',(-1.177183763718,2.116264222039E-02));
#5342 = CARTESIAN_POINT('',(-1.569578351624,3.485701584709E-02));
#5343 = ( GEOMETRIC_REPRESENTATION_CONTEXT(2) 
PARAMETRIC_REPRESENTATION_CONTEXT() REPRESENTATION_CONTEXT('2D SPACE',''
  ) );
#5344 = ORIENTED_EDGE('',*,*,#5345,.T.);
#5345 = EDGE_CURVE('',#5315,#5346,#5348,.T.);
#5346 = VERTEX_POINT('',#5347);
#5347 = CARTESIAN_POINT('',(-9.999999996508,29.000609169489,-7.5));
#5348 = SURFACE_CURVE('',#5349,(#5353,#5359),.PCURVE_S1.);
#5349 = LINE('',#5350,#5351);
#5350 = CARTESIAN_POINT('',(-9.999999996508,-15.,-7.5));
#5351 = VECTOR('',#5352,1.);
#5352 = DIRECTION('',(-1.619075244245E-16,1.,-0.));
#5353 = PCURVE('',#4429,#5354);
#5354 = DEFINITIONAL_REPRESENTATION('',(#5355),#5358);
#5355 = B_SPLINE_CURVE_WITH_KNOTS('',1,(#5356,#5357),.UNSPECIFIED.,.F.,
  .F.,(2,2),(-14.9999999965,44.999999996508),.PIECEWISE_BEZIER_KNOTS.);
#5356 = CARTESIAN_POINT('',(9.999999996508,3.492075961731E-09));
#5357 = CARTESIAN_POINT('',(9.999999996508,59.999999996508));
#5358 = ( GEOMETRIC_REPRESENTATION_CONTEXT(2) 
PARAMETRIC_REPRESENTATION_CONTEXT() REPRESENTATION_CONTEXT('2D SPACE',''
  ) );
#5359 = PCURVE('',#5360,#5365);
#5360 = PLANE('',#5361);
#5361 = AXIS2_PLACEMENT_3D('',#5362,#5363,#5364);
#5362 = CARTESIAN_POINT('',(-10.05665502362,-9.172874621255E-18,
    -9.122387706261));
#5363 = DIRECTION('',(-0.999390827019,-1.618088947352E-16,
    3.48994967025E-02));
#5364 = DIRECTION('',(3.48994967025E-02,5.650491114763E-18,
    0.999390827019));
#5365 = DEFINITIONAL_REPRESENTATION('',(#5366),#5369);
#5366 = B_SPLINE_CURVE_WITH_KNOTS('',1,(#5367,#5368),.UNSPECIFIED.,.F.,
  .F.,(2,2),(-14.9999999965,44.999999996508),.PIECEWISE_BEZIER_KNOTS.);
#5367 = CARTESIAN_POINT('',(1.623376623438,-29.9999999965));
#5368 = CARTESIAN_POINT('',(1.623376623438,29.999999996508));
#5369 = ( GEOMETRIC_REPRESENTATION_CONTEXT(2) 
PARAMETRIC_REPRESENTATION_CONTEXT() REPRESENTATION_CONTEXT('2D SPACE',''
  ) );
#5370 = ORIENTED_EDGE('',*,*,#5371,.T.);
#5371 = EDGE_CURVE('',#5346,#5372,#5374,.T.);
#5372 = VERTEX_POINT('',#5373);
#5373 = CARTESIAN_POINT('',(-9.000609169489,29.999999996508,-7.5));
#5374 = SURFACE_CURVE('',#5375,(#5380,#5387),.PCURVE_S1.);
#5375 = ELLIPSE('',#5376,1.001218717506,1.);
#5376 = AXIS2_PLACEMENT_3D('',#5377,#5378,#5379);
#5377 = CARTESIAN_POINT('',(-8.999390452209,28.999390452209,-7.5));
#5378 = DIRECTION('',(0.,0.,-1.));
#5379 = DIRECTION('',(0.707106781187,-0.707106781187,0.));
#5380 = PCURVE('',#4429,#5381);
#5381 = DEFINITIONAL_REPRESENTATION('',(#5382),#5386);
#5382 = ELLIPSE('',#5383,1.001218717506,1.);
#5383 = AXIS2_PLACEMENT_2D('',#5384,#5385);
#5384 = CARTESIAN_POINT('',(8.999390452209,58.999390452209));
#5385 = DIRECTION('',(-0.707106781187,-0.707106781187));
#5386 = ( GEOMETRIC_REPRESENTATION_CONTEXT(2) 
PARAMETRIC_REPRESENTATION_CONTEXT() REPRESENTATION_CONTEXT('2D SPACE',''
  ) );
#5387 = PCURVE('',#5388,#5393);
#5388 = CYLINDRICAL_SURFACE('',#5389,1.);
#5389 = AXIS2_PLACEMENT_3D('',#5390,#5391,#5392);
#5390 = CARTESIAN_POINT('',(-9.001824921646,29.001824921646,
    -7.569714083403));
#5391 = DIRECTION('',(3.487826274237E-02,-3.487826274237E-02,
    0.998782765959));
#5392 = DIRECTION('',(-0.999390827019,-1.619798045693E-16,
    3.48994967025E-02));
#5393 = DEFINITIONAL_REPRESENTATION('',(#5394),#5400);
#5394 = B_SPLINE_CURVE_WITH_KNOTS('',4,(#5395,#5396,#5397,#5398,#5399),
  .UNSPECIFIED.,.F.,.F.,(5,5),(2.356803477778,3.926381829402),
  .PIECEWISE_BEZIER_KNOTS.);
#5395 = CARTESIAN_POINT('',(-3.441691376338E-15,3.485701584709E-02));
#5396 = CARTESIAN_POINT('',(-0.392394587906,2.116264222039E-02));
#5397 = CARTESIAN_POINT('',(-0.784789175812,1.460563829411E-02));
#5398 = CARTESIAN_POINT('',(-1.177183763718,2.116264222039E-02));
#5399 = CARTESIAN_POINT('',(-1.569578351624,3.485701584709E-02));
#5400 = ( GEOMETRIC_REPRESENTATION_CONTEXT(2) 
PARAMETRIC_REPRESENTATION_CONTEXT() REPRESENTATION_CONTEXT('2D SPACE',''
  ) );
#5401 = ORIENTED_EDGE('',*,*,#5402,.T.);
#5402 = EDGE_CURVE('',#5372,#5403,#5405,.T.);
#5403 = VERTEX_POINT('',#5404);
#5404 = CARTESIAN_POINT('',(9.000609169489,29.999999996508,-7.5));
#5405 = SURFACE_CURVE('',#5406,(#5410,#5416),.PCURVE_S1.);
#5406 = LINE('',#5407,#5408);
#5407 = CARTESIAN_POINT('',(0.,29.999999996508,-7.5));
#5408 = VECTOR('',#5409,1.);
#5409 = DIRECTION('',(1.,-0.,-0.));
#5410 = PCURVE('',#4429,#5411);
#5411 = DEFINITIONAL_REPRESENTATION('',(#5412),#5415);
#5412 = B_SPLINE_CURVE_WITH_KNOTS('',1,(#5413,#5414),.UNSPECIFIED.,.F.,
  .F.,(2,2),(-9.999999996508,9.999999996508),.PIECEWISE_BEZIER_KNOTS.);
#5413 = CARTESIAN_POINT('',(9.999999996508,59.999999996508));
#5414 = CARTESIAN_POINT('',(-9.999999996508,59.999999996508));
#5415 = ( GEOMETRIC_REPRESENTATION_CONTEXT(2) 
PARAMETRIC_REPRESENTATION_CONTEXT() REPRESENTATION_CONTEXT('2D SPACE',''
  ) );
#5416 = PCURVE('',#5417,#5422);
#5417 = PLANE('',#5418);
#5418 = AXIS2_PLACEMENT_3D('',#5419,#5420,#5421);
#5419 = CARTESIAN_POINT('',(0.,29.99999999651,-7.500000000061));
#5420 = DIRECTION('',(0.,0.999390827019,3.48994967025E-02));
#5421 = DIRECTION('',(0.,-3.48994967025E-02,0.999390827019));
#5422 = DEFINITIONAL_REPRESENTATION('',(#5423),#5426);
#5423 = B_SPLINE_CURVE_WITH_KNOTS('',1,(#5424,#5425),.UNSPECIFIED.,.F.,
  .F.,(2,2),(-9.999999996508,9.999999996508),.PIECEWISE_BEZIER_KNOTS.);
#5424 = CARTESIAN_POINT('',(6.095452875676E-11,-9.999999996508));
#5425 = CARTESIAN_POINT('',(6.095452875676E-11,9.999999996508));
#5426 = ( GEOMETRIC_REPRESENTATION_CONTEXT(2) 
PARAMETRIC_REPRESENTATION_CONTEXT() REPRESENTATION_CONTEXT('2D SPACE',''
  ) );
#5427 = ORIENTED_EDGE('',*,*,#5428,.T.);
#5428 = EDGE_CURVE('',#5403,#5429,#5431,.T.);
#5429 = VERTEX_POINT('',#5430);
#5430 = CARTESIAN_POINT('',(9.999999996508,29.000609169489,-7.5));
#5431 = SURFACE_CURVE('',#5432,(#5437,#5444),.PCURVE_S1.);
#5432 = ELLIPSE('',#5433,1.001218717506,1.);
#5433 = AXIS2_PLACEMENT_3D('',#5434,#5435,#5436);
#5434 = CARTESIAN_POINT('',(8.999390452209,28.999390452209,-7.5));
#5435 = DIRECTION('',(0.,0.,-1.));
#5436 = DIRECTION('',(0.707106781187,0.707106781187,0.));
#5437 = PCURVE('',#4429,#5438);
#5438 = DEFINITIONAL_REPRESENTATION('',(#5439),#5443);
#5439 = ELLIPSE('',#5440,1.001218717506,1.);
#5440 = AXIS2_PLACEMENT_2D('',#5441,#5442);
#5441 = CARTESIAN_POINT('',(-8.999390452209,58.999390452209));
#5442 = DIRECTION('',(-0.707106781187,0.707106781187));
#5443 = ( GEOMETRIC_REPRESENTATION_CONTEXT(2) 
PARAMETRIC_REPRESENTATION_CONTEXT() REPRESENTATION_CONTEXT('2D SPACE',''
  ) );
#5444 = PCURVE('',#5445,#5450);
#5445 = CYLINDRICAL_SURFACE('',#5446,1.);
#5446 = AXIS2_PLACEMENT_3D('',#5447,#5448,#5449);
#5447 = CARTESIAN_POINT('',(8.511715431482,28.511715431482,
    6.465185413299));
#5448 = DIRECTION('',(3.487826274237E-02,3.487826274237E-02,
    -0.998782765959));
#5449 = DIRECTION('',(0.,0.999390827019,3.48994967025E-02));
#5450 = DEFINITIONAL_REPRESENTATION('',(#5451),#5457);
#5451 = B_SPLINE_CURVE_WITH_KNOTS('',4,(#5452,#5453,#5454,#5455,#5456),
  .UNSPECIFIED.,.F.,.F.,(5,5),(5.498396131368,7.067974482991),
  .PIECEWISE_BEZIER_KNOTS.);
#5452 = CARTESIAN_POINT('',(1.7763568394E-15,14.017147058563));
#5453 = CARTESIAN_POINT('',(0.392394587906,14.03084143219));
#5454 = CARTESIAN_POINT('',(0.784789175812,14.037398436116));
#5455 = CARTESIAN_POINT('',(1.177183763718,14.03084143219));
#5456 = CARTESIAN_POINT('',(1.569578351624,14.017147058563));
#5457 = ( GEOMETRIC_REPRESENTATION_CONTEXT(2) 
PARAMETRIC_REPRESENTATION_CONTEXT() REPRESENTATION_CONTEXT('2D SPACE',''
  ) );
#5458 = ORIENTED_EDGE('',*,*,#5459,.T.);
#5459 = EDGE_CURVE('',#5429,#5460,#5462,.T.);
#5460 = VERTEX_POINT('',#5461);
#5461 = CARTESIAN_POINT('',(9.999999996508,-29.00060916948,-7.5));
#5462 = SURFACE_CURVE('',#5463,(#5467,#5473),.PCURVE_S1.);
#5463 = LINE('',#5464,#5465);
#5464 = CARTESIAN_POINT('',(9.999999996508,-15.,-7.5));
#5465 = VECTOR('',#5466,1.);
#5466 = DIRECTION('',(0.,-1.,-0.));
#5467 = PCURVE('',#4429,#5468);
#5468 = DEFINITIONAL_REPRESENTATION('',(#5469),#5472);
#5469 = B_SPLINE_CURVE_WITH_KNOTS('',1,(#5470,#5471),.UNSPECIFIED.,.F.,
  .F.,(2,2),(-44.9999999965,14.999999996508),.PIECEWISE_BEZIER_KNOTS.);
#5470 = CARTESIAN_POINT('',(-9.999999996508,59.999999996508));
#5471 = CARTESIAN_POINT('',(-9.999999996508,3.492075961731E-09));
#5472 = ( GEOMETRIC_REPRESENTATION_CONTEXT(2) 
PARAMETRIC_REPRESENTATION_CONTEXT() REPRESENTATION_CONTEXT('2D SPACE',''
  ) );
#5473 = PCURVE('',#5474,#5479);
#5474 = PLANE('',#5475);
#5475 = AXIS2_PLACEMENT_3D('',#5476,#5477,#5478);
#5476 = CARTESIAN_POINT('',(10.056655023625,0.,-9.122387706261));
#5477 = DIRECTION('',(0.999390827019,0.,3.48994967025E-02));
#5478 = DIRECTION('',(3.48994967025E-02,0.,-0.999390827019));
#5479 = DEFINITIONAL_REPRESENTATION('',(#5480),#5483);
#5480 = B_SPLINE_CURVE_WITH_KNOTS('',1,(#5481,#5482),.UNSPECIFIED.,.F.,
  .F.,(2,2),(-44.9999999965,14.999999996508),.PIECEWISE_BEZIER_KNOTS.);
#5481 = CARTESIAN_POINT('',(-1.623376623438,29.999999996508));
#5482 = CARTESIAN_POINT('',(-1.623376623438,-29.9999999965));
#5483 = ( GEOMETRIC_REPRESENTATION_CONTEXT(2) 
PARAMETRIC_REPRESENTATION_CONTEXT() REPRESENTATION_CONTEXT('2D SPACE',''
  ) );
#5484 = ORIENTED_EDGE('',*,*,#5485,.F.);
#5485 = EDGE_CURVE('',#5287,#5460,#5486,.T.);
#5486 = SURFACE_CURVE('',#5487,(#5492,#5503),.PCURVE_S1.);
#5487 = ELLIPSE('',#5488,1.001218717506,1.);
#5488 = AXIS2_PLACEMENT_3D('',#5489,#5490,#5491);
#5489 = CARTESIAN_POINT('',(8.999390452209,-28.9993904522,-7.5));
#5490 = DIRECTION('',(0.,-0.,1.));
#5491 = DIRECTION('',(-0.707106781187,0.707106781187,0.));
#5492 = PCURVE('',#4429,#5493);
#5493 = DEFINITIONAL_REPRESENTATION('',(#5494),#5502);
#5494 = ( BOUNDED_CURVE() B_SPLINE_CURVE(2,(#5495,#5496,#5497,#5498,
#5499,#5500,#5501),.UNSPECIFIED.,.T.,.F.) B_SPLINE_CURVE_WITH_KNOTS((1,2
    ,2,2,2,1),(-2.094395102393,0.,2.094395102393,4.188790204786,
6.28318530718,8.377580409573),.UNSPECIFIED.) CURVE() 
GEOMETRIC_REPRESENTATION_ITEM() RATIONAL_B_SPLINE_CURVE((1.,0.5,1.,0.5,
1.,0.5,1.)) REPRESENTATION_ITEM('') );
#5495 = CARTESIAN_POINT('',(-8.29142190761,1.70857809239));
#5496 = CARTESIAN_POINT('',(-7.066677036218,0.483833220998));
#5497 = CARTESIAN_POINT('',(-8.741002288813,3.425283979551E-02));
#5498 = CARTESIAN_POINT('',(-10.4153275414,-0.415327541407));
#5499 = CARTESIAN_POINT('',(-9.965747160204,1.258997711187));
#5500 = CARTESIAN_POINT('',(-9.516166779002,2.933322963782));
#5501 = CARTESIAN_POINT('',(-8.29142190761,1.70857809239));
#5502 = ( GEOMETRIC_REPRESENTATION_CONTEXT(2) 
PARAMETRIC_REPRESENTATION_CONTEXT() REPRESENTATION_CONTEXT('2D SPACE',''
  ) );
#5503 = PCURVE('',#5504,#5509);
#5504 = CYLINDRICAL_SURFACE('',#5505,1.);
#5505 = AXIS2_PLACEMENT_3D('',#5506,#5507,#5508);
#5506 = CARTESIAN_POINT('',(9.001824921646,-29.00182492164,
    -7.569714083403));
#5507 = DIRECTION('',(-3.487826274237E-02,3.487826274237E-02,
    0.998782765959));
#5508 = DIRECTION('',(0.,-0.999390827019,3.48994967025E-02));
#5509 = DEFINITIONAL_REPRESENTATION('',(#5510),#5516);
#5510 = B_SPLINE_CURVE_WITH_KNOTS('',4,(#5511,#5512,#5513,#5514,#5515),
  .UNSPECIFIED.,.F.,.F.,(5,5),(2.356803477778,3.926381829402),
  .PIECEWISE_BEZIER_KNOTS.);
#5511 = CARTESIAN_POINT('',(1.110223024625E-16,3.485701584709E-02));
#5512 = CARTESIAN_POINT('',(0.392394587906,2.116264222039E-02));
#5513 = CARTESIAN_POINT('',(0.784789175812,1.460563829411E-02));
#5514 = CARTESIAN_POINT('',(1.177183763718,2.116264222039E-02));
#5515 = CARTESIAN_POINT('',(1.569578351624,3.485701584709E-02));
#5516 = ( GEOMETRIC_REPRESENTATION_CONTEXT(2) 
PARAMETRIC_REPRESENTATION_CONTEXT() REPRESENTATION_CONTEXT('2D SPACE',''
  ) );
#5517 = ADVANCED_FACE('',(#5518),#4454,.F.);
#5518 = FACE_BOUND('',#5519,.F.);
#5519 = EDGE_LOOP('',(#5520,#5521,#5522,#5523));
#5520 = ORIENTED_EDGE('',*,*,#5184,.T.);
#5521 = ORIENTED_EDGE('',*,*,#4440,.T.);
#5522 = ORIENTED_EDGE('',*,*,#5019,.F.);
#5523 = ORIENTED_EDGE('',*,*,#5524,.F.);
#5524 = EDGE_CURVE('',#5164,#4926,#5525,.T.);
#5525 = SURFACE_CURVE('',#5526,(#5530,#5537),.PCURVE_S1.);
#5526 = LINE('',#5527,#5528);
#5527 = CARTESIAN_POINT('',(7.00182492863,-28.00121575564,
    -7.465185413299));
#5528 = VECTOR('',#5529,1.);
#5529 = DIRECTION('',(3.487826274237E-02,-3.487826274237E-02,
    0.998782765959));
#5530 = PCURVE('',#4454,#5531);
#5531 = DEFINITIONAL_REPRESENTATION('',(#5532),#5536);
#5532 = LINE('',#5533,#5534);
#5533 = CARTESIAN_POINT('',(0.,0.));
#5534 = VECTOR('',#5535,1.);
#5535 = DIRECTION('',(0.,1.));
#5536 = ( GEOMETRIC_REPRESENTATION_CONTEXT(2) 
PARAMETRIC_REPRESENTATION_CONTEXT() REPRESENTATION_CONTEXT('2D SPACE',''
  ) );
#5537 = PCURVE('',#4941,#5538);
#5538 = DEFINITIONAL_REPRESENTATION('',(#5539),#5543);
#5539 = LINE('',#5540,#5541);
#5540 = CARTESIAN_POINT('',(3.483580779462E-02,7.00182492863));
#5541 = VECTOR('',#5542,1.);
#5542 = DIRECTION('',(0.999391568299,3.487826274237E-02));
#5543 = ( GEOMETRIC_REPRESENTATION_CONTEXT(2) 
PARAMETRIC_REPRESENTATION_CONTEXT() REPRESENTATION_CONTEXT('2D SPACE',''
  ) );
#5544 = ADVANCED_FACE('',(#5545),#4488,.F.);
#5545 = FACE_BOUND('',#5546,.F.);
#5546 = EDGE_LOOP('',(#5547,#5548,#5549,#5550));
#5547 = ORIENTED_EDGE('',*,*,#5046,.T.);
#5548 = ORIENTED_EDGE('',*,*,#4472,.T.);
#5549 = ORIENTED_EDGE('',*,*,#5260,.F.);
#5550 = ORIENTED_EDGE('',*,*,#5551,.F.);
#5551 = EDGE_CURVE('',#4924,#5162,#5552,.T.);
#5552 = SURFACE_CURVE('',#5553,(#5557,#5564),.PCURVE_S1.);
#5553 = LINE('',#5554,#5555);
#5554 = CARTESIAN_POINT('',(-7.419655445251,-28.41904627227,
    4.499915089998));
#5555 = VECTOR('',#5556,1.);
#5556 = DIRECTION('',(3.487826274237E-02,3.487826274237E-02,
    -0.998782765959));
#5557 = PCURVE('',#4488,#5558);
#5558 = DEFINITIONAL_REPRESENTATION('',(#5559),#5563);
#5559 = LINE('',#5560,#5561);
#5560 = CARTESIAN_POINT('',(0.,0.));
#5561 = VECTOR('',#5562,1.);
#5562 = DIRECTION('',(0.,1.));
#5563 = ( GEOMETRIC_REPRESENTATION_CONTEXT(2) 
PARAMETRIC_REPRESENTATION_CONTEXT() REPRESENTATION_CONTEXT('2D SPACE',''
  ) );
#5564 = PCURVE('',#4941,#5565);
#5565 = DEFINITIONAL_REPRESENTATION('',(#5566),#5570);
#5566 = LINE('',#5567,#5568);
#5567 = CARTESIAN_POINT('',(12.007229569889,-7.419655445251));
#5568 = VECTOR('',#5569,1.);
#5569 = DIRECTION('',(-0.999391568299,3.487826274237E-02));
#5570 = ( GEOMETRIC_REPRESENTATION_CONTEXT(2) 
PARAMETRIC_REPRESENTATION_CONTEXT() REPRESENTATION_CONTEXT('2D SPACE',''
  ) );
#5571 = ADVANCED_FACE('',(#5572),#4537,.F.);
#5572 = FACE_BOUND('',#5573,.T.);
#5573 = EDGE_LOOP('',(#5574,#5575,#5598,#5618));
#5574 = ORIENTED_EDGE('',*,*,#5235,.T.);
#5575 = ORIENTED_EDGE('',*,*,#5576,.T.);
#5576 = EDGE_CURVE('',#5215,#5577,#5579,.T.);
#5577 = VERTEX_POINT('',#5578);
#5578 = CARTESIAN_POINT('',(-7.418439693094,28.417830520113,
    4.465100503298));
#5579 = SURFACE_CURVE('',#5580,(#5584,#5591),.PCURVE_S1.);
#5580 = LINE('',#5581,#5582);
#5581 = CARTESIAN_POINT('',(-7.00182492863,28.001215755649,
    -7.465185413299));
#5582 = VECTOR('',#5583,1.);
#5583 = DIRECTION('',(-3.487826274237E-02,3.487826274237E-02,
    0.998782765959));
#5584 = PCURVE('',#4537,#5585);
#5585 = DEFINITIONAL_REPRESENTATION('',(#5586),#5590);
#5586 = LINE('',#5587,#5588);
#5587 = CARTESIAN_POINT('',(-1.569578351624,0.));
#5588 = VECTOR('',#5589,1.);
#5589 = DIRECTION('',(-0.,1.));
#5590 = ( GEOMETRIC_REPRESENTATION_CONTEXT(2) 
PARAMETRIC_REPRESENTATION_CONTEXT() REPRESENTATION_CONTEXT('2D SPACE',''
  ) );
#5591 = PCURVE('',#5117,#5592);
#5592 = DEFINITIONAL_REPRESENTATION('',(#5593),#5597);
#5593 = LINE('',#5594,#5595);
#5594 = CARTESIAN_POINT('',(-3.483580779462E-02,-7.00182492863));
#5595 = VECTOR('',#5596,1.);
#5596 = DIRECTION('',(-0.999391568299,-3.487826274237E-02));
#5597 = ( GEOMETRIC_REPRESENTATION_CONTEXT(2) 
PARAMETRIC_REPRESENTATION_CONTEXT() REPRESENTATION_CONTEXT('2D SPACE',''
  ) );
#5598 = ORIENTED_EDGE('',*,*,#5599,.F.);
#5599 = EDGE_CURVE('',#4522,#5577,#5600,.T.);
#5600 = SURFACE_CURVE('',#5601,(#5606,#5612),.PCURVE_S1.);
#5601 = CIRCLE('',#5602,1.);
#5602 = AXIS2_PLACEMENT_3D('',#5603,#5604,#5605);
#5603 = CARTESIAN_POINT('',(-7.418439693094,27.418439693094,4.5));
#5604 = DIRECTION('',(3.487826274237E-02,-3.487826274237E-02,
    -0.998782765959));
#5605 = DIRECTION('',(-0.999390827019,-3.71664504728E-16,
    -3.48994967025E-02));
#5606 = PCURVE('',#4537,#5607);
#5607 = DEFINITIONAL_REPRESENTATION('',(#5608),#5611);
#5608 = B_SPLINE_CURVE_WITH_KNOTS('',1,(#5609,#5610),.UNSPECIFIED.,.F.,
  .F.,(2,2),(0.,1.569578351624),.PIECEWISE_BEZIER_KNOTS.);
#5609 = CARTESIAN_POINT('',(0.,11.944825564891));
#5610 = CARTESIAN_POINT('',(-1.569578351624,11.944825564891));
#5611 = ( GEOMETRIC_REPRESENTATION_CONTEXT(2) 
PARAMETRIC_REPRESENTATION_CONTEXT() REPRESENTATION_CONTEXT('2D SPACE',''
  ) );
#5612 = PCURVE('',#4717,#5613);
#5613 = DEFINITIONAL_REPRESENTATION('',(#5614),#5617);
#5614 = B_SPLINE_CURVE_WITH_KNOTS('',1,(#5615,#5616),.UNSPECIFIED.,.F.,
  .F.,(2,2),(0.,1.569578351624),.PIECEWISE_BEZIER_KNOTS.);
#5615 = CARTESIAN_POINT('',(0.,0.));
#5616 = CARTESIAN_POINT('',(0.,1.));
#5617 = ( GEOMETRIC_REPRESENTATION_CONTEXT(2) 
PARAMETRIC_REPRESENTATION_CONTEXT() REPRESENTATION_CONTEXT('2D SPACE',''
  ) );
#5618 = ORIENTED_EDGE('',*,*,#4521,.F.);
#5619 = ADVANCED_FACE('',(#5620),#4613,.F.);
#5620 = FACE_BOUND('',#5621,.F.);
#5621 = EDGE_LOOP('',(#5622,#5623,#5624));
#5622 = ORIENTED_EDGE('',*,*,#4599,.F.);
#5623 = ORIENTED_EDGE('',*,*,#5074,.T.);
#5624 = ORIENTED_EDGE('',*,*,#5625,.F.);
#5625 = EDGE_CURVE('',#4577,#5075,#5626,.T.);
#5626 = SURFACE_CURVE('',#5627,(#5636,#5643),.PCURVE_S1.);
#5627 = B_SPLINE_CURVE_WITH_KNOTS('',7,(#5628,#5629,#5630,#5631,#5632,
    #5633,#5634,#5635),.UNSPECIFIED.,.F.,.F.,(8,8),(0.,1.),
  .PIECEWISE_BEZIER_KNOTS.);
#5628 = CARTESIAN_POINT('',(7.418439693094,27.418439693094,5.5));
#5629 = CARTESIAN_POINT('',(7.418439693094,27.647826011095,5.5));
#5630 = CARTESIAN_POINT('',(7.418438319853,27.877204318683,
    5.438530242496));
#5631 = CARTESIAN_POINT('',(7.418424737547,28.086894052945,
    5.316117716461));
#5632 = CARTESIAN_POINT('',(7.418435729736,28.257103340096,5.13916809369
    ));
#5633 = CARTESIAN_POINT('',(7.418421428882,28.372499706004,
    4.926052734353));
#5634 = CARTESIAN_POINT('',(7.418439693094,28.425831864377,
    4.694229024237));
#5635 = CARTESIAN_POINT('',(7.418439693094,28.417830520113,
    4.465100503298));
#5636 = PCURVE('',#4613,#5637);
#5637 = DEFINITIONAL_REPRESENTATION('',(#5638),#5642);
#5638 = LINE('',#5639,#5640);
#5639 = CARTESIAN_POINT('',(0.,1.));
#5640 = VECTOR('',#5641,1.);
#5641 = DIRECTION('',(1.,0.));
#5642 = ( GEOMETRIC_REPRESENTATION_CONTEXT(2) 
PARAMETRIC_REPRESENTATION_CONTEXT() REPRESENTATION_CONTEXT('2D SPACE',''
  ) );
#5643 = PCURVE('',#4838,#5644);
#5644 = DEFINITIONAL_REPRESENTATION('',(#5645),#5654);
#5645 = B_SPLINE_CURVE_WITH_KNOTS('',7,(#5646,#5647,#5648,#5649,#5650,
    #5651,#5652,#5653),.UNSPECIFIED.,.F.,.F.,(8,8),(0.,1.),
  .PIECEWISE_BEZIER_KNOTS.);
#5646 = CARTESIAN_POINT('',(-1.110223024625E-16,1.035530313791));
#5647 = CARTESIAN_POINT('',(0.229386318001,1.035530313791));
#5648 = CARTESIAN_POINT('',(0.458827719094,1.035537021345));
#5649 = CARTESIAN_POINT('',(0.687934792717,1.035542391151));
#5650 = CARTESIAN_POINT('',(0.917899711319,1.035542378451));
#5651 = CARTESIAN_POINT('',(1.146629513348,1.035537027665));
#5652 = CARTESIAN_POINT('',(1.376434726911,1.035530313791));
#5653 = CARTESIAN_POINT('',(1.605702911835,1.035530313791));
#5654 = ( GEOMETRIC_REPRESENTATION_CONTEXT(2) 
PARAMETRIC_REPRESENTATION_CONTEXT() REPRESENTATION_CONTEXT('2D SPACE',''
  ) );
#5655 = ADVANCED_FACE('',(#5656),#4717,.F.);
#5656 = FACE_BOUND('',#5657,.F.);
#5657 = EDGE_LOOP('',(#5658,#5659,#5660));
#5658 = ORIENTED_EDGE('',*,*,#5599,.F.);
#5659 = ORIENTED_EDGE('',*,*,#4696,.T.);
#5660 = ORIENTED_EDGE('',*,*,#5661,.F.);
#5661 = EDGE_CURVE('',#5577,#4697,#5662,.T.);
#5662 = SURFACE_CURVE('',#5663,(#5672,#5679),.PCURVE_S1.);
#5663 = B_SPLINE_CURVE_WITH_KNOTS('',7,(#5664,#5665,#5666,#5667,#5668,
    #5669,#5670,#5671),.UNSPECIFIED.,.F.,.F.,(8,8),(0.,1.),
  .PIECEWISE_BEZIER_KNOTS.);
#5664 = CARTESIAN_POINT('',(-7.418439693094,28.417830520113,
    4.465100503298));
#5665 = CARTESIAN_POINT('',(-7.418439693105,28.425831864379,
    4.694229024286));
#5666 = CARTESIAN_POINT('',(-7.418421428853,28.372499705998,
    4.926052734223));
#5667 = CARTESIAN_POINT('',(-7.418435729773,28.257103340103,
    5.139168093854));
#5668 = CARTESIAN_POINT('',(-7.418424737522,28.08689405294,
    5.316117716351));
#5669 = CARTESIAN_POINT('',(-7.41843831986,27.877204318685,
    5.438530242529));
#5670 = CARTESIAN_POINT('',(-7.418439693094,27.647826011095,5.5));
#5671 = CARTESIAN_POINT('',(-7.418439693094,27.418439693094,5.5));
#5672 = PCURVE('',#4717,#5673);
#5673 = DEFINITIONAL_REPRESENTATION('',(#5674),#5678);
#5674 = LINE('',#5675,#5676);
#5675 = CARTESIAN_POINT('',(0.,1.));
#5676 = VECTOR('',#5677,1.);
#5677 = DIRECTION('',(1.,0.));
#5678 = ( GEOMETRIC_REPRESENTATION_CONTEXT(2) 
PARAMETRIC_REPRESENTATION_CONTEXT() REPRESENTATION_CONTEXT('2D SPACE',''
  ) );
#5679 = PCURVE('',#4838,#5680);
#5680 = DEFINITIONAL_REPRESENTATION('',(#5681),#5690);
#5681 = B_SPLINE_CURVE_WITH_KNOTS('',7,(#5682,#5683,#5684,#5685,#5686,
    #5687,#5688,#5689),.UNSPECIFIED.,.F.,.F.,(8,8),(0.,1.),
  .PIECEWISE_BEZIER_KNOTS.);
#5682 = CARTESIAN_POINT('',(1.605702911835,15.872409699979));
#5683 = CARTESIAN_POINT('',(1.376434726863,15.872409699989));
#5684 = CARTESIAN_POINT('',(1.146629513471,15.872402986111));
#5685 = CARTESIAN_POINT('',(0.917899711174,15.872397635318));
#5686 = CARTESIAN_POINT('',(0.687934792806,15.872397622612));
#5687 = CARTESIAN_POINT('',(0.45882771907,15.87240299242));
#5688 = CARTESIAN_POINT('',(0.229386318001,15.872409699979));
#5689 = CARTESIAN_POINT('',(-7.993605777301E-15,15.872409699979));
#5690 = ( GEOMETRIC_REPRESENTATION_CONTEXT(2) 
PARAMETRIC_REPRESENTATION_CONTEXT() REPRESENTATION_CONTEXT('2D SPACE',''
  ) );
#5691 = ADVANCED_FACE('',(#5692),#4838,.F.);
#5692 = FACE_BOUND('',#5693,.F.);
#5693 = EDGE_LOOP('',(#5694,#5695,#5696,#5717));
#5694 = ORIENTED_EDGE('',*,*,#4824,.F.);
#5695 = ORIENTED_EDGE('',*,*,#5625,.T.);
#5696 = ORIENTED_EDGE('',*,*,#5697,.T.);
#5697 = EDGE_CURVE('',#5075,#5577,#5698,.T.);
#5698 = SURFACE_CURVE('',#5699,(#5703,#5710),.PCURVE_S1.);
#5699 = LINE('',#5700,#5701);
#5700 = CARTESIAN_POINT('',(8.453970006885,28.417830520113,
    4.465100503298));
#5701 = VECTOR('',#5702,1.);
#5702 = DIRECTION('',(-1.,-0.,-0.));
#5703 = PCURVE('',#4838,#5704);
#5704 = DEFINITIONAL_REPRESENTATION('',(#5705),#5709);
#5705 = LINE('',#5706,#5707);
#5706 = CARTESIAN_POINT('',(1.605702911835,0.));
#5707 = VECTOR('',#5708,1.);
#5708 = DIRECTION('',(0.,1.));
#5709 = ( GEOMETRIC_REPRESENTATION_CONTEXT(2) 
PARAMETRIC_REPRESENTATION_CONTEXT() REPRESENTATION_CONTEXT('2D SPACE',''
  ) );
#5710 = PCURVE('',#5117,#5711);
#5711 = DEFINITIONAL_REPRESENTATION('',(#5712),#5716);
#5712 = LINE('',#5713,#5714);
#5713 = CARTESIAN_POINT('',(-11.97239376215,8.453970006885));
#5714 = VECTOR('',#5715,1.);
#5715 = DIRECTION('',(0.,-1.));
#5716 = ( GEOMETRIC_REPRESENTATION_CONTEXT(2) 
PARAMETRIC_REPRESENTATION_CONTEXT() REPRESENTATION_CONTEXT('2D SPACE',''
  ) );
#5717 = ORIENTED_EDGE('',*,*,#5661,.T.);
#5718 = ADVANCED_FACE('',(#5719),#4873,.F.);
#5719 = FACE_BOUND('',#5720,.T.);
#5720 = EDGE_LOOP('',(#5721,#5857,#5878,#5879,#5880,#5919,#6109));
#5721 = ORIENTED_EDGE('',*,*,#5722,.F.);
#5722 = EDGE_CURVE('',#5723,#5725,#5727,.T.);
#5723 = VERTEX_POINT('',#5724);
#5724 = CARTESIAN_POINT('',(1.5,-15.,1.759360248912));
#5725 = VERTEX_POINT('',#5726);
#5726 = CARTESIAN_POINT('',(1.17882974603,-14.07244384004,2.759360248912
    ));
#5727 = SURFACE_CURVE('',#5728,(#5738,#5751),.PCURVE_S1.);
#5728 = B_SPLINE_CURVE_WITH_KNOTS('',8,(#5729,#5730,#5731,#5732,#5733,
    #5734,#5735,#5736,#5737),.UNSPECIFIED.,.F.,.F.,(9,9),(0.,1.),
  .PIECEWISE_BEZIER_KNOTS.);
#5729 = CARTESIAN_POINT('',(1.5,-15.,1.759360248912));
#5730 = CARTESIAN_POINT('',(1.5,-15.,1.927873573025));
#5731 = CARTESIAN_POINT('',(1.499527124626,-14.98992163876,
    2.096307105813));
#5732 = CARTESIAN_POINT('',(1.502259388507,-14.95106554158,
    2.264964705239));
#5733 = CARTESIAN_POINT('',(1.494103057284,-14.86994344661,
    2.429101548095));
#5734 = CARTESIAN_POINT('',(1.503523632163,-14.72596675961,
    2.585751015875));
#5735 = CARTESIAN_POINT('',(1.45352731695,-14.49928209876,2.70168427542)
  );
#5736 = CARTESIAN_POINT('',(1.335136649435,-14.27109405142,
    2.759360248912));
#5737 = CARTESIAN_POINT('',(1.17882974603,-14.07244384004,2.759360248912
    ));
#5738 = PCURVE('',#4873,#5739);
#5739 = DEFINITIONAL_REPRESENTATION('',(#5740),#5750);
#5740 = B_SPLINE_CURVE_WITH_KNOTS('',8,(#5741,#5742,#5743,#5744,#5745,
    #5746,#5747,#5748,#5749),.UNSPECIFIED.,.F.,.F.,(9,9),(0.,1.),
  .PIECEWISE_BEZIER_KNOTS.);
#5741 = CARTESIAN_POINT('',(0.,-9.259360248912));
#5742 = CARTESIAN_POINT('',(7.785795820618E-17,-9.427873573025));
#5743 = CARTESIAN_POINT('',(-6.812694014251E-03,-9.596298567716));
#5744 = CARTESIAN_POINT('',(-3.232253287233E-02,-9.765012591153));
#5745 = CARTESIAN_POINT('',(-8.693075822187E-02,-9.929004776461));
#5746 = CARTESIAN_POINT('',(-0.183616319222,-10.08583953015));
#5747 = CARTESIAN_POINT('',(-0.329752216167,-10.2016518292));
#5748 = CARTESIAN_POINT('',(-0.498153141539,-10.25936024891));
#5749 = CARTESIAN_POINT('',(-0.666667901241,-10.25936024891));
#5750 = ( GEOMETRIC_REPRESENTATION_CONTEXT(2) 
PARAMETRIC_REPRESENTATION_CONTEXT() REPRESENTATION_CONTEXT('2D SPACE',''
  ) );
#5751 = PCURVE('',#5752,#5834);
#5752 = B_SPLINE_SURFACE_WITH_KNOTS('',8,8,(
    (#5753,#5754,#5755,#5756,#5757,#5758,#5759,#5760,#5761)
    ,(#5762,#5763,#5764,#5765,#5766,#5767,#5768,#5769,#5770)
    ,(#5771,#5772,#5773,#5774,#5775,#5776,#5777,#5778,#5779)
    ,(#5780,#5781,#5782,#5783,#5784,#5785,#5786,#5787,#5788)
    ,(#5789,#5790,#5791,#5792,#5793,#5794,#5795,#5796,#5797)
    ,(#5798,#5799,#5800,#5801,#5802,#5803,#5804,#5805,#5806)
    ,(#5807,#5808,#5809,#5810,#5811,#5812,#5813,#5814,#5815)
    ,(#5816,#5817,#5818,#5819,#5820,#5821,#5822,#5823,#5824)
    ,(#5825,#5826,#5827,#5828,#5829,#5830,#5831,#5832,#5833
  )),.UNSPECIFIED.,.F.,.F.,.F.,(9,9),(9,9),(-0.849982176353,
    0.978336530738),(-0.547002084471,0.354721377253),
  .PIECEWISE_BEZIER_KNOTS.);
#5753 = CARTESIAN_POINT('',(1.237485467791,-14.99858268588,
    1.394204526258));
#5754 = CARTESIAN_POINT('',(1.434606119935,-15.2012464648,1.452988679702
    ));
#5755 = CARTESIAN_POINT('',(1.478192157168,-15.28452383446,
    1.700107298505));
#5756 = CARTESIAN_POINT('',(1.471921047951,-15.26387429218,
    2.319811264018));
#5757 = CARTESIAN_POINT('',(1.636571116855,-15.28947368354,
    2.509900644441));
#5758 = CARTESIAN_POINT('',(1.282661320785,-15.13333254928,3.41379963161
    ));
#5759 = CARTESIAN_POINT('',(0.817766322705,-15.04783062023,
    3.103616569172));
#5760 = CARTESIAN_POINT('',(0.490569334607,-14.98406078776,
    2.732817908646));
#5761 = CARTESIAN_POINT('',(0.391937402661,-15.00247469284,
    2.760455659779));
#5762 = CARTESIAN_POINT('',(1.351632918295,-14.92425558409,
    1.430667976226));
#5763 = CARTESIAN_POINT('',(1.569227066091,-15.16827955759,
    1.383156622521));
#5764 = CARTESIAN_POINT('',(1.579870846343,-15.27554848434,
    1.543083062517));
#5765 = CARTESIAN_POINT('',(1.544698686343,-15.2445843366,2.087242083659
    ));
#5766 = CARTESIAN_POINT('',(1.786888946632,-15.32729235279,
    2.288636780277));
#5767 = CARTESIAN_POINT('',(1.40599377385,-15.11033964147,3.132205064227
    ));
#5768 = CARTESIAN_POINT('',(0.942930150045,-15.02849546209,
    3.096078169632));
#5769 = CARTESIAN_POINT('',(0.641575411617,-14.97044380981,
    2.605084717601));
#5770 = CARTESIAN_POINT('',(0.621542722183,-15.00517091561,2.78483719078
    ));
#5771 = CARTESIAN_POINT('',(1.308758587625,-14.74093296986,
    1.657805312519));
#5772 = CARTESIAN_POINT('',(1.460935550374,-14.9865215884,1.524563867651
    ));
#5773 = CARTESIAN_POINT('',(1.328147903026,-15.0964955263,1.353972290808
    ));
#5774 = CARTESIAN_POINT('',(1.202392621848,-15.2532909993,2.925780607818
    ));
#5775 = CARTESIAN_POINT('',(0.725620460194,-14.69317658067,
    0.254117951929));
#5776 = CARTESIAN_POINT('',(3.2898098824,-15.55832122978,5.004852102762)
  );
#5777 = CARTESIAN_POINT('',(0.321115897312,-14.7521300671,1.888807019237
    ));
#5778 = CARTESIAN_POINT('',(0.781256327487,-14.92139772816,2.3569141957)
  );
#5779 = CARTESIAN_POINT('',(0.895872213624,-14.99533398751,
    2.863274304356));
#5780 = CARTESIAN_POINT('',(1.744102452218,-14.47563810856,
    2.047515270325));
#5781 = CARTESIAN_POINT('',(2.314212376456,-14.70561182621,
    1.886645215994));
#5782 = CARTESIAN_POINT('',(4.122396850764,-14.93593494103,
    2.466129692232));
#5783 = CARTESIAN_POINT('',(-1.779193287734,-14.09724428778,
    -0.556975999583));
#5784 = CARTESIAN_POINT('',(5.571691623657,-17.85029213567,
    1.874082329313));
#5785 = CARTESIAN_POINT('',(-4.051200448902,-12.94124800303,
    2.624343244748));
#5786 = CARTESIAN_POINT('',(2.18865407942,-15.82611938278,
    -0.739875972521));
#5787 = CARTESIAN_POINT('',(1.341581491519,-15.14775306388,
    3.239951337085));
#5788 = CARTESIAN_POINT('',(1.42857656345,-15.13162585674,3.776322204727
    ));
#5789 = CARTESIAN_POINT('',(0.324039296187,-14.25237610773,
    3.051267417229));
#5790 = CARTESIAN_POINT('',(-7.314731803079E-02,-14.48824720979,
    3.135259382633));
#5791 = CARTESIAN_POINT('',(-3.821964044708,-14.43668756681,
    1.880249131499));
#5792 = CARTESIAN_POINT('',(10.458360375595,-16.43949130308,
    7.743797693742));
#5793 = CARTESIAN_POINT('',(-4.422457318714,-9.834726993079,
    2.691915226982));
#5794 = CARTESIAN_POINT('',(5.485705114863,-17.59222979,-0.12925020877)
  );
#5795 = CARTESIAN_POINT('',(1.007604331248,-13.56742070665,
    6.166180943839));
#5796 = CARTESIAN_POINT('',(1.249255116342,-14.6957562105,1.748869470634
    ));
#5797 = CARTESIAN_POINT('',(1.378066383846,-14.89511194382,
    2.254633250067));
#5798 = CARTESIAN_POINT('',(1.307553411364,-13.73294068585,
    2.871289358053));
#5799 = CARTESIAN_POINT('',(1.633609398294,-13.85437435229,
    2.687850506496));
#5800 = CARTESIAN_POINT('',(4.939390502361,-14.1469058836,3.596146611681
    ));
#5801 = CARTESIAN_POINT('',(-7.044306914439,-13.34956569198,
    -1.123783758152));
#5802 = CARTESIAN_POINT('',(5.787728276499,-17.43514379221,
    3.509971002911));
#5803 = CARTESIAN_POINT('',(0.340491930778,-13.27843905915,
    4.496436418519));
#5804 = CARTESIAN_POINT('',(1.612237451041,-15.73648128203,
    0.671591398162));
#5805 = CARTESIAN_POINT('',(2.01328035981,-15.17624806501,3.454549679808
    ));
#5806 = CARTESIAN_POINT('',(2.048831904214,-15.17750147661,
    3.699217084788));
#5807 = CARTESIAN_POINT('',(1.322216517454,-13.50286157855,
    3.360884571534));
#5808 = CARTESIAN_POINT('',(1.3690532948,-13.65454328292,3.356118588563)
  );
#5809 = CARTESIAN_POINT('',(0.546942542879,-13.87579505083,2.95835030425
    ));
#5810 = CARTESIAN_POINT('',(4.765099923023,-14.39177781372,
    4.195040612881));
#5811 = CARTESIAN_POINT('',(0.334763239704,-14.06327030368,
    2.887721046227));
#5812 = CARTESIAN_POINT('',(2.232861649888,-14.92278402365,
    2.319622234313));
#5813 = CARTESIAN_POINT('',(2.089588888261,-14.84806798241,
    3.043379534391));
#5814 = CARTESIAN_POINT('',(2.069804530677,-15.1269544431,2.504353116939
    ));
#5815 = CARTESIAN_POINT('',(2.152568332826,-15.2033518095,2.906635254256
    ));
#5816 = CARTESIAN_POINT('',(1.707200569509,-13.28068413008,
    3.479861240177));
#5817 = CARTESIAN_POINT('',(1.769638296835,-13.42120357882,
    3.459587735923));
#5818 = CARTESIAN_POINT('',(1.923483402995,-13.6828401444,3.341341715966
    ));
#5819 = CARTESIAN_POINT('',(2.063815816113,-14.00658944055,3.24602907331
    ));
#5820 = CARTESIAN_POINT('',(2.18177252428,-14.45849214757,3.019790261319
    ));
#5821 = CARTESIAN_POINT('',(2.093727613761,-14.62971513799,
    2.966235614925));
#5822 = CARTESIAN_POINT('',(2.264147597352,-14.964182107,2.592883607414)
  );
#5823 = CARTESIAN_POINT('',(2.382254427938,-15.16006618057,
    2.656976670845));
#5824 = CARTESIAN_POINT('',(2.442348398895,-15.24467492343,
    2.991677405707));
#5825 = CARTESIAN_POINT('',(2.159100700902,-13.19901107268,
    3.463492957425));
#5826 = CARTESIAN_POINT('',(2.213979881645,-13.36649502788,
    3.422648123888));
#5827 = CARTESIAN_POINT('',(2.333055631501,-13.63838242862,
    3.303083653204));
#5828 = CARTESIAN_POINT('',(2.431185727019,-13.9697762123,3.181369288405
    ));
#5829 = CARTESIAN_POINT('',(2.50534040352,-14.37459654098,2.995082826006
    ));
#5830 = CARTESIAN_POINT('',(2.403317478702,-14.6079365262,2.893282851877
    ));
#5831 = CARTESIAN_POINT('',(2.527490264738,-14.92587199712,
    2.617262872863));
#5832 = CARTESIAN_POINT('',(2.622444135832,-15.13234933404,
    2.669119932661));
#5833 = CARTESIAN_POINT('',(2.674241253859,-15.23635278211,
    2.977139323486));
#5834 = DEFINITIONAL_REPRESENTATION('',(#5835),#5856);
#5835 = B_SPLINE_CURVE_WITH_KNOTS('',10,(#5836,#5837,#5838,#5839,#5840,
    #5841,#5842,#5843,#5844,#5845,#5846,#5847,#5848,#5849,#5850,#5851,
    #5852,#5853,#5854,#5855),.UNSPECIFIED.,.F.,.F.,(11,9,11),(0.,0.5,1.)
  ,.UNSPECIFIED.);
#5836 = CARTESIAN_POINT('',(-0.459595039865,-0.378907180193));
#5837 = CARTESIAN_POINT('',(-0.424520848749,-0.349652217036));
#5838 = CARTESIAN_POINT('',(-0.392175760959,-0.31875593811));
#5839 = CARTESIAN_POINT('',(-0.363929735131,-0.289142065632));
#5840 = CARTESIAN_POINT('',(-0.332881037961,-0.258777968683));
#5841 = CARTESIAN_POINT('',(-0.296927481552,-0.228934281899));
#5842 = CARTESIAN_POINT('',(-0.258725217428,-0.2025414214));
#5843 = CARTESIAN_POINT('',(-0.219700159597,-0.179268775271));
#5844 = CARTESIAN_POINT('',(-0.175277109032,-0.153952345961));
#5845 = CARTESIAN_POINT('',(-0.118491651938,-0.124996621937));
#5846 = CARTESIAN_POINT('',(1.918435730257E-04,-0.113756289938));
#5847 = CARTESIAN_POINT('',(6.256006896716E-02,-0.128701056541));
#5848 = CARTESIAN_POINT('',(9.327768335984E-02,-0.201580891678));
#5849 = CARTESIAN_POINT('',(0.135587600139,-0.177787017317));
#5850 = CARTESIAN_POINT('',(0.164092821965,-0.286999903838));
#5851 = CARTESIAN_POINT('',(0.181930036992,-0.268035493046));
#5852 = CARTESIAN_POINT('',(0.182178040722,-0.363127813979));
#5853 = CARTESIAN_POINT('',(0.183874003099,-0.388032993709));
#5854 = CARTESIAN_POINT('',(0.175755733323,-0.452269820334));
#5855 = CARTESIAN_POINT('',(0.151677995776,-0.521051111595));
#5856 = ( GEOMETRIC_REPRESENTATION_CONTEXT(2) 
PARAMETRIC_REPRESENTATION_CONTEXT() REPRESENTATION_CONTEXT('2D SPACE',''
  ) );
#5857 = ORIENTED_EDGE('',*,*,#5858,.F.);
#5858 = EDGE_CURVE('',#4857,#5723,#5859,.T.);
#5859 = SEAM_CURVE('',#5860,(#5864,#5871),.PCURVE_S1.);
#5860 = LINE('',#5861,#5862);
#5861 = CARTESIAN_POINT('',(1.5,-15.,-7.5));
#5862 = VECTOR('',#5863,1.);
#5863 = DIRECTION('',(0.,0.,1.));
#5864 = PCURVE('',#4873,#5865);
#5865 = DEFINITIONAL_REPRESENTATION('',(#5866),#5870);
#5866 = LINE('',#5867,#5868);
#5867 = CARTESIAN_POINT('',(-6.28318530718,0.));
#5868 = VECTOR('',#5869,1.);
#5869 = DIRECTION('',(-0.,-1.));
#5870 = ( GEOMETRIC_REPRESENTATION_CONTEXT(2) 
PARAMETRIC_REPRESENTATION_CONTEXT() REPRESENTATION_CONTEXT('2D SPACE',''
  ) );
#5871 = PCURVE('',#4873,#5872);
#5872 = DEFINITIONAL_REPRESENTATION('',(#5873),#5877);
#5873 = LINE('',#5874,#5875);
#5874 = CARTESIAN_POINT('',(-0.,0.));
#5875 = VECTOR('',#5876,1.);
#5876 = DIRECTION('',(-0.,-1.));
#5877 = ( GEOMETRIC_REPRESENTATION_CONTEXT(2) 
PARAMETRIC_REPRESENTATION_CONTEXT() REPRESENTATION_CONTEXT('2D SPACE',''
  ) );
#5878 = ORIENTED_EDGE('',*,*,#4856,.F.);
#5879 = ORIENTED_EDGE('',*,*,#5858,.T.);
#5880 = ORIENTED_EDGE('',*,*,#5881,.F.);
#5881 = EDGE_CURVE('',#5882,#5723,#5884,.T.);
#5882 = VERTEX_POINT('',#5883);
#5883 = CARTESIAN_POINT('',(-1.5,-15.,1.759360248912));
#5884 = SURFACE_CURVE('',#5885,(#5890,#5897),.PCURVE_S1.);
#5885 = CIRCLE('',#5886,1.5);
#5886 = AXIS2_PLACEMENT_3D('',#5887,#5888,#5889);
#5887 = CARTESIAN_POINT('',(0.,-15.,1.759360248912));
#5888 = DIRECTION('',(0.,0.,1.));
#5889 = DIRECTION('',(-1.,0.,0.));
#5890 = PCURVE('',#4873,#5891);
#5891 = DEFINITIONAL_REPRESENTATION('',(#5892),#5896);
#5892 = LINE('',#5893,#5894);
#5893 = CARTESIAN_POINT('',(-3.14159265359,-9.259360248912));
#5894 = VECTOR('',#5895,1.);
#5895 = DIRECTION('',(-1.,0.));
#5896 = ( GEOMETRIC_REPRESENTATION_CONTEXT(2) 
PARAMETRIC_REPRESENTATION_CONTEXT() REPRESENTATION_CONTEXT('2D SPACE',''
  ) );
#5897 = PCURVE('',#5898,#5913);
#5898 = SURFACE_OF_REVOLUTION('',#5899,#5910);
#5899 = B_SPLINE_CURVE_WITH_KNOTS('',5,(#5900,#5901,#5902,#5903,#5904,
    #5905,#5906,#5907,#5908,#5909),.UNSPECIFIED.,.F.,.F.,(6,4,6),(
    4.712388980385,5.497787143782,6.28318530718),.UNSPECIFIED.);
#5900 = CARTESIAN_POINT('',(-0.5,-15.,2.759360248912));
#5901 = CARTESIAN_POINT('',(-0.657079632679,-15.,2.759360248912));
#5902 = CARTESIAN_POINT('',(-0.814161753982,-15.,2.728524655966));
#5903 = CARTESIAN_POINT('',(-0.963156817683,-15.,2.666808879854));
#5904 = CARTESIAN_POINT('',(-1.096034707733,-15.,2.577539103552));
#5905 = CARTESIAN_POINT('',(-1.318178854641,-15.,2.355394956644));
#5906 = CARTESIAN_POINT('',(-1.407448630943,-15.,2.222517066595));
#5907 = CARTESIAN_POINT('',(-1.469164407054,-15.,2.073522002894));
#5908 = CARTESIAN_POINT('',(-1.5,-15.,1.916439881591));
#5909 = CARTESIAN_POINT('',(-1.5,-15.,1.759360248912));
#5910 = AXIS1_PLACEMENT('',#5911,#5912);
#5911 = CARTESIAN_POINT('',(0.,-15.,1.759360248912));
#5912 = DIRECTION('',(-0.,-0.,-1.));
#5913 = DEFINITIONAL_REPRESENTATION('',(#5914),#5918);
#5914 = LINE('',#5915,#5916);
#5915 = CARTESIAN_POINT('',(-0.,6.28318530718));
#5916 = VECTOR('',#5917,1.);
#5917 = DIRECTION('',(-1.,0.));
#5918 = ( GEOMETRIC_REPRESENTATION_CONTEXT(2) 
PARAMETRIC_REPRESENTATION_CONTEXT() REPRESENTATION_CONTEXT('2D SPACE',''
  ) );
#5919 = ORIENTED_EDGE('',*,*,#5920,.T.);
#5920 = EDGE_CURVE('',#5882,#5921,#5923,.T.);
#5921 = VERTEX_POINT('',#5922);
#5922 = CARTESIAN_POINT('',(-1.17882974603,-14.07244384004,
    2.759360248912));
#5923 = SURFACE_CURVE('',#5924,(#5935,#5949),.PCURVE_S1.);
#5924 = B_SPLINE_CURVE_WITH_KNOTS('',9,(#5925,#5926,#5927,#5928,#5929,
    #5930,#5931,#5932,#5933,#5934),.UNSPECIFIED.,.F.,.F.,(10,10),(0.,1.)
  ,.PIECEWISE_BEZIER_KNOTS.);
#5925 = CARTESIAN_POINT('',(-1.5,-15.,1.759360248912));
#5926 = CARTESIAN_POINT('',(-1.5,-14.77736766686,1.759360248912));
#5927 = CARTESIAN_POINT('',(-1.465683653128,-14.55396942103,
    1.852362414073));
#5928 = CARTESIAN_POINT('',(-1.369471940227,-14.44517516378,2.0497883876
    ));
#5929 = CARTESIAN_POINT('',(-1.441216012646,-14.55131410106,
    2.192890041055));
#5930 = CARTESIAN_POINT('',(-1.410086450403,-14.46141032928,
    2.325830456769));
#5931 = CARTESIAN_POINT('',(-1.419336969347,-14.58918792447,
    2.468932110224));
#5932 = CARTESIAN_POINT('',(-1.427673266417,-14.4441934754,
    2.666358083751));
#5933 = CARTESIAN_POINT('',(-1.316499074035,-14.24740758453,
    2.759360248912));
#5934 = CARTESIAN_POINT('',(-1.17882974603,-14.07244384004,
    2.759360248912));
#5935 = PCURVE('',#4873,#5936);
#5936 = DEFINITIONAL_REPRESENTATION('',(#5937),#5948);
#5937 = B_SPLINE_CURVE_WITH_KNOTS('',9,(#5938,#5939,#5940,#5941,#5942,
    #5943,#5944,#5945,#5946,#5947),.UNSPECIFIED.,.F.,.F.,(10,10),(0.,1.)
  ,.PIECEWISE_BEZIER_KNOTS.);
#5938 = CARTESIAN_POINT('',(-3.14159265359,-9.259360248912));
#5939 = CARTESIAN_POINT('',(-2.993171098164,-9.259360248912));
#5940 = CARTESIAN_POINT('',(-2.844783325721,-9.352396426118));
#5941 = CARTESIAN_POINT('',(-2.763748428631,-9.549641522364));
#5942 = CARTESIAN_POINT('',(-2.830977718752,-9.693162400765));
#5943 = CARTESIAN_POINT('',(-2.785539687187,-9.825558097058));
#5944 = CARTESIAN_POINT('',(-2.852768977308,-9.96907897546));
#5945 = CARTESIAN_POINT('',(-2.771734080218,-10.1663240717));
#5946 = CARTESIAN_POINT('',(-2.623346307775,-10.25936024891));
#5947 = CARTESIAN_POINT('',(-2.474924752349,-10.25936024891));
#5948 = ( GEOMETRIC_REPRESENTATION_CONTEXT(2) 
PARAMETRIC_REPRESENTATION_CONTEXT() REPRESENTATION_CONTEXT('2D SPACE',''
  ) );
#5949 = PCURVE('',#5950,#6032);
#5950 = B_SPLINE_SURFACE_WITH_KNOTS('',8,8,(
    (#5951,#5952,#5953,#5954,#5955,#5956,#5957,#5958,#5959)
    ,(#5960,#5961,#5962,#5963,#5964,#5965,#5966,#5967,#5968)
    ,(#5969,#5970,#5971,#5972,#5973,#5974,#5975,#5976,#5977)
    ,(#5978,#5979,#5980,#5981,#5982,#5983,#5984,#5985,#5986)
    ,(#5987,#5988,#5989,#5990,#5991,#5992,#5993,#5994,#5995)
    ,(#5996,#5997,#5998,#5999,#6000,#6001,#6002,#6003,#6004)
    ,(#6005,#6006,#6007,#6008,#6009,#6010,#6011,#6012,#6013)
    ,(#6014,#6015,#6016,#6017,#6018,#6019,#6020,#6021,#6022)
    ,(#6023,#6024,#6025,#6026,#6027,#6028,#6029,#6030,#6031
  )),.UNSPECIFIED.,.F.,.F.,.F.,(9,9),(9,9),(-0.775794119535,0.6823625801
    ),(-0.467181571861,0.667361104962),.PIECEWISE_BEZIER_KNOTS.);
#5951 = CARTESIAN_POINT('',(-0.412030801065,-15.34387923582,
    1.933965005577));
#5952 = CARTESIAN_POINT('',(-1.151787049248,-15.35893355919,
    2.098973990143));
#5953 = CARTESIAN_POINT('',(-1.584199443033,-15.26189806853,
    2.177800215063));
#5954 = CARTESIAN_POINT('',(-1.86754354144,-15.60319258766,
    1.166765194484));
#5955 = CARTESIAN_POINT('',(-1.097950531336,-14.1438131046,
    1.807644871802));
#5956 = CARTESIAN_POINT('',(-1.699998448169,-15.16521479151,
    1.752916195801));
#5957 = CARTESIAN_POINT('',(-1.390954031485,-14.49631209344,
    1.684301960471));
#5958 = CARTESIAN_POINT('',(-1.339896623572,-14.38603592966,
    1.793525870778));
#5959 = CARTESIAN_POINT('',(-1.254178694427,-14.20428990271,
    1.843331085821));
#5960 = CARTESIAN_POINT('',(-0.112839640308,-15.12479895305,
    2.527097061051));
#5961 = CARTESIAN_POINT('',(-1.05044650365,-15.20081747647,
    2.605141574716));
#5962 = CARTESIAN_POINT('',(-1.603837282046,-15.17528066172,
    2.665913851927));
#5963 = CARTESIAN_POINT('',(-2.068836110702,-15.55026419223,
    1.052094983442));
#5964 = CARTESIAN_POINT('',(-0.851978889892,-14.12592117745,
    2.075848985846));
#5965 = CARTESIAN_POINT('',(-1.935653475961,-15.28503302353,
    1.848047341043));
#5966 = CARTESIAN_POINT('',(-1.40396135747,-14.47972040769,
    1.798340881196));
#5967 = CARTESIAN_POINT('',(-1.359946720062,-14.38738574803,
    1.933956247956));
#5968 = CARTESIAN_POINT('',(-1.248615663193,-14.20258044461,
    1.989060165143));
#5969 = CARTESIAN_POINT('',(-8.512532935554E-02,-14.94245418005,
    3.139393389614));
#5970 = CARTESIAN_POINT('',(-0.995841751788,-15.01618056579,
    2.983665446427));
#5971 = CARTESIAN_POINT('',(-1.16783999192,-15.2462966775,1.355173137587
    ));
#5972 = CARTESIAN_POINT('',(-3.045428789836,-14.35113101019,
    3.818297126886));
#5973 = CARTESIAN_POINT('',(0.417526369196,-15.02893454499,
    6.017780250456E-02));
#5974 = CARTESIAN_POINT('',(-2.602820448785,-15.06618225878,
    2.799461434086));
#5975 = CARTESIAN_POINT('',(-1.202696589464,-14.394858446,1.759341112506
    ));
#5976 = CARTESIAN_POINT('',(-1.30579796925,-14.34090072908,
    2.087120764488));
#5977 = CARTESIAN_POINT('',(-1.190657016783,-14.1629188319,
    2.150526816834));
#5978 = CARTESIAN_POINT('',(0.101029234473,-14.840492897,2.517406848886)
  );
#5979 = CARTESIAN_POINT('',(-1.016088694871,-14.87524940939,
    3.921886041954));
#5980 = CARTESIAN_POINT('',(-3.094728896916,-14.85551772087,
    10.873855339279));
#5981 = CARTESIAN_POINT('',(2.007888510272,-16.33177813218,
    -11.08475869422));
#5982 = CARTESIAN_POINT('',(-4.989988102009,-14.17070595972,
    11.979335880883));
#5983 = CARTESIAN_POINT('',(0.498116680742,-14.40027221734,
    -2.770439858351));
#5984 = CARTESIAN_POINT('',(-1.971579703358,-14.50912001052,
    3.489327639497));
#5985 = CARTESIAN_POINT('',(-1.332063472896,-14.21780689845,
    2.391915762079));
#5986 = CARTESIAN_POINT('',(-1.174907176037,-14.07252469934,
    2.407228363399));
#5987 = CARTESIAN_POINT('',(-0.634945115456,-15.14826465326,
    2.206264352022));
#5988 = CARTESIAN_POINT('',(-0.744762933952,-15.1396486569,
    9.81187236572E-02));
#5989 = CARTESIAN_POINT('',(0.749618947168,-14.8630239783,
    -9.089142075224));
#5990 = CARTESIAN_POINT('',(-5.58636928256,-14.00580063486,
    17.950618764125));
#5991 = CARTESIAN_POINT('',(2.612282682249,-15.43492638388,
    -11.22671709395));
#5992 = CARTESIAN_POINT('',(-4.263045549087,-14.4032009538,
    9.930352073607));
#5993 = CARTESIAN_POINT('',(-0.757205641226,-14.37836469831,
    1.062900869522));
#5994 = CARTESIAN_POINT('',(-1.114848542655,-14.19773313129,
    2.606540673843));
#5995 = CARTESIAN_POINT('',(-1.026890756576,-14.03998504979,
    2.578121599579));
#5996 = CARTESIAN_POINT('',(-1.024157973048,-14.88691110031,
    4.393114029166));
#5997 = CARTESIAN_POINT('',(-1.639520418074,-14.82407459691,
    4.988018332526));
#5998 = CARTESIAN_POINT('',(-2.3786607078,-14.84104202413,8.337664468514
    ));
#5999 = CARTESIAN_POINT('',(0.233438101805,-15.57560036969,
    -5.786374393192));
#6000 = CARTESIAN_POINT('',(-3.527048039151,-14.31301803426,
    9.743638608457));
#6001 = CARTESIAN_POINT('',(0.167352645034,-14.6923121198,
    -1.208894221693));
#6002 = CARTESIAN_POINT('',(-1.503490943536,-14.25972832745,
    3.182900671509));
#6003 = CARTESIAN_POINT('',(-1.139459983267,-14.13732232635,
    2.604093652817));
#6004 = CARTESIAN_POINT('',(-1.033252883281,-13.9996812817,
    2.691024916443));
#6005 = CARTESIAN_POINT('',(-1.421056558574,-15.21142905733,
    3.030307603195));
#6006 = CARTESIAN_POINT('',(-1.645220780346,-15.16426388876,
    2.508420783709));
#6007 = CARTESIAN_POINT('',(-1.588234599828,-15.13276347731,
    1.401087568514));
#6008 = CARTESIAN_POINT('',(-2.240800249548,-14.64259210269,
    3.747033386641));
#6009 = CARTESIAN_POINT('',(-1.381932638975,-14.5029558277,2.77995853765
    ));
#6010 = CARTESIAN_POINT('',(-1.620484244415,-14.74808035943,
    2.837109497652));
#6011 = CARTESIAN_POINT('',(-1.323531628805,-14.22052531134,
    3.003338720096));
#6012 = CARTESIAN_POINT('',(-1.19173600331,-14.11352780524,
    2.952144518003));
#6013 = CARTESIAN_POINT('',(-1.123823238891,-13.97775421509,2.9217287582
    ));
#6014 = CARTESIAN_POINT('',(-1.894199298254,-15.25565243061,
    3.27089724803));
#6015 = CARTESIAN_POINT('',(-2.139186060601,-15.17667731122,
    2.943300035696));
#6016 = CARTESIAN_POINT('',(-2.147033755271,-15.06330310923,
    2.611249212097));
#6017 = CARTESIAN_POINT('',(-2.105947813767,-14.84073789567,
    2.274689114539));
#6018 = CARTESIAN_POINT('',(-2.132208592308,-14.62819636857,
    3.617553552848));
#6019 = CARTESIAN_POINT('',(-1.611813584024,-14.55360966489,
    2.637210885925));
#6020 = CARTESIAN_POINT('',(-1.566846416689,-14.27842194886,
    3.110169430555));
#6021 = CARTESIAN_POINT('',(-1.376360647679,-14.11947433387,
    3.058872370072));
#6022 = CARTESIAN_POINT('',(-1.314995815776,-13.99079923418,
    3.022542779506));
#6023 = CARTESIAN_POINT('',(-2.334009732404,-15.33466159245,
    3.266090089626));
#6024 = CARTESIAN_POINT('',(-2.700434000107,-15.2789789801,
    2.899283378675));
#6025 = CARTESIAN_POINT('',(-2.76893570667,-15.15767241469,
    2.602488502886));
#6026 = CARTESIAN_POINT('',(-2.700904385236,-14.95742270781,
    2.428026737035));
#6027 = CARTESIAN_POINT('',(-2.61653388085,-14.73798796964,
    3.235926413098));
#6028 = CARTESIAN_POINT('',(-2.152879156501,-14.58917953042,
    2.820885086868));
#6029 = CARTESIAN_POINT('',(-1.962408049189,-14.34369547218,
    3.098705060859));
#6030 = CARTESIAN_POINT('',(-1.735075823925,-14.17027357622,
    3.099481842877));
#6031 = CARTESIAN_POINT('',(-1.666084732191,-14.04448657928,
    3.048372544394));
#6032 = DEFINITIONAL_REPRESENTATION('',(#6033),#6108);
#6033 = B_SPLINE_CURVE_WITH_KNOTS('',10,(#6034,#6035,#6036,#6037,#6038,
    #6039,#6040,#6041,#6042,#6043,#6044,#6045,#6046,#6047,#6048,#6049,
    #6050,#6051,#6052,#6053,#6054,#6055,#6056,#6057,#6058,#6059,#6060,
    #6061,#6062,#6063,#6064,#6065,#6066,#6067,#6068,#6069,#6070,#6071,
    #6072,#6073,#6074,#6075,#6076,#6077,#6078,#6079,#6080,#6081,#6082,
    #6083,#6084,#6085,#6086,#6087,#6088,#6089,#6090,#6091,#6092,#6093,
    #6094,#6095,#6096,#6097,#6098,#6099,#6100,#6101,#6102,#6103,#6104,
    #6105,#6106,#6107),.UNSPECIFIED.,.F.,.F.,(11,9,9,9,9,9,9,9,11),(0.,
    3.125E-02,6.25E-02,0.125,0.25,0.5,0.75,0.875,1.),.UNSPECIFIED.);
#6034 = CARTESIAN_POINT('',(-0.715215684038,2.021461184347E-02));
#6035 = CARTESIAN_POINT('',(-0.713818714739,2.464069396502E-02));
#6036 = CARTESIAN_POINT('',(-0.712517057945,2.866125166994E-02));
#6037 = CARTESIAN_POINT('',(-0.711241297114,3.251737728598E-02));
#6038 = CARTESIAN_POINT('',(-0.710041639527,3.609884135075E-02));
#6039 = CARTESIAN_POINT('',(-0.70888609912,3.951866100575E-02));
#6040 = CARTESIAN_POINT('',(-0.707658727685,4.31172558628E-02));
#6041 = CARTESIAN_POINT('',(-0.706256619876,4.718653910748E-02));
#6042 = CARTESIAN_POINT('',(-0.70468441744,5.170429160263E-02));
#6043 = CARTESIAN_POINT('',(-0.703045038079,5.63691667568E-02));
#6044 = CARTESIAN_POINT('',(-0.699605670727,6.60841810847E-02));
#6045 = CARTESIAN_POINT('',(-0.69779769118,7.115357354892E-02));
#6046 = CARTESIAN_POINT('',(-0.695961665371,7.626921392194E-02));
#6047 = CARTESIAN_POINT('',(-0.694130135102,8.134205850383E-02));
#6048 = CARTESIAN_POINT('',(-0.692314180649,8.634176127389E-02));
#6049 = CARTESIAN_POINT('',(-0.690509667037,9.127877787773E-02));
#6050 = CARTESIAN_POINT('',(-0.688703490317,9.618646961515E-02));
#6051 = CARTESIAN_POINT('',(-0.686879823843,0.101103207427));
#6052 = CARTESIAN_POINT('',(-0.685026364555,0.106054475884));
#6053 = CARTESIAN_POINT('',(-0.679369008633,0.120995979746));
#6054 = CARTESIAN_POINT('',(-0.675427217428,0.131193606656));
#6055 = CARTESIAN_POINT('',(-0.671312820262,0.141535766272));
#6056 = CARTESIAN_POINT('',(-0.667022242311,0.151931476585));
#6057 = CARTESIAN_POINT('',(-0.662551365927,0.162294107077));
#6058 = CARTESIAN_POINT('',(-0.657896177257,0.172544620599));
#6059 = CARTESIAN_POINT('',(-0.653053412868,0.182614815247));
#6060 = CARTESIAN_POINT('',(-0.648021206363,0.192450566234));
#6061 = CARTESIAN_POINT('',(-0.642799735015,0.202015067769));
#6062 = CARTESIAN_POINT('',(-0.626576129107,0.229846089253));
#6063 = CARTESIAN_POINT('',(-0.615054701469,0.247100711436));
#6064 = CARTESIAN_POINT('',(-0.603011192236,0.262727770196));
#6065 = CARTESIAN_POINT('',(-0.590587152368,0.276603315042));
#6066 = CARTESIAN_POINT('',(-0.577887219101,0.288756599023));
#6067 = CARTESIAN_POINT('',(-0.564984260023,0.299319061473));
#6068 = CARTESIAN_POINT('',(-0.551924517159,0.308473310764));
#6069 = CARTESIAN_POINT('',(-0.53873275105,0.316402107049));
#6070 = CARTESIAN_POINT('',(-0.525417384837,0.323237345012));
#6071 = CARTESIAN_POINT('',(-0.485092175332,0.340552419823));
#6072 = CARTESIAN_POINT('',(-0.457738960611,0.348003804393));
#6073 = CARTESIAN_POINT('',(-0.429938442426,0.352136724348));
#6074 = CARTESIAN_POINT('',(-0.401701391649,0.353561575337));
#6075 = CARTESIAN_POINT('',(-0.373035876061,0.352773036926));
#6076 = CARTESIAN_POINT('',(-0.343956224636,0.350197494891));
#6077 = CARTESIAN_POINT('',(-0.314491991821,0.346240463515));
#6078 = CARTESIAN_POINT('',(-0.284696921821,0.341334007872));
#6079 = CARTESIAN_POINT('',(-0.254657912886,0.335984166128));
#6080 = CARTESIAN_POINT('',(-0.194350050299,0.32565257753));
#6081 = CARTESIAN_POINT('',(-0.164101438936,0.320613036671));
#6082 = CARTESIAN_POINT('',(-0.133827813416,0.316322865658));
#6083 = CARTESIAN_POINT('',(-0.103787263851,0.313312844456));
#6084 = CARTESIAN_POINT('',(-7.421345717691E-02,0.312036264058));
#6085 = CARTESIAN_POINT('',(-4.520929931885E-02,0.312884128642));
#6086 = CARTESIAN_POINT('',(-1.674710690132E-02,0.316200712379));
#6087 = CARTESIAN_POINT('',(1.122471149762E-02,0.322299470923));
#6088 = CARTESIAN_POINT('',(3.856846454842E-02,0.331479307568));
#6089 = CARTESIAN_POINT('',(7.767198446755E-02,0.35032213732));
#6090 = CARTESIAN_POINT('',(9.039505965964E-02,0.357434248986));
#6091 = CARTESIAN_POINT('',(0.102726823569,0.365409921));
#6092 = CARTESIAN_POINT('',(0.114573776421,0.374249282565));
#6093 = CARTESIAN_POINT('',(0.125835383038,0.383928695243));
#6094 = CARTESIAN_POINT('',(0.136410657381,0.394409248051));
#6095 = CARTESIAN_POINT('',(0.146204747091,0.405645252542));
#6096 = CARTESIAN_POINT('',(0.155135518025,0.417592737902));
#6097 = CARTESIAN_POINT('',(0.163140138797,0.430217946036));
#6098 = CARTESIAN_POINT('',(0.177223191842,0.456793707285));
#6099 = CARTESIAN_POINT('',(0.183250888832,0.470943713614));
#6100 = CARTESIAN_POINT('',(0.188575368577,0.484169355376));
#6101 = CARTESIAN_POINT('',(0.191815439978,0.504141509303));
#6102 = CARTESIAN_POINT('',(0.195816725394,0.510022814276));
#6103 = CARTESIAN_POINT('',(0.196547371995,0.540196502016));
#6104 = CARTESIAN_POINT('',(0.197367812692,0.546537276599));
#6105 = CARTESIAN_POINT('',(0.19685552051,0.568215546635));
#6106 = CARTESIAN_POINT('',(0.194494424268,0.587676231594));
#6107 = CARTESIAN_POINT('',(0.191087668752,0.606691913602));
#6108 = ( GEOMETRIC_REPRESENTATION_CONTEXT(2) 
PARAMETRIC_REPRESENTATION_CONTEXT() REPRESENTATION_CONTEXT('2D SPACE',''
  ) );
#6109 = ORIENTED_EDGE('',*,*,#6110,.F.);
#6110 = EDGE_CURVE('',#5725,#5921,#6111,.T.);
#6111 = SURFACE_CURVE('',#6112,(#6117,#6124),.PCURVE_S1.);
#6112 = CIRCLE('',#6113,1.5);
#6113 = AXIS2_PLACEMENT_3D('',#6114,#6115,#6116);
#6114 = CARTESIAN_POINT('',(0.,-15.,2.759360248912));
#6115 = DIRECTION('',(0.,0.,1.));
#6116 = DIRECTION('',(1.,0.,0.));
#6117 = PCURVE('',#4873,#6118);
#6118 = DEFINITIONAL_REPRESENTATION('',(#6119),#6123);
#6119 = LINE('',#6120,#6121);
#6120 = CARTESIAN_POINT('',(-0.,-10.25936024891));
#6121 = VECTOR('',#6122,1.);
#6122 = DIRECTION('',(-1.,0.));
#6123 = ( GEOMETRIC_REPRESENTATION_CONTEXT(2) 
PARAMETRIC_REPRESENTATION_CONTEXT() REPRESENTATION_CONTEXT('2D SPACE',''
  ) );
#6124 = PCURVE('',#6125,#6130);
#6125 = PLANE('',#6126);
#6126 = AXIS2_PLACEMENT_3D('',#6127,#6128,#6129);
#6127 = CARTESIAN_POINT('',(-2.279066887566E-16,-15.,2.759360248912));
#6128 = DIRECTION('',(0.,0.,1.));
#6129 = DIRECTION('',(1.,0.,-0.));
#6130 = DEFINITIONAL_REPRESENTATION('',(#6131),#6135);
#6131 = CIRCLE('',#6132,1.5);
#6132 = AXIS2_PLACEMENT_2D('',#6133,#6134);
#6133 = CARTESIAN_POINT('',(2.279066887566E-16,0.));
#6134 = DIRECTION('',(1.,0.));
#6135 = ( GEOMETRIC_REPRESENTATION_CONTEXT(2) 
PARAMETRIC_REPRESENTATION_CONTEXT() REPRESENTATION_CONTEXT('2D SPACE',''
  ) );
#6136 = ADVANCED_FACE('',(#6137),#4908,.F.);
#6137 = FACE_BOUND('',#6138,.T.);
#6138 = EDGE_LOOP('',(#6139,#6180,#6207,#6228,#6229));
#6139 = ORIENTED_EDGE('',*,*,#6140,.T.);
#6140 = EDGE_CURVE('',#6141,#6143,#6145,.T.);
#6141 = VERTEX_POINT('',#6142);
#6142 = CARTESIAN_POINT('',(1.5,15.,1.759360248912));
#6143 = VERTEX_POINT('',#6144);
#6144 = CARTESIAN_POINT('',(-1.5,15.,1.759360248912));
#6145 = SURFACE_CURVE('',#6146,(#6151,#6158),.PCURVE_S1.);
#6146 = CIRCLE('',#6147,1.5);
#6147 = AXIS2_PLACEMENT_3D('',#6148,#6149,#6150);
#6148 = CARTESIAN_POINT('',(0.,15.,1.759360248912));
#6149 = DIRECTION('',(0.,0.,1.));
#6150 = DIRECTION('',(0.785886497353,0.618370773305,-0.));
#6151 = PCURVE('',#4908,#6152);
#6152 = DEFINITIONAL_REPRESENTATION('',(#6153),#6157);
#6153 = LINE('',#6154,#6155);
#6154 = CARTESIAN_POINT('',(-0.666667901241,-9.259360248912));
#6155 = VECTOR('',#6156,1.);
#6156 = DIRECTION('',(-1.,0.));
#6157 = ( GEOMETRIC_REPRESENTATION_CONTEXT(2) 
PARAMETRIC_REPRESENTATION_CONTEXT() REPRESENTATION_CONTEXT('2D SPACE',''
  ) );
#6158 = PCURVE('',#6159,#6174);
#6159 = SURFACE_OF_REVOLUTION('',#6160,#6171);
#6160 = B_SPLINE_CURVE_WITH_KNOTS('',5,(#6161,#6162,#6163,#6164,#6165,
    #6166,#6167,#6168,#6169,#6170),.UNSPECIFIED.,.F.,.F.,(6,4,6),(
    6.232148063652,7.043064848813,7.853981633974),.UNSPECIFIED.);
#6161 = CARTESIAN_POINT('',(1.177806429523,15.926750968596,
    1.708345159469));
#6162 = CARTESIAN_POINT('',(1.184308696019,15.931867243751,
    1.870317334725));
#6163 = CARTESIAN_POINT('',(1.165011884362,15.916683646136,
    2.033969527917));
#6164 = CARTESIAN_POINT('',(1.119516703178,15.880885995375,
    2.190409896632));
#6165 = CARTESIAN_POINT('',(1.050444516768,15.826536898567,
    2.330624580791));
#6166 = CARTESIAN_POINT('',(0.874850075299,15.688371309866,
    2.565764172135));
#6167 = CARTESIAN_POINT('',(0.768324456057,15.604552170882,
    2.660693584321));
#6168 = CARTESIAN_POINT('',(0.647861111392,15.509766203892,
    2.726489293365));
#6169 = CARTESIAN_POINT('',(0.520400959064,15.409474834558,
    2.759360248912));
#6170 = CARTESIAN_POINT('',(0.392943248677,15.309185386653,
    2.759360248912));
#6171 = AXIS1_PLACEMENT('',#6172,#6173);
#6172 = CARTESIAN_POINT('',(0.,15.,1.759360248912));
#6173 = DIRECTION('',(0.,0.,1.));
#6174 = DEFINITIONAL_REPRESENTATION('',(#6175),#6179);
#6175 = LINE('',#6176,#6177);
#6176 = CARTESIAN_POINT('',(0.,0.));
#6177 = VECTOR('',#6178,1.);
#6178 = DIRECTION('',(1.,0.));
#6179 = ( GEOMETRIC_REPRESENTATION_CONTEXT(2) 
PARAMETRIC_REPRESENTATION_CONTEXT() REPRESENTATION_CONTEXT('2D SPACE',''
  ) );
#6180 = ORIENTED_EDGE('',*,*,#6181,.T.);
#6181 = EDGE_CURVE('',#6143,#6141,#6182,.T.);
#6182 = SURFACE_CURVE('',#6183,(#6188,#6195),.PCURVE_S1.);
#6183 = CIRCLE('',#6184,1.5);
#6184 = AXIS2_PLACEMENT_3D('',#6185,#6186,#6187);
#6185 = CARTESIAN_POINT('',(0.,15.,1.759360248912));
#6186 = DIRECTION('',(0.,0.,1.));
#6187 = DIRECTION('',(-1.,0.,0.));
#6188 = PCURVE('',#4908,#6189);
#6189 = DEFINITIONAL_REPRESENTATION('',(#6190),#6194);
#6190 = LINE('',#6191,#6192);
#6191 = CARTESIAN_POINT('',(-3.14159265359,-9.259360248912));
#6192 = VECTOR('',#6193,1.);
#6193 = DIRECTION('',(-1.,0.));
#6194 = ( GEOMETRIC_REPRESENTATION_CONTEXT(2) 
PARAMETRIC_REPRESENTATION_CONTEXT() REPRESENTATION_CONTEXT('2D SPACE',''
  ) );
#6195 = PCURVE('',#6196,#6201);
#6196 = TOROIDAL_SURFACE('',#6197,2.5,1.);
#6197 = AXIS2_PLACEMENT_3D('',#6198,#6199,#6200);
#6198 = CARTESIAN_POINT('',(0.,15.,1.759360248912));
#6199 = DIRECTION('',(-0.,-0.,-1.));
#6200 = DIRECTION('',(-1.,0.,0.));
#6201 = DEFINITIONAL_REPRESENTATION('',(#6202),#6206);
#6202 = LINE('',#6203,#6204);
#6203 = CARTESIAN_POINT('',(-0.,3.14159265359));
#6204 = VECTOR('',#6205,1.);
#6205 = DIRECTION('',(-1.,0.));
#6206 = ( GEOMETRIC_REPRESENTATION_CONTEXT(2) 
PARAMETRIC_REPRESENTATION_CONTEXT() REPRESENTATION_CONTEXT('2D SPACE',''
  ) );
#6207 = ORIENTED_EDGE('',*,*,#6208,.F.);
#6208 = EDGE_CURVE('',#4892,#6141,#6209,.T.);
#6209 = SEAM_CURVE('',#6210,(#6214,#6221),.PCURVE_S1.);
#6210 = LINE('',#6211,#6212);
#6211 = CARTESIAN_POINT('',(1.5,15.,-7.5));
#6212 = VECTOR('',#6213,1.);
#6213 = DIRECTION('',(0.,0.,1.));
#6214 = PCURVE('',#4908,#6215);
#6215 = DEFINITIONAL_REPRESENTATION('',(#6216),#6220);
#6216 = LINE('',#6217,#6218);
#6217 = CARTESIAN_POINT('',(-0.,0.));
#6218 = VECTOR('',#6219,1.);
#6219 = DIRECTION('',(-0.,-1.));
#6220 = ( GEOMETRIC_REPRESENTATION_CONTEXT(2) 
PARAMETRIC_REPRESENTATION_CONTEXT() REPRESENTATION_CONTEXT('2D SPACE',''
  ) );
#6221 = PCURVE('',#4908,#6222);
#6222 = DEFINITIONAL_REPRESENTATION('',(#6223),#6227);
#6223 = LINE('',#6224,#6225);
#6224 = CARTESIAN_POINT('',(-6.28318530718,0.));
#6225 = VECTOR('',#6226,1.);
#6226 = DIRECTION('',(-0.,-1.));
#6227 = ( GEOMETRIC_REPRESENTATION_CONTEXT(2) 
PARAMETRIC_REPRESENTATION_CONTEXT() REPRESENTATION_CONTEXT('2D SPACE',''
  ) );
#6228 = ORIENTED_EDGE('',*,*,#4891,.F.);
#6229 = ORIENTED_EDGE('',*,*,#6208,.T.);
#6230 = ADVANCED_FACE('',(#6231),#4941,.T.);
#6231 = FACE_BOUND('',#6232,.T.);
#6232 = EDGE_LOOP('',(#6233,#6234,#6235,#6236));
#6233 = ORIENTED_EDGE('',*,*,#4923,.T.);
#6234 = ORIENTED_EDGE('',*,*,#5524,.F.);
#6235 = ORIENTED_EDGE('',*,*,#5161,.F.);
#6236 = ORIENTED_EDGE('',*,*,#5551,.F.);
#6237 = ADVANCED_FACE('',(#6238),#5117,.T.);
#6238 = FACE_BOUND('',#6239,.T.);
#6239 = EDGE_LOOP('',(#6240,#6241,#6242,#6243));
#6240 = ORIENTED_EDGE('',*,*,#5697,.T.);
#6241 = ORIENTED_EDGE('',*,*,#5576,.F.);
#6242 = ORIENTED_EDGE('',*,*,#5214,.F.);
#6243 = ORIENTED_EDGE('',*,*,#5101,.F.);
#6244 = ADVANCED_FACE('',(#6245),#5303,.T.);
#6245 = FACE_BOUND('',#6246,.T.);
#6246 = EDGE_LOOP('',(#6247,#6277,#6298,#6299));
#6247 = ORIENTED_EDGE('',*,*,#6248,.F.);
#6248 = EDGE_CURVE('',#6249,#6251,#6253,.T.);
#6249 = VERTEX_POINT('',#6250);
#6250 = CARTESIAN_POINT('',(-8.510499679325,-29.50989050634,
    6.534899496703));
#6251 = VERTEX_POINT('',#6252);
#6252 = CARTESIAN_POINT('',(8.510499679325,-29.50989050634,
    6.534899496703));
#6253 = SURFACE_CURVE('',#6254,(#6258,#6265),.PCURVE_S1.);
#6254 = LINE('',#6255,#6256);
#6255 = CARTESIAN_POINT('',(-9.476188454132,-29.50989050634,
    6.534899496703));
#6256 = VECTOR('',#6257,1.);
#6257 = DIRECTION('',(1.,-0.,-0.));
#6258 = PCURVE('',#5303,#6259);
#6259 = DEFINITIONAL_REPRESENTATION('',(#6260),#6264);
#6260 = LINE('',#6261,#6262);
#6261 = CARTESIAN_POINT('',(-14.04345438973,-9.476188454132));
#6262 = VECTOR('',#6263,1.);
#6263 = DIRECTION('',(0.,1.));
#6264 = ( GEOMETRIC_REPRESENTATION_CONTEXT(2) 
PARAMETRIC_REPRESENTATION_CONTEXT() REPRESENTATION_CONTEXT('2D SPACE',''
  ) );
#6265 = PCURVE('',#6266,#6271);
#6266 = CYLINDRICAL_SURFACE('',#6267,1.);
#6267 = AXIS2_PLACEMENT_3D('',#6268,#6269,#6270);
#6268 = CARTESIAN_POINT('',(-9.476188454132,-28.51049967932,6.5));
#6269 = DIRECTION('',(1.,-0.,-0.));
#6270 = DIRECTION('',(0.,0.,1.));
#6271 = DEFINITIONAL_REPRESENTATION('',(#6272),#6276);
#6272 = LINE('',#6273,#6274);
#6273 = CARTESIAN_POINT('',(1.535889741755,0.));
#6274 = VECTOR('',#6275,1.);
#6275 = DIRECTION('',(0.,1.));
#6276 = ( GEOMETRIC_REPRESENTATION_CONTEXT(2) 
PARAMETRIC_REPRESENTATION_CONTEXT() REPRESENTATION_CONTEXT('2D SPACE',''
  ) );
#6277 = ORIENTED_EDGE('',*,*,#6278,.F.);
#6278 = EDGE_CURVE('',#5289,#6249,#6279,.T.);
#6279 = SURFACE_CURVE('',#6280,(#6284,#6291),.PCURVE_S1.);
#6280 = LINE('',#6281,#6282);
#6281 = CARTESIAN_POINT('',(-9.001824921646,-30.00121574866,
    -7.534814586701));
#6282 = VECTOR('',#6283,1.);
#6283 = DIRECTION('',(3.487826274237E-02,3.487826274237E-02,
    0.998782765959));
#6284 = PCURVE('',#5303,#6285);
#6285 = DEFINITIONAL_REPRESENTATION('',(#6286),#6290);
#6286 = LINE('',#6287,#6288);
#6287 = CARTESIAN_POINT('',(3.483580767271E-02,-9.001824921646));
#6288 = VECTOR('',#6289,1.);
#6289 = DIRECTION('',(-0.999391568299,3.487826274237E-02));
#6290 = ( GEOMETRIC_REPRESENTATION_CONTEXT(2) 
PARAMETRIC_REPRESENTATION_CONTEXT() REPRESENTATION_CONTEXT('2D SPACE',''
  ) );
#6291 = PCURVE('',#5331,#6292);
#6292 = DEFINITIONAL_REPRESENTATION('',(#6293),#6297);
#6293 = LINE('',#6294,#6295);
#6294 = CARTESIAN_POINT('',(-0.,0.));
#6295 = VECTOR('',#6296,1.);
#6296 = DIRECTION('',(-0.,1.));
#6297 = ( GEOMETRIC_REPRESENTATION_CONTEXT(2) 
PARAMETRIC_REPRESENTATION_CONTEXT() REPRESENTATION_CONTEXT('2D SPACE',''
  ) );
#6298 = ORIENTED_EDGE('',*,*,#5286,.F.);
#6299 = ORIENTED_EDGE('',*,*,#6300,.T.);
#6300 = EDGE_CURVE('',#5287,#6251,#6301,.T.);
#6301 = SURFACE_CURVE('',#6302,(#6306,#6313),.PCURVE_S1.);
#6302 = LINE('',#6303,#6304);
#6303 = CARTESIAN_POINT('',(9.001824921646,-30.00121574866,
    -7.534814586701));
#6304 = VECTOR('',#6305,1.);
#6305 = DIRECTION('',(-3.487826274237E-02,3.487826274237E-02,
    0.998782765959));
#6306 = PCURVE('',#5303,#6307);
#6307 = DEFINITIONAL_REPRESENTATION('',(#6308),#6312);
#6308 = LINE('',#6309,#6310);
#6309 = CARTESIAN_POINT('',(3.483580767271E-02,9.001824921646));
#6310 = VECTOR('',#6311,1.);
#6311 = DIRECTION('',(-0.999391568299,-3.487826274237E-02));
#6312 = ( GEOMETRIC_REPRESENTATION_CONTEXT(2) 
PARAMETRIC_REPRESENTATION_CONTEXT() REPRESENTATION_CONTEXT('2D SPACE',''
  ) );
#6313 = PCURVE('',#5504,#6314);
#6314 = DEFINITIONAL_REPRESENTATION('',(#6315),#6319);
#6315 = LINE('',#6316,#6317);
#6316 = CARTESIAN_POINT('',(0.,0.));
#6317 = VECTOR('',#6318,1.);
#6318 = DIRECTION('',(0.,1.));
#6319 = ( GEOMETRIC_REPRESENTATION_CONTEXT(2) 
PARAMETRIC_REPRESENTATION_CONTEXT() REPRESENTATION_CONTEXT('2D SPACE',''
  ) );
#6320 = ADVANCED_FACE('',(#6321),#5504,.T.);
#6321 = FACE_BOUND('',#6322,.T.);
#6322 = EDGE_LOOP('',(#6323,#6324,#6347,#6440));
#6323 = ORIENTED_EDGE('',*,*,#5485,.T.);
#6324 = ORIENTED_EDGE('',*,*,#6325,.T.);
#6325 = EDGE_CURVE('',#5460,#6326,#6328,.T.);
#6326 = VERTEX_POINT('',#6327);
#6327 = CARTESIAN_POINT('',(9.509890506344,-28.51049967932,
    6.534899496703));
#6328 = SURFACE_CURVE('',#6329,(#6333,#6340),.PCURVE_S1.);
#6329 = LINE('',#6330,#6331);
#6330 = CARTESIAN_POINT('',(10.001215748665,-29.00182492164,
    -7.534814586701));
#6331 = VECTOR('',#6332,1.);
#6332 = DIRECTION('',(-3.487826274237E-02,3.487826274237E-02,
    0.998782765959));
#6333 = PCURVE('',#5504,#6334);
#6334 = DEFINITIONAL_REPRESENTATION('',(#6335),#6339);
#6335 = LINE('',#6336,#6337);
#6336 = CARTESIAN_POINT('',(1.569578351624,0.));
#6337 = VECTOR('',#6338,1.);
#6338 = DIRECTION('',(0.,1.));
#6339 = ( GEOMETRIC_REPRESENTATION_CONTEXT(2) 
PARAMETRIC_REPRESENTATION_CONTEXT() REPRESENTATION_CONTEXT('2D SPACE',''
  ) );
#6340 = PCURVE('',#5474,#6341);
#6341 = DEFINITIONAL_REPRESENTATION('',(#6342),#6346);
#6342 = LINE('',#6343,#6344);
#6343 = CARTESIAN_POINT('',(-1.588540815704,-29.00182492164));
#6344 = VECTOR('',#6345,1.);
#6345 = DIRECTION('',(-0.999391568299,3.487826274237E-02));
#6346 = ( GEOMETRIC_REPRESENTATION_CONTEXT(2) 
PARAMETRIC_REPRESENTATION_CONTEXT() REPRESENTATION_CONTEXT('2D SPACE',''
  ) );
#6347 = ORIENTED_EDGE('',*,*,#6348,.F.);
#6348 = EDGE_CURVE('',#6251,#6326,#6349,.T.);
#6349 = SURFACE_CURVE('',#6350,(#6355,#6361),.PCURVE_S1.);
#6350 = CIRCLE('',#6351,1.);
#6351 = AXIS2_PLACEMENT_3D('',#6352,#6353,#6354);
#6352 = CARTESIAN_POINT('',(8.510499679325,-28.51049967932,6.5));
#6353 = DIRECTION('',(-3.487826274237E-02,3.487826274237E-02,
    0.998782765959));
#6354 = DIRECTION('',(2.168404344971E-19,-0.999390827019,
    3.48994967025E-02));
#6355 = PCURVE('',#5504,#6356);
#6356 = DEFINITIONAL_REPRESENTATION('',(#6357),#6360);
#6357 = B_SPLINE_CURVE_WITH_KNOTS('',1,(#6358,#6359),.UNSPECIFIED.,.F.,
  .F.,(2,2),(0.,1.569578351624),.PIECEWISE_BEZIER_KNOTS.);
#6358 = CARTESIAN_POINT('',(0.,14.086861090257));
#6359 = CARTESIAN_POINT('',(1.569578351624,14.086861090257));
#6360 = ( GEOMETRIC_REPRESENTATION_CONTEXT(2) 
PARAMETRIC_REPRESENTATION_CONTEXT() REPRESENTATION_CONTEXT('2D SPACE',''
  ) );
#6361 = PCURVE('',#6362,#6435);
#6362 = B_SPLINE_SURFACE_WITH_KNOTS('',7,8,(
    (#6363,#6364,#6365,#6366,#6367,#6368,#6369,#6370,#6371)
    ,(#6372,#6373,#6374,#6375,#6376,#6377,#6378,#6379,#6380)
    ,(#6381,#6382,#6383,#6384,#6385,#6386,#6387,#6388,#6389)
    ,(#6390,#6391,#6392,#6393,#6394,#6395,#6396,#6397,#6398)
    ,(#6399,#6400,#6401,#6402,#6403,#6404,#6405,#6406,#6407)
    ,(#6408,#6409,#6410,#6411,#6412,#6413,#6414,#6415,#6416)
    ,(#6417,#6418,#6419,#6420,#6421,#6422,#6423,#6424,#6425)
    ,(#6426,#6427,#6428,#6429,#6430,#6431,#6432,#6433,#6434
  )),.UNSPECIFIED.,.F.,.F.,.F.,(8,8),(9,9),(0.,1.),(0.,1.),
  .PIECEWISE_BEZIER_KNOTS.);
#6363 = CARTESIAN_POINT('',(8.510499679456,-29.50989050634,
    6.534899496702));
#6364 = CARTESIAN_POINT('',(8.70657760074,-29.50965168836,6.541738348887
    ));
#6365 = CARTESIAN_POINT('',(8.90265558337,-29.46544718255,6.547041887564
    ));
#6366 = CARTESIAN_POINT('',(9.087231870929,-29.37729142698,
    6.550408966737));
#6367 = CARTESIAN_POINT('',(9.248807205164,-29.24880720511,
    6.551564533844));
#6368 = CARTESIAN_POINT('',(9.377291427024,-29.08723187087,
    6.550408966737));
#6369 = CARTESIAN_POINT('',(9.465447182581,-28.90265558329,
    6.547041887564));
#6370 = CARTESIAN_POINT('',(9.509651688363,-28.70657760062,
    6.541738348887));
#6371 = CARTESIAN_POINT('',(9.509890506344,-28.51049967932,
    6.534899496703));
#6372 = CARTESIAN_POINT('',(8.510499696416,-29.50223294129,
    6.754183468854));
#6373 = CARTESIAN_POINT('',(8.705993086497,-29.5008620437,6.750417838007
    ));
#6374 = CARTESIAN_POINT('',(8.908518345483,-29.45611956363,
    6.739365441624));
#6375 = CARTESIAN_POINT('',(9.102386855447,-29.36275619717,
    6.720348956144));
#6376 = CARTESIAN_POINT('',(9.266662587453,-29.22328598272,
    6.693251853173));
#6377 = CARTESIAN_POINT('',(9.386703066873,-29.05817063249,
    6.659271677982));
#6378 = CARTESIAN_POINT('',(9.467330261743,-28.88027703308,
    6.620386376982));
#6379 = CARTESIAN_POINT('',(9.508373690162,-28.69545553814,
    6.578335429083));
#6380 = CARTESIAN_POINT('',(9.509890506344,-28.51049967932,
    6.534899496703));
#6381 = CARTESIAN_POINT('',(8.51049649805,-29.43844461054,6.971475016675
    ));
#6382 = CARTESIAN_POINT('',(8.705405758846,-29.44101661056,
    6.965314187359));
#6383 = CARTESIAN_POINT('',(8.911729308296,-29.3688303601,6.969374986776
    ));
#6384 = CARTESIAN_POINT('',(9.111130673918,-29.27263129047,
    6.932377366917));
#6385 = CARTESIAN_POINT('',(9.276613827731,-29.1358707284,6.871901549022
    ));
#6386 = CARTESIAN_POINT('',(9.390762003252,-28.98276059253,
    6.796350031689));
#6387 = CARTESIAN_POINT('',(9.466541263979,-28.82575619298,
    6.712402690301));
#6388 = CARTESIAN_POINT('',(9.506208898025,-28.64825643411,
    6.640326965004));
#6389 = CARTESIAN_POINT('',(9.509890506344,-28.51049967932,
    6.534899496702));
#6390 = CARTESIAN_POINT('',(8.510532867794,-29.31913919256,
    7.169627460477));
#6391 = CARTESIAN_POINT('',(8.704853053288,-29.32340093037,
    7.169896957077));
#6392 = CARTESIAN_POINT('',(8.913164570384,-29.27273858697,
    7.149417113185));
#6393 = CARTESIAN_POINT('',(9.115598942281,-29.18947328991,
    7.088995271194));
#6394 = CARTESIAN_POINT('',(9.281980757783,-29.06777775194,
    6.995996923829));
#6395 = CARTESIAN_POINT('',(9.393425217797,-28.93040514869,
    6.886640715105));
#6396 = CARTESIAN_POINT('',(9.466824463649,-28.78952770812,
    6.770939357094));
#6397 = CARTESIAN_POINT('',(9.505606491942,-28.63927096284,
    6.657577618192));
#6398 = CARTESIAN_POINT('',(9.509890506344,-28.51049967932,
    6.534899496703));
#6399 = CARTESIAN_POINT('',(8.510522034266,-29.15148579562,
    7.331504730717));
#6400 = CARTESIAN_POINT('',(8.704259044866,-29.14796830327,
    7.338811617632));
#6401 = CARTESIAN_POINT('',(8.912290126754,-29.12451141485,
    7.291670078696));
#6402 = CARTESIAN_POINT('',(9.114605702812,-29.06151716378,
    7.211403949802));
#6403 = CARTESIAN_POINT('',(9.280998189432,-28.96712371265,
    7.092082571551));
#6404 = CARTESIAN_POINT('',(9.392613747438,-28.85754266791,
    6.956195877858));
#6405 = CARTESIAN_POINT('',(9.46624683894,-28.74233921449,6.816069020026
    ));
#6406 = CARTESIAN_POINT('',(9.505323420817,-28.63074527224,
    6.665683714598));
#6407 = CARTESIAN_POINT('',(9.509890506344,-28.51049967932,
    6.534899496703));
#6408 = CARTESIAN_POINT('',(8.510499662715,-28.949324819,7.443833608883)
  );
#6409 = CARTESIAN_POINT('',(8.703654940674,-28.93838507332,
    7.448710649353));
#6410 = CARTESIAN_POINT('',(8.908975954264,-28.93955706562,
    7.380446900307));
#6411 = CARTESIAN_POINT('',(9.107835591175,-28.90015760566,
    7.287739119525));
#6412 = CARTESIAN_POINT('',(9.273204349466,-28.83896363976,
    7.154475353768));
#6413 = CARTESIAN_POINT('',(9.38778334326,-28.76416181994,7.004350142013
    ));
#6414 = CARTESIAN_POINT('',(9.464313988067,-28.68181473325,
    6.849613379059));
#6415 = CARTESIAN_POINT('',(9.50503969133,-28.61293664179,6.67380866407)
  );
#6416 = CARTESIAN_POINT('',(9.509890506344,-28.51049967932,
    6.534899496703));
#6417 = CARTESIAN_POINT('',(8.510499679306,-28.72991306494,7.5));
#6418 = CARTESIAN_POINT('',(8.703070426111,-28.72029853965,
    7.500000000002));
#6419 = CARTESIAN_POINT('',(8.902757017949,-28.70440320182,
    7.457586606392));
#6420 = CARTESIAN_POINT('',(9.094156532482,-28.68222911402,
    7.367547584897));
#6421 = CARTESIAN_POINT('',(9.256877155979,-28.65429381674,
    7.232396283404));
#6422 = CARTESIAN_POINT('',(9.37688952721,-28.6216312177,7.07198604246)
  );
#6423 = CARTESIAN_POINT('',(9.459118752978,-28.58568276818,
    6.898629428422));
#6424 = CARTESIAN_POINT('',(9.503512252385,-28.54809121937,
    6.717548792559));
#6425 = CARTESIAN_POINT('',(9.509890506344,-28.51049967932,
    6.534899496703));
#6426 = CARTESIAN_POINT('',(8.510499679325,-28.51049967932,7.5));
#6427 = CARTESIAN_POINT('',(8.702485897044,-28.51049967932,7.5));
#6428 = CARTESIAN_POINT('',(8.894472166012,-28.51049967932,
    7.457875718356));
#6429 = CARTESIAN_POINT('',(9.075675040817,-28.51049967932,
    7.373627502346));
#6430 = CARTESIAN_POINT('',(9.235313159269,-28.51049967932,
    7.250566330327));
#6431 = CARTESIAN_POINT('',(9.363870655736,-28.51049967932,7.09532023207
    ));
#6432 = CARTESIAN_POINT('',(9.454391439141,-28.51049967932,
    6.917167961497));
#6433 = CARTESIAN_POINT('',(9.503190283972,-28.51049967932,
    6.726768761605));
#6434 = CARTESIAN_POINT('',(9.509890506344,-28.51049967932,
    6.534899496703));
#6435 = DEFINITIONAL_REPRESENTATION('',(#6436),#6439);
#6436 = B_SPLINE_CURVE_WITH_KNOTS('',1,(#6437,#6438),.UNSPECIFIED.,.F.,
  .F.,(2,2),(0.,1.569578351624),.PIECEWISE_BEZIER_KNOTS.);
#6437 = CARTESIAN_POINT('',(0.,0.));
#6438 = CARTESIAN_POINT('',(0.,1.));
#6439 = ( GEOMETRIC_REPRESENTATION_CONTEXT(2) 
PARAMETRIC_REPRESENTATION_CONTEXT() REPRESENTATION_CONTEXT('2D SPACE',''
  ) );
#6440 = ORIENTED_EDGE('',*,*,#6300,.F.);
#6441 = ADVANCED_FACE('',(#6442),#5331,.T.);
#6442 = FACE_BOUND('',#6443,.F.);
#6443 = EDGE_LOOP('',(#6444,#6445,#6468,#6561));
#6444 = ORIENTED_EDGE('',*,*,#5314,.T.);
#6445 = ORIENTED_EDGE('',*,*,#6446,.T.);
#6446 = EDGE_CURVE('',#5315,#6447,#6449,.T.);
#6447 = VERTEX_POINT('',#6448);
#6448 = CARTESIAN_POINT('',(-9.509890506344,-28.51049967932,
    6.534899496703));
#6449 = SURFACE_CURVE('',#6450,(#6454,#6461),.PCURVE_S1.);
#6450 = LINE('',#6451,#6452);
#6451 = CARTESIAN_POINT('',(-10.00121574866,-29.00182492164,
    -7.534814586701));
#6452 = VECTOR('',#6453,1.);
#6453 = DIRECTION('',(3.487826274237E-02,3.487826274237E-02,
    0.998782765959));
#6454 = PCURVE('',#5331,#6455);
#6455 = DEFINITIONAL_REPRESENTATION('',(#6456),#6460);
#6456 = LINE('',#6457,#6458);
#6457 = CARTESIAN_POINT('',(-1.569578351624,0.));
#6458 = VECTOR('',#6459,1.);
#6459 = DIRECTION('',(-0.,1.));
#6460 = ( GEOMETRIC_REPRESENTATION_CONTEXT(2) 
PARAMETRIC_REPRESENTATION_CONTEXT() REPRESENTATION_CONTEXT('2D SPACE',''
  ) );
#6461 = PCURVE('',#5360,#6462);
#6462 = DEFINITIONAL_REPRESENTATION('',(#6463),#6467);
#6463 = LINE('',#6464,#6465);
#6464 = CARTESIAN_POINT('',(1.588540815704,-29.00182492164));
#6465 = VECTOR('',#6466,1.);
#6466 = DIRECTION('',(0.999391568299,3.487826274237E-02));
#6467 = ( GEOMETRIC_REPRESENTATION_CONTEXT(2) 
PARAMETRIC_REPRESENTATION_CONTEXT() REPRESENTATION_CONTEXT('2D SPACE',''
  ) );
#6468 = ORIENTED_EDGE('',*,*,#6469,.F.);
#6469 = EDGE_CURVE('',#6249,#6447,#6470,.T.);
#6470 = SURFACE_CURVE('',#6471,(#6476,#6482),.PCURVE_S1.);
#6471 = CIRCLE('',#6472,1.);
#6472 = AXIS2_PLACEMENT_3D('',#6473,#6474,#6475);
#6473 = CARTESIAN_POINT('',(-8.510499679325,-28.51049967932,6.5));
#6474 = DIRECTION('',(-3.487826274237E-02,-3.487826274237E-02,
    -0.998782765959));
#6475 = DIRECTION('',(-2.168404344971E-19,-0.999390827019,
    3.48994967025E-02));
#6476 = PCURVE('',#5331,#6477);
#6477 = DEFINITIONAL_REPRESENTATION('',(#6478),#6481);
#6478 = B_SPLINE_CURVE_WITH_KNOTS('',1,(#6479,#6480),.UNSPECIFIED.,.F.,
  .F.,(2,2),(0.,1.569578351624),.PIECEWISE_BEZIER_KNOTS.);
#6479 = CARTESIAN_POINT('',(0.,14.086861090257));
#6480 = CARTESIAN_POINT('',(-1.569578351624,14.086861090257));
#6481 = ( GEOMETRIC_REPRESENTATION_CONTEXT(2) 
PARAMETRIC_REPRESENTATION_CONTEXT() REPRESENTATION_CONTEXT('2D SPACE',''
  ) );
#6482 = PCURVE('',#6483,#6556);
#6483 = B_SPLINE_SURFACE_WITH_KNOTS('',7,8,(
    (#6484,#6485,#6486,#6487,#6488,#6489,#6490,#6491,#6492)
    ,(#6493,#6494,#6495,#6496,#6497,#6498,#6499,#6500,#6501)
    ,(#6502,#6503,#6504,#6505,#6506,#6507,#6508,#6509,#6510)
    ,(#6511,#6512,#6513,#6514,#6515,#6516,#6517,#6518,#6519)
    ,(#6520,#6521,#6522,#6523,#6524,#6525,#6526,#6527,#6528)
    ,(#6529,#6530,#6531,#6532,#6533,#6534,#6535,#6536,#6537)
    ,(#6538,#6539,#6540,#6541,#6542,#6543,#6544,#6545,#6546)
    ,(#6547,#6548,#6549,#6550,#6551,#6552,#6553,#6554,#6555
  )),.UNSPECIFIED.,.F.,.F.,.F.,(8,8),(9,9),(0.,1.),(0.,1.),
  .PIECEWISE_BEZIER_KNOTS.);
#6484 = CARTESIAN_POINT('',(-8.510499679456,-29.50989050634,
    6.534899496702));
#6485 = CARTESIAN_POINT('',(-8.70657760074,-29.50965168836,
    6.541738348887));
#6486 = CARTESIAN_POINT('',(-8.90265558337,-29.46544718255,
    6.547041887564));
#6487 = CARTESIAN_POINT('',(-9.087231870929,-29.37729142698,
    6.550408966737));
#6488 = CARTESIAN_POINT('',(-9.248807205165,-29.24880720511,
    6.551564533844));
#6489 = CARTESIAN_POINT('',(-9.377291427024,-29.08723187087,
    6.550408966737));
#6490 = CARTESIAN_POINT('',(-9.465447182582,-28.90265558329,
    6.547041887564));
#6491 = CARTESIAN_POINT('',(-9.509651688363,-28.70657760062,
    6.541738348887));
#6492 = CARTESIAN_POINT('',(-9.509890506344,-28.51049967932,
    6.534899496703));
#6493 = CARTESIAN_POINT('',(-8.510499696416,-29.50223294129,
    6.754183468854));
#6494 = CARTESIAN_POINT('',(-8.705993086497,-29.5008620437,
    6.750417838007));
#6495 = CARTESIAN_POINT('',(-8.908518345484,-29.45611956363,
    6.739365441624));
#6496 = CARTESIAN_POINT('',(-9.102386855447,-29.36275619717,
    6.720348956144));
#6497 = CARTESIAN_POINT('',(-9.266662587453,-29.22328598272,
    6.693251853173));
#6498 = CARTESIAN_POINT('',(-9.386703066873,-29.05817063249,
    6.659271677982));
#6499 = CARTESIAN_POINT('',(-9.467330261743,-28.88027703308,
    6.620386376982));
#6500 = CARTESIAN_POINT('',(-9.508373690161,-28.69545553814,
    6.578335429083));
#6501 = CARTESIAN_POINT('',(-9.509890506344,-28.51049967932,
    6.534899496703));
#6502 = CARTESIAN_POINT('',(-8.51049649805,-29.43844461054,
    6.971475016675));
#6503 = CARTESIAN_POINT('',(-8.705405758846,-29.44101661056,
    6.965314187359));
#6504 = CARTESIAN_POINT('',(-8.911729308296,-29.3688303601,
    6.969374986776));
#6505 = CARTESIAN_POINT('',(-9.111130673918,-29.27263129047,
    6.932377366917));
#6506 = CARTESIAN_POINT('',(-9.276613827732,-29.1358707284,
    6.871901549022));
#6507 = CARTESIAN_POINT('',(-9.390762003252,-28.98276059253,
    6.796350031689));
#6508 = CARTESIAN_POINT('',(-9.466541263979,-28.82575619298,
    6.712402690301));
#6509 = CARTESIAN_POINT('',(-9.506208898025,-28.64825643411,
    6.640326965004));
#6510 = CARTESIAN_POINT('',(-9.509890506344,-28.51049967932,
    6.534899496702));
#6511 = CARTESIAN_POINT('',(-8.510532867794,-29.31913919256,
    7.169627460477));
#6512 = CARTESIAN_POINT('',(-8.704853053287,-29.32340093037,
    7.169896957077));
#6513 = CARTESIAN_POINT('',(-8.913164570384,-29.27273858697,
    7.149417113185));
#6514 = CARTESIAN_POINT('',(-9.11559894228,-29.18947328991,
    7.088995271194));
#6515 = CARTESIAN_POINT('',(-9.281980757783,-29.06777775194,
    6.995996923829));
#6516 = CARTESIAN_POINT('',(-9.393425217797,-28.93040514869,
    6.886640715106));
#6517 = CARTESIAN_POINT('',(-9.466824463649,-28.78952770812,
    6.770939357094));
#6518 = CARTESIAN_POINT('',(-9.505606491942,-28.63927096284,
    6.657577618192));
#6519 = CARTESIAN_POINT('',(-9.509890506344,-28.51049967932,
    6.534899496703));
#6520 = CARTESIAN_POINT('',(-8.510522034266,-29.15148579562,
    7.331504730717));
#6521 = CARTESIAN_POINT('',(-8.704259044866,-29.14796830327,
    7.338811617632));
#6522 = CARTESIAN_POINT('',(-8.912290126754,-29.12451141485,
    7.291670078697));
#6523 = CARTESIAN_POINT('',(-9.114605702812,-29.06151716378,
    7.211403949802));
#6524 = CARTESIAN_POINT('',(-9.280998189432,-28.96712371265,
    7.092082571551));
#6525 = CARTESIAN_POINT('',(-9.392613747438,-28.85754266791,
    6.956195877858));
#6526 = CARTESIAN_POINT('',(-9.46624683894,-28.74233921449,
    6.816069020026));
#6527 = CARTESIAN_POINT('',(-9.505323420817,-28.63074527224,
    6.665683714598));
#6528 = CARTESIAN_POINT('',(-9.509890506344,-28.51049967932,
    6.534899496703));
#6529 = CARTESIAN_POINT('',(-8.510499662715,-28.949324819,7.443833608884
    ));
#6530 = CARTESIAN_POINT('',(-8.703654940674,-28.93838507332,
    7.448710649353));
#6531 = CARTESIAN_POINT('',(-8.908975954265,-28.93955706562,
    7.380446900307));
#6532 = CARTESIAN_POINT('',(-9.107835591175,-28.90015760566,
    7.287739119525));
#6533 = CARTESIAN_POINT('',(-9.273204349467,-28.83896363976,
    7.154475353769));
#6534 = CARTESIAN_POINT('',(-9.38778334326,-28.76416181994,
    7.004350142013));
#6535 = CARTESIAN_POINT('',(-9.464313988067,-28.68181473325,
    6.849613379059));
#6536 = CARTESIAN_POINT('',(-9.50503969133,-28.61293664179,6.67380866407
    ));
#6537 = CARTESIAN_POINT('',(-9.509890506344,-28.51049967932,
    6.534899496703));
#6538 = CARTESIAN_POINT('',(-8.510499679306,-28.72991306494,7.5));
#6539 = CARTESIAN_POINT('',(-8.70307042611,-28.72029853965,
    7.500000000002));
#6540 = CARTESIAN_POINT('',(-8.902757017949,-28.70440320182,
    7.457586606392));
#6541 = CARTESIAN_POINT('',(-9.094156532482,-28.68222911402,
    7.367547584897));
#6542 = CARTESIAN_POINT('',(-9.256877155979,-28.65429381674,
    7.232396283404));
#6543 = CARTESIAN_POINT('',(-9.37688952721,-28.6216312177,7.07198604246)
  );
#6544 = CARTESIAN_POINT('',(-9.459118752978,-28.58568276818,
    6.898629428422));
#6545 = CARTESIAN_POINT('',(-9.503512252385,-28.54809121937,
    6.717548792559));
#6546 = CARTESIAN_POINT('',(-9.509890506344,-28.51049967932,
    6.534899496703));
#6547 = CARTESIAN_POINT('',(-8.510499679325,-28.51049967932,7.5));
#6548 = CARTESIAN_POINT('',(-8.702485897044,-28.51049967932,7.5));
#6549 = CARTESIAN_POINT('',(-8.894472166012,-28.51049967932,
    7.457875718356));
#6550 = CARTESIAN_POINT('',(-9.075675040817,-28.51049967932,
    7.373627502346));
#6551 = CARTESIAN_POINT('',(-9.235313159269,-28.51049967932,
    7.250566330327));
#6552 = CARTESIAN_POINT('',(-9.363870655736,-28.51049967932,
    7.09532023207));
#6553 = CARTESIAN_POINT('',(-9.454391439141,-28.51049967932,
    6.917167961497));
#6554 = CARTESIAN_POINT('',(-9.503190283972,-28.51049967932,
    6.726768761605));
#6555 = CARTESIAN_POINT('',(-9.509890506344,-28.51049967932,
    6.534899496703));
#6556 = DEFINITIONAL_REPRESENTATION('',(#6557),#6560);
#6557 = B_SPLINE_CURVE_WITH_KNOTS('',1,(#6558,#6559),.UNSPECIFIED.,.F.,
  .F.,(2,2),(0.,1.569578351624),.PIECEWISE_BEZIER_KNOTS.);
#6558 = CARTESIAN_POINT('',(0.,0.));
#6559 = CARTESIAN_POINT('',(0.,1.));
#6560 = ( GEOMETRIC_REPRESENTATION_CONTEXT(2) 
PARAMETRIC_REPRESENTATION_CONTEXT() REPRESENTATION_CONTEXT('2D SPACE',''
  ) );
#6561 = ORIENTED_EDGE('',*,*,#6278,.F.);
#6562 = ADVANCED_FACE('',(#6563),#5474,.T.);
#6563 = FACE_BOUND('',#6564,.T.);
#6564 = EDGE_LOOP('',(#6565,#6566,#6589,#6617,#6698,#7098,#7124));
#6565 = ORIENTED_EDGE('',*,*,#5459,.F.);
#6566 = ORIENTED_EDGE('',*,*,#6567,.F.);
#6567 = EDGE_CURVE('',#6568,#5429,#6570,.T.);
#6568 = VERTEX_POINT('',#6569);
#6569 = CARTESIAN_POINT('',(9.509890506344,28.510499679325,
    6.534899496703));
#6570 = SURFACE_CURVE('',#6571,(#6575,#6582),.PCURVE_S1.);
#6571 = LINE('',#6572,#6573);
#6572 = CARTESIAN_POINT('',(9.511106258501,28.511715431482,
    6.500084910002));
#6573 = VECTOR('',#6574,1.);
#6574 = DIRECTION('',(3.487826274237E-02,3.487826274237E-02,
    -0.998782765959));
#6575 = PCURVE('',#5474,#6576);
#6576 = DEFINITIONAL_REPRESENTATION('',(#6577),#6581);
#6577 = LINE('',#6578,#6579);
#6578 = CARTESIAN_POINT('',(-15.63199520537,28.511715431482));
#6579 = VECTOR('',#6580,1.);
#6580 = DIRECTION('',(0.999391568299,3.487826274237E-02));
#6581 = ( GEOMETRIC_REPRESENTATION_CONTEXT(2) 
PARAMETRIC_REPRESENTATION_CONTEXT() REPRESENTATION_CONTEXT('2D SPACE',''
  ) );
#6582 = PCURVE('',#5445,#6583);
#6583 = DEFINITIONAL_REPRESENTATION('',(#6584),#6588);
#6584 = LINE('',#6585,#6586);
#6585 = CARTESIAN_POINT('',(1.569578351624,0.));
#6586 = VECTOR('',#6587,1.);
#6587 = DIRECTION('',(0.,1.));
#6588 = ( GEOMETRIC_REPRESENTATION_CONTEXT(2) 
PARAMETRIC_REPRESENTATION_CONTEXT() REPRESENTATION_CONTEXT('2D SPACE',''
  ) );
#6589 = ORIENTED_EDGE('',*,*,#6590,.F.);
#6590 = EDGE_CURVE('',#6591,#6568,#6593,.T.);
#6591 = VERTEX_POINT('',#6592);
#6592 = CARTESIAN_POINT('',(9.509890506344,24.310491562286,
    6.534899496703));
#6593 = SURFACE_CURVE('',#6594,(#6598,#6605),.PCURVE_S1.);
#6594 = LINE('',#6595,#6596);
#6595 = CARTESIAN_POINT('',(9.509890506344,24.310491562286,
    6.534899496703));
#6596 = VECTOR('',#6597,1.);
#6597 = DIRECTION('',(-0.,1.,-0.));
#6598 = PCURVE('',#5474,#6599);
#6599 = DEFINITIONAL_REPRESENTATION('',(#6600),#6604);
#6600 = LINE('',#6601,#6602);
#6601 = CARTESIAN_POINT('',(-15.66683101311,24.310491562286));
#6602 = VECTOR('',#6603,1.);
#6603 = DIRECTION('',(0.,1.));
#6604 = ( GEOMETRIC_REPRESENTATION_CONTEXT(2) 
PARAMETRIC_REPRESENTATION_CONTEXT() REPRESENTATION_CONTEXT('2D SPACE',''
  ) );
#6605 = PCURVE('',#6606,#6611);
#6606 = CYLINDRICAL_SURFACE('',#6607,1.);
#6607 = AXIS2_PLACEMENT_3D('',#6608,#6609,#6610);
#6608 = CARTESIAN_POINT('',(8.510499679325,24.310491562286,6.5));
#6609 = DIRECTION('',(-0.,1.,-0.));
#6610 = DIRECTION('',(0.,0.,1.));
#6611 = DEFINITIONAL_REPRESENTATION('',(#6612),#6616);
#6612 = LINE('',#6613,#6614);
#6613 = CARTESIAN_POINT('',(1.535889741755,0.));
#6614 = VECTOR('',#6615,1.);
#6615 = DIRECTION('',(0.,1.));
#6616 = ( GEOMETRIC_REPRESENTATION_CONTEXT(2) 
PARAMETRIC_REPRESENTATION_CONTEXT() REPRESENTATION_CONTEXT('2D SPACE',''
  ) );
#6617 = ORIENTED_EDGE('',*,*,#6618,.F.);
#6618 = EDGE_CURVE('',#6619,#6591,#6621,.T.);
#6619 = VERTEX_POINT('',#6620);
#6620 = CARTESIAN_POINT('',(9.510658736646,24.276793080073,
    6.512900259196));
#6621 = SURFACE_CURVE('',#6622,(#6630,#6641),.PCURVE_S1.);
#6622 = B_SPLINE_CURVE_WITH_KNOTS('',6,(#6623,#6624,#6625,#6626,#6627,
    #6628,#6629),.UNSPECIFIED.,.F.,.F.,(7,7),(0.,1.),
  .PIECEWISE_BEZIER_KNOTS.);
#6623 = CARTESIAN_POINT('',(9.510658736646,24.276793080073,
    6.512900259196));
#6624 = CARTESIAN_POINT('',(9.510518879745,24.282483628616,
    6.516905236839));
#6625 = CARTESIAN_POINT('',(9.510356461249,24.28796547541,6.521556294013
    ));
#6626 = CARTESIAN_POINT('',(9.510192454218,24.291528367743,
    6.526252840903));
#6627 = CARTESIAN_POINT('',(9.509913546603,24.29599708977,6.534239709989
    ));
#6628 = CARTESIAN_POINT('',(9.509890506344,24.303548845696,
    6.534899496703));
#6629 = CARTESIAN_POINT('',(9.509890506344,24.310491562286,
    6.534899496703));
#6630 = PCURVE('',#5474,#6631);
#6631 = DEFINITIONAL_REPRESENTATION('',(#6632),#6640);
#6632 = B_SPLINE_CURVE_WITH_KNOTS('',6,(#6633,#6634,#6635,#6636,#6637,
    #6638,#6639),.UNSPECIFIED.,.F.,.F.,(7,7),(0.,1.),
  .PIECEWISE_BEZIER_KNOTS.);
#6633 = CARTESIAN_POINT('',(-15.64481836609,24.276793080073));
#6634 = CARTESIAN_POINT('',(-15.64882578495,24.282483628616));
#6635 = CARTESIAN_POINT('',(-15.65350597531,24.287948798538));
#6636 = CARTESIAN_POINT('',(-15.65811448622,24.291569948497));
#6637 = CARTESIAN_POINT('',(-15.66621897081,24.295969078339));
#6638 = CARTESIAN_POINT('',(-15.66683101311,24.303548845696));
#6639 = CARTESIAN_POINT('',(-15.66683101311,24.310491562286));
#6640 = ( GEOMETRIC_REPRESENTATION_CONTEXT(2) 
PARAMETRIC_REPRESENTATION_CONTEXT() REPRESENTATION_CONTEXT('2D SPACE',''
  ) );
#6641 = PCURVE('',#6642,#6692);
#6642 = B_SPLINE_SURFACE_WITH_KNOTS('',6,6,(
    (#6643,#6644,#6645,#6646,#6647,#6648,#6649)
    ,(#6650,#6651,#6652,#6653,#6654,#6655,#6656)
    ,(#6657,#6658,#6659,#6660,#6661,#6662,#6663)
    ,(#6664,#6665,#6666,#6667,#6668,#6669,#6670)
    ,(#6671,#6672,#6673,#6674,#6675,#6676,#6677)
    ,(#6678,#6679,#6680,#6681,#6682,#6683,#6684)
    ,(#6685,#6686,#6687,#6688,#6689,#6690,#6691
  )),.UNSPECIFIED.,.F.,.F.,.F.,(7,7),(7,7),(0.,1.),(0.,1.),
  .PIECEWISE_BEZIER_KNOTS.);
#6643 = CARTESIAN_POINT('',(8.510523069243,23.747096624574,
    7.326187717265));
#6644 = CARTESIAN_POINT('',(8.76732619788,23.75102427223,7.328866063554)
  );
#6645 = CARTESIAN_POINT('',(9.024659147568,23.796885404065,
    7.264414029283));
#6646 = CARTESIAN_POINT('',(9.250892336566,23.884485452953,
    7.132038649143));
#6647 = CARTESIAN_POINT('',(9.416337938587,24.004328128147,
    6.945909791598));
#6648 = CARTESIAN_POINT('',(9.503056961129,24.140685385414,
    6.730586628306));
#6649 = CARTESIAN_POINT('',(9.510658736646,24.276793080073,
    6.512900259196));
#6650 = CARTESIAN_POINT('',(8.51043985168,23.829493424839,7.382375844039
    ));
#6651 = CARTESIAN_POINT('',(8.767117312942,23.832265190506,7.38369210892
    ));
#6652 = CARTESIAN_POINT('',(9.026953102341,23.871123818059,
    7.314387668287));
#6653 = CARTESIAN_POINT('',(9.255781379144,23.94843210742,7.169914046639
    ));
#6654 = CARTESIAN_POINT('',(9.417174180239,24.051713617328,
    6.971361047574));
#6655 = CARTESIAN_POINT('',(9.502538854638,24.167131134594,
    6.745423256994));
#6656 = CARTESIAN_POINT('',(9.510518879745,24.282483628616,
    6.516905236839));
#6657 = CARTESIAN_POINT('',(8.510591302564,23.918671857806,
    7.428736917197));
#6658 = CARTESIAN_POINT('',(8.767100224772,23.920910271371,
    7.429616494915));
#6659 = CARTESIAN_POINT('',(9.028087600211,23.962935084961,
    7.359289625397));
#6660 = CARTESIAN_POINT('',(9.258226648675,24.017729141688,
    7.203036087187));
#6661 = CARTESIAN_POINT('',(9.417283388503,24.092200698524,
    6.991753033492));
#6662 = CARTESIAN_POINT('',(9.502059119506,24.194533237764,6.75916107374
    ));
#6663 = CARTESIAN_POINT('',(9.510356461249,24.28796547541,6.521556294013
    ));
#6664 = CARTESIAN_POINT('',(8.510431229501,24.013008582691,
    7.464165098701));
#6665 = CARTESIAN_POINT('',(8.766823268555,24.01513276316,7.46478327913)
  );
#6666 = CARTESIAN_POINT('',(9.028077929105,24.03908708529,7.388636556969
    ));
#6667 = CARTESIAN_POINT('',(9.258398585533,24.087394993308,7.22904924157
    ));
#6668 = CARTESIAN_POINT('',(9.416843726154,24.151004266436,
    7.013663377663));
#6669 = CARTESIAN_POINT('',(9.501641550687,24.221195927533,6.77111868021
    ));
#6670 = CARTESIAN_POINT('',(9.510192454218,24.291528367743,
    6.526252840903));
#6671 = CARTESIAN_POINT('',(8.510524338298,24.111005427211,7.48806612947
    ));
#6672 = CARTESIAN_POINT('',(8.766738147123,24.112846258953,
    7.488388673743));
#6673 = CARTESIAN_POINT('',(9.027110490981,24.118551581119,
    7.408472043044));
#6674 = CARTESIAN_POINT('',(9.256634546223,24.159435285596,
    7.249214659253));
#6675 = CARTESIAN_POINT('',(9.415964482456,24.211462588152,
    7.032997903181));
#6676 = CARTESIAN_POINT('',(9.501195290559,24.24922349532,6.783897898263
    ));
#6677 = CARTESIAN_POINT('',(9.509913546603,24.29599708977,6.534239709989
    ));
#6678 = CARTESIAN_POINT('',(8.510499679325,24.210742343342,7.5));
#6679 = CARTESIAN_POINT('',(8.766597530442,24.212150911247,7.5));
#6680 = CARTESIAN_POINT('',(9.025160517946,24.220548393181,
    7.421518577939));
#6681 = CARTESIAN_POINT('',(9.253185469906,24.235902361291,
    7.260242009417));
#6682 = CARTESIAN_POINT('',(9.414762310633,24.256630100451,
    7.039368888649));
#6683 = CARTESIAN_POINT('',(9.501031794895,24.280110269958,
    6.788579801503));
#6684 = CARTESIAN_POINT('',(9.509890506344,24.303548845696,
    6.534899496703));
#6685 = CARTESIAN_POINT('',(8.510499679325,24.310491562286,7.5));
#6686 = CARTESIAN_POINT('',(8.76648130295,24.310491562286,7.5));
#6687 = CARTESIAN_POINT('',(9.022443620651,24.310491562286,
    7.421384055582));
#6688 = CARTESIAN_POINT('',(9.24833007977,24.310491562287,7.264045746098
    ));
#6689 = CARTESIAN_POINT('',(9.413455866743,24.310491562286,
    7.043787918719));
#6690 = CARTESIAN_POINT('',(9.500956876514,24.310491562286,6.79072518324
    ));
#6691 = CARTESIAN_POINT('',(9.509890506344,24.310491562286,
    6.534899496703));
#6692 = DEFINITIONAL_REPRESENTATION('',(#6693),#6697);
#6693 = LINE('',#6694,#6695);
#6694 = CARTESIAN_POINT('',(0.,1.));
#6695 = VECTOR('',#6696,1.);
#6696 = DIRECTION('',(1.,0.));
#6697 = ( GEOMETRIC_REPRESENTATION_CONTEXT(2) 
PARAMETRIC_REPRESENTATION_CONTEXT() REPRESENTATION_CONTEXT('2D SPACE',''
  ) );
#6698 = ORIENTED_EDGE('',*,*,#6699,.F.);
#6699 = EDGE_CURVE('',#6700,#6619,#6702,.T.);
#6700 = VERTEX_POINT('',#6701);
#6701 = CARTESIAN_POINT('',(9.509976886932,-24.30728123429,
    6.532863142573));
#6702 = SURFACE_CURVE('',#6703,(#6739,#6778),.PCURVE_S1.);
#6703 = ( BOUNDED_CURVE() B_SPLINE_CURVE(12,(#6704,#6705,#6706,#6707,
    #6708,#6709,#6710,#6711,#6712,#6713,#6714,#6715,#6716,#6717,#6718,
    #6719,#6720,#6721,#6722,#6723,#6724,#6725,#6726,#6727,#6728,#6729,
    #6730,#6731,#6732,#6733,#6734,#6735,#6736,#6737,#6738),
.UNSPECIFIED.,.F.,.F.) B_SPLINE_CURVE_WITH_KNOTS((13,11,11,13),(
    20.368932895497,20.386889736809,70.842949246782,70.860906088094),
.UNSPECIFIED.) CURVE() GEOMETRIC_REPRESENTATION_ITEM() 
RATIONAL_B_SPLINE_CURVE((1.,1.,1.,1.,1.000000000001,0.999999999999,
    1.000000000001,0.999999999999,1.000000000001,1.,1.,1.,1.,1.,
    0.999999999999,1.000000000002,0.999999999996,1.000000000005,
    0.999999999996,1.000000000003,0.999999999998,1.000000000001,1.,1.,1.
    ,1.000000000001,0.999999999998,1.000000000002,0.999999999997,
    1.000000000002,0.999999999999,1.000000000001,1.,1.,1.)) 
REPRESENTATION_ITEM('') );
#6704 = CARTESIAN_POINT('',(9.510658736646,-24.27679308007,
    6.512900259198));
#6705 = CARTESIAN_POINT('',(9.510680943171,-24.27588953289,
    6.512264347524));
#6706 = CARTESIAN_POINT('',(9.510703747824,-24.27495810116,
    6.511611307684));
#6707 = CARTESIAN_POINT('',(9.510727168618,-24.27399801289,
    6.510940623902));
#6708 = CARTESIAN_POINT('',(9.510751223563,-24.27300849613,
    6.510251780407));
#6709 = CARTESIAN_POINT('',(9.51077593067,-24.27198877889,6.50954426142)
  );
#6710 = CARTESIAN_POINT('',(9.510801307951,-24.27093808924,
    6.508817551174));
#6711 = CARTESIAN_POINT('',(9.510827373417,-24.26985565516,
    6.508071133886));
#6712 = CARTESIAN_POINT('',(9.510854145079,-24.26874070473,
    6.507304493791));
#6713 = CARTESIAN_POINT('',(9.510881640949,-24.26759246594,
    6.506517115109));
#6714 = CARTESIAN_POINT('',(9.510909879037,-24.26641016684,
    6.505708482068));
#6715 = CARTESIAN_POINT('',(9.510938877355,-24.26519303546,
    6.504878078893));
#6716 = CARTESIAN_POINT('',(9.594636365913,-20.74393907435,
    4.108095597398));
#6717 = CARTESIAN_POINT('',(9.666016947946,-16.91829482465,
    2.064023170827));
#6718 = CARTESIAN_POINT('',(9.722927001093,-12.86107495335,
    0.434332474549));
#6719 = CARTESIAN_POINT('',(9.762608872458,-8.691449216904,
    -0.702007644614));
#6720 = CARTESIAN_POINT('',(9.788967633399,-4.367695316391,
    -1.456823799099));
#6721 = CARTESIAN_POINT('',(9.795751771162,2.118994671583E-11,
    -1.651096086419));
#6722 = CARTESIAN_POINT('',(9.788967633399,4.367695316354,
    -1.456823799101));
#6723 = CARTESIAN_POINT('',(9.762608872458,8.691449216927,-0.70200764461
    ));
#6724 = CARTESIAN_POINT('',(9.722927001094,12.86107495334,0.434332474547
    ));
#6725 = CARTESIAN_POINT('',(9.666016947946,16.918294824643,
    2.064023170823));
#6726 = CARTESIAN_POINT('',(9.594636365914,20.74393907433,4.108095597384
    ));
#6727 = CARTESIAN_POINT('',(9.510938877355,24.265193035465,
    6.504878078891));
#6728 = CARTESIAN_POINT('',(9.510909879037,24.266410166845,
    6.505708482066));
#6729 = CARTESIAN_POINT('',(9.510881640949,24.267592465937,
    6.506517115105));
#6730 = CARTESIAN_POINT('',(9.510854145079,24.268740704735,
    6.507304493793));
#6731 = CARTESIAN_POINT('',(9.510827373418,24.269855655155,6.50807113388
    ));
#6732 = CARTESIAN_POINT('',(9.510801307951,24.270938089254,
    6.508817551178));
#6733 = CARTESIAN_POINT('',(9.510775930671,24.271988778886,
    6.509544261413));
#6734 = CARTESIAN_POINT('',(9.510751223563,24.273008496143,
    6.510251780409));
#6735 = CARTESIAN_POINT('',(9.510727168618,24.273998012886,
    6.510940623898));
#6736 = CARTESIAN_POINT('',(9.510703747824,24.274958101161,
    6.511611307683));
#6737 = CARTESIAN_POINT('',(9.510680943171,24.275889532895,
    6.512264347522));
#6738 = CARTESIAN_POINT('',(9.510658736646,24.276793080073,
    6.512900259196));
#6739 = PCURVE('',#5474,#6740);
#6740 = DEFINITIONAL_REPRESENTATION('',(#6741),#6777);
#6741 = B_SPLINE_CURVE_WITH_KNOTS('',12,(#6742,#6743,#6744,#6745,#6746,
    #6747,#6748,#6749,#6750,#6751,#6752,#6753,#6754,#6755,#6756,#6757,
    #6758,#6759,#6760,#6761,#6762,#6763,#6764,#6765,#6766,#6767,#6768,
    #6769,#6770,#6771,#6772,#6773,#6774,#6775,#6776),.UNSPECIFIED.,.F.,
  .F.,(13,11,11,13),(20.368932895497,20.386889736809,70.842949246782,
    70.860906088094),.UNSPECIFIED.);
#6742 = CARTESIAN_POINT('',(-15.64481836609,-24.27679308007));
#6743 = CARTESIAN_POINT('',(-15.6441820668,-24.27588953289));
#6744 = CARTESIAN_POINT('',(-15.64352862891,-24.27495810116));
#6745 = CARTESIAN_POINT('',(-15.64285753631,-24.27399801288));
#6746 = CARTESIAN_POINT('',(-15.64216827295,-24.27300849615));
#6747 = CARTESIAN_POINT('',(-15.64146032267,-24.27198877888));
#6748 = CARTESIAN_POINT('',(-15.64073316949,-24.27093808926));
#6749 = CARTESIAN_POINT('',(-15.63998629721,-24.26985565515));
#6750 = CARTESIAN_POINT('',(-15.63921918983,-24.26874070474));
#6751 = CARTESIAN_POINT('',(-15.63843133119,-24.26759246593));
#6752 = CARTESIAN_POINT('',(-15.63762220526,-24.26641016684));
#6753 = CARTESIAN_POINT('',(-15.63679129591,-24.26519303546));
#6754 = CARTESIAN_POINT('',(-13.23854786932,-20.74393907434));
#6755 = CARTESIAN_POINT('',(-11.19322949006,-16.91829482466));
#6756 = CARTESIAN_POINT('',(-9.562545425104,-12.86107495334));
#6757 = CARTESIAN_POINT('',(-8.42551265632,-8.691449216927));
#6758 = CARTESIAN_POINT('',(-7.670236407922,-4.367695316371));
#6759 = CARTESIAN_POINT('',(-7.475845703073,1.8640910579E-11));
#6760 = CARTESIAN_POINT('',(-7.670236407918,4.367695316337));
#6761 = CARTESIAN_POINT('',(-8.425512656327,8.691449216954));
#6762 = CARTESIAN_POINT('',(-9.562545425099,12.861074953317));
#6763 = CARTESIAN_POINT('',(-11.19322949006,16.918294824656));
#6764 = CARTESIAN_POINT('',(-13.23854786931,20.743939074325));
#6765 = CARTESIAN_POINT('',(-15.63679129591,24.265193035466));
#6766 = CARTESIAN_POINT('',(-15.63762220525,24.266410166836));
#6767 = CARTESIAN_POINT('',(-15.63843133121,24.26759246596));
#6768 = CARTESIAN_POINT('',(-15.6392191898,24.268740704693));
#6769 = CARTESIAN_POINT('',(-15.63998629725,24.26985565521));
#6770 = CARTESIAN_POINT('',(-15.64073316945,24.270938089199));
#6771 = CARTESIAN_POINT('',(-15.64146032271,24.27198877893));
#6772 = CARTESIAN_POINT('',(-15.64216827292,24.273008496114));
#6773 = CARTESIAN_POINT('',(-15.64285753632,24.2739980129));
#6774 = CARTESIAN_POINT('',(-15.6435286289,24.274958101156));
#6775 = CARTESIAN_POINT('',(-15.6441820668,24.275889532896));
#6776 = CARTESIAN_POINT('',(-15.64481836609,24.276793080073));
#6777 = ( GEOMETRIC_REPRESENTATION_CONTEXT(2) 
PARAMETRIC_REPRESENTATION_CONTEXT() REPRESENTATION_CONTEXT('2D SPACE',''
  ) );
#6778 = PCURVE('',#6779,#6885);
#6779 = ( BOUNDED_SURFACE() B_SPLINE_SURFACE(2,12,(
    (#6780,#6781,#6782,#6783,#6784,#6785,#6786,#6787,#6788,#6789,#6790
      ,#6791,#6792,#6793,#6794,#6795,#6796,#6797,#6798,#6799,#6800,#6801
      ,#6802,#6803,#6804,#6805,#6806,#6807,#6808,#6809,#6810,#6811,#6812
      ,#6813,#6814)
    ,(#6815,#6816,#6817,#6818,#6819,#6820,#6821,#6822,#6823,#6824,#6825
      ,#6826,#6827,#6828,#6829,#6830,#6831,#6832,#6833,#6834,#6835,#6836
      ,#6837,#6838,#6839,#6840,#6841,#6842,#6843,#6844,#6845,#6846,#6847
      ,#6848,#6849)
    ,(#6850,#6851,#6852,#6853,#6854,#6855,#6856,#6857,#6858,#6859,#6860
      ,#6861,#6862,#6863,#6864,#6865,#6866,#6867,#6868,#6869,#6870,#6871
      ,#6872,#6873,#6874,#6875,#6876,#6877,#6878,#6879,#6880,#6881,#6882
      ,#6883,#6884
)),.UNSPECIFIED.,.F.,.F.,.F.) B_SPLINE_SURFACE_WITH_KNOTS((3,3),(13,11,
    11,13),(0.,50.491973192597),(20.368932895497,20.386889736809,
    70.842949246782,70.860906088094),.UNSPECIFIED.) 
GEOMETRIC_REPRESENTATION_ITEM() RATIONAL_B_SPLINE_SURFACE((
    (1.,1.,1.,1.,1.000000000001,0.999999999999,1.000000000001
      ,0.999999999999,1.000000000001,1.,1.,1.,1.,1.,0.999999999999
      ,1.000000000002,0.999999999996,1.000000000005,0.999999999996
      ,1.000000000003,0.999999999998,1.000000000001,1.,1.,1.
      ,1.000000000001,0.999999999998,1.000000000002,0.999999999997
      ,1.000000000002,0.999999999999,1.000000000001,1.,1.,1.)
    ,(0.717236680317,0.717236747174,0.717236829304,0.71723692674
      ,0.717237039519,0.717237167675,0.717237311244,0.717237470261
      ,0.717237644762,0.717237834781,0.717238040355,0.717238261518
      ,0.717903835907,0.718503560635,0.718937286168,0.719270906147
      ,0.719475392335,0.719534154304,0.719475392334,0.719270906147
      ,0.718937286168,0.718503560636,0.717903835907,0.717238261518
      ,0.717238040354,0.717237834782,0.71723764476,0.717237470263
      ,0.717237311242,0.717237167676,0.717237039517,0.71723692674
      ,0.717236829304,0.717236747175,0.717236680317)
    ,(1.,1.,1.,1.,1.000000000001,0.999999999999,1.000000000001
      ,0.999999999999,1.000000000001,1.,1.,1.,1.,1.,0.999999999999
      ,1.000000000002,0.999999999996,1.000000000005,0.999999999996
      ,1.000000000003,0.999999999998,1.000000000001,1.,1.,1.
      ,1.000000000001,0.999999999998,1.000000000002,0.999999999997
      ,1.000000000002,0.999999999999,1.000000000001,1.,1.,1.
))) REPRESENTATION_ITEM('') SURFACE() );
#6780 = CARTESIAN_POINT('',(8.510523069243,-23.74709662457,
    7.326187717265));
#6781 = CARTESIAN_POINT('',(8.510552971568,-23.74584898123,
    7.325336922797));
#6782 = CARTESIAN_POINT('',(8.510582896146,-23.74460213961,
    7.324486746508));
#6783 = CARTESIAN_POINT('',(8.510612842683,-23.74335611659,
    7.323637199731));
#6784 = CARTESIAN_POINT('',(8.510642810883,-23.74211092908,
    7.322788293837));
#6785 = CARTESIAN_POINT('',(8.510672800454,-23.74086659396,
    7.321940040116));
#6786 = CARTESIAN_POINT('',(8.510702811096,-23.73962312814,
    7.321092449994));
#6787 = CARTESIAN_POINT('',(8.51073284252,-23.73838054851,7.320245534713
    ));
#6788 = CARTESIAN_POINT('',(8.510762894427,-23.73713887196,
    7.319399305717));
#6789 = CARTESIAN_POINT('',(8.510792966524,-23.73589811541,
    7.318553774269));
#6790 = CARTESIAN_POINT('',(8.510823058517,-23.73465829573,
    7.317708951764));
#6791 = CARTESIAN_POINT('',(8.510853170109,-23.73341942982,
    7.316864849521));
#6792 = CARTESIAN_POINT('',(8.59554665266,-20.25387961497,4.946275153805
    ));
#6793 = CARTESIAN_POINT('',(8.666917788804,-16.51223487399,
    2.951829623156));
#6794 = CARTESIAN_POINT('',(8.723503588999,-12.55291139967,
    1.367172155129));
#6795 = CARTESIAN_POINT('',(8.763175271126,-8.490126825806,
    0.258621367357));
#6796 = CARTESIAN_POINT('',(8.789612731632,-4.265257261921,
    -0.48156420645));
#6797 = CARTESIAN_POINT('',(8.796312718291,3.718943991044E-11,
    -0.66858790341));
#6798 = CARTESIAN_POINT('',(8.789612731632,4.265257261855,
    -0.481564206453));
#6799 = CARTESIAN_POINT('',(8.763175271126,8.49012682585,0.25862136736)
  );
#6800 = CARTESIAN_POINT('',(8.723503589,12.552911399641,1.367172155128)
  );
#6801 = CARTESIAN_POINT('',(8.666917788804,16.512234873983,
    2.951829623151));
#6802 = CARTESIAN_POINT('',(8.595546652661,20.253879614953,4.94627515379
    ));
#6803 = CARTESIAN_POINT('',(8.510853170109,23.733419429828,
    7.316864849521));
#6804 = CARTESIAN_POINT('',(8.510823058517,23.734658295728,
    7.317708951762));
#6805 = CARTESIAN_POINT('',(8.510792966524,23.735898115429,
    7.318553774275));
#6806 = CARTESIAN_POINT('',(8.510762894427,23.737138871943,
    7.319399305705));
#6807 = CARTESIAN_POINT('',(8.51073284252,23.738380548559,7.32024553473)
  );
#6808 = CARTESIAN_POINT('',(8.510702811096,23.739623128097,
    7.321092449975));
#6809 = CARTESIAN_POINT('',(8.510672800453,23.740866594008,
    7.321940040133));
#6810 = CARTESIAN_POINT('',(8.510642810883,23.742110929053,
    7.322788293826));
#6811 = CARTESIAN_POINT('',(8.510612842683,23.743356116611,
    7.323637199737));
#6812 = CARTESIAN_POINT('',(8.510582896146,23.744602139608,
    7.324486746506));
#6813 = CARTESIAN_POINT('',(8.510552971568,23.74584898124,7.325336922797
    ));
#6814 = CARTESIAN_POINT('',(8.510523069243,23.747096624574,
    7.326187717265));
#6815 = CARTESIAN_POINT('',(9.481904327363,-23.76195331009,
    7.336318806407));
#6816 = CARTESIAN_POINT('',(9.481933832881,-23.7607154139,7.335473878936
    ));
#6817 = CARTESIAN_POINT('',(9.481963335463,-23.75947753704,
    7.334629035519));
#6818 = CARTESIAN_POINT('',(9.481992835234,-23.75823967428,
    7.333784272603));
#6819 = CARTESIAN_POINT('',(9.482022332318,-23.75700182041,
    7.332939586641));
#6820 = CARTESIAN_POINT('',(9.482051826839,-23.7557639702,7.332094974071
    ));
#6821 = CARTESIAN_POINT('',(9.48208131892,-23.75452611844,7.331250431357
    ));
#6822 = CARTESIAN_POINT('',(9.482110808687,-23.7532882599,7.330405954928
    ));
#6823 = CARTESIAN_POINT('',(9.482140296262,-23.75205038937,
    7.329561541255));
#6824 = CARTESIAN_POINT('',(9.48216978177,-23.75081250162,7.328717186766
    ));
#6825 = CARTESIAN_POINT('',(9.482199265336,-23.74957459145,
    7.327872887925));
#6826 = CARTESIAN_POINT('',(9.482228747082,-23.74833665362,
    7.327028641174));
#6827 = CARTESIAN_POINT('',(9.565015999566,-20.27180968811,
    4.956311910453));
#6828 = CARTESIAN_POINT('',(9.634741076836,-16.53097498419,
    2.959646937582));
#6829 = CARTESIAN_POINT('',(9.690211836292,-12.56883406245,
    1.371172219987));
#6830 = CARTESIAN_POINT('',(9.729013593919,-8.502312684999,0.26003526078
    ));
#6831 = CARTESIAN_POINT('',(9.754944958175,-4.271662788202,
    -0.482541854046));
#6832 = CARTESIAN_POINT('',(9.761498378557,8.253658451227E-12,
    -0.670207259947));
#6833 = CARTESIAN_POINT('',(9.754944958175,4.271662788189,
    -0.482541854048));
#6834 = CARTESIAN_POINT('',(9.729013593918,8.502312685006,0.260035260783
    ));
#6835 = CARTESIAN_POINT('',(9.690211836292,12.568834062446,
    1.371172219986));
#6836 = CARTESIAN_POINT('',(9.634741076836,16.53097498418,2.959646937577
    ));
#6837 = CARTESIAN_POINT('',(9.565015999566,20.271809688094,
    4.956311910439));
#6838 = CARTESIAN_POINT('',(9.482228747082,23.748336653623,
    7.327028641174));
#6839 = CARTESIAN_POINT('',(9.482199265336,23.749574591454,
    7.327872887926));
#6840 = CARTESIAN_POINT('',(9.482169781771,23.750812501616,
    7.328717186764));
#6841 = CARTESIAN_POINT('',(9.482140296262,23.752050389395,
    7.329561541258));
#6842 = CARTESIAN_POINT('',(9.482110808687,23.753288259872,
    7.330405954923));
#6843 = CARTESIAN_POINT('',(9.48208131892,23.754526118479,7.331250431363
    ));
#6844 = CARTESIAN_POINT('',(9.482051826839,23.755763970177,
    7.332094974065));
#6845 = CARTESIAN_POINT('',(9.482022332318,23.757001820435,
    7.332939586645));
#6846 = CARTESIAN_POINT('',(9.481992835234,23.758239674278,
    7.333784272601));
#6847 = CARTESIAN_POINT('',(9.481963335463,23.759477537048,7.33462903552
    ));
#6848 = CARTESIAN_POINT('',(9.481933832881,23.760715413904,
    7.335473878935));
#6849 = CARTESIAN_POINT('',(9.481904327363,23.761953310091,
    7.336318806407));
#6850 = CARTESIAN_POINT('',(9.510658736646,-24.27679308007,
    6.512900259198));
#6851 = CARTESIAN_POINT('',(9.510680943171,-24.27588953289,
    6.512264347524));
#6852 = CARTESIAN_POINT('',(9.510703747824,-24.27495810116,
    6.511611307684));
#6853 = CARTESIAN_POINT('',(9.510727168618,-24.27399801289,
    6.510940623902));
#6854 = CARTESIAN_POINT('',(9.510751223563,-24.27300849613,
    6.510251780407));
#6855 = CARTESIAN_POINT('',(9.51077593067,-24.27198877889,6.50954426142)
  );
#6856 = CARTESIAN_POINT('',(9.510801307951,-24.27093808924,
    6.508817551174));
#6857 = CARTESIAN_POINT('',(9.510827373417,-24.26985565516,
    6.508071133886));
#6858 = CARTESIAN_POINT('',(9.510854145079,-24.26874070473,
    6.507304493791));
#6859 = CARTESIAN_POINT('',(9.510881640949,-24.26759246594,
    6.506517115109));
#6860 = CARTESIAN_POINT('',(9.510909879037,-24.26641016684,
    6.505708482068));
#6861 = CARTESIAN_POINT('',(9.510938877355,-24.26519303546,
    6.504878078893));
#6862 = CARTESIAN_POINT('',(9.594636365913,-20.74393907435,
    4.108095597398));
#6863 = CARTESIAN_POINT('',(9.666016947946,-16.91829482465,
    2.064023170827));
#6864 = CARTESIAN_POINT('',(9.722927001093,-12.86107495335,
    0.434332474549));
#6865 = CARTESIAN_POINT('',(9.762608872458,-8.691449216904,
    -0.702007644614));
#6866 = CARTESIAN_POINT('',(9.788967633399,-4.367695316391,
    -1.456823799099));
#6867 = CARTESIAN_POINT('',(9.795751771162,2.118994671583E-11,
    -1.651096086419));
#6868 = CARTESIAN_POINT('',(9.788967633399,4.367695316354,
    -1.456823799101));
#6869 = CARTESIAN_POINT('',(9.762608872458,8.691449216927,-0.70200764461
    ));
#6870 = CARTESIAN_POINT('',(9.722927001094,12.86107495334,0.434332474547
    ));
#6871 = CARTESIAN_POINT('',(9.666016947946,16.918294824643,
    2.064023170823));
#6872 = CARTESIAN_POINT('',(9.594636365914,20.74393907433,4.108095597384
    ));
#6873 = CARTESIAN_POINT('',(9.510938877355,24.265193035465,
    6.504878078891));
#6874 = CARTESIAN_POINT('',(9.510909879037,24.266410166845,
    6.505708482066));
#6875 = CARTESIAN_POINT('',(9.510881640949,24.267592465937,
    6.506517115105));
#6876 = CARTESIAN_POINT('',(9.510854145079,24.268740704735,
    6.507304493793));
#6877 = CARTESIAN_POINT('',(9.510827373418,24.269855655155,6.50807113388
    ));
#6878 = CARTESIAN_POINT('',(9.510801307951,24.270938089254,
    6.508817551178));
#6879 = CARTESIAN_POINT('',(9.510775930671,24.271988778886,
    6.509544261413));
#6880 = CARTESIAN_POINT('',(9.510751223563,24.273008496143,
    6.510251780409));
#6881 = CARTESIAN_POINT('',(9.510727168618,24.273998012886,
    6.510940623898));
#6882 = CARTESIAN_POINT('',(9.510703747824,24.274958101161,
    6.511611307683));
#6883 = CARTESIAN_POINT('',(9.510680943171,24.275889532895,
    6.512264347522));
#6884 = CARTESIAN_POINT('',(9.510658736646,24.276793080073,
    6.512900259196));
#6885 = DEFINITIONAL_REPRESENTATION('',(#6886),#7097);
#6886 = B_SPLINE_CURVE_WITH_KNOTS('',9,(#6887,#6888,#6889,#6890,#6891,
    #6892,#6893,#6894,#6895,#6896,#6897,#6898,#6899,#6900,#6901,#6902,
    #6903,#6904,#6905,#6906,#6907,#6908,#6909,#6910,#6911,#6912,#6913,
    #6914,#6915,#6916,#6917,#6918,#6919,#6920,#6921,#6922,#6923,#6924,
    #6925,#6926,#6927,#6928,#6929,#6930,#6931,#6932,#6933,#6934,#6935,
    #6936,#6937,#6938,#6939,#6940,#6941,#6942,#6943,#6944,#6945,#6946,
    #6947,#6948,#6949,#6950,#6951,#6952,#6953,#6954,#6955,#6956,#6957,
    #6958,#6959,#6960,#6961,#6962,#6963,#6964,#6965,#6966,#6967,#6968,
    #6969,#6970,#6971,#6972,#6973,#6974,#6975,#6976,#6977,#6978,#6979,
    #6980,#6981,#6982,#6983,#6984,#6985,#6986,#6987,#6988,#6989,#6990,
    #6991,#6992,#6993,#6994,#6995,#6996,#6997,#6998,#6999,#7000,#7001,
    #7002,#7003,#7004,#7005,#7006,#7007,#7008,#7009,#7010,#7011,#7012,
    #7013,#7014,#7015,#7016,#7017,#7018,#7019,#7020,#7021,#7022,#7023,
    #7024,#7025,#7026,#7027,#7028,#7029,#7030,#7031,#7032,#7033,#7034,
    #7035,#7036,#7037,#7038,#7039,#7040,#7041,#7042,#7043,#7044,#7045,
    #7046,#7047,#7048,#7049,#7050,#7051,#7052,#7053,#7054,#7055,#7056,
    #7057,#7058,#7059,#7060,#7061,#7062,#7063,#7064,#7065,#7066,#7067,
    #7068,#7069,#7070,#7071,#7072,#7073,#7074,#7075,#7076,#7077,#7078,
    #7079,#7080,#7081,#7082,#7083,#7084,#7085,#7086,#7087,#7088,#7089,
    #7090,#7091,#7092,#7093,#7094,#7095,#7096),.UNSPECIFIED.,.F.,.F.,(10
    ,8,8,8,8,8,8,8,8,8,8,8,8,8,8,8,8,8,8,8,8,8,8,8,8,8,10),(
    20.368932895497,20.393587179282,20.399750750229,20.405914321175,
    20.418241463068,20.430568604961,20.436732175907,20.442895746853,
    20.467550030639,20.473713601585,20.479877172531,20.492204314424,
    20.504531456317,20.51685859821,20.541512881995,20.566167165781,
    20.590821449566,20.615475733351,20.664784300922,20.763401436064,
    21.157869976631,21.946807057766,23.524681220034,26.680429544572,
    32.991926193646,45.614919491795,70.860906088094),.UNSPECIFIED.);
#6887 = CARTESIAN_POINT('',(50.491973192597,20.327798159468));
#6888 = CARTESIAN_POINT('',(50.491973192597,20.329444032233));
#6889 = CARTESIAN_POINT('',(50.491973192595,20.333047450224));
#6890 = CARTESIAN_POINT('',(50.491973192599,20.338264290697));
#6891 = CARTESIAN_POINT('',(50.491973192593,20.344750430909));
#6892 = CARTESIAN_POINT('',(50.491973192599,20.352161748115));
#6893 = CARTESIAN_POINT('',(50.491973192595,20.360154119576));
#6894 = CARTESIAN_POINT('',(50.491973192597,20.368383422543));
#6895 = CARTESIAN_POINT('',(50.491973192597,20.376505534278));
#6896 = CARTESIAN_POINT('',(50.491973192596,20.386094031474));
#6897 = CARTESIAN_POINT('',(50.491973192598,20.387983457004));
#6898 = CARTESIAN_POINT('',(50.491973192594,20.389839536463));
#6899 = CARTESIAN_POINT('',(50.491973192601,20.391656411916));
#6900 = CARTESIAN_POINT('',(50.491973192592,20.39342884897));
#6901 = CARTESIAN_POINT('',(50.4919731926,20.395151861976));
#6902 = CARTESIAN_POINT('',(50.491973192595,20.396819891651));
#6903 = CARTESIAN_POINT('',(50.491973192597,20.398426871996));
#6904 = CARTESIAN_POINT('',(50.491973192596,20.401510174159));
#6905 = CARTESIAN_POINT('',(50.491973192596,20.402987428837));
#6906 = CARTESIAN_POINT('',(50.491973192598,20.404402302608));
#6907 = CARTESIAN_POINT('',(50.491973192594,20.405756810951));
#6908 = CARTESIAN_POINT('',(50.4919731926,20.407052969378));
#6909 = CARTESIAN_POINT('',(50.491973192594,20.408292793355));
#6910 = CARTESIAN_POINT('',(50.491973192598,20.409478298396));
#6911 = CARTESIAN_POINT('',(50.491973192596,20.410611499976));
#6912 = CARTESIAN_POINT('',(50.491973192597,20.413860240832));
#6913 = CARTESIAN_POINT('',(50.491973192595,20.415824916213));
#6914 = CARTESIAN_POINT('',(50.491973192601,20.417604563672));
#6915 = CARTESIAN_POINT('',(50.491973192591,20.41921530713));
#6916 = CARTESIAN_POINT('',(50.491973192602,20.420673270529));
#6917 = CARTESIAN_POINT('',(50.491973192593,20.421994577786));
#6918 = CARTESIAN_POINT('',(50.491973192598,20.423195352839));
#6919 = CARTESIAN_POINT('',(50.491973192597,20.424291719614));
#6920 = CARTESIAN_POINT('',(50.491973192596,20.426307884469));
#6921 = CARTESIAN_POINT('',(50.491973192599,20.42722768255));
#6922 = CARTESIAN_POINT('',(50.491973192591,20.42807532021));
#6923 = CARTESIAN_POINT('',(50.491973192605,20.428866921386));
#6924 = CARTESIAN_POINT('',(50.491973192588,20.429618609997));
#6925 = CARTESIAN_POINT('',(50.491973192603,20.430346509985));
#6926 = CARTESIAN_POINT('',(50.491973192594,20.431066745269));
#6927 = CARTESIAN_POINT('',(50.491973192597,20.431795439784));
#6928 = CARTESIAN_POINT('',(50.491973192597,20.432925356296));
#6929 = CARTESIAN_POINT('',(50.491973192596,20.433307927166));
#6930 = CARTESIAN_POINT('',(50.491973192599,20.433700111038));
#6931 = CARTESIAN_POINT('',(50.491973192594,20.434097858226));
#6932 = CARTESIAN_POINT('',(50.491973192599,20.434516701652));
#6933 = CARTESIAN_POINT('',(50.491973192595,20.434938569699));
#6934 = CARTESIAN_POINT('',(50.491973192597,20.435385372379));
#6935 = CARTESIAN_POINT('',(50.491973192597,20.435847935703));
#6936 = CARTESIAN_POINT('',(50.491973192596,20.436806394455));
#6937 = CARTESIAN_POINT('',(50.491973192601,20.437302209381));
#6938 = CARTESIAN_POINT('',(50.491973192587,20.437814069798));
#6939 = CARTESIAN_POINT('',(50.49197319261,20.438341435676));
#6940 = CARTESIAN_POINT('',(50.491973192584,20.438883766937));
#6941 = CARTESIAN_POINT('',(50.491973192606,20.439440523564));
#6942 = CARTESIAN_POINT('',(50.491973192593,20.440011165481));
#6943 = CARTESIAN_POINT('',(50.491973192597,20.440595152655));
#6944 = CARTESIAN_POINT('',(50.491973192596,20.44357911453));
#6945 = CARTESIAN_POINT('',(50.491973192597,20.446171167271));
#6946 = CARTESIAN_POINT('',(50.491973192598,20.448933540102));
#6947 = CARTESIAN_POINT('',(50.491973192595,20.451831669865));
#6948 = CARTESIAN_POINT('',(50.491973192599,20.454830993423));
#6949 = CARTESIAN_POINT('',(50.491973192594,20.457896947607));
#6950 = CARTESIAN_POINT('',(50.491973192598,20.460994969281));
#6951 = CARTESIAN_POINT('',(50.491973192596,20.464090495284));
#6952 = CARTESIAN_POINT('',(50.491973192597,20.467913579266));
#6953 = CARTESIAN_POINT('',(50.491973192593,20.468675954441));
#6954 = CARTESIAN_POINT('',(50.491973192603,20.46943515487));
#6955 = CARTESIAN_POINT('',(50.491973192588,20.470191393484));
#6956 = CARTESIAN_POINT('',(50.491973192604,20.470943774654));
#6957 = CARTESIAN_POINT('',(50.491973192592,20.471691026172));
#6958 = CARTESIAN_POINT('',(50.491973192599,20.472433061028));
#6959 = CARTESIAN_POINT('',(50.491973192596,20.473171211328));
#6960 = CARTESIAN_POINT('',(50.491973192597,20.474638743705));
#6961 = CARTESIAN_POINT('',(50.491973192593,20.475368245176));
#6962 = CARTESIAN_POINT('',(50.491973192603,20.476093626648));
#6963 = CARTESIAN_POINT('',(50.491973192588,20.476815032801));
#6964 = CARTESIAN_POINT('',(50.491973192605,20.477532608377));
#6965 = CARTESIAN_POINT('',(50.491973192591,20.478246498044));
#6966 = CARTESIAN_POINT('',(50.491973192599,20.478956846536));
#6967 = CARTESIAN_POINT('',(50.491973192596,20.479663798544));
#6968 = CARTESIAN_POINT('',(50.491973192597,20.48177489925));
#6969 = CARTESIAN_POINT('',(50.491973192594,20.483169292622));
#6970 = CARTESIAN_POINT('',(50.491973192602,20.484551836552));
#6971 = CARTESIAN_POINT('',(50.491973192589,20.485923688664));
#6972 = CARTESIAN_POINT('',(50.491973192604,20.487286006636));
#6973 = CARTESIAN_POINT('',(50.491973192592,20.48863994808));
#6974 = CARTESIAN_POINT('',(50.491973192599,20.489986670669));
#6975 = CARTESIAN_POINT('',(50.491973192596,20.491327332034));
#6976 = CARTESIAN_POINT('',(50.491973192597,20.493998847619));
#6977 = CARTESIAN_POINT('',(50.491973192595,20.495329701837));
#6978 = CARTESIAN_POINT('',(50.491973192599,20.496656810128));
#6979 = CARTESIAN_POINT('',(50.491973192594,20.497981330139));
#6980 = CARTESIAN_POINT('',(50.491973192599,20.499304419512));
#6981 = CARTESIAN_POINT('',(50.491973192595,20.500627235898));
#6982 = CARTESIAN_POINT('',(50.491973192597,20.501950936939));
#6983 = CARTESIAN_POINT('',(50.491973192597,20.503276680284));
#6984 = CARTESIAN_POINT('',(50.491973192597,20.505934566871));
#6985 = CARTESIAN_POINT('',(50.491973192598,20.507266582707));
#6986 = CARTESIAN_POINT('',(50.491973192594,20.508603185063));
#6987 = CARTESIAN_POINT('',(50.491973192601,20.509946488185));
#6988 = CARTESIAN_POINT('',(50.491973192591,20.511293595857));
#6989 = CARTESIAN_POINT('',(50.491973192601,20.512643978745));
#6990 = CARTESIAN_POINT('',(50.491973192595,20.513999606543));
#6991 = CARTESIAN_POINT('',(50.491973192597,20.515358151304));
#6992 = CARTESIAN_POINT('',(50.491973192596,20.519444080714));
#6993 = CARTESIAN_POINT('',(50.491973192596,20.522181205627));
#6994 = CARTESIAN_POINT('',(50.491973192597,20.524929020988));
#6995 = CARTESIAN_POINT('',(50.491973192596,20.527685045278));
#6996 = CARTESIAN_POINT('',(50.491973192597,20.530446796969));
#6997 = CARTESIAN_POINT('',(50.491973192596,20.533211794545));
#6998 = CARTESIAN_POINT('',(50.491973192597,20.535977556478));
#6999 = CARTESIAN_POINT('',(50.491973192596,20.538741601248));
#7000 = CARTESIAN_POINT('',(50.491973192597,20.544261293415));
#7001 = CARTESIAN_POINT('',(50.491973192594,20.54701675671));
#7002 = CARTESIAN_POINT('',(50.491973192603,20.54976525542));
#7003 = CARTESIAN_POINT('',(50.491973192588,20.552511092713));
#7004 = CARTESIAN_POINT('',(50.491973192604,20.555253001481));
#7005 = CARTESIAN_POINT('',(50.491973192592,20.55799096973));
#7006 = CARTESIAN_POINT('',(50.491973192599,20.560727685571));
#7007 = CARTESIAN_POINT('',(50.491973192596,20.563462221988));
#7008 = CARTESIAN_POINT('',(50.491973192598,20.568929505943));
#7009 = CARTESIAN_POINT('',(50.491973192592,20.571662004892));
#7010 = CARTESIAN_POINT('',(50.491973192606,20.574394969356));
#7011 = CARTESIAN_POINT('',(50.491973192584,20.577126554836));
#7012 = CARTESIAN_POINT('',(50.491973192608,20.57986045965));
#7013 = CARTESIAN_POINT('',(50.491973192589,20.582597250448));
#7014 = CARTESIAN_POINT('',(50.4919731926,20.585333865344));
#7015 = CARTESIAN_POINT('',(50.491973192596,20.588071993511));
#7016 = CARTESIAN_POINT('',(50.491973192597,20.593549771686));
#7017 = CARTESIAN_POINT('',(50.491973192594,20.596289495264));
#7018 = CARTESIAN_POINT('',(50.491973192602,20.599029875514));
#7019 = CARTESIAN_POINT('',(50.49197319259,20.601770734601));
#7020 = CARTESIAN_POINT('',(50.491973192602,20.604511894719));
#7021 = CARTESIAN_POINT('',(50.491973192594,20.607253178025));
#7022 = CARTESIAN_POINT('',(50.491973192598,20.60999440671));
#7023 = CARTESIAN_POINT('',(50.491973192597,20.612735402941));
#7024 = CARTESIAN_POINT('',(50.491973192597,20.620957160813));
#7025 = CARTESIAN_POINT('',(50.491973192597,20.626436844331));
#7026 = CARTESIAN_POINT('',(50.491973192595,20.631915392464));
#7027 = CARTESIAN_POINT('',(50.4919731926,20.637393155094));
#7028 = CARTESIAN_POINT('',(50.491973192593,20.642870558419));
#7029 = CARTESIAN_POINT('',(50.491973192599,20.648348080924));
#7030 = CARTESIAN_POINT('',(50.491973192596,20.65382612589));
#7031 = CARTESIAN_POINT('',(50.491973192597,20.659304790455));
#7032 = CARTESIAN_POINT('',(50.491973192597,20.675741012711));
#7033 = CARTESIAN_POINT('',(50.491973192594,20.686699540905));
#7034 = CARTESIAN_POINT('',(50.491973192603,20.697657411502));
#7035 = CARTESIAN_POINT('',(50.491973192588,20.708614445107));
#7036 = CARTESIAN_POINT('',(50.491973192605,20.71957135865));
#7037 = CARTESIAN_POINT('',(50.491973192591,20.730528783869));
#7038 = CARTESIAN_POINT('',(50.491973192599,20.741486565394));
#7039 = CARTESIAN_POINT('',(50.491973192596,20.752443970823));
#7040 = CARTESIAN_POINT('',(50.491973192598,20.807231343405));
#7041 = CARTESIAN_POINT('',(50.491973192594,20.85106106762));
#7042 = CARTESIAN_POINT('',(50.491973192602,20.894890899304));
#7043 = CARTESIAN_POINT('',(50.49197319259,20.938720801653));
#7044 = CARTESIAN_POINT('',(50.491973192602,20.9825506701));
#7045 = CARTESIAN_POINT('',(50.491973192593,21.026380470895));
#7046 = CARTESIAN_POINT('',(50.491973192598,21.070210268101));
#7047 = CARTESIAN_POINT('',(50.491973192596,21.11404013879));
#7048 = CARTESIAN_POINT('',(50.491973192597,21.245529652313));
#7049 = CARTESIAN_POINT('',(50.491973192594,21.333189327993));
#7050 = CARTESIAN_POINT('',(50.491973192603,21.420849003678));
#7051 = CARTESIAN_POINT('',(50.491973192589,21.508508679356));
#7052 = CARTESIAN_POINT('',(50.491973192603,21.59616835504));
#7053 = CARTESIAN_POINT('',(50.491973192592,21.68382803072));
#7054 = CARTESIAN_POINT('',(50.491973192598,21.771487706403));
#7055 = CARTESIAN_POINT('',(50.491973192596,21.859147382084));
#7056 = CARTESIAN_POINT('',(50.491973192597,22.122126409129));
#7057 = CARTESIAN_POINT('',(50.491973192596,22.297445760492));
#7058 = CARTESIAN_POINT('',(50.491973192599,22.472765111856));
#7059 = CARTESIAN_POINT('',(50.491973192593,22.648084463217));
#7060 = CARTESIAN_POINT('',(50.4919731926,22.823403814583));
#7061 = CARTESIAN_POINT('',(50.491973192594,22.998723165943));
#7062 = CARTESIAN_POINT('',(50.491973192598,23.174042517308));
#7063 = CARTESIAN_POINT('',(50.491973192596,23.349361868671));
#7064 = CARTESIAN_POINT('',(50.491973192597,23.875319922761));
#7065 = CARTESIAN_POINT('',(50.491973192597,24.225958625486));
#7066 = CARTESIAN_POINT('',(50.491973192596,24.576597328215));
#7067 = CARTESIAN_POINT('',(50.491973192598,24.927236030938));
#7068 = CARTESIAN_POINT('',(50.491973192595,25.277874733668));
#7069 = CARTESIAN_POINT('',(50.491973192597,25.628513436391));
#7070 = CARTESIAN_POINT('',(50.491973192596,25.979152139119));
#7071 = CARTESIAN_POINT('',(50.491973192596,26.329790841845));
#7072 = CARTESIAN_POINT('',(50.491973192597,27.381706950025));
#7073 = CARTESIAN_POINT('',(50.491973192593,28.082984355476));
#7074 = CARTESIAN_POINT('',(50.491973192604,28.784261760933));
#7075 = CARTESIAN_POINT('',(50.491973192587,29.485539166378));
#7076 = CARTESIAN_POINT('',(50.491973192606,30.186816571839));
#7077 = CARTESIAN_POINT('',(50.491973192591,30.888093977285));
#7078 = CARTESIAN_POINT('',(50.491973192599,31.589371382742));
#7079 = CARTESIAN_POINT('',(50.491973192596,32.290648788193));
#7080 = CARTESIAN_POINT('',(50.491973192596,34.394481004551));
#7081 = CARTESIAN_POINT('',(50.4919731926,35.79703581546));
#7082 = CARTESIAN_POINT('',(50.491973192591,37.199590626358));
#7083 = CARTESIAN_POINT('',(50.491973192603,38.602145437274));
#7084 = CARTESIAN_POINT('',(50.491973192591,40.004700248169));
#7085 = CARTESIAN_POINT('',(50.4919731926,41.407255059083));
#7086 = CARTESIAN_POINT('',(50.491973192595,42.809809869983));
#7087 = CARTESIAN_POINT('',(50.491973192597,44.21236468089));
#7088 = CARTESIAN_POINT('',(50.491973192596,48.420029113605));
#7089 = CARTESIAN_POINT('',(50.491973192599,51.225138735418));
#7090 = CARTESIAN_POINT('',(50.491973192593,54.030248357224));
#7091 = CARTESIAN_POINT('',(50.491973192601,56.835357979041));
#7092 = CARTESIAN_POINT('',(50.491973192593,59.640467600844));
#7093 = CARTESIAN_POINT('',(50.491973192599,62.445577222662));
#7094 = CARTESIAN_POINT('',(50.491973192595,65.250686844469));
#7095 = CARTESIAN_POINT('',(50.491973192597,68.055796466282));
#7096 = CARTESIAN_POINT('',(50.491973192597,70.860906088094));
#7097 = ( GEOMETRIC_REPRESENTATION_CONTEXT(2) 
PARAMETRIC_REPRESENTATION_CONTEXT() REPRESENTATION_CONTEXT('2D SPACE',''
  ) );
#7098 = ORIENTED_EDGE('',*,*,#7099,.F.);
#7099 = EDGE_CURVE('',#6326,#6700,#7100,.T.);
#7100 = SURFACE_CURVE('',#7101,(#7105,#7112),.PCURVE_S1.);
#7101 = LINE('',#7102,#7103);
#7102 = CARTESIAN_POINT('',(9.509890506344,-28.51049967932,
    6.534899496703));
#7103 = VECTOR('',#7104,1.);
#7104 = DIRECTION('',(-0.,1.,-0.));
#7105 = PCURVE('',#5474,#7106);
#7106 = DEFINITIONAL_REPRESENTATION('',(#7107),#7111);
#7107 = LINE('',#7108,#7109);
#7108 = CARTESIAN_POINT('',(-15.66683101311,-28.51049967932));
#7109 = VECTOR('',#7110,1.);
#7110 = DIRECTION('',(0.,1.));
#7111 = ( GEOMETRIC_REPRESENTATION_CONTEXT(2) 
PARAMETRIC_REPRESENTATION_CONTEXT() REPRESENTATION_CONTEXT('2D SPACE',''
  ) );
#7112 = PCURVE('',#7113,#7118);
#7113 = CYLINDRICAL_SURFACE('',#7114,1.);
#7114 = AXIS2_PLACEMENT_3D('',#7115,#7116,#7117);
#7115 = CARTESIAN_POINT('',(8.510499679325,-28.51049967932,6.5));
#7116 = DIRECTION('',(-0.,1.,-0.));
#7117 = DIRECTION('',(0.,0.,1.));
#7118 = DEFINITIONAL_REPRESENTATION('',(#7119),#7123);
#7119 = LINE('',#7120,#7121);
#7120 = CARTESIAN_POINT('',(1.535889741755,0.));
#7121 = VECTOR('',#7122,1.);
#7122 = DIRECTION('',(0.,1.));
#7123 = ( GEOMETRIC_REPRESENTATION_CONTEXT(2) 
PARAMETRIC_REPRESENTATION_CONTEXT() REPRESENTATION_CONTEXT('2D SPACE',''
  ) );
#7124 = ORIENTED_EDGE('',*,*,#6325,.F.);
#7125 = ADVANCED_FACE('',(#7126),#5360,.T.);
#7126 = FACE_BOUND('',#7127,.T.);
#7127 = EDGE_LOOP('',(#7128,#7158,#7179,#7180,#7181,#7209,#7290));
#7128 = ORIENTED_EDGE('',*,*,#7129,.F.);
#7129 = EDGE_CURVE('',#7130,#7132,#7134,.T.);
#7130 = VERTEX_POINT('',#7131);
#7131 = CARTESIAN_POINT('',(-9.509890506344,28.510499679325,
    6.534899496702));
#7132 = VERTEX_POINT('',#7133);
#7133 = CARTESIAN_POINT('',(-9.509890506344,24.301113206983,
    6.534899496703));
#7134 = SURFACE_CURVE('',#7135,(#7139,#7146),.PCURVE_S1.);
#7135 = LINE('',#7136,#7137);
#7136 = CARTESIAN_POINT('',(-9.509890506344,28.510499679325,
    6.534899496703));
#7137 = VECTOR('',#7138,1.);
#7138 = DIRECTION('',(1.619075244245E-16,-1.,-0.));
#7139 = PCURVE('',#5360,#7140);
#7140 = DEFINITIONAL_REPRESENTATION('',(#7141),#7145);
#7141 = LINE('',#7142,#7143);
#7142 = CARTESIAN_POINT('',(15.666831013113,28.510499679325));
#7143 = VECTOR('',#7144,1.);
#7144 = DIRECTION('',(0.,-1.));
#7145 = ( GEOMETRIC_REPRESENTATION_CONTEXT(2) 
PARAMETRIC_REPRESENTATION_CONTEXT() REPRESENTATION_CONTEXT('2D SPACE',''
  ) );
#7146 = PCURVE('',#7147,#7152);
#7147 = CYLINDRICAL_SURFACE('',#7148,1.);
#7148 = AXIS2_PLACEMENT_3D('',#7149,#7150,#7151);
#7149 = CARTESIAN_POINT('',(-8.510499679325,28.510499679325,6.5));
#7150 = DIRECTION('',(1.619075244245E-16,-1.,-0.));
#7151 = DIRECTION('',(-0.999390827019,-1.618088947352E-16,
    3.48994967025E-02));
#7152 = DEFINITIONAL_REPRESENTATION('',(#7153),#7157);
#7153 = LINE('',#7154,#7155);
#7154 = CARTESIAN_POINT('',(-0.,0.));
#7155 = VECTOR('',#7156,1.);
#7156 = DIRECTION('',(-0.,1.));
#7157 = ( GEOMETRIC_REPRESENTATION_CONTEXT(2) 
PARAMETRIC_REPRESENTATION_CONTEXT() REPRESENTATION_CONTEXT('2D SPACE',''
  ) );
#7158 = ORIENTED_EDGE('',*,*,#7159,.F.);
#7159 = EDGE_CURVE('',#5346,#7130,#7160,.T.);
#7160 = SURFACE_CURVE('',#7161,(#7165,#7172),.PCURVE_S1.);
#7161 = LINE('',#7162,#7163);
#7162 = CARTESIAN_POINT('',(-10.00121574866,29.001824921646,
    -7.534814586701));
#7163 = VECTOR('',#7164,1.);
#7164 = DIRECTION('',(3.487826274237E-02,-3.487826274237E-02,
    0.998782765959));
#7165 = PCURVE('',#5360,#7166);
#7166 = DEFINITIONAL_REPRESENTATION('',(#7167),#7171);
#7167 = LINE('',#7168,#7169);
#7168 = CARTESIAN_POINT('',(1.588540815704,29.001824921646));
#7169 = VECTOR('',#7170,1.);
#7170 = DIRECTION('',(0.999391568299,-3.487826274237E-02));
#7171 = ( GEOMETRIC_REPRESENTATION_CONTEXT(2) 
PARAMETRIC_REPRESENTATION_CONTEXT() REPRESENTATION_CONTEXT('2D SPACE',''
  ) );
#7172 = PCURVE('',#5388,#7173);
#7173 = DEFINITIONAL_REPRESENTATION('',(#7174),#7178);
#7174 = LINE('',#7175,#7176);
#7175 = CARTESIAN_POINT('',(-0.,0.));
#7176 = VECTOR('',#7177,1.);
#7177 = DIRECTION('',(-0.,1.));
#7178 = ( GEOMETRIC_REPRESENTATION_CONTEXT(2) 
PARAMETRIC_REPRESENTATION_CONTEXT() REPRESENTATION_CONTEXT('2D SPACE',''
  ) );
#7179 = ORIENTED_EDGE('',*,*,#5345,.F.);
#7180 = ORIENTED_EDGE('',*,*,#6446,.T.);
#7181 = ORIENTED_EDGE('',*,*,#7182,.T.);
#7182 = EDGE_CURVE('',#6447,#7183,#7185,.T.);
#7183 = VERTEX_POINT('',#7184);
#7184 = CARTESIAN_POINT('',(-9.509890506344,-24.31049156228,
    6.534899496703));
#7185 = SURFACE_CURVE('',#7186,(#7190,#7197),.PCURVE_S1.);
#7186 = LINE('',#7187,#7188);
#7187 = CARTESIAN_POINT('',(-9.509890506344,-28.51049967932,
    6.534899496703));
#7188 = VECTOR('',#7189,1.);
#7189 = DIRECTION('',(-1.619075244245E-16,1.,0.));
#7190 = PCURVE('',#5360,#7191);
#7191 = DEFINITIONAL_REPRESENTATION('',(#7192),#7196);
#7192 = LINE('',#7193,#7194);
#7193 = CARTESIAN_POINT('',(15.666831013113,-28.51049967932));
#7194 = VECTOR('',#7195,1.);
#7195 = DIRECTION('',(0.,1.));
#7196 = ( GEOMETRIC_REPRESENTATION_CONTEXT(2) 
PARAMETRIC_REPRESENTATION_CONTEXT() REPRESENTATION_CONTEXT('2D SPACE',''
  ) );
#7197 = PCURVE('',#7198,#7203);
#7198 = CYLINDRICAL_SURFACE('',#7199,1.);
#7199 = AXIS2_PLACEMENT_3D('',#7200,#7201,#7202);
#7200 = CARTESIAN_POINT('',(-8.510499679325,-28.51049967932,6.5));
#7201 = DIRECTION('',(-1.619075244245E-16,1.,0.));
#7202 = DIRECTION('',(0.,0.,1.));
#7203 = DEFINITIONAL_REPRESENTATION('',(#7204),#7208);
#7204 = LINE('',#7205,#7206);
#7205 = CARTESIAN_POINT('',(-1.535889741755,0.));
#7206 = VECTOR('',#7207,1.);
#7207 = DIRECTION('',(-0.,1.));
#7208 = ( GEOMETRIC_REPRESENTATION_CONTEXT(2) 
PARAMETRIC_REPRESENTATION_CONTEXT() REPRESENTATION_CONTEXT('2D SPACE',''
  ) );
#7209 = ORIENTED_EDGE('',*,*,#7210,.T.);
#7210 = EDGE_CURVE('',#7183,#7211,#7213,.T.);
#7211 = VERTEX_POINT('',#7212);
#7212 = CARTESIAN_POINT('',(-9.510587640959,-24.28003935761,
    6.514936173298));
#7213 = SURFACE_CURVE('',#7214,(#7222,#7233),.PCURVE_S1.);
#7214 = B_SPLINE_CURVE_WITH_KNOTS('',6,(#7215,#7216,#7217,#7218,#7219,
    #7220,#7221),.UNSPECIFIED.,.F.,.F.,(7,7),(0.,1.),
  .PIECEWISE_BEZIER_KNOTS.);
#7215 = CARTESIAN_POINT('',(-9.509890506344,-24.31049156228,
    6.534899496703));
#7216 = CARTESIAN_POINT('',(-9.509890506344,-24.30420935433,
    6.534899496703));
#7217 = CARTESIAN_POINT('',(-9.509911742868,-24.29736879957,
    6.534291362197));
#7218 = CARTESIAN_POINT('',(-9.510165536274,-24.29336319851,
    6.527023669959));
#7219 = CARTESIAN_POINT('',(-9.510313405545,-24.29013589285,
    6.52278924805));
#7220 = CARTESIAN_POINT('',(-9.510460883853,-24.28518450412,
    6.518566021882));
#7221 = CARTESIAN_POINT('',(-9.510587640959,-24.28003935761,
    6.514936173298));
#7222 = PCURVE('',#5360,#7223);
#7223 = DEFINITIONAL_REPRESENTATION('',(#7224),#7232);
#7224 = B_SPLINE_CURVE_WITH_KNOTS('',6,(#7225,#7226,#7227,#7228,#7229,
    #7230,#7231),.UNSPECIFIED.,.F.,.F.,(7,7),(0.,1.),
  .PIECEWISE_BEZIER_KNOTS.);
#7225 = CARTESIAN_POINT('',(15.666831013113,-24.31049156228));
#7226 = CARTESIAN_POINT('',(15.666831013113,-24.30420935433));
#7227 = CARTESIAN_POINT('',(15.666266189368,-24.29734373428));
#7228 = CARTESIAN_POINT('',(15.658891601855,-24.29340050907));
#7229 = CARTESIAN_POINT('',(15.6547373972,-24.29012088467));
#7230 = CARTESIAN_POINT('',(15.650487582315,-24.28518450412));
#7231 = CARTESIAN_POINT('',(15.646855521179,-24.28003935761));
#7232 = ( GEOMETRIC_REPRESENTATION_CONTEXT(2) 
PARAMETRIC_REPRESENTATION_CONTEXT() REPRESENTATION_CONTEXT('2D SPACE',''
  ) );
#7233 = PCURVE('',#7234,#7284);
#7234 = B_SPLINE_SURFACE_WITH_KNOTS('',6,6,(
    (#7235,#7236,#7237,#7238,#7239,#7240,#7241)
    ,(#7242,#7243,#7244,#7245,#7246,#7247,#7248)
    ,(#7249,#7250,#7251,#7252,#7253,#7254,#7255)
    ,(#7256,#7257,#7258,#7259,#7260,#7261,#7262)
    ,(#7263,#7264,#7265,#7266,#7267,#7268,#7269)
    ,(#7270,#7271,#7272,#7273,#7274,#7275,#7276)
    ,(#7277,#7278,#7279,#7280,#7281,#7282,#7283
  )),.UNSPECIFIED.,.F.,.F.,.F.,(7,7),(7,7),(0.,1.),(0.,1.),
  .PIECEWISE_BEZIER_KNOTS.);
#7235 = CARTESIAN_POINT('',(-8.510499679325,-24.31049156228,7.5));
#7236 = CARTESIAN_POINT('',(-8.76648130295,-24.31049156228,7.5));
#7237 = CARTESIAN_POINT('',(-9.022443620651,-24.31049156228,
    7.421384055582));
#7238 = CARTESIAN_POINT('',(-9.24833007977,-24.31049156228,
    7.264045746098));
#7239 = CARTESIAN_POINT('',(-9.413455866743,-24.31049156228,
    7.043787918719));
#7240 = CARTESIAN_POINT('',(-9.500956876514,-24.31049156228,
    6.79072518324));
#7241 = CARTESIAN_POINT('',(-9.509890506344,-24.31049156228,
    6.534899496703));
#7242 = CARTESIAN_POINT('',(-8.510499679324,-24.21074416392,7.5));
#7243 = CARTESIAN_POINT('',(-8.766599417,-24.21217625551,7.5));
#7244 = CARTESIAN_POINT('',(-9.025197520866,-24.22064013158,
    7.421520228762));
#7245 = CARTESIAN_POINT('',(-9.253253386023,-24.23610317757,
    7.260190059996));
#7246 = CARTESIAN_POINT('',(-9.414781041081,-24.2569729717,
    7.039306300243));
#7247 = CARTESIAN_POINT('',(-9.501032861342,-24.28061208766,
    6.78854926245));
#7248 = CARTESIAN_POINT('',(-9.509890506344,-24.30420935433,
    6.534899496703));
#7249 = CARTESIAN_POINT('',(-8.510522681624,-24.11100468382,
    7.488068192722));
#7250 = CARTESIAN_POINT('',(-8.766740239054,-24.11288637176,7.488397181)
  );
#7251 = CARTESIAN_POINT('',(-9.027159773183,-24.11868729773,
    7.408410623038));
#7252 = CARTESIAN_POINT('',(-9.256718374596,-24.15983722995,
    7.249149171549));
#7253 = CARTESIAN_POINT('',(-9.415991291988,-24.21220824993,
    7.032987335684));
#7254 = CARTESIAN_POINT('',(-9.501195908011,-24.25026864374,
    6.783880216753));
#7255 = CARTESIAN_POINT('',(-9.509911742868,-24.29736879957,
    6.534291362197));
#7256 = CARTESIAN_POINT('',(-8.510436135099,-24.01300373129,
    7.464159554599));
#7257 = CARTESIAN_POINT('',(-8.766828529901,-24.01514660247,
    7.464789519012));
#7258 = CARTESIAN_POINT('',(-9.028113940867,-24.03928582323,
    7.388729541282));
#7259 = CARTESIAN_POINT('',(-9.258457074582,-24.08788808977,
    7.229215283122));
#7260 = CARTESIAN_POINT('',(-9.416863166228,-24.15190482218,
    7.01397686565));
#7261 = CARTESIAN_POINT('',(-9.501622351633,-24.22257741584,
    6.771668469196));
#7262 = CARTESIAN_POINT('',(-9.510165536274,-24.29336319851,
    6.527023669959));
#7263 = CARTESIAN_POINT('',(-8.510584471829,-23.91867961144,
    7.428742976176));
#7264 = CARTESIAN_POINT('',(-8.767094902771,-23.9209267617,7.42962410828
    ));
#7265 = CARTESIAN_POINT('',(-9.028098549786,-23.96319298862,
    7.359450131557));
#7266 = CARTESIAN_POINT('',(-9.258244091936,-24.01829163222,
    7.203344929919));
#7267 = CARTESIAN_POINT('',(-9.417288467508,-24.09320738401,
    6.992289123183));
#7268 = CARTESIAN_POINT('',(-9.502027468934,-24.19614757288,
    6.760067427542));
#7269 = CARTESIAN_POINT('',(-9.510313405545,-24.29013589285,
    6.52278924805));
#7270 = CARTESIAN_POINT('',(-8.510447139107,-23.82948940509,
    7.382373102842));
#7271 = CARTESIAN_POINT('',(-8.767123152603,-23.83227973585,
    7.383698622235));
#7272 = CARTESIAN_POINT('',(-9.026955403224,-23.87137147384,
    7.314537581628));
#7273 = CARTESIAN_POINT('',(-9.255772688352,-23.9491228016,
    7.170343023478));
#7274 = CARTESIAN_POINT('',(-9.417164335589,-24.05302169395,
    6.972162398681));
#7275 = CARTESIAN_POINT('',(-9.502495874378,-24.16913664628,
    6.746654050601));
#7276 = CARTESIAN_POINT('',(-9.510460883853,-24.28518450412,
    6.518566021882));
#7277 = CARTESIAN_POINT('',(-8.510518825079,-23.74709662457,
    7.326187717265));
#7278 = CARTESIAN_POINT('',(-8.767322131146,-23.75104777258,
    7.328882088943));
#7279 = CARTESIAN_POINT('',(-9.024649973149,-23.7971896274,
    7.264606887431));
#7280 = CARTESIAN_POINT('',(-9.250872527838,-23.88532650176,
    7.132568275583));
#7281 = CARTESIAN_POINT('',(-9.416302936011,-24.00590386498,
    6.946899679911));
#7282 = CARTESIAN_POINT('',(-9.503004112544,-24.14309715917,
    6.732100013749));
#7283 = CARTESIAN_POINT('',(-9.510587640959,-24.28003935761,
    6.514936173298));
#7284 = DEFINITIONAL_REPRESENTATION('',(#7285),#7289);
#7285 = LINE('',#7286,#7287);
#7286 = CARTESIAN_POINT('',(0.,1.));
#7287 = VECTOR('',#7288,1.);
#7288 = DIRECTION('',(1.,0.));
#7289 = ( GEOMETRIC_REPRESENTATION_CONTEXT(2) 
PARAMETRIC_REPRESENTATION_CONTEXT() REPRESENTATION_CONTEXT('2D SPACE',''
  ) );
#7290 = ORIENTED_EDGE('',*,*,#7291,.T.);
#7291 = EDGE_CURVE('',#7211,#7132,#7292,.T.);
#7292 = SURFACE_CURVE('',#7293,(#7329,#7368),.PCURVE_S1.);
#7293 = ( BOUNDED_CURVE() B_SPLINE_CURVE(12,(#7294,#7295,#7296,#7297,
    #7298,#7299,#7300,#7301,#7302,#7303,#7304,#7305,#7306,#7307,#7308,
    #7309,#7310,#7311,#7312,#7313,#7314,#7315,#7316,#7317,#7318,#7319,
    #7320,#7321,#7322,#7323,#7324,#7325,#7326,#7327,#7328),
.UNSPECIFIED.,.F.,.F.) B_SPLINE_CURVE_WITH_KNOTS((13,11,11,13),(
    20.367106040517,20.385122327175,69.255460536061,70.597765408033),
.UNSPECIFIED.) CURVE() GEOMETRIC_REPRESENTATION_ITEM() 
RATIONAL_B_SPLINE_CURVE((1.,1.,0.999999999999,1.000000000002,
    0.999999999997,1.000000000004,0.999999999996,1.000000000003,
    0.999999999998,1.000000000001,1.,1.,1.,0.999999999999,1.000000000002
    ,0.999999999997,1.000000000004,0.999999999996,1.000000000003,
    0.999999999998,1.000000000001,1.,1.,1.,1.,1.000000000001,
    0.999999999997,1.000000000004,0.999999999996,1.000000000003,
0.999999999998,1.000000000001,1.,1.,1.)) REPRESENTATION_ITEM('') );
#7294 = CARTESIAN_POINT('',(-9.510587640959,-24.28003935761,
    6.514936173298));
#7295 = CARTESIAN_POINT('',(-9.510608951993,-24.27917433001,
    6.514325905111));
#7296 = CARTESIAN_POINT('',(-9.510630927808,-24.27827853509,
    6.513696600121));
#7297 = CARTESIAN_POINT('',(-9.510653592472,-24.27735094918,
    6.513047569052));
#7298 = CARTESIAN_POINT('',(-9.510676970056,-24.27639054848,
    6.512378122625));
#7299 = CARTESIAN_POINT('',(-9.510701084631,-24.27539630948,
    6.511687571565));
#7300 = CARTESIAN_POINT('',(-9.510725960265,-24.27436720819,
    6.510975226591));
#7301 = CARTESIAN_POINT('',(-9.510751621031,-24.27330222123,
    6.51024039843));
#7302 = CARTESIAN_POINT('',(-9.510778090995,-24.27220032458,
    6.509482397802));
#7303 = CARTESIAN_POINT('',(-9.510805394231,-24.27106049478,
    6.508700535431));
#7304 = CARTESIAN_POINT('',(-9.510833554807,-24.26988170798,
    6.507894122039));
#7305 = CARTESIAN_POINT('',(-9.510862596794,-24.26866294054,
    6.507062468348));
#7306 = CARTESIAN_POINT('',(-9.592126979229,-20.85019097409,
    4.17995503006));
#7307 = CARTESIAN_POINT('',(-9.661937997707,-17.13802215893,
    2.180829023002));
#7308 = CARTESIAN_POINT('',(-9.717957748032,-13.21085879157,
    0.576633263845));
#7309 = CARTESIAN_POINT('',(-9.757829935291,-9.180581613592,
    -0.565156789453));
#7310 = CARTESIAN_POINT('',(-9.785360018528,-4.974638400603,
    -1.353515225906));
#7311 = CARTESIAN_POINT('',(-9.79416686871,-0.75482378683,
    -1.605710418361));
#7312 = CARTESIAN_POINT('',(-9.790127517028,3.498602988375,
    -1.490038520501));
#7313 = CARTESIAN_POINT('',(-9.768322876371,7.70110604441,
    -0.865635307906));
#7314 = CARTESIAN_POINT('',(-9.732612586853,11.800654370013,
    0.15697358753));
#7315 = CARTESIAN_POINT('',(-9.681367662607,15.767843614108,
    1.624436217725));
#7316 = CARTESIAN_POINT('',(-9.6164893455,19.531766829982,3.482308138945
    ));
#7317 = CARTESIAN_POINT('',(-9.536365074736,23.159924240305,
    5.776767050669));
#7318 = CARTESIAN_POINT('',(-9.534190552948,23.257693121629,
    5.839037207367));
#7319 = CARTESIAN_POINT('',(-9.532005610289,23.355109994186,
    5.901605778749));
#7320 = CARTESIAN_POINT('',(-9.529800236924,23.452658516733,
    5.964759409021));
#7321 = CARTESIAN_POINT('',(-9.527565778467,23.550761440638,
    6.028745927317));
#7322 = CARTESIAN_POINT('',(-9.525297737452,23.649597870774,
    6.093694124297));
#7323 = CARTESIAN_POINT('',(-9.522988680321,23.749430635199,
    6.159816869152));
#7324 = CARTESIAN_POINT('',(-9.520623251526,23.850861766733,
    6.227553887251));
#7325 = CARTESIAN_POINT('',(-9.518178442318,23.954835320181,
    6.297564062938));
#7326 = CARTESIAN_POINT('',(-9.515623407827,24.062607977165,
    6.370730677785));
#7327 = CARTESIAN_POINT('',(-9.512904272043,24.1763091104,6.448596538802
    ));
#7328 = CARTESIAN_POINT('',(-9.509890506344,24.301113206983,
    6.534899496703));
#7329 = PCURVE('',#5360,#7330);
#7330 = DEFINITIONAL_REPRESENTATION('',(#7331),#7367);
#7331 = B_SPLINE_CURVE_WITH_KNOTS('',12,(#7332,#7333,#7334,#7335,#7336,
    #7337,#7338,#7339,#7340,#7341,#7342,#7343,#7344,#7345,#7346,#7347,
    #7348,#7349,#7350,#7351,#7352,#7353,#7354,#7355,#7356,#7357,#7358,
    #7359,#7360,#7361,#7362,#7363,#7364,#7365,#7366),.UNSPECIFIED.,.F.,
  .F.,(13,11,11,13),(20.367106040517,20.385122327175,69.255460536061,
    70.597765408033),.UNSPECIFIED.);
#7332 = CARTESIAN_POINT('',(15.646855521179,-24.28003935761));
#7333 = CARTESIAN_POINT('',(15.646244881009,-24.27917433001));
#7334 = CARTESIAN_POINT('',(15.645615192415,-24.27827853508));
#7335 = CARTESIAN_POINT('',(15.644965765773,-24.2773509492));
#7336 = CARTESIAN_POINT('',(15.64429591121,-24.27639054844));
#7337 = CARTESIAN_POINT('',(15.643604939344,-24.27539630953));
#7338 = CARTESIAN_POINT('',(15.642892160031,-24.27436720814));
#7339 = CARTESIAN_POINT('',(15.642156884083,-24.27330222126));
#7340 = CARTESIAN_POINT('',(15.641398421329,-24.27220032456));
#7341 = CARTESIAN_POINT('',(15.640616082431,-24.27106049479));
#7342 = CARTESIAN_POINT('',(15.639809177471,-24.26988170798));
#7343 = CARTESIAN_POINT('',(15.638977016857,-24.26866294054));
#7344 = CARTESIAN_POINT('',(13.310451103498,-20.85019097409));
#7345 = CARTESIAN_POINT('',(11.310106540571,-17.13802215892));
#7346 = CARTESIAN_POINT('',(9.704932953059,-13.2108587916));
#7347 = CARTESIAN_POINT('',(8.562446928099,-9.180581613553));
#7348 = CARTESIAN_POINT('',(7.773607952316,-4.974638400638));
#7349 = CARTESIAN_POINT('',(7.521259035655,-0.75482378681));
#7350 = CARTESIAN_POINT('',(7.637001440717,3.498602988371));
#7351 = CARTESIAN_POINT('',(8.26178525469,7.701106044404));
#7352 = CARTESIAN_POINT('',(9.285017475572,11.800654370019));
#7353 = CARTESIAN_POINT('',(10.753374589237,15.767843614105));
#7354 = CARTESIAN_POINT('',(12.612378965696,19.531766829982));
#7355 = CARTESIAN_POINT('',(14.90823645177,23.159924240306));
#7356 = CARTESIAN_POINT('',(14.97054456488,23.257693121622));
#7357 = CARTESIAN_POINT('',(15.033151274604,23.355109994208));
#7358 = CARTESIAN_POINT('',(15.096343399752,23.45265851669));
#7359 = CARTESIAN_POINT('',(15.16036892076,23.550761440697));
#7360 = CARTESIAN_POINT('',(15.225356706427,23.649597870712));
#7361 = CARTESIAN_POINT('',(15.291519756136,23.749430635249));
#7362 = CARTESIAN_POINT('',(15.359298062864,23.8508617667));
#7363 = CARTESIAN_POINT('',(15.429350912904,23.954835320198));
#7364 = CARTESIAN_POINT('',(15.502562126022,24.062607977158));
#7365 = CARTESIAN_POINT('',(15.580475449737,24.176309110402));
#7366 = CARTESIAN_POINT('',(15.666831013113,24.301113206983));
#7367 = ( GEOMETRIC_REPRESENTATION_CONTEXT(2) 
PARAMETRIC_REPRESENTATION_CONTEXT() REPRESENTATION_CONTEXT('2D SPACE',''
  ) );
#7368 = PCURVE('',#7369,#7475);
#7369 = ( BOUNDED_SURFACE() B_SPLINE_SURFACE(2,12,(
    (#7370,#7371,#7372,#7373,#7374,#7375,#7376,#7377,#7378,#7379,#7380
      ,#7381,#7382,#7383,#7384,#7385,#7386,#7387,#7388,#7389,#7390,#7391
      ,#7392,#7393,#7394,#7395,#7396,#7397,#7398,#7399,#7400,#7401,#7402
      ,#7403,#7404)
    ,(#7405,#7406,#7407,#7408,#7409,#7410,#7411,#7412,#7413,#7414,#7415
      ,#7416,#7417,#7418,#7419,#7420,#7421,#7422,#7423,#7424,#7425,#7426
      ,#7427,#7428,#7429,#7430,#7431,#7432,#7433,#7434,#7435,#7436,#7437
      ,#7438,#7439)
    ,(#7440,#7441,#7442,#7443,#7444,#7445,#7446,#7447,#7448,#7449,#7450
      ,#7451,#7452,#7453,#7454,#7455,#7456,#7457,#7458,#7459,#7460,#7461
      ,#7462,#7463,#7464,#7465,#7466,#7467,#7468,#7469,#7470,#7471,#7472
      ,#7473,#7474
)),.UNSPECIFIED.,.F.,.F.,.F.) B_SPLINE_SURFACE_WITH_KNOTS((3,3),(13,11,
    11,13),(0.,50.230659367517),(20.367106040517,20.385122327175,
    69.255460536061,70.597765408033),.UNSPECIFIED.) 
GEOMETRIC_REPRESENTATION_ITEM() RATIONAL_B_SPLINE_SURFACE((
    (1.,1.,0.999999999999,1.000000000002,0.999999999997,1.000000000004
      ,0.999999999996,1.000000000003,0.999999999998,1.000000000001,1.,1.
      ,1.,0.999999999999,1.000000000002,0.999999999997,1.000000000004
      ,0.999999999996,1.000000000003,0.999999999998,1.000000000001,1.,1.
      ,1.,1.,1.000000000001,0.999999999997,1.000000000004,0.999999999996
      ,1.000000000003,0.999999999998,1.000000000001,1.,1.,1.)
    ,(0.717235201871,0.717235266566,0.71723534703,0.717235443278
      ,0.71723555531,0.717235683156,0.717235826801,0.717235986286
      ,0.717236161595,0.717236352758,0.717236559776,0.717236782664
      ,0.717884695177,0.71847336596,0.718887431475,0.719247697782
      ,0.719426404742,0.719544915478,0.719461679646,0.719335878986
      ,0.719004611266,0.71862621493,0.718076352113,0.71745249298
      ,0.717458182725,0.717516430241,0.717614280873,0.717742725779
      ,0.717906049583,0.718115145044,0.718379421798,0.718704853373
      ,0.719098623057,0.719573746281,0.7201399637)
    ,(1.,1.,0.999999999999,1.000000000002,0.999999999997,1.000000000004
      ,0.999999999996,1.000000000003,0.999999999998,1.000000000001,1.,1.
      ,1.,0.999999999999,1.000000000002,0.999999999997,1.000000000004
      ,0.999999999996,1.000000000003,0.999999999998,1.000000000001,1.,1.
      ,1.,1.,1.000000000001,0.999999999997,1.000000000004,0.999999999996
      ,1.000000000003,0.999999999998,1.000000000001,1.,1.,1.
))) REPRESENTATION_ITEM('') SURFACE() );
#7370 = CARTESIAN_POINT('',(-8.510518825079,-23.74709662457,
    7.326187717265));
#7371 = CARTESIAN_POINT('',(-8.510548929116,-23.74584024998,
    7.325330968773));
#7372 = CARTESIAN_POINT('',(-8.510579054815,-23.74458476046,
    7.324474896311));
#7373 = CARTESIAN_POINT('',(-8.510609201641,-23.74333018005,
    7.323619516082));
#7374 = CARTESIAN_POINT('',(-8.51063936906,-23.74207653279,
    7.322764844274));
#7375 = CARTESIAN_POINT('',(-8.51066955654,-23.74082384277,
    7.321910897107));
#7376 = CARTESIAN_POINT('',(-8.510699763545,-23.739572134,7.321057690747
    ));
#7377 = CARTESIAN_POINT('',(-8.510729989544,-23.73832143059,
    7.320205241433));
#7378 = CARTESIAN_POINT('',(-8.510760234,-23.73707175654,7.319353565323)
  );
#7379 = CARTESIAN_POINT('',(-8.510790496381,-23.73582313593,
    7.318502678649));
#7380 = CARTESIAN_POINT('',(-8.510820776153,-23.73457559281,
    7.317652597588));
#7381 = CARTESIAN_POINT('',(-8.510851072783,-23.73332915124,
    7.316803338349));
#7382 = CARTESIAN_POINT('',(-8.593107222527,-20.35408403275,
    5.014557697304));
#7383 = CARTESIAN_POINT('',(-8.662785337592,-16.72892825754,
    3.067811363528));
#7384 = CARTESIAN_POINT('',(-8.718411461751,-12.89803838384,
    1.507992036707));
#7385 = CARTESIAN_POINT('',(-8.758608839027,-8.970848019107,
    0.390646275713));
#7386 = CARTESIAN_POINT('',(-8.785653790774,-4.856200243664,
    -0.379677256922));
#7387 = CARTESIAN_POINT('',(-8.795275609241,-0.739521377529,
    -0.625299346551));
#7388 = CARTESIAN_POINT('',(-8.790090043454,3.418631138151,
    -0.513146744574));
#7389 = CARTESIAN_POINT('',(-8.769630393696,7.522343244956,
    9.723745308191E-02));
#7390 = CARTESIAN_POINT('',(-8.732599526144,11.529146783318,
    1.095413992989));
#7391 = CARTESIAN_POINT('',(-8.682446459093,15.408955431083,
    2.531108474823));
#7392 = CARTESIAN_POINT('',(-8.616540444219,19.085480900033,
    4.350466790808));
#7393 = CARTESIAN_POINT('',(-8.537525631628,22.607217203717,
    6.575449668917));
#7394 = CARTESIAN_POINT('',(-8.536587142449,22.667866734488,
    6.61412564495));
#7395 = CARTESIAN_POINT('',(-8.537714772262,22.730404802128,
    6.654030722088));
#7396 = CARTESIAN_POINT('',(-8.540412305914,22.79707481695,
    6.696716922815));
#7397 = CARTESIAN_POINT('',(-8.544414244531,22.863808878043,
    6.739692686164));
#7398 = CARTESIAN_POINT('',(-8.549993081593,22.929056720548,
    6.781937884854));
#7399 = CARTESIAN_POINT('',(-8.557716728203,22.993748587404,
    6.823980630626));
#7400 = CARTESIAN_POINT('',(-8.568176984515,23.058847591645,
    6.866433044608));
#7401 = CARTESIAN_POINT('',(-8.581968694947,23.12426894111,
    6.909296905971));
#7402 = CARTESIAN_POINT('',(-8.59995796525,23.190265210814,
    6.952763828217));
#7403 = CARTESIAN_POINT('',(-8.623636560128,23.259698653513,
    6.998648348819));
#7404 = CARTESIAN_POINT('',(-8.655118340616,23.336943351638,
    7.050006054097));
#7405 = CARTESIAN_POINT('',(-9.48190221002,-23.76204222471,
    7.336379439173));
#7406 = CARTESIAN_POINT('',(-9.481931892351,-23.76079691843,
    7.335529448451));
#7407 = CARTESIAN_POINT('',(-9.481961571686,-23.75955163266,
    7.33467954348));
#7408 = CARTESIAN_POINT('',(-9.481991248154,-23.75830636201,
    7.333829720614));
#7409 = CARTESIAN_POINT('',(-9.482020921883,-23.75706110116,
    7.332979976229));
#7410 = CARTESIAN_POINT('',(-9.482050592997,-23.7558158447,
    7.332130306657));
#7411 = CARTESIAN_POINT('',(-9.482080261627,-23.75457058736,
    7.331280708298));
#7412 = CARTESIAN_POINT('',(-9.482109927896,-23.75332532367,
    7.330431177465));
#7413 = CARTESIAN_POINT('',(-9.482139591935,-23.75208004839,
    7.329581710565));
#7414 = CARTESIAN_POINT('',(-9.482169253868,-23.75083475608,
    7.32873230392));
#7415 = CARTESIAN_POINT('',(-9.482198913824,-23.74958944143,
    7.327882953915));
#7416 = CARTESIAN_POINT('',(-9.482228571929,-23.74834409906,
    7.327033656899));
#7417 = CARTESIAN_POINT('',(-9.562630470839,-20.37198652328,
    5.024624515273));
#7418 = CARTESIAN_POINT('',(-9.630691031654,-16.7474413377,3.07562505721
    ));
#7419 = CARTESIAN_POINT('',(-9.685292581576,-12.91370937121,1.512041244)
  );
#7420 = CARTESIAN_POINT('',(-9.724383828372,-8.983312618621,
    0.392614399605));
#7421 = CARTESIAN_POINT('',(-9.751390578566,-4.863323341574,
    -0.38075773931));
#7422 = CARTESIAN_POINT('',(-9.759966177557,-0.740120392613,
    -0.626330764029));
#7423 = CARTESIAN_POINT('',(-9.756065709805,3.423121221184,
    -0.514635981602));
#7424 = CARTESIAN_POINT('',(-9.734652589042,7.533171968504,
    9.855556819091E-02));
#7425 = CARTESIAN_POINT('',(-9.699714862429,11.54103988497,
    1.099041156573));
#7426 = CARTESIAN_POINT('',(-9.649538262711,15.419338291639,
    2.535910974972));
#7427 = CARTESIAN_POINT('',(-9.586084656543,19.095838655248,
    4.352984512909));
#7428 = CARTESIAN_POINT('',(-9.507796338675,22.637778611081,
    6.594868612489));
#7429 = CARTESIAN_POINT('',(-9.505692853753,22.732381439265,
    6.655104539482));
#7430 = CARTESIAN_POINT('',(-9.503582718851,22.82677120392,
    6.715530896986));
#7431 = CARTESIAN_POINT('',(-9.501453423148,22.921470510883,
    6.776505948071));
#7432 = CARTESIAN_POINT('',(-9.499298074565,23.016770499282,
    6.838227056004));
#7433 = CARTESIAN_POINT('',(-9.497113611481,23.112809633462,
    6.900781894151));
#7434 = CARTESIAN_POINT('',(-9.494893254911,23.209882418782,
    6.964364587284));
#7435 = CARTESIAN_POINT('',(-9.492622294386,23.308613071371,
    7.029396388069));
#7436 = CARTESIAN_POINT('',(-9.490278825377,23.409926741593,
    7.09650456017));
#7437 = CARTESIAN_POINT('',(-9.487833410294,23.51505621123,
    7.166532085855));
#7438 = CARTESIAN_POINT('',(-9.485233834492,23.626134243147,
    7.240974196952));
#7439 = CARTESIAN_POINT('',(-9.482353185442,23.748240322606,
    7.323465192779));
#7440 = CARTESIAN_POINT('',(-9.510587640959,-24.28003935761,
    6.514936173298));
#7441 = CARTESIAN_POINT('',(-9.510608951993,-24.27917433001,
    6.514325905111));
#7442 = CARTESIAN_POINT('',(-9.510630927808,-24.27827853509,
    6.513696600121));
#7443 = CARTESIAN_POINT('',(-9.510653592472,-24.27735094918,
    6.513047569052));
#7444 = CARTESIAN_POINT('',(-9.510676970056,-24.27639054848,
    6.512378122625));
#7445 = CARTESIAN_POINT('',(-9.510701084631,-24.27539630948,
    6.511687571565));
#7446 = CARTESIAN_POINT('',(-9.510725960265,-24.27436720819,
    6.510975226591));
#7447 = CARTESIAN_POINT('',(-9.510751621031,-24.27330222123,
    6.51024039843));
#7448 = CARTESIAN_POINT('',(-9.510778090995,-24.27220032458,
    6.509482397802));
#7449 = CARTESIAN_POINT('',(-9.510805394231,-24.27106049478,
    6.508700535431));
#7450 = CARTESIAN_POINT('',(-9.510833554807,-24.26988170798,
    6.507894122039));
#7451 = CARTESIAN_POINT('',(-9.510862596794,-24.26866294054,
    6.507062468348));
#7452 = CARTESIAN_POINT('',(-9.592126979229,-20.85019097409,
    4.17995503006));
#7453 = CARTESIAN_POINT('',(-9.661937997707,-17.13802215893,
    2.180829023002));
#7454 = CARTESIAN_POINT('',(-9.717957748032,-13.21085879157,
    0.576633263845));
#7455 = CARTESIAN_POINT('',(-9.757829935291,-9.180581613592,
    -0.565156789453));
#7456 = CARTESIAN_POINT('',(-9.785360018528,-4.974638400603,
    -1.353515225906));
#7457 = CARTESIAN_POINT('',(-9.79416686871,-0.75482378683,
    -1.605710418361));
#7458 = CARTESIAN_POINT('',(-9.790127517028,3.498602988375,
    -1.490038520501));
#7459 = CARTESIAN_POINT('',(-9.768322876371,7.70110604441,
    -0.865635307906));
#7460 = CARTESIAN_POINT('',(-9.732612586853,11.800654370013,
    0.15697358753));
#7461 = CARTESIAN_POINT('',(-9.681367662607,15.767843614108,
    1.624436217725));
#7462 = CARTESIAN_POINT('',(-9.6164893455,19.531766829982,3.482308138945
    ));
#7463 = CARTESIAN_POINT('',(-9.536365074736,23.159924240305,
    5.776767050669));
#7464 = CARTESIAN_POINT('',(-9.534190552948,23.257693121629,
    5.839037207367));
#7465 = CARTESIAN_POINT('',(-9.532005610289,23.355109994186,
    5.901605778749));
#7466 = CARTESIAN_POINT('',(-9.529800236924,23.452658516733,
    5.964759409021));
#7467 = CARTESIAN_POINT('',(-9.527565778467,23.550761440638,
    6.028745927317));
#7468 = CARTESIAN_POINT('',(-9.525297737452,23.649597870774,
    6.093694124297));
#7469 = CARTESIAN_POINT('',(-9.522988680321,23.749430635199,
    6.159816869152));
#7470 = CARTESIAN_POINT('',(-9.520623251526,23.850861766733,
    6.227553887251));
#7471 = CARTESIAN_POINT('',(-9.518178442318,23.954835320181,
    6.297564062938));
#7472 = CARTESIAN_POINT('',(-9.515623407827,24.062607977165,
    6.370730677785));
#7473 = CARTESIAN_POINT('',(-9.512904272043,24.1763091104,6.448596538802
    ));
#7474 = CARTESIAN_POINT('',(-9.509890506344,24.301113206983,
    6.534899496703));
#7475 = DEFINITIONAL_REPRESENTATION('',(#7476),#7480);
#7476 = LINE('',#7477,#7478);
#7477 = CARTESIAN_POINT('',(50.230659367517,0.));
#7478 = VECTOR('',#7479,1.);
#7479 = DIRECTION('',(0.,1.));
#7480 = ( GEOMETRIC_REPRESENTATION_CONTEXT(2) 
PARAMETRIC_REPRESENTATION_CONTEXT() REPRESENTATION_CONTEXT('2D SPACE',''
  ) );
#7481 = ADVANCED_FACE('',(#7482),#5445,.T.);
#7482 = FACE_BOUND('',#7483,.T.);
#7483 = EDGE_LOOP('',(#7484,#7575,#7576,#7577));
#7484 = ORIENTED_EDGE('',*,*,#7485,.T.);
#7485 = EDGE_CURVE('',#7486,#6568,#7488,.T.);
#7486 = VERTEX_POINT('',#7487);
#7487 = CARTESIAN_POINT('',(8.510499679456,29.509890506344,
    6.534899496702));
#7488 = SURFACE_CURVE('',#7489,(#7498,#7504),.PCURVE_S1.);
#7489 = B_SPLINE_CURVE_WITH_KNOTS('',7,(#7490,#7491,#7492,#7493,#7494,
    #7495,#7496,#7497),.UNSPECIFIED.,.F.,.F.,(8,8),(0.,1.),
  .PIECEWISE_BEZIER_KNOTS.);
#7490 = CARTESIAN_POINT('',(8.510499679456,29.509890506344,
    6.534899496702));
#7491 = CARTESIAN_POINT('',(8.734588732352,29.509617571509,6.54271532777
    ));
#7492 = CARTESIAN_POINT('',(8.958676707716,29.450722560235,
    6.548483993193));
#7493 = CARTESIAN_POINT('',(9.164369420695,29.333237198876,
    6.551564261787));
#7494 = CARTESIAN_POINT('',(9.333237198916,29.164369420642,
    6.551564261787));
#7495 = CARTESIAN_POINT('',(9.450722560267,28.958676707647,
    6.548483993193));
#7496 = CARTESIAN_POINT('',(9.509617571509,28.734588732239,6.54271532777
    ));
#7497 = CARTESIAN_POINT('',(9.509890506344,28.510499679325,
    6.534899496703));
#7498 = PCURVE('',#5445,#7499);
#7499 = DEFINITIONAL_REPRESENTATION('',(#7500),#7503);
#7500 = B_SPLINE_CURVE_WITH_KNOTS('',1,(#7501,#7502),.UNSPECIFIED.,.F.,
  .F.,(2,2),(0.,1.),.PIECEWISE_BEZIER_KNOTS.);
#7501 = CARTESIAN_POINT('',(0.,-3.485701584709E-02));
#7502 = CARTESIAN_POINT('',(1.569578351624,-3.485701584709E-02));
#7503 = ( GEOMETRIC_REPRESENTATION_CONTEXT(2) 
PARAMETRIC_REPRESENTATION_CONTEXT() REPRESENTATION_CONTEXT('2D SPACE',''
  ) );
#7504 = PCURVE('',#7505,#7570);
#7505 = B_SPLINE_SURFACE_WITH_KNOTS('',7,7,(
    (#7506,#7507,#7508,#7509,#7510,#7511,#7512,#7513)
    ,(#7514,#7515,#7516,#7517,#7518,#7519,#7520,#7521)
    ,(#7522,#7523,#7524,#7525,#7526,#7527,#7528,#7529)
    ,(#7530,#7531,#7532,#7533,#7534,#7535,#7536,#7537)
    ,(#7538,#7539,#7540,#7541,#7542,#7543,#7544,#7545)
    ,(#7546,#7547,#7548,#7549,#7550,#7551,#7552,#7553)
    ,(#7554,#7555,#7556,#7557,#7558,#7559,#7560,#7561)
    ,(#7562,#7563,#7564,#7565,#7566,#7567,#7568,#7569
  )),.UNSPECIFIED.,.F.,.F.,.F.,(8,8),(8,8),(0.,1.),(0.,1.),
  .PIECEWISE_BEZIER_KNOTS.);
#7506 = CARTESIAN_POINT('',(8.510499679325,28.510499679325,7.5));
#7507 = CARTESIAN_POINT('',(8.729912499575,28.510499679325,7.5));
#7508 = CARTESIAN_POINT('',(8.949324428774,28.510499679324,7.44383329767
    ));
#7509 = CARTESIAN_POINT('',(9.151489092078,28.510499679325,
    7.331507840082));
#7510 = CARTESIAN_POINT('',(9.3191307794,28.510499679324,7.169618144445)
  );
#7511 = CARTESIAN_POINT('',(9.438443256355,28.510499679325,
    6.971496736328));
#7512 = CARTESIAN_POINT('',(9.502233109347,28.510499679325,
    6.754178656591));
#7513 = CARTESIAN_POINT('',(9.509890506344,28.510499679325,
    6.534899496703));
#7514 = CARTESIAN_POINT('',(8.510499679306,28.729913064947,7.5));
#7515 = CARTESIAN_POINT('',(8.730580532797,28.718925036045,
    7.500000000002));
#7516 = CARTESIAN_POINT('',(8.959960403257,28.699562424795,7.44359090589
    ));
#7517 = CARTESIAN_POINT('',(9.175399111428,28.671829763534,7.32137593841
    ));
#7518 = CARTESIAN_POINT('',(9.33708662306,28.636756757002,7.144371522709
    ));
#7519 = CARTESIAN_POINT('',(9.444435869812,28.596423045507,
    6.950434152227));
#7520 = CARTESIAN_POINT('',(9.502601073248,28.55346143938,6.74364154911)
  );
#7521 = CARTESIAN_POINT('',(9.509890506344,28.510499679325,
    6.534899496703));
#7522 = CARTESIAN_POINT('',(8.510499662715,28.949324819,7.443833608882)
  );
#7523 = CARTESIAN_POINT('',(8.731248551811,28.936822252514,7.44940736942
    ));
#7524 = CARTESIAN_POINT('',(8.967902311473,28.934007523939,
    7.364624890868));
#7525 = CARTESIAN_POINT('',(9.193009418391,28.879659368772,7.2408800438)
  );
#7526 = CARTESIAN_POINT('',(9.351275026603,28.79859741112,7.069343986344
    ));
#7527 = CARTESIAN_POINT('',(9.450653636679,28.706455358119,
    6.894814379929));
#7528 = CARTESIAN_POINT('',(9.504346717756,28.627570493574,
    6.693652830837));
#7529 = CARTESIAN_POINT('',(9.509890506344,28.510499679325,
    6.534899496702));
#7530 = CARTESIAN_POINT('',(8.510522034266,29.151485795628,7.33150473072
    ));
#7531 = CARTESIAN_POINT('',(8.731935760666,29.147465804364,
    7.339855458622));
#7532 = CARTESIAN_POINT('',(8.972027679142,29.114859485986,7.27909668726
    ));
#7533 = CARTESIAN_POINT('',(9.201617989724,29.029057467538,
    7.170136534097));
#7534 = CARTESIAN_POINT('',(9.357813811899,28.905984987882,
    7.015169212166));
#7535 = CARTESIAN_POINT('',(9.453056094517,28.776048296436,
    6.856820698624));
#7536 = CARTESIAN_POINT('',(9.504670980028,28.64792321409,6.684367174297
    ));
#7537 = CARTESIAN_POINT('',(9.509890506344,28.510499679325,
    6.534899496703));
#7538 = CARTESIAN_POINT('',(8.510532867794,29.319139192562,
    7.169627460473));
#7539 = CARTESIAN_POINT('',(8.732613079786,29.324009750065,
    7.169935456588));
#7540 = CARTESIAN_POINT('',(8.97296584074,29.259217215039,7.140688304817
    ));
#7541 = CARTESIAN_POINT('',(9.202653898031,29.146944526495,
    7.057549602809));
#7542 = CARTESIAN_POINT('',(9.358726201587,28.989805192001,
    6.935196479206));
#7543 = CARTESIAN_POINT('',(9.453715402858,28.830267729259,
    6.804998027922));
#7544 = CARTESIAN_POINT('',(9.504994489884,28.657666860495,
    6.675103064119));
#7545 = CARTESIAN_POINT('',(9.509890506344,28.510499679325,
    6.534899496703));
#7546 = CARTESIAN_POINT('',(8.510496498051,29.438444610544,
    6.971475016678));
#7547 = CARTESIAN_POINT('',(8.73324993896,29.441384039136,6.964434068888
    ));
#7548 = CARTESIAN_POINT('',(8.970899890943,29.3520416676,6.964802924178)
  );
#7549 = CARTESIAN_POINT('',(9.196507113235,29.224226832703,
    6.912748981923));
#7550 = CARTESIAN_POINT('',(9.354554095548,29.048841529231,
    6.831356954741));
#7551 = CARTESIAN_POINT('',(9.453171798646,28.871361978883,
    6.737716742205));
#7552 = CARTESIAN_POINT('',(9.50568295398,28.667935970508,6.655388031904
    ));
#7553 = CARTESIAN_POINT('',(9.509890506344,28.510499679325,
    6.534899496703));
#7554 = CARTESIAN_POINT('',(8.510499696416,29.502232941299,
    6.754183468852));
#7555 = CARTESIAN_POINT('',(8.733920713651,29.500666201195,
    6.749879890742));
#7556 = CARTESIAN_POINT('',(8.966522386753,29.441418279684,
    6.735858826786));
#7557 = CARTESIAN_POINT('',(9.184654986957,29.314992181972,
    6.711049939856));
#7558 = CARTESIAN_POINT('',(9.347358649935,29.132571623434,
    6.675441680817));
#7559 = CARTESIAN_POINT('',(9.453526178925,28.933224371442,6.63233318342
    ));
#7560 = CARTESIAN_POINT('',(9.508157002135,28.721877803694,
    6.584540562279));
#7561 = CARTESIAN_POINT('',(9.509890506344,28.510499679325,
    6.534899496703));
#7562 = CARTESIAN_POINT('',(8.510499679456,29.509890506344,
    6.534899496702));
#7563 = CARTESIAN_POINT('',(8.734588732352,29.509617571509,6.54271532777
    ));
#7564 = CARTESIAN_POINT('',(8.958676707716,29.450722560235,
    6.548483993193));
#7565 = CARTESIAN_POINT('',(9.164369420695,29.333237198876,
    6.551564261787));
#7566 = CARTESIAN_POINT('',(9.333237198916,29.164369420642,
    6.551564261787));
#7567 = CARTESIAN_POINT('',(9.450722560267,28.958676707647,
    6.548483993193));
#7568 = CARTESIAN_POINT('',(9.509617571509,28.734588732239,6.54271532777
    ));
#7569 = CARTESIAN_POINT('',(9.509890506344,28.510499679325,
    6.534899496703));
#7570 = DEFINITIONAL_REPRESENTATION('',(#7571),#7574);
#7571 = B_SPLINE_CURVE_WITH_KNOTS('',1,(#7572,#7573),.UNSPECIFIED.,.F.,
  .F.,(2,2),(0.,1.),.PIECEWISE_BEZIER_KNOTS.);
#7572 = CARTESIAN_POINT('',(1.,0.));
#7573 = CARTESIAN_POINT('',(1.,1.));
#7574 = ( GEOMETRIC_REPRESENTATION_CONTEXT(2) 
PARAMETRIC_REPRESENTATION_CONTEXT() REPRESENTATION_CONTEXT('2D SPACE',''
  ) );
#7575 = ORIENTED_EDGE('',*,*,#6567,.T.);
#7576 = ORIENTED_EDGE('',*,*,#5428,.F.);
#7577 = ORIENTED_EDGE('',*,*,#7578,.F.);
#7578 = EDGE_CURVE('',#7486,#5403,#7579,.T.);
#7579 = SURFACE_CURVE('',#7580,(#7584,#7591),.PCURVE_S1.);
#7580 = LINE('',#7581,#7582);
#7581 = CARTESIAN_POINT('',(8.511715431482,29.511106258501,
    6.500084910002));
#7582 = VECTOR('',#7583,1.);
#7583 = DIRECTION('',(3.487826274237E-02,3.487826274237E-02,
    -0.998782765959));
#7584 = PCURVE('',#5445,#7585);
#7585 = DEFINITIONAL_REPRESENTATION('',(#7586),#7590);
#7586 = LINE('',#7587,#7588);
#7587 = CARTESIAN_POINT('',(0.,0.));
#7588 = VECTOR('',#7589,1.);
#7589 = DIRECTION('',(0.,1.));
#7590 = ( GEOMETRIC_REPRESENTATION_CONTEXT(2) 
PARAMETRIC_REPRESENTATION_CONTEXT() REPRESENTATION_CONTEXT('2D SPACE',''
  ) );
#7591 = PCURVE('',#5417,#7592);
#7592 = DEFINITIONAL_REPRESENTATION('',(#7593),#7597);
#7593 = LINE('',#7594,#7595);
#7594 = CARTESIAN_POINT('',(14.008618582003,8.511715431482));
#7595 = VECTOR('',#7596,1.);
#7596 = DIRECTION('',(-0.999391568299,3.487826274237E-02));
#7597 = ( GEOMETRIC_REPRESENTATION_CONTEXT(2) 
PARAMETRIC_REPRESENTATION_CONTEXT() REPRESENTATION_CONTEXT('2D SPACE',''
  ) );
#7598 = ADVANCED_FACE('',(#7599),#5388,.T.);
#7599 = FACE_BOUND('',#7600,.F.);
#7600 = EDGE_LOOP('',(#7601,#7602,#7625,#7710));
#7601 = ORIENTED_EDGE('',*,*,#5371,.T.);
#7602 = ORIENTED_EDGE('',*,*,#7603,.T.);
#7603 = EDGE_CURVE('',#5372,#7604,#7606,.T.);
#7604 = VERTEX_POINT('',#7605);
#7605 = CARTESIAN_POINT('',(-8.510499679325,29.509890506344,
    6.534899496703));
#7606 = SURFACE_CURVE('',#7607,(#7611,#7618),.PCURVE_S1.);
#7607 = LINE('',#7608,#7609);
#7608 = CARTESIAN_POINT('',(-9.001824921646,30.001215748665,
    -7.534814586701));
#7609 = VECTOR('',#7610,1.);
#7610 = DIRECTION('',(3.487826274237E-02,-3.487826274237E-02,
    0.998782765959));
#7611 = PCURVE('',#5388,#7612);
#7612 = DEFINITIONAL_REPRESENTATION('',(#7613),#7617);
#7613 = LINE('',#7614,#7615);
#7614 = CARTESIAN_POINT('',(-1.569578351624,0.));
#7615 = VECTOR('',#7616,1.);
#7616 = DIRECTION('',(-0.,1.));
#7617 = ( GEOMETRIC_REPRESENTATION_CONTEXT(2) 
PARAMETRIC_REPRESENTATION_CONTEXT() REPRESENTATION_CONTEXT('2D SPACE',''
  ) );
#7618 = PCURVE('',#5417,#7619);
#7619 = DEFINITIONAL_REPRESENTATION('',(#7620),#7624);
#7620 = LINE('',#7621,#7622);
#7621 = CARTESIAN_POINT('',(-3.483580767271E-02,-9.001824921646));
#7622 = VECTOR('',#7623,1.);
#7623 = DIRECTION('',(0.999391568299,3.487826274237E-02));
#7624 = ( GEOMETRIC_REPRESENTATION_CONTEXT(2) 
PARAMETRIC_REPRESENTATION_CONTEXT() REPRESENTATION_CONTEXT('2D SPACE',''
  ) );
#7625 = ORIENTED_EDGE('',*,*,#7626,.F.);
#7626 = EDGE_CURVE('',#7130,#7604,#7627,.T.);
#7627 = SURFACE_CURVE('',#7628,(#7633,#7639),.PCURVE_S1.);
#7628 = CIRCLE('',#7629,1.);
#7629 = AXIS2_PLACEMENT_3D('',#7630,#7631,#7632);
#7630 = CARTESIAN_POINT('',(-8.510499679325,28.510499679325,6.5));
#7631 = DIRECTION('',(-3.487826274237E-02,3.487826274237E-02,
    -0.998782765959));
#7632 = DIRECTION('',(-0.999390827019,-1.619798045693E-16,
    3.48994967025E-02));
#7633 = PCURVE('',#5388,#7634);
#7634 = DEFINITIONAL_REPRESENTATION('',(#7635),#7638);
#7635 = B_SPLINE_CURVE_WITH_KNOTS('',1,(#7636,#7637),.UNSPECIFIED.,.F.,
  .F.,(2,2),(0.,1.569578351624),.PIECEWISE_BEZIER_KNOTS.);
#7636 = CARTESIAN_POINT('',(0.,14.086861090257));
#7637 = CARTESIAN_POINT('',(-1.569578351624,14.086861090257));
#7638 = ( GEOMETRIC_REPRESENTATION_CONTEXT(2) 
PARAMETRIC_REPRESENTATION_CONTEXT() REPRESENTATION_CONTEXT('2D SPACE',''
  ) );
#7639 = PCURVE('',#7640,#7705);
#7640 = B_SPLINE_SURFACE_WITH_KNOTS('',7,7,(
    (#7641,#7642,#7643,#7644,#7645,#7646,#7647,#7648)
    ,(#7649,#7650,#7651,#7652,#7653,#7654,#7655,#7656)
    ,(#7657,#7658,#7659,#7660,#7661,#7662,#7663,#7664)
    ,(#7665,#7666,#7667,#7668,#7669,#7670,#7671,#7672)
    ,(#7673,#7674,#7675,#7676,#7677,#7678,#7679,#7680)
    ,(#7681,#7682,#7683,#7684,#7685,#7686,#7687,#7688)
    ,(#7689,#7690,#7691,#7692,#7693,#7694,#7695,#7696)
    ,(#7697,#7698,#7699,#7700,#7701,#7702,#7703,#7704
  )),.UNSPECIFIED.,.F.,.F.,.F.,(8,8),(8,8),(0.,1.),(0.,1.),
  .PIECEWISE_BEZIER_KNOTS.);
#7641 = CARTESIAN_POINT('',(-9.509890506344,28.510499679325,
    6.534899496702));
#7642 = CARTESIAN_POINT('',(-9.509617571509,28.734588732239,
    6.54271532777));
#7643 = CARTESIAN_POINT('',(-9.450722560267,28.958676707648,
    6.548483993193));
#7644 = CARTESIAN_POINT('',(-9.333237198916,29.164369420641,
    6.551564261786));
#7645 = CARTESIAN_POINT('',(-9.164369420695,29.333237198876,
    6.551564261787));
#7646 = CARTESIAN_POINT('',(-8.958676707716,29.450722560235,
    6.548483993193));
#7647 = CARTESIAN_POINT('',(-8.734588732352,29.509617571509,
    6.54271532777));
#7648 = CARTESIAN_POINT('',(-8.510499679456,29.509890506344,
    6.534899496702));
#7649 = CARTESIAN_POINT('',(-9.509890506344,28.510499679325,
    6.534899496702));
#7650 = CARTESIAN_POINT('',(-9.508157002135,28.721877803694,
    6.58454056228));
#7651 = CARTESIAN_POINT('',(-9.453526178925,28.933224371443,
    6.63233318342));
#7652 = CARTESIAN_POINT('',(-9.347358649935,29.132571623434,
    6.675441680817));
#7653 = CARTESIAN_POINT('',(-9.184654986957,29.314992181972,
    6.711049939857));
#7654 = CARTESIAN_POINT('',(-8.966522386753,29.441418279684,
    6.735858826787));
#7655 = CARTESIAN_POINT('',(-8.733920713651,29.500666201195,
    6.749879890743));
#7656 = CARTESIAN_POINT('',(-8.510499696416,29.502232941299,
    6.754183468854));
#7657 = CARTESIAN_POINT('',(-9.509890506344,28.510499679325,
    6.534899496702));
#7658 = CARTESIAN_POINT('',(-9.50568295398,28.667935970508,
    6.655388031904));
#7659 = CARTESIAN_POINT('',(-9.453171798646,28.871361978882,
    6.737716742204));
#7660 = CARTESIAN_POINT('',(-9.354554095547,29.048841529231,
    6.83135695474));
#7661 = CARTESIAN_POINT('',(-9.196507113235,29.224226832702,
    6.912748981922));
#7662 = CARTESIAN_POINT('',(-8.970899890943,29.352041667599,
    6.964802924177));
#7663 = CARTESIAN_POINT('',(-8.733249938959,29.441384039135,
    6.964434068885));
#7664 = CARTESIAN_POINT('',(-8.51049649805,29.438444610542,
    6.971475016675));
#7665 = CARTESIAN_POINT('',(-9.509890506344,28.510499679325,
    6.534899496702));
#7666 = CARTESIAN_POINT('',(-9.504994489884,28.657666860495,
    6.675103064119));
#7667 = CARTESIAN_POINT('',(-9.453715402858,28.830267729259,
    6.804998027924));
#7668 = CARTESIAN_POINT('',(-9.358726201587,28.989805192001,
    6.935196479208));
#7669 = CARTESIAN_POINT('',(-9.202653898032,29.146944526496,
    7.057549602812));
#7670 = CARTESIAN_POINT('',(-8.97296584074,29.25921721504,7.140688304819
    ));
#7671 = CARTESIAN_POINT('',(-8.732613079787,29.324009750067,
    7.169935456592));
#7672 = CARTESIAN_POINT('',(-8.510532867795,29.319139192564,
    7.169627460477));
#7673 = CARTESIAN_POINT('',(-9.509890506344,28.510499679325,
    6.534899496702));
#7674 = CARTESIAN_POINT('',(-9.504670980028,28.64792321409,
    6.684367174297));
#7675 = CARTESIAN_POINT('',(-9.453056094517,28.776048296435,
    6.856820698624));
#7676 = CARTESIAN_POINT('',(-9.357813811899,28.905984987881,
    7.015169212165));
#7677 = CARTESIAN_POINT('',(-9.201617989724,29.029057467537,
    7.170136534096));
#7678 = CARTESIAN_POINT('',(-8.972027679142,29.114859485984,
    7.279096687259));
#7679 = CARTESIAN_POINT('',(-8.731935760665,29.147465804362,
    7.33985545862));
#7680 = CARTESIAN_POINT('',(-8.510522034266,29.151485795626,
    7.331504730717));
#7681 = CARTESIAN_POINT('',(-9.509890506344,28.510499679325,
    6.534899496702));
#7682 = CARTESIAN_POINT('',(-9.504346717756,28.627570493574,
    6.693652830837));
#7683 = CARTESIAN_POINT('',(-9.450653636679,28.706455358119,
    6.894814379929));
#7684 = CARTESIAN_POINT('',(-9.351275026603,28.798597411121,
    7.069343986344));
#7685 = CARTESIAN_POINT('',(-9.193009418391,28.879659368772,7.2408800438
    ));
#7686 = CARTESIAN_POINT('',(-8.967902311473,28.93400752394,
    7.364624890869));
#7687 = CARTESIAN_POINT('',(-8.731248551811,28.936822252516,
    7.449407369421));
#7688 = CARTESIAN_POINT('',(-8.510499662715,28.949324819001,
    7.443833608884));
#7689 = CARTESIAN_POINT('',(-9.509890506344,28.510499679325,
    6.534899496703));
#7690 = CARTESIAN_POINT('',(-9.502601073248,28.55346143938,6.74364154911
    ));
#7691 = CARTESIAN_POINT('',(-9.444435869812,28.596423045507,
    6.950434152227));
#7692 = CARTESIAN_POINT('',(-9.33708662306,28.636756757002,
    7.144371522709));
#7693 = CARTESIAN_POINT('',(-9.175399111428,28.671829763534,
    7.32137593841));
#7694 = CARTESIAN_POINT('',(-8.959960403257,28.699562424794,
    7.44359090589));
#7695 = CARTESIAN_POINT('',(-8.730580532797,28.718925036045,
    7.500000000002));
#7696 = CARTESIAN_POINT('',(-8.510499679306,28.729913064947,7.5));
#7697 = CARTESIAN_POINT('',(-9.509890506344,28.510499679325,
    6.534899496703));
#7698 = CARTESIAN_POINT('',(-9.502233109347,28.510499679324,
    6.754178656591));
#7699 = CARTESIAN_POINT('',(-9.438443256355,28.510499679325,
    6.971496736328));
#7700 = CARTESIAN_POINT('',(-9.3191307794,28.510499679324,7.169618144445
    ));
#7701 = CARTESIAN_POINT('',(-9.151489092078,28.510499679325,
    7.331507840082));
#7702 = CARTESIAN_POINT('',(-8.949324428773,28.510499679324,
    7.44383329767));
#7703 = CARTESIAN_POINT('',(-8.729912499575,28.510499679325,7.5));
#7704 = CARTESIAN_POINT('',(-8.510499679325,28.510499679325,7.5));
#7705 = DEFINITIONAL_REPRESENTATION('',(#7706),#7709);
#7706 = B_SPLINE_CURVE_WITH_KNOTS('',1,(#7707,#7708),.UNSPECIFIED.,.F.,
  .F.,(2,2),(0.,1.569578351624),.PIECEWISE_BEZIER_KNOTS.);
#7707 = CARTESIAN_POINT('',(0.,0.));
#7708 = CARTESIAN_POINT('',(0.,1.));
#7709 = ( GEOMETRIC_REPRESENTATION_CONTEXT(2) 
PARAMETRIC_REPRESENTATION_CONTEXT() REPRESENTATION_CONTEXT('2D SPACE',''
  ) );
#7710 = ORIENTED_EDGE('',*,*,#7159,.F.);
#7711 = ADVANCED_FACE('',(#7712),#5417,.T.);
#7712 = FACE_BOUND('',#7713,.T.);
#7713 = EDGE_LOOP('',(#7714,#7740,#7741,#7742));
#7714 = ORIENTED_EDGE('',*,*,#7715,.F.);
#7715 = EDGE_CURVE('',#7486,#7604,#7716,.T.);
#7716 = SURFACE_CURVE('',#7717,(#7721,#7728),.PCURVE_S1.);
#7717 = LINE('',#7718,#7719);
#7718 = CARTESIAN_POINT('',(9.476188454132,29.509890506344,
    6.534899496703));
#7719 = VECTOR('',#7720,1.);
#7720 = DIRECTION('',(-1.,-0.,-0.));
#7721 = PCURVE('',#5417,#7722);
#7722 = DEFINITIONAL_REPRESENTATION('',(#7723),#7727);
#7723 = LINE('',#7724,#7725);
#7724 = CARTESIAN_POINT('',(14.043454389736,9.476188454132));
#7725 = VECTOR('',#7726,1.);
#7726 = DIRECTION('',(0.,-1.));
#7727 = ( GEOMETRIC_REPRESENTATION_CONTEXT(2) 
PARAMETRIC_REPRESENTATION_CONTEXT() REPRESENTATION_CONTEXT('2D SPACE',''
  ) );
#7728 = PCURVE('',#7729,#7734);
#7729 = CYLINDRICAL_SURFACE('',#7730,1.);
#7730 = AXIS2_PLACEMENT_3D('',#7731,#7732,#7733);
#7731 = CARTESIAN_POINT('',(9.476188454132,28.510499679325,6.5));
#7732 = DIRECTION('',(-1.,-0.,-0.));
#7733 = DIRECTION('',(-0.,0.999390827019,3.48994967025E-02));
#7734 = DEFINITIONAL_REPRESENTATION('',(#7735),#7739);
#7735 = LINE('',#7736,#7737);
#7736 = CARTESIAN_POINT('',(-0.,0.));
#7737 = VECTOR('',#7738,1.);
#7738 = DIRECTION('',(-0.,1.));
#7739 = ( GEOMETRIC_REPRESENTATION_CONTEXT(2) 
PARAMETRIC_REPRESENTATION_CONTEXT() REPRESENTATION_CONTEXT('2D SPACE',''
  ) );
#7740 = ORIENTED_EDGE('',*,*,#7578,.T.);
#7741 = ORIENTED_EDGE('',*,*,#5402,.F.);
#7742 = ORIENTED_EDGE('',*,*,#7603,.T.);
#7743 = ADVANCED_FACE('',(#7744),#5752,.F.);
#7744 = FACE_BOUND('',#7745,.F.);
#7745 = EDGE_LOOP('',(#7746,#7791,#7792,#7860));
#7746 = ORIENTED_EDGE('',*,*,#7747,.T.);
#7747 = EDGE_CURVE('',#7748,#5723,#7750,.T.);
#7748 = VERTEX_POINT('',#7749);
#7749 = CARTESIAN_POINT('',(0.5,-15.,2.759360248912));
#7750 = SURFACE_CURVE('',#7751,(#7759,#7779),.PCURVE_S1.);
#7751 = ( BOUNDED_CURVE() B_SPLINE_CURVE(6,(#7752,#7753,#7754,#7755,
#7756,#7757,#7758),.UNSPECIFIED.,.F.,.F.) B_SPLINE_CURVE_WITH_KNOTS((7,7
),(0.,1.570796326795),.PIECEWISE_BEZIER_KNOTS.) CURVE() 
GEOMETRIC_REPRESENTATION_ITEM() RATIONAL_B_SPLINE_CURVE((1.031393471788,
    1.010025407661,0.997924642725,0.993958444137,0.997924642725,
1.010025407661,1.031393471788)) REPRESENTATION_ITEM('') );
#7752 = CARTESIAN_POINT('',(0.5,-15.,2.759360248912));
#7753 = CARTESIAN_POINT('',(0.767336783153,-15.,2.759360248912));
#7754 = CARTESIAN_POINT('',(1.027708572582,-15.,2.674355898278));
#7755 = CARTESIAN_POINT('',(1.251919513202,-15.,2.511279762114));
#7756 = CARTESIAN_POINT('',(1.414995649366,-15.,2.287068821494));
#7757 = CARTESIAN_POINT('',(1.5,-15.,2.026697032065));
#7758 = CARTESIAN_POINT('',(1.5,-15.,1.759360248912));
#7759 = PCURVE('',#5752,#7760);
#7760 = DEFINITIONAL_REPRESENTATION('',(#7761),#7778);
#7761 = B_SPLINE_CURVE_WITH_KNOTS('',8,(#7762,#7763,#7764,#7765,#7766,
    #7767,#7768,#7769,#7770,#7771,#7772,#7773,#7774,#7775,#7776,#7777),
  .UNSPECIFIED.,.F.,.F.,(9,7,9),(0.,0.785398163397,1.570796326795),
  .UNSPECIFIED.);
#7762 = CARTESIAN_POINT('',(-0.772711069411,0.32247397932));
#7763 = CARTESIAN_POINT('',(-0.690150498114,0.306411695533));
#7764 = CARTESIAN_POINT('',(-0.613173564329,0.288097086876));
#7765 = CARTESIAN_POINT('',(-0.528403765456,0.265386212823));
#7766 = CARTESIAN_POINT('',(-0.477079208699,0.236161770855));
#7767 = CARTESIAN_POINT('',(-0.421721010959,0.210870229156));
#7768 = CARTESIAN_POINT('',(-0.373762046629,0.171636072797));
#7769 = CARTESIAN_POINT('',(-0.334836412901,0.123373977361));
#7770 = CARTESIAN_POINT('',(-0.283023511211,1.621020508578E-02));
#7771 = CARTESIAN_POINT('',(-0.270880498364,-4.316449110343E-02));
#7772 = CARTESIAN_POINT('',(-0.267341574993,-0.102944521985));
#7773 = CARTESIAN_POINT('',(-0.293124712058,-0.174833994556));
#7774 = CARTESIAN_POINT('',(-0.331394822981,-0.240552562751));
#7775 = CARTESIAN_POINT('',(-0.363914279913,-0.287158521761));
#7776 = CARTESIAN_POINT('',(-0.40851028269,-0.336297995449));
#7777 = CARTESIAN_POINT('',(-0.459595039865,-0.378907180193));
#7778 = ( GEOMETRIC_REPRESENTATION_CONTEXT(2) 
PARAMETRIC_REPRESENTATION_CONTEXT() REPRESENTATION_CONTEXT('2D SPACE',''
  ) );
#7779 = PCURVE('',#5898,#7780);
#7780 = DEFINITIONAL_REPRESENTATION('',(#7781),#7790);
#7781 = B_SPLINE_CURVE_WITH_KNOTS('',7,(#7782,#7783,#7784,#7785,#7786,
    #7787,#7788,#7789),.UNSPECIFIED.,.F.,.F.,(8,8),(0.,1.570796326795),
  .PIECEWISE_BEZIER_KNOTS.);
#7782 = CARTESIAN_POINT('',(-3.14159265359,4.712388980385));
#7783 = CARTESIAN_POINT('',(-3.14159265359,4.93678742837));
#7784 = CARTESIAN_POINT('',(-3.14159265359,5.161189710851));
#7785 = CARTESIAN_POINT('',(-3.14159265359,5.385585337565));
#7786 = CARTESIAN_POINT('',(-3.14159265359,5.609988949999));
#7787 = CARTESIAN_POINT('',(-3.14159265359,5.834384576714));
#7788 = CARTESIAN_POINT('',(-3.14159265359,6.058786859194));
#7789 = CARTESIAN_POINT('',(-3.14159265359,6.28318530718));
#7790 = ( GEOMETRIC_REPRESENTATION_CONTEXT(2) 
PARAMETRIC_REPRESENTATION_CONTEXT() REPRESENTATION_CONTEXT('2D SPACE',''
  ) );
#7791 = ORIENTED_EDGE('',*,*,#5722,.T.);
#7792 = ORIENTED_EDGE('',*,*,#7793,.T.);
#7793 = EDGE_CURVE('',#5725,#7794,#7796,.T.);
#7794 = VERTEX_POINT('',#7795);
#7795 = CARTESIAN_POINT('',(2.5,-15.,2.759360248912));
#7796 = SURFACE_CURVE('',#7797,(#7808,#7846),.PCURVE_S1.);
#7797 = B_SPLINE_CURVE_WITH_KNOTS('',9,(#7798,#7799,#7800,#7801,#7802,
    #7803,#7804,#7805,#7806,#7807),.UNSPECIFIED.,.F.,.F.,(10,10),(0.,1.)
  ,.PIECEWISE_BEZIER_KNOTS.);
#7798 = CARTESIAN_POINT('',(1.17882974603,-14.07244384004,2.759360248912
    ));
#7799 = CARTESIAN_POINT('',(1.293982002079,-14.21879067122,
    2.759360248912));
#7800 = CARTESIAN_POINT('',(1.407811432874,-14.36618407361,
    2.759360248912));
#7801 = CARTESIAN_POINT('',(1.525522566036,-14.51047126644,
    2.759360248912));
#7802 = CARTESIAN_POINT('',(1.652578311092,-14.64776547447,
    2.759360248912));
#7803 = CARTESIAN_POINT('',(1.793484200014,-14.77309087574,
    2.759360248912));
#7804 = CARTESIAN_POINT('',(1.951815132493,-14.88007391564,
    2.759360248912));
#7805 = CARTESIAN_POINT('',(2.127565195173,-14.95865998253,
    2.759360248912));
#7806 = CARTESIAN_POINT('',(2.313780434993,-15.,2.759360248912));
#7807 = CARTESIAN_POINT('',(2.5,-15.,2.759360248912));
#7808 = PCURVE('',#5752,#7809);
#7809 = DEFINITIONAL_REPRESENTATION('',(#7810),#7845);
#7810 = B_SPLINE_CURVE_WITH_KNOTS('',9,(#7811,#7812,#7813,#7814,#7815,
    #7816,#7817,#7818,#7819,#7820,#7821,#7822,#7823,#7824,#7825,#7826,
    #7827,#7828,#7829,#7830,#7831,#7832,#7833,#7834,#7835,#7836,#7837,
    #7838,#7839,#7840,#7841,#7842,#7843,#7844),.UNSPECIFIED.,.F.,.F.,(10
    ,8,8,8,10),(0.,0.25,0.5,0.75,1.),.UNSPECIFIED.);
#7811 = CARTESIAN_POINT('',(0.151677995776,-0.521051111595));
#7812 = CARTESIAN_POINT('',(0.162764381513,-0.489381361691));
#7813 = CARTESIAN_POINT('',(0.172788692117,-0.456653591179));
#7814 = CARTESIAN_POINT('',(0.179499010634,-0.431754590878));
#7815 = CARTESIAN_POINT('',(0.188952404845,-0.399094080657));
#7816 = CARTESIAN_POINT('',(0.194661235067,-0.376523037028));
#7817 = CARTESIAN_POINT('',(0.203231420175,-0.346322467568));
#7818 = CARTESIAN_POINT('',(0.210749377708,-0.319584533026));
#7819 = CARTESIAN_POINT('',(0.219387494192,-0.291039106069));
#7820 = CARTESIAN_POINT('',(0.238367546109,-0.233613419221));
#7821 = CARTESIAN_POINT('',(0.248756714839,-0.204446088786));
#7822 = CARTESIAN_POINT('',(0.260366150028,-0.175244159705));
#7823 = CARTESIAN_POINT('',(0.273372710713,-0.146486893686));
#7824 = CARTESIAN_POINT('',(0.287846405729,-0.118641655383));
#7825 = CARTESIAN_POINT('',(0.303787808147,-9.209264200216E-02));
#7826 = CARTESIAN_POINT('',(0.321165469726,-6.706961289765E-02));
#7827 = CARTESIAN_POINT('',(0.339953335352,-4.357661918005E-02));
#7828 = CARTESIAN_POINT('',(0.380382979619,9.351525466879E-04));
#7829 = CARTESIAN_POINT('',(0.402060295203,2.189343046903E-02));
#7830 = CARTESIAN_POINT('',(0.425159968738,4.152444978632E-02));
#7831 = CARTESIAN_POINT('',(0.449641769412,5.980505858488E-02));
#7832 = CARTESIAN_POINT('',(0.475465371098,7.671860370139E-02));
#7833 = CARTESIAN_POINT('',(0.502590352358,9.225493072288E-02));
#7834 = CARTESIAN_POINT('',(0.530976196442,0.106410383987));
#7835 = CARTESIAN_POINT('',(0.560582291285,0.119187806581));
#7836 = CARTESIAN_POINT('',(0.622153567735,0.142005274105));
#7837 = CARTESIAN_POINT('',(0.654608126779,0.15209866661));
#7838 = CARTESIAN_POINT('',(0.685378983317,0.160731128157));
#7839 = CARTESIAN_POINT('',(0.72665544985,0.168630187488));
#7840 = CARTESIAN_POINT('',(0.751854087429,0.17434144098));
#7841 = CARTESIAN_POINT('',(0.800461144282,0.180111068413));
#7842 = CARTESIAN_POINT('',(0.831490362243,0.183674304657));
#7843 = CARTESIAN_POINT('',(0.873726806726,0.186767769655));
#7844 = CARTESIAN_POINT('',(0.914017894582,0.188676362411));
#7845 = ( GEOMETRIC_REPRESENTATION_CONTEXT(2) 
PARAMETRIC_REPRESENTATION_CONTEXT() REPRESENTATION_CONTEXT('2D SPACE',''
  ) );
#7846 = PCURVE('',#6125,#7847);
#7847 = DEFINITIONAL_REPRESENTATION('',(#7848),#7859);
#7848 = B_SPLINE_CURVE_WITH_KNOTS('',9,(#7849,#7850,#7851,#7852,#7853,
    #7854,#7855,#7856,#7857,#7858),.UNSPECIFIED.,.F.,.F.,(10,10),(0.,1.)
  ,.PIECEWISE_BEZIER_KNOTS.);
#7849 = CARTESIAN_POINT('',(1.17882974603,0.927556159958));
#7850 = CARTESIAN_POINT('',(1.293982002079,0.781209328775));
#7851 = CARTESIAN_POINT('',(1.407811432874,0.633815926386));
#7852 = CARTESIAN_POINT('',(1.525522566036,0.48952873356));
#7853 = CARTESIAN_POINT('',(1.652578311092,0.352234525525));
#7854 = CARTESIAN_POINT('',(1.793484200014,0.226909124255));
#7855 = CARTESIAN_POINT('',(1.951815132493,0.119926084356));
#7856 = CARTESIAN_POINT('',(2.127565195173,4.134001746529E-02));
#7857 = CARTESIAN_POINT('',(2.313780434993,9.951490564053E-14));
#7858 = CARTESIAN_POINT('',(2.5,9.941153301617E-14));
#7859 = ( GEOMETRIC_REPRESENTATION_CONTEXT(2) 
PARAMETRIC_REPRESENTATION_CONTEXT() REPRESENTATION_CONTEXT('2D SPACE',''
  ) );
#7860 = ORIENTED_EDGE('',*,*,#7861,.T.);
#7861 = EDGE_CURVE('',#7794,#7748,#7862,.T.);
#7862 = SURFACE_CURVE('',#7863,(#7866,#7912),.PCURVE_S1.);
#7863 = B_SPLINE_CURVE_WITH_KNOTS('',1,(#7864,#7865),.UNSPECIFIED.,.F.,
  .F.,(2,2),(0.,2.),.PIECEWISE_BEZIER_KNOTS.);
#7864 = CARTESIAN_POINT('',(2.5,-15.,2.759360248912));
#7865 = CARTESIAN_POINT('',(0.5,-15.,2.759360248912));
#7866 = PCURVE('',#5752,#7867);
#7867 = DEFINITIONAL_REPRESENTATION('',(#7868),#7911);
#7868 = B_SPLINE_CURVE_WITH_KNOTS('',11,(#7869,#7870,#7871,#7872,#7873,
    #7874,#7875,#7876,#7877,#7878,#7879,#7880,#7881,#7882,#7883,#7884,
    #7885,#7886,#7887,#7888,#7889,#7890,#7891,#7892,#7893,#7894,#7895,
    #7896,#7897,#7898,#7899,#7900,#7901,#7902,#7903,#7904,#7905,#7906,
    #7907,#7908,#7909,#7910),.UNSPECIFIED.,.F.,.F.,(12,10,10,10,12),(0.,
    0.5,1.,1.5,2.),.UNSPECIFIED.);
#7869 = CARTESIAN_POINT('',(0.914017894582,0.188676362411));
#7870 = CARTESIAN_POINT('',(0.874679104712,0.186812880103));
#7871 = CARTESIAN_POINT('',(0.832859151907,0.18512503873));
#7872 = CARTESIAN_POINT('',(0.798955224904,0.18405093721));
#7873 = CARTESIAN_POINT('',(0.752902721639,0.18268308658));
#7874 = CARTESIAN_POINT('',(0.71652611635,0.182016072823));
#7875 = CARTESIAN_POINT('',(0.678519633303,0.181541714571));
#7876 = CARTESIAN_POINT('',(0.634622080579,0.181097806806));
#7877 = CARTESIAN_POINT('',(0.597965623078,0.181340692817));
#7878 = CARTESIAN_POINT('',(0.556730460925,0.181826112692));
#7879 = CARTESIAN_POINT('',(0.517005418073,0.183009537713));
#7880 = CARTESIAN_POINT('',(0.437029433508,0.187148494955));
#7881 = CARTESIAN_POINT('',(0.397047166609,0.189977588698));
#7882 = CARTESIAN_POINT('',(0.356858039566,0.194760625744));
#7883 = CARTESIAN_POINT('',(0.31710283204,0.199248465388));
#7884 = CARTESIAN_POINT('',(0.276831653175,0.207345369947));
#7885 = CARTESIAN_POINT('',(0.236329336232,0.218843498626));
#7886 = CARTESIAN_POINT('',(0.196966479882,0.229016156251));
#7887 = CARTESIAN_POINT('',(0.158996093156,0.236031110196));
#7888 = CARTESIAN_POINT('',(0.12131909834,0.242691853583));
#7889 = CARTESIAN_POINT('',(8.428479990197E-02,0.247867641727));
#7890 = CARTESIAN_POINT('',(1.086487590327E-02,0.256397282429));
#7891 = CARTESIAN_POINT('',(-2.552035051766E-02,0.259738444345));
#7892 = CARTESIAN_POINT('',(-6.17153741368E-02,0.262360885156));
#7893 = CARTESIAN_POINT('',(-9.783536091876E-02,0.264450482503));
#7894 = CARTESIAN_POINT('',(-0.133976110018,0.26617405434));
#7895 = CARTESIAN_POINT('',(-0.170214053776,0.267679358927));
#7896 = CARTESIAN_POINT('',(-0.206606257724,0.269095094844));
#7897 = CARTESIAN_POINT('',(-0.243190420582,0.270530900973));
#7898 = CARTESIAN_POINT('',(-0.279984874258,0.272077356512));
#7899 = CARTESIAN_POINT('',(-0.316988583847,0.27380598097));
#7900 = CARTESIAN_POINT('',(-0.391373711427,0.277732487361));
#7901 = CARTESIAN_POINT('',(-0.428735959609,0.279936266133));
#7902 = CARTESIAN_POINT('',(-0.466676959204,0.282588904562));
#7903 = CARTESIAN_POINT('',(-0.502795592565,0.2850798886));
#7904 = CARTESIAN_POINT('',(-0.545664965288,0.28966314964));
#7905 = CARTESIAN_POINT('',(-0.574204615256,0.291432452009));
#7906 = CARTESIAN_POINT('',(-0.625908391967,0.298746839579));
#7907 = CARTESIAN_POINT('',(-0.651624974476,0.301328328772));
#7908 = CARTESIAN_POINT('',(-0.698952179565,0.308916248294));
#7909 = CARTESIAN_POINT('',(-0.734485663798,0.315037168949));
#7910 = CARTESIAN_POINT('',(-0.772711069411,0.32247397932));
#7911 = ( GEOMETRIC_REPRESENTATION_CONTEXT(2) 
PARAMETRIC_REPRESENTATION_CONTEXT() REPRESENTATION_CONTEXT('2D SPACE',''
  ) );
#7912 = PCURVE('',#7913,#7918);
#7913 = CYLINDRICAL_SURFACE('',#7914,42.15);
#7914 = AXIS2_PLACEMENT_3D('',#7915,#7916,#7917);
#7915 = CARTESIAN_POINT('',(0.,8.326672684689E-15,42.15));
#7916 = DIRECTION('',(-1.,2.577999609657E-17,1.78562743526E-17));
#7917 = DIRECTION('',(-5.854827030937E-32,0.569395017794,-0.82206405694)
  );
#7918 = DEFINITIONAL_REPRESENTATION('',(#7919),#7922);
#7919 = B_SPLINE_CURVE_WITH_KNOTS('',1,(#7920,#7921),.UNSPECIFIED.,.F.,
  .F.,(2,2),(0.,2.),.PIECEWISE_BEZIER_KNOTS.);
#7920 = CARTESIAN_POINT('',(0.969616601247,-2.5));
#7921 = CARTESIAN_POINT('',(0.969616601247,-0.5));
#7922 = ( GEOMETRIC_REPRESENTATION_CONTEXT(2) 
PARAMETRIC_REPRESENTATION_CONTEXT() REPRESENTATION_CONTEXT('2D SPACE',''
  ) );
#7923 = ADVANCED_FACE('',(#7924),#5898,.F.);
#7924 = FACE_BOUND('',#7925,.T.);
#7925 = EDGE_LOOP('',(#7926,#8011,#8038,#8039));
#7926 = ORIENTED_EDGE('',*,*,#7927,.F.);
#7927 = EDGE_CURVE('',#7928,#5882,#7930,.T.);
#7928 = VERTEX_POINT('',#7929);
#7929 = CARTESIAN_POINT('',(-0.5,-15.,2.759360248912));
#7930 = SURFACE_CURVE('',#7931,(#7939,#7951),.PCURVE_S1.);
#7931 = ( BOUNDED_CURVE() B_SPLINE_CURVE(6,(#7932,#7933,#7934,#7935,
#7936,#7937,#7938),.UNSPECIFIED.,.F.,.F.) B_SPLINE_CURVE_WITH_KNOTS((7,7
),(0.,1.570796326795),.PIECEWISE_BEZIER_KNOTS.) CURVE() 
GEOMETRIC_REPRESENTATION_ITEM() RATIONAL_B_SPLINE_CURVE((1.031393471788,
    1.010025407661,0.997924642725,0.993958444137,0.997924642725,
1.010025407661,1.031393471788)) REPRESENTATION_ITEM('') );
#7932 = CARTESIAN_POINT('',(-0.5,-15.,2.759360248912));
#7933 = CARTESIAN_POINT('',(-0.767336783153,-15.,2.759360248912));
#7934 = CARTESIAN_POINT('',(-1.027708572582,-15.,2.674355898278));
#7935 = CARTESIAN_POINT('',(-1.251919513202,-15.,2.511279762114));
#7936 = CARTESIAN_POINT('',(-1.414995649366,-15.,2.287068821494));
#7937 = CARTESIAN_POINT('',(-1.5,-15.,2.026697032065));
#7938 = CARTESIAN_POINT('',(-1.5,-15.,1.759360248912));
#7939 = PCURVE('',#5898,#7940);
#7940 = DEFINITIONAL_REPRESENTATION('',(#7941),#7950);
#7941 = B_SPLINE_CURVE_WITH_KNOTS('',7,(#7942,#7943,#7944,#7945,#7946,
    #7947,#7948,#7949),.UNSPECIFIED.,.F.,.F.,(8,8),(0.,1.570796326795),
  .PIECEWISE_BEZIER_KNOTS.);
#7942 = CARTESIAN_POINT('',(0.,4.712388980385));
#7943 = CARTESIAN_POINT('',(0.,4.93678742837));
#7944 = CARTESIAN_POINT('',(0.,5.161189710851));
#7945 = CARTESIAN_POINT('',(0.,5.385585337565));
#7946 = CARTESIAN_POINT('',(0.,5.609988949999));
#7947 = CARTESIAN_POINT('',(0.,5.834384576714));
#7948 = CARTESIAN_POINT('',(0.,6.058786859194));
#7949 = CARTESIAN_POINT('',(0.,6.28318530718));
#7950 = ( GEOMETRIC_REPRESENTATION_CONTEXT(2) 
PARAMETRIC_REPRESENTATION_CONTEXT() REPRESENTATION_CONTEXT('2D SPACE',''
  ) );
#7951 = PCURVE('',#5950,#7952);
#7952 = DEFINITIONAL_REPRESENTATION('',(#7953),#8010);
#7953 = B_SPLINE_CURVE_WITH_KNOTS('',10,(#7954,#7955,#7956,#7957,#7958,
    #7959,#7960,#7961,#7962,#7963,#7964,#7965,#7966,#7967,#7968,#7969,
    #7970,#7971,#7972,#7973,#7974,#7975,#7976,#7977,#7978,#7979,#7980,
    #7981,#7982,#7983,#7984,#7985,#7986,#7987,#7988,#7989,#7990,#7991,
    #7992,#7993,#7994,#7995,#7996,#7997,#7998,#7999,#8000,#8001,#8002,
    #8003,#8004,#8005,#8006,#8007,#8008,#8009),.UNSPECIFIED.,.F.,.F.,(11
    ,9,9,9,9,9,11),(0.,0.392699081699,0.785398163397,1.178097245096,
    1.374446785946,1.47262155637,1.570796326795),.UNSPECIFIED.);
#7954 = CARTESIAN_POINT('',(-0.243250399657,-0.424710519873));
#7955 = CARTESIAN_POINT('',(-0.227628371463,-0.419706348739));
#7956 = CARTESIAN_POINT('',(-0.221867635014,-0.417335496343));
#7957 = CARTESIAN_POINT('',(-0.180408367308,-0.401839962485));
#7958 = CARTESIAN_POINT('',(-0.216691056819,-0.41148192621));
#7959 = CARTESIAN_POINT('',(-0.15205583357,-0.38619654662));
#7960 = CARTESIAN_POINT('',(-0.185555326689,-0.39231466706));
#7961 = CARTESIAN_POINT('',(-0.156657159717,-0.376501452133));
#7962 = CARTESIAN_POINT('',(-0.158682312733,-0.369651011701));
#7963 = CARTESIAN_POINT('',(-0.154115843725,-0.3594782125));
#7964 = CARTESIAN_POINT('',(-0.15050168333,-0.338720750219));
#7965 = CARTESIAN_POINT('',(-0.150346117629,-0.327804741751));
#7966 = CARTESIAN_POINT('',(-0.151753681209,-0.316359540355));
#7967 = CARTESIAN_POINT('',(-0.154668013643,-0.304398209351));
#7968 = CARTESIAN_POINT('',(-0.159064779292,-0.291938790985));
#7969 = CARTESIAN_POINT('',(-0.164951667304,-0.279004306423));
#7970 = CARTESIAN_POINT('',(-0.172368391617,-0.265622755755));
#7971 = CARTESIAN_POINT('',(-0.181386690957,-0.251827117992));
#7972 = CARTESIAN_POINT('',(-0.192110328836,-0.237655351072));
#7973 = CARTESIAN_POINT('',(-0.217239858278,-0.20864543263));
#7974 = CARTESIAN_POINT('',(-0.231666845634,-0.193748502611));
#7975 = CARTESIAN_POINT('',(-0.248042104691,-0.178705107663));
#7976 = CARTESIAN_POINT('',(-0.266396852778,-0.163728013867));
#7977 = CARTESIAN_POINT('',(-0.286707475497,-0.148997247526));
#7978 = CARTESIAN_POINT('',(-0.308895526709,-0.134660095154));
#7979 = CARTESIAN_POINT('',(-0.332827728549,-0.120831103486));
#7980 = CARTESIAN_POINT('',(-0.358315971413,-0.107592079473));
#7981 = CARTESIAN_POINT('',(-0.385117313966,-9.499209028098E-02));
#7982 = CARTESIAN_POINT('',(-0.426842317726,-7.707514980183E-02));
#7983 = CARTESIAN_POINT('',(-0.441007466309,-7.126420573846E-02));
#7984 = CARTESIAN_POINT('',(-0.455410489487,-6.559974238456E-02));
#7985 = CARTESIAN_POINT('',(-0.470032447861,-6.006687102E-02));
#7986 = CARTESIAN_POINT('',(-0.484854402029,-5.465070292457E-02));
#7987 = CARTESIAN_POINT('',(-0.499857412592,-4.93363493781E-02));
#7988 = CARTESIAN_POINT('',(-0.51502254015,-4.410892166044E-02));
#7989 = CARTESIAN_POINT('',(-0.530330845301,-3.895353105138E-02));
#7990 = CARTESIAN_POINT('',(-0.545763388646,-3.385528883077E-02));
#7991 = CARTESIAN_POINT('',(-0.569070151854,-2.627131500224E-02));
#7992 = CARTESIAN_POINT('',(-0.576998496756,-2.371074912097E-02));
#7993 = CARTESIAN_POINT('',(-0.584669506841,-2.124650832622E-02));
#7994 = CARTESIAN_POINT('',(-0.592292160914,-1.880957563044E-02));
#7995 = CARTESIAN_POINT('',(-0.600165493431,-1.630261179645E-02));
#7996 = CARTESIAN_POINT('',(-0.6083686874,-1.369807708851E-02));
#7997 = CARTESIAN_POINT('',(-0.616676941978,-1.106488034425E-02));
#7998 = CARTESIAN_POINT('',(-0.624703114769,-8.52355536833E-03));
#7999 = CARTESIAN_POINT('',(-0.632265138833,-6.12996464698E-03));
#8000 = CARTESIAN_POINT('',(-0.647693289929,-1.245096121097E-03));
#8001 = CARTESIAN_POINT('',(-0.655384187927,1.191900531791E-03));
#8002 = CARTESIAN_POINT('',(-0.663869394605,3.878240742821E-03));
#8003 = CARTESIAN_POINT('',(-0.674159150137,7.144154030312E-03));
#8004 = CARTESIAN_POINT('',(-0.684657434488,1.048475198346E-02));
#8005 = CARTESIAN_POINT('',(-0.692560878918,1.300315204491E-02));
#8006 = CARTESIAN_POINT('',(-0.696825179865,1.436139458628E-02));
#8007 = CARTESIAN_POINT('',(-0.700068591933,1.539325650749E-02));
#8008 = CARTESIAN_POINT('',(-0.706782076694,1.753306459127E-02));
#8009 = CARTESIAN_POINT('',(-0.715215684038,2.021461184347E-02));
#8010 = ( GEOMETRIC_REPRESENTATION_CONTEXT(2) 
PARAMETRIC_REPRESENTATION_CONTEXT() REPRESENTATION_CONTEXT('2D SPACE',''
  ) );
#8011 = ORIENTED_EDGE('',*,*,#8012,.T.);
#8012 = EDGE_CURVE('',#7928,#7748,#8013,.T.);
#8013 = SURFACE_CURVE('',#8014,(#8019,#8026),.PCURVE_S1.);
#8014 = CIRCLE('',#8015,0.5);
#8015 = AXIS2_PLACEMENT_3D('',#8016,#8017,#8018);
#8016 = CARTESIAN_POINT('',(0.,-15.,2.759360248912));
#8017 = DIRECTION('',(0.,0.,1.));
#8018 = DIRECTION('',(-1.,0.,0.));
#8019 = PCURVE('',#5898,#8020);
#8020 = DEFINITIONAL_REPRESENTATION('',(#8021),#8025);
#8021 = LINE('',#8022,#8023);
#8022 = CARTESIAN_POINT('',(-0.,4.712388980385));
#8023 = VECTOR('',#8024,1.);
#8024 = DIRECTION('',(-1.,0.));
#8025 = ( GEOMETRIC_REPRESENTATION_CONTEXT(2) 
PARAMETRIC_REPRESENTATION_CONTEXT() REPRESENTATION_CONTEXT('2D SPACE',''
  ) );
#8026 = PCURVE('',#8027,#8032);
#8027 = PLANE('',#8028);
#8028 = AXIS2_PLACEMENT_3D('',#8029,#8030,#8031);
#8029 = CARTESIAN_POINT('',(-1.139533443783E-16,-15.,2.759360248912));
#8030 = DIRECTION('',(0.,0.,1.));
#8031 = DIRECTION('',(1.,0.,-0.));
#8032 = DEFINITIONAL_REPRESENTATION('',(#8033),#8037);
#8033 = CIRCLE('',#8034,0.5);
#8034 = AXIS2_PLACEMENT_2D('',#8035,#8036);
#8035 = CARTESIAN_POINT('',(1.139533443783E-16,0.));
#8036 = DIRECTION('',(-1.,0.));
#8037 = ( GEOMETRIC_REPRESENTATION_CONTEXT(2) 
PARAMETRIC_REPRESENTATION_CONTEXT() REPRESENTATION_CONTEXT('2D SPACE',''
  ) );
#8038 = ORIENTED_EDGE('',*,*,#7747,.T.);
#8039 = ORIENTED_EDGE('',*,*,#5881,.F.);
#8040 = ADVANCED_FACE('',(#8041),#6125,.T.);
#8041 = FACE_BOUND('',#8042,.T.);
#8042 = EDGE_LOOP('',(#8043,#8075,#8588,#8611,#8705,#8706,#8707,#8730));
#8043 = ORIENTED_EDGE('',*,*,#8044,.T.);
#8044 = EDGE_CURVE('',#8045,#8047,#8049,.T.);
#8045 = VERTEX_POINT('',#8046);
#8046 = CARTESIAN_POINT('',(1.519974370061,-12.83934199748,
    2.759360248912));
#8047 = VERTEX_POINT('',#8048);
#8048 = CARTESIAN_POINT('',(-1.519974373687,-12.83934200003,
    2.759360248912));
#8049 = SURFACE_CURVE('',#8050,(#8055,#8064),.PCURVE_S1.);
#8050 = CIRCLE('',#8051,2.641735242123);
#8051 = AXIS2_PLACEMENT_3D('',#8052,#8053,#8054);
#8052 = CARTESIAN_POINT('',(0.,-15.,2.759360248912));
#8053 = DIRECTION('',(0.,0.,1.));
#8054 = DIRECTION('',(1.,0.,-0.));
#8055 = PCURVE('',#6125,#8056);
#8056 = DEFINITIONAL_REPRESENTATION('',(#8057),#8063);
#8057 = ( BOUNDED_CURVE() B_SPLINE_CURVE(2,(#8058,#8059,#8060,#8061,
#8062),.UNSPECIFIED.,.F.,.F.) B_SPLINE_CURVE_WITH_KNOTS((3,2,3),(
    3.563828463467E-14,1.570796323553,3.141592647106),
.PIECEWISE_BEZIER_KNOTS.) CURVE() GEOMETRIC_REPRESENTATION_ITEM() 
RATIONAL_B_SPLINE_CURVE((1.,0.707106782333,1.,0.707106782333,1.)) 
REPRESENTATION_ITEM('') );
#8058 = CARTESIAN_POINT('',(2.641735242123,9.414691248821E-14));
#8059 = CARTESIAN_POINT('',(2.641735242123,2.641735233559));
#8060 = CARTESIAN_POINT('',(8.563958180783E-09,2.641735242123));
#8061 = CARTESIAN_POINT('',(-2.641735224995,2.641735250687));
#8062 = CARTESIAN_POINT('',(-2.641735242123,1.712800975904E-08));
#8063 = ( GEOMETRIC_REPRESENTATION_CONTEXT(2) 
PARAMETRIC_REPRESENTATION_CONTEXT() REPRESENTATION_CONTEXT('2D SPACE',''
  ) );
#8064 = PCURVE('',#8065,#8070);
#8065 = CONICAL_SURFACE('',#8066,2.999999996508,3.490658503989E-02);
#8066 = AXIS2_PLACEMENT_3D('',#8067,#8068,#8069);
#8067 = CARTESIAN_POINT('',(0.,-15.,-7.5));
#8068 = DIRECTION('',(-0.,-0.,-1.));
#8069 = DIRECTION('',(1.,0.,0.));
#8070 = DEFINITIONAL_REPRESENTATION('',(#8071),#8074);
#8071 = B_SPLINE_CURVE_WITH_KNOTS('',1,(#8072,#8073),.UNSPECIFIED.,.F.,
  .F.,(2,2),(3.563828463467E-14,3.141592647106),
  .PIECEWISE_BEZIER_KNOTS.);
#8072 = CARTESIAN_POINT('',(-3.563828463467E-14,-10.25936024891));
#8073 = CARTESIAN_POINT('',(-3.141592647106,-10.25936024891));
#8074 = ( GEOMETRIC_REPRESENTATION_CONTEXT(2) 
PARAMETRIC_REPRESENTATION_CONTEXT() REPRESENTATION_CONTEXT('2D SPACE',''
  ) );
#8075 = ORIENTED_EDGE('',*,*,#8076,.F.);
#8076 = EDGE_CURVE('',#8077,#8047,#8079,.T.);
#8077 = VERTEX_POINT('',#8078);
#8078 = CARTESIAN_POINT('',(-3.58686683893,-14.99999828016,
    2.759360248912));
#8079 = SURFACE_CURVE('',#8080,(#8113,#8149),.PCURVE_S1.);
#8080 = B_SPLINE_CURVE_WITH_KNOTS('',7,(#8081,#8082,#8083,#8084,#8085,
    #8086,#8087,#8088,#8089,#8090,#8091,#8092,#8093,#8094,#8095,#8096,
    #8097,#8098,#8099,#8100,#8101,#8102,#8103,#8104,#8105,#8106,#8107,
    #8108,#8109,#8110,#8111,#8112),.UNSPECIFIED.,.F.,.F.,(8,6,6,6,6,8),(
    0.,0.173027248421,0.400191488967,0.640900231061,0.815669052665,1.),
  .UNSPECIFIED.);
#8081 = CARTESIAN_POINT('',(-3.58686683893,-14.99999828016,
    2.759360248912));
#8082 = CARTESIAN_POINT('',(-3.550076676101,-14.99999832265,
    2.759360248912));
#8083 = CARTESIAN_POINT('',(-3.512364368403,-14.99555391984,
    2.759360248912));
#8084 = CARTESIAN_POINT('',(-3.473856397522,-14.98640462288,
    2.759360248912));
#8085 = CARTESIAN_POINT('',(-3.434689113107,-14.97234360392,
    2.759360248912));
#8086 = CARTESIAN_POINT('',(-3.3949934913,-14.95325783461,2.759360248912
    ));
#8087 = CARTESIAN_POINT('',(-3.354881743482,-14.92915341831,
    2.759360248912));
#8088 = CARTESIAN_POINT('',(-3.261335019499,-14.86210913614,
    2.759360248912));
#8089 = CARTESIAN_POINT('',(-3.207649334407,-14.81562890608,
    2.759360248912));
#8090 = CARTESIAN_POINT('',(-3.153568975572,-14.76102843521,
    2.759360248912));
#8091 = CARTESIAN_POINT('',(-3.099161094977,-14.698961219,2.759360248912
    ));
#8092 = CARTESIAN_POINT('',(-3.04432957081,-14.6303812706,2.759360248912
    ));
#8093 = CARTESIAN_POINT('',(-2.988878683482,-14.55632144701,
    2.759360248912));
#8094 = CARTESIAN_POINT('',(-2.872866460278,-14.39456549171,
    2.759360248912));
#8095 = CARTESIAN_POINT('',(-2.812195569228,-14.30631638328,
    2.759360248912));
#8096 = CARTESIAN_POINT('',(-2.750207140922,-14.21419551337,
    2.759360248912));
#8097 = CARTESIAN_POINT('',(-2.686494980068,-14.11930976524,
    2.759360248912));
#8098 = CARTESIAN_POINT('',(-2.620635114439,-14.0226040069,
    2.759360248912));
#8099 = CARTESIAN_POINT('',(-2.552190793394,-13.92483183111,
    2.759360248912));
#8100 = CARTESIAN_POINT('',(-2.428734843016,-13.75529151684,
    2.759360248912));
#8101 = CARTESIAN_POINT('',(-2.375185173122,-13.68374422179,
    2.759360248912));
#8102 = CARTESIAN_POINT('',(-2.319830146467,-13.61220303215,
    2.759360248912));
#8103 = CARTESIAN_POINT('',(-2.262473591635,-13.54087385707,
    2.759360248912));
#8104 = CARTESIAN_POINT('',(-2.202905707137,-13.46993772535,
    2.759360248912));
#8105 = CARTESIAN_POINT('',(-2.140889302028,-13.39955860623,
    2.759360248912));
#8106 = CARTESIAN_POINT('',(-2.00784114269,-13.25641543524,
    2.759360248912));
#8107 = CARTESIAN_POINT('',(-1.936518860334,-13.18374990519,
    2.759360248912));
#8108 = CARTESIAN_POINT('',(-1.861816949589,-13.11206126958,
    2.759360248912));
#8109 = CARTESIAN_POINT('',(-1.783343613474,-13.04153282288,
    2.759360248912));
#8110 = CARTESIAN_POINT('',(-1.700630762336,-12.9723824843,
    2.759360248912));
#8111 = CARTESIAN_POINT('',(-1.613117574306,-12.90486881694,
    2.759360248912));
#8112 = CARTESIAN_POINT('',(-1.519973308024,-12.83934338503,
    2.759360248912));
#8113 = PCURVE('',#6125,#8114);
#8114 = DEFINITIONAL_REPRESENTATION('',(#8115),#8148);
#8115 = B_SPLINE_CURVE_WITH_KNOTS('',7,(#8116,#8117,#8118,#8119,#8120,
    #8121,#8122,#8123,#8124,#8125,#8126,#8127,#8128,#8129,#8130,#8131,
    #8132,#8133,#8134,#8135,#8136,#8137,#8138,#8139,#8140,#8141,#8142,
    #8143,#8144,#8145,#8146,#8147),.UNSPECIFIED.,.F.,.F.,(8,6,6,6,6,8),(
    0.,0.173027248421,0.400191488967,0.640900231061,0.815669052665,1.),
  .UNSPECIFIED.);
#8116 = CARTESIAN_POINT('',(-3.58686683893,1.719832249947E-06));
#8117 = CARTESIAN_POINT('',(-3.550076676101,1.677344993145E-06));
#8118 = CARTESIAN_POINT('',(-3.512364368403,4.446080155889E-03));
#8119 = CARTESIAN_POINT('',(-3.473856397522,1.359537711617E-02));
#8120 = CARTESIAN_POINT('',(-3.434689113107,2.765639607391E-02));
#8121 = CARTESIAN_POINT('',(-3.3949934913,4.674216538484E-02));
#8122 = CARTESIAN_POINT('',(-3.354881743482,7.084658169049E-02));
#8123 = CARTESIAN_POINT('',(-3.261335019499,0.137890863857));
#8124 = CARTESIAN_POINT('',(-3.207649334407,0.18437109392));
#8125 = CARTESIAN_POINT('',(-3.153568975572,0.238971564786));
#8126 = CARTESIAN_POINT('',(-3.099161094977,0.301038780998));
#8127 = CARTESIAN_POINT('',(-3.04432957081,0.369618729392));
#8128 = CARTESIAN_POINT('',(-2.988878683482,0.443678552988));
#8129 = CARTESIAN_POINT('',(-2.872866460278,0.605434508282));
#8130 = CARTESIAN_POINT('',(-2.812195569228,0.69368361672));
#8131 = CARTESIAN_POINT('',(-2.750207140922,0.78580448663));
#8132 = CARTESIAN_POINT('',(-2.686494980068,0.880690234759));
#8133 = CARTESIAN_POINT('',(-2.620635114439,0.977395993098));
#8134 = CARTESIAN_POINT('',(-2.552190793394,1.075168168887));
#8135 = CARTESIAN_POINT('',(-2.428734843016,1.244708483154));
#8136 = CARTESIAN_POINT('',(-2.375185173122,1.316255778204));
#8137 = CARTESIAN_POINT('',(-2.319830146467,1.387796967844));
#8138 = CARTESIAN_POINT('',(-2.262473591635,1.459126142926));
#8139 = CARTESIAN_POINT('',(-2.202905707137,1.530062274646));
#8140 = CARTESIAN_POINT('',(-2.140889302028,1.600441393767));
#8141 = CARTESIAN_POINT('',(-2.00784114269,1.743584564758));
#8142 = CARTESIAN_POINT('',(-1.936518860334,1.816250094802));
#8143 = CARTESIAN_POINT('',(-1.861816949589,1.887938730411));
#8144 = CARTESIAN_POINT('',(-1.783343613474,1.958467177111));
#8145 = CARTESIAN_POINT('',(-1.700630762336,2.027617515697));
#8146 = CARTESIAN_POINT('',(-1.613117574306,2.09513118306));
#8147 = CARTESIAN_POINT('',(-1.519973308024,2.160656614961));
#8148 = ( GEOMETRIC_REPRESENTATION_CONTEXT(2) 
PARAMETRIC_REPRESENTATION_CONTEXT() REPRESENTATION_CONTEXT('2D SPACE',''
  ) );
#8149 = PCURVE('',#8150,#8553);
#8150 = ( BOUNDED_SURFACE() B_SPLINE_SURFACE(2,13,(
    (#8151,#8152,#8153,#8154,#8155,#8156,#8157,#8158,#8159,#8160,#8161
      ,#8162,#8163,#8164,#8165,#8166,#8167,#8168,#8169,#8170,#8171,#8172
      ,#8173,#8174,#8175,#8176,#8177,#8178,#8179,#8180,#8181,#8182,#8183
      ,#8184,#8185,#8186,#8187,#8188,#8189,#8190,#8191,#8192,#8193,#8194
      ,#8195,#8196,#8197,#8198,#8199,#8200,#8201,#8202,#8203,#8204,#8205
      ,#8206,#8207,#8208,#8209,#8210,#8211,#8212,#8213,#8214,#8215,#8216
      ,#8217,#8218,#8219,#8220,#8221,#8222,#8223,#8224,#8225,#8226,#8227
      ,#8228,#8229,#8230,#8231,#8232,#8233,#8234,#8235,#8236,#8237,#8238
      ,#8239,#8240,#8241,#8242,#8243,#8244,#8245,#8246,#8247,#8248,#8249
      ,#8250,#8251,#8252,#8253,#8254,#8255,#8256,#8257,#8258,#8259,#8260
      ,#8261,#8262,#8263,#8264,#8265,#8266,#8267,#8268,#8269,#8270,#8271
      ,#8272,#8273,#8274,#8275,#8276,#8277,#8278,#8279,#8280,#8281,#8282
      ,#8283,#8284)
    ,(#8285,#8286,#8287,#8288,#8289,#8290,#8291,#8292,#8293,#8294,#8295
      ,#8296,#8297,#8298,#8299,#8300,#8301,#8302,#8303,#8304,#8305,#8306
      ,#8307,#8308,#8309,#8310,#8311,#8312,#8313,#8314,#8315,#8316,#8317
      ,#8318,#8319,#8320,#8321,#8322,#8323,#8324,#8325,#8326,#8327,#8328
      ,#8329,#8330,#8331,#8332,#8333,#8334,#8335,#8336,#8337,#8338,#8339
      ,#8340,#8341,#8342,#8343,#8344,#8345,#8346,#8347,#8348,#8349,#8350
      ,#8351,#8352,#8353,#8354,#8355,#8356,#8357,#8358,#8359,#8360,#8361
      ,#8362,#8363,#8364,#8365,#8366,#8367,#8368,#8369,#8370,#8371,#8372
      ,#8373,#8374,#8375,#8376,#8377,#8378,#8379,#8380,#8381,#8382,#8383
      ,#8384,#8385,#8386,#8387,#8388,#8389,#8390,#8391,#8392,#8393,#8394
      ,#8395,#8396,#8397,#8398,#8399,#8400,#8401,#8402,#8403,#8404,#8405
      ,#8406,#8407,#8408,#8409,#8410,#8411,#8412,#8413,#8414,#8415,#8416
      ,#8417,#8418)
    ,(#8419,#8420,#8421,#8422,#8423,#8424,#8425,#8426,#8427,#8428,#8429
      ,#8430,#8431,#8432,#8433,#8434,#8435,#8436,#8437,#8438,#8439,#8440
      ,#8441,#8442,#8443,#8444,#8445,#8446,#8447,#8448,#8449,#8450,#8451
      ,#8452,#8453,#8454,#8455,#8456,#8457,#8458,#8459,#8460,#8461,#8462
      ,#8463,#8464,#8465,#8466,#8467,#8468,#8469,#8470,#8471,#8472,#8473
      ,#8474,#8475,#8476,#8477,#8478,#8479,#8480,#8481,#8482,#8483,#8484
      ,#8485,#8486,#8487,#8488,#8489,#8490,#8491,#8492,#8493,#8494,#8495
      ,#8496,#8497,#8498,#8499,#8500,#8501,#8502,#8503,#8504,#8505,#8506
      ,#8507,#8508,#8509,#8510,#8511,#8512,#8513,#8514,#8515,#8516,#8517
      ,#8518,#8519,#8520,#8521,#8522,#8523,#8524,#8525,#8526,#8527,#8528
      ,#8529,#8530,#8531,#8532,#8533,#8534,#8535,#8536,#8537,#8538,#8539
      ,#8540,#8541,#8542,#8543,#8544,#8545,#8546,#8547,#8548,#8549,#8550
      ,#8551,#8552
)),.UNSPECIFIED.,.F.,.F.,.F.) B_SPLINE_SURFACE_WITH_KNOTS((3,3),(14,12,
    12,12,12,12,12,12,12,12,12,14),(0.,8.869974604048),(-0.127353863235,
    -0.123374055009,-0.119394246783,-0.111434630331,-9.551539742648E-02,
    -6.367693161765E-02,0.,0.474869567417,1.077092998069,2.640347819844,
    4.87948090291,8.742620740812),.UNSPECIFIED.) 
GEOMETRIC_REPRESENTATION_ITEM() RATIONAL_B_SPLINE_SURFACE((
    (1.,1.,1.,1.000000000001,0.999999999998,1.000000000003
      ,0.999999999996,1.000000000004,0.999999999997,1.000000000002
      ,0.999999999999,1.000000000001,1.,1.,0.999999999998,1.000000000004
      ,0.999999999991,1.000000000013,0.999999999985,1.000000000014
      ,0.999999999989,1.000000000006,0.999999999997,1.000000000001,1.,1.
      ,1.,0.999999999999,1.000000000002,0.999999999996,1.000000000005
      ,0.999999999996,1.000000000003,0.999999999998,1.000000000001,1.,1.
      ,1.,1.,1.,1.,0.999999999999,1.000000000001,0.999999999999
      ,1.000000000001,0.999999999999,1.,1.,1.,1.,1.000000000001
      ,0.999999999997,1.000000000005,0.999999999992,1.00000000001
      ,0.99999999999,1.000000000008,0.999999999995,1.000000000002
      ,0.999999999999,1.,1.,1.000000000001,0.999999999999,1.000000000002
      ,0.999999999997,1.000000000003,0.999999999997,1.000000000002
      ,0.999999999999,1.000000000001,1.,1.,1.,1.000000000001
      ,0.999999999998,1.000000000004,0.999999999994,1.000000000007
      ,0.999999999993,1.000000000005,0.999999999997,1.000000000001,1.,1.
      ,1.,1.,0.999999999999,1.000000000002,0.999999999998,1.000000000003
      ,0.999999999997,1.000000000002,0.999999999999,1.000000000001,1.,1.
      ,1.,0.999999999999,1.000000000002,0.999999999997,1.000000000004
      ,0.999999999995,1.000000000005,0.999999999996,1.000000000002
      ,0.999999999999,1.,1.,1.,0.999999999999,1.000000000002
      ,0.999999999997,1.000000000004,0.999999999996,1.000000000003
      ,0.999999999998,1.000000000001,0.999999999999,1.,1.,1.,1.,1.
      ,1.000000000001,0.999999999998,1.000000000003,0.999999999996
      ,1.000000000003,0.999999999998,1.000000000001,1.,1.,1.)
    ,(0.729066127459,0.729078543535,0.729079468673,0.729143520699
      ,0.729022288557,0.729274007803,0.728972042122,0.729293950714
      ,0.729077747216,0.729214760683,0.729179084308,0.729203460745
      ,0.729214380041,0.729239184271,0.729251585218,0.729263985006
      ,0.729276383615,0.729288781082,0.729301177349,0.729313572493
      ,0.729325966431,0.729338359236,0.729350750856,0.729363141321
      ,0.729375530618,0.729412695018,0.729437466627,0.729462233577
      ,0.729486995875,0.729511753509,0.7295365065,0.729561254823
      ,0.729585998506,0.729610737527,0.729635471902,0.729660201624
      ,0.729684926697,0.729759087966,0.729808510216,0.729857913878
      ,0.729907298951,0.729956665451,0.730006013372,0.730055342732
      ,0.730104653525,0.730153945767,0.730203219456,0.730252474602
      ,0.73030171121,0.730449365435,0.730547727466,0.73064601541
      ,0.730744229311,0.730842369184,0.730940435094,0.731038427038
      ,0.731136345091,0.731234189251,0.731331959581,0.731429656098
      ,0.731527278845,0.731819925874,0.732014729128,0.732209237701
      ,0.732403451681,0.732597371145,0.732790996187,0.732984326883
      ,0.733177363323,0.733370105589,0.733562553766,0.733754707939
      ,0.733946568192,0.73556673771,0.736978960803,0.738374815062
      ,0.73975431167,0.74111746179,0.742464276622,0.74379476731
      ,0.745108945065,0.746406821034,0.747688406413,0.748953712368
      ,0.75020275008,0.752998927158,0.754536153463,0.756047296275
      ,0.757532442231,0.758991677967,0.760425090119,0.761832765325
      ,0.76321479022,0.764571251441,0.765902235625,0.767207829407
      ,0.768488119424,0.773001117274,0.776089310397,0.77901006852
      ,0.781765927813,0.784359663805,0.786794291344,0.789073064651
      ,0.791199477257,0.793177262065,0.795010391299,0.796703076538
      ,0.7982597687,0.801726819066,0.803497930414,0.805013348569
      ,0.806282252938,0.807316647218,0.808130068443,0.808733344894
      ,0.809131802519,0.809325878482,0.809314658956,0.809099417145
      ,0.808681786152,0.806956610471,0.805227647776,0.802830340628
      ,0.79970760974,0.79578958992,0.791003838053,0.785283065676
      ,0.778570474801,0.770822775567,0.762010964459,0.752118941614
      ,0.741140045961,0.729071586756)
    ,(1.,1.,1.,1.000000000001,0.999999999998,1.000000000003
      ,0.999999999996,1.000000000004,0.999999999997,1.000000000002
      ,0.999999999999,1.000000000001,1.,1.,0.999999999998,1.000000000004
      ,0.999999999991,1.000000000013,0.999999999985,1.000000000014
      ,0.999999999989,1.000000000006,0.999999999997,1.000000000001,1.,1.
      ,1.,0.999999999999,1.000000000002,0.999999999996,1.000000000005
      ,0.999999999996,1.000000000003,0.999999999998,1.000000000001,1.,1.
      ,1.,1.,1.,1.,0.999999999999,1.000000000001,0.999999999999
      ,1.000000000001,0.999999999999,1.,1.,1.,1.,1.000000000001
      ,0.999999999997,1.000000000005,0.999999999992,1.00000000001
      ,0.99999999999,1.000000000008,0.999999999995,1.000000000002
      ,0.999999999999,1.,1.,1.000000000001,0.999999999999,1.000000000002
      ,0.999999999997,1.000000000003,0.999999999997,1.000000000002
      ,0.999999999999,1.000000000001,1.,1.,1.,1.000000000001
      ,0.999999999998,1.000000000004,0.999999999994,1.000000000007
      ,0.999999999993,1.000000000005,0.999999999997,1.000000000001,1.,1.
      ,1.,1.,0.999999999999,1.000000000002,0.999999999998,1.000000000003
      ,0.999999999997,1.000000000002,0.999999999999,1.000000000001,1.,1.
      ,1.,0.999999999999,1.000000000002,0.999999999997,1.000000000004
      ,0.999999999995,1.000000000005,0.999999999996,1.000000000002
      ,0.999999999999,1.,1.,1.,0.999999999999,1.000000000002
      ,0.999999999997,1.000000000004,0.999999999996,1.000000000003
      ,0.999999999998,1.000000000001,0.999999999999,1.,1.,1.,1.,1.
      ,1.000000000001,0.999999999998,1.000000000003,0.999999999996
      ,1.000000000003,0.999999999998,1.000000000001,1.,1.,1.
))) REPRESENTATION_ITEM('') SURFACE() );
#8151 = CARTESIAN_POINT('',(3.597004692911,-15.16758918102,
    2.823587267134));
#8152 = CARTESIAN_POINT('',(3.596990289646,-15.16721341912,
    2.823442341566));
#8153 = CARTESIAN_POINT('',(3.596972971737,-15.16718596239,
    2.823431754877));
#8154 = CARTESIAN_POINT('',(3.59697149393,-15.16523711179,2.822680126477
    ));
#8155 = CARTESIAN_POINT('',(3.596923353438,-15.1689280977,2.824103685979
    ));
#8156 = CARTESIAN_POINT('',(3.596969025063,-15.16126603787,
    2.821148582321));
#8157 = CARTESIAN_POINT('',(3.596875316561,-15.17045952567,
    2.824694369909));
#8158 = CARTESIAN_POINT('',(3.596938574315,-15.1606598849,2.820914846528
    ));
#8159 = CARTESIAN_POINT('',(3.596866366657,-15.16724292411,
    2.823453839984));
#8160 = CARTESIAN_POINT('',(3.596883012033,-15.16307201741,
    2.821845229143));
#8161 = CARTESIAN_POINT('',(3.59685615627,-15.16415884974,2.822264440941
    ));
#8162 = CARTESIAN_POINT('',(3.596844373494,-15.16341722612,
    2.821978453655));
#8163 = CARTESIAN_POINT('',(3.596829163505,-15.16308530496,
    2.821850485972));
#8164 = CARTESIAN_POINT('',(3.596799408962,-15.16233109993,
    2.821559708281));
#8165 = CARTESIAN_POINT('',(3.596784490935,-15.16195400016,
    2.821414324991));
#8166 = CARTESIAN_POINT('',(3.59676953215,-15.16157690312,2.82126894726)
  );
#8167 = CARTESIAN_POINT('',(3.596754532614,-15.16119980885,
    2.821123575089));
#8168 = CARTESIAN_POINT('',(3.596739492315,-15.16082271733,
    2.820978208479));
#8169 = CARTESIAN_POINT('',(3.596724411269,-15.16044562858,
    2.820832847435));
#8170 = CARTESIAN_POINT('',(3.596709289461,-15.16006854258,
    2.820687491954));
#8171 = CARTESIAN_POINT('',(3.5966941269,-15.15969145938,2.820542142044)
  );
#8172 = CARTESIAN_POINT('',(3.596678923584,-15.15931437894,
    2.820396797701));
#8173 = CARTESIAN_POINT('',(3.596663679511,-15.15893730129,
    2.820251458932));
#8174 = CARTESIAN_POINT('',(3.596648394685,-15.15856022643,
    2.820106125735));
#8175 = CARTESIAN_POINT('',(3.596633069102,-15.15818315437,
    2.819960798115));
#8176 = CARTESIAN_POINT('',(3.59658697009,-15.15705194658,2.819524831986
    ));
#8177 = CARTESIAN_POINT('',(3.596556074395,-15.15629781926,
    2.819234210211));
#8178 = CARTESIAN_POINT('',(3.596525015677,-15.15554370319,
    2.818943610761));
#8179 = CARTESIAN_POINT('',(3.596493793949,-15.15478959841,
    2.818653033653));
#8180 = CARTESIAN_POINT('',(3.596462409184,-15.15403550496,
    2.818362478901));
#8181 = CARTESIAN_POINT('',(3.59643086143,-15.1532814229,2.818071946521)
  );
#8182 = CARTESIAN_POINT('',(3.596399150625,-15.15252735225,
    2.817781436528));
#8183 = CARTESIAN_POINT('',(3.596367276837,-15.15177329307,
    2.817490948939));
#8184 = CARTESIAN_POINT('',(3.596335240008,-15.1510192454,2.817200483767
    ));
#8185 = CARTESIAN_POINT('',(3.596303040181,-15.15026520928,
    2.816910041028));
#8186 = CARTESIAN_POINT('',(3.596270677332,-15.14951118476,
    2.816619620738));
#8187 = CARTESIAN_POINT('',(3.596238151473,-15.14875717187,
    2.816329222913));
#8188 = CARTESIAN_POINT('',(3.596140084858,-15.14649516827,
    2.815458096874));
#8189 = CARTESIAN_POINT('',(3.596074055063,-15.1449872126,2.814877436102
    ));
#8190 = CARTESIAN_POINT('',(3.596007373228,-15.14347930401,2.81429686537
    ));
#8191 = CARTESIAN_POINT('',(3.595940039355,-15.14197144284,2.8137163848)
  );
#8192 = CARTESIAN_POINT('',(3.595872053476,-15.14046362943,
    2.813135994511));
#8193 = CARTESIAN_POINT('',(3.595803415562,-15.13895586412,
    2.812555694624));
#8194 = CARTESIAN_POINT('',(3.595734125679,-15.13744814727,2.81197548526
    ));
#8195 = CARTESIAN_POINT('',(3.595664183772,-15.1359404792,2.811395366538
    ));
#8196 = CARTESIAN_POINT('',(3.595593589915,-15.13443286027,
    2.810815338581));
#8197 = CARTESIAN_POINT('',(3.595522344068,-15.1329252908,2.810235401507
    ));
#8198 = CARTESIAN_POINT('',(3.595450446274,-15.13141777116,
    2.809655555438));
#8199 = CARTESIAN_POINT('',(3.595377896525,-15.12991030168,
    2.809075800494));
#8200 = CARTESIAN_POINT('',(3.595158291469,-15.12538804474,
    2.807336809397));
#8201 = CARTESIAN_POINT('',(3.595009280285,-15.12237340886,
    2.806177847015));
#8202 = CARTESIAN_POINT('',(3.594857661446,-15.11935897772,
    2.805019250576));
#8203 = CARTESIAN_POINT('',(3.594703435066,-15.11634475398,
    2.803861021003));
#8204 = CARTESIAN_POINT('',(3.594546601349,-15.11333074033,
    2.802703159224));
#8205 = CARTESIAN_POINT('',(3.594387160343,-15.1103169394,2.801545666162
    ));
#8206 = CARTESIAN_POINT('',(3.594225112326,-15.10730335389,
    2.800388542748));
#8207 = CARTESIAN_POINT('',(3.594060457291,-15.10428998643,
    2.799231789901));
#8208 = CARTESIAN_POINT('',(3.593893195526,-15.10127683971,
    2.798075408553));
#8209 = CARTESIAN_POINT('',(3.593723327065,-15.09826391638,
    2.796919399624));
#8210 = CARTESIAN_POINT('',(3.593550852122,-15.09525121912,
    2.795763764045));
#8211 = CARTESIAN_POINT('',(3.593375770808,-15.09223875058,
    2.794608502738));
#8212 = CARTESIAN_POINT('',(3.592842708223,-15.08320203913,
    2.791143844415));
#8213 = CARTESIAN_POINT('',(3.592476907491,-15.07717849139,2.7888355735)
  );
#8214 = CARTESIAN_POINT('',(3.592100683188,-15.0711558904,2.786528810715
    ));
#8215 = CARTESIAN_POINT('',(3.591714037364,-15.0651342563,2.784223562888
    ));
#8216 = CARTESIAN_POINT('',(3.591316972188,-15.05911360929,
    2.781919836851));
#8217 = CARTESIAN_POINT('',(3.590909489618,-15.05309396951,2.77961763943
    ));
#8218 = CARTESIAN_POINT('',(3.59049159192,-15.04707535717,2.777316977458
    ));
#8219 = CARTESIAN_POINT('',(3.590063280988,-15.0410577924,2.775017857761
    ));
#8220 = CARTESIAN_POINT('',(3.58962455909,-15.03504129541,2.772720287172
    ));
#8221 = CARTESIAN_POINT('',(3.589175428181,-15.02902588633,
    2.770424272517));
#8222 = CARTESIAN_POINT('',(3.588715890431,-15.02301158537,
    2.768129820628));
#8223 = CARTESIAN_POINT('',(3.588245947892,-15.01699841268,
    2.765836938333));
#8224 = CARTESIAN_POINT('',(3.584183436821,-14.9661518262,2.746458260312
    ));
#8225 = CARTESIAN_POINT('',(3.580022822987,-14.92138049127,2.72945865687
    ));
#8226 = CARTESIAN_POINT('',(3.57528482599,-14.8766785711,2.712548597137)
  );
#8227 = CARTESIAN_POINT('',(3.569970510609,-14.8320522531,2.695729856116
    ));
#8228 = CARTESIAN_POINT('',(3.564080941711,-14.78750772473,
    2.679004208811));
#8229 = CARTESIAN_POINT('',(3.557617184018,-14.74305117339,
    2.662373430222));
#8230 = CARTESIAN_POINT('',(3.550580302453,-14.69868878656,
    2.645839295353));
#8231 = CARTESIAN_POINT('',(3.542971361708,-14.65442675164,
    2.629403579207));
#8232 = CARTESIAN_POINT('',(3.534791426696,-14.61027125608,
    2.613068056785));
#8233 = CARTESIAN_POINT('',(3.526041562153,-14.56622848731,
    2.596834503092));
#8234 = CARTESIAN_POINT('',(3.516722832933,-14.52230463277,
    2.580704693128));
#8235 = CARTESIAN_POINT('',(3.506836303826,-14.47850587989,
    2.564680401897));
#8236 = CARTESIAN_POINT('',(3.483126345502,-14.37945990452,
    2.528577674477));
#8237 = CARTESIAN_POINT('',(3.46895701422,-14.32429184145,2.508564587826
    ));
#8238 = CARTESIAN_POINT('',(3.453877945664,-14.26934839517,2.48872745825
    ));
#8239 = CARTESIAN_POINT('',(3.437892039727,-14.21464373395,
    2.469069599553));
#8240 = CARTESIAN_POINT('',(3.421002196232,-14.16019202604,
    2.449594325538));
#8241 = CARTESIAN_POINT('',(3.403211315126,-14.10600743972,
    2.430304950008));
#8242 = CARTESIAN_POINT('',(3.384522296177,-14.05210414324,
    2.411204786767));
#8243 = CARTESIAN_POINT('',(3.364938039368,-13.99849630487,
    2.392297149616));
#8244 = CARTESIAN_POINT('',(3.344461444466,-13.94519809287,2.37358535236
    ));
#8245 = CARTESIAN_POINT('',(3.323095411419,-13.89222367551,
    2.355072708802));
#8246 = CARTESIAN_POINT('',(3.300842840049,-13.83958722105,
    2.336762532744));
#8247 = CARTESIAN_POINT('',(3.27770663025,-13.78730289776,2.318658137989
    ));
#8248 = CARTESIAN_POINT('',(3.191346358082,-13.60061578816,
    2.254310123223));
#8249 = CARTESIAN_POINT('',(3.123092195913,-13.46830851208,
    2.209262567728));
#8250 = CARTESIAN_POINT('',(3.0489794409,-13.33874452908,2.16567748324)
  );
#8251 = CARTESIAN_POINT('',(2.969080092106,-13.21220601663,
    2.123610002793));
#8252 = CARTESIAN_POINT('',(2.883485902119,-13.08897584626,2.08311308106
    ));
#8253 = CARTESIAN_POINT('',(2.792308377063,-12.96933758351,
    2.044237494364));
#8254 = CARTESIAN_POINT('',(2.695678776597,-12.85357548799,
    2.007031840667));
#8255 = CARTESIAN_POINT('',(2.593748113901,-12.74197451331,
    1.971542539579));
#8256 = CARTESIAN_POINT('',(2.486687155709,-12.63482030718,
    1.937813832355));
#8257 = CARTESIAN_POINT('',(2.374686422261,-12.53239921127,
    1.905887781892));
#8258 = CARTESIAN_POINT('',(2.257956187352,-12.43499826135,
    1.875804272733));
#8259 = CARTESIAN_POINT('',(2.136726478296,-12.34290518722,
    1.847601011066));
#8260 = CARTESIAN_POINT('',(1.831516249506,-12.13251447889,
    1.783660558924));
#8261 = CARTESIAN_POINT('',(1.643138355538,-12.02003913069,
    1.749928420956));
#8262 = CARTESIAN_POINT('',(1.446587129082,-11.91981621978,
    1.720232896541));
#8263 = CARTESIAN_POINT('',(1.24324332651,-11.83260553168,1.694668436062
    ));
#8264 = CARTESIAN_POINT('',(1.034055407114,-11.75899403923,
    1.673286863542));
#8265 = CARTESIAN_POINT('',(0.819592511546,-11.69946721188,
    1.656123460941));
#8266 = CARTESIAN_POINT('',(0.600571563488,-11.65449471557,
    1.643226315025));
#8267 = CARTESIAN_POINT('',(0.378249209553,-11.62454045736,
    1.634663341715));
#8268 = CARTESIAN_POINT('',(0.154378200431,-11.60997255168,
    1.630499930726));
#8269 = CARTESIAN_POINT('',(-6.92632951012E-02,-11.61091440348,
    1.630758680895));
#8270 = CARTESIAN_POINT('',(-0.291452063555,-11.62714372658,
    1.635391224507));
#8271 = CARTESIAN_POINT('',(-0.511583639319,-11.65821193432,
    1.644310666554));
#8272 = CARTESIAN_POINT('',(-1.102154583774,-11.7830572559,
    1.680396219456));
#8273 = CARTESIAN_POINT('',(-1.466054662955,-11.90583698609,
    1.716076660908));
#8274 = CARTESIAN_POINT('',(-1.813860865159,-12.07056146013,
    1.764365528143));
#8275 = CARTESIAN_POINT('',(-2.139980990585,-12.27435880814,
    1.824989185644));
#8276 = CARTESIAN_POINT('',(-2.439649516303,-12.51345262993,
    1.897548919953));
#8277 = CARTESIAN_POINT('',(-2.709066055937,-12.78343464246,
    1.981499287997));
#8278 = CARTESIAN_POINT('',(-2.945404193842,-13.0795894457,
    2.076165762299));
#8279 = CARTESIAN_POINT('',(-3.1467177524,-13.39721852568,2.180783690387
    ));
#8280 = CARTESIAN_POINT('',(-3.311771551895,-13.73191061326,
    2.294540585632));
#8281 = CARTESIAN_POINT('',(-3.43982372126,-14.07970551707,
    2.416603766768));
#8282 = CARTESIAN_POINT('',(-3.530386619351,-14.43709854956,
    2.54611536341));
#8283 = CARTESIAN_POINT('',(-3.582993425071,-14.80083266432,
    2.682136704758));
#8284 = CARTESIAN_POINT('',(-3.596997455755,-15.1674254236,
    2.823524108822));
#8285 = CARTESIAN_POINT('',(2.659604543449,-15.11988738335,
    2.805135630881));
#8286 = CARTESIAN_POINT('',(2.659619073517,-15.11960002627,
    2.805025329088));
#8287 = CARTESIAN_POINT('',(2.659586282995,-15.11956648624,
    2.805943856882));
#8288 = CARTESIAN_POINT('',(2.659813285573,-15.11813849279,
    2.801209525978));
#8289 = CARTESIAN_POINT('',(2.659277552219,-15.12080344246,2.81306878156
    ));
#8290 = CARTESIAN_POINT('',(2.660276976299,-15.1152305038,2.791527648864
    ));
#8291 = CARTESIAN_POINT('',(2.65899715986,-15.12188724278,2.819574539985
    ));
#8292 = CARTESIAN_POINT('',(2.660285615554,-15.11476363627,
    2.791743075689));
#8293 = CARTESIAN_POINT('',(2.659358877768,-15.11952512713,
    2.812106989087));
#8294 = CARTESIAN_POINT('',(2.659886130499,-15.11648551393,2.80083536941
    ));
#8295 = CARTESIAN_POINT('',(2.659702431035,-15.11725999717,
    2.805031464842));
#8296 = CARTESIAN_POINT('',(2.659765908709,-15.11670821678,
    2.803848869062));
#8297 = CARTESIAN_POINT('',(2.659773959496,-15.11645360531,
    2.803871496119));
#8298 = CARTESIAN_POINT('',(2.659802210704,-15.11587884312,
    2.803650926383));
#8299 = CARTESIAN_POINT('',(2.659816302252,-15.11559146445,
    2.803540644797));
#8300 = CARTESIAN_POINT('',(2.659830359987,-15.11530408335,
    2.803430364616));
#8301 = CARTESIAN_POINT('',(2.659844383906,-15.11501669979,
    2.803320085843));
#8302 = CARTESIAN_POINT('',(2.659858374011,-15.11472931379,
    2.803209808477));
#8303 = CARTESIAN_POINT('',(2.659872330299,-15.11444192536,
    2.803099532521));
#8304 = CARTESIAN_POINT('',(2.659886252772,-15.11415453447,
    2.802989257973));
#8305 = CARTESIAN_POINT('',(2.65990014143,-15.11386714116,2.802878984837
    ));
#8306 = CARTESIAN_POINT('',(2.65991399627,-15.11357974539,2.80276871311)
  );
#8307 = CARTESIAN_POINT('',(2.659927817295,-15.11329234721,
    2.802658442797));
#8308 = CARTESIAN_POINT('',(2.659941604502,-15.11300494658,
    2.802548173895));
#8309 = CARTESIAN_POINT('',(2.659955357893,-15.11271754353,
    2.802437906407));
#8310 = CARTESIAN_POINT('',(2.659996515214,-15.11185535636,
    2.802107119422));
#8311 = CARTESIAN_POINT('',(2.660023817708,-15.11128056494,
    2.801886604162));
#8312 = CARTESIAN_POINT('',(2.660050984945,-15.11070576382,
    2.801666094559));
#8313 = CARTESIAN_POINT('',(2.66007801692,-15.11013095299,2.801445590621
    ));
#8314 = CARTESIAN_POINT('',(2.660104913639,-15.10955613248,
    2.801225092352));
#8315 = CARTESIAN_POINT('',(2.660131675087,-15.10898130229,
    2.801004599763));
#8316 = CARTESIAN_POINT('',(2.660158301277,-15.10840646247,
    2.800784112856));
#8317 = CARTESIAN_POINT('',(2.660184792191,-15.10783161299,
    2.800563631642));
#8318 = CARTESIAN_POINT('',(2.660211147839,-15.1072567539,2.800343156123
    ));
#8319 = CARTESIAN_POINT('',(2.660237368212,-15.10668188519,2.80012268631
    ));
#8320 = CARTESIAN_POINT('',(2.66026345331,-15.1061070069,2.799902222207)
  );
#8321 = CARTESIAN_POINT('',(2.660289403131,-15.10553211903,
    2.799681763821));
#8322 = CARTESIAN_POINT('',(2.660366841506,-15.10380754359,
    2.799020450642));
#8323 = CARTESIAN_POINT('',(2.660417924337,-15.10265782722,
    2.798579612972));
#8324 = CARTESIAN_POINT('',(2.660468466141,-15.10150807263,
    2.798138798207));
#8325 = CARTESIAN_POINT('',(2.660518466909,-15.10035827999,
    2.797698006406));
#8326 = CARTESIAN_POINT('',(2.660567926595,-15.09920844937,
    2.797257237625));
#8327 = CARTESIAN_POINT('',(2.660616845221,-15.098058581,2.796816491927)
  );
#8328 = CARTESIAN_POINT('',(2.660665222709,-15.0969086749,2.796375769364
    ));
#8329 = CARTESIAN_POINT('',(2.660713059103,-15.09575873134,
    2.795935070002));
#8330 = CARTESIAN_POINT('',(2.660760354321,-15.09460875033,
    2.795494393893));
#8331 = CARTESIAN_POINT('',(2.66080710839,-15.09345873211,2.795053741099
    ));
#8332 = CARTESIAN_POINT('',(2.660853321259,-15.09230867675,
    2.794613111676));
#8333 = CARTESIAN_POINT('',(2.660898992922,-15.09115858442,
    2.794172505685));
#8334 = CARTESIAN_POINT('',(2.661034365967,-15.08770866189,
    2.792850936299));
#8335 = CARTESIAN_POINT('',(2.661122444576,-15.08540872019,
    2.791970042939));
#8336 = CARTESIAN_POINT('',(2.661208358987,-15.08310863147,
    2.791089243655));
#8337 = CARTESIAN_POINT('',(2.661292109012,-15.08080839707,
    2.790208539001));
#8338 = CARTESIAN_POINT('',(2.661373694452,-15.0785080183,2.789327929529
    ));
#8339 = CARTESIAN_POINT('',(2.661453115121,-15.07620749651,
    2.788447415792));
#8340 = CARTESIAN_POINT('',(2.661530370812,-15.073906833,2.787566998343)
  );
#8341 = CARTESIAN_POINT('',(2.661605461342,-15.07160602912,
    2.786686677734));
#8342 = CARTESIAN_POINT('',(2.661678386499,-15.06930508616,
    2.785806454518));
#8343 = CARTESIAN_POINT('',(2.661749146095,-15.06700400549,
    2.784926329246));
#8344 = CARTESIAN_POINT('',(2.661817739922,-15.0647027884,2.784046302472
    ));
#8345 = CARTESIAN_POINT('',(2.661884167783,-15.06240143623,
    2.783166374747));
#8346 = CARTESIAN_POINT('',(2.662076901457,-15.05549881911,
    2.780527594048));
#8347 = CARTESIAN_POINT('',(2.662196715794,-15.05089714321,
    2.778769035767));
#8348 = CARTESIAN_POINT('',(2.662307870727,-15.04629493695,
    2.777010877592));
#8349 = CARTESIAN_POINT('',(2.662410364496,-15.04169221471,
    2.775253125326));
#8350 = CARTESIAN_POINT('',(2.662504195287,-15.0370889908,2.773495784768
    ));
#8351 = CARTESIAN_POINT('',(2.662589361331,-15.03248527958,
    2.771738861713));
#8352 = CARTESIAN_POINT('',(2.662665860741,-15.02788109533,
    2.769982361951));
#8353 = CARTESIAN_POINT('',(2.662733691738,-15.02327645238,2.76822629127
    ));
#8354 = CARTESIAN_POINT('',(2.66279285239,-15.01867136498,2.76647065545)
  );
#8355 = CARTESIAN_POINT('',(2.662843340862,-15.01406584744,
    2.764715460271));
#8356 = CARTESIAN_POINT('',(2.662885155219,-15.00945991399,
    2.762960711505));
#8357 = CARTESIAN_POINT('',(2.662918293553,-15.00485357887,
    2.761206414922));
#8358 = CARTESIAN_POINT('',(2.663124764845,-14.96596797596,
    2.746402164818));
#8359 = CARTESIAN_POINT('',(2.662824878156,-14.93166509743,
    2.733376526118));
#8360 = CARTESIAN_POINT('',(2.662043023567,-14.89734555492,
    2.720378368841));
#8361 = CARTESIAN_POINT('',(2.660779067354,-14.86301662682,
    2.707410385516));
#8362 = CARTESIAN_POINT('',(2.659032813057,-14.8286855378,2.694475253281
    ));
#8363 = CARTESIAN_POINT('',(2.656804001963,-14.79435946097,2.68157563462
    ));
#8364 = CARTESIAN_POINT('',(2.654092313905,-14.76004551987,
    2.668714178066));
#8365 = CARTESIAN_POINT('',(2.650897367529,-14.72575079053,
    2.655893518912));
#8366 = CARTESIAN_POINT('',(2.647218721155,-14.69148230337,
    2.643116279893));
#8367 = CARTESIAN_POINT('',(2.643055872978,-14.6572470452,2.630385071866
    ));
#8368 = CARTESIAN_POINT('',(2.638408261792,-14.62305196108,2.61770249447
    ));
#8369 = CARTESIAN_POINT('',(2.633275267289,-14.58890395617,
    2.605071136785));
#8370 = CARTESIAN_POINT('',(2.620556657344,-14.51173281254,
    2.576602112017));
#8371 = CARTESIAN_POINT('',(2.612678163397,-14.46873569545,
    2.560794645878));
#8372 = CARTESIAN_POINT('',(2.604022966774,-14.42583405134,
    2.545076049469));
#8373 = CARTESIAN_POINT('',(2.594593130863,-14.3830432998,2.529451179081
    ));
#8374 = CARTESIAN_POINT('',(2.584390547599,-14.34037878103,
    2.513924879085));
#8375 = CARTESIAN_POINT('',(2.573416940919,-14.29785576171,
    2.498501983575));
#8376 = CARTESIAN_POINT('',(2.561673869443,-14.25548944072,
    2.483187318017));
#8377 = CARTESIAN_POINT('',(2.549162729933,-14.21329495478,
    2.467985700813));
#8378 = CARTESIAN_POINT('',(2.535884759576,-14.17128738388,
    2.452901944887));
#8379 = CARTESIAN_POINT('',(2.521841039204,-14.12948175667,
    2.437940859188));
#8380 = CARTESIAN_POINT('',(2.50703249552,-14.08789305567,2.423107250208
    ));
#8381 = CARTESIAN_POINT('',(2.491459903843,-14.04653622238,
    2.408405923441));
#8382 = CARTESIAN_POINT('',(2.432966351724,-13.89933547192,
    2.356256477537));
#8383 = CARTESIAN_POINT('',(2.385726997823,-13.79480589646,
    2.319553059669));
#8384 = CARTESIAN_POINT('',(2.333447036525,-13.69213248172,
    2.283815308462));
#8385 = CARTESIAN_POINT('',(2.276186688135,-13.59160252217,
    2.249122437498));
#8386 = CARTESIAN_POINT('',(2.214025200407,-13.49349640558,
    2.215549273343));
#8387 = CARTESIAN_POINT('',(2.147060940891,-13.39808838877,
    2.183166502419));
#8388 = CARTESIAN_POINT('',(2.075411562139,-13.30564730722,
    2.152040889705));
#8389 = CARTESIAN_POINT('',(1.999214234888,-13.21643722113,
    2.122235470568));
#8390 = CARTESIAN_POINT('',(1.918625945121,-13.1307179997,2.093809717019
    ));
#8391 = CARTESIAN_POINT('',(1.83382384998,-13.0487458453,2.066819679403)
  );
#8392 = CARTESIAN_POINT('',(1.745005688351,-12.97077375862,
    2.041318104565));
#8393 = CARTESIAN_POINT('',(1.652390240996,-12.89705194542,
    2.017354531297));
#8394 = CARTESIAN_POINT('',(1.419060689657,-12.72910404543,
    1.963059111873));
#8395 = CARTESIAN_POINT('',(1.274606705229,-12.63936714766,
    1.934321603411));
#8396 = CARTESIAN_POINT('',(1.123075083797,-12.55929528269,
    1.908901108874));
#8397 = CARTESIAN_POINT('',(0.965834926631,-12.48959812612,
    1.886942132128));
#8398 = CARTESIAN_POINT('',(0.803805889252,-12.43079201352,
    1.868533534813));
#8399 = CARTESIAN_POINT('',(0.637436351765,-12.38325261322,
    1.853728959682));
#8400 = CARTESIAN_POINT('',(0.467242904917,-12.34732828784,
    1.842584293936));
#8401 = CARTESIAN_POINT('',(0.29424444687,-12.32338554294,1.835173643554
    ));
#8402 = CARTESIAN_POINT('',(0.119959124172,-12.31174049398,
    1.831570124426));
#8403 = CARTESIAN_POINT('',(-5.404295104809E-02,-12.31250932989,
    1.831801546606));
#8404 = CARTESIAN_POINT('',(-0.226720578734,-12.32548879351,
    1.835814539895));
#8405 = CARTESIAN_POINT('',(-0.397651301956,-12.35025732691,
    1.843504628454));
#8406 = CARTESIAN_POINT('',(-0.856226913082,-12.44990309894,
    1.874588652079));
#8407 = CARTESIAN_POINT('',(-1.138910822144,-12.54813699428,
    1.905346377541));
#8408 = CARTESIAN_POINT('',(-1.408578918052,-12.68026785577,
    1.946980334799));
#8409 = CARTESIAN_POINT('',(-1.660372743145,-12.84410753523,
    1.99914458088));
#8410 = CARTESIAN_POINT('',(-1.889990007289,-13.03661819184,
    2.061320700095));
#8411 = CARTESIAN_POINT('',(-2.093843549447,-13.25409987638,
    2.132816256622));
#8412 = CARTESIAN_POINT('',(-2.269142728289,-13.49240424199,
    2.212771921842));
#8413 = CARTESIAN_POINT('',(-2.413911060298,-13.7471510934,
    2.300174392014));
#8414 = CARTESIAN_POINT('',(-2.526951672392,-14.01392848302,
    2.39387347988));
#8415 = CARTESIAN_POINT('',(-2.607768503166,-14.28845938646,
    2.49260294549));
#8416 = CARTESIAN_POINT('',(-2.656446621541,-14.56671813001,
    2.595005660609));
#8417 = CARTESIAN_POINT('',(-2.673489920201,-14.8449773983,
    2.699664525772));
#8418 = CARTESIAN_POINT('',(-2.659608981691,-15.1197616302,
    2.805141148858));
#8419 = CARTESIAN_POINT('',(2.600416093111,-14.78082313674,
    3.678549645199));
#8420 = CARTESIAN_POINT('',(2.6003976063,-14.78054556177,3.678409535308)
  );
#8421 = CARTESIAN_POINT('',(2.600361093569,-14.78051882425,
    3.679386561615));
#8422 = CARTESIAN_POINT('',(2.600429717978,-14.77918809972,
    3.674225239805));
#8423 = CARTESIAN_POINT('',(2.600189582717,-14.78168462522,
    3.687081587973));
#8424 = CARTESIAN_POINT('',(2.600570947727,-14.77647737578,
    3.663668363618));
#8425 = CARTESIAN_POINT('',(2.600029461241,-14.78270711659,
    3.694103346238));
#8426 = CARTESIAN_POINT('',(2.600527846839,-14.77604999099,
    3.663861391085));
#8427 = CARTESIAN_POINT('',(2.600129195138,-14.78050816886,3.68595670509
    ));
#8428 = CARTESIAN_POINT('',(2.600319347962,-14.77767022631,3.6736967629)
  );
#8429 = CARTESIAN_POINT('',(2.600221576596,-14.77839936842,
    3.678233507395));
#8430 = CARTESIAN_POINT('',(2.600223898202,-14.77788803131,
    3.676928961981));
#8431 = CARTESIAN_POINT('',(2.60020375615,-14.77765464624,3.676933271396
    ));
#8432 = CARTESIAN_POINT('',(2.600168362393,-14.77712657679,
    3.676653208606));
#8433 = CARTESIAN_POINT('',(2.600150636437,-14.77686254576,
    3.676513183762));
#8434 = CARTESIAN_POINT('',(2.600132881397,-14.77659851843,
    3.676373165469));
#8435 = CARTESIAN_POINT('',(2.600115097294,-14.7763344948,3.676233153726
    ));
#8436 = CARTESIAN_POINT('',(2.600097284085,-14.77607047487,
    3.676093148533));
#8437 = CARTESIAN_POINT('',(2.600079441842,-14.77580645863,3.67595314989
    ));
#8438 = CARTESIAN_POINT('',(2.600061570473,-14.7755424461,3.675813157797
    ));
#8439 = CARTESIAN_POINT('',(2.600043670078,-14.77527843726,
    3.675673172251));
#8440 = CARTESIAN_POINT('',(2.600025740568,-14.77501443213,
    3.675533193256));
#8441 = CARTESIAN_POINT('',(2.600007782011,-14.77475043068,
    3.675393220808));
#8442 = CARTESIAN_POINT('',(2.599989794367,-14.77448643294,
    3.675253254909));
#8443 = CARTESIAN_POINT('',(2.599971777655,-14.7742224389,3.675113295558
    ));
#8444 = CARTESIAN_POINT('',(2.5999176403,-14.77343046786,3.674693437147)
  );
#8445 = CARTESIAN_POINT('',(2.599881432442,-14.77290250196,3.67441355773
    ));
#8446 = CARTESIAN_POINT('',(2.5998451083,-14.77237455086,3.674133704502)
  );
#8447 = CARTESIAN_POINT('',(2.59980866788,-14.77184661455,3.673853877458
    ));
#8448 = CARTESIAN_POINT('',(2.599772111186,-14.77131869304,
    3.673574076602));
#8449 = CARTESIAN_POINT('',(2.599735438225,-14.77079078632,
    3.673294301923));
#8450 = CARTESIAN_POINT('',(2.599698648999,-14.7702628944,3.673014553432
    ));
#8451 = CARTESIAN_POINT('',(2.599661743516,-14.76973501728,
    3.672734831112));
#8452 = CARTESIAN_POINT('',(2.599624721778,-14.76920715496,
    3.672455134975));
#8453 = CARTESIAN_POINT('',(2.599587583793,-14.76867930744,
    3.672175465009));
#8454 = CARTESIAN_POINT('',(2.599550329563,-14.76815147472,
    3.671895821219));
#8455 = CARTESIAN_POINT('',(2.599512959096,-14.76762365681,
    3.671616203599));
#8456 = CARTESIAN_POINT('',(2.599400498991,-14.76604024748,
    3.670777429247));
#8457 = CARTESIAN_POINT('',(2.599325060654,-14.76498470046,
    3.670218351014));
#8458 = CARTESIAN_POINT('',(2.599249157424,-14.76392921267,
    3.669659377448));
#8459 = CARTESIAN_POINT('',(2.59917278933,-14.76287378413,3.66910050853)
  );
#8460 = CARTESIAN_POINT('',(2.599095956434,-14.76181841486,
    3.668541744274));
#8461 = CARTESIAN_POINT('',(2.599018658732,-14.76076310488,
    3.667983084639));
#8462 = CARTESIAN_POINT('',(2.598940896322,-14.75970785423,
    3.667424529664));
#8463 = CARTESIAN_POINT('',(2.598862669174,-14.75865266292,
    3.666866079289));
#8464 = CARTESIAN_POINT('',(2.598783977391,-14.75759753097,
    3.666307733557));
#8465 = CARTESIAN_POINT('',(2.598704820961,-14.75654245841,
    3.665749492422));
#8466 = CARTESIAN_POINT('',(2.598625199955,-14.75548744527,
    3.665191355901));
#8467 = CARTESIAN_POINT('',(2.598545114395,-14.75443249156,
    3.664633323976));
#8468 = CARTESIAN_POINT('',(2.598303464184,-14.7512678088,3.662959541976
    ));
#8469 = CARTESIAN_POINT('',(2.598140506006,-14.74915825791,
    3.661844105554));
#8470 = CARTESIAN_POINT('',(2.597975690086,-14.74704894505,
    3.660729087452));
#8471 = CARTESIAN_POINT('',(2.597809016712,-14.74493987066,
    3.659614487736));
#8472 = CARTESIAN_POINT('',(2.597640486191,-14.74283103517,
    3.658500306491));
#8473 = CARTESIAN_POINT('',(2.597470098794,-14.740722439,3.657386543767)
  );
#8474 = CARTESIAN_POINT('',(2.59729785485,-14.7386140826,3.656273199668)
  );
#8475 = CARTESIAN_POINT('',(2.597123754607,-14.73650596637,3.65516027423
    ));
#8476 = CARTESIAN_POINT('',(2.596947798407,-14.73439809076,3.65404776756
    ));
#8477 = CARTESIAN_POINT('',(2.596769986503,-14.7322904562,3.652935679704
    ));
#8478 = CARTESIAN_POINT('',(2.596590319218,-14.7301830631,3.65182401075)
  );
#8479 = CARTESIAN_POINT('',(2.596408796829,-14.72807591191,
    3.650712760763));
#8480 = CARTESIAN_POINT('',(2.595858665252,-14.72175518534,
    3.647380267927));
#8481 = CARTESIAN_POINT('',(2.595484491426,-14.71754233319,3.64516028021
    ));
#8482 = CARTESIAN_POINT('',(2.595102900553,-14.71333045405,
    3.642941969378));
#8483 = CARTESIAN_POINT('',(2.594713895016,-14.70911955537,
    3.640725338137));
#8484 = CARTESIAN_POINT('',(2.594317477222,-14.70490964463,
    3.638510389202));
#8485 = CARTESIAN_POINT('',(2.593913649537,-14.70070072925,
    3.636297125275));
#8486 = CARTESIAN_POINT('',(2.593502414385,-14.69649281672,
    3.634085549075));
#8487 = CARTESIAN_POINT('',(2.593083774123,-14.69228591444,
    3.631875663301));
#8488 = CARTESIAN_POINT('',(2.592657731172,-14.68808002993,
    3.629667470672));
#8489 = CARTESIAN_POINT('',(2.592224287902,-14.68387517059,
    3.627460973891));
#8490 = CARTESIAN_POINT('',(2.591783446716,-14.6796713439,3.625256175671
    ));
#8491 = CARTESIAN_POINT('',(2.59133521,-14.67546855731,3.623053078721));
#8492 = CARTESIAN_POINT('',(2.58748172875,-14.6399324253,3.604434837427)
  );
#8493 = CARTESIAN_POINT('',(2.583672719091,-14.60865613874,
    3.588113012902));
#8494 = CARTESIAN_POINT('',(2.579453586986,-14.57744222144,
    3.571887742874));
#8495 = CARTESIAN_POINT('',(2.574825368265,-14.5462949362,3.555760558034
    ));
#8496 = CARTESIAN_POINT('',(2.569789098726,-14.51521854588,
    3.539732989092));
#8497 = CARTESIAN_POINT('',(2.564345814223,-14.48421731327,
    3.523806566726));
#8498 = CARTESIAN_POINT('',(2.55849655053,-14.45329550125,3.507982821657
    ));
#8499 = CARTESIAN_POINT('',(2.552242343516,-14.42245737259,
    3.492263284557));
#8500 = CARTESIAN_POINT('',(2.545584228955,-14.39170719018,
    3.476649486146));
#8501 = CARTESIAN_POINT('',(2.538523242701,-14.3610492168,3.461142957105
    ));
#8502 = CARTESIAN_POINT('',(2.531060420552,-14.3304877153,3.44574522814)
  );
#8503 = CARTESIAN_POINT('',(2.523196798339,-14.3000269485,3.430457829945
    ));
#8504 = CARTESIAN_POINT('',(2.504453892265,-14.23117438611,
    3.396036874229));
#8505 = CARTESIAN_POINT('',(2.493330545612,-14.19284614405,
    3.376971501689));
#8506 = CARTESIAN_POINT('',(2.481566122431,-14.15469616016,
    3.358088985034));
#8507 = CARTESIAN_POINT('',(2.469163373252,-14.11673414149,
    3.339392133695));
#8508 = CARTESIAN_POINT('',(2.456125048571,-14.07896979512,3.32088375711
    ));
#8509 = CARTESIAN_POINT('',(2.442453898945,-14.04141282811,
    3.302566664709));
#8510 = CARTESIAN_POINT('',(2.428152674839,-14.00407294754,
    3.284443665932));
#8511 = CARTESIAN_POINT('',(2.413224126834,-13.96695986046,
    3.266517570206));
#8512 = CARTESIAN_POINT('',(2.397671005391,-13.93008327396,
    3.248791186972));
#8513 = CARTESIAN_POINT('',(2.381496061072,-13.89345289511,3.23126732566
    ));
#8514 = CARTESIAN_POINT('',(2.364702044368,-13.85707843096,
    3.213948795707));
#8515 = CARTESIAN_POINT('',(2.347291705813,-13.8209695886,3.196838406545
    ));
#8516 = CARTESIAN_POINT('',(2.282481233633,-13.6921192479,3.136071313088
    ));
#8517 = CARTESIAN_POINT('',(2.231574901438,-13.60095261784,
    3.093621872899));
#8518 = CARTESIAN_POINT('',(2.176602847946,-13.51182779008,
    3.052638254611));
#8519 = CARTESIAN_POINT('',(2.117631921486,-13.42493491095,
    3.013165629422));
#8520 = CARTESIAN_POINT('',(2.054741770091,-13.34046266794,
    2.975246732156));
#8521 = CARTESIAN_POINT('',(1.988024841511,-13.25859828969,
    2.938921861271));
#8522 = CARTESIAN_POINT('',(1.9175863832,-13.179527546,2.904228878852));
#8523 = CARTESIAN_POINT('',(1.84354444233,-13.10343474783,2.871203210613
    ));
#8524 = CARTESIAN_POINT('',(1.766029865775,-13.0305027473,2.839877845899
    ));
#8525 = CARTESIAN_POINT('',(1.685186300128,-12.96091293769,
    2.810283337685));
#8526 = CARTESIAN_POINT('',(1.601170191687,-12.89484525344,
    2.782447802573));
#8527 = CARTESIAN_POINT('',(1.514150786463,-12.83247817013,
    2.756396920797));
#8528 = CARTESIAN_POINT('',(1.295626576548,-12.69021112994,
    2.697429419115));
#8529 = CARTESIAN_POINT('',(1.161278790116,-12.61436323265,2.66641363251
    ));
#8530 = CARTESIAN_POINT('',(1.021313209733,-12.54689660836,
    2.639158984331));
#8531 = CARTESIAN_POINT('',(0.876955565502,-12.48833124703,
    2.615755095831));
#8532 = CARTESIAN_POINT('',(0.728971804737,-12.43902971171,
    2.596235530007));
#8533 = CARTESIAN_POINT('',(0.577619231251,-12.39923753456,
    2.580597635217));
#8534 = CARTESIAN_POINT('',(0.423185306825,-12.36919025322,2.56885145519
    ));
#8535 = CARTESIAN_POINT('',(0.266439122681,-12.34916298826,
    2.561045094916));
#8536 = CARTESIAN_POINT('',(0.10864810802,-12.33941394087,2.557245370159
    ));
#8537 = CARTESIAN_POINT('',(-4.885989858692E-02,-12.34004866744,
    2.557484006586));
#8538 = CARTESIAN_POINT('',(-0.205281529694,-12.35090746622,
    2.561711092792));
#8539 = CARTESIAN_POINT('',(-0.360434477497,-12.37165368861,
    2.569828929725));
#8540 = CARTESIAN_POINT('',(-0.77731706517,-12.45521791212,
    2.602755610264));
#8541 = CARTESIAN_POINT('',(-1.034762120861,-12.53746173321,
    2.63533240018));
#8542 = CARTESIAN_POINT('',(-1.281757333336,-12.64807473096,
    2.679543246345));
#8543 = CARTESIAN_POINT('',(-1.514588563361,-12.78536313204,
    2.735223639028));
#8544 = CARTESIAN_POINT('',(-1.729969130153,-12.94705729038,
    2.802121422926));
#8545 = CARTESIAN_POINT('',(-1.925139655062,-13.13047290859,
    2.879883678463));
#8546 = CARTESIAN_POINT('',(-2.097910574353,-13.33267756757,
    2.968051366175));
#8547 = CARTESIAN_POINT('',(-2.24665092438,-13.55065155359,
    3.066061499565));
#8548 = CARTESIAN_POINT('',(-2.370227001156,-13.78143197142,
    3.173256611565));
#8549 = CARTESIAN_POINT('',(-2.467894497706,-14.02222913269,
    3.288901280015));
#8550 = CARTESIAN_POINT('',(-2.539147721317,-14.27050420849,
    3.41220547732));
#8551 = CARTESIAN_POINT('',(-2.58352949381,-14.5239971349,3.542354509633
    ));
#8552 = CARTESIAN_POINT('',(-2.600405337268,-14.7806937607,
    3.678545310794));
#8553 = DEFINITIONAL_REPRESENTATION('',(#8554),#8587);
#8554 = B_SPLINE_CURVE_WITH_KNOTS('',7,(#8555,#8556,#8557,#8558,#8559,
    #8560,#8561,#8562,#8563,#8564,#8565,#8566,#8567,#8568,#8569,#8570,
    #8571,#8572,#8573,#8574,#8575,#8576,#8577,#8578,#8579,#8580,#8581,
    #8582,#8583,#8584,#8585,#8586),.UNSPECIFIED.,.F.,.F.,(8,6,6,6,6,8),(
    0.,0.173027248421,0.400191488967,0.640900231061,0.815669052665,1.),
  .UNSPECIFIED.);
#8555 = CARTESIAN_POINT('',(0.,8.606643269536));
#8556 = CARTESIAN_POINT('',(0.240622483696,8.606908967909));
#8557 = CARTESIAN_POINT('',(0.48112346987,8.604025176938));
#8558 = CARTESIAN_POINT('',(0.721348160328,8.597683295626));
#8559 = CARTESIAN_POINT('',(0.961122448322,8.587582209537));
#8560 = CARTESIAN_POINT('',(1.200254528064,8.573458410089));
#8561 = CARTESIAN_POINT('',(1.438535226823,8.555115557336));
#8562 = CARTESIAN_POINT('',(1.987154912585,8.502700876639));
#8563 = CARTESIAN_POINT('',(2.296766250505,8.465497989032));
#8564 = CARTESIAN_POINT('',(2.604029198261,8.420614712617));
#8565 = CARTESIAN_POINT('',(2.908585321563,8.368075171484));
#8566 = CARTESIAN_POINT('',(3.21024527997,8.308197018069));
#8567 = CARTESIAN_POINT('',(3.508931153341,8.241464481987));
#8568 = CARTESIAN_POINT('',(4.117984355928,8.091000229062));
#8569 = CARTESIAN_POINT('',(4.427996336838,8.006489559583));
#8570 = CARTESIAN_POINT('',(4.734816529995,7.915478017533));
#8571 = CARTESIAN_POINT('',(5.038633306677,7.818616500415));
#8572 = CARTESIAN_POINT('',(5.339623088798,7.716476944009));
#8573 = CARTESIAN_POINT('',(5.63791757884,7.609471536956));
#8574 = CARTESIAN_POINT('',(6.148282863702,7.416756504958));
#8575 = CARTESIAN_POINT('',(6.361565994853,7.333251442679));
#8576 = CARTESIAN_POINT('',(6.57347318378,7.24739443453));
#8577 = CARTESIAN_POINT('',(6.783981867778,7.159229523087));
#8578 = CARTESIAN_POINT('',(6.993022957182,7.068753709608));
#8579 = CARTESIAN_POINT('',(7.200474893045,6.975905758363));
#8580 = CARTESIAN_POINT('',(7.623082057158,6.779969869147));
#8581 = CARTESIAN_POINT('',(7.837983606473,6.676624738641));
#8582 = CARTESIAN_POINT('',(8.050692174743,6.570324210508));
#8583 = CARTESIAN_POINT('',(8.2608815083,6.460820519581));
#8584 = CARTESIAN_POINT('',(8.468033601782,6.347769676058));
#8585 = CARTESIAN_POINT('',(8.67142665711,6.230714521902));
#8586 = CARTESIAN_POINT('',(8.869974604048,6.108884774585));
#8587 = ( GEOMETRIC_REPRESENTATION_CONTEXT(2) 
PARAMETRIC_REPRESENTATION_CONTEXT() REPRESENTATION_CONTEXT('2D SPACE',''
  ) );
#8588 = ORIENTED_EDGE('',*,*,#8589,.F.);
#8589 = EDGE_CURVE('',#8590,#8077,#8592,.T.);
#8590 = VERTEX_POINT('',#8591);
#8591 = CARTESIAN_POINT('',(-2.5,-15.,2.759360248912));
#8592 = SURFACE_CURVE('',#8593,(#8597,#8604),.PCURVE_S1.);
#8593 = LINE('',#8594,#8595);
#8594 = CARTESIAN_POINT('',(-2.5,-15.,2.759360248912));
#8595 = VECTOR('',#8596,1.);
#8596 = DIRECTION('',(-0.999999999999,1.582376137413E-06,0.));
#8597 = PCURVE('',#6125,#8598);
#8598 = DEFINITIONAL_REPRESENTATION('',(#8599),#8603);
#8599 = LINE('',#8600,#8601);
#8600 = CARTESIAN_POINT('',(-2.5,9.947598300641E-14));
#8601 = VECTOR('',#8602,1.);
#8602 = DIRECTION('',(-0.999999999999,1.582376137413E-06));
#8603 = ( GEOMETRIC_REPRESENTATION_CONTEXT(2) 
PARAMETRIC_REPRESENTATION_CONTEXT() REPRESENTATION_CONTEXT('2D SPACE',''
  ) );
#8604 = PCURVE('',#7913,#8605);
#8605 = DEFINITIONAL_REPRESENTATION('',(#8606),#8610);
#8606 = LINE('',#8607,#8608);
#8607 = CARTESIAN_POINT('',(0.969616601247,2.5));
#8608 = VECTOR('',#8609,1.);
#8609 = DIRECTION('',(0.,1.));
#8610 = ( GEOMETRIC_REPRESENTATION_CONTEXT(2) 
PARAMETRIC_REPRESENTATION_CONTEXT() REPRESENTATION_CONTEXT('2D SPACE',''
  ) );
#8611 = ORIENTED_EDGE('',*,*,#8612,.F.);
#8612 = EDGE_CURVE('',#5921,#8590,#8613,.T.);
#8613 = SURFACE_CURVE('',#8614,(#8625,#8639),.PCURVE_S1.);
#8614 = B_SPLINE_CURVE_WITH_KNOTS('',9,(#8615,#8616,#8617,#8618,#8619,
    #8620,#8621,#8622,#8623,#8624),.UNSPECIFIED.,.F.,.F.,(10,10),(0.,1.)
  ,.PIECEWISE_BEZIER_KNOTS.);
#8615 = CARTESIAN_POINT('',(-1.17882974603,-14.07244384004,
    2.759360248912));
#8616 = CARTESIAN_POINT('',(-1.293982002079,-14.21879067122,
    2.759360248912));
#8617 = CARTESIAN_POINT('',(-1.407811432874,-14.36618407361,
    2.759360248912));
#8618 = CARTESIAN_POINT('',(-1.525522566036,-14.51047126644,
    2.759360248912));
#8619 = CARTESIAN_POINT('',(-1.652578311092,-14.64776547447,
    2.759360248912));
#8620 = CARTESIAN_POINT('',(-1.793484200014,-14.77309087574,
    2.759360248912));
#8621 = CARTESIAN_POINT('',(-1.951815132493,-14.88007391564,
    2.759360248912));
#8622 = CARTESIAN_POINT('',(-2.127565195173,-14.95865998253,
    2.759360248912));
#8623 = CARTESIAN_POINT('',(-2.313780434993,-15.,2.759360248912));
#8624 = CARTESIAN_POINT('',(-2.5,-15.,2.759360248912));
#8625 = PCURVE('',#6125,#8626);
#8626 = DEFINITIONAL_REPRESENTATION('',(#8627),#8638);
#8627 = B_SPLINE_CURVE_WITH_KNOTS('',9,(#8628,#8629,#8630,#8631,#8632,
    #8633,#8634,#8635,#8636,#8637),.UNSPECIFIED.,.F.,.F.,(10,10),(0.,1.)
  ,.PIECEWISE_BEZIER_KNOTS.);
#8628 = CARTESIAN_POINT('',(-1.17882974603,0.927556159958));
#8629 = CARTESIAN_POINT('',(-1.293982002079,0.781209328775));
#8630 = CARTESIAN_POINT('',(-1.407811432874,0.633815926386));
#8631 = CARTESIAN_POINT('',(-1.525522566036,0.48952873356));
#8632 = CARTESIAN_POINT('',(-1.652578311092,0.352234525525));
#8633 = CARTESIAN_POINT('',(-1.793484200014,0.226909124255));
#8634 = CARTESIAN_POINT('',(-1.951815132493,0.119926084356));
#8635 = CARTESIAN_POINT('',(-2.127565195173,4.134001746529E-02));
#8636 = CARTESIAN_POINT('',(-2.313780434993,9.956323831608E-14));
#8637 = CARTESIAN_POINT('',(-2.5,9.954043299666E-14));
#8638 = ( GEOMETRIC_REPRESENTATION_CONTEXT(2) 
PARAMETRIC_REPRESENTATION_CONTEXT() REPRESENTATION_CONTEXT('2D SPACE',''
  ) );
#8639 = PCURVE('',#5950,#8640);
#8640 = DEFINITIONAL_REPRESENTATION('',(#8641),#8704);
#8641 = B_SPLINE_CURVE_WITH_KNOTS('',11,(#8642,#8643,#8644,#8645,#8646,
    #8647,#8648,#8649,#8650,#8651,#8652,#8653,#8654,#8655,#8656,#8657,
    #8658,#8659,#8660,#8661,#8662,#8663,#8664,#8665,#8666,#8667,#8668,
    #8669,#8670,#8671,#8672,#8673,#8674,#8675,#8676,#8677,#8678,#8679,
    #8680,#8681,#8682,#8683,#8684,#8685,#8686,#8687,#8688,#8689,#8690,
    #8691,#8692,#8693,#8694,#8695,#8696,#8697,#8698,#8699,#8700,#8701,
    #8702,#8703),.UNSPECIFIED.,.F.,.F.,(12,10,10,10,10,10,12),(0.,0.125,
    0.25,0.5,0.75,0.875,1.),.UNSPECIFIED.);
#8642 = CARTESIAN_POINT('',(0.191087668752,0.606691913602));
#8643 = CARTESIAN_POINT('',(0.193678168421,0.592232373516));
#8644 = CARTESIAN_POINT('',(0.196314121297,0.577572607485));
#8645 = CARTESIAN_POINT('',(0.199384660087,0.560716945624));
#8646 = CARTESIAN_POINT('',(0.200692089541,0.554198502289));
#8647 = CARTESIAN_POINT('',(0.204087604034,0.535494325704));
#8648 = CARTESIAN_POINT('',(0.206500033719,0.52396223056));
#8649 = CARTESIAN_POINT('',(0.208725788158,0.512346445069));
#8650 = CARTESIAN_POINT('',(0.211506726153,0.498784628144));
#8651 = CARTESIAN_POINT('',(0.213968201874,0.48686768378));
#8652 = CARTESIAN_POINT('',(0.216543593846,0.474619666522));
#8653 = CARTESIAN_POINT('',(0.221685153117,0.450530583025));
#8654 = CARTESIAN_POINT('',(0.224266633118,0.438618113055));
#8655 = CARTESIAN_POINT('',(0.226857066795,0.426823215911));
#8656 = CARTESIAN_POINT('',(0.229455164692,0.415132514351));
#8657 = CARTESIAN_POINT('',(0.232060094586,0.403533752833));
#8658 = CARTESIAN_POINT('',(0.234671481491,0.392015797528));
#8659 = CARTESIAN_POINT('',(0.237289407656,0.380568636308));
#8660 = CARTESIAN_POINT('',(0.239914412563,0.369183378756));
#8661 = CARTESIAN_POINT('',(0.24254749293,0.357852256156));
#8662 = CARTESIAN_POINT('',(0.245190102709,0.346568621503));
#8663 = CARTESIAN_POINT('',(0.253152253845,0.312843605479));
#8664 = CARTESIAN_POINT('',(0.258519577997,0.290507889632));
#8665 = CARTESIAN_POINT('',(0.263947079364,0.268300782762));
#8666 = CARTESIAN_POINT('',(0.269465617842,0.246175802502));
#8667 = CARTESIAN_POINT('',(0.275135058971,0.224075911806));
#8668 = CARTESIAN_POINT('',(0.281043373497,0.201950427442));
#8669 = CARTESIAN_POINT('',(0.287305736938,0.179771928491));
#8670 = CARTESIAN_POINT('',(0.294063629149,0.157553164837));
#8671 = CARTESIAN_POINT('',(0.301483933888,0.13536396567));
#8672 = CARTESIAN_POINT('',(0.309758038379,0.113348147975));
#8673 = CARTESIAN_POINT('',(0.328443827381,7.013270209037E-02));
#8674 = CARTESIAN_POINT('',(0.338781703959,4.892522443134E-02));
#8675 = CARTESIAN_POINT('',(0.350395047805,2.84188337974E-02));
#8676 = CARTESIAN_POINT('',(0.363261626932,8.965900991972E-03));
#8677 = CARTESIAN_POINT('',(0.377181142017,-9.129822109369E-03));
#8678 = CARTESIAN_POINT('',(0.391875135421,-2.567462873002E-02));
#8679 = CARTESIAN_POINT('',(0.407062159365,-4.060756154423E-02));
#8680 = CARTESIAN_POINT('',(0.42250820329,-5.39843952109E-02));
#8681 = CARTESIAN_POINT('',(0.438052380369,-6.592289708803E-02));
#8682 = CARTESIAN_POINT('',(0.453607873202,-7.650936612887E-02));
#8683 = CARTESIAN_POINT('',(0.476903271391,-9.02449918744E-02));
#8684 = CARTESIAN_POINT('',(0.484658055326,-9.447483026904E-02));
#8685 = CARTESIAN_POINT('',(0.492395290563,-9.83579109592E-02));
#8686 = CARTESIAN_POINT('',(0.500108673727,-0.10189529532));
#8687 = CARTESIAN_POINT('',(0.507792797973,-0.105087160288));
#8688 = CARTESIAN_POINT('',(0.515443152983,-0.107932798357));
#8689 = CARTESIAN_POINT('',(0.523056124967,-0.110430617581));
#8690 = CARTESIAN_POINT('',(0.530628996664,-0.112578141576));
#8691 = CARTESIAN_POINT('',(0.538159947341,-0.114372009515));
#8692 = CARTESIAN_POINT('',(0.545648052794,-0.115807976132));
#8693 = CARTESIAN_POINT('',(0.560538517901,-0.117953847307));
#8694 = CARTESIAN_POINT('',(0.567978094823,-0.118649382686));
#8695 = CARTESIAN_POINT('',(0.57526982779,-0.119017554807));
#8696 = CARTESIAN_POINT('',(0.582561410489,-0.118998088887));
#8697 = CARTESIAN_POINT('',(0.589905003794,-0.118564865051));
#8698 = CARTESIAN_POINT('',(0.597205749771,-0.117746668248));
#8699 = CARTESIAN_POINT('',(0.604352342236,-0.116579981831));
#8700 = CARTESIAN_POINT('',(0.6113777815,-0.115049585135));
#8701 = CARTESIAN_POINT('',(0.618498441047,-0.113072715417));
#8702 = CARTESIAN_POINT('',(0.625879573781,-0.110582554513));
#8703 = CARTESIAN_POINT('',(0.63297538558,-0.107766800566));
#8704 = ( GEOMETRIC_REPRESENTATION_CONTEXT(2) 
PARAMETRIC_REPRESENTATION_CONTEXT() REPRESENTATION_CONTEXT('2D SPACE',''
  ) );
#8705 = ORIENTED_EDGE('',*,*,#6110,.F.);
#8706 = ORIENTED_EDGE('',*,*,#7793,.T.);
#8707 = ORIENTED_EDGE('',*,*,#8708,.F.);
#8708 = EDGE_CURVE('',#8709,#7794,#8711,.T.);
#8709 = VERTEX_POINT('',#8710);
#8710 = CARTESIAN_POINT('',(3.586871641597,-14.99999997539,
    2.759360248912));
#8711 = SURFACE_CURVE('',#8712,(#8716,#8723),.PCURVE_S1.);
#8712 = LINE('',#8713,#8714);
#8713 = CARTESIAN_POINT('',(3.586871641597,-14.99999997539,
    2.759360248912));
#8714 = VECTOR('',#8715,1.);
#8715 = DIRECTION('',(-1.,-2.264017772553E-08,0.));
#8716 = PCURVE('',#6125,#8717);
#8717 = DEFINITIONAL_REPRESENTATION('',(#8718),#8722);
#8718 = LINE('',#8719,#8720);
#8719 = CARTESIAN_POINT('',(3.586871641597,2.460706660656E-08));
#8720 = VECTOR('',#8721,1.);
#8721 = DIRECTION('',(-1.,-2.264017772553E-08));
#8722 = ( GEOMETRIC_REPRESENTATION_CONTEXT(2) 
PARAMETRIC_REPRESENTATION_CONTEXT() REPRESENTATION_CONTEXT('2D SPACE',''
  ) );
#8723 = PCURVE('',#7913,#8724);
#8724 = DEFINITIONAL_REPRESENTATION('',(#8725),#8729);
#8725 = LINE('',#8726,#8727);
#8726 = CARTESIAN_POINT('',(0.969616601247,-3.586871641596));
#8727 = VECTOR('',#8728,1.);
#8728 = DIRECTION('',(-0.,1.));
#8729 = ( GEOMETRIC_REPRESENTATION_CONTEXT(2) 
PARAMETRIC_REPRESENTATION_CONTEXT() REPRESENTATION_CONTEXT('2D SPACE',''
  ) );
#8730 = ORIENTED_EDGE('',*,*,#8731,.T.);
#8731 = EDGE_CURVE('',#8709,#8045,#8732,.T.);
#8732 = SURFACE_CURVE('',#8733,(#8772,#8814),.PCURVE_S1.);
#8733 = B_SPLINE_CURVE_WITH_KNOTS('',7,(#8734,#8735,#8736,#8737,#8738,
    #8739,#8740,#8741,#8742,#8743,#8744,#8745,#8746,#8747,#8748,#8749,
    #8750,#8751,#8752,#8753,#8754,#8755,#8756,#8757,#8758,#8759,#8760,
    #8761,#8762,#8763,#8764,#8765,#8766,#8767,#8768,#8769,#8770,#8771),
  .UNSPECIFIED.,.F.,.F.,(8,6,6,6,6,6,8),(0.,0.173010364478,0.39918766219
    ,0.578371774182,0.639832365824,0.814566947207,1.),.UNSPECIFIED.);
#8734 = CARTESIAN_POINT('',(3.586871641597,-14.99999997539,
    2.759360248912));
#8735 = CARTESIAN_POINT('',(3.550081190235,-14.99999997671,
    2.759360248912));
#8736 = CARTESIAN_POINT('',(3.512368711386,-14.99555553873,
    2.759360248912));
#8737 = CARTESIAN_POINT('',(3.473860695929,-14.98640621073,
    2.759360248912));
#8738 = CARTESIAN_POINT('',(3.434693521007,-14.97234513626,
    2.759360248912));
#8739 = CARTESIAN_POINT('',(3.394998130031,-14.95325922851,
    2.759360248912));
#8740 = CARTESIAN_POINT('',(3.354886661284,-14.92915457605,
    2.759360248912));
#8741 = CARTESIAN_POINT('',(3.261566246641,-14.86227158195,
    2.759360248912));
#8742 = CARTESIAN_POINT('',(3.208111642526,-14.81602437332,
    2.759360248912));
#8743 = CARTESIAN_POINT('',(3.154265030708,-14.76172504649,
    2.759360248912));
#8744 = CARTESIAN_POINT('',(3.100093246369,-14.70001797457,
    2.759360248912));
#8745 = CARTESIAN_POINT('',(3.045503830202,-14.63184414995,
    2.759360248912));
#8746 = CARTESIAN_POINT('',(2.990306473315,-14.55822307979,
    2.759360248912));
#8747 = CARTESIAN_POINT('',(2.889831801669,-14.41828264559,
    2.759360248912));
#8748 = CARTESIAN_POINT('',(2.844872919509,-14.35361913304,
    2.759360248912));
#8749 = CARTESIAN_POINT('',(2.799224312529,-14.28662469677,
    2.759360248912));
#8750 = CARTESIAN_POINT('',(2.752746776222,-14.21778000086,
    2.759360248912));
#8751 = CARTESIAN_POINT('',(2.70526226273,-14.14750028898,2.759360248912
    ));
#8752 = CARTESIAN_POINT('',(2.656603627038,-14.07615917272,
    2.759360248912));
#8753 = CARTESIAN_POINT('',(2.589416333231,-13.97934026998,
    2.759360248912));
#8754 = CARTESIAN_POINT('',(2.572096175577,-13.95452476853,
    2.759360248912));
#8755 = CARTESIAN_POINT('',(2.554605962978,-13.92963412515,
    2.759360248912));
#8756 = CARTESIAN_POINT('',(2.536942969393,-13.90468029671,
    2.759360248912));
#8757 = CARTESIAN_POINT('',(2.519091570814,-13.8796751568,2.759360248912
    ));
#8758 = CARTESIAN_POINT('',(2.501049290549,-13.85462875218,
    2.759360248912));
#8759 = CARTESIAN_POINT('',(2.430947149705,-13.75825895546,
    2.759360248912));
#8760 = CARTESIAN_POINT('',(2.377477350899,-13.68672447244,
    2.759360248912));
#8761 = CARTESIAN_POINT('',(2.322209426974,-13.61519030237,
    2.759360248912));
#8762 = CARTESIAN_POINT('',(2.264946043601,-13.54386574451,
    2.759360248912));
#8763 = CARTESIAN_POINT('',(2.205477480687,-13.4729333314,2.759360248912
    ));
#8764 = CARTESIAN_POINT('',(2.143567894201,-13.40255662343,
    2.759360248912));
#8765 = CARTESIAN_POINT('',(2.010338660213,-13.25895868252,
    2.759360248912));
#8766 = CARTESIAN_POINT('',(1.938692449977,-13.18584591229,
    2.759360248912));
#8767 = CARTESIAN_POINT('',(1.863636652609,-13.1137180345,2.759360248912
    ));
#8768 = CARTESIAN_POINT('',(1.784775928468,-13.04275786026,
    2.759360248912));
#8769 = CARTESIAN_POINT('',(1.701637136137,-12.97318398403,
    2.759360248912));
#8770 = CARTESIAN_POINT('',(1.613652510664,-12.90525733679,
    2.759360248912));
#8771 = CARTESIAN_POINT('',(1.519971906856,-12.83934613898,
    2.759360248912));
#8772 = PCURVE('',#6125,#8773);
#8773 = DEFINITIONAL_REPRESENTATION('',(#8774),#8813);
#8774 = B_SPLINE_CURVE_WITH_KNOTS('',7,(#8775,#8776,#8777,#8778,#8779,
    #8780,#8781,#8782,#8783,#8784,#8785,#8786,#8787,#8788,#8789,#8790,
    #8791,#8792,#8793,#8794,#8795,#8796,#8797,#8798,#8799,#8800,#8801,
    #8802,#8803,#8804,#8805,#8806,#8807,#8808,#8809,#8810,#8811,#8812),
  .UNSPECIFIED.,.F.,.F.,(8,6,6,6,6,6,8),(0.,0.173010364478,0.39918766219
    ,0.578371774182,0.639832365824,0.814566947207,1.),.UNSPECIFIED.);
#8775 = CARTESIAN_POINT('',(3.586871641597,2.460706660656E-08));
#8776 = CARTESIAN_POINT('',(3.550081190235,2.328867362958E-08));
#8777 = CARTESIAN_POINT('',(3.512368711386,4.444461262019E-03));
#8778 = CARTESIAN_POINT('',(3.473860695929,1.359378926716E-02));
#8779 = CARTESIAN_POINT('',(3.434693521007,2.765486373909E-02));
#8780 = CARTESIAN_POINT('',(3.394998130031,4.674077148775E-02));
#8781 = CARTESIAN_POINT('',(3.354886661284,7.084542394991E-02));
#8782 = CARTESIAN_POINT('',(3.261566246641,0.137728418042));
#8783 = CARTESIAN_POINT('',(3.208111642526,0.183975626677));
#8784 = CARTESIAN_POINT('',(3.154265030708,0.238274953505));
#8785 = CARTESIAN_POINT('',(3.100093246369,0.299982025422));
#8786 = CARTESIAN_POINT('',(3.045503830202,0.368155850041));
#8787 = CARTESIAN_POINT('',(2.990306473315,0.441776920207));
#8788 = CARTESIAN_POINT('',(2.889831801669,0.581717354407));
#8789 = CARTESIAN_POINT('',(2.844872919509,0.64638086696));
#8790 = CARTESIAN_POINT('',(2.799224312529,0.713375303224));
#8791 = CARTESIAN_POINT('',(2.752746776222,0.782219999135));
#8792 = CARTESIAN_POINT('',(2.70526226273,0.852499711013));
#8793 = CARTESIAN_POINT('',(2.656603627038,0.923840827274));
#8794 = CARTESIAN_POINT('',(2.589416333231,1.020659730011));
#8795 = CARTESIAN_POINT('',(2.572096175577,1.045475231464));
#8796 = CARTESIAN_POINT('',(2.554605962978,1.070365874848));
#8797 = CARTESIAN_POINT('',(2.536942969393,1.095319703283));
#8798 = CARTESIAN_POINT('',(2.519091570814,1.120324843198));
#8799 = CARTESIAN_POINT('',(2.501049290549,1.145371247815));
#8800 = CARTESIAN_POINT('',(2.430947149705,1.241741044533));
#8801 = CARTESIAN_POINT('',(2.377477350899,1.313275527554));
#8802 = CARTESIAN_POINT('',(2.322209426974,1.384809697629));
#8803 = CARTESIAN_POINT('',(2.264946043601,1.456134255484));
#8804 = CARTESIAN_POINT('',(2.205477480687,1.5270666686));
#8805 = CARTESIAN_POINT('',(2.143567894201,1.597443376564));
#8806 = CARTESIAN_POINT('',(2.010338660213,1.741041317477));
#8807 = CARTESIAN_POINT('',(1.938692449977,1.814154087704));
#8808 = CARTESIAN_POINT('',(1.863636652609,1.8862819655));
#8809 = CARTESIAN_POINT('',(1.784775928468,1.957242139733));
#8810 = CARTESIAN_POINT('',(1.701637136138,2.026816015967));
#8811 = CARTESIAN_POINT('',(1.613652510664,2.094742663205));
#8812 = CARTESIAN_POINT('',(1.519971906856,2.160653861014));
#8813 = ( GEOMETRIC_REPRESENTATION_CONTEXT(2) 
PARAMETRIC_REPRESENTATION_CONTEXT() REPRESENTATION_CONTEXT('2D SPACE',''
  ) );
#8814 = PCURVE('',#8150,#8815);
#8815 = DEFINITIONAL_REPRESENTATION('',(#8816),#8855);
#8816 = B_SPLINE_CURVE_WITH_KNOTS('',7,(#8817,#8818,#8819,#8820,#8821,
    #8822,#8823,#8824,#8825,#8826,#8827,#8828,#8829,#8830,#8831,#8832,
    #8833,#8834,#8835,#8836,#8837,#8838,#8839,#8840,#8841,#8842,#8843,
    #8844,#8845,#8846,#8847,#8848,#8849,#8850,#8851,#8852,#8853,#8854),
  .UNSPECIFIED.,.F.,.F.,(8,6,6,6,6,6,8),(0.,0.173010364478,0.39918766219
    ,0.578371774182,0.639832365824,0.814566947207,1.),.UNSPECIFIED.);
#8817 = CARTESIAN_POINT('',(0.,8.952487583574E-03));
#8818 = CARTESIAN_POINT('',(0.240623129668,8.687112193764E-03));
#8819 = CARTESIAN_POINT('',(0.48112480142,1.157541518274E-02));
#8820 = CARTESIAN_POINT('',(0.721350072356,1.792645630741E-02));
#8821 = CARTESIAN_POINT('',(0.961124632835,2.804189974164E-02));
#8822 = CARTESIAN_POINT('',(1.200256415972,4.218580466512E-02));
#8823 = CARTESIAN_POINT('',(1.438535947377,6.055490914765E-02));
#8824 = CARTESIAN_POINT('',(1.985827488432,0.112918036067));
#8825 = CARTESIAN_POINT('',(2.294125974987,0.149984318467));
#8826 = CARTESIAN_POINT('',(2.600095725899,0.19467555988));
#8827 = CARTESIAN_POINT('',(2.903381913353,0.246968288394));
#8828 = CARTESIAN_POINT('',(3.203796410432,0.306549434811));
#8829 = CARTESIAN_POINT('',(3.501260737175,0.372941570769));
#8830 = CARTESIAN_POINT('',(4.029088734969,0.503197700897));
#8831 = CARTESIAN_POINT('',(4.260572685977,0.564725620211));
#8832 = CARTESIAN_POINT('',(4.490260447042,0.629956831403));
#8833 = CARTESIAN_POINT('',(4.71822583491,0.698619758135));
#8834 = CARTESIAN_POINT('',(4.944537866962,0.770466474433));
#8835 = CARTESIAN_POINT('',(5.169270918351,0.84528126758));
#8836 = CARTESIAN_POINT('',(5.469051199328,0.949528011545));
#8837 = CARTESIAN_POINT('',(5.545435909229,0.976482483044));
#8838 = CARTESIAN_POINT('',(5.621642786705,1.003760836927));
#8839 = CARTESIAN_POINT('',(5.697675598624,1.031355045881));
#8840 = CARTESIAN_POINT('',(5.773532505962,1.059262640449));
#8841 = CARTESIAN_POINT('',(5.849216580891,1.087476584244));
#8842 = CARTESIAN_POINT('',(6.139410867759,1.19706621653));
#8843 = CARTESIAN_POINT('',(6.352692160554,1.280582124736));
#8844 = CARTESIAN_POINT('',(6.564596687891,1.366452963969));
#8845 = CARTESIAN_POINT('',(6.775102879694,1.454634585439));
#8846 = CARTESIAN_POINT('',(6.984142902907,1.545128891593));
#8847 = CARTESIAN_POINT('',(7.19159670404,1.637995064112));
#8848 = CARTESIAN_POINT('',(7.615557314723,1.834583624815));
#8849 = CARTESIAN_POINT('',(7.831785163418,1.938596779111));
#8850 = CARTESIAN_POINT('',(8.045799603687,2.045596669924));
#8851 = CARTESIAN_POINT('',(8.257271287879,2.155832646629));
#8852 = CARTESIAN_POINT('',(8.465675148864,2.269652690441));
#8853 = CARTESIAN_POINT('',(8.670278063712,2.387521132881));
#8854 = CARTESIAN_POINT('',(8.869974604048,2.510225597872));
#8855 = ( GEOMETRIC_REPRESENTATION_CONTEXT(2) 
PARAMETRIC_REPRESENTATION_CONTEXT() REPRESENTATION_CONTEXT('2D SPACE',''
  ) );
#8856 = ADVANCED_FACE('',(#8857),#5950,.F.);
#8857 = FACE_BOUND('',#8858,.F.);
#8858 = EDGE_LOOP('',(#8859,#8860,#8914,#8915));
#8859 = ORIENTED_EDGE('',*,*,#7927,.F.);
#8860 = ORIENTED_EDGE('',*,*,#8861,.F.);
#8861 = EDGE_CURVE('',#8590,#7928,#8862,.T.);
#8862 = SURFACE_CURVE('',#8863,(#8866,#8908),.PCURVE_S1.);
#8863 = B_SPLINE_CURVE_WITH_KNOTS('',1,(#8864,#8865),.UNSPECIFIED.,.F.,
  .F.,(2,2),(0.,2.),.PIECEWISE_BEZIER_KNOTS.);
#8864 = CARTESIAN_POINT('',(-2.5,-15.,2.759360248912));
#8865 = CARTESIAN_POINT('',(-0.5,-15.,2.759360248912));
#8866 = PCURVE('',#5950,#8867);
#8867 = DEFINITIONAL_REPRESENTATION('',(#8868),#8907);
#8868 = B_SPLINE_CURVE_WITH_KNOTS('',10,(#8869,#8870,#8871,#8872,#8873,
    #8874,#8875,#8876,#8877,#8878,#8879,#8880,#8881,#8882,#8883,#8884,
    #8885,#8886,#8887,#8888,#8889,#8890,#8891,#8892,#8893,#8894,#8895,
    #8896,#8897,#8898,#8899,#8900,#8901,#8902,#8903,#8904,#8905,#8906),
  .UNSPECIFIED.,.F.,.F.,(11,9,9,9,11),(0.,1.,1.5,1.75,2.),
  .UNSPECIFIED.);
#8869 = CARTESIAN_POINT('',(0.63297538558,-0.107766800566));
#8870 = CARTESIAN_POINT('',(0.595717608225,-0.122551399792));
#8871 = CARTESIAN_POINT('',(0.554835868682,-0.136914108418));
#8872 = CARTESIAN_POINT('',(0.518800847604,-0.148162225428));
#8873 = CARTESIAN_POINT('',(0.466565829147,-0.162563672749));
#8874 = CARTESIAN_POINT('',(0.427165075909,-0.169986642361));
#8875 = CARTESIAN_POINT('',(0.375236223406,-0.185553232098));
#8876 = CARTESIAN_POINT('',(0.319082001288,-0.18791702666));
#8877 = CARTESIAN_POINT('',(0.265282133576,-0.212263874899));
#8878 = CARTESIAN_POINT('',(0.216944400272,-0.234688365475));
#8879 = CARTESIAN_POINT('',(0.148350323857,-0.2687983521));
#8880 = CARTESIAN_POINT('',(0.126221067661,-0.280092045911));
#8881 = CARTESIAN_POINT('',(0.104615779798,-0.29105201562));
#8882 = CARTESIAN_POINT('',(8.33681177507E-02,-0.301541895139));
#8883 = CARTESIAN_POINT('',(6.235250227226E-02,-0.311517974552));
#8884 = CARTESIAN_POINT('',(4.147975557873E-02,-0.321000800009));
#8885 = CARTESIAN_POINT('',(2.069273953341E-02,-0.33004677362));
#8886 = CARTESIAN_POINT('',(-3.800616626556E-05,-0.338719753341));
#8887 = CARTESIAN_POINT('',(-2.071862580202E-02,-0.347062652869));
#8888 = CARTESIAN_POINT('',(-5.164515127127E-02,-0.359072235865));
#8889 = CARTESIAN_POINT('',(-6.194020252781E-02,-0.362996490507));
#8890 = CARTESIAN_POINT('',(-7.222066034837E-02,-0.366846174503));
#8891 = CARTESIAN_POINT('',(-8.248572186351E-02,-0.3706256569));
#8892 = CARTESIAN_POINT('',(-9.273458420376E-02,-0.374339306742));
#8893 = CARTESIAN_POINT('',(-0.1029664445,-0.377991493073));
#8894 = CARTESIAN_POINT('',(-0.113180499882,-0.381586584939));
#8895 = CARTESIAN_POINT('',(-0.123375947481,-0.385128951386));
#8896 = CARTESIAN_POINT('',(-0.133551984427,-0.388622961457));
#8897 = CARTESIAN_POINT('',(-0.153863631276,-0.395523006938));
#8898 = CARTESIAN_POINT('',(-0.16447166429,-0.399080720955));
#8899 = CARTESIAN_POINT('',(-0.172260795306,-0.401696460138));
#8900 = CARTESIAN_POINT('',(-0.186949037086,-0.40650966031));
#8901 = CARTESIAN_POINT('',(-0.193648138314,-0.408714625417));
#8902 = CARTESIAN_POINT('',(-0.201353315472,-0.411228253569));
#8903 = CARTESIAN_POINT('',(-0.217488981902,-0.41644726707));
#8904 = CARTESIAN_POINT('',(-0.22465142036,-0.41874294639));
#8905 = CARTESIAN_POINT('',(-0.233305062096,-0.421524751001));
#8906 = CARTESIAN_POINT('',(-0.243250399657,-0.424710519873));
#8907 = ( GEOMETRIC_REPRESENTATION_CONTEXT(2) 
PARAMETRIC_REPRESENTATION_CONTEXT() REPRESENTATION_CONTEXT('2D SPACE',''
  ) );
#8908 = PCURVE('',#7913,#8909);
#8909 = DEFINITIONAL_REPRESENTATION('',(#8910),#8913);
#8910 = B_SPLINE_CURVE_WITH_KNOTS('',1,(#8911,#8912),.UNSPECIFIED.,.F.,
  .F.,(2,2),(0.,2.),.PIECEWISE_BEZIER_KNOTS.);
#8911 = CARTESIAN_POINT('',(0.969616601247,2.5));
#8912 = CARTESIAN_POINT('',(0.969616601247,0.5));
#8913 = ( GEOMETRIC_REPRESENTATION_CONTEXT(2) 
PARAMETRIC_REPRESENTATION_CONTEXT() REPRESENTATION_CONTEXT('2D SPACE',''
  ) );
#8914 = ORIENTED_EDGE('',*,*,#8612,.F.);
#8915 = ORIENTED_EDGE('',*,*,#5920,.F.);
#8916 = ADVANCED_FACE('',(#8917),#6159,.F.);
#8917 = FACE_BOUND('',#8918,.F.);
#8918 = EDGE_LOOP('',(#8919,#9079,#9080,#9237));
#8919 = ORIENTED_EDGE('',*,*,#8920,.F.);
#8920 = EDGE_CURVE('',#6141,#8921,#8923,.T.);
#8921 = VERTEX_POINT('',#8922);
#8922 = CARTESIAN_POINT('',(0.5,15.,2.759360248912));
#8923 = SURFACE_CURVE('',#8924,(#8932,#8941),.PCURVE_S1.);
#8924 = B_SPLINE_CURVE_WITH_KNOTS('',6,(#8925,#8926,#8927,#8928,#8929,
    #8930,#8931),.UNSPECIFIED.,.F.,.F.,(7,7),(0.,1.),
  .PIECEWISE_BEZIER_KNOTS.);
#8925 = CARTESIAN_POINT('',(1.514016752862,15.018952200578,
    1.774845626374));
#8926 = CARTESIAN_POINT('',(0.632397201358,15.023574861473,
    2.750660548537));
#8927 = CARTESIAN_POINT('',(0.616724369546,15.024054517393,
    2.752676647574));
#8928 = CARTESIAN_POINT('',(0.619543552566,15.003535473097,
    2.751536373017));
#8929 = CARTESIAN_POINT('',(0.590184423112,14.995930172403,
    2.757369201329));
#8930 = CARTESIAN_POINT('',(0.540587822553,14.989519102666,
    2.759278394181));
#8931 = CARTESIAN_POINT('',(0.499977840101,14.995587800498,2.75755519784
    ));
#8932 = PCURVE('',#6159,#8933);
#8933 = DEFINITIONAL_REPRESENTATION('',(#8934),#8940);
#8934 = B_SPLINE_CURVE_WITH_KNOTS('',4,(#8935,#8936,#8937,#8938,#8939),
  .UNSPECIFIED.,.F.,.F.,(5,5),(0.,1.),.PIECEWISE_BEZIER_KNOTS.);
#8935 = CARTESIAN_POINT('',(-0.666667901241,2.22044604925E-16));
#8936 = CARTESIAN_POINT('',(-0.61532821153,1.971146912997));
#8937 = CARTESIAN_POINT('',(-0.650439993714,1.278685984579));
#8938 = CARTESIAN_POINT('',(-0.690458854447,1.509606602026));
#8939 = CARTESIAN_POINT('',(-0.675492462286,1.570796326795));
#8940 = ( GEOMETRIC_REPRESENTATION_CONTEXT(2) 
PARAMETRIC_REPRESENTATION_CONTEXT() REPRESENTATION_CONTEXT('2D SPACE',''
  ) );
#8941 = PCURVE('',#8942,#9024);
#8942 = B_SPLINE_SURFACE_WITH_KNOTS('',8,8,(
    (#8943,#8944,#8945,#8946,#8947,#8948,#8949,#8950,#8951)
    ,(#8952,#8953,#8954,#8955,#8956,#8957,#8958,#8959,#8960)
    ,(#8961,#8962,#8963,#8964,#8965,#8966,#8967,#8968,#8969)
    ,(#8970,#8971,#8972,#8973,#8974,#8975,#8976,#8977,#8978)
    ,(#8979,#8980,#8981,#8982,#8983,#8984,#8985,#8986,#8987)
    ,(#8988,#8989,#8990,#8991,#8992,#8993,#8994,#8995,#8996)
    ,(#8997,#8998,#8999,#9000,#9001,#9002,#9003,#9004,#9005)
    ,(#9006,#9007,#9008,#9009,#9010,#9011,#9012,#9013,#9014)
    ,(#9015,#9016,#9017,#9018,#9019,#9020,#9021,#9022,#9023
  )),.UNSPECIFIED.,.F.,.F.,.F.,(9,9),(9,9),(-0.925540942618,
    0.983148349366),(-0.574470983768,0.288896139068),
  .PIECEWISE_BEZIER_KNOTS.);
#8943 = CARTESIAN_POINT('',(0.9755338137,16.30433196723,2.789651823346)
  );
#8944 = CARTESIAN_POINT('',(0.873362105554,16.094663164083,
    2.757586009835));
#8945 = CARTESIAN_POINT('',(0.775798767187,15.891435400973,
    2.730749918362));
#8946 = CARTESIAN_POINT('',(0.976042995425,16.087325476085,
    3.030309613011));
#8947 = CARTESIAN_POINT('',(6.166005336327E-02,14.786501067874,
    2.105916180952));
#8948 = CARTESIAN_POINT('',(1.294853813061,16.380144734423,
    3.547838327449));
#8949 = CARTESIAN_POINT('',(0.516558844304,15.260187097516,
    2.771274375102));
#8950 = CARTESIAN_POINT('',(0.33216263268,14.936136855843,2.646689950869
    ));
#8951 = CARTESIAN_POINT('',(0.39765410865,14.950917040745,2.798806878069
    ));
#8952 = CARTESIAN_POINT('',(1.22883794742,16.279460046695,2.763507542655
    ));
#8953 = CARTESIAN_POINT('',(1.157582556908,16.1115497556,2.7655918173));
#8954 = CARTESIAN_POINT('',(1.037344195712,15.877991344427,
    2.713963774775));
#8955 = CARTESIAN_POINT('',(1.652364958718,16.630832576987,3.46902844875
    ));
#8956 = CARTESIAN_POINT('',(-0.253218909001,13.994525834907,
    1.452891875583));
#8957 = CARTESIAN_POINT('',(2.237358579965,17.282970315038,
    4.280388980053));
#8958 = CARTESIAN_POINT('',(0.832603103795,15.317960412871,
    2.812944840692));
#8959 = CARTESIAN_POINT('',(0.595790529093,14.923025409978,
    2.630283198106));
#8960 = CARTESIAN_POINT('',(0.696203831087,14.986081302013,
    2.821516181648));
#8961 = CARTESIAN_POINT('',(1.344116253321,16.067841035908,
    2.584619610849));
#8962 = CARTESIAN_POINT('',(1.268886387578,15.894715240682,
    2.582437560493));
#8963 = CARTESIAN_POINT('',(4.532203046243,20.234996560341,
    6.268564295327));
#8964 = CARTESIAN_POINT('',(-13.41542559288,-4.101971967981,
    -13.48053196433));
#8965 = CARTESIAN_POINT('',(30.920732165794,55.755061459102,
    35.577524188897));
#8966 = CARTESIAN_POINT('',(-21.97518274111,-15.7950922694,
    -22.76272841418));
#8967 = CARTESIAN_POINT('',(2.528437283275,17.219298366698,
    4.367552377384));
#8968 = CARTESIAN_POINT('',(0.549769560138,14.493409476186,
    2.272792943335));
#8969 = CARTESIAN_POINT('',(1.185990695003,15.282099346754,3.05668062107
    ));
#8970 = CARTESIAN_POINT('',(1.681763221542,16.157982214731,
    2.652079967602));
#8971 = CARTESIAN_POINT('',(1.825287195428,16.281963929643,
    2.892597763714));
#8972 = CARTESIAN_POINT('',(-13.29337804251,-4.22459256467,
    -13.72447794507));
#8973 = CARTESIAN_POINT('',(70.048011324674,108.36173683221,
    78.41290158309));
#8974 = CARTESIAN_POINT('',(-123.765943063,-153.7179632022,
    -135.6062289712));
#8975 = CARTESIAN_POINT('',(93.480659702806,139.87375991686,
    104.4502087971));
#8976 = CARTESIAN_POINT('',(-0.380359346998,12.960133213931,
    0.867329741234));
#8977 = CARTESIAN_POINT('',(1.896838370348,15.941392269781,
    3.451775583618));
#8978 = CARTESIAN_POINT('',(0.284316606938,13.691728247474,
    1.752030605544));
#8979 = CARTESIAN_POINT('',(0.884000339128,14.704842334654,
    1.459003514955));
#8980 = CARTESIAN_POINT('',(0.36944881597,13.93592623856,0.970079440437)
  );
#8981 = CARTESIAN_POINT('',(25.461865315586,47.782211005119,
    28.765573114835));
#8982 = CARTESIAN_POINT('',(-111.5226050311,-137.4750446934,
    -122.4704813505));
#8983 = CARTESIAN_POINT('',(191.19528444623,271.70881045645,
    212.02011919792));
#8984 = CARTESIAN_POINT('',(-122.7508301549,-152.7800590725,
    -134.7041659004));
#8985 = CARTESIAN_POINT('',(-1.732896734759,10.724819310204,
    -0.952316334378));
#8986 = CARTESIAN_POINT('',(-0.602434762458,12.198644646076,
    0.384933605192));
#8987 = CARTESIAN_POINT('',(3.956071037452,18.287986416479,
    5.501559713357));
#8988 = CARTESIAN_POINT('',(2.057712008873,15.924883319962,
    2.449824140628));
#8989 = CARTESIAN_POINT('',(2.457167365686,16.393826889483,
    2.972330978516));
#8990 = CARTESIAN_POINT('',(-7.838188502109,2.40639107236,
    -8.317588480456));
#8991 = CARTESIAN_POINT('',(52.943315519943,84.507435157319,
    58.906567029644));
#8992 = CARTESIAN_POINT('',(-69.41460767651,-80.98958547713,
    -76.18240445991));
#8993 = CARTESIAN_POINT('',(30.932639631245,54.597789669766,
    34.747249787589));
#8994 = CARTESIAN_POINT('',(4.048443612853,18.192231486539,
    5.137138002656));
#8995 = CARTESIAN_POINT('',(1.977258312058,15.315025533435,
    2.928087872436));
#8996 = CARTESIAN_POINT('',(1.092383663396,14.047925101114,
    2.030798186373));
#8997 = CARTESIAN_POINT('',(1.504843256414,14.808678477754,
    1.531862511005));
#8998 = CARTESIAN_POINT('',(1.31736903201,14.483712031171,1.405663203303
    ));
#8999 = CARTESIAN_POINT('',(1.808385404264,15.075491620806,
    2.028585457224));
#9000 = CARTESIAN_POINT('',(-9.054251457126E-02,12.436522716866,
    1.188619889107E-02));
#9001 = CARTESIAN_POINT('',(-16.87046536946,-10.32131150008,
    -18.445928066));
#9002 = CARTESIAN_POINT('',(35.052430009717,59.809117296769,
    39.000087623648));
#9003 = CARTESIAN_POINT('',(-7.670469564407,1.973676008722,
    -8.119713057552));
#9004 = CARTESIAN_POINT('',(1.327009028581,14.067047044317,
    1.900373762644));
#9005 = CARTESIAN_POINT('',(2.256048038983,15.252038946725,3.00891104437
    ));
#9006 = CARTESIAN_POINT('',(1.321793266158,14.192614512304,
    1.022514411603));
#9007 = CARTESIAN_POINT('',(1.210407010319,13.970621180361,
    0.980455989637));
#9008 = CARTESIAN_POINT('',(1.327383696848,14.057322323779,
    1.190701765879));
#9009 = CARTESIAN_POINT('',(0.847791704053,13.337231048018,
    0.741510419992));
#9010 = CARTESIAN_POINT('',(-1.96075676135,9.468424151461,
    -2.280145275893));
#9011 = CARTESIAN_POINT('',(11.49607435369,27.590501182965,
    12.666923912219));
#9012 = CARTESIAN_POINT('',(1.576775887972,14.10829891348,1.789991408055
    ));
#9013 = CARTESIAN_POINT('',(2.250540824686,14.947498863626,
    2.614781722567));
#9014 = CARTESIAN_POINT('',(2.400104323955,15.078279572241,2.86107031774
    ));
#9015 = CARTESIAN_POINT('',(1.070068796985,13.483598780034,
    0.437173603226));
#9016 = CARTESIAN_POINT('',(1.019806122851,13.344281215709,0.46266623811
    ));
#9017 = CARTESIAN_POINT('',(1.212433824209,13.533245911157,
    0.756451863327));
#9018 = CARTESIAN_POINT('',(0.795226215803,12.897580711684,
    0.376364684857));
#9019 = CARTESIAN_POINT('',(0.8797021175,12.940014116325,0.550489634893)
  );
#9020 = CARTESIAN_POINT('',(7.757364583439,22.167115543885,
    8.229468658843));
#9021 = CARTESIAN_POINT('',(2.575380151844,15.089595748826,2.58578818662
    ));
#9022 = CARTESIAN_POINT('',(2.568722329408,15.008839820534,
    2.658863654911));
#9023 = CARTESIAN_POINT('',(2.570270422641,14.939418330843,
    2.741505150886));
#9024 = DEFINITIONAL_REPRESENTATION('',(#9025),#9078);
#9025 = B_SPLINE_CURVE_WITH_KNOTS('',11,(#9026,#9027,#9028,#9029,#9030,
    #9031,#9032,#9033,#9034,#9035,#9036,#9037,#9038,#9039,#9040,#9041,
    #9042,#9043,#9044,#9045,#9046,#9047,#9048,#9049,#9050,#9051,#9052,
    #9053,#9054,#9055,#9056,#9057,#9058,#9059,#9060,#9061,#9062,#9063,
    #9064,#9065,#9066,#9067,#9068,#9069,#9070,#9071,#9072,#9073,#9074,
    #9075,#9076,#9077),.UNSPECIFIED.,.F.,.F.,(12,10,10,10,10,12),(0.,
    6.25E-02,0.125,0.25,0.5,1.),.UNSPECIFIED.);
#9026 = CARTESIAN_POINT('',(0.355530919901,-0.52224634888));
#9027 = CARTESIAN_POINT('',(0.34151952989,-0.512819886522));
#9028 = CARTESIAN_POINT('',(0.311630348943,-0.492711918807));
#9029 = CARTESIAN_POINT('',(0.269320012304,-0.464260381845));
#9030 = CARTESIAN_POINT('',(0.237012651491,-0.442524577268));
#9031 = CARTESIAN_POINT('',(0.158991922875,-0.390132540406));
#9032 = CARTESIAN_POINT('',(0.184001049868,-0.406926247116));
#9033 = CARTESIAN_POINT('',(0.106640790573,-0.354969991286));
#9034 = CARTESIAN_POINT('',(0.101660899607,-0.351639473066));
#9035 = CARTESIAN_POINT('',(6.96435007257E-02,-0.330145432483));
#9036 = CARTESIAN_POINT('',(4.693246351347E-02,-0.314905967259));
#9037 = CARTESIAN_POINT('',(2.074235512899E-03,-0.284808257126));
#9038 = CARTESIAN_POINT('',(-1.922335355474E-02,-0.270521067051));
#9039 = CARTESIAN_POINT('',(-3.972335779926E-02,-0.256770787861));
#9040 = CARTESIAN_POINT('',(-5.983761717745E-02,-0.243280838947));
#9041 = CARTESIAN_POINT('',(-7.994124272828E-02,-0.229799493052));
#9042 = CARTESIAN_POINT('',(-0.100291123265,-0.216154377329));
#9043 = CARTESIAN_POINT('',(-0.120977567531,-0.202284795617));
#9044 = CARTESIAN_POINT('',(-0.141909081806,-0.188251871913));
#9045 = CARTESIAN_POINT('',(-0.162830282985,-0.174226515068));
#9046 = CARTESIAN_POINT('',(-0.183372947103,-0.160455204672));
#9047 = CARTESIAN_POINT('',(-0.242674685775,-0.120700385163));
#9048 = CARTESIAN_POINT('',(-0.279926792735,-9.572684104722E-02));
#9049 = CARTESIAN_POINT('',(-0.312187695739,-7.409582442421E-02));
#9050 = CARTESIAN_POINT('',(-0.340361916679,-5.519979089315E-02));
#9051 = CARTESIAN_POINT('',(-0.36615642594,-3.789418510118E-02));
#9052 = CARTESIAN_POINT('',(-0.390811235494,-2.13474470957E-02));
#9053 = CARTESIAN_POINT('',(-0.414878239878,-5.188492559191E-03));
#9054 = CARTESIAN_POINT('',(-0.438555067967,1.071747348839E-02));
#9055 = CARTESIAN_POINT('',(-0.462080708486,2.653394993762E-02));
#9056 = CARTESIAN_POINT('',(-0.48569967215,4.242808020318E-02));
#9057 = CARTESIAN_POINT('',(-0.554705015858,8.891788145491E-02));
#9058 = CARTESIAN_POINT('',(-0.599374999214,0.119088225393));
#9059 = CARTESIAN_POINT('',(-0.633309319454,0.142115641216));
#9060 = CARTESIAN_POINT('',(-0.6578103442,0.158827033168));
#9061 = CARTESIAN_POINT('',(-0.676661485366,0.171719049711));
#9062 = CARTESIAN_POINT('',(-0.692398634072,0.18246710951));
#9063 = CARTESIAN_POINT('',(-0.705678229742,0.191494491744));
#9064 = CARTESIAN_POINT('',(-0.716343755329,0.19867529783));
#9065 = CARTESIAN_POINT('',(-0.724792450606,0.204245091682));
#9066 = CARTESIAN_POINT('',(-0.732244035478,0.208993025581));
#9067 = CARTESIAN_POINT('',(-0.751051634747,0.220441725161));
#9068 = CARTESIAN_POINT('',(-0.759155999897,0.224553814703));
#9069 = CARTESIAN_POINT('',(-0.765821590986,0.227183816746));
#9070 = CARTESIAN_POINT('',(-0.772632027536,0.229215862372));
#9071 = CARTESIAN_POINT('',(-0.780243963215,0.23087406143));
#9072 = CARTESIAN_POINT('',(-0.788771583802,0.232091860214));
#9073 = CARTESIAN_POINT('',(-0.798070928179,0.232756619791));
#9074 = CARTESIAN_POINT('',(-0.807924032363,0.232829414972));
#9075 = CARTESIAN_POINT('',(-0.818122896566,0.232340053945));
#9076 = CARTESIAN_POINT('',(-0.828453275291,0.231257318545));
#9077 = CARTESIAN_POINT('',(-0.838578290459,0.22923442518));
#9078 = ( GEOMETRIC_REPRESENTATION_CONTEXT(2) 
PARAMETRIC_REPRESENTATION_CONTEXT() REPRESENTATION_CONTEXT('2D SPACE',''
  ) );
#9079 = ORIENTED_EDGE('',*,*,#6140,.T.);
#9080 = ORIENTED_EDGE('',*,*,#9081,.T.);
#9081 = EDGE_CURVE('',#6143,#9082,#9084,.T.);
#9082 = VERTEX_POINT('',#9083);
#9083 = CARTESIAN_POINT('',(-0.5,15.,2.759360248912));
#9084 = SURFACE_CURVE('',#9085,(#9103,#9113),.PCURVE_S1.);
#9085 = B_SPLINE_CURVE_WITH_KNOTS('',6,(#9086,#9087,#9088,#9089,#9090,
    #9091,#9092,#9093,#9094,#9095,#9096,#9097,#9098,#9099,#9100,#9101,
    #9102),.UNSPECIFIED.,.F.,.F.,(7,5,5,7),(0.,0.150539004738,
    0.528984921191,1.),.UNSPECIFIED.);
#9086 = CARTESIAN_POINT('',(-1.498738901114,15.049349637547,
    1.759323230711));
#9087 = CARTESIAN_POINT('',(-1.496689590242,15.092503052472,
    1.756374583502));
#9088 = CARTESIAN_POINT('',(-1.497236446116,15.092836412849,
    1.752270931632));
#9089 = CARTESIAN_POINT('',(-1.497209629887,15.097652174699,
    1.751754890366));
#9090 = CARTESIAN_POINT('',(-1.495764157219,15.114795451342,
    1.762366039079));
#9091 = CARTESIAN_POINT('',(-1.493836851229,15.134447289229,
    1.779249412115));
#9092 = CARTESIAN_POINT('',(-1.493368300267,15.142505414648,
    1.770307955536));
#9093 = CARTESIAN_POINT('',(-1.495975579332,15.103855791584,
    1.793489783354));
#9094 = CARTESIAN_POINT('',(-1.494638821396,15.123288591722,
    1.784778155546));
#9095 = CARTESIAN_POINT('',(-1.49575901249,15.107277296263,
    1.786902811162));
#9096 = CARTESIAN_POINT('',(-1.495527995206,15.110961087368,
    1.787250539587));
#9097 = CARTESIAN_POINT('',(-1.496856250087,15.090659806936,
    1.789148243874));
#9098 = CARTESIAN_POINT('',(-1.497508206515,15.079372003019,
    1.789604741202));
#9099 = CARTESIAN_POINT('',(-1.498055381728,15.068171584194,
    1.789983679892));
#9100 = CARTESIAN_POINT('',(-1.498491243494,15.057125435572,
    1.79049649309));
#9101 = CARTESIAN_POINT('',(-1.498822964925,15.046248934443,
    1.791047850699));
#9102 = CARTESIAN_POINT('',(-0.500022480597,15.000412817783,
    2.760543363826));
#9103 = PCURVE('',#6159,#9104);
#9104 = DEFINITIONAL_REPRESENTATION('',(#9105),#9112);
#9105 = B_SPLINE_CURVE_WITH_KNOTS('',5,(#9106,#9107,#9108,#9109,#9110,
    #9111),.UNSPECIFIED.,.F.,.F.,(6,6),(0.,1.),
  .PIECEWISE_BEZIER_KNOTS.);
#9106 = CARTESIAN_POINT('',(2.442009203233,2.22044604925E-16));
#9107 = CARTESIAN_POINT('',(2.212436606005,-2.379598945956E-02));
#9108 = CARTESIAN_POINT('',(2.590174506735,-0.555630056359));
#9109 = CARTESIAN_POINT('',(2.341880208756,1.687370463013));
#9110 = CARTESIAN_POINT('',(2.404892045263,-1.977212221603));
#9111 = CARTESIAN_POINT('',(2.474099154091,1.570796326795));
#9112 = ( GEOMETRIC_REPRESENTATION_CONTEXT(2) 
PARAMETRIC_REPRESENTATION_CONTEXT() REPRESENTATION_CONTEXT('2D SPACE',''
  ) );
#9113 = PCURVE('',#9114,#9196);
#9114 = B_SPLINE_SURFACE_WITH_KNOTS('',8,8,(
    (#9115,#9116,#9117,#9118,#9119,#9120,#9121,#9122,#9123)
    ,(#9124,#9125,#9126,#9127,#9128,#9129,#9130,#9131,#9132)
    ,(#9133,#9134,#9135,#9136,#9137,#9138,#9139,#9140,#9141)
    ,(#9142,#9143,#9144,#9145,#9146,#9147,#9148,#9149,#9150)
    ,(#9151,#9152,#9153,#9154,#9155,#9156,#9157,#9158,#9159)
    ,(#9160,#9161,#9162,#9163,#9164,#9165,#9166,#9167,#9168)
    ,(#9169,#9170,#9171,#9172,#9173,#9174,#9175,#9176,#9177)
    ,(#9178,#9179,#9180,#9181,#9182,#9183,#9184,#9185,#9186)
    ,(#9187,#9188,#9189,#9190,#9191,#9192,#9193,#9194,#9195
  )),.UNSPECIFIED.,.F.,.F.,.F.,(9,9),(9,9),(-0.70136998941,
    0.758764856046),(-0.677463844862,0.401795581094),
  .PIECEWISE_BEZIER_KNOTS.);
#9115 = CARTESIAN_POINT('',(-1.526838832094,15.078250309308,
    1.657601997921));
#9116 = CARTESIAN_POINT('',(-1.482687462671,14.929088564011,
    1.683340913546));
#9117 = CARTESIAN_POINT('',(-1.515894539161,14.835617346504,
    1.727148888519));
#9118 = CARTESIAN_POINT('',(-1.473593982116,14.831928991644,
    2.150503076874));
#9119 = CARTESIAN_POINT('',(-1.597843018184,14.872735393683,
    2.422410488498));
#9120 = CARTESIAN_POINT('',(-1.944677145171,14.86423045631,
    2.974469847432));
#9121 = CARTESIAN_POINT('',(-2.087737655443,14.992354745518,
    3.381694957179));
#9122 = CARTESIAN_POINT('',(-2.466600679934,15.008773154496,
    2.785739832478));
#9123 = CARTESIAN_POINT('',(-2.633687014908,14.997240245334,
    2.732700041199));
#9124 = CARTESIAN_POINT('',(-1.51523097161,15.178527771587,
    1.684891233336));
#9125 = CARTESIAN_POINT('',(-1.473628242571,15.02328733441,
    1.684156949806));
#9126 = CARTESIAN_POINT('',(-1.497871663133,14.904835054353,
    1.638935956492));
#9127 = CARTESIAN_POINT('',(-1.442186117337,14.905560534576,
    1.976375505543));
#9128 = CARTESIAN_POINT('',(-1.342504397053,14.895651397633,
    2.327219234251));
#9129 = CARTESIAN_POINT('',(-1.949158794746,14.826450918137,
    2.405728604311));
#9130 = CARTESIAN_POINT('',(-1.798269581897,14.994459477494,
    3.359349161975));
#9131 = CARTESIAN_POINT('',(-2.249326357833,14.99768087068,
    2.587213479373));
#9132 = CARTESIAN_POINT('',(-2.401038389779,15.007764358172,
    2.809260012052));
#9133 = CARTESIAN_POINT('',(-1.500925615013,15.30738463638,
    1.835699804875));
#9134 = CARTESIAN_POINT('',(-1.490337105754,15.161128856712,
    1.888511602797));
#9135 = CARTESIAN_POINT('',(-1.547285210972,15.027559047804,
    1.269695029067));
#9136 = CARTESIAN_POINT('',(-1.725637123769,15.261240343933,
    3.658929792222));
#9137 = CARTESIAN_POINT('',(-0.748666042625,14.756881792361,
    -0.81157484085));
#9138 = CARTESIAN_POINT('',(-2.103948696424,14.995109261647,
    5.094716717173));
#9139 = CARTESIAN_POINT('',(-1.894295079078,15.005176423532,
    1.151530530075));
#9140 = CARTESIAN_POINT('',(-2.064662247852,14.98868295795,
    2.057305050488));
#9141 = CARTESIAN_POINT('',(-2.013358937189,14.97163342641,
    3.138543725072));
#9142 = CARTESIAN_POINT('',(-1.420409605918,15.468067704397,
    1.792211729841));
#9143 = CARTESIAN_POINT('',(-1.432914106095,15.352223072744,
    1.783347714341));
#9144 = CARTESIAN_POINT('',(-1.61506038481,15.315029768256,
    2.638502411715));
#9145 = CARTESIAN_POINT('',(-1.259793027181,15.27537611603,
    0.939974189959));
#9146 = CARTESIAN_POINT('',(-3.664363745849,14.951681677998,
    1.810590811035));
#9147 = CARTESIAN_POINT('',(-0.275455627303,15.187987521534,
    2.296739312596));
#9148 = CARTESIAN_POINT('',(-1.933658051434,14.993029499106,
    0.963281327587));
#9149 = CARTESIAN_POINT('',(-1.666125781028,15.149406312686,
    2.922109479532));
#9150 = CARTESIAN_POINT('',(-1.719585912019,15.048765195642,
    3.061135399989));
#9151 = CARTESIAN_POINT('',(-1.438851578989,15.667384285683,
    2.188334082874));
#9152 = CARTESIAN_POINT('',(-1.505882347884,15.581720733958,
    2.429821290413));
#9153 = CARTESIAN_POINT('',(-1.385035126124,15.50499063273,
    2.330303333645));
#9154 = CARTESIAN_POINT('',(-1.41293291536,14.991580746097,
    2.127575844725));
#9155 = CARTESIAN_POINT('',(0.530096507406,15.876542154513,
    6.070363431919));
#9156 = CARTESIAN_POINT('',(-2.738548477852,14.869557270213,
    -0.777719961242));
#9157 = CARTESIAN_POINT('',(-1.147005149582,15.332845094874,
    4.776497818119));
#9158 = CARTESIAN_POINT('',(-1.463074375575,14.950761861802,
    2.710827758589));
#9159 = CARTESIAN_POINT('',(-1.274951380727,14.814221158935,
    3.121407827373));
#9160 = CARTESIAN_POINT('',(-1.198828593269,15.793739685439,
    2.055774055633));
#9161 = CARTESIAN_POINT('',(-1.250546006999,15.731565569234,
    2.170553894668));
#9162 = CARTESIAN_POINT('',(-1.421555331333,15.640138361234,
    2.134632150392));
#9163 = CARTESIAN_POINT('',(-1.125391447454,15.942851788078,
    4.266204323318));
#9164 = CARTESIAN_POINT('',(-2.618998740045,15.034481993683,
    -1.959593217398));
#9165 = CARTESIAN_POINT('',(-0.693761638929,15.841208038462,
    6.590537186047));
#9166 = CARTESIAN_POINT('',(-1.505401476009,15.064516909511,
    1.162992206061));
#9167 = CARTESIAN_POINT('',(-1.166389538423,15.06495775703,2.54348426607
    ));
#9168 = CARTESIAN_POINT('',(-0.93480319667,14.827821734973,
    2.764818153728));
#9169 = CARTESIAN_POINT('',(-1.176309846105,15.953219403597,
    2.09691102947));
#9170 = CARTESIAN_POINT('',(-1.326523518139,15.928004010596,
    2.260866143259));
#9171 = CARTESIAN_POINT('',(-1.444663851225,15.859321095328,
    2.506469771431));
#9172 = CARTESIAN_POINT('',(-1.209124914058,15.776043194123,
    1.787803251408));
#9173 = CARTESIAN_POINT('',(-1.7750115315,15.638552586148,3.94416295214)
  );
#9174 = CARTESIAN_POINT('',(-1.332020060815,15.42540885932,
    2.300814372308));
#9175 = CARTESIAN_POINT('',(-0.987721198511,15.330674157506,
    3.120877730513));
#9176 = CARTESIAN_POINT('',(-0.89565838253,15.066548985823,
    2.735794071828));
#9177 = CARTESIAN_POINT('',(-0.570774159953,14.778865311842,
    2.81451358874));
#9178 = CARTESIAN_POINT('',(-1.068746427671,16.073142987641,
    2.158071490754));
#9179 = CARTESIAN_POINT('',(-1.258070418692,16.069462534192,
    2.358697041274));
#9180 = CARTESIAN_POINT('',(-1.379010822138,16.005682239373,
    2.58401431472));
#9181 = CARTESIAN_POINT('',(-1.24993380689,15.912942090171,
    2.432124054693));
#9182 = CARTESIAN_POINT('',(-1.592246654193,15.739534399178,
    3.391943395322));
#9183 = CARTESIAN_POINT('',(-1.071246673738,15.532822161806,
    2.979697930957));
#9184 = CARTESIAN_POINT('',(-0.847441216598,15.323971449324,
    2.789933308343));
#9185 = CARTESIAN_POINT('',(-0.585417746849,15.063514515438,
    2.695854240388));
#9186 = CARTESIAN_POINT('',(-0.246898335353,14.772432064291,
    2.76180179643));
#9187 = CARTESIAN_POINT('',(-0.94073139859,16.169538500034,
    2.218724069655));
#9188 = CARTESIAN_POINT('',(-1.157435840918,16.178311405136,
    2.453374629945));
#9189 = CARTESIAN_POINT('',(-1.248158990593,16.10174721173,
    2.674796023052));
#9190 = CARTESIAN_POINT('',(-1.148139265767,15.966708823607,2.6767729772
    ));
#9191 = CARTESIAN_POINT('',(-1.24320099395,15.773571119393,
    3.325078741612));
#9192 = CARTESIAN_POINT('',(-0.806948366178,15.529635032151,
    2.980448221769));
#9193 = CARTESIAN_POINT('',(-0.541927381068,15.303012095694,
    2.79500094461));
#9194 = CARTESIAN_POINT('',(-0.28325554499,15.059369441096,
    2.708908497562));
#9195 = CARTESIAN_POINT('',(-2.686884011409E-02,14.826560927456,
    2.78880724919));
#9196 = DEFINITIONAL_REPRESENTATION('',(#9197),#9236);
#9197 = B_SPLINE_CURVE_WITH_KNOTS('',10,(#9198,#9199,#9200,#9201,#9202,
    #9203,#9204,#9205,#9206,#9207,#9208,#9209,#9210,#9211,#9212,#9213,
    #9214,#9215,#9216,#9217,#9218,#9219,#9220,#9221,#9222,#9223,#9224,
    #9225,#9226,#9227,#9228,#9229,#9230,#9231,#9232,#9233,#9234,#9235),
  .UNSPECIFIED.,.F.,.F.,(11,9,9,9,11),(0.,0.5,0.75,0.875,1.),
  .UNSPECIFIED.);
#9198 = CARTESIAN_POINT('',(-0.523856653478,-0.522505646733));
#9199 = CARTESIAN_POINT('',(-0.463205989681,-0.583699965436));
#9200 = CARTESIAN_POINT('',(-0.575603614274,-0.550237186097));
#9201 = CARTESIAN_POINT('',(-0.272093376753,-0.52660183751));
#9202 = CARTESIAN_POINT('',(-0.445901252883,-0.621709663274));
#9203 = CARTESIAN_POINT('',(-0.621260997573,-0.540719125224));
#9204 = CARTESIAN_POINT('',(-0.260097490018,-0.488342880336));
#9205 = CARTESIAN_POINT('',(-0.540023640153,-0.566840232437));
#9206 = CARTESIAN_POINT('',(-0.43040974959,-0.524386639137));
#9207 = CARTESIAN_POINT('',(-0.450990816991,-0.530706602514));
#9208 = CARTESIAN_POINT('',(-0.455115430307,-0.525460592293));
#9209 = CARTESIAN_POINT('',(-0.455948423443,-0.522647881922));
#9210 = CARTESIAN_POINT('',(-0.457565542972,-0.519765039326));
#9211 = CARTESIAN_POINT('',(-0.460607365981,-0.517344426038));
#9212 = CARTESIAN_POINT('',(-0.465029042282,-0.515456857041));
#9213 = CARTESIAN_POINT('',(-0.470100294413,-0.513711600777));
#9214 = CARTESIAN_POINT('',(-0.474405417635,-0.51125637914));
#9215 = CARTESIAN_POINT('',(-0.475843279935,-0.506777367482));
#9216 = CARTESIAN_POINT('',(-0.471627322025,-0.498499194606));
#9217 = CARTESIAN_POINT('',(-0.451614674997,-0.47702781686));
#9218 = CARTESIAN_POINT('',(-0.442077071586,-0.467854929576));
#9219 = CARTESIAN_POINT('',(-0.429114016386,-0.456273859598));
#9220 = CARTESIAN_POINT('',(-0.412166778675,-0.441892185603));
#9221 = CARTESIAN_POINT('',(-0.390676627735,-0.424317486267));
#9222 = CARTESIAN_POINT('',(-0.364084832843,-0.403157340265));
#9223 = CARTESIAN_POINT('',(-0.331832663281,-0.378019326273));
#9224 = CARTESIAN_POINT('',(-0.293361388327,-0.348511022967));
#9225 = CARTESIAN_POINT('',(-0.248112277261,-0.314240009022));
#9226 = CARTESIAN_POINT('',(-0.142940921465,-0.235387717208));
#9227 = CARTESIAN_POINT('',(-0.10787950045,-0.20887806959));
#9228 = CARTESIAN_POINT('',(9.816221973583E-02,-5.838157837559E-02));
#9229 = CARTESIAN_POINT('',(-0.258773461052,-0.316769481597));
#9230 = CARTESIAN_POINT('',(0.622833577496,0.324125661869));
#9231 = CARTESIAN_POINT('',(-0.301782280628,-0.347276975568));
#9232 = CARTESIAN_POINT('',(0.596021758252,0.30529877198));
#9233 = CARTESIAN_POINT('',(0.220819041924,3.306648888208E-02));
#9234 = CARTESIAN_POINT('',(0.512837465518,0.245239121653));
#9235 = CARTESIAN_POINT('',(0.581007152363,0.29474341818));
#9236 = ( GEOMETRIC_REPRESENTATION_CONTEXT(2) 
PARAMETRIC_REPRESENTATION_CONTEXT() REPRESENTATION_CONTEXT('2D SPACE',''
  ) );
#9237 = ORIENTED_EDGE('',*,*,#9238,.F.);
#9238 = EDGE_CURVE('',#8921,#9082,#9239,.T.);
#9239 = SURFACE_CURVE('',#9240,(#9245,#9252),.PCURVE_S1.);
#9240 = CIRCLE('',#9241,0.5);
#9241 = AXIS2_PLACEMENT_3D('',#9242,#9243,#9244);
#9242 = CARTESIAN_POINT('',(0.,15.,2.759360248912));
#9243 = DIRECTION('',(0.,0.,1.));
#9244 = DIRECTION('',(0.785886497353,0.618370773305,-0.));
#9245 = PCURVE('',#6159,#9246);
#9246 = DEFINITIONAL_REPRESENTATION('',(#9247),#9251);
#9247 = LINE('',#9248,#9249);
#9248 = CARTESIAN_POINT('',(0.,1.570796326795));
#9249 = VECTOR('',#9250,1.);
#9250 = DIRECTION('',(1.,0.));
#9251 = ( GEOMETRIC_REPRESENTATION_CONTEXT(2) 
PARAMETRIC_REPRESENTATION_CONTEXT() REPRESENTATION_CONTEXT('2D SPACE',''
  ) );
#9252 = PCURVE('',#9253,#9258);
#9253 = PLANE('',#9254);
#9254 = AXIS2_PLACEMENT_3D('',#9255,#9256,#9257);
#9255 = CARTESIAN_POINT('',(-1.139533443783E-16,15.,2.759360248912));
#9256 = DIRECTION('',(0.,0.,1.));
#9257 = DIRECTION('',(1.,0.,-0.));
#9258 = DEFINITIONAL_REPRESENTATION('',(#9259),#9263);
#9259 = CIRCLE('',#9260,0.5);
#9260 = AXIS2_PLACEMENT_2D('',#9261,#9262);
#9261 = CARTESIAN_POINT('',(1.139533443783E-16,0.));
#9262 = DIRECTION('',(0.785886497353,0.618370773305));
#9263 = ( GEOMETRIC_REPRESENTATION_CONTEXT(2) 
PARAMETRIC_REPRESENTATION_CONTEXT() REPRESENTATION_CONTEXT('2D SPACE',''
  ) );
#9264 = ADVANCED_FACE('',(#9265),#6196,.T.);
#9265 = FACE_BOUND('',#9266,.F.);
#9266 = EDGE_LOOP('',(#9267,#9348,#9349,#9676));
#9267 = ORIENTED_EDGE('',*,*,#9268,.F.);
#9268 = EDGE_CURVE('',#6143,#9269,#9271,.T.);
#9269 = VERTEX_POINT('',#9270);
#9270 = CARTESIAN_POINT('',(-2.5,15.,2.759360248912));
#9271 = SURFACE_CURVE('',#9272,(#9280,#9292),.PCURVE_S1.);
#9272 = ( BOUNDED_CURVE() B_SPLINE_CURVE(6,(#9273,#9274,#9275,#9276,
#9277,#9278,#9279),.UNSPECIFIED.,.F.,.F.) B_SPLINE_CURVE_WITH_KNOTS((7,7
),(0.,1.570796326795),.PIECEWISE_BEZIER_KNOTS.) CURVE() 
GEOMETRIC_REPRESENTATION_ITEM() RATIONAL_B_SPLINE_CURVE((1.031393471788,
    1.010025407661,0.997924642725,0.993958444137,0.997924642725,
1.010025407661,1.031393471788)) REPRESENTATION_ITEM('') );
#9273 = CARTESIAN_POINT('',(-1.5,15.,1.759360248912));
#9274 = CARTESIAN_POINT('',(-1.5,15.,2.026697032065));
#9275 = CARTESIAN_POINT('',(-1.585004350634,15.,2.287068821494));
#9276 = CARTESIAN_POINT('',(-1.748080486798,15.,2.511279762114));
#9277 = CARTESIAN_POINT('',(-1.972291427418,15.,2.674355898278));
#9278 = CARTESIAN_POINT('',(-2.232663216847,15.,2.759360248912));
#9279 = CARTESIAN_POINT('',(-2.5,15.,2.759360248912));
#9280 = PCURVE('',#6196,#9281);
#9281 = DEFINITIONAL_REPRESENTATION('',(#9282),#9291);
#9282 = B_SPLINE_CURVE_WITH_KNOTS('',7,(#9283,#9284,#9285,#9286,#9287,
    #9288,#9289,#9290),.UNSPECIFIED.,.F.,.F.,(8,8),(0.,1.570796326795),
  .PIECEWISE_BEZIER_KNOTS.);
#9283 = CARTESIAN_POINT('',(0.,3.14159265359));
#9284 = CARTESIAN_POINT('',(0.,3.365991101575));
#9285 = CARTESIAN_POINT('',(0.,3.590393384056));
#9286 = CARTESIAN_POINT('',(0.,3.81478901077));
#9287 = CARTESIAN_POINT('',(0.,4.039192623204));
#9288 = CARTESIAN_POINT('',(0.,4.263588249919));
#9289 = CARTESIAN_POINT('',(0.,4.487990532399));
#9290 = CARTESIAN_POINT('',(0.,4.712388980385));
#9291 = ( GEOMETRIC_REPRESENTATION_CONTEXT(2) 
PARAMETRIC_REPRESENTATION_CONTEXT() REPRESENTATION_CONTEXT('2D SPACE',''
  ) );
#9292 = PCURVE('',#9114,#9293);
#9293 = DEFINITIONAL_REPRESENTATION('',(#9294),#9347);
#9294 = B_SPLINE_CURVE_WITH_KNOTS('',11,(#9295,#9296,#9297,#9298,#9299,
    #9300,#9301,#9302,#9303,#9304,#9305,#9306,#9307,#9308,#9309,#9310,
    #9311,#9312,#9313,#9314,#9315,#9316,#9317,#9318,#9319,#9320,#9321,
    #9322,#9323,#9324,#9325,#9326,#9327,#9328,#9329,#9330,#9331,#9332,
    #9333,#9334,#9335,#9336,#9337,#9338,#9339,#9340,#9341,#9342,#9343,
    #9344,#9345,#9346),.UNSPECIFIED.,.F.,.F.,(12,10,10,10,10,12),(0.,
    0.196349540849,0.392699081699,0.785398163397,1.178097245096,
    1.570796326795),.UNSPECIFIED.);
#9295 = CARTESIAN_POINT('',(-0.560584030849,-0.493012800336));
#9296 = CARTESIAN_POINT('',(-0.548609212054,-0.475827849358));
#9297 = CARTESIAN_POINT('',(-0.543199069706,-0.467139719511));
#9298 = CARTESIAN_POINT('',(-0.550089572643,-0.475202168063));
#9299 = CARTESIAN_POINT('',(-0.534493393722,-0.463876343504));
#9300 = CARTESIAN_POINT('',(-0.459782390895,-0.319806860078));
#9301 = CARTESIAN_POINT('',(-0.578231214398,-0.532282156399));
#9302 = CARTESIAN_POINT('',(-0.455858257452,-0.319563725118));
#9303 = CARTESIAN_POINT('',(-0.508572583288,-0.408484434617));
#9304 = CARTESIAN_POINT('',(-0.482264211271,-0.362848302654));
#9305 = CARTESIAN_POINT('',(-0.477772305805,-0.353586462992));
#9306 = CARTESIAN_POINT('',(-0.463595583236,-0.325798986816));
#9307 = CARTESIAN_POINT('',(-0.456734337634,-0.311986734138));
#9308 = CARTESIAN_POINT('',(-0.450105888421,-0.298267068186));
#9309 = CARTESIAN_POINT('',(-0.443715916303,-0.284651090278));
#9310 = CARTESIAN_POINT('',(-0.437570101987,-0.271149901733));
#9311 = CARTESIAN_POINT('',(-0.431674126178,-0.257774603866));
#9312 = CARTESIAN_POINT('',(-0.426033669582,-0.244536297997));
#9313 = CARTESIAN_POINT('',(-0.420654412906,-0.231446085442));
#9314 = CARTESIAN_POINT('',(-0.415542036855,-0.218515067519));
#9315 = CARTESIAN_POINT('',(-0.410702222136,-0.205754345546));
#9316 = CARTESIAN_POINT('',(-0.397017504092,-0.168016371429));
#9317 = CARTESIAN_POINT('',(-0.388910972967,-0.143618237535));
#9318 = CARTESIAN_POINT('',(-0.381764634864,-0.119642301976));
#9319 = CARTESIAN_POINT('',(-0.375551352605,-9.582401029587E-02));
#9320 = CARTESIAN_POINT('',(-0.370273273047,-7.197257076304E-02));
#9321 = CARTESIAN_POINT('',(-0.365961827083,-4.797095437241E-02));
#9322 = CARTESIAN_POINT('',(-0.362677729645,-2.377589484511E-02));
#9323 = CARTESIAN_POINT('',(-0.360510979698,5.821113723044E-04));
#9324 = CARTESIAN_POINT('',(-0.359580860244,2.499880510699E-02));
#9325 = CARTESIAN_POINT('',(-0.360035938323,4.929616446045E-02));
#9326 = CARTESIAN_POINT('',(-0.364072191697,9.71486451558E-02));
#9327 = CARTESIAN_POINT('',(-0.367675876232,0.120460861728));
#9328 = CARTESIAN_POINT('',(-0.372647463134,0.142881591068));
#9329 = CARTESIAN_POINT('',(-0.37880606389,0.164196992473));
#9330 = CARTESIAN_POINT('',(-0.386007556946,0.184256847989));
#9331 = CARTESIAN_POINT('',(-0.394144587718,0.202974562418));
#9332 = CARTESIAN_POINT('',(-0.403146568582,0.220327163312));
#9333 = CARTESIAN_POINT('',(-0.41297967888,0.236355300977));
#9334 = CARTESIAN_POINT('',(-0.423646864919,0.25116324847));
#9335 = CARTESIAN_POINT('',(-0.435187839971,0.264918901602));
#9336 = CARTESIAN_POINT('',(-0.460170328569,0.290788656264));
#9337 = CARTESIAN_POINT('',(-0.471922479238,0.302380602746));
#9338 = CARTESIAN_POINT('',(-0.492383584334,0.31412258187));
#9339 = CARTESIAN_POINT('',(-0.499696690684,0.3228771451));
#9340 = CARTESIAN_POINT('',(-0.517495263495,0.33200674151));
#9341 = CARTESIAN_POINT('',(-0.543554652418,0.340980510754));
#9342 = CARTESIAN_POINT('',(-0.556957748909,0.346789576106));
#9343 = CARTESIAN_POINT('',(-0.568468455584,0.351416125757));
#9344 = CARTESIAN_POINT('',(-0.603294433286,0.358734765852));
#9345 = CARTESIAN_POINT('',(-0.616360805322,0.361577747224));
#9346 = CARTESIAN_POINT('',(-0.637609081282,0.365268710085));
#9347 = ( GEOMETRIC_REPRESENTATION_CONTEXT(2) 
PARAMETRIC_REPRESENTATION_CONTEXT() REPRESENTATION_CONTEXT('2D SPACE',''
  ) );
#9348 = ORIENTED_EDGE('',*,*,#6181,.T.);
#9349 = ORIENTED_EDGE('',*,*,#9350,.T.);
#9350 = EDGE_CURVE('',#6141,#9351,#9353,.T.);
#9351 = VERTEX_POINT('',#9352);
#9352 = CARTESIAN_POINT('',(2.5,15.,2.759360248912));
#9353 = SURFACE_CURVE('',#9354,(#9362,#9374),.PCURVE_S1.);
#9354 = ( BOUNDED_CURVE() B_SPLINE_CURVE(6,(#9355,#9356,#9357,#9358,
#9359,#9360,#9361),.UNSPECIFIED.,.F.,.F.) B_SPLINE_CURVE_WITH_KNOTS((7,7
),(0.,1.570796326795),.PIECEWISE_BEZIER_KNOTS.) CURVE() 
GEOMETRIC_REPRESENTATION_ITEM() RATIONAL_B_SPLINE_CURVE((1.031393471788,
    1.010025407661,0.997924642725,0.993958444137,0.997924642725,
1.010025407661,1.031393471788)) REPRESENTATION_ITEM('') );
#9355 = CARTESIAN_POINT('',(1.5,15.,1.759360248912));
#9356 = CARTESIAN_POINT('',(1.5,15.,2.026697032065));
#9357 = CARTESIAN_POINT('',(1.585004350634,15.,2.287068821494));
#9358 = CARTESIAN_POINT('',(1.748080486798,15.,2.511279762114));
#9359 = CARTESIAN_POINT('',(1.972291427418,15.,2.674355898278));
#9360 = CARTESIAN_POINT('',(2.232663216847,15.,2.759360248912));
#9361 = CARTESIAN_POINT('',(2.5,15.,2.759360248912));
#9362 = PCURVE('',#6196,#9363);
#9363 = DEFINITIONAL_REPRESENTATION('',(#9364),#9373);
#9364 = B_SPLINE_CURVE_WITH_KNOTS('',7,(#9365,#9366,#9367,#9368,#9369,
    #9370,#9371,#9372),.UNSPECIFIED.,.F.,.F.,(8,8),(0.,1.570796326795),
  .PIECEWISE_BEZIER_KNOTS.);
#9365 = CARTESIAN_POINT('',(-3.14159265359,3.14159265359));
#9366 = CARTESIAN_POINT('',(-3.14159265359,3.365991101575));
#9367 = CARTESIAN_POINT('',(-3.14159265359,3.590393384056));
#9368 = CARTESIAN_POINT('',(-3.14159265359,3.81478901077));
#9369 = CARTESIAN_POINT('',(-3.14159265359,4.039192623204));
#9370 = CARTESIAN_POINT('',(-3.14159265359,4.263588249919));
#9371 = CARTESIAN_POINT('',(-3.14159265359,4.487990532399));
#9372 = CARTESIAN_POINT('',(-3.14159265359,4.712388980385));
#9373 = ( GEOMETRIC_REPRESENTATION_CONTEXT(2) 
PARAMETRIC_REPRESENTATION_CONTEXT() REPRESENTATION_CONTEXT('2D SPACE',''
  ) );
#9374 = PCURVE('',#8942,#9375);
#9375 = DEFINITIONAL_REPRESENTATION('',(#9376),#9675);
#9376 = B_SPLINE_CURVE_WITH_KNOTS('',9,(#9377,#9378,#9379,#9380,#9381,
    #9382,#9383,#9384,#9385,#9386,#9387,#9388,#9389,#9390,#9391,#9392,
    #9393,#9394,#9395,#9396,#9397,#9398,#9399,#9400,#9401,#9402,#9403,
    #9404,#9405,#9406,#9407,#9408,#9409,#9410,#9411,#9412,#9413,#9414,
    #9415,#9416,#9417,#9418,#9419,#9420,#9421,#9422,#9423,#9424,#9425,
    #9426,#9427,#9428,#9429,#9430,#9431,#9432,#9433,#9434,#9435,#9436,
    #9437,#9438,#9439,#9440,#9441,#9442,#9443,#9444,#9445,#9446,#9447,
    #9448,#9449,#9450,#9451,#9452,#9453,#9454,#9455,#9456,#9457,#9458,
    #9459,#9460,#9461,#9462,#9463,#9464,#9465,#9466,#9467,#9468,#9469,
    #9470,#9471,#9472,#9473,#9474,#9475,#9476,#9477,#9478,#9479,#9480,
    #9481,#9482,#9483,#9484,#9485,#9486,#9487,#9488,#9489,#9490,#9491,
    #9492,#9493,#9494,#9495,#9496,#9497,#9498,#9499,#9500,#9501,#9502,
    #9503,#9504,#9505,#9506,#9507,#9508,#9509,#9510,#9511,#9512,#9513,
    #9514,#9515,#9516,#9517,#9518,#9519,#9520,#9521,#9522,#9523,#9524,
    #9525,#9526,#9527,#9528,#9529,#9530,#9531,#9532,#9533,#9534,#9535,
    #9536,#9537,#9538,#9539,#9540,#9541,#9542,#9543,#9544,#9545,#9546,
    #9547,#9548,#9549,#9550,#9551,#9552,#9553,#9554,#9555,#9556,#9557,
    #9558,#9559,#9560,#9561,#9562,#9563,#9564,#9565,#9566,#9567,#9568,
    #9569,#9570,#9571,#9572,#9573,#9574,#9575,#9576,#9577,#9578,#9579,
    #9580,#9581,#9582,#9583,#9584,#9585,#9586,#9587,#9588,#9589,#9590,
    #9591,#9592,#9593,#9594,#9595,#9596,#9597,#9598,#9599,#9600,#9601,
    #9602,#9603,#9604,#9605,#9606,#9607,#9608,#9609,#9610,#9611,#9612,
    #9613,#9614,#9615,#9616,#9617,#9618,#9619,#9620,#9621,#9622,#9623,
    #9624,#9625,#9626,#9627,#9628,#9629,#9630,#9631,#9632,#9633,#9634,
    #9635,#9636,#9637,#9638,#9639,#9640,#9641,#9642,#9643,#9644,#9645,
    #9646,#9647,#9648,#9649,#9650,#9651,#9652,#9653,#9654,#9655,#9656,
    #9657,#9658,#9659,#9660,#9661,#9662,#9663,#9664,#9665,#9666,#9667,
    #9668,#9669,#9670,#9671,#9672,#9673,#9674),.UNSPECIFIED.,.F.,.F.,(10
    ,8,8,8,8,8,8,8,8,8,8,8,8,8,8,8,8,8,8,8,8,8,8,8,8,8,8,8,8,8,8,8,8,8,8
    ,8,8,10),(0.,2.454369260617E-02,3.681553890926E-02,
    4.908738521234E-02,9.817477042468E-02,0.110446616728,0.116582539879,
    0.117349530273,0.118116520667,0.119650501455,0.122718463031,
    0.124252443819,0.125786424607,0.128854386182,0.134990309334,
    0.147262155637,0.196349540849,0.392699081699,0.589048622548,
    0.785398163397,0.883572933822,0.981747704247,1.006291396853,
    1.018563243156,1.020097223944,1.021631204732,1.024699166308,
    1.030835089459,1.036971012611,1.043106935762,1.055378782065,
    1.079922474671,1.178097245096,1.374446785946,1.47262155637,
    1.521708941583,1.546252634189,1.570796326795),.UNSPECIFIED.);
#9377 = CARTESIAN_POINT('',(0.355530919901,-0.52224634888));
#9378 = CARTESIAN_POINT('',(0.355009944339,-0.521031244968));
#9379 = CARTESIAN_POINT('',(0.354777525315,-0.520489084834));
#9380 = CARTESIAN_POINT('',(0.35477140561,-0.520474669551));
#9381 = CARTESIAN_POINT('',(0.354929328005,-0.520842800191));
#9382 = CARTESIAN_POINT('',(0.355189035281,-0.521448277825));
#9383 = CARTESIAN_POINT('',(0.35548827022,-0.522145903527));
#9384 = CARTESIAN_POINT('',(0.355764775602,-0.522790478368));
#9385 = CARTESIAN_POINT('',(0.35595629421,-0.52323680342));
#9386 = CARTESIAN_POINT('',(0.356022706131,-0.523391117923));
#9387 = CARTESIAN_POINT('',(0.356013760545,-0.523370643326));
#9388 = CARTESIAN_POINT('',(0.35593028695,-0.523175789115));
#9389 = CARTESIAN_POINT('',(0.355843906967,-0.5229756338));
#9390 = CARTESIAN_POINT('',(0.355696337546,-0.522633562922));
#9391 = CARTESIAN_POINT('',(0.355403005624,-0.521949782738));
#9392 = CARTESIAN_POINT('',(0.355031803811,-0.521081501116));
#9393 = CARTESIAN_POINT('',(0.354783542113,-0.520498690828));
#9394 = CARTESIAN_POINT('',(0.354217759215,-0.519168010046));
#9395 = CARTESIAN_POINT('',(0.353934935582,-0.518501109706));
#9396 = CARTESIAN_POINT('',(0.353652090507,-0.51783241556));
#9397 = CARTESIAN_POINT('',(0.353369134727,-0.517161693755));
#9398 = CARTESIAN_POINT('',(0.353085978982,-0.516488710434));
#9399 = CARTESIAN_POINT('',(0.352802534013,-0.515813231742));
#9400 = CARTESIAN_POINT('',(0.352518710558,-0.515135023823));
#9401 = CARTESIAN_POINT('',(0.352234419357,-0.514453852823));
#9402 = CARTESIAN_POINT('',(0.350810178317,-0.511032013137));
#9403 = CARTESIAN_POINT('',(0.349663518565,-0.508248474684));
#9404 = CARTESIAN_POINT('',(0.348499393047,-0.505389178942));
#9405 = CARTESIAN_POINT('',(0.347311872497,-0.502437708376));
#9406 = CARTESIAN_POINT('',(0.346095436097,-0.499378682216));
#9407 = CARTESIAN_POINT('',(0.344841110353,-0.496185520168));
#9408 = CARTESIAN_POINT('',(0.343532607959,-0.492808206133));
#9409 = CARTESIAN_POINT('',(0.342142466671,-0.489161051912));
#9410 = CARTESIAN_POINT('',(0.340249618555,-0.484097813183));
#9411 = CARTESIAN_POINT('',(0.339864176233,-0.483062790442));
#9412 = CARTESIAN_POINT('',(0.3394702375,-0.482000231417));
#9413 = CARTESIAN_POINT('',(0.339066178643,-0.480904974822));
#9414 = CARTESIAN_POINT('',(0.338650375951,-0.479771859367));
#9415 = CARTESIAN_POINT('',(0.338221205711,-0.478595723763));
#9416 = CARTESIAN_POINT('',(0.33777704421,-0.477371406724));
#9417 = CARTESIAN_POINT('',(0.337316267738,-0.47609374696));
#9418 = CARTESIAN_POINT('',(0.336597745002,-0.474089501294));
#9419 = CARTESIAN_POINT('',(0.336350728718,-0.473398322103));
#9420 = CARTESIAN_POINT('',(0.336105132344,-0.472709485611));
#9421 = CARTESIAN_POINT('',(0.335853095894,-0.472000141985));
#9422 = CARTESIAN_POINT('',(0.335588096027,-0.471251286083));
#9423 = CARTESIAN_POINT('',(0.33531267326,-0.470469983585));
#9424 = CARTESIAN_POINT('',(0.335035761131,-0.469681688735));
#9425 = CARTESIAN_POINT('',(0.334759617315,-0.468892653682));
#9426 = CARTESIAN_POINT('',(0.33441844912,-0.467913651394));
#9427 = CARTESIAN_POINT('',(0.334392701786,-0.467839859753));
#9428 = CARTESIAN_POINT('',(0.334337667417,-0.467681660616));
#9429 = CARTESIAN_POINT('',(0.334289353099,-0.467542676378));
#9430 = CARTESIAN_POINT('',(0.334274163737,-0.467499018562));
#9431 = CARTESIAN_POINT('',(0.334269511451,-0.467485822912));
#9432 = CARTESIAN_POINT('',(0.334212090942,-0.467320846715));
#9433 = CARTESIAN_POINT('',(0.334053820795,-0.466865128367));
#9434 = CARTESIAN_POINT('',(0.333677080691,-0.465776289967));
#9435 = CARTESIAN_POINT('',(0.333439828515,-0.465089964823));
#9436 = CARTESIAN_POINT('',(0.333156210748,-0.464266924134));
#9437 = CARTESIAN_POINT('',(0.332828743919,-0.463312358298));
#9438 = CARTESIAN_POINT('',(0.332459944561,-0.462231457711));
#9439 = CARTESIAN_POINT('',(0.332052329205,-0.461029412772));
#9440 = CARTESIAN_POINT('',(0.331608414384,-0.459711413879));
#9441 = CARTESIAN_POINT('',(0.331130716627,-0.458282651429));
#9442 = CARTESIAN_POINT('',(0.329603824147,-0.453679644603));
#9443 = CARTESIAN_POINT('',(0.328464295166,-0.450188593001));
#9444 = CARTESIAN_POINT('',(0.327222862085,-0.446317016153));
#9445 = CARTESIAN_POINT('',(0.325899221466,-0.442106769193));
#9446 = CARTESIAN_POINT('',(0.324513069871,-0.43759970726));
#9447 = CARTESIAN_POINT('',(0.323084103861,-0.432837685489));
#9448 = CARTESIAN_POINT('',(0.32163202,-0.427862559018));
#9449 = CARTESIAN_POINT('',(0.320176514848,-0.422716182982));
#9450 = CARTESIAN_POINT('',(0.315858825207,-0.406888871592));
#9451 = CARTESIAN_POINT('',(0.313037771732,-0.395839790028));
#9452 = CARTESIAN_POINT('',(0.310372374101,-0.384553462086));
#9453 = CARTESIAN_POINT('',(0.307937467141,-0.373285217743));
#9454 = CARTESIAN_POINT('',(0.305784470945,-0.36228542269));
#9455 = CARTESIAN_POINT('',(0.303941390872,-0.351799478334));
#9456 = CARTESIAN_POINT('',(0.302412817547,-0.342067821797));
#9457 = CARTESIAN_POINT('',(0.301179926862,-0.333325925915));
#9458 = CARTESIAN_POINT('',(0.299710756531,-0.322043485906));
#9459 = CARTESIAN_POINT('',(0.299284723995,-0.318587009462));
#9460 = CARTESIAN_POINT('',(0.298919936838,-0.315464296156));
#9461 = CARTESIAN_POINT('',(0.298613949535,-0.312704772235));
#9462 = CARTESIAN_POINT('',(0.298364316556,-0.310337863943));
#9463 = CARTESIAN_POINT('',(0.298168592375,-0.308392997527));
#9464 = CARTESIAN_POINT('',(0.298024331465,-0.306899599232));
#9465 = CARTESIAN_POINT('',(0.297929088297,-0.305887095304));
#9466 = CARTESIAN_POINT('',(0.297831746392,-0.304882728674));
#9467 = CARTESIAN_POINT('',(0.297852498053,-0.305094536387));
#9468 = CARTESIAN_POINT('',(0.29782445662,-0.30480502559));
#9469 = CARTESIAN_POINT('',(0.297797641972,-0.304527089987));
#9470 = CARTESIAN_POINT('',(0.297793043674,-0.304476589257));
#9471 = CARTESIAN_POINT('',(0.29778485743,-0.304389150692));
#9472 = CARTESIAN_POINT('',(0.297759517345,-0.304125417129));
#9473 = CARTESIAN_POINT('',(0.297748817461,-0.304011148499));
#9474 = CARTESIAN_POINT('',(0.297705613106,-0.303553456166));
#9475 = CARTESIAN_POINT('',(0.297677190934,-0.303250535983));
#9476 = CARTESIAN_POINT('',(0.297649141146,-0.302949774322));
#9477 = CARTESIAN_POINT('',(0.297621455396,-0.302651121668));
#9478 = CARTESIAN_POINT('',(0.297594125335,-0.302354528504));
#9479 = CARTESIAN_POINT('',(0.297567142618,-0.302059945315));
#9480 = CARTESIAN_POINT('',(0.297540498897,-0.301767322583));
#9481 = CARTESIAN_POINT('',(0.297514185825,-0.301476610794));
#9482 = CARTESIAN_POINT('',(0.297436213515,-0.300610059705));
#9483 = CARTESIAN_POINT('',(0.29738551276,-0.30003975521));
#9484 = CARTESIAN_POINT('',(0.297336047143,-0.299476574681));
#9485 = CARTESIAN_POINT('',(0.297287771015,-0.29892024585));
#9486 = CARTESIAN_POINT('',(0.297240638727,-0.298370496453));
#9487 = CARTESIAN_POINT('',(0.297194604631,-0.297827054222));
#9488 = CARTESIAN_POINT('',(0.297149623079,-0.297289646893));
#9489 = CARTESIAN_POINT('',(0.297105648423,-0.296758002197));
#9490 = CARTESIAN_POINT('',(0.296976608195,-0.295179539217));
#9491 = CARTESIAN_POINT('',(0.296894377372,-0.29414889876));
#9492 = CARTESIAN_POINT('',(0.296815746866,-0.293138747035));
#9493 = CARTESIAN_POINT('',(0.296740520995,-0.292147904581));
#9494 = CARTESIAN_POINT('',(0.296668504081,-0.291175191935));
#9495 = CARTESIAN_POINT('',(0.296599500442,-0.290219429634));
#9496 = CARTESIAN_POINT('',(0.296533314398,-0.289279438216));
#9497 = CARTESIAN_POINT('',(0.296469750271,-0.288354038218));
#9498 = CARTESIAN_POINT('',(0.296164060808,-0.283794098013));
#9499 = CARTESIAN_POINT('',(0.295958460524,-0.280361422348));
#9500 = CARTESIAN_POINT('',(0.295785513926,-0.277105836619));
#9501 = CARTESIAN_POINT('',(0.295639928377,-0.273994971887));
#9502 = CARTESIAN_POINT('',(0.295517416197,-0.271002276834));
#9503 = CARTESIAN_POINT('',(0.295414694667,-0.26810701777));
#9504 = CARTESIAN_POINT('',(0.295329486029,-0.265294278624));
#9505 = CARTESIAN_POINT('',(0.295260517483,-0.262554960951));
#9506 = CARTESIAN_POINT('',(0.294995536019,-0.249209075839));
#9507 = CARTESIAN_POINT('',(0.295019603598,-0.239536127236));
#9508 = CARTESIAN_POINT('',(0.29522501258,-0.230426531828));
#9509 = CARTESIAN_POINT('',(0.295580178509,-0.221598399009));
#9510 = CARTESIAN_POINT('',(0.296074747902,-0.212877795636));
#9511 = CARTESIAN_POINT('',(0.296717702332,-0.204148187814));
#9512 = CARTESIAN_POINT('',(0.297535462512,-0.195299882671));
#9513 = CARTESIAN_POINT('',(0.298569992375,-0.186179470144));
#9514 = CARTESIAN_POINT('',(0.301183813942,-0.166899059367));
#9515 = CARTESIAN_POINT('',(0.302701971094,-0.156872770895));
#9516 = CARTESIAN_POINT('',(0.304829645353,-0.145666866225));
#9517 = CARTESIAN_POINT('',(0.307087258149,-0.134179861631));
#9518 = CARTESIAN_POINT('',(0.309909939239,-0.121282578907));
#9519 = CARTESIAN_POINT('',(0.314112863097,-0.105548280042));
#9520 = CARTESIAN_POINT('',(0.319650441028,-8.821149168508E-02));
#9521 = CARTESIAN_POINT('',(0.325290445966,-7.313433067011E-02));
#9522 = CARTESIAN_POINT('',(0.336357847857,-4.598395300936E-02));
#9523 = CARTESIAN_POINT('',(0.341777953542,-3.409788400404E-02));
#9524 = CARTESIAN_POINT('',(0.34689619477,-2.37813770064E-02));
#9525 = CARTESIAN_POINT('',(0.351745672386,-1.464238704894E-02));
#9526 = CARTESIAN_POINT('',(0.356435704964,-6.275642745373E-03));
#9527 = CARTESIAN_POINT('',(0.361062280822,1.593119338377E-03));
#9528 = CARTESIAN_POINT('',(0.365674114376,9.077946673755E-03));
#9529 = CARTESIAN_POINT('',(0.370294306824,1.621848911958E-02));
#9530 = CARTESIAN_POINT('',(0.377349263336,2.666202088902E-02));
#9531 = CARTESIAN_POINT('',(0.379723691114,3.009700922683E-02));
#9532 = CARTESIAN_POINT('',(0.382129956228,3.350264273093E-02));
#9533 = CARTESIAN_POINT('',(0.384577672069,3.689418861547E-02));
#9534 = CARTESIAN_POINT('',(0.387077003686,4.028534722365E-02));
#9535 = CARTESIAN_POINT('',(0.389638667791,4.368825202794E-02));
#9536 = CARTESIAN_POINT('',(0.392273932757,4.711346962984E-02));
#9537 = CARTESIAN_POINT('',(0.394994618617,5.056999976009E-02));
#9538 = CARTESIAN_POINT('',(0.400631575512,5.756055079693E-02));
#9539 = CARTESIAN_POINT('',(0.40358535631,6.113356731639E-02));
#9540 = CARTESIAN_POINT('',(0.406372767462,6.449212647347E-02));
#9541 = CARTESIAN_POINT('',(0.410162717321,6.877781771119E-02));
#9542 = CARTESIAN_POINT('',(0.412532526541,7.163673587526E-02));
#9543 = CARTESIAN_POINT('',(0.417832538773,7.744576068757E-02));
#9544 = CARTESIAN_POINT('',(0.421543015923,8.13321241367E-02));
#9545 = CARTESIAN_POINT('',(0.424880393328,8.485199618557E-02));
#9546 = CARTESIAN_POINT('',(0.430794890714,9.082607724768E-02));
#9547 = CARTESIAN_POINT('',(0.432071679098,9.210593305192E-02));
#9548 = CARTESIAN_POINT('',(0.433443212405,9.347015128234E-02));
#9549 = CARTESIAN_POINT('',(0.434940370349,9.494730383799E-02));
#9550 = CARTESIAN_POINT('',(0.436615870908,9.658544754968E-02));
#9551 = CARTESIAN_POINT('',(0.438536084893,9.844236004745E-02));
#9552 = CARTESIAN_POINT('',(0.440772850513,0.100575775628));
#9553 = CARTESIAN_POINT('',(0.443395287949,0.10303362112));
#9554 = CARTESIAN_POINT('',(0.447994776904,0.107249567072));
#9555 = CARTESIAN_POINT('',(0.449600432697,0.108714499416));
#9556 = CARTESIAN_POINT('',(0.451466066047,0.110379400896));
#9557 = CARTESIAN_POINT('',(0.453353962759,0.112064209691));
#9558 = CARTESIAN_POINT('',(0.455360737277,0.113840749165));
#9559 = CARTESIAN_POINT('',(0.457722237166,0.115885870979));
#9560 = CARTESIAN_POINT('',(0.460408681872,0.118176518784));
#9561 = CARTESIAN_POINT('',(0.463254893033,0.120587789057));
#9562 = CARTESIAN_POINT('',(0.467884921299,0.124375975227));
#9563 = CARTESIAN_POINT('',(0.468417729557,0.124810674433));
#9564 = CARTESIAN_POINT('',(0.468970799544,0.125260638305));
#9565 = CARTESIAN_POINT('',(0.469547518935,0.125728441618));
#9566 = CARTESIAN_POINT('',(0.470152762019,0.12621775889));
#9567 = CARTESIAN_POINT('',(0.470792889703,0.126733364381));
#9568 = CARTESIAN_POINT('',(0.471475749511,0.127281132094));
#9569 = CARTESIAN_POINT('',(0.472210675583,0.127868035772));
#9570 = CARTESIAN_POINT('',(0.473806301768,0.129136262031));
#9571 = CARTESIAN_POINT('',(0.474665482599,0.129815966433));
#9572 = CARTESIAN_POINT('',(0.475577367002,0.130535576269));
#9573 = CARTESIAN_POINT('',(0.476788072399,0.131484389248));
#9574 = CARTESIAN_POINT('',(0.478191137773,0.132575811364));
#9575 = CARTESIAN_POINT('',(0.479518168749,0.133598621158));
#9576 = CARTESIAN_POINT('',(0.480754769247,0.134542369119));
#9577 = CARTESIAN_POINT('',(0.482209041151,0.135648907794));
#9578 = CARTESIAN_POINT('',(0.486561718042,0.138928329065));
#9579 = CARTESIAN_POINT('',(0.489646183059,0.141216454956));
#9580 = CARTESIAN_POINT('',(0.492892243295,0.143582615416));
#9581 = CARTESIAN_POINT('',(0.496279038887,0.146004928756));
#9582 = CARTESIAN_POINT('',(0.499785935317,0.148463442073));
#9583 = CARTESIAN_POINT('',(0.503392523411,0.150940131251));
#9584 = CARTESIAN_POINT('',(0.507078619336,0.15341890096));
#9585 = CARTESIAN_POINT('',(0.510824264605,0.155885584658));
#9586 = CARTESIAN_POINT('',(0.522180649007,0.163212664445));
#9587 = CARTESIAN_POINT('',(0.529912447749,0.167992806546));
#9588 = CARTESIAN_POINT('',(0.537671200686,0.172593911213));
#9589 = CARTESIAN_POINT('',(0.54533640891,0.176956215794));
#9590 = CARTESIAN_POINT('',(0.552800996222,0.181034654655));
#9591 = CARTESIAN_POINT('',(0.559971309122,0.184798859184));
#9592 = CARTESIAN_POINT('',(0.566767116818,0.18823315779));
#9593 = CARTESIAN_POINT('',(0.573121611223,0.191336575902));
#9594 = CARTESIAN_POINT('',(0.584841202685,0.19690909604));
#9595 = CARTESIAN_POINT('',(0.59019573189,0.199367027711));
#9596 = CARTESIAN_POINT('',(0.595002040216,0.20150697941));
#9597 = CARTESIAN_POINT('',(0.599223523701,0.203338354716));
#9598 = CARTESIAN_POINT('',(0.602829928776,0.204869612371));
#9599 = CARTESIAN_POINT('',(0.605797352261,0.206108266268));
#9600 = CARTESIAN_POINT('',(0.608108241372,0.20706088546));
#9601 = CARTESIAN_POINT('',(0.609751393714,0.207733094157));
#9602 = CARTESIAN_POINT('',(0.611692520855,0.208526049292));
#9603 = CARTESIAN_POINT('',(0.611760841787,0.208552430935));
#9604 = CARTESIAN_POINT('',(0.612266860864,0.208758564317));
#9605 = CARTESIAN_POINT('',(0.612828613356,0.208986759841));
#9606 = CARTESIAN_POINT('',(0.613197053552,0.209134926514));
#9607 = CARTESIAN_POINT('',(0.61353963942,0.209272488713));
#9608 = CARTESIAN_POINT('',(0.613998600299,0.209457903637));
#9609 = CARTESIAN_POINT('',(0.61436981051,0.20960659925));
#9610 = CARTESIAN_POINT('',(0.615504954281,0.210061258977));
#9611 = CARTESIAN_POINT('',(0.616226874101,0.210349304358));
#9612 = CARTESIAN_POINT('',(0.616918346503,0.210624123596));
#9613 = CARTESIAN_POINT('',(0.617583766766,0.210887551649));
#9614 = CARTESIAN_POINT('',(0.618227530166,0.211141423477));
#9615 = CARTESIAN_POINT('',(0.618854031981,0.21138757404));
#9616 = CARTESIAN_POINT('',(0.619467667488,0.211627838298));
#9617 = CARTESIAN_POINT('',(0.620072831964,0.21186405121));
#9618 = CARTESIAN_POINT('',(0.621876098133,0.212566040788));
#9619 = CARTESIAN_POINT('',(0.62304576757,0.21301874447));
#9620 = CARTESIAN_POINT('',(0.6242284174,0.213473335096));
#9621 = CARTESIAN_POINT('',(0.6254580946,0.213942534646));
#9622 = CARTESIAN_POINT('',(0.626757404715,0.214434610766));
#9623 = CARTESIAN_POINT('',(0.628137511864,0.21495337677));
#9624 = CARTESIAN_POINT('',(0.629598138738,0.215498191637));
#9625 = CARTESIAN_POINT('',(0.631127566599,0.216063960011));
#9626 = CARTESIAN_POINT('',(0.639002910003,0.218949820977));
#9627 = CARTESIAN_POINT('',(0.645970058733,0.221434513425));
#9628 = CARTESIAN_POINT('',(0.653201177048,0.223858402966));
#9629 = CARTESIAN_POINT('',(0.657832011368,0.225336132788));
#9630 = CARTESIAN_POINT('',(0.662531857968,0.226824109548));
#9631 = CARTESIAN_POINT('',(0.668292355833,0.22862982349));
#9632 = CARTESIAN_POINT('',(0.673154536017,0.230059849956));
#9633 = CARTESIAN_POINT('',(0.67830992988,0.231563513628));
#9634 = CARTESIAN_POINT('',(0.693289075005,0.235772482287));
#9635 = CARTESIAN_POINT('',(0.702993935825,0.23832841793));
#9636 = CARTESIAN_POINT('',(0.712628593365,0.240706010832));
#9637 = CARTESIAN_POINT('',(0.72233675773,0.242950919192));
#9638 = CARTESIAN_POINT('',(0.732217181168,0.245088414806));
#9639 = CARTESIAN_POINT('',(0.742346022757,0.247129039195));
#9640 = CARTESIAN_POINT('',(0.752799213082,0.249074259723));
#9641 = CARTESIAN_POINT('',(0.763674818927,0.250922125728));
#9642 = CARTESIAN_POINT('',(0.780835702464,0.253548324096));
#9643 = CARTESIAN_POINT('',(0.786694062394,0.254401374613));
#9644 = CARTESIAN_POINT('',(0.792705759691,0.255229116617));
#9645 = CARTESIAN_POINT('',(0.798886066303,0.256028590533));
#9646 = CARTESIAN_POINT('',(0.805250254179,0.256796836789));
#9647 = CARTESIAN_POINT('',(0.811813595268,0.25753089581));
#9648 = CARTESIAN_POINT('',(0.818591361518,0.258227808023));
#9649 = CARTESIAN_POINT('',(0.825598824879,0.258884613854));
#9650 = CARTESIAN_POINT('',(0.836477473508,0.259805223666));
#9651 = CARTESIAN_POINT('',(0.840165080064,0.260100802637));
#9652 = CARTESIAN_POINT('',(0.843915404085,0.260384241745));
#9653 = CARTESIAN_POINT('',(0.84772977269,0.260654692092));
#9654 = CARTESIAN_POINT('',(0.851609513,0.260911304782));
#9655 = CARTESIAN_POINT('',(0.855555952133,0.261153230919));
#9656 = CARTESIAN_POINT('',(0.85957041721,0.261379621606));
#9657 = CARTESIAN_POINT('',(0.86365423535,0.261589627946));
#9658 = CARTESIAN_POINT('',(0.869885982834,0.26187878759));
#9659 = CARTESIAN_POINT('',(0.871952311391,0.26197018199));
#9660 = CARTESIAN_POINT('',(0.874075441769,0.262058019738));
#9661 = CARTESIAN_POINT('',(0.876247421708,0.262141960943));
#9662 = CARTESIAN_POINT('',(0.878424104796,0.262220826244));
#9663 = CARTESIAN_POINT('',(0.88056463099,0.262293532729));
#9664 = CARTESIAN_POINT('',(0.882670907149,0.26236002985));
#9665 = CARTESIAN_POINT('',(0.884827087555,0.262422235338));
#9666 = CARTESIAN_POINT('',(0.889651021334,0.262547706914));
#9667 = CARTESIAN_POINT('',(0.892114328996,0.262602659438));
#9668 = CARTESIAN_POINT('',(0.892254496283,0.262601326916));
#9669 = CARTESIAN_POINT('',(0.891638321097,0.262587952265));
#9670 = CARTESIAN_POINT('',(0.891192380958,0.262581088001));
#9671 = CARTESIAN_POINT('',(0.890765223041,0.262571037156));
#9672 = CARTESIAN_POINT('',(0.890472978997,0.262562087242));
#9673 = CARTESIAN_POINT('',(0.891468139907,0.262588454246));
#9674 = CARTESIAN_POINT('',(0.893771226697,0.262632853698));
#9675 = ( GEOMETRIC_REPRESENTATION_CONTEXT(2) 
PARAMETRIC_REPRESENTATION_CONTEXT() REPRESENTATION_CONTEXT('2D SPACE',''
  ) );
#9676 = ORIENTED_EDGE('',*,*,#9677,.F.);
#9677 = EDGE_CURVE('',#9269,#9351,#9678,.T.);
#9678 = SURFACE_CURVE('',#9679,(#9684,#9691),.PCURVE_S1.);
#9679 = CIRCLE('',#9680,2.5);
#9680 = AXIS2_PLACEMENT_3D('',#9681,#9682,#9683);
#9681 = CARTESIAN_POINT('',(0.,15.,2.759360248912));
#9682 = DIRECTION('',(0.,0.,1.));
#9683 = DIRECTION('',(-1.,0.,0.));
#9684 = PCURVE('',#6196,#9685);
#9685 = DEFINITIONAL_REPRESENTATION('',(#9686),#9690);
#9686 = LINE('',#9687,#9688);
#9687 = CARTESIAN_POINT('',(-0.,4.712388980385));
#9688 = VECTOR('',#9689,1.);
#9689 = DIRECTION('',(-1.,0.));
#9690 = ( GEOMETRIC_REPRESENTATION_CONTEXT(2) 
PARAMETRIC_REPRESENTATION_CONTEXT() REPRESENTATION_CONTEXT('2D SPACE',''
  ) );
#9691 = PCURVE('',#9692,#9697);
#9692 = PLANE('',#9693);
#9693 = AXIS2_PLACEMENT_3D('',#9694,#9695,#9696);
#9694 = CARTESIAN_POINT('',(-2.279066887566E-16,15.,2.759360248912));
#9695 = DIRECTION('',(0.,0.,1.));
#9696 = DIRECTION('',(1.,0.,-0.));
#9697 = DEFINITIONAL_REPRESENTATION('',(#9698),#9702);
#9698 = CIRCLE('',#9699,2.5);
#9699 = AXIS2_PLACEMENT_2D('',#9700,#9701);
#9700 = CARTESIAN_POINT('',(2.279066887566E-16,0.));
#9701 = DIRECTION('',(-1.,0.));
#9702 = ( GEOMETRIC_REPRESENTATION_CONTEXT(2) 
PARAMETRIC_REPRESENTATION_CONTEXT() REPRESENTATION_CONTEXT('2D SPACE',''
  ) );
#9703 = ADVANCED_FACE('',(#9704),#6266,.T.);
#9704 = FACE_BOUND('',#9705,.T.);
#9705 = EDGE_LOOP('',(#9706,#9736,#9763,#9764));
#9706 = ORIENTED_EDGE('',*,*,#9707,.F.);
#9707 = EDGE_CURVE('',#9708,#9710,#9712,.T.);
#9708 = VERTEX_POINT('',#9709);
#9709 = CARTESIAN_POINT('',(-8.510499679325,-28.51049967932,7.5));
#9710 = VERTEX_POINT('',#9711);
#9711 = CARTESIAN_POINT('',(8.510499679325,-28.51049967932,7.5));
#9712 = SURFACE_CURVE('',#9713,(#9717,#9724),.PCURVE_S1.);
#9713 = LINE('',#9714,#9715);
#9714 = CARTESIAN_POINT('',(-9.476188454132,-28.51049967932,7.5));
#9715 = VECTOR('',#9716,1.);
#9716 = DIRECTION('',(1.,-0.,-0.));
#9717 = PCURVE('',#6266,#9718);
#9718 = DEFINITIONAL_REPRESENTATION('',(#9719),#9723);
#9719 = LINE('',#9720,#9721);
#9720 = CARTESIAN_POINT('',(0.,0.));
#9721 = VECTOR('',#9722,1.);
#9722 = DIRECTION('',(0.,1.));
#9723 = ( GEOMETRIC_REPRESENTATION_CONTEXT(2) 
PARAMETRIC_REPRESENTATION_CONTEXT() REPRESENTATION_CONTEXT('2D SPACE',''
  ) );
#9724 = PCURVE('',#9725,#9730);
#9725 = PLANE('',#9726);
#9726 = AXIS2_PLACEMENT_3D('',#9727,#9728,#9729);
#9727 = CARTESIAN_POINT('',(4.163336342344E-15,-30.,7.5));
#9728 = DIRECTION('',(0.,0.,1.));
#9729 = DIRECTION('',(1.,0.,-0.));
#9730 = DEFINITIONAL_REPRESENTATION('',(#9731),#9735);
#9731 = LINE('',#9732,#9733);
#9732 = CARTESIAN_POINT('',(-9.476188454132,1.489500320675));
#9733 = VECTOR('',#9734,1.);
#9734 = DIRECTION('',(1.,-0.));
#9735 = ( GEOMETRIC_REPRESENTATION_CONTEXT(2) 
PARAMETRIC_REPRESENTATION_CONTEXT() REPRESENTATION_CONTEXT('2D SPACE',''
  ) );
#9736 = ORIENTED_EDGE('',*,*,#9737,.F.);
#9737 = EDGE_CURVE('',#6249,#9708,#9738,.T.);
#9738 = SURFACE_CURVE('',#9739,(#9748,#9756),.PCURVE_S1.);
#9739 = B_SPLINE_CURVE_WITH_KNOTS('',7,(#9740,#9741,#9742,#9743,#9744,
    #9745,#9746,#9747),.UNSPECIFIED.,.F.,.F.,(8,8),(0.,1.),
  .PIECEWISE_BEZIER_KNOTS.);
#9740 = CARTESIAN_POINT('',(-8.510499679456,-29.50989050634,
    6.534899496702));
#9741 = CARTESIAN_POINT('',(-8.510499696416,-29.50223294129,
    6.754183468854));
#9742 = CARTESIAN_POINT('',(-8.51049649805,-29.43844461054,
    6.971475016675));
#9743 = CARTESIAN_POINT('',(-8.510532867794,-29.31913919256,
    7.169627460477));
#9744 = CARTESIAN_POINT('',(-8.510522034266,-29.15148579562,
    7.331504730717));
#9745 = CARTESIAN_POINT('',(-8.510499662715,-28.949324819,7.443833608884
    ));
#9746 = CARTESIAN_POINT('',(-8.510499679306,-28.72991306494,7.5));
#9747 = CARTESIAN_POINT('',(-8.510499679325,-28.51049967932,7.5));
#9748 = PCURVE('',#6266,#9749);
#9749 = DEFINITIONAL_REPRESENTATION('',(#9750),#9755);
#9750 = B_SPLINE_CURVE_WITH_KNOTS('',3,(#9751,#9752,#9753,#9754),
  .UNSPECIFIED.,.F.,.F.,(4,4),(0.,1.),.PIECEWISE_BEZIER_KNOTS.);
#9751 = CARTESIAN_POINT('',(1.535889741755,0.965688774543));
#9752 = CARTESIAN_POINT('',(1.023915259047,0.965688735014));
#9753 = CARTESIAN_POINT('',(0.511964566452,0.965688774807));
#9754 = CARTESIAN_POINT('',(-3.663735981263E-15,0.965688774807));
#9755 = ( GEOMETRIC_REPRESENTATION_CONTEXT(2) 
PARAMETRIC_REPRESENTATION_CONTEXT() REPRESENTATION_CONTEXT('2D SPACE',''
  ) );
#9756 = PCURVE('',#6483,#9757);
#9757 = DEFINITIONAL_REPRESENTATION('',(#9758),#9762);
#9758 = LINE('',#9759,#9760);
#9759 = CARTESIAN_POINT('',(0.,0.));
#9760 = VECTOR('',#9761,1.);
#9761 = DIRECTION('',(1.,0.));
#9762 = ( GEOMETRIC_REPRESENTATION_CONTEXT(2) 
PARAMETRIC_REPRESENTATION_CONTEXT() REPRESENTATION_CONTEXT('2D SPACE',''
  ) );
#9763 = ORIENTED_EDGE('',*,*,#6248,.T.);
#9764 = ORIENTED_EDGE('',*,*,#9765,.T.);
#9765 = EDGE_CURVE('',#6251,#9710,#9766,.T.);
#9766 = SURFACE_CURVE('',#9767,(#9776,#9784),.PCURVE_S1.);
#9767 = B_SPLINE_CURVE_WITH_KNOTS('',7,(#9768,#9769,#9770,#9771,#9772,
    #9773,#9774,#9775),.UNSPECIFIED.,.F.,.F.,(8,8),(0.,1.),
  .PIECEWISE_BEZIER_KNOTS.);
#9768 = CARTESIAN_POINT('',(8.510499679456,-29.50989050634,
    6.534899496702));
#9769 = CARTESIAN_POINT('',(8.510499696416,-29.50223294129,
    6.754183468854));
#9770 = CARTESIAN_POINT('',(8.51049649805,-29.43844461054,6.971475016675
    ));
#9771 = CARTESIAN_POINT('',(8.510532867794,-29.31913919256,
    7.169627460477));
#9772 = CARTESIAN_POINT('',(8.510522034266,-29.15148579562,
    7.331504730717));
#9773 = CARTESIAN_POINT('',(8.510499662715,-28.949324819,7.443833608883)
  );
#9774 = CARTESIAN_POINT('',(8.510499679306,-28.72991306494,7.5));
#9775 = CARTESIAN_POINT('',(8.510499679325,-28.51049967932,7.5));
#9776 = PCURVE('',#6266,#9777);
#9777 = DEFINITIONAL_REPRESENTATION('',(#9778),#9783);
#9778 = B_SPLINE_CURVE_WITH_KNOTS('',3,(#9779,#9780,#9781,#9782),
  .UNSPECIFIED.,.F.,.F.,(4,4),(0.,1.),.PIECEWISE_BEZIER_KNOTS.);
#9779 = CARTESIAN_POINT('',(1.535889741755,17.98668813372));
#9780 = CARTESIAN_POINT('',(1.023915259047,17.986688173249));
#9781 = CARTESIAN_POINT('',(0.511964566453,17.986688133457));
#9782 = CARTESIAN_POINT('',(-7.771561172376E-15,17.986688133456));
#9783 = ( GEOMETRIC_REPRESENTATION_CONTEXT(2) 
PARAMETRIC_REPRESENTATION_CONTEXT() REPRESENTATION_CONTEXT('2D SPACE',''
  ) );
#9784 = PCURVE('',#6362,#9785);
#9785 = DEFINITIONAL_REPRESENTATION('',(#9786),#9790);
#9786 = LINE('',#9787,#9788);
#9787 = CARTESIAN_POINT('',(0.,0.));
#9788 = VECTOR('',#9789,1.);
#9789 = DIRECTION('',(1.,0.));
#9790 = ( GEOMETRIC_REPRESENTATION_CONTEXT(2) 
PARAMETRIC_REPRESENTATION_CONTEXT() REPRESENTATION_CONTEXT('2D SPACE',''
  ) );
#9791 = ADVANCED_FACE('',(#9792),#6362,.F.);
#9792 = FACE_BOUND('',#9793,.F.);
#9793 = EDGE_LOOP('',(#9794,#9795,#9796));
#9794 = ORIENTED_EDGE('',*,*,#6348,.F.);
#9795 = ORIENTED_EDGE('',*,*,#9765,.T.);
#9796 = ORIENTED_EDGE('',*,*,#9797,.T.);
#9797 = EDGE_CURVE('',#9710,#6326,#9798,.T.);
#9798 = SURFACE_CURVE('',#9799,(#9809,#9815),.PCURVE_S1.);
#9799 = B_SPLINE_CURVE_WITH_KNOTS('',8,(#9800,#9801,#9802,#9803,#9804,
    #9805,#9806,#9807,#9808),.UNSPECIFIED.,.F.,.F.,(9,9),(0.,1.),
  .PIECEWISE_BEZIER_KNOTS.);
#9800 = CARTESIAN_POINT('',(8.510499679325,-28.51049967932,7.5));
#9801 = CARTESIAN_POINT('',(8.702485897044,-28.51049967932,7.5));
#9802 = CARTESIAN_POINT('',(8.894472166012,-28.51049967932,
    7.457875718356));
#9803 = CARTESIAN_POINT('',(9.075675040817,-28.51049967932,
    7.373627502346));
#9804 = CARTESIAN_POINT('',(9.235313159269,-28.51049967932,
    7.250566330327));
#9805 = CARTESIAN_POINT('',(9.363870655736,-28.51049967932,7.09532023207
    ));
#9806 = CARTESIAN_POINT('',(9.454391439141,-28.51049967932,
    6.917167961497));
#9807 = CARTESIAN_POINT('',(9.503190283972,-28.51049967932,
    6.726768761605));
#9808 = CARTESIAN_POINT('',(9.509890506344,-28.51049967932,
    6.534899496703));
#9809 = PCURVE('',#6362,#9810);
#9810 = DEFINITIONAL_REPRESENTATION('',(#9811),#9814);
#9811 = B_SPLINE_CURVE_WITH_KNOTS('',1,(#9812,#9813),.UNSPECIFIED.,.F.,
  .F.,(2,2),(0.,1.),.PIECEWISE_BEZIER_KNOTS.);
#9812 = CARTESIAN_POINT('',(1.,0.));
#9813 = CARTESIAN_POINT('',(1.,1.));
#9814 = ( GEOMETRIC_REPRESENTATION_CONTEXT(2) 
PARAMETRIC_REPRESENTATION_CONTEXT() REPRESENTATION_CONTEXT('2D SPACE',''
  ) );
#9815 = PCURVE('',#7113,#9816);
#9816 = DEFINITIONAL_REPRESENTATION('',(#9817),#9820);
#9817 = B_SPLINE_CURVE_WITH_KNOTS('',1,(#9818,#9819),.UNSPECIFIED.,.F.,
  .F.,(2,2),(0.,1.),.PIECEWISE_BEZIER_KNOTS.);
#9818 = CARTESIAN_POINT('',(0.,0.));
#9819 = CARTESIAN_POINT('',(1.535889741755,-1.944073128814E-15));
#9820 = ( GEOMETRIC_REPRESENTATION_CONTEXT(2) 
PARAMETRIC_REPRESENTATION_CONTEXT() REPRESENTATION_CONTEXT('2D SPACE',''
  ) );
#9821 = ADVANCED_FACE('',(#9822),#6483,.T.);
#9822 = FACE_BOUND('',#9823,.T.);
#9823 = EDGE_LOOP('',(#9824,#9825,#9826));
#9824 = ORIENTED_EDGE('',*,*,#6469,.F.);
#9825 = ORIENTED_EDGE('',*,*,#9737,.T.);
#9826 = ORIENTED_EDGE('',*,*,#9827,.T.);
#9827 = EDGE_CURVE('',#9708,#6447,#9828,.T.);
#9828 = SURFACE_CURVE('',#9829,(#9839,#9845),.PCURVE_S1.);
#9829 = B_SPLINE_CURVE_WITH_KNOTS('',8,(#9830,#9831,#9832,#9833,#9834,
    #9835,#9836,#9837,#9838),.UNSPECIFIED.,.F.,.F.,(9,9),(0.,1.),
  .PIECEWISE_BEZIER_KNOTS.);
#9830 = CARTESIAN_POINT('',(-8.510499679325,-28.51049967932,7.5));
#9831 = CARTESIAN_POINT('',(-8.702485897044,-28.51049967932,7.5));
#9832 = CARTESIAN_POINT('',(-8.894472166012,-28.51049967932,
    7.457875718356));
#9833 = CARTESIAN_POINT('',(-9.075675040817,-28.51049967932,
    7.373627502346));
#9834 = CARTESIAN_POINT('',(-9.235313159269,-28.51049967932,
    7.250566330327));
#9835 = CARTESIAN_POINT('',(-9.363870655736,-28.51049967932,
    7.09532023207));
#9836 = CARTESIAN_POINT('',(-9.454391439141,-28.51049967932,
    6.917167961497));
#9837 = CARTESIAN_POINT('',(-9.503190283972,-28.51049967932,
    6.726768761605));
#9838 = CARTESIAN_POINT('',(-9.509890506344,-28.51049967932,
    6.534899496703));
#9839 = PCURVE('',#6483,#9840);
#9840 = DEFINITIONAL_REPRESENTATION('',(#9841),#9844);
#9841 = B_SPLINE_CURVE_WITH_KNOTS('',1,(#9842,#9843),.UNSPECIFIED.,.F.,
  .F.,(2,2),(0.,1.),.PIECEWISE_BEZIER_KNOTS.);
#9842 = CARTESIAN_POINT('',(1.,0.));
#9843 = CARTESIAN_POINT('',(1.,1.));
#9844 = ( GEOMETRIC_REPRESENTATION_CONTEXT(2) 
PARAMETRIC_REPRESENTATION_CONTEXT() REPRESENTATION_CONTEXT('2D SPACE',''
  ) );
#9845 = PCURVE('',#7198,#9846);
#9846 = DEFINITIONAL_REPRESENTATION('',(#9847),#9850);
#9847 = B_SPLINE_CURVE_WITH_KNOTS('',1,(#9848,#9849),.UNSPECIFIED.,.F.,
  .F.,(2,2),(0.,1.),.PIECEWISE_BEZIER_KNOTS.);
#9848 = CARTESIAN_POINT('',(0.,0.));
#9849 = CARTESIAN_POINT('',(-1.535889741755,-2.055163021889E-15));
#9850 = ( GEOMETRIC_REPRESENTATION_CONTEXT(2) 
PARAMETRIC_REPRESENTATION_CONTEXT() REPRESENTATION_CONTEXT('2D SPACE',''
  ) );
#9851 = ADVANCED_FACE('',(#9852),#6606,.T.);
#9852 = FACE_BOUND('',#9853,.T.);
#9853 = EDGE_LOOP('',(#9854,#9885,#9886,#9908));
#9854 = ORIENTED_EDGE('',*,*,#9855,.T.);
#9855 = EDGE_CURVE('',#9856,#6591,#9858,.T.);
#9856 = VERTEX_POINT('',#9857);
#9857 = CARTESIAN_POINT('',(8.510499679325,24.310491562286,7.5));
#9858 = SURFACE_CURVE('',#9859,(#9867,#9879),.PCURVE_S1.);
#9859 = B_SPLINE_CURVE_WITH_KNOTS('',6,(#9860,#9861,#9862,#9863,#9864,
    #9865,#9866),.UNSPECIFIED.,.F.,.F.,(7,7),(0.,1.),
  .PIECEWISE_BEZIER_KNOTS.);
#9860 = CARTESIAN_POINT('',(8.510499679325,24.310491562286,7.5));
#9861 = CARTESIAN_POINT('',(8.76648130295,24.310491562286,7.5));
#9862 = CARTESIAN_POINT('',(9.022443620651,24.310491562286,
    7.421384055582));
#9863 = CARTESIAN_POINT('',(9.24833007977,24.310491562287,7.264045746098
    ));
#9864 = CARTESIAN_POINT('',(9.413455866743,24.310491562286,
    7.043787918719));
#9865 = CARTESIAN_POINT('',(9.500956876514,24.310491562286,6.79072518324
    ));
#9866 = CARTESIAN_POINT('',(9.509890506344,24.310491562286,
    6.534899496703));
#9867 = PCURVE('',#6606,#9868);
#9868 = DEFINITIONAL_REPRESENTATION('',(#9869),#9878);
#9869 = B_SPLINE_CURVE_WITH_KNOTS('',7,(#9870,#9871,#9872,#9873,#9874,
    #9875,#9876,#9877),.UNSPECIFIED.,.F.,.F.,(8,8),(0.,1.),
  .PIECEWISE_BEZIER_KNOTS.);
#9870 = CARTESIAN_POINT('',(-1.110223024625E-16,-4.388012970258E-16));
#9871 = CARTESIAN_POINT('',(0.219412820251,-4.388012970258E-16));
#9872 = CARTESIAN_POINT('',(0.438809460562,-4.388012970257E-16));
#9873 = CARTESIAN_POINT('',(0.658279794575,-4.388012970258E-16));
#9874 = CARTESIAN_POINT('',(0.87760994718,-4.388012970257E-16));
#9875 = CARTESIAN_POINT('',(1.097080281193,-4.388012970258E-16));
#9876 = CARTESIAN_POINT('',(1.316476921504,-4.388012970257E-16));
#9877 = CARTESIAN_POINT('',(1.535889741755,-4.388012970258E-16));
#9878 = ( GEOMETRIC_REPRESENTATION_CONTEXT(2) 
PARAMETRIC_REPRESENTATION_CONTEXT() REPRESENTATION_CONTEXT('2D SPACE',''
  ) );
#9879 = PCURVE('',#6642,#9880);
#9880 = DEFINITIONAL_REPRESENTATION('',(#9881),#9884);
#9881 = B_SPLINE_CURVE_WITH_KNOTS('',1,(#9882,#9883),.UNSPECIFIED.,.F.,
  .F.,(2,2),(0.,1.),.PIECEWISE_BEZIER_KNOTS.);
#9882 = CARTESIAN_POINT('',(1.,0.));
#9883 = CARTESIAN_POINT('',(1.,1.));
#9884 = ( GEOMETRIC_REPRESENTATION_CONTEXT(2) 
PARAMETRIC_REPRESENTATION_CONTEXT() REPRESENTATION_CONTEXT('2D SPACE',''
  ) );
#9885 = ORIENTED_EDGE('',*,*,#6590,.T.);
#9886 = ORIENTED_EDGE('',*,*,#9887,.F.);
#9887 = EDGE_CURVE('',#9888,#6568,#9890,.T.);
#9888 = VERTEX_POINT('',#9889);
#9889 = CARTESIAN_POINT('',(8.510499679325,28.510499679325,7.5));
#9890 = SURFACE_CURVE('',#9891,(#9896,#9902),.PCURVE_S1.);
#9891 = CIRCLE('',#9892,1.);
#9892 = AXIS2_PLACEMENT_3D('',#9893,#9894,#9895);
#9893 = CARTESIAN_POINT('',(8.510499679325,28.510499679325,6.5));
#9894 = DIRECTION('',(-0.,1.,0.));
#9895 = DIRECTION('',(0.,0.,1.));
#9896 = PCURVE('',#6606,#9897);
#9897 = DEFINITIONAL_REPRESENTATION('',(#9898),#9901);
#9898 = B_SPLINE_CURVE_WITH_KNOTS('',1,(#9899,#9900),.UNSPECIFIED.,.F.,
  .F.,(2,2),(0.,1.535889741755),.PIECEWISE_BEZIER_KNOTS.);
#9899 = CARTESIAN_POINT('',(0.,4.200008117038));
#9900 = CARTESIAN_POINT('',(1.535889741755,4.200008117038));
#9901 = ( GEOMETRIC_REPRESENTATION_CONTEXT(2) 
PARAMETRIC_REPRESENTATION_CONTEXT() REPRESENTATION_CONTEXT('2D SPACE',''
  ) );
#9902 = PCURVE('',#7505,#9903);
#9903 = DEFINITIONAL_REPRESENTATION('',(#9904),#9907);
#9904 = B_SPLINE_CURVE_WITH_KNOTS('',1,(#9905,#9906),.UNSPECIFIED.,.F.,
  .F.,(2,2),(0.,1.535889741755),.PIECEWISE_BEZIER_KNOTS.);
#9905 = CARTESIAN_POINT('',(0.,0.));
#9906 = CARTESIAN_POINT('',(0.,1.));
#9907 = ( GEOMETRIC_REPRESENTATION_CONTEXT(2) 
PARAMETRIC_REPRESENTATION_CONTEXT() REPRESENTATION_CONTEXT('2D SPACE',''
  ) );
#9908 = ORIENTED_EDGE('',*,*,#9909,.F.);
#9909 = EDGE_CURVE('',#9856,#9888,#9910,.T.);
#9910 = SURFACE_CURVE('',#9911,(#9915,#9922),.PCURVE_S1.);
#9911 = LINE('',#9912,#9913);
#9912 = CARTESIAN_POINT('',(8.510499679325,24.310491562286,7.5));
#9913 = VECTOR('',#9914,1.);
#9914 = DIRECTION('',(-0.,1.,-0.));
#9915 = PCURVE('',#6606,#9916);
#9916 = DEFINITIONAL_REPRESENTATION('',(#9917),#9921);
#9917 = LINE('',#9918,#9919);
#9918 = CARTESIAN_POINT('',(0.,0.));
#9919 = VECTOR('',#9920,1.);
#9920 = DIRECTION('',(0.,1.));
#9921 = ( GEOMETRIC_REPRESENTATION_CONTEXT(2) 
PARAMETRIC_REPRESENTATION_CONTEXT() REPRESENTATION_CONTEXT('2D SPACE',''
  ) );
#9922 = PCURVE('',#9923,#9928);
#9923 = PLANE('',#9924);
#9924 = AXIS2_PLACEMENT_3D('',#9925,#9926,#9927);
#9925 = CARTESIAN_POINT('',(0.,24.,7.5));
#9926 = DIRECTION('',(0.,0.,1.));
#9927 = DIRECTION('',(1.,0.,-0.));
#9928 = DEFINITIONAL_REPRESENTATION('',(#9929),#9933);
#9929 = LINE('',#9930,#9931);
#9930 = CARTESIAN_POINT('',(8.510499679325,0.310491562286));
#9931 = VECTOR('',#9932,1.);
#9932 = DIRECTION('',(0.,1.));
#9933 = ( GEOMETRIC_REPRESENTATION_CONTEXT(2) 
PARAMETRIC_REPRESENTATION_CONTEXT() REPRESENTATION_CONTEXT('2D SPACE',''
  ) );
#9934 = ADVANCED_FACE('',(#9935),#7113,.T.);
#9935 = FACE_BOUND('',#9936,.T.);
#9936 = EDGE_LOOP('',(#9937,#9938,#9939,#10048));
#9937 = ORIENTED_EDGE('',*,*,#9797,.T.);
#9938 = ORIENTED_EDGE('',*,*,#7099,.T.);
#9939 = ORIENTED_EDGE('',*,*,#9940,.F.);
#9940 = EDGE_CURVE('',#9941,#6700,#9943,.T.);
#9941 = VERTEX_POINT('',#9942);
#9942 = CARTESIAN_POINT('',(8.510499679325,-24.31049156228,7.5));
#9943 = SURFACE_CURVE('',#9944,(#9951,#9957),.PCURVE_S1.);
#9944 = B_SPLINE_CURVE_WITH_KNOTS('',5,(#9945,#9946,#9947,#9948,#9949,
    #9950),.UNSPECIFIED.,.F.,.F.,(6,6),(0.,1.),
  .PIECEWISE_BEZIER_KNOTS.);
#9945 = CARTESIAN_POINT('',(8.510499679325,-24.31049156228,7.5));
#9946 = CARTESIAN_POINT('',(8.817677627676,-24.31049513473,7.5));
#9947 = CARTESIAN_POINT('',(9.125107257494,-24.31049870718,
    7.382366694968));
#9948 = CARTESIAN_POINT('',(9.370879365195,-24.31050227963,7.1450273294)
  );
#9949 = CARTESIAN_POINT('',(9.499170150548,-24.31050585208,
    6.841890320547));
#9950 = CARTESIAN_POINT('',(9.509890506344,-24.31050942454,
    6.534899496703));
#9951 = PCURVE('',#7113,#9952);
#9952 = DEFINITIONAL_REPRESENTATION('',(#9953),#9956);
#9953 = B_SPLINE_CURVE_WITH_KNOTS('',1,(#9954,#9955),.UNSPECIFIED.,.F.,
  .F.,(2,2),(0.,1.),.PIECEWISE_BEZIER_KNOTS.);
#9954 = CARTESIAN_POINT('',(-4.396483177516E-14,4.200008117038));
#9955 = CARTESIAN_POINT('',(1.535889741755,4.199990254785));
#9956 = ( GEOMETRIC_REPRESENTATION_CONTEXT(2) 
PARAMETRIC_REPRESENTATION_CONTEXT() REPRESENTATION_CONTEXT('2D SPACE',''
  ) );
#9957 = PCURVE('',#9958,#10025);
#9958 = B_SPLINE_SURFACE_WITH_KNOTS('',5,10,(
    (#9959,#9960,#9961,#9962,#9963,#9964,#9965,#9966,#9967,#9968,#9969)
    ,(#9970,#9971,#9972,#9973,#9974,#9975,#9976,#9977,#9978,#9979,#9980)
    ,(#9981,#9982,#9983,#9984,#9985,#9986,#9987,#9988,#9989,#9990,#9991)
    ,(#9992,#9993,#9994,#9995,#9996,#9997,#9998,#9999,#10000,#10001
      ,#10002)
    ,(#10003,#10004,#10005,#10006,#10007,#10008,#10009,#10010,#10011
      ,#10012,#10013)
    ,(#10014,#10015,#10016,#10017,#10018,#10019,#10020,#10021,#10022
      ,#10023,#10024
    )),.UNSPECIFIED.,.F.,.F.,.F.,(6,6),(11,11),(0.,1.),(0.,1.),
  .PIECEWISE_BEZIER_KNOTS.);
#9959 = CARTESIAN_POINT('',(8.510499679325,-24.31049156228,7.5));
#9960 = CARTESIAN_POINT('',(8.664097291559,-24.31017052948,7.5));
#9961 = CARTESIAN_POINT('',(8.817708340684,-24.30934733375,
    7.473382092599));
#9962 = CARTESIAN_POINT('',(8.966275552191,-24.30896353059,
    7.420757183323));
#9963 = CARTESIAN_POINT('',(9.104776199207,-24.30866939937,
    7.343025743023));
#9964 = CARTESIAN_POINT('',(9.228461562303,-24.30843803853,
    7.242395968476));
#9965 = CARTESIAN_POINT('',(9.33314814256,-24.30824254645,7.122093372256
    ));
#9966 = CARTESIAN_POINT('',(9.415467085002,-24.30805602159,
    6.986187055448));
#9967 = CARTESIAN_POINT('',(9.473046504827,-24.30785156232,
    6.839346499129));
#9968 = CARTESIAN_POINT('',(9.504616709035,-24.30727944806,
    6.686358554496));
#9969 = CARTESIAN_POINT('',(9.509976886932,-24.30728123429,
    6.532863142573));
#9970 = CARTESIAN_POINT('',(8.510499679325,-24.19079249954,7.5));
#9971 = CARTESIAN_POINT('',(8.664165128881,-24.19251948236,
    7.499980786337));
#9972 = CARTESIAN_POINT('',(8.81877326484,-24.19649385497,7.47332862968)
  );
#9973 = CARTESIAN_POINT('',(8.968736430846,-24.20363606971,
    7.420121371555));
#9974 = CARTESIAN_POINT('',(9.108347107454,-24.213480696,7.341167548848)
  );
#9975 = CARTESIAN_POINT('',(9.232199693948,-24.22559137509,
    7.239110747818));
#9976 = CARTESIAN_POINT('',(9.336121588274,-24.23987143384,
    7.117906470611));
#9977 = CARTESIAN_POINT('',(9.417226288792,-24.25533212457,
    6.982097731741));
#9978 = CARTESIAN_POINT('',(9.473911745876,-24.27201789801,
    6.836091859304));
#9979 = CARTESIAN_POINT('',(9.504821530435,-24.28836823407,
    6.684081071316));
#9980 = CARTESIAN_POINT('',(9.510005338793,-24.30598995819,
    6.532048387892));
#9981 = CARTESIAN_POINT('',(8.510457222662,-24.07108550016,
    7.482083821944));
#9982 = CARTESIAN_POINT('',(8.664194755207,-24.07400769677,
    7.482768567505));
#9983 = CARTESIAN_POINT('',(8.819551120031,-24.07295501282,
    7.454431846402));
#9984 = CARTESIAN_POINT('',(8.970194729207,-24.08535407272,
    7.401394308791));
#9985 = CARTESIAN_POINT('',(9.111294322232,-24.10390513013,
    7.324031328264));
#9986 = CARTESIAN_POINT('',(9.234731157011,-24.13061103117,
    7.221784711455));
#9987 = CARTESIAN_POINT('',(9.338124745431,-24.15941936036,
    7.104357740143));
#9988 = CARTESIAN_POINT('',(9.420636103488,-24.19412843004,
    6.970025782868));
#9989 = CARTESIAN_POINT('',(9.473913040622,-24.23016544506,
    6.827521739019));
#9990 = CARTESIAN_POINT('',(9.505137705139,-24.26062151245,
    6.677250190976));
#9991 = CARTESIAN_POINT('',(9.51006925747,-24.30405292129,6.530826923608
    ));
#9992 = CARTESIAN_POINT('',(8.510595904638,-23.95499500338,
    7.446283268827));
#9993 = CARTESIAN_POINT('',(8.664387406308,-23.95870563945,
    7.447776575055));
#9994 = CARTESIAN_POINT('',(8.819884707145,-23.98080378179,
    7.427085682506));
#9995 = CARTESIAN_POINT('',(8.970416596592,-24.00512050244,
    7.377603194775));
#9996 = CARTESIAN_POINT('',(9.112354994479,-24.034610221,7.304612268544)
  );
#9997 = CARTESIAN_POINT('',(9.235159277164,-24.07448201715,7.20428279033
    ));
#9998 = CARTESIAN_POINT('',(9.338329378117,-24.11298523315,
    7.091985065621));
#9999 = CARTESIAN_POINT('',(9.422850303739,-24.1603008534,6.959564969672
    ));
#10000 = CARTESIAN_POINT('',(9.473137182948,-24.20728465116,
    6.820480345264));
#10001 = CARTESIAN_POINT('',(9.505159557893,-24.26041047669,
    6.677229735313));
#10002 = CARTESIAN_POINT('',(9.510084397981,-24.30405279855,
    6.530827378316));
#10003 = CARTESIAN_POINT('',(8.510423208168,-23.8459727849,
    7.393613469372));
#10004 = CARTESIAN_POINT('',(8.664299816807,-23.85085842417,
    7.396179940732));
#10005 = CARTESIAN_POINT('',(8.819561843169,-23.86757949751,
    7.375263761278));
#10006 = CARTESIAN_POINT('',(8.969594458768,-23.8960869616,
    7.328971738398));
#10007 = CARTESIAN_POINT('',(9.111136524363,-23.93375174137,
    7.26099135421));
#10008 = CARTESIAN_POINT('',(9.234062771509,-23.98514916818,
    7.167084154284));
#10009 = CARTESIAN_POINT('',(9.337692726034,-24.03840436452,
    7.061791433892));
#10010 = CARTESIAN_POINT('',(9.422747471732,-24.10223598308,
    6.936676355063));
#10011 = CARTESIAN_POINT('',(9.47346501687,-24.16758726315,
    6.804895708142));
#10012 = CARTESIAN_POINT('',(9.505440969692,-24.23370592596,
    6.667025110731));
#10013 = CARTESIAN_POINT('',(9.510139276522,-24.3021158844,
    6.529605672353));
#10014 = CARTESIAN_POINT('',(8.510523069243,-23.74709662457,
    7.326187717265));
#10015 = CARTESIAN_POINT('',(8.664457529094,-23.75355888863,
    7.33059447227));
#10016 = CARTESIAN_POINT('',(8.818657548545,-23.77424740972,
    7.312769125775));
#10017 = CARTESIAN_POINT('',(8.967683643914,-23.80811955457,
    7.271946082497));
#10018 = CARTESIAN_POINT('',(9.106532210453,-23.85495093213,
    7.209281142768));
#10019 = CARTESIAN_POINT('',(9.230675088744,-23.91272559598,
    7.126651542786));
#10020 = CARTESIAN_POINT('',(9.335494655474,-23.98112602821,
    7.026268411493));
#10021 = CARTESIAN_POINT('',(9.417568464449,-24.05537433769,
    6.912232113627));
#10022 = CARTESIAN_POINT('',(9.475047396837,-24.13585862581,
    6.788277462891));
#10023 = CARTESIAN_POINT('',(9.505576265283,-24.21687905374,
    6.658000139066));
#10024 = CARTESIAN_POINT('',(9.510149648109,-24.30082485379,
    6.528790434315));
#10025 = DEFINITIONAL_REPRESENTATION('',(#10026),#10047);
#10026 = B_SPLINE_CURVE_WITH_KNOTS('',10,(#10027,#10028,#10029,#10030,
    #10031,#10032,#10033,#10034,#10035,#10036,#10037,#10038,#10039,
    #10040,#10041,#10042,#10043,#10044,#10045,#10046),.UNSPECIFIED.,.F.,
  .F.,(11,9,11),(0.,0.5,1.),.UNSPECIFIED.);
#10027 = CARTESIAN_POINT('',(0.,-2.775557561563E-17));
#10028 = CARTESIAN_POINT('',(0.,4.999707888617E-02));
#10029 = CARTESIAN_POINT('',(0.,9.994406364987E-02));
#10030 = CARTESIAN_POINT('',(0.,0.149855938854));
#10031 = CARTESIAN_POINT('',(0.,0.199747689061));
#10032 = CARTESIAN_POINT('',(0.,0.249634298833));
#10033 = CARTESIAN_POINT('',(0.,0.299530752734));
#10034 = CARTESIAN_POINT('',(0.,0.349452035326));
#10035 = CARTESIAN_POINT('',(0.,0.399413131171));
#10036 = CARTESIAN_POINT('',(0.,0.449429024832));
#10037 = CARTESIAN_POINT('',(0.,0.549600376912));
#10038 = CARTESIAN_POINT('',(0.,0.595694721097));
#10039 = CARTESIAN_POINT('',(0.,0.666066081652));
#10040 = CARTESIAN_POINT('',(0.,0.658419292261));
#10041 = CARTESIAN_POINT('',(0.,0.810724890675));
#10042 = CARTESIAN_POINT('',(0.,0.737584163532));
#10043 = CARTESIAN_POINT('',(0.,0.888326558741));
#10044 = CARTESIAN_POINT('',(0.,0.884140621372));
#10045 = CARTESIAN_POINT('',(0.,0.95));
#10046 = CARTESIAN_POINT('',(0.,1.));
#10047 = ( GEOMETRIC_REPRESENTATION_CONTEXT(2) 
PARAMETRIC_REPRESENTATION_CONTEXT() REPRESENTATION_CONTEXT('2D SPACE',''
  ) );
#10048 = ORIENTED_EDGE('',*,*,#10049,.F.);
#10049 = EDGE_CURVE('',#9710,#9941,#10050,.T.);
#10050 = SURFACE_CURVE('',#10051,(#10055,#10062),.PCURVE_S1.);
#10051 = LINE('',#10052,#10053);
#10052 = CARTESIAN_POINT('',(8.510499679325,-28.51049967932,7.5));
#10053 = VECTOR('',#10054,1.);
#10054 = DIRECTION('',(-0.,1.,-0.));
#10055 = PCURVE('',#7113,#10056);
#10056 = DEFINITIONAL_REPRESENTATION('',(#10057),#10061);
#10057 = LINE('',#10058,#10059);
#10058 = CARTESIAN_POINT('',(0.,0.));
#10059 = VECTOR('',#10060,1.);
#10060 = DIRECTION('',(0.,1.));
#10061 = ( GEOMETRIC_REPRESENTATION_CONTEXT(2) 
PARAMETRIC_REPRESENTATION_CONTEXT() REPRESENTATION_CONTEXT('2D SPACE',''
  ) );
#10062 = PCURVE('',#9725,#10063);
#10063 = DEFINITIONAL_REPRESENTATION('',(#10064),#10068);
#10064 = LINE('',#10065,#10066);
#10065 = CARTESIAN_POINT('',(8.510499679325,1.489500320675));
#10066 = VECTOR('',#10067,1.);
#10067 = DIRECTION('',(0.,1.));
#10068 = ( GEOMETRIC_REPRESENTATION_CONTEXT(2) 
PARAMETRIC_REPRESENTATION_CONTEXT() REPRESENTATION_CONTEXT('2D SPACE',''
  ) );
#10069 = ADVANCED_FACE('',(#10070),#6642,.F.);
#10070 = FACE_BOUND('',#10071,.F.);
#10071 = EDGE_LOOP('',(#10072,#10099,#10131,#10132));
#10072 = ORIENTED_EDGE('',*,*,#10073,.F.);
#10073 = EDGE_CURVE('',#10074,#6619,#10076,.T.);
#10074 = VERTEX_POINT('',#10075);
#10075 = CARTESIAN_POINT('',(8.510523069243,23.747096624574,
    7.326187717265));
#10076 = SURFACE_CURVE('',#10077,(#10081,#10093),.PCURVE_S1.);
#10077 = ( BOUNDED_CURVE() B_SPLINE_CURVE(2,(#10078,#10079,#10080),
.UNSPECIFIED.,.F.,.F.) B_SPLINE_CURVE_WITH_KNOTS((3,3),(0.,
50.491973192597),.PIECEWISE_BEZIER_KNOTS.) CURVE() 
GEOMETRIC_REPRESENTATION_ITEM() RATIONAL_B_SPLINE_CURVE((1.,
0.717236680317,1.)) REPRESENTATION_ITEM('') );
#10078 = CARTESIAN_POINT('',(8.510523069243,23.747096624574,
    7.326187717265));
#10079 = CARTESIAN_POINT('',(9.481904327363,23.761953310091,
    7.336318806407));
#10080 = CARTESIAN_POINT('',(9.510658736646,24.276793080073,
    6.512900259196));
#10081 = PCURVE('',#6642,#10082);
#10082 = DEFINITIONAL_REPRESENTATION('',(#10083),#10092);
#10083 = B_SPLINE_CURVE_WITH_KNOTS('',7,(#10084,#10085,#10086,#10087,
    #10088,#10089,#10090,#10091),.UNSPECIFIED.,.F.,.F.,(8,8),(0.,
    50.491973192597),.PIECEWISE_BEZIER_KNOTS.);
#10084 = CARTESIAN_POINT('',(0.,0.));
#10085 = CARTESIAN_POINT('',(0.,0.129191103112));
#10086 = CARTESIAN_POINT('',(0.,0.270387747391));
#10087 = CARTESIAN_POINT('',(0.,0.421660808536));
#10088 = CARTESIAN_POINT('',(0.,0.578339191464));
#10089 = CARTESIAN_POINT('',(0.,0.729612252609));
#10090 = CARTESIAN_POINT('',(0.,0.870808896888));
#10091 = CARTESIAN_POINT('',(0.,1.));
#10092 = ( GEOMETRIC_REPRESENTATION_CONTEXT(2) 
PARAMETRIC_REPRESENTATION_CONTEXT() REPRESENTATION_CONTEXT('2D SPACE',''
  ) );
#10093 = PCURVE('',#6779,#10094);
#10094 = DEFINITIONAL_REPRESENTATION('',(#10095),#10098);
#10095 = B_SPLINE_CURVE_WITH_KNOTS('',1,(#10096,#10097),.UNSPECIFIED.,
  .F.,.F.,(2,2),(0.,50.491973192597),.PIECEWISE_BEZIER_KNOTS.);
#10096 = CARTESIAN_POINT('',(0.,70.860906088094));
#10097 = CARTESIAN_POINT('',(50.491973192597,70.860906088094));
#10098 = ( GEOMETRIC_REPRESENTATION_CONTEXT(2) 
PARAMETRIC_REPRESENTATION_CONTEXT() REPRESENTATION_CONTEXT('2D SPACE',''
  ) );
#10099 = ORIENTED_EDGE('',*,*,#10100,.T.);
#10100 = EDGE_CURVE('',#10074,#9856,#10101,.T.);
#10101 = SURFACE_CURVE('',#10102,(#10110,#10117),.PCURVE_S1.);
#10102 = B_SPLINE_CURVE_WITH_KNOTS('',6,(#10103,#10104,#10105,#10106,
    #10107,#10108,#10109),.UNSPECIFIED.,.F.,.F.,(7,7),(0.,1.),
  .PIECEWISE_BEZIER_KNOTS.);
#10103 = CARTESIAN_POINT('',(8.510523069243,23.747096624574,
    7.326187717265));
#10104 = CARTESIAN_POINT('',(8.51043985168,23.829493424839,
    7.382375844039));
#10105 = CARTESIAN_POINT('',(8.510591302564,23.918671857806,
    7.428736917197));
#10106 = CARTESIAN_POINT('',(8.510431229501,24.013008582691,
    7.464165098701));
#10107 = CARTESIAN_POINT('',(8.510524338298,24.111005427211,
    7.48806612947));
#10108 = CARTESIAN_POINT('',(8.510499679325,24.210742343342,7.5));
#10109 = CARTESIAN_POINT('',(8.510499679325,24.310491562286,7.5));
#10110 = PCURVE('',#6642,#10111);
#10111 = DEFINITIONAL_REPRESENTATION('',(#10112),#10116);
#10112 = LINE('',#10113,#10114);
#10113 = CARTESIAN_POINT('',(0.,0.));
#10114 = VECTOR('',#10115,1.);
#10115 = DIRECTION('',(1.,0.));
#10116 = ( GEOMETRIC_REPRESENTATION_CONTEXT(2) 
PARAMETRIC_REPRESENTATION_CONTEXT() REPRESENTATION_CONTEXT('2D SPACE',''
  ) );
#10117 = PCURVE('',#10118,#10123);
#10118 = CYLINDRICAL_SURFACE('',#10119,1.);
#10119 = AXIS2_PLACEMENT_3D('',#10120,#10121,#10122);
#10120 = CARTESIAN_POINT('',(-8.510499679325,24.310491562286,6.5));
#10121 = DIRECTION('',(1.,-2.577999609657E-17,-1.78562743526E-17));
#10122 = DIRECTION('',(2.283152511897E-19,-0.563394937712,0.826187717265
    ));
#10123 = DEFINITIONAL_REPRESENTATION('',(#10124),#10130);
#10124 = B_SPLINE_CURVE_WITH_KNOTS('',4,(#10125,#10126,#10127,#10128,
    #10129),.UNSPECIFIED.,.F.,.F.,(5,5),(0.,1.),
  .PIECEWISE_BEZIER_KNOTS.);
#10125 = CARTESIAN_POINT('',(-5.551115123126E-15,17.021022748568));
#10126 = CARTESIAN_POINT('',(-0.149596995757,17.020897922224));
#10127 = CARTESIAN_POINT('',(-0.299266533217,17.02107797829));
#10128 = CARTESIAN_POINT('',(-0.448865402197,17.02099935865));
#10129 = CARTESIAN_POINT('',(-0.598489230614,17.020999358649));
#10130 = ( GEOMETRIC_REPRESENTATION_CONTEXT(2) 
PARAMETRIC_REPRESENTATION_CONTEXT() REPRESENTATION_CONTEXT('2D SPACE',''
  ) );
#10131 = ORIENTED_EDGE('',*,*,#9855,.T.);
#10132 = ORIENTED_EDGE('',*,*,#6618,.F.);
#10133 = ADVANCED_FACE('',(#10134),#6779,.T.);
#10134 = FACE_BOUND('',#10135,.T.);
#10135 = EDGE_LOOP('',(#10136,#10170,#10171,#10172));
#10136 = ORIENTED_EDGE('',*,*,#10137,.T.);
#10137 = EDGE_CURVE('',#10138,#6700,#10140,.T.);
#10138 = VERTEX_POINT('',#10139);
#10139 = CARTESIAN_POINT('',(8.510523069243,-23.74709662457,
    7.326187717265));
#10140 = SURFACE_CURVE('',#10141,(#10153,#10164),.PCURVE_S1.);
#10141 = B_SPLINE_CURVE_WITH_KNOTS('',10,(#10142,#10143,#10144,#10145,
    #10146,#10147,#10148,#10149,#10150,#10151,#10152),.UNSPECIFIED.,.F.,
  .F.,(11,11),(0.,1.),.PIECEWISE_BEZIER_KNOTS.);
#10142 = CARTESIAN_POINT('',(8.510523069243,-23.74709662457,
    7.326187717265));
#10143 = CARTESIAN_POINT('',(8.664457529094,-23.75355888863,
    7.33059447227));
#10144 = CARTESIAN_POINT('',(8.818657548545,-23.77424740972,
    7.312769125775));
#10145 = CARTESIAN_POINT('',(8.967683643914,-23.80811955457,
    7.271946082497));
#10146 = CARTESIAN_POINT('',(9.106532210453,-23.85495093213,
    7.209281142768));
#10147 = CARTESIAN_POINT('',(9.230675088744,-23.91272559598,
    7.126651542786));
#10148 = CARTESIAN_POINT('',(9.335494655474,-23.98112602821,
    7.026268411493));
#10149 = CARTESIAN_POINT('',(9.417568464449,-24.05537433769,
    6.912232113627));
#10150 = CARTESIAN_POINT('',(9.475047396837,-24.13585862581,
    6.788277462891));
#10151 = CARTESIAN_POINT('',(9.505576265283,-24.21687905374,
    6.658000139066));
#10152 = CARTESIAN_POINT('',(9.510149648109,-24.30082485379,
    6.528790434315));
#10153 = PCURVE('',#6779,#10154);
#10154 = DEFINITIONAL_REPRESENTATION('',(#10155),#10163);
#10155 = B_SPLINE_CURVE_WITH_KNOTS('',6,(#10156,#10157,#10158,#10159,
    #10160,#10161,#10162),.UNSPECIFIED.,.F.,.F.,(7,7),(0.,1.),
  .PIECEWISE_BEZIER_KNOTS.);
#10156 = CARTESIAN_POINT('',(0.,20.368932895497));
#10157 = CARTESIAN_POINT('',(9.303241181884,20.361353742891));
#10158 = CARTESIAN_POINT('',(17.45655203613,20.35471141405));
#10159 = CARTESIAN_POINT('',(25.281958401416,20.348336222019));
#10160 = CARTESIAN_POINT('',(32.985005545087,20.34206071344));
#10161 = CARTESIAN_POINT('',(41.259596919011,20.335319579942));
#10162 = CARTESIAN_POINT('',(50.491973192597,20.327798159468));
#10163 = ( GEOMETRIC_REPRESENTATION_CONTEXT(2) 
PARAMETRIC_REPRESENTATION_CONTEXT() REPRESENTATION_CONTEXT('2D SPACE',''
  ) );
#10164 = PCURVE('',#9958,#10165);
#10165 = DEFINITIONAL_REPRESENTATION('',(#10166),#10169);
#10166 = B_SPLINE_CURVE_WITH_KNOTS('',1,(#10167,#10168),.UNSPECIFIED.,
  .F.,.F.,(2,2),(0.,1.),.PIECEWISE_BEZIER_KNOTS.);
#10167 = CARTESIAN_POINT('',(1.,0.));
#10168 = CARTESIAN_POINT('',(1.,1.));
#10169 = ( GEOMETRIC_REPRESENTATION_CONTEXT(2) 
PARAMETRIC_REPRESENTATION_CONTEXT() REPRESENTATION_CONTEXT('2D SPACE',''
  ) );
#10170 = ORIENTED_EDGE('',*,*,#6699,.T.);
#10171 = ORIENTED_EDGE('',*,*,#10073,.F.);
#10172 = ORIENTED_EDGE('',*,*,#10173,.F.);
#10173 = EDGE_CURVE('',#10138,#10074,#10174,.T.);
#10174 = SURFACE_CURVE('',#10175,(#10211,#10218),.PCURVE_S1.);
#10175 = ( BOUNDED_CURVE() B_SPLINE_CURVE(12,(#10176,#10177,#10178,
    #10179,#10180,#10181,#10182,#10183,#10184,#10185,#10186,#10187,
    #10188,#10189,#10190,#10191,#10192,#10193,#10194,#10195,#10196,
    #10197,#10198,#10199,#10200,#10201,#10202,#10203,#10204,#10205,
    #10206,#10207,#10208,#10209,#10210),.UNSPECIFIED.,.F.,.F.) 
B_SPLINE_CURVE_WITH_KNOTS((13,11,11,13),(20.368932895497,20.386889736809
,70.842949246782,70.860906088094),.UNSPECIFIED.) CURVE() 
GEOMETRIC_REPRESENTATION_ITEM() RATIONAL_B_SPLINE_CURVE((1.,1.,1.,1.,
    1.000000000001,0.999999999999,1.000000000001,0.999999999999,
    1.000000000001,1.,1.,1.,1.,1.,0.999999999999,1.000000000002,
    0.999999999996,1.000000000005,0.999999999996,1.000000000003,
    0.999999999998,1.000000000001,1.,1.,1.,1.000000000001,0.999999999998
    ,1.000000000002,0.999999999997,1.000000000002,0.999999999999,
1.000000000001,1.,1.,1.)) REPRESENTATION_ITEM('') );
#10176 = CARTESIAN_POINT('',(8.510523069243,-23.74709662457,
    7.326187717265));
#10177 = CARTESIAN_POINT('',(8.510552971568,-23.74584898123,
    7.325336922797));
#10178 = CARTESIAN_POINT('',(8.510582896146,-23.74460213961,
    7.324486746508));
#10179 = CARTESIAN_POINT('',(8.510612842683,-23.74335611659,
    7.323637199731));
#10180 = CARTESIAN_POINT('',(8.510642810883,-23.74211092908,
    7.322788293837));
#10181 = CARTESIAN_POINT('',(8.510672800454,-23.74086659396,
    7.321940040116));
#10182 = CARTESIAN_POINT('',(8.510702811096,-23.73962312814,
    7.321092449994));
#10183 = CARTESIAN_POINT('',(8.51073284252,-23.73838054851,
    7.320245534713));
#10184 = CARTESIAN_POINT('',(8.510762894427,-23.73713887196,
    7.319399305717));
#10185 = CARTESIAN_POINT('',(8.510792966524,-23.73589811541,
    7.318553774269));
#10186 = CARTESIAN_POINT('',(8.510823058517,-23.73465829573,
    7.317708951764));
#10187 = CARTESIAN_POINT('',(8.510853170109,-23.73341942982,
    7.316864849521));
#10188 = CARTESIAN_POINT('',(8.59554665266,-20.25387961497,
    4.946275153805));
#10189 = CARTESIAN_POINT('',(8.666917788804,-16.51223487399,
    2.951829623156));
#10190 = CARTESIAN_POINT('',(8.723503588999,-12.55291139967,
    1.367172155129));
#10191 = CARTESIAN_POINT('',(8.763175271126,-8.490126825806,
    0.258621367357));
#10192 = CARTESIAN_POINT('',(8.789612731632,-4.265257261921,
    -0.48156420645));
#10193 = CARTESIAN_POINT('',(8.796312718291,3.718943991044E-11,
    -0.66858790341));
#10194 = CARTESIAN_POINT('',(8.789612731632,4.265257261855,
    -0.481564206453));
#10195 = CARTESIAN_POINT('',(8.763175271126,8.49012682585,0.25862136736)
  );
#10196 = CARTESIAN_POINT('',(8.723503589,12.552911399641,1.367172155128)
  );
#10197 = CARTESIAN_POINT('',(8.666917788804,16.512234873983,
    2.951829623151));
#10198 = CARTESIAN_POINT('',(8.595546652661,20.253879614953,
    4.94627515379));
#10199 = CARTESIAN_POINT('',(8.510853170109,23.733419429828,
    7.316864849521));
#10200 = CARTESIAN_POINT('',(8.510823058517,23.734658295728,
    7.317708951762));
#10201 = CARTESIAN_POINT('',(8.510792966524,23.735898115429,
    7.318553774275));
#10202 = CARTESIAN_POINT('',(8.510762894427,23.737138871943,
    7.319399305705));
#10203 = CARTESIAN_POINT('',(8.51073284252,23.738380548559,7.32024553473
    ));
#10204 = CARTESIAN_POINT('',(8.510702811096,23.739623128097,
    7.321092449975));
#10205 = CARTESIAN_POINT('',(8.510672800453,23.740866594008,
    7.321940040133));
#10206 = CARTESIAN_POINT('',(8.510642810883,23.742110929053,
    7.322788293826));
#10207 = CARTESIAN_POINT('',(8.510612842683,23.743356116611,
    7.323637199737));
#10208 = CARTESIAN_POINT('',(8.510582896146,23.744602139608,
    7.324486746506));
#10209 = CARTESIAN_POINT('',(8.510552971568,23.74584898124,
    7.325336922797));
#10210 = CARTESIAN_POINT('',(8.510523069243,23.747096624574,
    7.326187717265));
#10211 = PCURVE('',#6779,#10212);
#10212 = DEFINITIONAL_REPRESENTATION('',(#10213),#10217);
#10213 = LINE('',#10214,#10215);
#10214 = CARTESIAN_POINT('',(0.,0.));
#10215 = VECTOR('',#10216,1.);
#10216 = DIRECTION('',(0.,1.));
#10217 = ( GEOMETRIC_REPRESENTATION_CONTEXT(2) 
PARAMETRIC_REPRESENTATION_CONTEXT() REPRESENTATION_CONTEXT('2D SPACE',''
  ) );
#10218 = PCURVE('',#7913,#10219);
#10219 = DEFINITIONAL_REPRESENTATION('',(#10220),#10423);
#10220 = B_SPLINE_CURVE_WITH_KNOTS('',11,(#10221,#10222,#10223,#10224,
    #10225,#10226,#10227,#10228,#10229,#10230,#10231,#10232,#10233,
    #10234,#10235,#10236,#10237,#10238,#10239,#10240,#10241,#10242,
    #10243,#10244,#10245,#10246,#10247,#10248,#10249,#10250,#10251,
    #10252,#10253,#10254,#10255,#10256,#10257,#10258,#10259,#10260,
    #10261,#10262,#10263,#10264,#10265,#10266,#10267,#10268,#10269,
    #10270,#10271,#10272,#10273,#10274,#10275,#10276,#10277,#10278,
    #10279,#10280,#10281,#10282,#10283,#10284,#10285,#10286,#10287,
    #10288,#10289,#10290,#10291,#10292,#10293,#10294,#10295,#10296,
    #10297,#10298,#10299,#10300,#10301,#10302,#10303,#10304,#10305,
    #10306,#10307,#10308,#10309,#10310,#10311,#10312,#10313,#10314,
    #10315,#10316,#10317,#10318,#10319,#10320,#10321,#10322,#10323,
    #10324,#10325,#10326,#10327,#10328,#10329,#10330,#10331,#10332,
    #10333,#10334,#10335,#10336,#10337,#10338,#10339,#10340,#10341,
    #10342,#10343,#10344,#10345,#10346,#10347,#10348,#10349,#10350,
    #10351,#10352,#10353,#10354,#10355,#10356,#10357,#10358,#10359,
    #10360,#10361,#10362,#10363,#10364,#10365,#10366,#10367,#10368,
    #10369,#10370,#10371,#10372,#10373,#10374,#10375,#10376,#10377,
    #10378,#10379,#10380,#10381,#10382,#10383,#10384,#10385,#10386,
    #10387,#10388,#10389,#10390,#10391,#10392,#10393,#10394,#10395,
    #10396,#10397,#10398,#10399,#10400,#10401,#10402,#10403,#10404,
    #10405,#10406,#10407,#10408,#10409,#10410,#10411,#10412,#10413,
    #10414,#10415,#10416,#10417,#10418,#10419,#10420,#10421,#10422),
  .UNSPECIFIED.,.F.,.F.,(12,10,10,10,10,10,10,10,10,10,10,10,10,10,10,10
    ,10,10,10,10,12),(20.368932895497,20.418241463068,20.467550030639,
    20.566167165781,20.763401436064,21.157869976631,21.946807057766,
    23.524681220034,26.680429544572,32.991926193646,45.614919491795,
    58.237912789944,64.549409439019,67.705157763556,69.283031925825,
    70.071969006959,70.466437547526,70.66367181781,70.762288952952,
    70.811597520523,70.860906088094),.UNSPECIFIED.);
#10221 = CARTESIAN_POINT('',(1.204258967364,-8.510523069243));
#10222 = CARTESIAN_POINT('',(1.204151643786,-8.510612644065));
#10223 = CARTESIAN_POINT('',(1.204044400294,-8.510702323151));
#10224 = CARTESIAN_POINT('',(1.203938545592,-8.510793022935));
#10225 = CARTESIAN_POINT('',(1.203828367535,-8.510880619762));
#10226 = CARTESIAN_POINT('',(1.203728984172,-8.510976053185));
#10227 = CARTESIAN_POINT('',(1.20361521543,-8.511060868287));
#10228 = CARTESIAN_POINT('',(1.203513626712,-8.511154733111));
#10229 = CARTESIAN_POINT('',(1.203405033301,-8.511243328123));
#10230 = CARTESIAN_POINT('',(1.203299162708,-8.511333964963));
#10231 = CARTESIAN_POINT('',(1.203192630257,-8.511424083487));
#10232 = CARTESIAN_POINT('',(1.202979720178,-8.511604408698));
#10233 = CARTESIAN_POINT('',(1.202873264967,-8.511694556055));
#10234 = CARTESIAN_POINT('',(1.202766809583,-8.511784688167));
#10235 = CARTESIAN_POINT('',(1.202660354028,-8.511874805019));
#10236 = CARTESIAN_POINT('',(1.2025538983,-8.511964906633));
#10237 = CARTESIAN_POINT('',(1.202447442401,-8.512054992972));
#10238 = CARTESIAN_POINT('',(1.20234098633,-8.512145064077));
#10239 = CARTESIAN_POINT('',(1.202234530088,-8.512235119905));
#10240 = CARTESIAN_POINT('',(1.202128073674,-8.512325160484));
#10241 = CARTESIAN_POINT('',(1.202021617089,-8.512415185796));
#10242 = CARTESIAN_POINT('',(1.201702246821,-8.512685215944));
#10243 = CARTESIAN_POINT('',(1.201489332624,-8.512865174992));
#10244 = CARTESIAN_POINT('',(1.201276417741,-8.513045072955));
#10245 = CARTESIAN_POINT('',(1.201063502179,-8.513224909863));
#10246 = CARTESIAN_POINT('',(1.200850585929,-8.513404685627));
#10247 = CARTESIAN_POINT('',(1.200637669006,-8.513584400326));
#10248 = CARTESIAN_POINT('',(1.200424751396,-8.513764053853));
#10249 = CARTESIAN_POINT('',(1.200211833112,-8.513943646266));
#10250 = CARTESIAN_POINT('',(1.199998914147,-8.514123177504));
#10251 = CARTESIAN_POINT('',(1.199785994507,-8.514302647575));
#10252 = CARTESIAN_POINT('',(1.199147233557,-8.514840874219));
#10253 = CARTESIAN_POINT('',(1.198721390219,-8.515199447231));
#10254 = CARTESIAN_POINT('',(1.198295544186,-8.515557775367));
#10255 = CARTESIAN_POINT('',(1.197869695471,-8.515915858521));
#10256 = CARTESIAN_POINT('',(1.197443844082,-8.516273696554));
#10257 = CARTESIAN_POINT('',(1.197017990032,-8.516631289373));
#10258 = CARTESIAN_POINT('',(1.196592133331,-8.51698863683));
#10259 = CARTESIAN_POINT('',(1.19616627399,-8.517345738831));
#10260 = CARTESIAN_POINT('',(1.19574041202,-8.517702595241));
#10261 = CARTESIAN_POINT('',(1.195314547432,-8.518059205949));
#10262 = CARTESIAN_POINT('',(1.194036945846,-8.519128300599));
#10263 = CARTESIAN_POINT('',(1.193185200993,-8.51984004708));
#10264 = CARTESIAN_POINT('',(1.192333445806,-8.520550809317));
#10265 = CARTESIAN_POINT('',(1.191481680413,-8.521260586329));
#10266 = CARTESIAN_POINT('',(1.190629904943,-8.521969377184));
#10267 = CARTESIAN_POINT('',(1.189778119521,-8.522677180869));
#10268 = CARTESIAN_POINT('',(1.18892632428,-8.523383996477));
#10269 = CARTESIAN_POINT('',(1.188074519342,-8.524089822991));
#10270 = CARTESIAN_POINT('',(1.187222704839,-8.524794659486));
#10271 = CARTESIAN_POINT('',(1.186370880897,-8.525498504974));
#10272 = CARTESIAN_POINT('',(1.183815381142,-8.527607065557));
#10273 = CARTESIAN_POINT('',(1.182111677147,-8.529008804668));
#10274 = CARTESIAN_POINT('',(1.180407937151,-8.530406568124));
#10275 = CARTESIAN_POINT('',(1.178704162641,-8.531800348183));
#10276 = CARTESIAN_POINT('',(1.177000355107,-8.53319013716));
#10277 = CARTESIAN_POINT('',(1.175296516037,-8.534575927291));
#10278 = CARTESIAN_POINT('',(1.173592646922,-8.535957710896));
#10279 = CARTESIAN_POINT('',(1.171888749248,-8.537335480223));
#10280 = CARTESIAN_POINT('',(1.170184824505,-8.538709227572));
#10281 = CARTESIAN_POINT('',(1.168480874183,-8.540078945212));
#10282 = CARTESIAN_POINT('',(1.163368950943,-8.544175985853));
#10283 = CARTESIAN_POINT('',(1.159960906309,-8.546891191565));
#10284 = CARTESIAN_POINT('',(1.156552780343,-8.549590184864));
#10285 = CARTESIAN_POINT('',(1.153144587531,-8.552272908105));
#10286 = CARTESIAN_POINT('',(1.149736342338,-8.554939303531));
#10287 = CARTESIAN_POINT('',(1.146328059262,-8.55758931356));
#10288 = CARTESIAN_POINT('',(1.14291975276,-8.560222880397));
#10289 = CARTESIAN_POINT('',(1.139511437329,-8.562839946452));
#10290 = CARTESIAN_POINT('',(1.136103127434,-8.565440453979));
#10291 = CARTESIAN_POINT('',(1.132694837561,-8.568024345326));
#10292 = CARTESIAN_POINT('',(1.122470071436,-8.575725997739));
#10293 = CARTESIAN_POINT('',(1.115653694056,-8.580793759977));
#10294 = CARTESIAN_POINT('',(1.108837567191,-8.585794424488));
#10295 = CARTESIAN_POINT('',(1.102021797904,-8.590727585279));
#10296 = CARTESIAN_POINT('',(1.095206483177,-8.595592855402));
#10297 = CARTESIAN_POINT('',(1.088391709898,-8.600389866914));
#10298 = CARTESIAN_POINT('',(1.081577554889,-8.605118270943));
#10299 = CARTESIAN_POINT('',(1.07476408487,-8.609777737605));
#10300 = CARTESIAN_POINT('',(1.06795135649,-8.614367956086));
#10301 = CARTESIAN_POINT('',(1.06113941631,-8.618888634579));
#10302 = CARTESIAN_POINT('',(1.040706069802,-8.632241231808));
#10303 = CARTESIAN_POINT('',(1.027087131985,-8.640863685497));
#10304 = CARTESIAN_POINT('',(1.013471768311,-8.649204666764));
#10305 = CARTESIAN_POINT('',(0.999860089848,-8.657262201886));
#10306 = CARTESIAN_POINT('',(0.986252064369,-8.665034509215));
#10307 = CARTESIAN_POINT('',(0.972647542938,-8.672519970469));
#10308 = CARTESIAN_POINT('',(0.959046286505,-8.679717101852));
#10309 = CARTESIAN_POINT('',(0.945447992488,-8.68662452537));
#10310 = CARTESIAN_POINT('',(0.93185232137,-8.693240939974));
#10311 = CARTESIAN_POINT('',(0.918258923282,-8.699565092815));
#10312 = CARTESIAN_POINT('',(0.877484547218,-8.717657065724));
#10313 = CARTESIAN_POINT('',(0.850309414343,-8.728544399755));
#10314 = CARTESIAN_POINT('',(0.823139181243,-8.738248317845));
#10315 = CARTESIAN_POINT('',(0.79597125171,-8.746759897807));
#10316 = CARTESIAN_POINT('',(0.768803568391,-8.754070932595));
#10317 = CARTESIAN_POINT('',(0.741634757737,-8.760174128481));
#10318 = CARTESIAN_POINT('',(0.714464169702,-8.765063300444));
#10319 = CARTESIAN_POINT('',(0.687291812009,-8.768733562631));
#10320 = CARTESIAN_POINT('',(0.660118179186,-8.771181516158));
#10321 = CARTESIAN_POINT('',(0.632943976191,-8.772405432267));
#10322 = CARTESIAN_POINT('',(0.578595497309,-8.772405432267));
#10323 = CARTESIAN_POINT('',(0.551421294314,-8.771181516157));
#10324 = CARTESIAN_POINT('',(0.52424766149,-8.768733562633));
#10325 = CARTESIAN_POINT('',(0.4970753038,-8.765063300439));
#10326 = CARTESIAN_POINT('',(0.46990471576,-8.76017412849));
#10327 = CARTESIAN_POINT('',(0.442735905112,-8.754070932585));
#10328 = CARTESIAN_POINT('',(0.415568221788,-8.746759897816));
#10329 = CARTESIAN_POINT('',(0.388400292258,-8.73824831784));
#10330 = CARTESIAN_POINT('',(0.361230059156,-8.728544399757));
#10331 = CARTESIAN_POINT('',(0.334054926282,-8.717657065723));
#10332 = CARTESIAN_POINT('',(0.293280550219,-8.699565092815));
#10333 = CARTESIAN_POINT('',(0.27968715213,-8.693240939977));
#10334 = CARTESIAN_POINT('',(0.266091481012,-8.686624525363));
#10335 = CARTESIAN_POINT('',(0.252493186996,-8.679717101865));
#10336 = CARTESIAN_POINT('',(0.238891930562,-8.672519970451));
#10337 = CARTESIAN_POINT('',(0.225287409132,-8.665034509233));
#10338 = CARTESIAN_POINT('',(0.211679383652,-8.657262201874));
#10339 = CARTESIAN_POINT('',(0.198067705189,-8.649204666772));
#10340 = CARTESIAN_POINT('',(0.184452341515,-8.640863685494));
#10341 = CARTESIAN_POINT('',(0.170833403699,-8.632241231809));
#10342 = CARTESIAN_POINT('',(0.15040005719,-8.618888634579));
#10343 = CARTESIAN_POINT('',(0.14358811701,-8.614367956087));
#10344 = CARTESIAN_POINT('',(0.13677538863,-8.609777737604));
#10345 = CARTESIAN_POINT('',(0.129961918612,-8.605118270945));
#10346 = CARTESIAN_POINT('',(0.123147763601,-8.600389866912));
#10347 = CARTESIAN_POINT('',(0.116332990325,-8.595592855405));
#10348 = CARTESIAN_POINT('',(0.109517675596,-8.590727585278));
#10349 = CARTESIAN_POINT('',(0.102701906309,-8.585794424489));
#10350 = CARTESIAN_POINT('',(9.588577944431E-02,-8.580793759977));
#10351 = CARTESIAN_POINT('',(8.906940206382E-02,-8.57572599774));
#10352 = CARTESIAN_POINT('',(7.884463593881E-02,-8.568024345327));
#10353 = CARTESIAN_POINT('',(7.54363460655E-02,-8.565440453978));
#10354 = CARTESIAN_POINT('',(7.202803617258E-02,-8.562839946457));
#10355 = CARTESIAN_POINT('',(6.861972073788E-02,-8.56022288039));
#10356 = CARTESIAN_POINT('',(6.521141424102E-02,-8.557589313568));
#10357 = CARTESIAN_POINT('',(6.180313115885E-02,-8.554939303526));
#10358 = CARTESIAN_POINT('',(5.839488597155E-02,-8.552272908109));
#10359 = CARTESIAN_POINT('',(5.498669315612E-02,-8.549590184864));
#10360 = CARTESIAN_POINT('',(5.1578567192E-02,-8.546891191566));
#10361 = CARTESIAN_POINT('',(4.817052255714E-02,-8.544175985853));
#10362 = CARTESIAN_POINT('',(4.30585993167E-02,-8.540078945212));
#10363 = CARTESIAN_POINT('',(4.135464899437E-02,-8.538709227577));
#10364 = CARTESIAN_POINT('',(3.965072425193E-02,-8.537335480213));
#10365 = CARTESIAN_POINT('',(3.794682657856E-02,-8.535957710915));
#10366 = CARTESIAN_POINT('',(3.624295746253E-02,-8.53457592727));
#10367 = CARTESIAN_POINT('',(3.453911839349E-02,-8.533190137179));
#10368 = CARTESIAN_POINT('',(3.283531085946E-02,-8.531800348172));
#10369 = CARTESIAN_POINT('',(3.113153635001E-02,-8.53040656813));
#10370 = CARTESIAN_POINT('',(2.942779635351E-02,-8.529008804667));
#10371 = CARTESIAN_POINT('',(2.772409235907E-02,-8.527607065558));
#10372 = CARTESIAN_POINT('',(2.516859260365E-02,-8.525498504976));
#10373 = CARTESIAN_POINT('',(2.431676866207E-02,-8.524794659484));
#10374 = CARTESIAN_POINT('',(2.346495415868E-02,-8.524089822999));
#10375 = CARTESIAN_POINT('',(2.26131492214E-02,-8.523383996466));
#10376 = CARTESIAN_POINT('',(2.176135397827E-02,-8.522677180885));
#10377 = CARTESIAN_POINT('',(2.090956855714E-02,-8.52196937717));
#10378 = CARTESIAN_POINT('',(2.005779308609E-02,-8.521260586339));
#10379 = CARTESIAN_POINT('',(1.920602769297E-02,-8.520550809311));
#10380 = CARTESIAN_POINT('',(1.835427250582E-02,-8.519840047081));
#10381 = CARTESIAN_POINT('',(1.750252765256E-02,-8.519128300598));
#10382 = CARTESIAN_POINT('',(1.622492606546E-02,-8.518059205947));
#10383 = CARTESIAN_POINT('',(1.579906147709E-02,-8.517702595241));
#10384 = CARTESIAN_POINT('',(1.537319950691E-02,-8.517345738824));
#10385 = CARTESIAN_POINT('',(1.494734016584E-02,-8.516988636837));
#10386 = CARTESIAN_POINT('',(1.452148346469E-02,-8.516631289359));
#10387 = CARTESIAN_POINT('',(1.409562941443E-02,-8.516273696563));
#10388 = CARTESIAN_POINT('',(1.366977802584E-02,-8.51591585851));
#10389 = CARTESIAN_POINT('',(1.324392930988E-02,-8.515557775369));
#10390 = CARTESIAN_POINT('',(1.281808327738E-02,-8.515199447226));
#10391 = CARTESIAN_POINT('',(1.239223993924E-02,-8.514840874217));
#10392 = CARTESIAN_POINT('',(1.175347898988E-02,-8.514302647573));
#10393 = CARTESIAN_POINT('',(1.154055934925E-02,-8.514123177502));
#10394 = CARTESIAN_POINT('',(1.132764038549E-02,-8.513943646264));
#10395 = CARTESIAN_POINT('',(1.111472209956E-02,-8.513764053852));
#10396 = CARTESIAN_POINT('',(1.090180449257E-02,-8.513584400321));
#10397 = CARTESIAN_POINT('',(1.068888756544E-02,-8.51340468563));
#10398 = CARTESIAN_POINT('',(1.047597131928E-02,-8.513224909854));
#10399 = CARTESIAN_POINT('',(1.026305575504E-02,-8.513045072958));
#10400 = CARTESIAN_POINT('',(1.005014087379E-02,-8.512865174988));
#10401 = CARTESIAN_POINT('',(9.83722667651E-03,-8.512685215943));
#10402 = CARTESIAN_POINT('',(9.517856408113E-03,-8.512415185795));
#10403 = CARTESIAN_POINT('',(9.411399823199E-03,-8.512325160481));
#10404 = CARTESIAN_POINT('',(9.304943409608E-03,-8.512235119909));
#10405 = CARTESIAN_POINT('',(9.198487167445E-03,-8.512145064066));
#10406 = CARTESIAN_POINT('',(9.092031096811E-03,-8.512054992983));
#10407 = CARTESIAN_POINT('',(8.985575197819E-03,-8.51196490662));
#10408 = CARTESIAN_POINT('',(8.879119470562E-03,-8.511874805026));
#10409 = CARTESIAN_POINT('',(8.772663915155E-03,-8.511784688161));
#10410 = CARTESIAN_POINT('',(8.666208531696E-03,-8.511694556056));
#10411 = CARTESIAN_POINT('',(8.559753320292E-03,-8.511604408697));
#10412 = CARTESIAN_POINT('',(8.346843241803E-03,-8.511424083487));
#10413 = CARTESIAN_POINT('',(8.240310790769E-03,-8.511333964966));
#10414 = CARTESIAN_POINT('',(8.134440198074E-03,-8.511243328102));
#10415 = CARTESIAN_POINT('',(8.025846786366E-03,-8.511154733169));
#10416 = CARTESIAN_POINT('',(7.924258068278E-03,-8.511060868181));
#10417 = CARTESIAN_POINT('',(7.810489327689E-03,-8.510976053311));
#10418 = CARTESIAN_POINT('',(7.711105963949E-03,-8.510880619661));
#10419 = CARTESIAN_POINT('',(7.60092790739E-03,-8.510793022989));
#10420 = CARTESIAN_POINT('',(7.495073205103E-03,-8.510702323131));
#10421 = CARTESIAN_POINT('',(7.387829713476E-03,-8.510612644069));
#10422 = CARTESIAN_POINT('',(7.280506136158E-03,-8.510523069243));
#10423 = ( GEOMETRIC_REPRESENTATION_CONTEXT(2) 
PARAMETRIC_REPRESENTATION_CONTEXT() REPRESENTATION_CONTEXT('2D SPACE',''
  ) );
#10424 = ADVANCED_FACE('',(#10425),#7147,.T.);
#10425 = FACE_BOUND('',#10426,.F.);
#10426 = EDGE_LOOP('',(#10427,#10428,#10454,#10477));
#10427 = ORIENTED_EDGE('',*,*,#7129,.F.);
#10428 = ORIENTED_EDGE('',*,*,#10429,.T.);
#10429 = EDGE_CURVE('',#7130,#10430,#10432,.T.);
#10430 = VERTEX_POINT('',#10431);
#10431 = CARTESIAN_POINT('',(-8.510499679325,28.510499679325,7.5));
#10432 = SURFACE_CURVE('',#10433,(#10442,#10448),.PCURVE_S1.);
#10433 = B_SPLINE_CURVE_WITH_KNOTS('',7,(#10434,#10435,#10436,#10437,
    #10438,#10439,#10440,#10441),.UNSPECIFIED.,.F.,.F.,(8,8),(0.,1.),
  .PIECEWISE_BEZIER_KNOTS.);
#10434 = CARTESIAN_POINT('',(-9.509890506344,28.510499679325,
    6.534899496703));
#10435 = CARTESIAN_POINT('',(-9.502233109347,28.510499679324,
    6.754178656591));
#10436 = CARTESIAN_POINT('',(-9.438443256355,28.510499679325,
    6.971496736328));
#10437 = CARTESIAN_POINT('',(-9.3191307794,28.510499679324,
    7.169618144445));
#10438 = CARTESIAN_POINT('',(-9.151489092078,28.510499679325,
    7.331507840082));
#10439 = CARTESIAN_POINT('',(-8.949324428773,28.510499679324,
    7.44383329767));
#10440 = CARTESIAN_POINT('',(-8.729912499575,28.510499679325,7.5));
#10441 = CARTESIAN_POINT('',(-8.510499679325,28.510499679325,7.5));
#10442 = PCURVE('',#7147,#10443);
#10443 = DEFINITIONAL_REPRESENTATION('',(#10444),#10447);
#10444 = B_SPLINE_CURVE_WITH_KNOTS('',1,(#10445,#10446),.UNSPECIFIED.,
  .F.,.F.,(2,2),(0.,1.),.PIECEWISE_BEZIER_KNOTS.);
#10445 = CARTESIAN_POINT('',(0.,-1.888528182276E-15));
#10446 = CARTESIAN_POINT('',(-1.535889741755,0.));
#10447 = ( GEOMETRIC_REPRESENTATION_CONTEXT(2) 
PARAMETRIC_REPRESENTATION_CONTEXT() REPRESENTATION_CONTEXT('2D SPACE',''
  ) );
#10448 = PCURVE('',#7640,#10449);
#10449 = DEFINITIONAL_REPRESENTATION('',(#10450),#10453);
#10450 = B_SPLINE_CURVE_WITH_KNOTS('',1,(#10451,#10452),.UNSPECIFIED.,
  .F.,.F.,(2,2),(0.,1.),.PIECEWISE_BEZIER_KNOTS.);
#10451 = CARTESIAN_POINT('',(1.,0.));
#10452 = CARTESIAN_POINT('',(1.,1.));
#10453 = ( GEOMETRIC_REPRESENTATION_CONTEXT(2) 
PARAMETRIC_REPRESENTATION_CONTEXT() REPRESENTATION_CONTEXT('2D SPACE',''
  ) );
#10454 = ORIENTED_EDGE('',*,*,#10455,.T.);
#10455 = EDGE_CURVE('',#10430,#10456,#10458,.T.);
#10456 = VERTEX_POINT('',#10457);
#10457 = CARTESIAN_POINT('',(-8.510499679325,24.310491562286,7.5));
#10458 = SURFACE_CURVE('',#10459,(#10463,#10470),.PCURVE_S1.);
#10459 = LINE('',#10460,#10461);
#10460 = CARTESIAN_POINT('',(-8.510499679325,28.510499679325,7.5));
#10461 = VECTOR('',#10462,1.);
#10462 = DIRECTION('',(1.619075244245E-16,-1.,-0.));
#10463 = PCURVE('',#7147,#10464);
#10464 = DEFINITIONAL_REPRESENTATION('',(#10465),#10469);
#10465 = LINE('',#10466,#10467);
#10466 = CARTESIAN_POINT('',(-1.535889741755,0.));
#10467 = VECTOR('',#10468,1.);
#10468 = DIRECTION('',(-0.,1.));
#10469 = ( GEOMETRIC_REPRESENTATION_CONTEXT(2) 
PARAMETRIC_REPRESENTATION_CONTEXT() REPRESENTATION_CONTEXT('2D SPACE',''
  ) );
#10470 = PCURVE('',#9923,#10471);
#10471 = DEFINITIONAL_REPRESENTATION('',(#10472),#10476);
#10472 = LINE('',#10473,#10474);
#10473 = CARTESIAN_POINT('',(-8.510499679325,4.510499679325));
#10474 = VECTOR('',#10475,1.);
#10475 = DIRECTION('',(1.619075244245E-16,-1.));
#10476 = ( GEOMETRIC_REPRESENTATION_CONTEXT(2) 
PARAMETRIC_REPRESENTATION_CONTEXT() REPRESENTATION_CONTEXT('2D SPACE',''
  ) );
#10477 = ORIENTED_EDGE('',*,*,#10478,.F.);
#10478 = EDGE_CURVE('',#7132,#10456,#10479,.T.);
#10479 = SURFACE_CURVE('',#10480,(#10509,#10542),.PCURVE_S1.);
#10480 = ( BOUNDED_CURVE() B_SPLINE_CURVE(14,(#10481,#10482,#10483,
    #10484,#10485,#10486,#10487,#10488,#10489,#10490,#10491,#10492,
    #10493,#10494,#10495,#10496,#10497,#10498,#10499,#10500,#10501,
    #10502,#10503,#10504,#10505,#10506,#10507,#10508),.UNSPECIFIED.,.F.,
.F.) B_SPLINE_CURVE_WITH_KNOTS((15,13,15),(70.597765408033,
71.126509181464,71.596706173599),.UNSPECIFIED.) CURVE() 
GEOMETRIC_REPRESENTATION_ITEM() RATIONAL_B_SPLINE_CURVE((1.,
    1.000000000001,0.999999999998,1.000000000007,0.999999999986,
    1.000000000022,0.999999999972,1.000000000029,0.999999999976,
    1.000000000016,0.999999999991,1.000000000004,0.999999999999,1.,1.,1.
    ,1.000000000001,0.999999999998,1.000000000004,0.999999999993,
    1.000000000009,0.999999999991,1.000000000007,0.999999999995,
1.000000000002,0.999999999999,1.,1.)) REPRESENTATION_ITEM('') );
#10481 = CARTESIAN_POINT('',(-9.509890506344,24.301113206983,
    6.534899496703));
#10482 = CARTESIAN_POINT('',(-9.50542398004,24.274005612008,
    6.662804075222));
#10483 = CARTESIAN_POINT('',(-9.485182968732,24.2706610852,
    6.740819145705));
#10484 = CARTESIAN_POINT('',(-9.467197138875,24.25756844467,
    6.835488017584));
#10485 = CARTESIAN_POINT('',(-9.433789913746,24.269881334769,
    6.877028181426));
#10486 = CARTESIAN_POINT('',(-9.414864639844,24.249480198037,
    6.980596545175));
#10487 = CARTESIAN_POINT('',(-9.37003958196,24.276216101751,
    6.987790513981));
#10488 = CARTESIAN_POINT('',(-9.348714162968,24.253145174257,
    7.090793843531));
#10489 = CARTESIAN_POINT('',(-9.302375862608,24.276087373294,
    7.099459910159));
#10490 = CARTESIAN_POINT('',(-9.27103250671,24.266806557938,
    7.168893572912));
#10491 = CARTESIAN_POINT('',(-9.228930618238,24.276090940693,
    7.198336815379));
#10492 = CARTESIAN_POINT('',(-9.189655846153,24.277597417143,
    7.239960346559));
#10493 = CARTESIAN_POINT('',(-9.148154807636,24.281541024943,
    7.273499407045));
#10494 = CARTESIAN_POINT('',(-9.106090833409,24.284910017527,
    7.304924669823));
#10495 = CARTESIAN_POINT('',(-9.025315530841,24.291105560949,
    7.358514105366));
#10496 = CARTESIAN_POINT('',(-8.986759491764,24.293910958656,
    7.381402733665));
#10497 = CARTESIAN_POINT('',(-8.947787093608,24.296563754598,
    7.40203887522));
#10498 = CARTESIAN_POINT('',(-8.908499912167,24.299031030619,
    7.420503791688));
#10499 = CARTESIAN_POINT('',(-8.868983179809,24.301287682994,
    7.436875697223));
#10500 = CARTESIAN_POINT('',(-8.829306969294,24.303315370429,
    7.451228644106));
#10501 = CARTESIAN_POINT('',(-8.789527377506,24.305101461981,
    7.463631408417));
#10502 = CARTESIAN_POINT('',(-8.749687709297,24.306637985092,
    7.47414637565));
#10503 = CARTESIAN_POINT('',(-8.709819661211,24.307920573486,
    7.482828426393));
#10504 = CARTESIAN_POINT('',(-8.669944505317,24.30894741521,
    7.489723821947));
#10505 = CARTESIAN_POINT('',(-8.630074272957,24.30971820054,
    7.494869089991));
#10506 = CARTESIAN_POINT('',(-8.590212938552,24.310233069996,
    7.498289910222));
#10507 = CARTESIAN_POINT('',(-8.550357603371,24.310491562286,7.5));
#10508 = CARTESIAN_POINT('',(-8.510499679325,24.310491562286,7.5));
#10509 = PCURVE('',#7147,#10510);
#10510 = DEFINITIONAL_REPRESENTATION('',(#10511),#10541);
#10511 = B_SPLINE_CURVE_WITH_KNOTS('',10,(#10512,#10513,#10514,#10515,
    #10516,#10517,#10518,#10519,#10520,#10521,#10522,#10523,#10524,
    #10525,#10526,#10527,#10528,#10529,#10530,#10531,#10532,#10533,
    #10534,#10535,#10536,#10537,#10538,#10539,#10540),.UNSPECIFIED.,.F.,
  .F.,(11,9,9,11),(70.597765408033,70.847500599425,71.097235790816,
    71.596706173599),.UNSPECIFIED.);
#10512 = CARTESIAN_POINT('',(-9.214851104389E-15,4.209386472342));
#10513 = CARTESIAN_POINT('',(-8.46278381464E-02,4.227311238672));
#10514 = CARTESIAN_POINT('',(-0.147046350619,4.234531026313));
#10515 = CARTESIAN_POINT('',(-0.208806119985,4.241612439688));
#10516 = CARTESIAN_POINT('',(-0.259838992708,4.243666096409));
#10517 = CARTESIAN_POINT('',(-0.312796694276,4.246803130913));
#10518 = CARTESIAN_POINT('',(-0.359557495919,4.247191996234));
#10519 = CARTESIAN_POINT('',(-0.406161439788,4.247672326245));
#10520 = CARTESIAN_POINT('',(-0.450299126159,4.247194151756));
#10521 = CARTESIAN_POINT('',(-0.493187313746,4.246338109464));
#10522 = CARTESIAN_POINT('',(-0.576411173898,4.243872044886));
#10523 = CARTESIAN_POINT('',(-0.616769874418,4.242271804364));
#10524 = CARTESIAN_POINT('',(-0.656073589122,4.240411765206));
#10525 = CARTESIAN_POINT('',(-0.694461509129,4.238368914969));
#10526 = CARTESIAN_POINT('',(-0.732034844739,4.236201003781));
#10527 = CARTESIAN_POINT('',(-0.768872303435,4.233954478948));
#10528 = CARTESIAN_POINT('',(-0.805039974162,4.23166916973));
#10529 = CARTESIAN_POINT('',(-0.840595617798,4.229379722065));
#10530 = CARTESIAN_POINT('',(-0.875587363902,4.227113783471));
#10531 = CARTESIAN_POINT('',(-0.978965713175,4.220433246842));
#10532 = CARTESIAN_POINT('',(-1.045802426357,4.216170730605));
#10533 = CARTESIAN_POINT('',(-1.110881178282,4.212234777066));
#10534 = CARTESIAN_POINT('',(-1.174379911481,4.208781163489));
#10535 = CARTESIAN_POINT('',(-1.236526361152,4.205873194294));
#10536 = CARTESIAN_POINT('',(-1.297575347591,4.203528000494));
#10537 = CARTESIAN_POINT('',(-1.357766098708,4.201765556923));
#10538 = CARTESIAN_POINT('',(-1.417343760656,4.200599918064));
#10539 = CARTESIAN_POINT('',(-1.476614599466,4.200008117038));
#10540 = CARTESIAN_POINT('',(-1.535889741755,4.200008117038));
#10541 = ( GEOMETRIC_REPRESENTATION_CONTEXT(2) 
PARAMETRIC_REPRESENTATION_CONTEXT() REPRESENTATION_CONTEXT('2D SPACE',''
  ) );
#10542 = PCURVE('',#10543,#10628);
#10543 = ( BOUNDED_SURFACE() B_SPLINE_SURFACE(2,14,(
    (#10544,#10545,#10546,#10547,#10548,#10549,#10550,#10551,#10552
      ,#10553,#10554,#10555,#10556,#10557,#10558,#10559,#10560,#10561
      ,#10562,#10563,#10564,#10565,#10566,#10567,#10568,#10569,#10570
      ,#10571)
    ,(#10572,#10573,#10574,#10575,#10576,#10577,#10578,#10579,#10580
      ,#10581,#10582,#10583,#10584,#10585,#10586,#10587,#10588,#10589
      ,#10590,#10591,#10592,#10593,#10594,#10595,#10596,#10597,#10598
      ,#10599)
    ,(#10600,#10601,#10602,#10603,#10604,#10605,#10606,#10607,#10608
      ,#10609,#10610,#10611,#10612,#10613,#10614,#10615,#10616,#10617
      ,#10618,#10619,#10620,#10621,#10622,#10623,#10624,#10625,#10626
,#10627
    )),.UNSPECIFIED.,.F.,.F.,.F.) B_SPLINE_SURFACE_WITH_KNOTS((3,3),(15,
    13,15),(0.,0.998940765566),(70.597765408033,71.126509181464,
71.596706173599),.UNSPECIFIED.) GEOMETRIC_REPRESENTATION_ITEM() 
RATIONAL_B_SPLINE_SURFACE((
    (1.,1.000000000001,0.999999999998,1.000000000007,0.999999999986
      ,1.000000000022,0.999999999972,1.000000000029,0.999999999976
      ,1.000000000016,0.999999999991,1.000000000004,0.999999999999,1.,1.
      ,1.,1.000000000001,0.999999999998,1.000000000004,0.999999999993
      ,1.000000000009,0.999999999991,1.000000000007,0.999999999995
      ,1.000000000002,0.999999999999,1.,1.)
    ,(0.7201399637,0.762193717711,0.782629099905,0.811160911754
      ,0.816467071213,0.850237855882,0.841352858785,0.87611410758
      ,0.869141135823,0.890115253544,0.893768958483,0.903554037559
      ,0.910364040421,0.916879859126,0.927821155488,0.932435212189
      ,0.936548921503,0.940194332797,0.943400012336,0.946191126306
      ,0.948589524094,0.950613821161,0.952279482461,0.953598905238
      ,0.954581502426,0.955233785552,0.955559447985,0.955559447985)
    ,(1.,1.000000000001,0.999999999998,1.000000000007,0.999999999986
      ,1.000000000022,0.999999999972,1.000000000029,0.999999999976
      ,1.000000000016,0.999999999991,1.000000000004,0.999999999999,1.,1.
      ,1.,1.000000000001,0.999999999998,1.000000000004,0.999999999993
      ,1.000000000009,0.999999999991,1.000000000007,0.999999999995
,1.000000000002,0.999999999999,1.,1.
  ))) REPRESENTATION_ITEM('') SURFACE() );
#10544 = CARTESIAN_POINT('',(-8.655118340616,23.336943351638,
    7.050006054097));
#10545 = CARTESIAN_POINT('',(-8.665747687894,23.363023856267,
    7.06734620692));
#10546 = CARTESIAN_POINT('',(-8.673305677789,23.388040210839,
    7.084008928958));
#10547 = CARTESIAN_POINT('',(-8.679387425977,23.41259214271,
    7.100389069729));
#10548 = CARTESIAN_POINT('',(-8.683274578601,23.436307444452,
    7.116238368956));
#10549 = CARTESIAN_POINT('',(-8.686532749954,23.459782831241,
    7.131950102067));
#10550 = CARTESIAN_POINT('',(-8.687379855112,23.482243932233,
    7.147009505912));
#10551 = CARTESIAN_POINT('',(-8.688110958393,23.504540505178,
    7.161977476412));
#10552 = CARTESIAN_POINT('',(-8.686685690682,23.525743251305,
    7.176235264258));
#10553 = CARTESIAN_POINT('',(-8.684733537858,23.546587834385,
    7.190269110167));
#10554 = CARTESIAN_POINT('',(-8.681305830344,23.566482051738,
    7.203682826036));
#10555 = CARTESIAN_POINT('',(-8.676952546397,23.585639356563,
    7.216615260972));
#10556 = CARTESIAN_POINT('',(-8.671498658405,23.603890193249,
    7.228950765049));
#10557 = CARTESIAN_POINT('',(-8.665032340374,23.621198334106,
    7.240662049118));
#10558 = CARTESIAN_POINT('',(-8.650956041924,23.651966749773,
    7.261502255954));
#10559 = CARTESIAN_POINT('',(-8.643554024764,23.665642440764,
    7.270774560571));
#10560 = CARTESIAN_POINT('',(-8.635400189651,23.678457587757,
    7.279471763317));
#10561 = CARTESIAN_POINT('',(-8.626526414625,23.690354907291,
    7.287553300474));
#10562 = CARTESIAN_POINT('',(-8.616971934609,23.701275223431,
    7.294977270913));
#10563 = CARTESIAN_POINT('',(-8.606783368072,23.711159180664,
    7.30170164893));
#10564 = CARTESIAN_POINT('',(-8.596014743827,23.719948956827,
    7.307685497079));
#10565 = CARTESIAN_POINT('',(-8.584727527629,23.727589976003,
    7.312890179013));
#10566 = CARTESIAN_POINT('',(-8.57299064903,23.734032621443,
    7.317280572313));
#10567 = CARTESIAN_POINT('',(-8.56088052795,23.739233948471,
    7.320826281332));
#10568 = CARTESIAN_POINT('',(-8.548481101514,23.743159397396,
    7.323502850021));
#10569 = CARTESIAN_POINT('',(-8.53588385068,23.745784506426,
    7.325292974777));
#10570 = CARTESIAN_POINT('',(-8.523187827003,23.747096624574,
    7.326187717265));
#10571 = CARTESIAN_POINT('',(-8.510499679328,23.747096624574,
    7.326187717265));
#10572 = CARTESIAN_POINT('',(-9.482353185442,23.748240322606,
    7.323465192779));
#10573 = CARTESIAN_POINT('',(-9.387053922129,23.740236492934,
    7.318560071102));
#10574 = CARTESIAN_POINT('',(-9.33696013706,23.75364130612,
    7.327856758885));
#10575 = CARTESIAN_POINT('',(-9.274490817791,23.758196597978,
    7.331266265016));
#10576 = CARTESIAN_POINT('',(-9.250414400436,23.784117299783,
    7.34889470345));
#10577 = CARTESIAN_POINT('',(-9.182758883823,23.781481650233,
    7.347509128704));
#10578 = CARTESIAN_POINT('',(-9.17766062987,23.818649614091,
    7.372651598361));
#10579 = CARTESIAN_POINT('',(-9.110674268172,23.812413363386,
    7.368854702406));
#10580 = CARTESIAN_POINT('',(-9.099783511634,23.845238385997,
    7.391119989803));
#10581 = CARTESIAN_POINT('',(-9.052025660006,23.849597250982,
    7.394382364929));
#10582 = CARTESIAN_POINT('',(-9.025557289027,23.869567673827,
    7.408069163682));
#10583 = CARTESIAN_POINT('',(-8.991132013787,23.882130800322,
    7.416800912621));
#10584 = CARTESIAN_POINT('',(-8.959649447325,23.896222860284,
    7.426547340379));
#10585 = CARTESIAN_POINT('',(-8.927951140561,23.909165287317,
    7.435514694765));
#10586 = CARTESIAN_POINT('',(-8.868870323019,23.932085138741,
    7.451404251243));
#10587 = CARTESIAN_POINT('',(-8.841315066014,23.942225420825,
    7.458439058788));
#10588 = CARTESIAN_POINT('',(-8.813803134393,23.951724805996,
    7.465033748267));
#10589 = CARTESIAN_POINT('',(-8.786307222813,23.960527986299,
    7.471149139963));
#10590 = CARTESIAN_POINT('',(-8.758807580984,23.968584979211,
    7.476749652193));
#10591 = CARTESIAN_POINT('',(-8.731291039145,23.975851170412,
    7.48180337322));
#10592 = CARTESIAN_POINT('',(-8.70375012451,23.982287375524,
    7.486282145546));
#10593 = CARTESIAN_POINT('',(-8.676182250918,23.987859911804,
    7.490161657011));
#10594 = CARTESIAN_POINT('',(-8.648588967571,23.992540672621,
    7.493421533506));
#10595 = CARTESIAN_POINT('',(-8.620975256211,23.996307199082,
    7.496045430133));
#10596 = CARTESIAN_POINT('',(-8.593348868216,23.99914274466,
    7.498021117592));
#10597 = CARTESIAN_POINT('',(-8.565719695175,24.001036329972,
    7.499340562442));
#10598 = CARTESIAN_POINT('',(-8.538099167832,24.001982786115,7.5));
#10599 = CARTESIAN_POINT('',(-8.510499679326,24.001982786115,7.5));
#10600 = CARTESIAN_POINT('',(-9.509890506344,24.301113206983,
    6.534899496703));
#10601 = CARTESIAN_POINT('',(-9.50542398004,24.274005612008,
    6.662804075222));
#10602 = CARTESIAN_POINT('',(-9.485182968732,24.2706610852,
    6.740819145705));
#10603 = CARTESIAN_POINT('',(-9.467197138875,24.25756844467,
    6.835488017584));
#10604 = CARTESIAN_POINT('',(-9.433789913746,24.269881334769,
    6.877028181426));
#10605 = CARTESIAN_POINT('',(-9.414864639844,24.249480198037,
    6.980596545175));
#10606 = CARTESIAN_POINT('',(-9.37003958196,24.276216101751,
    6.987790513981));
#10607 = CARTESIAN_POINT('',(-9.348714162968,24.253145174257,
    7.090793843531));
#10608 = CARTESIAN_POINT('',(-9.302375862608,24.276087373294,
    7.099459910159));
#10609 = CARTESIAN_POINT('',(-9.27103250671,24.266806557938,
    7.168893572912));
#10610 = CARTESIAN_POINT('',(-9.228930618238,24.276090940693,
    7.198336815379));
#10611 = CARTESIAN_POINT('',(-9.189655846153,24.277597417143,
    7.239960346559));
#10612 = CARTESIAN_POINT('',(-9.148154807636,24.281541024943,
    7.273499407045));
#10613 = CARTESIAN_POINT('',(-9.106090833409,24.284910017527,
    7.304924669823));
#10614 = CARTESIAN_POINT('',(-9.025315530841,24.291105560949,
    7.358514105366));
#10615 = CARTESIAN_POINT('',(-8.986759491764,24.293910958656,
    7.381402733665));
#10616 = CARTESIAN_POINT('',(-8.947787093608,24.296563754598,
    7.40203887522));
#10617 = CARTESIAN_POINT('',(-8.908499912167,24.299031030619,
    7.420503791688));
#10618 = CARTESIAN_POINT('',(-8.868983179809,24.301287682994,
    7.436875697223));
#10619 = CARTESIAN_POINT('',(-8.829306969294,24.303315370429,
    7.451228644106));
#10620 = CARTESIAN_POINT('',(-8.789527377506,24.305101461981,
    7.463631408417));
#10621 = CARTESIAN_POINT('',(-8.749687709297,24.306637985092,
    7.47414637565));
#10622 = CARTESIAN_POINT('',(-8.709819661211,24.307920573486,
    7.482828426393));
#10623 = CARTESIAN_POINT('',(-8.669944505317,24.30894741521,
    7.489723821947));
#10624 = CARTESIAN_POINT('',(-8.630074272957,24.30971820054,
    7.494869089991));
#10625 = CARTESIAN_POINT('',(-8.590212938552,24.310233069996,
    7.498289910222));
#10626 = CARTESIAN_POINT('',(-8.550357603371,24.310491562286,7.5));
#10627 = CARTESIAN_POINT('',(-8.510499679325,24.310491562286,7.5));
#10628 = DEFINITIONAL_REPRESENTATION('',(#10629),#10633);
#10629 = LINE('',#10630,#10631);
#10630 = CARTESIAN_POINT('',(0.998940765566,0.));
#10631 = VECTOR('',#10632,1.);
#10632 = DIRECTION('',(0.,1.));
#10633 = ( GEOMETRIC_REPRESENTATION_CONTEXT(2) 
PARAMETRIC_REPRESENTATION_CONTEXT() REPRESENTATION_CONTEXT('2D SPACE',''
  ) );
#10634 = ADVANCED_FACE('',(#10635),#7369,.F.);
#10635 = FACE_BOUND('',#10636,.F.);
#10636 = EDGE_LOOP('',(#10637,#10668,#10669,#10690));
#10637 = ORIENTED_EDGE('',*,*,#10638,.T.);
#10638 = EDGE_CURVE('',#10639,#7211,#10641,.T.);
#10639 = VERTEX_POINT('',#10640);
#10640 = CARTESIAN_POINT('',(-8.510518825079,-23.74709662457,
    7.326187717265));
#10641 = SURFACE_CURVE('',#10642,(#10650,#10662),.PCURVE_S1.);
#10642 = B_SPLINE_CURVE_WITH_KNOTS('',6,(#10643,#10644,#10645,#10646,
    #10647,#10648,#10649),.UNSPECIFIED.,.F.,.F.,(7,7),(0.,1.),
  .PIECEWISE_BEZIER_KNOTS.);
#10643 = CARTESIAN_POINT('',(-8.510518825079,-23.74709662457,
    7.326187717265));
#10644 = CARTESIAN_POINT('',(-8.767322131146,-23.75104777258,
    7.328882088943));
#10645 = CARTESIAN_POINT('',(-9.024649973149,-23.7971896274,
    7.264606887431));
#10646 = CARTESIAN_POINT('',(-9.250872527838,-23.88532650176,
    7.132568275583));
#10647 = CARTESIAN_POINT('',(-9.416302936011,-24.00590386498,
    6.946899679911));
#10648 = CARTESIAN_POINT('',(-9.503004112544,-24.14309715917,
    6.732100013749));
#10649 = CARTESIAN_POINT('',(-9.510587640959,-24.28003935761,
    6.514936173298));
#10650 = PCURVE('',#7369,#10651);
#10651 = DEFINITIONAL_REPRESENTATION('',(#10652),#10661);
#10652 = B_SPLINE_CURVE_WITH_KNOTS('',7,(#10653,#10654,#10655,#10656,
    #10657,#10658,#10659,#10660),.UNSPECIFIED.,.F.,.F.,(8,8),(0.,1.),
  .PIECEWISE_BEZIER_KNOTS.);
#10653 = CARTESIAN_POINT('',(3.552713678801E-15,20.367106040517));
#10654 = CARTESIAN_POINT('',(7.934881346227,20.367106040517));
#10655 = CARTESIAN_POINT('',(15.054888012479,20.367106040516));
#10656 = CARTESIAN_POINT('',(21.800840987973,20.367106040518));
#10657 = CARTESIAN_POINT('',(28.429818379542,20.367106040515));
#10658 = CARTESIAN_POINT('',(35.175771355033,20.367106040517));
#10659 = CARTESIAN_POINT('',(42.29577802129,20.367106040516));
#10660 = CARTESIAN_POINT('',(50.230659367517,20.367106040517));
#10661 = ( GEOMETRIC_REPRESENTATION_CONTEXT(2) 
PARAMETRIC_REPRESENTATION_CONTEXT() REPRESENTATION_CONTEXT('2D SPACE',''
  ) );
#10662 = PCURVE('',#7234,#10663);
#10663 = DEFINITIONAL_REPRESENTATION('',(#10664),#10667);
#10664 = B_SPLINE_CURVE_WITH_KNOTS('',1,(#10665,#10666),.UNSPECIFIED.,
  .F.,.F.,(2,2),(0.,1.),.PIECEWISE_BEZIER_KNOTS.);
#10665 = CARTESIAN_POINT('',(1.,0.));
#10666 = CARTESIAN_POINT('',(1.,1.));
#10667 = ( GEOMETRIC_REPRESENTATION_CONTEXT(2) 
PARAMETRIC_REPRESENTATION_CONTEXT() REPRESENTATION_CONTEXT('2D SPACE',''
  ) );
#10668 = ORIENTED_EDGE('',*,*,#7291,.T.);
#10669 = ORIENTED_EDGE('',*,*,#10670,.F.);
#10670 = EDGE_CURVE('',#10671,#7132,#10673,.T.);
#10671 = VERTEX_POINT('',#10672);
#10672 = CARTESIAN_POINT('',(-8.655118340616,23.336943351638,
    7.050006054097));
#10673 = SURFACE_CURVE('',#10674,(#10678,#10684),.PCURVE_S1.);
#10674 = ( BOUNDED_CURVE() B_SPLINE_CURVE(2,(#10675,#10676,#10677),
.UNSPECIFIED.,.F.,.F.) B_SPLINE_CURVE_WITH_KNOTS((3,3),(0.,
50.230659367517),.PIECEWISE_BEZIER_KNOTS.) CURVE() 
GEOMETRIC_REPRESENTATION_ITEM() RATIONAL_B_SPLINE_CURVE((1.,0.7201399637
,1.)) REPRESENTATION_ITEM('') );
#10675 = CARTESIAN_POINT('',(-8.655118340616,23.336943351638,
    7.050006054097));
#10676 = CARTESIAN_POINT('',(-9.482353185442,23.748240322606,
    7.323465192779));
#10677 = CARTESIAN_POINT('',(-9.509890506344,24.301113206983,
    6.534899496703));
#10678 = PCURVE('',#7369,#10679);
#10679 = DEFINITIONAL_REPRESENTATION('',(#10680),#10683);
#10680 = B_SPLINE_CURVE_WITH_KNOTS('',1,(#10681,#10682),.UNSPECIFIED.,
  .F.,.F.,(2,2),(0.,50.230659367517),.PIECEWISE_BEZIER_KNOTS.);
#10681 = CARTESIAN_POINT('',(0.,70.597765408033));
#10682 = CARTESIAN_POINT('',(50.230659367517,70.597765408033));
#10683 = ( GEOMETRIC_REPRESENTATION_CONTEXT(2) 
PARAMETRIC_REPRESENTATION_CONTEXT() REPRESENTATION_CONTEXT('2D SPACE',''
  ) );
#10684 = PCURVE('',#10543,#10685);
#10685 = DEFINITIONAL_REPRESENTATION('',(#10686),#10689);
#10686 = B_SPLINE_CURVE_WITH_KNOTS('',1,(#10687,#10688),.UNSPECIFIED.,
  .F.,.F.,(2,2),(0.,50.230659367517),.PIECEWISE_BEZIER_KNOTS.);
#10687 = CARTESIAN_POINT('',(0.,70.597765408033));
#10688 = CARTESIAN_POINT('',(0.998940765566,70.597765408033));
#10689 = ( GEOMETRIC_REPRESENTATION_CONTEXT(2) 
PARAMETRIC_REPRESENTATION_CONTEXT() REPRESENTATION_CONTEXT('2D SPACE',''
  ) );
#10690 = ORIENTED_EDGE('',*,*,#10691,.F.);
#10691 = EDGE_CURVE('',#10639,#10671,#10692,.T.);
#10692 = SURFACE_CURVE('',#10693,(#10729,#10736),.PCURVE_S1.);
#10693 = ( BOUNDED_CURVE() B_SPLINE_CURVE(12,(#10694,#10695,#10696,
    #10697,#10698,#10699,#10700,#10701,#10702,#10703,#10704,#10705,
    #10706,#10707,#10708,#10709,#10710,#10711,#10712,#10713,#10714,
    #10715,#10716,#10717,#10718,#10719,#10720,#10721,#10722,#10723,
    #10724,#10725,#10726,#10727,#10728),.UNSPECIFIED.,.F.,.F.) 
B_SPLINE_CURVE_WITH_KNOTS((13,11,11,13),(20.367106040517,20.385122327175
,69.255460536061,70.597765408033),.UNSPECIFIED.) CURVE() 
GEOMETRIC_REPRESENTATION_ITEM() RATIONAL_B_SPLINE_CURVE((1.,1.,
    0.999999999999,1.000000000002,0.999999999997,1.000000000004,
    0.999999999996,1.000000000003,0.999999999998,1.000000000001,1.,1.,1.
    ,0.999999999999,1.000000000002,0.999999999997,1.000000000004,
    0.999999999996,1.000000000003,0.999999999998,1.000000000001,1.,1.,1.
    ,1.,1.000000000001,0.999999999997,1.000000000004,0.999999999996,
    1.000000000003,0.999999999998,1.000000000001,1.,1.,1.)) 
REPRESENTATION_ITEM('') );
#10694 = CARTESIAN_POINT('',(-8.510518825079,-23.74709662457,
    7.326187717265));
#10695 = CARTESIAN_POINT('',(-8.510548929116,-23.74584024998,
    7.325330968773));
#10696 = CARTESIAN_POINT('',(-8.510579054815,-23.74458476046,
    7.324474896311));
#10697 = CARTESIAN_POINT('',(-8.510609201641,-23.74333018005,
    7.323619516082));
#10698 = CARTESIAN_POINT('',(-8.51063936906,-23.74207653279,
    7.322764844274));
#10699 = CARTESIAN_POINT('',(-8.51066955654,-23.74082384277,
    7.321910897107));
#10700 = CARTESIAN_POINT('',(-8.510699763545,-23.739572134,
    7.321057690747));
#10701 = CARTESIAN_POINT('',(-8.510729989544,-23.73832143059,
    7.320205241433));
#10702 = CARTESIAN_POINT('',(-8.510760234,-23.73707175654,7.319353565323
    ));
#10703 = CARTESIAN_POINT('',(-8.510790496381,-23.73582313593,
    7.318502678649));
#10704 = CARTESIAN_POINT('',(-8.510820776153,-23.73457559281,
    7.317652597588));
#10705 = CARTESIAN_POINT('',(-8.510851072783,-23.73332915124,
    7.316803338349));
#10706 = CARTESIAN_POINT('',(-8.593107222527,-20.35408403275,
    5.014557697304));
#10707 = CARTESIAN_POINT('',(-8.662785337592,-16.72892825754,
    3.067811363528));
#10708 = CARTESIAN_POINT('',(-8.718411461751,-12.89803838384,
    1.507992036707));
#10709 = CARTESIAN_POINT('',(-8.758608839027,-8.970848019107,
    0.390646275713));
#10710 = CARTESIAN_POINT('',(-8.785653790774,-4.856200243664,
    -0.379677256922));
#10711 = CARTESIAN_POINT('',(-8.795275609241,-0.739521377529,
    -0.625299346551));
#10712 = CARTESIAN_POINT('',(-8.790090043454,3.418631138151,
    -0.513146744574));
#10713 = CARTESIAN_POINT('',(-8.769630393696,7.522343244956,
    9.723745308191E-02));
#10714 = CARTESIAN_POINT('',(-8.732599526144,11.529146783318,
    1.095413992989));
#10715 = CARTESIAN_POINT('',(-8.682446459093,15.408955431083,
    2.531108474823));
#10716 = CARTESIAN_POINT('',(-8.616540444219,19.085480900033,
    4.350466790808));
#10717 = CARTESIAN_POINT('',(-8.537525631628,22.607217203717,
    6.575449668917));
#10718 = CARTESIAN_POINT('',(-8.536587142449,22.667866734488,
    6.61412564495));
#10719 = CARTESIAN_POINT('',(-8.537714772262,22.730404802128,
    6.654030722088));
#10720 = CARTESIAN_POINT('',(-8.540412305914,22.79707481695,
    6.696716922815));
#10721 = CARTESIAN_POINT('',(-8.544414244531,22.863808878043,
    6.739692686164));
#10722 = CARTESIAN_POINT('',(-8.549993081593,22.929056720548,
    6.781937884854));
#10723 = CARTESIAN_POINT('',(-8.557716728203,22.993748587404,
    6.823980630626));
#10724 = CARTESIAN_POINT('',(-8.568176984515,23.058847591645,
    6.866433044608));
#10725 = CARTESIAN_POINT('',(-8.581968694947,23.12426894111,
    6.909296905971));
#10726 = CARTESIAN_POINT('',(-8.59995796525,23.190265210814,
    6.952763828217));
#10727 = CARTESIAN_POINT('',(-8.623636560128,23.259698653513,
    6.998648348819));
#10728 = CARTESIAN_POINT('',(-8.655118340616,23.336943351638,
    7.050006054097));
#10729 = PCURVE('',#7369,#10730);
#10730 = DEFINITIONAL_REPRESENTATION('',(#10731),#10735);
#10731 = LINE('',#10732,#10733);
#10732 = CARTESIAN_POINT('',(0.,0.));
#10733 = VECTOR('',#10734,1.);
#10734 = DIRECTION('',(0.,1.));
#10735 = ( GEOMETRIC_REPRESENTATION_CONTEXT(2) 
PARAMETRIC_REPRESENTATION_CONTEXT() REPRESENTATION_CONTEXT('2D SPACE',''
  ) );
#10736 = PCURVE('',#7913,#10737);
#10737 = DEFINITIONAL_REPRESENTATION('',(#10738),#10931);
#10738 = B_SPLINE_CURVE_WITH_KNOTS('',11,(#10739,#10740,#10741,#10742,
    #10743,#10744,#10745,#10746,#10747,#10748,#10749,#10750,#10751,
    #10752,#10753,#10754,#10755,#10756,#10757,#10758,#10759,#10760,
    #10761,#10762,#10763,#10764,#10765,#10766,#10767,#10768,#10769,
    #10770,#10771,#10772,#10773,#10774,#10775,#10776,#10777,#10778,
    #10779,#10780,#10781,#10782,#10783,#10784,#10785,#10786,#10787,
    #10788,#10789,#10790,#10791,#10792,#10793,#10794,#10795,#10796,
    #10797,#10798,#10799,#10800,#10801,#10802,#10803,#10804,#10805,
    #10806,#10807,#10808,#10809,#10810,#10811,#10812,#10813,#10814,
    #10815,#10816,#10817,#10818,#10819,#10820,#10821,#10822,#10823,
    #10824,#10825,#10826,#10827,#10828,#10829,#10830,#10831,#10832,
    #10833,#10834,#10835,#10836,#10837,#10838,#10839,#10840,#10841,
    #10842,#10843,#10844,#10845,#10846,#10847,#10848,#10849,#10850,
    #10851,#10852,#10853,#10854,#10855,#10856,#10857,#10858,#10859,
    #10860,#10861,#10862,#10863,#10864,#10865,#10866,#10867,#10868,
    #10869,#10870,#10871,#10872,#10873,#10874,#10875,#10876,#10877,
    #10878,#10879,#10880,#10881,#10882,#10883,#10884,#10885,#10886,
    #10887,#10888,#10889,#10890,#10891,#10892,#10893,#10894,#10895,
    #10896,#10897,#10898,#10899,#10900,#10901,#10902,#10903,#10904,
    #10905,#10906,#10907,#10908,#10909,#10910,#10911,#10912,#10913,
    #10914,#10915,#10916,#10917,#10918,#10919,#10920,#10921,#10922,
    #10923,#10924,#10925,#10926,#10927,#10928,#10929,#10930),
  .UNSPECIFIED.,.F.,.F.,(12,10,10,10,10,10,10,10,10,10,10,10,10,10,10,10
    ,10,10,10,12),(20.367106040517,20.465212797094,20.563319553671,
    20.759533066825,21.151960093134,21.936814145751,23.506522250986,
    26.645938461456,32.924770882396,45.482435724275,58.040100566154,
    64.318932987094,67.458349197564,69.028057302798,69.224270815953,
    69.273324194241,69.32237757253,69.420484329107,69.812911355416,
    70.597765408033),.UNSPECIFIED.);
#10739 = CARTESIAN_POINT('',(1.204258967364,8.510518825079));
#10740 = CARTESIAN_POINT('',(1.204044646217,8.510697657792));
#10741 = CARTESIAN_POINT('',(1.203831008292,8.510877165653));
#10742 = CARTESIAN_POINT('',(1.203620061421,8.511058069829));
#10743 = CARTESIAN_POINT('',(1.203408141492,8.511238298812));
#10744 = CARTESIAN_POINT('',(1.203194928557,8.511417744627));
#10745 = CARTESIAN_POINT('',(1.202982154126,8.511597409839));
#10746 = CARTESIAN_POINT('',(1.202770386485,8.511777590824));
#10747 = CARTESIAN_POINT('',(1.202558352582,8.511957541474));
#10748 = CARTESIAN_POINT('',(1.202345326413,8.51213685973));
#10749 = CARTESIAN_POINT('',(1.202133185567,8.512316637835));
#10750 = CARTESIAN_POINT('',(1.201708432456,8.512675793517));
#10751 = CARTESIAN_POINT('',(1.20149605538,8.512855310554));
#10752 = CARTESIAN_POINT('',(1.201283677781,8.513034766764));
#10753 = CARTESIAN_POINT('',(1.201071299666,8.513214162148));
#10754 = CARTESIAN_POINT('',(1.200858921027,8.513393496659));
#10755 = CARTESIAN_POINT('',(1.200646541878,8.513572770323));
#10756 = CARTESIAN_POINT('',(1.200434162205,8.513751983079));
#10757 = CARTESIAN_POINT('',(1.200221782023,8.51393113495));
#10758 = CARTESIAN_POINT('',(1.200009401322,8.514110225891));
#10759 = CARTESIAN_POINT('',(1.19979702011,8.514289255903));
#10760 = CARTESIAN_POINT('',(1.199159874936,8.514826163084));
#10761 = CARTESIAN_POINT('',(1.198735109435,8.515183857405));
#10762 = CARTESIAN_POINT('',(1.198310341892,8.515541307784));
#10763 = CARTESIAN_POINT('',(1.197885572325,8.515898514128));
#10764 = CARTESIAN_POINT('',(1.197460800732,8.516255476247));
#10765 = CARTESIAN_POINT('',(1.197036027142,8.516612194096));
#10766 = CARTESIAN_POINT('',(1.196611251548,8.516968667459));
#10767 = CARTESIAN_POINT('',(1.196186473976,8.517324896281));
#10768 = CARTESIAN_POINT('',(1.195761694426,8.517680880385));
#10769 = CARTESIAN_POINT('',(1.195336912917,8.518036619669));
#10770 = CARTESIAN_POINT('',(1.194062562534,8.519103102644));
#10771 = CARTESIAN_POINT('',(1.193212987784,8.519813111459));
#10772 = CARTESIAN_POINT('',(1.192363405333,8.520522139416));
#10773 = CARTESIAN_POINT('',(1.191513815314,8.521230185526));
#10774 = CARTESIAN_POINT('',(1.19066421785,8.521937248733));
#10775 = CARTESIAN_POINT('',(1.189814613076,8.522643328083));
#10776 = CARTESIAN_POINT('',(1.188965001116,8.5233484225));
#10777 = CARTESIAN_POINT('',(1.188115382103,8.524052531024));
#10778 = CARTESIAN_POINT('',(1.187265756163,8.524755652608));
#10779 = CARTESIAN_POINT('',(1.186416123427,8.525457786256));
#10780 = CARTESIAN_POINT('',(1.183867205213,8.527561220335));
#10781 = CARTESIAN_POINT('',(1.182167899482,8.528959553674));
#10782 = CARTESIAN_POINT('',(1.180468568299,8.530353923143));
#10783 = CARTESIAN_POINT('',(1.178769213134,8.53174432093));
#10784 = CARTESIAN_POINT('',(1.177069835455,8.533130739203));
#10785 = CARTESIAN_POINT('',(1.175370436735,8.534513170156));
#10786 = CARTESIAN_POINT('',(1.17367101844,8.535891605955));
#10787 = CARTESIAN_POINT('',(1.171971582043,8.537266038794));
#10788 = CARTESIAN_POINT('',(1.170272129012,8.538636460843));
#10789 = CARTESIAN_POINT('',(1.168572660817,8.540002864288));
#10790 = CARTESIAN_POINT('',(1.163474215148,8.544089995342));
#10791 = CARTESIAN_POINT('',(1.160075198031,8.546798637634));
#10792 = CARTESIAN_POINT('',(1.156676140989,8.549491112332));
#10793 = CARTESIAN_POINT('',(1.153277057435,8.552167363641));
#10794 = CARTESIAN_POINT('',(1.149877960779,8.554827335662));
#10795 = CARTESIAN_POINT('',(1.146478864438,8.55747097265));
#10796 = CARTESIAN_POINT('',(1.143079781819,8.560098218679));
#10797 = CARTESIAN_POINT('',(1.139680726338,8.562709017993));
#10798 = CARTESIAN_POINT('',(1.136281711407,8.565303314708));
#10799 = CARTESIAN_POINT('',(1.132882750438,8.567881053017));
#10800 = CARTESIAN_POINT('',(1.122686069653,8.575564425199));
#10801 = CARTESIAN_POINT('',(1.115888545278,8.580620242349));
#10802 = CARTESIAN_POINT('',(1.109091384905,8.58560922842));
#10803 = CARTESIAN_POINT('',(1.102294678489,8.590531001454));
#10804 = CARTESIAN_POINT('',(1.095498504767,8.595385197752));
#10805 = CARTESIAN_POINT('',(1.088702931225,8.600171471688));
#10806 = CARTESIAN_POINT('',(1.081908014147,8.604889495964));
#10807 = CARTESIAN_POINT('',(1.07511379856,8.609538961326));
#10808 = CARTESIAN_POINT('',(1.068320318285,8.61411957682));
#10809 = CARTESIAN_POINT('',(1.061527595898,8.618631069606));
#10810 = CARTESIAN_POINT('',(1.041151736461,8.631957415988));
#10811 = CARTESIAN_POINT('',(1.027570915694,8.640564100888));
#10812 = CARTESIAN_POINT('',(1.013993265087,8.648891179665));
#10813 = CARTESIAN_POINT('',(1.00041872157,8.656936773243));
#10814 = CARTESIAN_POINT('',(0.986847103047,8.664699158849));
#10815 = CARTESIAN_POINT('',(0.973278136999,8.672176744802));
#10816 = CARTESIAN_POINT('',(0.959711489195,8.679368045995));
#10817 = CARTESIAN_POINT('',(0.946146792277,8.686271658577));
#10818 = CARTESIAN_POINT('',(0.932583674462,8.692886235394));
#10819 = CARTESIAN_POINT('',(0.919021788159,8.69921046084));
#10820 = CARTESIAN_POINT('',(0.878338939586,8.717308156553));
#10821 = CARTESIAN_POINT('',(0.851220831052,8.728206779171));
#10822 = CARTESIAN_POINT('',(0.824103726621,8.737928609975));
#10823 = CARTESIAN_POINT('',(0.796985664173,8.746464028589));
#10824 = CARTESIAN_POINT('',(0.769865375844,8.753804252594));
#10825 = CARTESIAN_POINT('',(0.742742158012,8.759941512324));
#10826 = CARTESIAN_POINT('',(0.71561574124,8.764869225029));
#10827 = CARTESIAN_POINT('',(0.688486160273,8.768582169802));
#10828 = CARTESIAN_POINT('',(0.661353623985,8.771076661754));
#10829 = CARTESIAN_POINT('',(0.63421838536,8.7723507268));
#10830 = CARTESIAN_POINT('',(0.579942837554,8.77245782527));
#10831 = CARTESIAN_POINT('',(0.55280243787,8.771290658211));
#10832 = CARTESIAN_POINT('',(0.525659830414,8.768902525984));
#10833 = CARTESIAN_POINT('',(0.498515217012,8.765294586177));
#10834 = CARTESIAN_POINT('',(0.471368688153,8.760469461629));
#10835 = CARTESIAN_POINT('',(0.44422032786,8.754431299696));
#10836 = CARTESIAN_POINT('',(0.41707031852,8.747185830812));
#10837 = CARTESIAN_POINT('',(0.389919045769,8.738740427899));
#10838 = CARTESIAN_POINT('',(0.36276720332,8.729104164937));
#10839 = CARTESIAN_POINT('',(0.335615897838,8.71828787622));
#10840 = CARTESIAN_POINT('',(0.294892181752,8.700312384612));
#10841 = CARTESIAN_POINT('',(0.281318213954,8.694028933575));
#10842 = CARTESIAN_POINT('',(0.267745035593,8.687455221082));
#10843 = CARTESIAN_POINT('',(0.254172914216,8.680592853602));
#10844 = CARTESIAN_POINT('',(0.240602199703,8.673443684861));
#10845 = CARTESIAN_POINT('',(0.227033324275,8.666009816107));
#10846 = CARTESIAN_POINT('',(0.213466802485,8.658293595779));
#10847 = CARTESIAN_POINT('',(0.199903231228,8.65029761984));
#10848 = CARTESIAN_POINT('',(0.186343289731,8.642024731504));
#10849 = CARTESIAN_POINT('',(0.172787739561,8.633478021418));
#10850 = CARTESIAN_POINT('',(0.15246226715,8.620252230639));
#10851 = CARTESIAN_POINT('',(0.145688403257,8.61577573038));
#10852 = CARTESIAN_POINT('',(0.138915958735,8.611232018244));
#10853 = CARTESIAN_POINT('',(0.132145059373,8.60662178566));
#10854 = CARTESIAN_POINT('',(0.125375830964,8.601945724109));
#10855 = CARTESIAN_POINT('',(0.118608399298,8.597204524994));
#10856 = CARTESIAN_POINT('',(0.111842890167,8.592398879811));
#10857 = CARTESIAN_POINT('',(0.105079429363,8.587529479967));
#10858 = CARTESIAN_POINT('',(9.831814267605E-02,8.582597016937));
#10859 = CARTESIAN_POINT('',(9.155915589856E-02,8.577602182155));
#10860 = CARTESIAN_POINT('',(8.14243142831E-02,8.570017409534));
#10861 = CARTESIAN_POINT('',(7.804664453559E-02,8.567473792118));
#10862 = CARTESIAN_POINT('',(7.466960018705E-02,8.564914973165));
#10863 = CARTESIAN_POINT('',(7.129319584585E-02,8.56234111104));
#10864 = CARTESIAN_POINT('',(6.791744611958E-02,8.559752364048));
#10865 = CARTESIAN_POINT('',(6.454236561704E-02,8.557148890592));
#10866 = CARTESIAN_POINT('',(6.116796894558E-02,8.554530848955));
#10867 = CARTESIAN_POINT('',(5.779427071391E-02,8.551898397532));
#10868 = CARTESIAN_POINT('',(5.442128552973E-02,8.549251694637));
#10869 = CARTESIAN_POINT('',(5.104902800134E-02,8.546590898629));
#10870 = CARTESIAN_POINT('',(4.725607332868E-02,8.543581826503));
#10871 = CARTESIAN_POINT('',(4.683464547898E-02,8.543247268263));
#10872 = CARTESIAN_POINT('',(4.641322921173E-02,8.542912493529));
#10873 = CARTESIAN_POINT('',(4.599182455087E-02,8.542577502686));
#10874 = CARTESIAN_POINT('',(4.557043152062E-02,8.542242296148));
#10875 = CARTESIAN_POINT('',(4.514905014479E-02,8.541906874286));
#10876 = CARTESIAN_POINT('',(4.472768044766E-02,8.541571237516));
#10877 = CARTESIAN_POINT('',(4.430632245309E-02,8.541235386221));
#10878 = CARTESIAN_POINT('',(4.388497618522E-02,8.540899320799));
#10879 = CARTESIAN_POINT('',(4.346364166807E-02,8.540563041648));
#10880 = CARTESIAN_POINT('',(4.293698824006E-02,8.540142426035));
#10881 = CARTESIAN_POINT('',(4.283210587191E-02,8.540058877815));
#10882 = CARTESIAN_POINT('',(4.272340901943E-02,8.539970324734));
#10883 = CARTESIAN_POINT('',(4.263040416361E-02,8.539902185573));
#10884 = CARTESIAN_POINT('',(4.249706249672E-02,8.539781806535));
#10885 = CARTESIAN_POINT('',(4.243381353875E-02,8.539751606938));
#10886 = CARTESIAN_POINT('',(4.228785765592E-02,8.539615762484));
#10887 = CARTESIAN_POINT('',(4.220389323242E-02,8.53955826609));
#10888 = CARTESIAN_POINT('',(4.20951412493E-02,8.539469867846));
#10889 = CARTESIAN_POINT('',(4.199438920515E-02,8.539391753776));
#10890 = CARTESIAN_POINT('',(4.179391567735E-02,8.539237690011));
#10891 = CARTESIAN_POINT('',(4.169496621846E-02,8.539162729428));
#10892 = CARTESIAN_POINT('',(4.159725504914E-02,8.539089876274));
#10893 = CARTESIAN_POINT('',(4.15007331544E-02,8.539019166776));
#10894 = CARTESIAN_POINT('',(4.140535151835E-02,8.538950636978));
#10895 = CARTESIAN_POINT('',(4.131106112642E-02,8.538884323192));
#10896 = CARTESIAN_POINT('',(4.121781296253E-02,8.538820261417));
#10897 = CARTESIAN_POINT('',(4.112555801199E-02,8.538758487946));
#10898 = CARTESIAN_POINT('',(4.103424725907E-02,8.538699038849));
#10899 = CARTESIAN_POINT('',(4.094383168867E-02,8.538641950331));
#10900 = CARTESIAN_POINT('',(4.067512347883E-02,8.538477874943));
#10901 = CARTESIAN_POINT('',(4.049940881567E-02,8.538378030186));
#10902 = CARTESIAN_POINT('',(4.032679736367E-02,8.538287913027));
#10903 = CARTESIAN_POINT('',(4.015698984239E-02,8.538207689893));
#10904 = CARTESIAN_POINT('',(3.998970862297E-02,8.538137504874));
#10905 = CARTESIAN_POINT('',(3.982469772837E-02,8.538077479706));
#10906 = CARTESIAN_POINT('',(3.966172283317E-02,8.538027713812));
#10907 = CARTESIAN_POINT('',(3.950057126373E-02,8.537988284242));
#10908 = CARTESIAN_POINT('',(3.934105199807E-02,8.537959245737));
#10909 = CARTESIAN_POINT('',(3.918299566592E-02,8.537940630677));
#10910 = CARTESIAN_POINT('',(3.839929007997E-02,8.537899722855));
#10911 = CARTESIAN_POINT('',(3.779321634602E-02,8.538034265206));
#10912 = CARTESIAN_POINT('',(3.719811428418E-02,8.538337495455));
#10913 = CARTESIAN_POINT('',(3.660797547956E-02,8.538808425814));
#10914 = CARTESIAN_POINT('',(3.601951411812E-02,8.539445570064));
#10915 = CARTESIAN_POINT('',(3.543119576769E-02,8.540248415308));
#10916 = CARTESIAN_POINT('',(3.484248298522E-02,8.541218456214));
#10917 = CARTESIAN_POINT('',(3.425329775224E-02,8.542359792504));
#10918 = CARTESIAN_POINT('',(3.366370073668E-02,8.543679288921));
#10919 = CARTESIAN_POINT('',(3.307378738252E-02,8.545186298327));
#10920 = CARTESIAN_POINT('',(3.130382771387E-02,8.550303245748));
#10921 = CARTESIAN_POINT('',(3.012306313916E-02,8.554510668395));
#10922 = CARTESIAN_POINT('',(2.894398921481E-02,8.559601079078));
#10923 = CARTESIAN_POINT('',(2.776507267927E-02,8.565709240591));
#10924 = CARTESIAN_POINT('',(2.658349338454E-02,8.572994859671));
#10925 = CARTESIAN_POINT('',(2.539581434735E-02,8.581639273048));
#10926 = CARTESIAN_POINT('',(2.419706972897E-02,8.591856644209));
#10927 = CARTESIAN_POINT('',(2.297874711544E-02,8.603914542315));
#10928 = CARTESIAN_POINT('',(2.172614046234E-02,8.618158772531));
#10929 = CARTESIAN_POINT('',(2.041555007561E-02,8.635037329068));
#10930 = CARTESIAN_POINT('',(1.901180599399E-02,8.655118340616));
#10931 = ( GEOMETRIC_REPRESENTATION_CONTEXT(2) 
PARAMETRIC_REPRESENTATION_CONTEXT() REPRESENTATION_CONTEXT('2D SPACE',''
  ) );
#10932 = ADVANCED_FACE('',(#10933),#7234,.T.);
#10933 = FACE_BOUND('',#10934,.T.);
#10934 = EDGE_LOOP('',(#10935,#10963,#10995,#10996));
#10935 = ORIENTED_EDGE('',*,*,#10936,.F.);
#10936 = EDGE_CURVE('',#10937,#7183,#10939,.T.);
#10937 = VERTEX_POINT('',#10938);
#10938 = CARTESIAN_POINT('',(-8.510499679325,-24.31049156228,7.5));
#10939 = SURFACE_CURVE('',#10940,(#10945,#10957),.PCURVE_S1.);
#10940 = CIRCLE('',#10941,1.);
#10941 = AXIS2_PLACEMENT_3D('',#10942,#10943,#10944);
#10942 = CARTESIAN_POINT('',(-8.510499679325,-24.31049156228,6.5));
#10943 = DIRECTION('',(1.619075244245E-16,-1.,0.));
#10944 = DIRECTION('',(0.,0.,1.));
#10945 = PCURVE('',#7234,#10946);
#10946 = DEFINITIONAL_REPRESENTATION('',(#10947),#10956);
#10947 = B_SPLINE_CURVE_WITH_KNOTS('',7,(#10948,#10949,#10950,#10951,
    #10952,#10953,#10954,#10955),.UNSPECIFIED.,.F.,.F.,(8,8),(0.,
    1.535889741755),.PIECEWISE_BEZIER_KNOTS.);
#10948 = CARTESIAN_POINT('',(0.,0.));
#10949 = CARTESIAN_POINT('',(0.,0.142857142857));
#10950 = CARTESIAN_POINT('',(0.,0.285724820284));
#10951 = CARTESIAN_POINT('',(0.,0.428544516593));
#10952 = CARTESIAN_POINT('',(0.,0.571455483407));
#10953 = CARTESIAN_POINT('',(0.,0.714275179716));
#10954 = CARTESIAN_POINT('',(0.,0.857142857143));
#10955 = CARTESIAN_POINT('',(0.,1.));
#10956 = ( GEOMETRIC_REPRESENTATION_CONTEXT(2) 
PARAMETRIC_REPRESENTATION_CONTEXT() REPRESENTATION_CONTEXT('2D SPACE',''
  ) );
#10957 = PCURVE('',#7198,#10958);
#10958 = DEFINITIONAL_REPRESENTATION('',(#10959),#10962);
#10959 = B_SPLINE_CURVE_WITH_KNOTS('',1,(#10960,#10961),.UNSPECIFIED.,
  .F.,.F.,(2,2),(0.,1.535889741755),.PIECEWISE_BEZIER_KNOTS.);
#10960 = CARTESIAN_POINT('',(0.,4.200008117038));
#10961 = CARTESIAN_POINT('',(-1.535889741755,4.200008117038));
#10962 = ( GEOMETRIC_REPRESENTATION_CONTEXT(2) 
PARAMETRIC_REPRESENTATION_CONTEXT() REPRESENTATION_CONTEXT('2D SPACE',''
  ) );
#10963 = ORIENTED_EDGE('',*,*,#10964,.T.);
#10964 = EDGE_CURVE('',#10937,#10639,#10965,.T.);
#10965 = SURFACE_CURVE('',#10966,(#10974,#10981),.PCURVE_S1.);
#10966 = B_SPLINE_CURVE_WITH_KNOTS('',6,(#10967,#10968,#10969,#10970,
    #10971,#10972,#10973),.UNSPECIFIED.,.F.,.F.,(7,7),(0.,1.),
  .PIECEWISE_BEZIER_KNOTS.);
#10967 = CARTESIAN_POINT('',(-8.510499679325,-24.31049156228,7.5));
#10968 = CARTESIAN_POINT('',(-8.510499679324,-24.21074416392,7.5));
#10969 = CARTESIAN_POINT('',(-8.510522681624,-24.11100468382,
    7.488068192722));
#10970 = CARTESIAN_POINT('',(-8.510436135099,-24.01300373129,
    7.464159554599));
#10971 = CARTESIAN_POINT('',(-8.510584471829,-23.91867961144,
    7.428742976176));
#10972 = CARTESIAN_POINT('',(-8.510447139107,-23.82948940509,
    7.382373102842));
#10973 = CARTESIAN_POINT('',(-8.510518825079,-23.74709662457,
    7.326187717265));
#10974 = PCURVE('',#7234,#10975);
#10975 = DEFINITIONAL_REPRESENTATION('',(#10976),#10980);
#10976 = LINE('',#10977,#10978);
#10977 = CARTESIAN_POINT('',(0.,0.));
#10978 = VECTOR('',#10979,1.);
#10979 = DIRECTION('',(1.,0.));
#10980 = ( GEOMETRIC_REPRESENTATION_CONTEXT(2) 
PARAMETRIC_REPRESENTATION_CONTEXT() REPRESENTATION_CONTEXT('2D SPACE',''
  ) );
#10981 = PCURVE('',#10982,#10987);
#10982 = CYLINDRICAL_SURFACE('',#10983,1.);
#10983 = AXIS2_PLACEMENT_3D('',#10984,#10985,#10986);
#10984 = CARTESIAN_POINT('',(9.476188454132,-24.31049156228,6.5));
#10985 = DIRECTION('',(-1.,2.577999609657E-17,1.78562743526E-17));
#10986 = DIRECTION('',(2.927695384129E-17,0.563394937712,0.826187717265)
  );
#10987 = DEFINITIONAL_REPRESENTATION('',(#10988),#10994);
#10988 = B_SPLINE_CURVE_WITH_KNOTS('',4,(#10989,#10990,#10991,#10992,
    #10993),.UNSPECIFIED.,.F.,.F.,(5,5),(0.,1.),
  .PIECEWISE_BEZIER_KNOTS.);
#10989 = CARTESIAN_POINT('',(-0.598489230614,17.986688133456));
#10990 = CARTESIAN_POINT('',(-0.448868133067,17.986688133455));
#10991 = CARTESIAN_POINT('',(-0.299270401369,17.986758151306));
#10992 = CARTESIAN_POINT('',(-0.149589697592,17.986599750253));
#10993 = CARTESIAN_POINT('',(7.382983113757E-15,17.98670727921));
#10994 = ( GEOMETRIC_REPRESENTATION_CONTEXT(2) 
PARAMETRIC_REPRESENTATION_CONTEXT() REPRESENTATION_CONTEXT('2D SPACE',''
  ) );
#10995 = ORIENTED_EDGE('',*,*,#10638,.T.);
#10996 = ORIENTED_EDGE('',*,*,#7210,.F.);
#10997 = ADVANCED_FACE('',(#10998),#7198,.T.);
#10998 = FACE_BOUND('',#10999,.F.);
#10999 = EDGE_LOOP('',(#11000,#11001,#11002,#11003));
#11000 = ORIENTED_EDGE('',*,*,#9827,.T.);
#11001 = ORIENTED_EDGE('',*,*,#7182,.T.);
#11002 = ORIENTED_EDGE('',*,*,#10936,.F.);
#11003 = ORIENTED_EDGE('',*,*,#11004,.F.);
#11004 = EDGE_CURVE('',#9708,#10937,#11005,.T.);
#11005 = SURFACE_CURVE('',#11006,(#11010,#11017),.PCURVE_S1.);
#11006 = LINE('',#11007,#11008);
#11007 = CARTESIAN_POINT('',(-8.510499679325,-28.51049967932,7.5));
#11008 = VECTOR('',#11009,1.);
#11009 = DIRECTION('',(-1.619075244245E-16,1.,0.));
#11010 = PCURVE('',#7198,#11011);
#11011 = DEFINITIONAL_REPRESENTATION('',(#11012),#11016);
#11012 = LINE('',#11013,#11014);
#11013 = CARTESIAN_POINT('',(-0.,0.));
#11014 = VECTOR('',#11015,1.);
#11015 = DIRECTION('',(-0.,1.));
#11016 = ( GEOMETRIC_REPRESENTATION_CONTEXT(2) 
PARAMETRIC_REPRESENTATION_CONTEXT() REPRESENTATION_CONTEXT('2D SPACE',''
  ) );
#11017 = PCURVE('',#9725,#11018);
#11018 = DEFINITIONAL_REPRESENTATION('',(#11019),#11023);
#11019 = LINE('',#11020,#11021);
#11020 = CARTESIAN_POINT('',(-8.510499679325,1.489500320675));
#11021 = VECTOR('',#11022,1.);
#11022 = DIRECTION('',(-1.619075244245E-16,1.));
#11023 = ( GEOMETRIC_REPRESENTATION_CONTEXT(2) 
PARAMETRIC_REPRESENTATION_CONTEXT() REPRESENTATION_CONTEXT('2D SPACE',''
  ) );
#11024 = ADVANCED_FACE('',(#11025),#7505,.F.);
#11025 = FACE_BOUND('',#11026,.F.);
#11026 = EDGE_LOOP('',(#11027,#11028,#11055));
#11027 = ORIENTED_EDGE('',*,*,#9887,.F.);
#11028 = ORIENTED_EDGE('',*,*,#11029,.T.);
#11029 = EDGE_CURVE('',#9888,#7486,#11030,.T.);
#11030 = SURFACE_CURVE('',#11031,(#11040,#11047),.PCURVE_S1.);
#11031 = B_SPLINE_CURVE_WITH_KNOTS('',7,(#11032,#11033,#11034,#11035,
    #11036,#11037,#11038,#11039),.UNSPECIFIED.,.F.,.F.,(8,8),(0.,1.),
  .PIECEWISE_BEZIER_KNOTS.);
#11032 = CARTESIAN_POINT('',(8.510499679325,28.510499679325,7.5));
#11033 = CARTESIAN_POINT('',(8.510499679306,28.729913064947,7.5));
#11034 = CARTESIAN_POINT('',(8.510499662715,28.949324819,7.443833608882)
  );
#11035 = CARTESIAN_POINT('',(8.510522034266,29.151485795628,
    7.33150473072));
#11036 = CARTESIAN_POINT('',(8.510532867794,29.319139192562,
    7.169627460473));
#11037 = CARTESIAN_POINT('',(8.510496498051,29.438444610544,
    6.971475016678));
#11038 = CARTESIAN_POINT('',(8.510499696416,29.502232941299,
    6.754183468852));
#11039 = CARTESIAN_POINT('',(8.510499679456,29.509890506344,
    6.534899496702));
#11040 = PCURVE('',#7505,#11041);
#11041 = DEFINITIONAL_REPRESENTATION('',(#11042),#11046);
#11042 = LINE('',#11043,#11044);
#11043 = CARTESIAN_POINT('',(0.,0.));
#11044 = VECTOR('',#11045,1.);
#11045 = DIRECTION('',(1.,0.));
#11046 = ( GEOMETRIC_REPRESENTATION_CONTEXT(2) 
PARAMETRIC_REPRESENTATION_CONTEXT() REPRESENTATION_CONTEXT('2D SPACE',''
  ) );
#11047 = PCURVE('',#7729,#11048);
#11048 = DEFINITIONAL_REPRESENTATION('',(#11049),#11054);
#11049 = B_SPLINE_CURVE_WITH_KNOTS('',3,(#11050,#11051,#11052,#11053),
  .UNSPECIFIED.,.F.,.F.,(4,4),(0.,1.),.PIECEWISE_BEZIER_KNOTS.);
#11050 = CARTESIAN_POINT('',(-1.535889741755,0.965688774807));
#11051 = CARTESIAN_POINT('',(-1.023925175302,0.965688774807));
#11052 = CARTESIAN_POINT('',(-0.511974482704,0.965688735014));
#11053 = CARTESIAN_POINT('',(3.941291737419E-14,0.965688774543));
#11054 = ( GEOMETRIC_REPRESENTATION_CONTEXT(2) 
PARAMETRIC_REPRESENTATION_CONTEXT() REPRESENTATION_CONTEXT('2D SPACE',''
  ) );
#11055 = ORIENTED_EDGE('',*,*,#7485,.T.);
#11056 = ADVANCED_FACE('',(#11057),#7640,.T.);
#11057 = FACE_BOUND('',#11058,.T.);
#11058 = EDGE_LOOP('',(#11059,#11060,#11061));
#11059 = ORIENTED_EDGE('',*,*,#7626,.F.);
#11060 = ORIENTED_EDGE('',*,*,#10429,.T.);
#11061 = ORIENTED_EDGE('',*,*,#11062,.F.);
#11062 = EDGE_CURVE('',#7604,#10430,#11063,.T.);
#11063 = SURFACE_CURVE('',#11064,(#11073,#11080),.PCURVE_S1.);
#11064 = B_SPLINE_CURVE_WITH_KNOTS('',7,(#11065,#11066,#11067,#11068,
    #11069,#11070,#11071,#11072),.UNSPECIFIED.,.F.,.F.,(8,8),(0.,1.),
  .PIECEWISE_BEZIER_KNOTS.);
#11065 = CARTESIAN_POINT('',(-8.510499679456,29.509890506344,
    6.534899496702));
#11066 = CARTESIAN_POINT('',(-8.510499696416,29.502232941299,
    6.754183468854));
#11067 = CARTESIAN_POINT('',(-8.51049649805,29.438444610542,
    6.971475016675));
#11068 = CARTESIAN_POINT('',(-8.510532867795,29.319139192564,
    7.169627460477));
#11069 = CARTESIAN_POINT('',(-8.510522034266,29.151485795626,
    7.331504730717));
#11070 = CARTESIAN_POINT('',(-8.510499662715,28.949324819001,
    7.443833608884));
#11071 = CARTESIAN_POINT('',(-8.510499679306,28.729913064947,7.5));
#11072 = CARTESIAN_POINT('',(-8.510499679325,28.510499679325,7.5));
#11073 = PCURVE('',#7640,#11074);
#11074 = DEFINITIONAL_REPRESENTATION('',(#11075),#11079);
#11075 = LINE('',#11076,#11077);
#11076 = CARTESIAN_POINT('',(0.,1.));
#11077 = VECTOR('',#11078,1.);
#11078 = DIRECTION('',(1.,0.));
#11079 = ( GEOMETRIC_REPRESENTATION_CONTEXT(2) 
PARAMETRIC_REPRESENTATION_CONTEXT() REPRESENTATION_CONTEXT('2D SPACE',''
  ) );
#11080 = PCURVE('',#7729,#11081);
#11081 = DEFINITIONAL_REPRESENTATION('',(#11082),#11087);
#11082 = B_SPLINE_CURVE_WITH_KNOTS('',3,(#11083,#11084,#11085,#11086),
  .UNSPECIFIED.,.F.,.F.,(4,4),(0.,1.),.PIECEWISE_BEZIER_KNOTS.);
#11083 = CARTESIAN_POINT('',(1.110223024625E-14,17.98668813372));
#11084 = CARTESIAN_POINT('',(-0.511974482708,17.986688173249));
#11085 = CARTESIAN_POINT('',(-1.023925175303,17.986688133456));
#11086 = CARTESIAN_POINT('',(-1.535889741755,17.986688133456));
#11087 = ( GEOMETRIC_REPRESENTATION_CONTEXT(2) 
PARAMETRIC_REPRESENTATION_CONTEXT() REPRESENTATION_CONTEXT('2D SPACE',''
  ) );
#11088 = ADVANCED_FACE('',(#11089),#7729,.T.);
#11089 = FACE_BOUND('',#11090,.F.);
#11090 = EDGE_LOOP('',(#11091,#11092,#11093,#11114));
#11091 = ORIENTED_EDGE('',*,*,#7715,.F.);
#11092 = ORIENTED_EDGE('',*,*,#11029,.F.);
#11093 = ORIENTED_EDGE('',*,*,#11094,.T.);
#11094 = EDGE_CURVE('',#9888,#10430,#11095,.T.);
#11095 = SURFACE_CURVE('',#11096,(#11100,#11107),.PCURVE_S1.);
#11096 = LINE('',#11097,#11098);
#11097 = CARTESIAN_POINT('',(9.476188454132,28.510499679325,7.5));
#11098 = VECTOR('',#11099,1.);
#11099 = DIRECTION('',(-1.,-0.,-0.));
#11100 = PCURVE('',#7729,#11101);
#11101 = DEFINITIONAL_REPRESENTATION('',(#11102),#11106);
#11102 = LINE('',#11103,#11104);
#11103 = CARTESIAN_POINT('',(-1.535889741755,0.));
#11104 = VECTOR('',#11105,1.);
#11105 = DIRECTION('',(-0.,1.));
#11106 = ( GEOMETRIC_REPRESENTATION_CONTEXT(2) 
PARAMETRIC_REPRESENTATION_CONTEXT() REPRESENTATION_CONTEXT('2D SPACE',''
  ) );
#11107 = PCURVE('',#9923,#11108);
#11108 = DEFINITIONAL_REPRESENTATION('',(#11109),#11113);
#11109 = LINE('',#11110,#11111);
#11110 = CARTESIAN_POINT('',(9.476188454132,4.510499679325));
#11111 = VECTOR('',#11112,1.);
#11112 = DIRECTION('',(-1.,0.));
#11113 = ( GEOMETRIC_REPRESENTATION_CONTEXT(2) 
PARAMETRIC_REPRESENTATION_CONTEXT() REPRESENTATION_CONTEXT('2D SPACE',''
  ) );
#11114 = ORIENTED_EDGE('',*,*,#11062,.F.);
#11115 = ADVANCED_FACE('',(#11116,#11333,#11644),#7913,.F.);
#11116 = FACE_BOUND('',#11117,.F.);
#11117 = EDGE_LOOP('',(#11118,#11119,#11310,#11311,#11312,#11332));
#11118 = ORIENTED_EDGE('',*,*,#8708,.F.);
#11119 = ORIENTED_EDGE('',*,*,#11120,.T.);
#11120 = EDGE_CURVE('',#8709,#8077,#11121,.T.);
#11121 = SURFACE_CURVE('',#11122,(#11257,#11303),.PCURVE_S1.);
#11122 = ( BOUNDED_CURVE() B_SPLINE_CURVE(13,(#11123,#11124,#11125,
    #11126,#11127,#11128,#11129,#11130,#11131,#11132,#11133,#11134,
    #11135,#11136,#11137,#11138,#11139,#11140,#11141,#11142,#11143,
    #11144,#11145,#11146,#11147,#11148,#11149,#11150,#11151,#11152,
    #11153,#11154,#11155,#11156,#11157,#11158,#11159,#11160,#11161,
    #11162,#11163,#11164,#11165,#11166,#11167,#11168,#11169,#11170,
    #11171,#11172,#11173,#11174,#11175,#11176,#11177,#11178,#11179,
    #11180,#11181,#11182,#11183,#11184,#11185,#11186,#11187,#11188,
    #11189,#11190,#11191,#11192,#11193,#11194,#11195,#11196,#11197,
    #11198,#11199,#11200,#11201,#11202,#11203,#11204,#11205,#11206,
    #11207,#11208,#11209,#11210,#11211,#11212,#11213,#11214,#11215,
    #11216,#11217,#11218,#11219,#11220,#11221,#11222,#11223,#11224,
    #11225,#11226,#11227,#11228,#11229,#11230,#11231,#11232,#11233,
    #11234,#11235,#11236,#11237,#11238,#11239,#11240,#11241,#11242,
    #11243,#11244,#11245,#11246,#11247,#11248,#11249,#11250,#11251,
    #11252,#11253,#11254,#11255,#11256),.UNSPECIFIED.,.F.,.F.) 
B_SPLINE_CURVE_WITH_KNOTS((14,12,12,12,12,12,12,12,12,12,12,14),(
    -0.127353863235,-0.123374055009,-0.119394246783,-0.111434630331,
    -9.551539742648E-02,-6.367693161765E-02,0.,0.474869567417,
    1.077092998069,2.640347819844,4.87948090291,8.742620740812),
.UNSPECIFIED.) CURVE() GEOMETRIC_REPRESENTATION_ITEM() 
RATIONAL_B_SPLINE_CURVE((1.,1.,1.,1.000000000001,0.999999999998,
    1.000000000003,0.999999999996,1.000000000004,0.999999999997,
    1.000000000002,0.999999999999,1.000000000001,1.,1.,0.999999999998,
    1.000000000004,0.999999999991,1.000000000013,0.999999999985,
    1.000000000014,0.999999999989,1.000000000006,0.999999999997,
    1.000000000001,1.,1.,1.,0.999999999999,1.000000000002,0.999999999996
    ,1.000000000005,0.999999999996,1.000000000003,0.999999999998,
    1.000000000001,1.,1.,1.,1.,1.,1.,0.999999999999,1.000000000001,
    0.999999999999,1.000000000001,0.999999999999,1.,1.,1.,1.,
    1.000000000001,0.999999999997,1.000000000005,0.999999999992,
    1.00000000001,0.99999999999,1.000000000008,0.999999999995,
    1.000000000002,0.999999999999,1.,1.,1.000000000001,0.999999999999,
    1.000000000002,0.999999999997,1.000000000003,0.999999999997,
    1.000000000002,0.999999999999,1.000000000001,1.,1.,1.,1.000000000001
    ,0.999999999998,1.000000000004,0.999999999994,1.000000000007,
    0.999999999993,1.000000000005,0.999999999997,1.000000000001,1.,1.,1.
    ,1.,0.999999999999,1.000000000002,0.999999999998,1.000000000003,
    0.999999999997,1.000000000002,0.999999999999,1.000000000001,1.,1.,1.
    ,0.999999999999,1.000000000002,0.999999999997,1.000000000004,
    0.999999999995,1.000000000005,0.999999999996,1.000000000002,
    0.999999999999,1.,1.,1.,0.999999999999,1.000000000002,0.999999999997
    ,1.000000000004,0.999999999996,1.000000000003,0.999999999998,
    1.000000000001,0.999999999999,1.,1.,1.,1.,1.,1.000000000001,
    0.999999999998,1.000000000003,0.999999999996,1.000000000003,
0.999999999998,1.000000000001,1.,1.,1.)) REPRESENTATION_ITEM('') );
#11123 = CARTESIAN_POINT('',(3.597004692911,-15.16758918102,
    2.823587267134));
#11124 = CARTESIAN_POINT('',(3.596990289646,-15.16721341912,
    2.823442341566));
#11125 = CARTESIAN_POINT('',(3.596972971737,-15.16718596239,
    2.823431754877));
#11126 = CARTESIAN_POINT('',(3.59697149393,-15.16523711179,
    2.822680126477));
#11127 = CARTESIAN_POINT('',(3.596923353438,-15.1689280977,
    2.824103685979));
#11128 = CARTESIAN_POINT('',(3.596969025063,-15.16126603787,
    2.821148582321));
#11129 = CARTESIAN_POINT('',(3.596875316561,-15.17045952567,
    2.824694369909));
#11130 = CARTESIAN_POINT('',(3.596938574315,-15.1606598849,
    2.820914846528));
#11131 = CARTESIAN_POINT('',(3.596866366657,-15.16724292411,
    2.823453839984));
#11132 = CARTESIAN_POINT('',(3.596883012033,-15.16307201741,
    2.821845229143));
#11133 = CARTESIAN_POINT('',(3.59685615627,-15.16415884974,
    2.822264440941));
#11134 = CARTESIAN_POINT('',(3.596844373494,-15.16341722612,
    2.821978453655));
#11135 = CARTESIAN_POINT('',(3.596829163505,-15.16308530496,
    2.821850485972));
#11136 = CARTESIAN_POINT('',(3.596799408962,-15.16233109993,
    2.821559708281));
#11137 = CARTESIAN_POINT('',(3.596784490935,-15.16195400016,
    2.821414324991));
#11138 = CARTESIAN_POINT('',(3.59676953215,-15.16157690312,2.82126894726
    ));
#11139 = CARTESIAN_POINT('',(3.596754532614,-15.16119980885,
    2.821123575089));
#11140 = CARTESIAN_POINT('',(3.596739492315,-15.16082271733,
    2.820978208479));
#11141 = CARTESIAN_POINT('',(3.596724411269,-15.16044562858,
    2.820832847435));
#11142 = CARTESIAN_POINT('',(3.596709289461,-15.16006854258,
    2.820687491954));
#11143 = CARTESIAN_POINT('',(3.5966941269,-15.15969145938,2.820542142044
    ));
#11144 = CARTESIAN_POINT('',(3.596678923584,-15.15931437894,
    2.820396797701));
#11145 = CARTESIAN_POINT('',(3.596663679511,-15.15893730129,
    2.820251458932));
#11146 = CARTESIAN_POINT('',(3.596648394685,-15.15856022643,
    2.820106125735));
#11147 = CARTESIAN_POINT('',(3.596633069102,-15.15818315437,
    2.819960798115));
#11148 = CARTESIAN_POINT('',(3.59658697009,-15.15705194658,
    2.819524831986));
#11149 = CARTESIAN_POINT('',(3.596556074395,-15.15629781926,
    2.819234210211));
#11150 = CARTESIAN_POINT('',(3.596525015677,-15.15554370319,
    2.818943610761));
#11151 = CARTESIAN_POINT('',(3.596493793949,-15.15478959841,
    2.818653033653));
#11152 = CARTESIAN_POINT('',(3.596462409184,-15.15403550496,
    2.818362478901));
#11153 = CARTESIAN_POINT('',(3.59643086143,-15.1532814229,2.818071946521
    ));
#11154 = CARTESIAN_POINT('',(3.596399150625,-15.15252735225,
    2.817781436528));
#11155 = CARTESIAN_POINT('',(3.596367276837,-15.15177329307,
    2.817490948939));
#11156 = CARTESIAN_POINT('',(3.596335240008,-15.1510192454,
    2.817200483767));
#11157 = CARTESIAN_POINT('',(3.596303040181,-15.15026520928,
    2.816910041028));
#11158 = CARTESIAN_POINT('',(3.596270677332,-15.14951118476,
    2.816619620738));
#11159 = CARTESIAN_POINT('',(3.596238151473,-15.14875717187,
    2.816329222913));
#11160 = CARTESIAN_POINT('',(3.596140084858,-15.14649516827,
    2.815458096874));
#11161 = CARTESIAN_POINT('',(3.596074055063,-15.1449872126,
    2.814877436102));
#11162 = CARTESIAN_POINT('',(3.596007373228,-15.14347930401,
    2.81429686537));
#11163 = CARTESIAN_POINT('',(3.595940039355,-15.14197144284,2.8137163848
    ));
#11164 = CARTESIAN_POINT('',(3.595872053476,-15.14046362943,
    2.813135994511));
#11165 = CARTESIAN_POINT('',(3.595803415562,-15.13895586412,
    2.812555694624));
#11166 = CARTESIAN_POINT('',(3.595734125679,-15.13744814727,
    2.81197548526));
#11167 = CARTESIAN_POINT('',(3.595664183772,-15.1359404792,
    2.811395366538));
#11168 = CARTESIAN_POINT('',(3.595593589915,-15.13443286027,
    2.810815338581));
#11169 = CARTESIAN_POINT('',(3.595522344068,-15.1329252908,
    2.810235401507));
#11170 = CARTESIAN_POINT('',(3.595450446274,-15.13141777116,
    2.809655555438));
#11171 = CARTESIAN_POINT('',(3.595377896525,-15.12991030168,
    2.809075800494));
#11172 = CARTESIAN_POINT('',(3.595158291469,-15.12538804474,
    2.807336809397));
#11173 = CARTESIAN_POINT('',(3.595009280285,-15.12237340886,
    2.806177847015));
#11174 = CARTESIAN_POINT('',(3.594857661446,-15.11935897772,
    2.805019250576));
#11175 = CARTESIAN_POINT('',(3.594703435066,-15.11634475398,
    2.803861021003));
#11176 = CARTESIAN_POINT('',(3.594546601349,-15.11333074033,
    2.802703159224));
#11177 = CARTESIAN_POINT('',(3.594387160343,-15.1103169394,
    2.801545666162));
#11178 = CARTESIAN_POINT('',(3.594225112326,-15.10730335389,
    2.800388542748));
#11179 = CARTESIAN_POINT('',(3.594060457291,-15.10428998643,
    2.799231789901));
#11180 = CARTESIAN_POINT('',(3.593893195526,-15.10127683971,
    2.798075408553));
#11181 = CARTESIAN_POINT('',(3.593723327065,-15.09826391638,
    2.796919399624));
#11182 = CARTESIAN_POINT('',(3.593550852122,-15.09525121912,
    2.795763764045));
#11183 = CARTESIAN_POINT('',(3.593375770808,-15.09223875058,
    2.794608502738));
#11184 = CARTESIAN_POINT('',(3.592842708223,-15.08320203913,
    2.791143844415));
#11185 = CARTESIAN_POINT('',(3.592476907491,-15.07717849139,2.7888355735
    ));
#11186 = CARTESIAN_POINT('',(3.592100683188,-15.0711558904,
    2.786528810715));
#11187 = CARTESIAN_POINT('',(3.591714037364,-15.0651342563,
    2.784223562888));
#11188 = CARTESIAN_POINT('',(3.591316972188,-15.05911360929,
    2.781919836851));
#11189 = CARTESIAN_POINT('',(3.590909489618,-15.05309396951,
    2.77961763943));
#11190 = CARTESIAN_POINT('',(3.59049159192,-15.04707535717,
    2.777316977458));
#11191 = CARTESIAN_POINT('',(3.590063280988,-15.0410577924,
    2.775017857761));
#11192 = CARTESIAN_POINT('',(3.58962455909,-15.03504129541,
    2.772720287172));
#11193 = CARTESIAN_POINT('',(3.589175428181,-15.02902588633,
    2.770424272517));
#11194 = CARTESIAN_POINT('',(3.588715890431,-15.02301158537,
    2.768129820628));
#11195 = CARTESIAN_POINT('',(3.588245947892,-15.01699841268,
    2.765836938333));
#11196 = CARTESIAN_POINT('',(3.584183436821,-14.9661518262,
    2.746458260312));
#11197 = CARTESIAN_POINT('',(3.580022822987,-14.92138049127,
    2.72945865687));
#11198 = CARTESIAN_POINT('',(3.57528482599,-14.8766785711,2.712548597137
    ));
#11199 = CARTESIAN_POINT('',(3.569970510609,-14.8320522531,
    2.695729856116));
#11200 = CARTESIAN_POINT('',(3.564080941711,-14.78750772473,
    2.679004208811));
#11201 = CARTESIAN_POINT('',(3.557617184018,-14.74305117339,
    2.662373430222));
#11202 = CARTESIAN_POINT('',(3.550580302453,-14.69868878656,
    2.645839295353));
#11203 = CARTESIAN_POINT('',(3.542971361708,-14.65442675164,
    2.629403579207));
#11204 = CARTESIAN_POINT('',(3.534791426696,-14.61027125608,
    2.613068056785));
#11205 = CARTESIAN_POINT('',(3.526041562153,-14.56622848731,
    2.596834503092));
#11206 = CARTESIAN_POINT('',(3.516722832933,-14.52230463277,
    2.580704693128));
#11207 = CARTESIAN_POINT('',(3.506836303826,-14.47850587989,
    2.564680401897));
#11208 = CARTESIAN_POINT('',(3.483126345502,-14.37945990452,
    2.528577674477));
#11209 = CARTESIAN_POINT('',(3.46895701422,-14.32429184145,
    2.508564587826));
#11210 = CARTESIAN_POINT('',(3.453877945664,-14.26934839517,
    2.48872745825));
#11211 = CARTESIAN_POINT('',(3.437892039727,-14.21464373395,
    2.469069599553));
#11212 = CARTESIAN_POINT('',(3.421002196232,-14.16019202604,
    2.449594325538));
#11213 = CARTESIAN_POINT('',(3.403211315126,-14.10600743972,
    2.430304950008));
#11214 = CARTESIAN_POINT('',(3.384522296177,-14.05210414324,
    2.411204786767));
#11215 = CARTESIAN_POINT('',(3.364938039368,-13.99849630487,
    2.392297149616));
#11216 = CARTESIAN_POINT('',(3.344461444466,-13.94519809287,
    2.37358535236));
#11217 = CARTESIAN_POINT('',(3.323095411419,-13.89222367551,
    2.355072708802));
#11218 = CARTESIAN_POINT('',(3.300842840049,-13.83958722105,
    2.336762532744));
#11219 = CARTESIAN_POINT('',(3.27770663025,-13.78730289776,
    2.318658137989));
#11220 = CARTESIAN_POINT('',(3.191346358082,-13.60061578816,
    2.254310123223));
#11221 = CARTESIAN_POINT('',(3.123092195913,-13.46830851208,
    2.209262567728));
#11222 = CARTESIAN_POINT('',(3.0489794409,-13.33874452908,2.16567748324)
  );
#11223 = CARTESIAN_POINT('',(2.969080092106,-13.21220601663,
    2.123610002793));
#11224 = CARTESIAN_POINT('',(2.883485902119,-13.08897584626,
    2.08311308106));
#11225 = CARTESIAN_POINT('',(2.792308377063,-12.96933758351,
    2.044237494364));
#11226 = CARTESIAN_POINT('',(2.695678776597,-12.85357548799,
    2.007031840667));
#11227 = CARTESIAN_POINT('',(2.593748113901,-12.74197451331,
    1.971542539579));
#11228 = CARTESIAN_POINT('',(2.486687155709,-12.63482030718,
    1.937813832355));
#11229 = CARTESIAN_POINT('',(2.374686422261,-12.53239921127,
    1.905887781892));
#11230 = CARTESIAN_POINT('',(2.257956187352,-12.43499826135,
    1.875804272733));
#11231 = CARTESIAN_POINT('',(2.136726478296,-12.34290518722,
    1.847601011066));
#11232 = CARTESIAN_POINT('',(1.831516249506,-12.13251447889,
    1.783660558924));
#11233 = CARTESIAN_POINT('',(1.643138355538,-12.02003913069,
    1.749928420956));
#11234 = CARTESIAN_POINT('',(1.446587129082,-11.91981621978,
    1.720232896541));
#11235 = CARTESIAN_POINT('',(1.24324332651,-11.83260553168,
    1.694668436062));
#11236 = CARTESIAN_POINT('',(1.034055407114,-11.75899403923,
    1.673286863542));
#11237 = CARTESIAN_POINT('',(0.819592511546,-11.69946721188,
    1.656123460941));
#11238 = CARTESIAN_POINT('',(0.600571563488,-11.65449471557,
    1.643226315025));
#11239 = CARTESIAN_POINT('',(0.378249209553,-11.62454045736,
    1.634663341715));
#11240 = CARTESIAN_POINT('',(0.154378200431,-11.60997255168,
    1.630499930726));
#11241 = CARTESIAN_POINT('',(-6.92632951012E-02,-11.61091440348,
    1.630758680895));
#11242 = CARTESIAN_POINT('',(-0.291452063555,-11.62714372658,
    1.635391224507));
#11243 = CARTESIAN_POINT('',(-0.511583639319,-11.65821193432,
    1.644310666554));
#11244 = CARTESIAN_POINT('',(-1.102154583774,-11.7830572559,
    1.680396219456));
#11245 = CARTESIAN_POINT('',(-1.466054662955,-11.90583698609,
    1.716076660908));
#11246 = CARTESIAN_POINT('',(-1.813860865159,-12.07056146013,
    1.764365528143));
#11247 = CARTESIAN_POINT('',(-2.139980990585,-12.27435880814,
    1.824989185644));
#11248 = CARTESIAN_POINT('',(-2.439649516303,-12.51345262993,
    1.897548919953));
#11249 = CARTESIAN_POINT('',(-2.709066055937,-12.78343464246,
    1.981499287997));
#11250 = CARTESIAN_POINT('',(-2.945404193842,-13.0795894457,
    2.076165762299));
#11251 = CARTESIAN_POINT('',(-3.1467177524,-13.39721852568,
    2.180783690387));
#11252 = CARTESIAN_POINT('',(-3.311771551895,-13.73191061326,
    2.294540585632));
#11253 = CARTESIAN_POINT('',(-3.43982372126,-14.07970551707,
    2.416603766768));
#11254 = CARTESIAN_POINT('',(-3.530386619351,-14.43709854956,
    2.54611536341));
#11255 = CARTESIAN_POINT('',(-3.582993425071,-14.80083266432,
    2.682136704758));
#11256 = CARTESIAN_POINT('',(-3.596997455755,-15.1674254236,
    2.823524108822));
#11257 = PCURVE('',#7913,#11258);
#11258 = DEFINITIONAL_REPRESENTATION('',(#11259),#11302);
#11259 = B_SPLINE_CURVE_WITH_KNOTS('',11,(#11260,#11261,#11262,#11263,
    #11264,#11265,#11266,#11267,#11268,#11269,#11270,#11271,#11272,
    #11273,#11274,#11275,#11276,#11277,#11278,#11279,#11280,#11281,
    #11282,#11283,#11284,#11285,#11286,#11287,#11288,#11289,#11290,
    #11291,#11292,#11293,#11294,#11295,#11296,#11297,#11298,#11299,
    #11300,#11301),.UNSPECIFIED.,.F.,.F.,(12,10,10,10,12),(
    8.952487583574E-03,2.158375183072,4.30779787856,6.457220574048,
    8.606643269536),.UNSPECIFIED.);
#11260 = CARTESIAN_POINT('',(0.969616600692,-3.586871641596));
#11261 = CARTESIAN_POINT('',(0.963529957662,-3.567009619297));
#11262 = CARTESIAN_POINT('',(0.957505154072,-3.530340633572));
#11263 = CARTESIAN_POINT('',(0.951576448852,-3.477083376056));
#11264 = CARTESIAN_POINT('',(0.945735414553,-3.407278513831));
#11265 = CARTESIAN_POINT('',(0.940059489029,-3.321212441705));
#11266 = CARTESIAN_POINT('',(0.934536553258,-3.219098353009));
#11267 = CARTESIAN_POINT('',(0.92918817697,-3.101156573054));
#11268 = CARTESIAN_POINT('',(0.924085712823,-2.967737477744));
#11269 = CARTESIAN_POINT('',(0.919224814047,-2.819329159248));
#11270 = CARTESIAN_POINT('',(0.914651425692,-2.65671342893));
#11271 = CARTESIAN_POINT('',(0.906132733475,-2.304692331663));
#11272 = CARTESIAN_POINT('',(0.902188443238,-2.115354895195));
#11273 = CARTESIAN_POINT('',(0.898583708285,-1.91299051318));
#11274 = CARTESIAN_POINT('',(0.895376481502,-1.70092154133));
#11275 = CARTESIAN_POINT('',(0.892526893233,-1.474428441098));
#11276 = CARTESIAN_POINT('',(0.890176710866,-1.244120785374));
#11277 = CARTESIAN_POINT('',(0.888214370719,-1.003635860969));
#11278 = CARTESIAN_POINT('',(0.886754162774,-0.757651650663));
#11279 = CARTESIAN_POINT('',(0.885763147211,-0.507230624699));
#11280 = CARTESIAN_POINT('',(0.885267602284,-0.25495968902));
#11281 = CARTESIAN_POINT('',(0.885257436881,0.249254152498));
#11282 = CARTESIAN_POINT('',(0.885743678004,0.501231020811));
#11283 = CARTESIAN_POINT('',(0.886719727768,0.75076372144));
#11284 = CARTESIAN_POINT('',(0.88816836186,0.996977928783));
#11285 = CARTESIAN_POINT('',(0.89010595793,1.237757286446));
#11286 = CARTESIAN_POINT('',(0.892489901841,1.47093663447));
#11287 = CARTESIAN_POINT('',(0.895296735981,1.695173818506));
#11288 = CARTESIAN_POINT('',(0.898524634332,1.909280423645));
#11289 = CARTESIAN_POINT('',(0.902118983563,2.111664327283));
#11290 = CARTESIAN_POINT('',(0.90606439486,2.301545106448));
#11291 = CARTESIAN_POINT('',(0.914586528495,2.654428717217));
#11292 = CARTESIAN_POINT('',(0.919163826589,2.817444639862));
#11293 = CARTESIAN_POINT('',(0.924026749845,2.966176534087));
#11294 = CARTESIAN_POINT('',(0.929143676699,3.09994569435));
#11295 = CARTESIAN_POINT('',(0.934483259084,3.218231572596));
#11296 = CARTESIAN_POINT('',(0.94001531367,3.320647584322));
#11297 = CARTESIAN_POINT('',(0.945711315395,3.406914003418));
#11298 = CARTESIAN_POINT('',(0.951544493281,3.476827945709));
#11299 = CARTESIAN_POINT('',(0.957489528558,3.530230441288));
#11300 = CARTESIAN_POINT('',(0.963521855061,3.566970595535));
#11301 = CARTESIAN_POINT('',(0.969616561934,3.586866838931));
#11302 = ( GEOMETRIC_REPRESENTATION_CONTEXT(2) 
PARAMETRIC_REPRESENTATION_CONTEXT() REPRESENTATION_CONTEXT('2D SPACE',''
  ) );
#11303 = PCURVE('',#8150,#11304);
#11304 = DEFINITIONAL_REPRESENTATION('',(#11305),#11309);
#11305 = LINE('',#11306,#11307);
#11306 = CARTESIAN_POINT('',(0.,0.));
#11307 = VECTOR('',#11308,1.);
#11308 = DIRECTION('',(0.,1.));
#11309 = ( GEOMETRIC_REPRESENTATION_CONTEXT(2) 
PARAMETRIC_REPRESENTATION_CONTEXT() REPRESENTATION_CONTEXT('2D SPACE',''
  ) );
#11310 = ORIENTED_EDGE('',*,*,#8589,.F.);
#11311 = ORIENTED_EDGE('',*,*,#8861,.T.);
#11312 = ORIENTED_EDGE('',*,*,#11313,.F.);
#11313 = EDGE_CURVE('',#7748,#7928,#11314,.T.);
#11314 = SURFACE_CURVE('',#11315,(#11319,#11325),.PCURVE_S1.);
#11315 = LINE('',#11316,#11317);
#11316 = CARTESIAN_POINT('',(-3.866999414486E-16,-15.,2.759360248912));
#11317 = VECTOR('',#11318,1.);
#11318 = DIRECTION('',(-1.,2.577999609657E-17,1.78562743526E-17));
#11319 = PCURVE('',#7913,#11320);
#11320 = DEFINITIONAL_REPRESENTATION('',(#11321),#11324);
#11321 = B_SPLINE_CURVE_WITH_KNOTS('',1,(#11322,#11323),.UNSPECIFIED.,
  .F.,.F.,(2,2),(-3.6,3.6),.PIECEWISE_BEZIER_KNOTS.);
#11322 = CARTESIAN_POINT('',(0.969616601247,-3.6));
#11323 = CARTESIAN_POINT('',(0.969616601247,3.6));
#11324 = ( GEOMETRIC_REPRESENTATION_CONTEXT(2) 
PARAMETRIC_REPRESENTATION_CONTEXT() REPRESENTATION_CONTEXT('2D SPACE',''
  ) );
#11325 = PCURVE('',#8027,#11326);
#11326 = DEFINITIONAL_REPRESENTATION('',(#11327),#11331);
#11327 = LINE('',#11328,#11329);
#11328 = CARTESIAN_POINT('',(-2.727465970703E-16,9.947598300641E-14));
#11329 = VECTOR('',#11330,1.);
#11330 = DIRECTION('',(-1.,2.577999609657E-17));
#11331 = ( GEOMETRIC_REPRESENTATION_CONTEXT(2) 
PARAMETRIC_REPRESENTATION_CONTEXT() REPRESENTATION_CONTEXT('2D SPACE',''
  ) );
#11332 = ORIENTED_EDGE('',*,*,#7861,.F.);
#11333 = FACE_BOUND('',#11334,.F.);
#11334 = EDGE_LOOP('',(#11335,#11358,#11456,#11477,#11576,#11596));
#11335 = ORIENTED_EDGE('',*,*,#11336,.F.);
#11336 = EDGE_CURVE('',#11337,#9269,#11339,.T.);
#11337 = VERTEX_POINT('',#11338);
#11338 = CARTESIAN_POINT('',(-3.586866102427,14.999996555409,
    2.759360248912));
#11339 = SURFACE_CURVE('',#11340,(#11344,#11351),.PCURVE_S1.);
#11340 = LINE('',#11341,#11342);
#11341 = CARTESIAN_POINT('',(-3.586866102427,14.999996555409,
    2.759360248912));
#11342 = VECTOR('',#11343,1.);
#11343 = DIRECTION('',(0.999999999995,3.169287019625E-06,0.));
#11344 = PCURVE('',#7913,#11345);
#11345 = DEFINITIONAL_REPRESENTATION('',(#11346),#11350);
#11346 = LINE('',#11347,#11348);
#11347 = CARTESIAN_POINT('',(0.241922872253,3.586866102427));
#11348 = VECTOR('',#11349,1.);
#11349 = DIRECTION('',(-0.,-1.));
#11350 = ( GEOMETRIC_REPRESENTATION_CONTEXT(2) 
PARAMETRIC_REPRESENTATION_CONTEXT() REPRESENTATION_CONTEXT('2D SPACE',''
  ) );
#11351 = PCURVE('',#9692,#11352);
#11352 = DEFINITIONAL_REPRESENTATION('',(#11353),#11357);
#11353 = LINE('',#11354,#11355);
#11354 = CARTESIAN_POINT('',(-3.586866102427,-3.444590630508E-06));
#11355 = VECTOR('',#11356,1.);
#11356 = DIRECTION('',(0.999999999995,3.169287019625E-06));
#11357 = ( GEOMETRIC_REPRESENTATION_CONTEXT(2) 
PARAMETRIC_REPRESENTATION_CONTEXT() REPRESENTATION_CONTEXT('2D SPACE',''
  ) );
#11358 = ORIENTED_EDGE('',*,*,#11359,.T.);
#11359 = EDGE_CURVE('',#11337,#11360,#11362,.T.);
#11360 = VERTEX_POINT('',#11361);
#11361 = CARTESIAN_POINT('',(3.586869422399,14.999999875583,
    2.759360248912));
#11362 = SURFACE_CURVE('',#11363,(#11380,#11400),.PCURVE_S1.);
#11363 = ( BOUNDED_CURVE() B_SPLINE_CURVE(8,(#11364,#11365,#11366,#11367
    ,#11368,#11369,#11370,#11371,#11372,#11373,#11374,#11375,#11376,
    #11377,#11378,#11379),.UNSPECIFIED.,.F.,.F.) 
B_SPLINE_CURVE_WITH_KNOTS((9,7,9),(-0.127758798143,4.210328533892,
8.743369145309),.UNSPECIFIED.) CURVE() GEOMETRIC_REPRESENTATION_ITEM() 
RATIONAL_B_SPLINE_CURVE((1.,1.,1.,1.,1.,1.,1.,1.,1.,1.,1.,1.,1.,1.,1.,1.
)) REPRESENTATION_ITEM('') );
#11364 = CARTESIAN_POINT('',(-3.597030358937,15.168289514115,
    2.82385738194));
#11365 = CARTESIAN_POINT('',(-3.571635588483,14.499502782563,
    2.565903001163));
#11366 = CARTESIAN_POINT('',(-3.410684100972,13.840754676364,
    2.326823903495));
#11367 = CARTESIAN_POINT('',(-3.118931971088,13.217060020074,
    2.114647731863));
#11368 = CARTESIAN_POINT('',(-2.698056784816,12.650251882579,
    1.934832278698));
#11369 = CARTESIAN_POINT('',(-2.154980555595,12.177254712231,
    1.793612288964));
#11370 = CARTESIAN_POINT('',(-1.514525349227,11.837801440022,
    1.695964277798));
#11371 = CARTESIAN_POINT('',(-0.822380327803,11.65473638118,
    1.643330428824));
#11372 = CARTESIAN_POINT('',(0.605031505046,11.604245555672,
    1.628836324854));
#11373 = CARTESIAN_POINT('',(1.340845844498,11.751362906367,
    1.671074112967));
#11374 = CARTESIAN_POINT('',(2.030797166708,12.07370371428,
    1.763261056048));
#11375 = CARTESIAN_POINT('',(2.622629904536,12.550023913501,
    1.902786438435));
#11376 = CARTESIAN_POINT('',(3.078562053282,13.134060154935,
    2.086765814739));
#11377 = CARTESIAN_POINT('',(3.396247696655,13.782082930931,
    2.305486031011));
#11378 = CARTESIAN_POINT('',(3.5704952007,14.469695598454,2.554407184002
    ));
#11379 = CARTESIAN_POINT('',(3.597028597116,15.168242345017,
    2.823839188616));
#11380 = PCURVE('',#7913,#11381);
#11381 = DEFINITIONAL_REPRESENTATION('',(#11382),#11399);
#11382 = B_SPLINE_CURVE_WITH_KNOTS('',8,(#11383,#11384,#11385,#11386,
    #11387,#11388,#11389,#11390,#11391,#11392,#11393,#11394,#11395,
    #11396,#11397,#11398),.UNSPECIFIED.,.F.,.F.,(9,7,9),(
    8.957061983147E-03,4.30779694827,8.606636834556),.UNSPECIFIED.);
#11383 = CARTESIAN_POINT('',(0.241922951877,3.586866102427));
#11384 = CARTESIAN_POINT('',(0.258678827828,3.532162233252));
#11385 = CARTESIAN_POINT('',(0.27494522273,3.345186528894));
#11386 = CARTESIAN_POINT('',(0.290133389658,3.030176243718));
#11387 = CARTESIAN_POINT('',(0.303694939643,2.589438210894));
#11388 = CARTESIAN_POINT('',(0.31476167458,2.031644248299));
#11389 = CARTESIAN_POINT('',(0.322446501475,1.383410446309));
#11390 = CARTESIAN_POINT('',(0.326282453126,0.690981264365));
#11391 = CARTESIAN_POINT('',(0.326271227584,-0.693302538067));
#11392 = CARTESIAN_POINT('',(0.322424239273,-1.385157990086));
#11393 = CARTESIAN_POINT('',(0.314740247346,-2.032192750937));
#11394 = CARTESIAN_POINT('',(0.303673544269,-2.590917049769));
#11395 = CARTESIAN_POINT('',(0.290111285505,-3.030210358725));
#11396 = CARTESIAN_POINT('',(0.274931604167,-3.345406566247));
#11397 = CARTESIAN_POINT('',(0.258671794702,-3.532207478212));
#11398 = CARTESIAN_POINT('',(0.241922874332,-3.586869422399));
#11399 = ( GEOMETRIC_REPRESENTATION_CONTEXT(2) 
PARAMETRIC_REPRESENTATION_CONTEXT() REPRESENTATION_CONTEXT('2D SPACE',''
  ) );
#11400 = PCURVE('',#11401,#11450);
#11401 = ( BOUNDED_SURFACE() B_SPLINE_SURFACE(2,8,(
    (#11402,#11403,#11404,#11405,#11406,#11407,#11408,#11409,#11410
      ,#11411,#11412,#11413,#11414,#11415,#11416,#11417)
    ,(#11418,#11419,#11420,#11421,#11422,#11423,#11424,#11425,#11426
      ,#11427,#11428,#11429,#11430,#11431,#11432,#11433)
    ,(#11434,#11435,#11436,#11437,#11438,#11439,#11440,#11441,#11442
      ,#11443,#11444,#11445,#11446,#11447,#11448,#11449
)),.UNSPECIFIED.,.F.,.F.,.F.) B_SPLINE_SURFACE_WITH_KNOTS((3,3),(9,7,9),
  (0.,8.871127943452),(-0.127758798143,4.210328533892,8.743369145309),
.UNSPECIFIED.) GEOMETRIC_REPRESENTATION_ITEM() RATIONAL_B_SPLINE_SURFACE
((
    (1.,1.,1.,1.,1.,1.,1.,1.,1.,1.,1.,1.,1.,1.,1.,1.)
    ,(0.729043139704,0.751064060665,0.76925722108,0.783655196034
      ,0.794311696464,0.801627166562,0.806250222762,0.808725439539
      ,0.809405479615,0.807418416072,0.803165078944,0.79619155608
      ,0.785538947442,0.77087363446,0.752045398096,0.72904465352)
    ,(1.,1.,1.,1.,1.,1.,1.,1.,1.,1.,1.,1.,1.,1.,1.,1.
))) REPRESENTATION_ITEM('') SURFACE() );
#11402 = CARTESIAN_POINT('',(-3.597030358937,15.168289514115,
    2.82385738194));
#11403 = CARTESIAN_POINT('',(-3.571635588483,14.499502782563,
    2.565903001163));
#11404 = CARTESIAN_POINT('',(-3.410684100972,13.840754676364,
    2.326823903495));
#11405 = CARTESIAN_POINT('',(-3.118931971088,13.217060020074,
    2.114647731863));
#11406 = CARTESIAN_POINT('',(-2.698056784816,12.650251882579,
    1.934832278698));
#11407 = CARTESIAN_POINT('',(-2.154980555595,12.177254712231,
    1.793612288964));
#11408 = CARTESIAN_POINT('',(-1.514525349227,11.837801440022,
    1.695964277798));
#11409 = CARTESIAN_POINT('',(-0.822380327803,11.65473638118,
    1.643330428824));
#11410 = CARTESIAN_POINT('',(0.605031505046,11.604245555672,
    1.628836324854));
#11411 = CARTESIAN_POINT('',(1.340845844498,11.751362906367,
    1.671074112967));
#11412 = CARTESIAN_POINT('',(2.030797166708,12.07370371428,
    1.763261056048));
#11413 = CARTESIAN_POINT('',(2.622629904536,12.550023913501,
    1.902786438435));
#11414 = CARTESIAN_POINT('',(3.078562053282,13.134060154935,
    2.086765814739));
#11415 = CARTESIAN_POINT('',(3.396247696655,13.782082930931,
    2.305486031011));
#11416 = CARTESIAN_POINT('',(3.5704952007,14.469695598454,2.554407184002
    ));
#11417 = CARTESIAN_POINT('',(3.597028597116,15.168242345017,
    2.823839188616));
#11418 = CARTESIAN_POINT('',(-2.659575642067,15.120419973594,
    2.805393861208));
#11419 = CARTESIAN_POINT('',(-2.684686370857,14.625778823813,
    2.615516067343));
#11420 = CARTESIAN_POINT('',(-2.603829199687,14.115011895481,
    2.426849399457));
#11421 = CARTESIAN_POINT('',(-2.409470025071,13.613694270428,
    2.250041759908));
#11422 = CARTESIAN_POINT('',(-2.097955913121,13.15204359546,
    2.095885139372));
#11423 = CARTESIAN_POINT('',(-1.679167982192,12.767668034381,
    1.973320829595));
#11424 = CARTESIAN_POINT('',(-1.17979354353,12.493977323949,
    1.888166584412));
#11425 = CARTESIAN_POINT('',(-0.639276301854,12.347469505063,
    1.842649699104));
#11426 = CARTESIAN_POINT('',(0.469912616446,12.307209093941,
    1.83015118859));
#11427 = CARTESIAN_POINT('',(1.045070248692,12.424819887633,
    1.866669882845));
#11428 = CARTESIAN_POINT('',(1.583769678251,12.683894534286,
    1.946870812835));
#11429 = CARTESIAN_POINT('',(2.043004604575,13.07193382618,
    2.069081265357));
#11430 = CARTESIAN_POINT('',(2.382647325616,13.54775225056,
    2.226944518311));
#11431 = CARTESIAN_POINT('',(2.596798899718,14.070690697525,
    2.410457868024));
#11432 = CARTESIAN_POINT('',(2.68576451008,14.604409601339,
    2.607313572389));
#11433 = CARTESIAN_POINT('',(2.659577412471,15.12038361122,
    2.805379902035));
#11434 = CARTESIAN_POINT('',(-2.60044504106,14.781298772031,
    3.678866312614));
#11435 = CARTESIAN_POINT('',(-2.569767441616,14.312992072416,
    3.430388231801));
#11436 = CARTESIAN_POINT('',(-2.442500497133,13.855873674762,
    3.203114960587));
#11437 = CARTESIAN_POINT('',(-2.22327932315,13.424739207965,
    3.002857422373));
#11438 = CARTESIAN_POINT('',(-1.913773293309,13.03762128231,
    2.835602225616));
#11439 = CARTESIAN_POINT('',(-1.521977791063,12.718827713695,
    2.706035464339));
#11440 = CARTESIAN_POINT('',(-1.067341763022,12.491654320149,
    2.616853712424));
#11441 = CARTESIAN_POINT('',(-0.57940383002,12.369340898561,
    2.568939983301));
#11442 = CARTESIAN_POINT('',(0.426285592206,12.335595486061,
    2.555734668003));
#11443 = CARTESIAN_POINT('',(0.944242931309,12.434035488006,
    2.594272086713));
#11444 = CARTESIAN_POINT('',(1.43244806266,12.648658658647,
    2.677885330374));
#11445 = CARTESIAN_POINT('',(1.8584783512,12.969880834671,2.806283839213
    ));
#11446 = CARTESIAN_POINT('',(2.19289677638,13.36691563073,2.976236067896
    ));
#11447 = CARTESIAN_POINT('',(2.431128650405,13.815311346037,
    3.182934497153));
#11448 = CARTESIAN_POINT('',(2.568394079041,14.292122013383,
    3.419315225283));
#11449 = CARTESIAN_POINT('',(2.600442885809,14.781265925432,
    3.678848980021));
#11450 = DEFINITIONAL_REPRESENTATION('',(#11451),#11455);
#11451 = LINE('',#11452,#11453);
#11452 = CARTESIAN_POINT('',(0.,0.));
#11453 = VECTOR('',#11454,1.);
#11454 = DIRECTION('',(0.,1.));
#11455 = ( GEOMETRIC_REPRESENTATION_CONTEXT(2) 
PARAMETRIC_REPRESENTATION_CONTEXT() REPRESENTATION_CONTEXT('2D SPACE',''
  ) );
#11456 = ORIENTED_EDGE('',*,*,#11457,.F.);
#11457 = EDGE_CURVE('',#9351,#11360,#11458,.T.);
#11458 = SURFACE_CURVE('',#11459,(#11463,#11470),.PCURVE_S1.);
#11459 = LINE('',#11460,#11461);
#11460 = CARTESIAN_POINT('',(2.5,15.,2.759360248912));
#11461 = VECTOR('',#11462,1.);
#11462 = DIRECTION('',(1.,-1.144731342588E-07,0.));
#11463 = PCURVE('',#7913,#11464);
#11464 = DEFINITIONAL_REPRESENTATION('',(#11465),#11469);
#11465 = LINE('',#11466,#11467);
#11466 = CARTESIAN_POINT('',(0.241922872253,-2.5));
#11467 = VECTOR('',#11468,1.);
#11468 = DIRECTION('',(-0.,-1.));
#11469 = ( GEOMETRIC_REPRESENTATION_CONTEXT(2) 
PARAMETRIC_REPRESENTATION_CONTEXT() REPRESENTATION_CONTEXT('2D SPACE',''
  ) );
#11470 = PCURVE('',#9692,#11471);
#11471 = DEFINITIONAL_REPRESENTATION('',(#11472),#11476);
#11472 = LINE('',#11473,#11474);
#11473 = CARTESIAN_POINT('',(2.5,0.));
#11474 = VECTOR('',#11475,1.);
#11475 = DIRECTION('',(1.,-1.144731342588E-07));
#11476 = ( GEOMETRIC_REPRESENTATION_CONTEXT(2) 
PARAMETRIC_REPRESENTATION_CONTEXT() REPRESENTATION_CONTEXT('2D SPACE',''
  ) );
#11477 = ORIENTED_EDGE('',*,*,#11478,.T.);
#11478 = EDGE_CURVE('',#9351,#8921,#11479,.T.);
#11479 = SURFACE_CURVE('',#11480,(#11483,#11489),.PCURVE_S1.);
#11480 = B_SPLINE_CURVE_WITH_KNOTS('',1,(#11481,#11482),.UNSPECIFIED.,
  .F.,.F.,(2,2),(0.,2.),.PIECEWISE_BEZIER_KNOTS.);
#11481 = CARTESIAN_POINT('',(2.5,15.,2.759360248912));
#11482 = CARTESIAN_POINT('',(0.5,15.,2.759360248912));
#11483 = PCURVE('',#7913,#11484);
#11484 = DEFINITIONAL_REPRESENTATION('',(#11485),#11488);
#11485 = B_SPLINE_CURVE_WITH_KNOTS('',1,(#11486,#11487),.UNSPECIFIED.,
  .F.,.F.,(2,2),(0.,2.),.PIECEWISE_BEZIER_KNOTS.);
#11486 = CARTESIAN_POINT('',(0.241922872253,-2.5));
#11487 = CARTESIAN_POINT('',(0.241922872253,-0.5));
#11488 = ( GEOMETRIC_REPRESENTATION_CONTEXT(2) 
PARAMETRIC_REPRESENTATION_CONTEXT() REPRESENTATION_CONTEXT('2D SPACE',''
  ) );
#11489 = PCURVE('',#8942,#11490);
#11490 = DEFINITIONAL_REPRESENTATION('',(#11491),#11575);
#11491 = B_SPLINE_CURVE_WITH_KNOTS('',10,(#11492,#11493,#11494,#11495,
    #11496,#11497,#11498,#11499,#11500,#11501,#11502,#11503,#11504,
    #11505,#11506,#11507,#11508,#11509,#11510,#11511,#11512,#11513,
    #11514,#11515,#11516,#11517,#11518,#11519,#11520,#11521,#11522,
    #11523,#11524,#11525,#11526,#11527,#11528,#11529,#11530,#11531,
    #11532,#11533,#11534,#11535,#11536,#11537,#11538,#11539,#11540,
    #11541,#11542,#11543,#11544,#11545,#11546,#11547,#11548,#11549,
    #11550,#11551,#11552,#11553,#11554,#11555,#11556,#11557,#11558,
    #11559,#11560,#11561,#11562,#11563,#11564,#11565,#11566,#11567,
    #11568,#11569,#11570,#11571,#11572,#11573,#11574),.UNSPECIFIED.,.F.,
  .F.,(11,9,9,9,9,9,9,9,9,11),(0.,6.25E-02,0.125,0.25,0.5,1.,1.5,1.75,
    1.875,2.),.UNSPECIFIED.);
#11492 = CARTESIAN_POINT('',(0.893771226697,0.262632853698));
#11493 = CARTESIAN_POINT('',(0.888492916417,0.262531097183));
#11494 = CARTESIAN_POINT('',(0.883880650774,0.262442180834));
#11495 = CARTESIAN_POINT('',(0.879808754621,0.262363681856));
#11496 = CARTESIAN_POINT('',(0.876151552807,0.262293177454));
#11497 = CARTESIAN_POINT('',(0.872783370187,0.262228244832));
#11498 = CARTESIAN_POINT('',(0.86957853161,0.262166461195));
#11499 = CARTESIAN_POINT('',(0.86641136193,0.262105403748));
#11500 = CARTESIAN_POINT('',(0.863156185996,0.262042649696));
#11501 = CARTESIAN_POINT('',(0.859687328662,0.261975776243));
#11502 = CARTESIAN_POINT('',(0.852070900895,0.261828944945));
#11503 = CARTESIAN_POINT('',(0.847886726624,0.261748281443));
#11504 = CARTESIAN_POINT('',(0.843367282185,0.261661154523));
#11505 = CARTESIAN_POINT('',(0.838580789451,0.261568879383));
#11506 = CARTESIAN_POINT('',(0.833612612137,0.261473101685));
#11507 = CARTESIAN_POINT('',(0.828554865975,0.261375597256));
#11508 = CARTESIAN_POINT('',(0.823496028909,0.261278071798));
#11509 = CARTESIAN_POINT('',(0.818510551271,0.26118196058));
#11510 = CARTESIAN_POINT('',(0.813648465969,0.261088228148));
#11511 = CARTESIAN_POINT('',(0.799478064072,0.260815047785));
#11512 = CARTESIAN_POINT('',(0.79044046255,0.260640818764));
#11513 = CARTESIAN_POINT('',(0.781809163742,0.260474422542));
#11514 = CARTESIAN_POINT('',(0.77313574894,0.260307214398));
#11515 = CARTESIAN_POINT('',(0.764199087153,0.260134931316));
#11516 = CARTESIAN_POINT('',(0.755101946728,0.259959554489));
#11517 = CARTESIAN_POINT('',(0.746054704704,0.259785139616));
#11518 = CARTESIAN_POINT('',(0.737109316021,0.259612688295));
#11519 = CARTESIAN_POINT('',(0.728106704766,0.259439133824));
#11520 = CARTESIAN_POINT('',(0.701088809185,0.258918276436));
#11521 = CARTESIAN_POINT('',(0.682946601677,0.258568526665));
#11522 = CARTESIAN_POINT('',(0.664571758515,0.258214292088));
#11523 = CARTESIAN_POINT('',(0.645870337251,0.257853761661));
#11524 = CARTESIAN_POINT('',(0.626756811529,0.257485286587));
#11525 = CARTESIAN_POINT('',(0.607154071075,0.257107380316));
#11526 = CARTESIAN_POINT('',(0.586993421705,0.256718718544));
#11527 = CARTESIAN_POINT('',(0.566214585319,0.256318139217));
#11528 = CARTESIAN_POINT('',(0.544765699906,0.255904642526));
#11529 = CARTESIAN_POINT('',(0.478278558816,0.254622887679));
#11530 = CARTESIAN_POINT('',(0.431135090531,0.253714044736));
#11531 = CARTESIAN_POINT('',(0.381221653675,0.252751801684));
#11532 = CARTESIAN_POINT('',(0.32828138534,0.251731206657));
#11533 = CARTESIAN_POINT('',(0.275067209654,0.25070533118));
#11534 = CARTESIAN_POINT('',(0.224164111002,0.249724009193));
#11535 = CARTESIAN_POINT('',(0.175677991697,0.248789282306));
#11536 = CARTESIAN_POINT('',(0.128456341599,0.247878932155));
#11537 = CARTESIAN_POINT('',(8.281147451389E-02,0.246998979601));
#11538 = CARTESIAN_POINT('',(-6.766247447649E-03,0.24527207907));
#11539 = CARTESIAN_POINT('',(-5.068176945856E-02,0.244425465239));
#11540 = CARTESIAN_POINT('',(-9.408639298162E-02,0.243588700631));
#11541 = CARTESIAN_POINT('',(-0.13748341006,0.242752082662));
#11542 = CARTESIAN_POINT('',(-0.181338407919,0.24190663563));
#11543 = CARTESIAN_POINT('',(-0.225951262889,0.24104657845));
#11544 = CARTESIAN_POINT('',(-0.271378684649,0.240170817858));
#11545 = CARTESIAN_POINT('',(-0.317407310768,0.239283467107));
#11546 = CARTESIAN_POINT('',(-0.363577351569,0.23839339013));
#11547 = CARTESIAN_POINT('',(-0.432096502154,0.237072461723));
#11548 = CARTESIAN_POINT('',(-0.454829466341,0.236634210257));
#11549 = CARTESIAN_POINT('',(-0.477385554769,0.236199368644));
#11550 = CARTESIAN_POINT('',(-0.499713315458,0.235768928787));
#11551 = CARTESIAN_POINT('',(-0.521779967535,0.235343522645));
#11552 = CARTESIAN_POINT('',(-0.543571401231,0.234923422227));
#11553 = CARTESIAN_POINT('',(-0.565092177885,0.234508539599));
#11554 = CARTESIAN_POINT('',(-0.58636552994,0.234098426882));
#11555 = CARTESIAN_POINT('',(-0.607433360945,0.233692276248));
#11556 = CARTESIAN_POINT('',(-0.638817687859,0.233087241763));
#11557 = CARTESIAN_POINT('',(-0.649258200586,0.232885967087));
#11558 = CARTESIAN_POINT('',(-0.659662800374,0.232685384749));
#11559 = CARTESIAN_POINT('',(-0.670029919857,0.232485524965));
#11560 = CARTESIAN_POINT('',(-0.680368458059,0.232286216178));
#11561 = CARTESIAN_POINT('',(-0.690694830775,0.23208714192));
#11562 = CARTESIAN_POINT('',(-0.701030020962,0.231887897677));
#11563 = CARTESIAN_POINT('',(-0.711396629129,0.231688047751));
#11564 = CARTESIAN_POINT('',(-0.721815923719,0.231487182123));
#11565 = CARTESIAN_POINT('',(-0.742793859289,0.231082764514));
#11566 = CARTESIAN_POINT('',(-0.753171769731,0.2308826967));
#11567 = CARTESIAN_POINT('',(-0.764446043264,0.230665348585));
#11568 = CARTESIAN_POINT('',(-0.772613942451,0.230507885891));
#11569 = CARTESIAN_POINT('',(-0.786311513496,0.230243820874));
#11570 = CARTESIAN_POINT('',(-0.79146758244,0.230144420956));
#11571 = CARTESIAN_POINT('',(-0.806894799505,0.229847011413));
#11572 = CARTESIAN_POINT('',(-0.818421312186,0.229624800572));
#11573 = CARTESIAN_POINT('',(-0.830541233283,0.229391149864));
#11574 = CARTESIAN_POINT('',(-0.841400856926,0.229181795469));
#11575 = ( GEOMETRIC_REPRESENTATION_CONTEXT(2) 
PARAMETRIC_REPRESENTATION_CONTEXT() REPRESENTATION_CONTEXT('2D SPACE',''
  ) );
#11576 = ORIENTED_EDGE('',*,*,#11577,.T.);
#11577 = EDGE_CURVE('',#8921,#9082,#11578,.T.);
#11578 = SURFACE_CURVE('',#11579,(#11583,#11589),.PCURVE_S1.);
#11579 = LINE('',#11580,#11581);
#11580 = CARTESIAN_POINT('',(3.866999414486E-16,15.,2.759360248912));
#11581 = VECTOR('',#11582,1.);
#11582 = DIRECTION('',(-1.,2.577999609657E-17,1.78562743526E-17));
#11583 = PCURVE('',#7913,#11584);
#11584 = DEFINITIONAL_REPRESENTATION('',(#11585),#11588);
#11585 = B_SPLINE_CURVE_WITH_KNOTS('',1,(#11586,#11587),.UNSPECIFIED.,
  .F.,.F.,(2,2),(-3.6,3.6),.PIECEWISE_BEZIER_KNOTS.);
#11586 = CARTESIAN_POINT('',(0.241922872253,-3.6));
#11587 = CARTESIAN_POINT('',(0.241922872253,3.6));
#11588 = ( GEOMETRIC_REPRESENTATION_CONTEXT(2) 
PARAMETRIC_REPRESENTATION_CONTEXT() REPRESENTATION_CONTEXT('2D SPACE',''
  ) );
#11589 = PCURVE('',#9253,#11590);
#11590 = DEFINITIONAL_REPRESENTATION('',(#11591),#11595);
#11591 = LINE('',#11592,#11593);
#11592 = CARTESIAN_POINT('',(5.006532858269E-16,-8.171241461241E-14));
#11593 = VECTOR('',#11594,1.);
#11594 = DIRECTION('',(-1.,2.577999609657E-17));
#11595 = ( GEOMETRIC_REPRESENTATION_CONTEXT(2) 
PARAMETRIC_REPRESENTATION_CONTEXT() REPRESENTATION_CONTEXT('2D SPACE',''
  ) );
#11596 = ORIENTED_EDGE('',*,*,#11597,.F.);
#11597 = EDGE_CURVE('',#9269,#9082,#11598,.T.);
#11598 = SURFACE_CURVE('',#11599,(#11602,#11608),.PCURVE_S1.);
#11599 = B_SPLINE_CURVE_WITH_KNOTS('',1,(#11600,#11601),.UNSPECIFIED.,
  .F.,.F.,(2,2),(0.,2.),.PIECEWISE_BEZIER_KNOTS.);
#11600 = CARTESIAN_POINT('',(-2.5,15.,2.759360248912));
#11601 = CARTESIAN_POINT('',(-0.5,15.,2.759360248912));
#11602 = PCURVE('',#7913,#11603);
#11603 = DEFINITIONAL_REPRESENTATION('',(#11604),#11607);
#11604 = B_SPLINE_CURVE_WITH_KNOTS('',1,(#11605,#11606),.UNSPECIFIED.,
  .F.,.F.,(2,2),(0.,2.),.PIECEWISE_BEZIER_KNOTS.);
#11605 = CARTESIAN_POINT('',(0.241922872253,2.5));
#11606 = CARTESIAN_POINT('',(0.241922872253,0.5));
#11607 = ( GEOMETRIC_REPRESENTATION_CONTEXT(2) 
PARAMETRIC_REPRESENTATION_CONTEXT() REPRESENTATION_CONTEXT('2D SPACE',''
  ) );
#11608 = PCURVE('',#9114,#11609);
#11609 = DEFINITIONAL_REPRESENTATION('',(#11610),#11643);
#11610 = B_SPLINE_CURVE_WITH_KNOTS('',11,(#11611,#11612,#11613,#11614,
    #11615,#11616,#11617,#11618,#11619,#11620,#11621,#11622,#11623,
    #11624,#11625,#11626,#11627,#11628,#11629,#11630,#11631,#11632,
    #11633,#11634,#11635,#11636,#11637,#11638,#11639,#11640,#11641,
    #11642),.UNSPECIFIED.,.F.,.F.,(12,10,10,12),(0.,0.5,1.,2.),
  .UNSPECIFIED.);
#11611 = CARTESIAN_POINT('',(-0.637609081282,0.365268710085));
#11612 = CARTESIAN_POINT('',(-0.610554812221,0.360569208698));
#11613 = CARTESIAN_POINT('',(-0.593259505175,0.357996481435));
#11614 = CARTESIAN_POINT('',(-0.543685796302,0.350495017882));
#11615 = CARTESIAN_POINT('',(-0.541070709909,0.351305969399));
#11616 = CARTESIAN_POINT('',(-0.502781828331,0.34624172562));
#11617 = CARTESIAN_POINT('',(-0.468690450108,0.342188951547));
#11618 = CARTESIAN_POINT('',(-0.456374671968,0.342013569877));
#11619 = CARTESIAN_POINT('',(-0.418245636613,0.337432933653));
#11620 = CARTESIAN_POINT('',(-0.395617133487,0.335623527547));
#11621 = CARTESIAN_POINT('',(-0.36794536145,0.332897229924));
#11622 = CARTESIAN_POINT('',(-0.314224633869,0.32761422825));
#11623 = CARTESIAN_POINT('',(-0.287463220876,0.324919488902));
#11624 = CARTESIAN_POINT('',(-0.260711044835,0.32211248012));
#11625 = CARTESIAN_POINT('',(-0.233891654359,0.319162457009));
#11626 = CARTESIAN_POINT('',(-0.206941860513,0.316066960694));
#11627 = CARTESIAN_POINT('',(-0.179811736822,0.312851818334));
#11628 = CARTESIAN_POINT('',(-0.152464619262,0.309571143105));
#11629 = CARTESIAN_POINT('',(-0.124877106268,0.306307334216));
#11630 = CARTESIAN_POINT('',(-9.703905872887E-02,0.303171076897));
#11631 = CARTESIAN_POINT('',(-6.895359999087E-02,0.300301342407));
#11632 = CARTESIAN_POINT('',(1.599585241861E-02,0.292993479271));
#11633 = CARTESIAN_POINT('',(7.451667650198E-02,0.2896141365));
#11634 = CARTESIAN_POINT('',(0.124464966692,0.288294095684));
#11635 = CARTESIAN_POINT('',(0.206629836629,0.288933065413));
#11636 = CARTESIAN_POINT('',(0.210456232725,0.28800767555));
#11637 = CARTESIAN_POINT('',(0.34214097764,0.290372764842));
#11638 = CARTESIAN_POINT('',(0.321954894973,0.28925430252));
#11639 = CARTESIAN_POINT('',(0.432045572807,0.291510354124));
#11640 = CARTESIAN_POINT('',(0.462001839741,0.29190373742));
#11641 = CARTESIAN_POINT('',(0.524930256261,0.293306731952));
#11642 = CARTESIAN_POINT('',(0.581537692541,0.294757111322));
#11643 = ( GEOMETRIC_REPRESENTATION_CONTEXT(2) 
PARAMETRIC_REPRESENTATION_CONTEXT() REPRESENTATION_CONTEXT('2D SPACE',''
  ) );
#11644 = FACE_BOUND('',#11645,.F.);
#11645 = EDGE_LOOP('',(#11646,#11669,#11670,#11691,#11692));
#11646 = ORIENTED_EDGE('',*,*,#11647,.T.);
#11647 = EDGE_CURVE('',#11648,#10074,#11650,.T.);
#11648 = VERTEX_POINT('',#11649);
#11649 = CARTESIAN_POINT('',(-8.510499679328,23.747096624574,
    7.326187717265));
#11650 = SURFACE_CURVE('',#11651,(#11655,#11662),.PCURVE_S1.);
#11651 = LINE('',#11652,#11653);
#11652 = CARTESIAN_POINT('',(-8.510499679325,23.747096624574,
    7.326187717265));
#11653 = VECTOR('',#11654,1.);
#11654 = DIRECTION('',(1.,-2.577999609657E-17,-1.78562743526E-17));
#11655 = PCURVE('',#7913,#11656);
#11656 = DEFINITIONAL_REPRESENTATION('',(#11657),#11661);
#11657 = LINE('',#11658,#11659);
#11658 = CARTESIAN_POINT('',(7.280506136158E-03,8.510499679325));
#11659 = VECTOR('',#11660,1.);
#11660 = DIRECTION('',(-0.,-1.));
#11661 = ( GEOMETRIC_REPRESENTATION_CONTEXT(2) 
PARAMETRIC_REPRESENTATION_CONTEXT() REPRESENTATION_CONTEXT('2D SPACE',''
  ) );
#11662 = PCURVE('',#10118,#11663);
#11663 = DEFINITIONAL_REPRESENTATION('',(#11664),#11668);
#11664 = LINE('',#11665,#11666);
#11665 = CARTESIAN_POINT('',(-0.,0.));
#11666 = VECTOR('',#11667,1.);
#11667 = DIRECTION('',(-0.,1.));
#11668 = ( GEOMETRIC_REPRESENTATION_CONTEXT(2) 
PARAMETRIC_REPRESENTATION_CONTEXT() REPRESENTATION_CONTEXT('2D SPACE',''
  ) );
#11669 = ORIENTED_EDGE('',*,*,#10173,.F.);
#11670 = ORIENTED_EDGE('',*,*,#11671,.T.);
#11671 = EDGE_CURVE('',#10138,#10639,#11672,.T.);
#11672 = SURFACE_CURVE('',#11673,(#11677,#11684),.PCURVE_S1.);
#11673 = LINE('',#11674,#11675);
#11674 = CARTESIAN_POINT('',(9.476188454132,-23.74709662457,
    7.326187717265));
#11675 = VECTOR('',#11676,1.);
#11676 = DIRECTION('',(-1.,2.577999609657E-17,1.78562743526E-17));
#11677 = PCURVE('',#7913,#11678);
#11678 = DEFINITIONAL_REPRESENTATION('',(#11679),#11683);
#11679 = LINE('',#11680,#11681);
#11680 = CARTESIAN_POINT('',(1.204258967364,-9.476188454132));
#11681 = VECTOR('',#11682,1.);
#11682 = DIRECTION('',(0.,1.));
#11683 = ( GEOMETRIC_REPRESENTATION_CONTEXT(2) 
PARAMETRIC_REPRESENTATION_CONTEXT() REPRESENTATION_CONTEXT('2D SPACE',''
  ) );
#11684 = PCURVE('',#10982,#11685);
#11685 = DEFINITIONAL_REPRESENTATION('',(#11686),#11690);
#11686 = LINE('',#11687,#11688);
#11687 = CARTESIAN_POINT('',(-0.,1.7763568394E-15));
#11688 = VECTOR('',#11689,1.);
#11689 = DIRECTION('',(-0.,1.));
#11690 = ( GEOMETRIC_REPRESENTATION_CONTEXT(2) 
PARAMETRIC_REPRESENTATION_CONTEXT() REPRESENTATION_CONTEXT('2D SPACE',''
  ) );
#11691 = ORIENTED_EDGE('',*,*,#10691,.T.);
#11692 = ORIENTED_EDGE('',*,*,#11693,.T.);
#11693 = EDGE_CURVE('',#10671,#11648,#11694,.T.);
#11694 = SURFACE_CURVE('',#11695,(#11724,#11756),.PCURVE_S1.);
#11695 = ( BOUNDED_CURVE() B_SPLINE_CURVE(14,(#11696,#11697,#11698,
    #11699,#11700,#11701,#11702,#11703,#11704,#11705,#11706,#11707,
    #11708,#11709,#11710,#11711,#11712,#11713,#11714,#11715,#11716,
    #11717,#11718,#11719,#11720,#11721,#11722,#11723),.UNSPECIFIED.,.F.,
.F.) B_SPLINE_CURVE_WITH_KNOTS((15,13,15),(70.597765408033,
71.126509181464,71.596706173599),.UNSPECIFIED.) CURVE() 
GEOMETRIC_REPRESENTATION_ITEM() RATIONAL_B_SPLINE_CURVE((1.,
    1.000000000001,0.999999999998,1.000000000007,0.999999999986,
    1.000000000022,0.999999999972,1.000000000029,0.999999999976,
    1.000000000016,0.999999999991,1.000000000004,0.999999999999,1.,1.,1.
    ,1.000000000001,0.999999999998,1.000000000004,0.999999999993,
    1.000000000009,0.999999999991,1.000000000007,0.999999999995,
1.000000000002,0.999999999999,1.,1.)) REPRESENTATION_ITEM('') );
#11696 = CARTESIAN_POINT('',(-8.655118340616,23.336943351638,
    7.050006054097));
#11697 = CARTESIAN_POINT('',(-8.665747687894,23.363023856267,
    7.06734620692));
#11698 = CARTESIAN_POINT('',(-8.673305677789,23.388040210839,
    7.084008928958));
#11699 = CARTESIAN_POINT('',(-8.679387425977,23.41259214271,
    7.100389069729));
#11700 = CARTESIAN_POINT('',(-8.683274578601,23.436307444452,
    7.116238368956));
#11701 = CARTESIAN_POINT('',(-8.686532749954,23.459782831241,
    7.131950102067));
#11702 = CARTESIAN_POINT('',(-8.687379855112,23.482243932233,
    7.147009505912));
#11703 = CARTESIAN_POINT('',(-8.688110958393,23.504540505178,
    7.161977476412));
#11704 = CARTESIAN_POINT('',(-8.686685690682,23.525743251305,
    7.176235264258));
#11705 = CARTESIAN_POINT('',(-8.684733537858,23.546587834385,
    7.190269110167));
#11706 = CARTESIAN_POINT('',(-8.681305830344,23.566482051738,
    7.203682826036));
#11707 = CARTESIAN_POINT('',(-8.676952546397,23.585639356563,
    7.216615260972));
#11708 = CARTESIAN_POINT('',(-8.671498658405,23.603890193249,
    7.228950765049));
#11709 = CARTESIAN_POINT('',(-8.665032340374,23.621198334106,
    7.240662049118));
#11710 = CARTESIAN_POINT('',(-8.650956041924,23.651966749773,
    7.261502255954));
#11711 = CARTESIAN_POINT('',(-8.643554024764,23.665642440764,
    7.270774560571));
#11712 = CARTESIAN_POINT('',(-8.635400189651,23.678457587757,
    7.279471763317));
#11713 = CARTESIAN_POINT('',(-8.626526414625,23.690354907291,
    7.287553300474));
#11714 = CARTESIAN_POINT('',(-8.616971934609,23.701275223431,
    7.294977270913));
#11715 = CARTESIAN_POINT('',(-8.606783368072,23.711159180664,
    7.30170164893));
#11716 = CARTESIAN_POINT('',(-8.596014743827,23.719948956827,
    7.307685497079));
#11717 = CARTESIAN_POINT('',(-8.584727527629,23.727589976003,
    7.312890179013));
#11718 = CARTESIAN_POINT('',(-8.57299064903,23.734032621443,
    7.317280572313));
#11719 = CARTESIAN_POINT('',(-8.56088052795,23.739233948471,
    7.320826281332));
#11720 = CARTESIAN_POINT('',(-8.548481101514,23.743159397396,
    7.323502850021));
#11721 = CARTESIAN_POINT('',(-8.53588385068,23.745784506426,
    7.325292974777));
#11722 = CARTESIAN_POINT('',(-8.523187827003,23.747096624574,
    7.326187717265));
#11723 = CARTESIAN_POINT('',(-8.510499679328,23.747096624574,
    7.326187717265));
#11724 = PCURVE('',#7913,#11725);
#11725 = DEFINITIONAL_REPRESENTATION('',(#11726),#11755);
#11726 = B_SPLINE_CURVE_WITH_KNOTS('',14,(#11727,#11728,#11729,#11730,
    #11731,#11732,#11733,#11734,#11735,#11736,#11737,#11738,#11739,
    #11740,#11741,#11742,#11743,#11744,#11745,#11746,#11747,#11748,
    #11749,#11750,#11751,#11752,#11753,#11754),.UNSPECIFIED.,.F.,.F.,(15
    ,13,15),(70.597765408033,71.126509181464,71.596706173599),
  .UNSPECIFIED.);
#11727 = CARTESIAN_POINT('',(1.901180599399E-02,8.655118340616));
#11728 = CARTESIAN_POINT('',(1.826877154594E-02,8.665747687899));
#11729 = CARTESIAN_POINT('',(1.755565950637E-02,8.673305677764));
#11730 = CARTESIAN_POINT('',(1.68554342241E-02,8.679387426049));
#11731 = CARTESIAN_POINT('',(1.617870991169E-02,8.683274578454));
#11732 = CARTESIAN_POINT('',(1.550853124377E-02,8.686532750187));
#11733 = CARTESIAN_POINT('',(1.486695863329E-02,8.687379854815));
#11734 = CARTESIAN_POINT('',(1.422983577536E-02,8.688110958699));
#11735 = CARTESIAN_POINT('',(1.362365005734E-02,8.686685690422));
#11736 = CARTESIAN_POINT('',(1.3027480044E-02,8.684733538038));
#11737 = CARTESIAN_POINT('',(1.245822988775E-02,8.681305830243));
#11738 = CARTESIAN_POINT('',(1.190985871631E-02,8.676952546442));
#11739 = CARTESIAN_POINT('',(1.138723570365E-02,8.671498658391));
#11740 = CARTESIAN_POINT('',(1.089143532467E-02,8.665032340376));
#11741 = CARTESIAN_POINT('',(1.000977606405E-02,8.650956041922));
#11742 = CARTESIAN_POINT('',(9.617778096776E-03,8.643554024767));
#11743 = CARTESIAN_POINT('',(9.250335330097E-03,8.635400189646));
#11744 = CARTESIAN_POINT('',(8.909112621191E-03,8.62652641463));
#11745 = CARTESIAN_POINT('',(8.595829833573E-03,8.616971934612));
#11746 = CARTESIAN_POINT('',(8.312212045786E-03,8.606783368056));
#11747 = CARTESIAN_POINT('',(8.059939762062E-03,8.596014743858));
#11748 = CARTESIAN_POINT('',(7.840599119647E-03,8.58472752759));
#11749 = CARTESIAN_POINT('',(7.655632100808E-03,8.572990649066));
#11750 = CARTESIAN_POINT('',(7.5062867393E-03,8.560880527925));
#11751 = CARTESIAN_POINT('',(7.393567332389E-03,8.548481101527));
#11752 = CARTESIAN_POINT('',(7.318184648151E-03,8.535883850675));
#11753 = CARTESIAN_POINT('',(7.280506136163E-03,8.523187827004));
#11754 = CARTESIAN_POINT('',(7.280506136158E-03,8.510499679328));
#11755 = ( GEOMETRIC_REPRESENTATION_CONTEXT(2) 
PARAMETRIC_REPRESENTATION_CONTEXT() REPRESENTATION_CONTEXT('2D SPACE',''
  ) );
#11756 = PCURVE('',#10543,#11757);
#11757 = DEFINITIONAL_REPRESENTATION('',(#11758),#11762);
#11758 = LINE('',#11759,#11760);
#11759 = CARTESIAN_POINT('',(0.,0.));
#11760 = VECTOR('',#11761,1.);
#11761 = DIRECTION('',(0.,1.));
#11762 = ( GEOMETRIC_REPRESENTATION_CONTEXT(2) 
PARAMETRIC_REPRESENTATION_CONTEXT() REPRESENTATION_CONTEXT('2D SPACE',''
  ) );
#11763 = ADVANCED_FACE('',(#11764),#8027,.F.);
#11764 = FACE_BOUND('',#11765,.F.);
#11765 = EDGE_LOOP('',(#11766,#11767));
#11766 = ORIENTED_EDGE('',*,*,#11313,.T.);
#11767 = ORIENTED_EDGE('',*,*,#8012,.T.);
#11768 = ADVANCED_FACE('',(#11769),#8065,.T.);
#11769 = FACE_BOUND('',#11770,.F.);
#11770 = EDGE_LOOP('',(#11771,#11772));
#11771 = ORIENTED_EDGE('',*,*,#8044,.T.);
#11772 = ORIENTED_EDGE('',*,*,#11773,.F.);
#11773 = EDGE_CURVE('',#8045,#8047,#11774,.T.);
#11774 = SURFACE_CURVE('',#11775,(#11910,#11972),.PCURVE_S1.);
#11775 = ( BOUNDED_CURVE() B_SPLINE_CURVE(13,(#11776,#11777,#11778,
    #11779,#11780,#11781,#11782,#11783,#11784,#11785,#11786,#11787,
    #11788,#11789,#11790,#11791,#11792,#11793,#11794,#11795,#11796,
    #11797,#11798,#11799,#11800,#11801,#11802,#11803,#11804,#11805,
    #11806,#11807,#11808,#11809,#11810,#11811,#11812,#11813,#11814,
    #11815,#11816,#11817,#11818,#11819,#11820,#11821,#11822,#11823,
    #11824,#11825,#11826,#11827,#11828,#11829,#11830,#11831,#11832,
    #11833,#11834,#11835,#11836,#11837,#11838,#11839,#11840,#11841,
    #11842,#11843,#11844,#11845,#11846,#11847,#11848,#11849,#11850,
    #11851,#11852,#11853,#11854,#11855,#11856,#11857,#11858,#11859,
    #11860,#11861,#11862,#11863,#11864,#11865,#11866,#11867,#11868,
    #11869,#11870,#11871,#11872,#11873,#11874,#11875,#11876,#11877,
    #11878,#11879,#11880,#11881,#11882,#11883,#11884,#11885,#11886,
    #11887,#11888,#11889,#11890,#11891,#11892,#11893,#11894,#11895,
    #11896,#11897,#11898,#11899,#11900,#11901,#11902,#11903,#11904,
    #11905,#11906,#11907,#11908,#11909),.UNSPECIFIED.,.F.,.F.) 
B_SPLINE_CURVE_WITH_KNOTS((14,12,12,12,12,12,12,12,12,12,12,14),(
    -0.127353863235,-0.123374055009,-0.119394246783,-0.111434630331,
    -9.551539742648E-02,-6.367693161765E-02,0.,0.474869567417,
    1.077092998069,2.640347819844,4.87948090291,8.742620740812),
.UNSPECIFIED.) CURVE() GEOMETRIC_REPRESENTATION_ITEM() 
RATIONAL_B_SPLINE_CURVE((1.,1.,1.,1.000000000001,0.999999999998,
    1.000000000003,0.999999999996,1.000000000004,0.999999999997,
    1.000000000002,0.999999999999,1.000000000001,1.,1.,0.999999999998,
    1.000000000004,0.999999999991,1.000000000013,0.999999999985,
    1.000000000014,0.999999999989,1.000000000006,0.999999999997,
    1.000000000001,1.,1.,1.,0.999999999999,1.000000000002,0.999999999996
    ,1.000000000005,0.999999999996,1.000000000003,0.999999999998,
    1.000000000001,1.,1.,1.,1.,1.,1.,0.999999999999,1.000000000001,
    0.999999999999,1.000000000001,0.999999999999,1.,1.,1.,1.,
    1.000000000001,0.999999999997,1.000000000005,0.999999999992,
    1.00000000001,0.99999999999,1.000000000008,0.999999999995,
    1.000000000002,0.999999999999,1.,1.,1.000000000001,0.999999999999,
    1.000000000002,0.999999999997,1.000000000003,0.999999999997,
    1.000000000002,0.999999999999,1.000000000001,1.,1.,1.,1.000000000001
    ,0.999999999998,1.000000000004,0.999999999994,1.000000000007,
    0.999999999993,1.000000000005,0.999999999997,1.000000000001,1.,1.,1.
    ,1.,0.999999999999,1.000000000002,0.999999999998,1.000000000003,
    0.999999999997,1.000000000002,0.999999999999,1.000000000001,1.,1.,1.
    ,0.999999999999,1.000000000002,0.999999999997,1.000000000004,
    0.999999999995,1.000000000005,0.999999999996,1.000000000002,
    0.999999999999,1.,1.,1.,0.999999999999,1.000000000002,0.999999999997
    ,1.000000000004,0.999999999996,1.000000000003,0.999999999998,
    1.000000000001,0.999999999999,1.,1.,1.,1.,1.,1.000000000001,
    0.999999999998,1.000000000003,0.999999999996,1.000000000003,
0.999999999998,1.000000000001,1.,1.,1.)) REPRESENTATION_ITEM('') );
#11776 = CARTESIAN_POINT('',(2.600416093111,-14.78082313674,
    3.678549645199));
#11777 = CARTESIAN_POINT('',(2.6003976063,-14.78054556177,3.678409535308
    ));
#11778 = CARTESIAN_POINT('',(2.600361093569,-14.78051882425,
    3.679386561615));
#11779 = CARTESIAN_POINT('',(2.600429717978,-14.77918809972,
    3.674225239805));
#11780 = CARTESIAN_POINT('',(2.600189582717,-14.78168462522,
    3.687081587973));
#11781 = CARTESIAN_POINT('',(2.600570947727,-14.77647737578,
    3.663668363618));
#11782 = CARTESIAN_POINT('',(2.600029461241,-14.78270711659,
    3.694103346238));
#11783 = CARTESIAN_POINT('',(2.600527846839,-14.77604999099,
    3.663861391085));
#11784 = CARTESIAN_POINT('',(2.600129195138,-14.78050816886,
    3.68595670509));
#11785 = CARTESIAN_POINT('',(2.600319347962,-14.77767022631,3.6736967629
    ));
#11786 = CARTESIAN_POINT('',(2.600221576596,-14.77839936842,
    3.678233507395));
#11787 = CARTESIAN_POINT('',(2.600223898202,-14.77788803131,
    3.676928961981));
#11788 = CARTESIAN_POINT('',(2.60020375615,-14.77765464624,
    3.676933271396));
#11789 = CARTESIAN_POINT('',(2.600168362393,-14.77712657679,
    3.676653208606));
#11790 = CARTESIAN_POINT('',(2.600150636437,-14.77686254576,
    3.676513183762));
#11791 = CARTESIAN_POINT('',(2.600132881397,-14.77659851843,
    3.676373165469));
#11792 = CARTESIAN_POINT('',(2.600115097294,-14.7763344948,
    3.676233153726));
#11793 = CARTESIAN_POINT('',(2.600097284085,-14.77607047487,
    3.676093148533));
#11794 = CARTESIAN_POINT('',(2.600079441842,-14.77580645863,
    3.67595314989));
#11795 = CARTESIAN_POINT('',(2.600061570473,-14.7755424461,
    3.675813157797));
#11796 = CARTESIAN_POINT('',(2.600043670078,-14.77527843726,
    3.675673172251));
#11797 = CARTESIAN_POINT('',(2.600025740568,-14.77501443213,
    3.675533193256));
#11798 = CARTESIAN_POINT('',(2.600007782011,-14.77475043068,
    3.675393220808));
#11799 = CARTESIAN_POINT('',(2.599989794367,-14.77448643294,
    3.675253254909));
#11800 = CARTESIAN_POINT('',(2.599971777655,-14.7742224389,
    3.675113295558));
#11801 = CARTESIAN_POINT('',(2.5999176403,-14.77343046786,3.674693437147
    ));
#11802 = CARTESIAN_POINT('',(2.599881432442,-14.77290250196,
    3.67441355773));
#11803 = CARTESIAN_POINT('',(2.5998451083,-14.77237455086,3.674133704502
    ));
#11804 = CARTESIAN_POINT('',(2.59980866788,-14.77184661455,
    3.673853877458));
#11805 = CARTESIAN_POINT('',(2.599772111186,-14.77131869304,
    3.673574076602));
#11806 = CARTESIAN_POINT('',(2.599735438225,-14.77079078632,
    3.673294301923));
#11807 = CARTESIAN_POINT('',(2.599698648999,-14.7702628944,
    3.673014553432));
#11808 = CARTESIAN_POINT('',(2.599661743516,-14.76973501728,
    3.672734831112));
#11809 = CARTESIAN_POINT('',(2.599624721778,-14.76920715496,
    3.672455134975));
#11810 = CARTESIAN_POINT('',(2.599587583793,-14.76867930744,
    3.672175465009));
#11811 = CARTESIAN_POINT('',(2.599550329563,-14.76815147472,
    3.671895821219));
#11812 = CARTESIAN_POINT('',(2.599512959096,-14.76762365681,
    3.671616203599));
#11813 = CARTESIAN_POINT('',(2.599400498991,-14.76604024748,
    3.670777429247));
#11814 = CARTESIAN_POINT('',(2.599325060654,-14.76498470046,
    3.670218351014));
#11815 = CARTESIAN_POINT('',(2.599249157424,-14.76392921267,
    3.669659377448));
#11816 = CARTESIAN_POINT('',(2.59917278933,-14.76287378413,3.66910050853
    ));
#11817 = CARTESIAN_POINT('',(2.599095956434,-14.76181841486,
    3.668541744274));
#11818 = CARTESIAN_POINT('',(2.599018658732,-14.76076310488,
    3.667983084639));
#11819 = CARTESIAN_POINT('',(2.598940896322,-14.75970785423,
    3.667424529664));
#11820 = CARTESIAN_POINT('',(2.598862669174,-14.75865266292,
    3.666866079289));
#11821 = CARTESIAN_POINT('',(2.598783977391,-14.75759753097,
    3.666307733557));
#11822 = CARTESIAN_POINT('',(2.598704820961,-14.75654245841,
    3.665749492422));
#11823 = CARTESIAN_POINT('',(2.598625199955,-14.75548744527,
    3.665191355901));
#11824 = CARTESIAN_POINT('',(2.598545114395,-14.75443249156,
    3.664633323976));
#11825 = CARTESIAN_POINT('',(2.598303464184,-14.7512678088,
    3.662959541976));
#11826 = CARTESIAN_POINT('',(2.598140506006,-14.74915825791,
    3.661844105554));
#11827 = CARTESIAN_POINT('',(2.597975690086,-14.74704894505,
    3.660729087452));
#11828 = CARTESIAN_POINT('',(2.597809016712,-14.74493987066,
    3.659614487736));
#11829 = CARTESIAN_POINT('',(2.597640486191,-14.74283103517,
    3.658500306491));
#11830 = CARTESIAN_POINT('',(2.597470098794,-14.740722439,3.657386543767
    ));
#11831 = CARTESIAN_POINT('',(2.59729785485,-14.7386140826,3.656273199668
    ));
#11832 = CARTESIAN_POINT('',(2.597123754607,-14.73650596637,
    3.65516027423));
#11833 = CARTESIAN_POINT('',(2.596947798407,-14.73439809076,
    3.65404776756));
#11834 = CARTESIAN_POINT('',(2.596769986503,-14.7322904562,
    3.652935679704));
#11835 = CARTESIAN_POINT('',(2.596590319218,-14.7301830631,3.65182401075
    ));
#11836 = CARTESIAN_POINT('',(2.596408796829,-14.72807591191,
    3.650712760763));
#11837 = CARTESIAN_POINT('',(2.595858665252,-14.72175518534,
    3.647380267927));
#11838 = CARTESIAN_POINT('',(2.595484491426,-14.71754233319,
    3.64516028021));
#11839 = CARTESIAN_POINT('',(2.595102900553,-14.71333045405,
    3.642941969378));
#11840 = CARTESIAN_POINT('',(2.594713895016,-14.70911955537,
    3.640725338137));
#11841 = CARTESIAN_POINT('',(2.594317477222,-14.70490964463,
    3.638510389202));
#11842 = CARTESIAN_POINT('',(2.593913649537,-14.70070072925,
    3.636297125275));
#11843 = CARTESIAN_POINT('',(2.593502414385,-14.69649281672,
    3.634085549075));
#11844 = CARTESIAN_POINT('',(2.593083774123,-14.69228591444,
    3.631875663301));
#11845 = CARTESIAN_POINT('',(2.592657731172,-14.68808002993,
    3.629667470672));
#11846 = CARTESIAN_POINT('',(2.592224287902,-14.68387517059,
    3.627460973891));
#11847 = CARTESIAN_POINT('',(2.591783446716,-14.6796713439,
    3.625256175671));
#11848 = CARTESIAN_POINT('',(2.59133521,-14.67546855731,3.623053078721)
  );
#11849 = CARTESIAN_POINT('',(2.58748172875,-14.6399324253,3.604434837427
    ));
#11850 = CARTESIAN_POINT('',(2.583672719091,-14.60865613874,
    3.588113012902));
#11851 = CARTESIAN_POINT('',(2.579453586986,-14.57744222144,
    3.571887742874));
#11852 = CARTESIAN_POINT('',(2.574825368265,-14.5462949362,
    3.555760558034));
#11853 = CARTESIAN_POINT('',(2.569789098726,-14.51521854588,
    3.539732989092));
#11854 = CARTESIAN_POINT('',(2.564345814223,-14.48421731327,
    3.523806566726));
#11855 = CARTESIAN_POINT('',(2.55849655053,-14.45329550125,
    3.507982821657));
#11856 = CARTESIAN_POINT('',(2.552242343516,-14.42245737259,
    3.492263284557));
#11857 = CARTESIAN_POINT('',(2.545584228955,-14.39170719018,
    3.476649486146));
#11858 = CARTESIAN_POINT('',(2.538523242701,-14.3610492168,
    3.461142957105));
#11859 = CARTESIAN_POINT('',(2.531060420552,-14.3304877153,3.44574522814
    ));
#11860 = CARTESIAN_POINT('',(2.523196798339,-14.3000269485,
    3.430457829945));
#11861 = CARTESIAN_POINT('',(2.504453892265,-14.23117438611,
    3.396036874229));
#11862 = CARTESIAN_POINT('',(2.493330545612,-14.19284614405,
    3.376971501689));
#11863 = CARTESIAN_POINT('',(2.481566122431,-14.15469616016,
    3.358088985034));
#11864 = CARTESIAN_POINT('',(2.469163373252,-14.11673414149,
    3.339392133695));
#11865 = CARTESIAN_POINT('',(2.456125048571,-14.07896979512,
    3.32088375711));
#11866 = CARTESIAN_POINT('',(2.442453898945,-14.04141282811,
    3.302566664709));
#11867 = CARTESIAN_POINT('',(2.428152674839,-14.00407294754,
    3.284443665932));
#11868 = CARTESIAN_POINT('',(2.413224126834,-13.96695986046,
    3.266517570206));
#11869 = CARTESIAN_POINT('',(2.397671005391,-13.93008327396,
    3.248791186972));
#11870 = CARTESIAN_POINT('',(2.381496061072,-13.89345289511,
    3.23126732566));
#11871 = CARTESIAN_POINT('',(2.364702044368,-13.85707843096,
    3.213948795707));
#11872 = CARTESIAN_POINT('',(2.347291705813,-13.8209695886,
    3.196838406545));
#11873 = CARTESIAN_POINT('',(2.282481233633,-13.6921192479,
    3.136071313088));
#11874 = CARTESIAN_POINT('',(2.231574901438,-13.60095261784,
    3.093621872899));
#11875 = CARTESIAN_POINT('',(2.176602847946,-13.51182779008,
    3.052638254611));
#11876 = CARTESIAN_POINT('',(2.117631921486,-13.42493491095,
    3.013165629422));
#11877 = CARTESIAN_POINT('',(2.054741770091,-13.34046266794,
    2.975246732156));
#11878 = CARTESIAN_POINT('',(1.988024841511,-13.25859828969,
    2.938921861271));
#11879 = CARTESIAN_POINT('',(1.9175863832,-13.179527546,2.904228878852)
  );
#11880 = CARTESIAN_POINT('',(1.84354444233,-13.10343474783,
    2.871203210613));
#11881 = CARTESIAN_POINT('',(1.766029865775,-13.0305027473,
    2.839877845899));
#11882 = CARTESIAN_POINT('',(1.685186300128,-12.96091293769,
    2.810283337685));
#11883 = CARTESIAN_POINT('',(1.601170191687,-12.89484525344,
    2.782447802573));
#11884 = CARTESIAN_POINT('',(1.514150786463,-12.83247817013,
    2.756396920797));
#11885 = CARTESIAN_POINT('',(1.295626576548,-12.69021112994,
    2.697429419115));
#11886 = CARTESIAN_POINT('',(1.161278790116,-12.61436323265,
    2.66641363251));
#11887 = CARTESIAN_POINT('',(1.021313209733,-12.54689660836,
    2.639158984331));
#11888 = CARTESIAN_POINT('',(0.876955565502,-12.48833124703,
    2.615755095831));
#11889 = CARTESIAN_POINT('',(0.728971804737,-12.43902971171,
    2.596235530007));
#11890 = CARTESIAN_POINT('',(0.577619231251,-12.39923753456,
    2.580597635217));
#11891 = CARTESIAN_POINT('',(0.423185306825,-12.36919025322,
    2.56885145519));
#11892 = CARTESIAN_POINT('',(0.266439122681,-12.34916298826,
    2.561045094916));
#11893 = CARTESIAN_POINT('',(0.10864810802,-12.33941394087,
    2.557245370159));
#11894 = CARTESIAN_POINT('',(-4.885989858692E-02,-12.34004866744,
    2.557484006586));
#11895 = CARTESIAN_POINT('',(-0.205281529694,-12.35090746622,
    2.561711092792));
#11896 = CARTESIAN_POINT('',(-0.360434477497,-12.37165368861,
    2.569828929725));
#11897 = CARTESIAN_POINT('',(-0.77731706517,-12.45521791212,
    2.602755610264));
#11898 = CARTESIAN_POINT('',(-1.034762120861,-12.53746173321,
    2.63533240018));
#11899 = CARTESIAN_POINT('',(-1.281757333336,-12.64807473096,
    2.679543246345));
#11900 = CARTESIAN_POINT('',(-1.514588563361,-12.78536313204,
    2.735223639028));
#11901 = CARTESIAN_POINT('',(-1.729969130153,-12.94705729038,
    2.802121422926));
#11902 = CARTESIAN_POINT('',(-1.925139655062,-13.13047290859,
    2.879883678463));
#11903 = CARTESIAN_POINT('',(-2.097910574353,-13.33267756757,
    2.968051366175));
#11904 = CARTESIAN_POINT('',(-2.24665092438,-13.55065155359,
    3.066061499565));
#11905 = CARTESIAN_POINT('',(-2.370227001156,-13.78143197142,
    3.173256611565));
#11906 = CARTESIAN_POINT('',(-2.467894497706,-14.02222913269,
    3.288901280015));
#11907 = CARTESIAN_POINT('',(-2.539147721317,-14.27050420849,
    3.41220547732));
#11908 = CARTESIAN_POINT('',(-2.58352949381,-14.5239971349,
    3.542354509633));
#11909 = CARTESIAN_POINT('',(-2.600405337268,-14.7806937607,
    3.678545310794));
#11910 = PCURVE('',#8065,#11911);
#11911 = DEFINITIONAL_REPRESENTATION('',(#11912),#11971);
#11912 = B_SPLINE_CURVE_WITH_KNOTS('',9,(#11913,#11914,#11915,#11916,
    #11917,#11918,#11919,#11920,#11921,#11922,#11923,#11924,#11925,
    #11926,#11927,#11928,#11929,#11930,#11931,#11932,#11933,#11934,
    #11935,#11936,#11937,#11938,#11939,#11940,#11941,#11942,#11943,
    #11944,#11945,#11946,#11947,#11948,#11949,#11950,#11951,#11952,
    #11953,#11954,#11955,#11956,#11957,#11958,#11959,#11960,#11961,
    #11962,#11963,#11964,#11965,#11966,#11967,#11968,#11969,#11970),
  .UNSPECIFIED.,.F.,.F.,(10,8,8,8,8,8,8,10),(2.510226377847,
    2.735142510081,2.960058642316,3.409890906786,4.309555435724,
    4.759387700194,5.209219964663,6.108884493602),.UNSPECIFIED.);
#11913 = CARTESIAN_POINT('',(-0.957740702032,-10.25936008002));
#11914 = CARTESIAN_POINT('',(-0.966153806043,-10.25394877747));
#11915 = CARTESIAN_POINT('',(-0.974570208084,-10.24861765577));
#11916 = CARTESIAN_POINT('',(-0.982992495025,-10.24336689844));
#11917 = CARTESIAN_POINT('',(-0.991412269267,-10.23819687708));
#11918 = CARTESIAN_POINT('',(-0.999845576315,-10.2331071568));
#11919 = CARTESIAN_POINT('',(-1.008274955307,-10.22809916794));
#11920 = CARTESIAN_POINT('',(-1.016709123961,-10.22317196691));
#11921 = CARTESIAN_POINT('',(-1.025147105096,-10.2183263705));
#11922 = CARTESIAN_POINT('',(-1.042030325863,-10.20879849152));
#11923 = CARTESIAN_POINT('',(-1.050475708266,-10.20411623083));
#11924 = CARTESIAN_POINT('',(-1.058924900468,-10.19951587381));
#11925 = CARTESIAN_POINT('',(-1.067377899283,-10.19499763816));
#11926 = CARTESIAN_POINT('',(-1.075834660559,-10.19056173448));
#11927 = CARTESIAN_POINT('',(-1.084295099173,-10.18620836617));
#11928 = CARTESIAN_POINT('',(-1.09275908904,-10.18193772954));
#11929 = CARTESIAN_POINT('',(-1.101226463103,-10.17775001373));
#11930 = CARTESIAN_POINT('',(-1.12663811382,-10.16543617475));
#11931 = CARTESIAN_POINT('',(-1.14359216261,-10.15755934083));
#11932 = CARTESIAN_POINT('',(-1.160557739293,-10.15001635594));
#11933 = CARTESIAN_POINT('',(-1.177533927977,-10.14280847345));
#11934 = CARTESIAN_POINT('',(-1.194520264453,-10.13593677687));
#11935 = CARTESIAN_POINT('',(-1.211516683337,-10.12940221336));
#11936 = CARTESIAN_POINT('',(-1.22852346523,-10.1232056274));
#11937 = CARTESIAN_POINT('',(-1.24554118386,-10.11734779437));
#11938 = CARTESIAN_POINT('',(-1.296629591994,-10.1007927738));
#11939 = CARTESIAN_POINT('',(-1.330735149793,-10.09111421798));
#11940 = CARTESIAN_POINT('',(-1.364892698572,-10.08279937262));
#11941 = CARTESIAN_POINT('',(-1.399107825713,-10.0758544089));
#11942 = CARTESIAN_POINT('',(-1.433377927868,-10.07028637238));
#11943 = CARTESIAN_POINT('',(-1.467689209603,-10.06610269417));
#11944 = CARTESIAN_POINT('',(-1.502019086806,-10.06330992401));
#11945 = CARTESIAN_POINT('',(-1.536343994904,-10.06191168548));
#11946 = CARTESIAN_POINT('',(-1.587806905341,-10.06190293688));
#11947 = CARTESIAN_POINT('',(-1.604957162155,-10.06224810563));
#11948 = CARTESIAN_POINT('',(-1.622101434578,-10.06294134938));
#11949 = CARTESIAN_POINT('',(-1.63923873656,-10.06398218665));
#11950 = CARTESIAN_POINT('',(-1.65636883643,-10.06536985181));
#11951 = CARTESIAN_POINT('',(-1.673492059601,-10.06710348256));
#11952 = CARTESIAN_POINT('',(-1.690609091264,-10.06918230735));
#11953 = CARTESIAN_POINT('',(-1.707720779099,-10.07160583275));
#11954 = CARTESIAN_POINT('',(-1.741935092845,-10.07714222914));
#11955 = CARTESIAN_POINT('',(-1.759037764868,-10.08025468946));
#11956 = CARTESIAN_POINT('',(-1.776136052826,-10.08371403914));
#11957 = CARTESIAN_POINT('',(-1.79322898223,-10.08751908223));
#11958 = CARTESIAN_POINT('',(-1.810315382166,-10.09166782905));
#11959 = CARTESIAN_POINT('',(-1.827394372308,-10.09615916414));
#11960 = CARTESIAN_POINT('',(-1.844465458072,-10.10099315273));
#11961 = CARTESIAN_POINT('',(-1.86152823392,-10.10616998573));
#11962 = CARTESIAN_POINT('',(-1.912688616616,-10.1227227181));
#11963 = CARTESIAN_POINT('',(-1.946758940668,-10.13512244889));
#11964 = CARTESIAN_POINT('',(-1.98078568123,-10.14887868164));
#11965 = CARTESIAN_POINT('',(-2.014770606476,-10.1639871901));
#11966 = CARTESIAN_POINT('',(-2.048695485189,-10.18042935361));
#11967 = CARTESIAN_POINT('',(-2.082577770094,-10.19820713856));
#11968 = CARTESIAN_POINT('',(-2.116392815239,-10.21729399859));
#11969 = CARTESIAN_POINT('',(-2.150153889423,-10.23768519216));
#11970 = CARTESIAN_POINT('',(-2.18385245055,-10.25936018798));
#11971 = ( GEOMETRIC_REPRESENTATION_CONTEXT(2) 
PARAMETRIC_REPRESENTATION_CONTEXT() REPRESENTATION_CONTEXT('2D SPACE',''
  ) );
#11972 = PCURVE('',#8150,#11973);
#11973 = DEFINITIONAL_REPRESENTATION('',(#11974),#11978);
#11974 = LINE('',#11975,#11976);
#11975 = CARTESIAN_POINT('',(8.869974604048,0.));
#11976 = VECTOR('',#11977,1.);
#11977 = DIRECTION('',(0.,1.));
#11978 = ( GEOMETRIC_REPRESENTATION_CONTEXT(2) 
PARAMETRIC_REPRESENTATION_CONTEXT() REPRESENTATION_CONTEXT('2D SPACE',''
  ) );
#11979 = ADVANCED_FACE('',(#11980),#8150,.F.);
#11980 = FACE_BOUND('',#11981,.F.);
#11981 = EDGE_LOOP('',(#11982,#11983,#11984,#11985));
#11982 = ORIENTED_EDGE('',*,*,#8731,.T.);
#11983 = ORIENTED_EDGE('',*,*,#11773,.T.);
#11984 = ORIENTED_EDGE('',*,*,#8076,.F.);
#11985 = ORIENTED_EDGE('',*,*,#11120,.F.);
#11986 = ADVANCED_FACE('',(#11987),#8942,.T.);
#11987 = FACE_BOUND('',#11988,.T.);
#11988 = EDGE_LOOP('',(#11989,#11990,#11991));
#11989 = ORIENTED_EDGE('',*,*,#8920,.F.);
#11990 = ORIENTED_EDGE('',*,*,#9350,.T.);
#11991 = ORIENTED_EDGE('',*,*,#11478,.T.);
#11992 = ADVANCED_FACE('',(#11993),#9253,.F.);
#11993 = FACE_BOUND('',#11994,.F.);
#11994 = EDGE_LOOP('',(#11995,#11996));
#11995 = ORIENTED_EDGE('',*,*,#9238,.T.);
#11996 = ORIENTED_EDGE('',*,*,#11577,.F.);
#11997 = ADVANCED_FACE('',(#11998),#9114,.T.);
#11998 = FACE_BOUND('',#11999,.T.);
#11999 = EDGE_LOOP('',(#12000,#12001,#12002));
#12000 = ORIENTED_EDGE('',*,*,#9081,.T.);
#12001 = ORIENTED_EDGE('',*,*,#11597,.F.);
#12002 = ORIENTED_EDGE('',*,*,#9268,.F.);
#12003 = ADVANCED_FACE('',(#12004),#9692,.T.);
#12004 = FACE_BOUND('',#12005,.T.);
#12005 = EDGE_LOOP('',(#12006,#12038,#12146,#12147,#12148,#12149));
#12006 = ORIENTED_EDGE('',*,*,#12007,.T.);
#12007 = EDGE_CURVE('',#12008,#12010,#12012,.T.);
#12008 = VERTEX_POINT('',#12009);
#12009 = CARTESIAN_POINT('',(-1.519974260472,12.839341920391,
    2.759360248912));
#12010 = VERTEX_POINT('',#12011);
#12011 = CARTESIAN_POINT('',(1.519973904732,12.839341670137,
    2.759360248912));
#12012 = SURFACE_CURVE('',#12013,(#12018,#12027),.PCURVE_S1.);
#12013 = CIRCLE('',#12014,2.641735242123);
#12014 = AXIS2_PLACEMENT_3D('',#12015,#12016,#12017);
#12015 = CARTESIAN_POINT('',(0.,15.,2.759360248912));
#12016 = DIRECTION('',(0.,0.,1.));
#12017 = DIRECTION('',(1.,0.,-0.));
#12018 = PCURVE('',#9692,#12019);
#12019 = DEFINITIONAL_REPRESENTATION('',(#12020),#12026);
#12020 = ( BOUNDED_CURVE() B_SPLINE_CURVE(2,(#12021,#12022,#12023,#12024
,#12025),.UNSPECIFIED.,.F.,.F.) B_SPLINE_CURVE_WITH_KNOTS((3,2,3),(
    3.14159265359,4.712388980385,6.28318530718),
.PIECEWISE_BEZIER_KNOTS.) CURVE() GEOMETRIC_REPRESENTATION_ITEM() 
RATIONAL_B_SPLINE_CURVE((1.,0.707106781187,1.,0.707106781187,1.)) 
REPRESENTATION_ITEM('') );
#12021 = CARTESIAN_POINT('',(-2.641735242123,-6.772011548498E-14));
#12022 = CARTESIAN_POINT('',(-2.641735242123,-2.641735242123));
#12023 = CARTESIAN_POINT('',(-2.573722025125E-16,-2.641735242123));
#12024 = CARTESIAN_POINT('',(2.641735242123,-2.641735242123));
#12025 = CARTESIAN_POINT('',(2.641735242123,-7.103700550014E-14));
#12026 = ( GEOMETRIC_REPRESENTATION_CONTEXT(2) 
PARAMETRIC_REPRESENTATION_CONTEXT() REPRESENTATION_CONTEXT('2D SPACE',''
  ) );
#12027 = PCURVE('',#12028,#12033);
#12028 = CONICAL_SURFACE('',#12029,2.999999996508,3.490658503989E-02);
#12029 = AXIS2_PLACEMENT_3D('',#12030,#12031,#12032);
#12030 = CARTESIAN_POINT('',(0.,15.,-7.5));
#12031 = DIRECTION('',(-0.,-0.,-1.));
#12032 = DIRECTION('',(1.,0.,0.));
#12033 = DEFINITIONAL_REPRESENTATION('',(#12034),#12037);
#12034 = B_SPLINE_CURVE_WITH_KNOTS('',1,(#12035,#12036),.UNSPECIFIED.,
  .F.,.F.,(2,2),(3.14159265359,6.28318530718),.PIECEWISE_BEZIER_KNOTS.);
#12035 = CARTESIAN_POINT('',(-3.14159265359,-10.25936024891));
#12036 = CARTESIAN_POINT('',(-6.28318530718,-10.25936024891));
#12037 = ( GEOMETRIC_REPRESENTATION_CONTEXT(2) 
PARAMETRIC_REPRESENTATION_CONTEXT() REPRESENTATION_CONTEXT('2D SPACE',''
  ) );
#12038 = ORIENTED_EDGE('',*,*,#12039,.F.);
#12039 = EDGE_CURVE('',#11360,#12010,#12040,.T.);
#12040 = SURFACE_CURVE('',#12041,(#12074,#12110),.PCURVE_S1.);
#12041 = B_SPLINE_CURVE_WITH_KNOTS('',7,(#12042,#12043,#12044,#12045,
    #12046,#12047,#12048,#12049,#12050,#12051,#12052,#12053,#12054,
    #12055,#12056,#12057,#12058,#12059,#12060,#12061,#12062,#12063,
    #12064,#12065,#12066,#12067,#12068,#12069,#12070,#12071,#12072,
    #12073),.UNSPECIFIED.,.F.,.F.,(8,6,6,6,6,8),(0.,0.17302105159,
    0.400179491375,0.640888161203,0.815660365666,1.),.UNSPECIFIED.);
#12042 = CARTESIAN_POINT('',(3.586869422399,14.999999875583,
    2.759360248912));
#12043 = CARTESIAN_POINT('',(3.55007926465,14.999999880763,
    2.759360248912));
#12044 = CARTESIAN_POINT('',(3.512367046736,14.995555497287,
    2.759360248912));
#12045 = CARTESIAN_POINT('',(3.473859262524,14.986406272858,
    2.759360248912));
#12046 = CARTESIAN_POINT('',(3.434692282267,14.972345380779,
    2.759360248912));
#12047 = CARTESIAN_POINT('',(3.394997109442,14.953259798284,
    2.759360248912));
#12048 = CARTESIAN_POINT('',(3.354885970715,14.92915563483,
    2.759360248912));
#12049 = CARTESIAN_POINT('',(3.261340404511,14.862111696525,
    2.759360248912));
#12050 = CARTESIAN_POINT('',(3.207655342525,14.815631426238,
    2.759360248912));
#12051 = CARTESIAN_POINT('',(3.153575748569,14.761030862753,
    2.759360248912));
#12052 = CARTESIAN_POINT('',(3.099168617257,14.698963524124,
    2.759360248912));
#12053 = CARTESIAN_POINT('',(3.044337349703,14.630383428635,
    2.759360248912));
#12054 = CARTESIAN_POINT('',(2.988886061334,14.556323572317,
    2.759360248912));
#12055 = CARTESIAN_POINT('',(2.872870567818,14.394566038985,
    2.759360248912));
#12056 = CARTESIAN_POINT('',(2.812196711519,14.306315166422,
    2.759360248912));
#12057 = CARTESIAN_POINT('',(2.750204888019,14.214192852964,
    2.759360248912));
#12058 = CARTESIAN_POINT('',(2.686489651978,14.119306283911,
    2.759360248912));
#12059 = CARTESIAN_POINT('',(2.620627917983,14.022600510581,
    2.759360248912));
#12060 = CARTESIAN_POINT('',(2.552183500295,13.924829124707,
    2.759360248912));
#12061 = CARTESIAN_POINT('',(2.428729104656,13.755289904255,
    2.759360248912));
#12062 = CARTESIAN_POINT('',(2.375180278249,13.683742596465,
    2.759360248912));
#12063 = CARTESIAN_POINT('',(2.319826823922,13.612201696094,
    2.759360248912));
#12064 = CARTESIAN_POINT('',(2.262472359678,13.540873041933,
    2.759360248912));
#12065 = CARTESIAN_POINT('',(2.202906749672,13.469937577801,
    2.759360248912));
#12066 = CARTESIAN_POINT('',(2.140892455188,13.399559202967,
    2.759360248912));
#12067 = CARTESIAN_POINT('',(2.00784603921,13.256415649369,
    2.759360248912));
#12068 = CARTESIAN_POINT('',(1.936523176881,13.183749038496,
    2.759360248912));
#12069 = CARTESIAN_POINT('',(1.861819907913,13.112059441933,
    2.759360248912));
#12070 = CARTESIAN_POINT('',(1.78334439653,13.041530220736,
    2.759360248912));
#12071 = CARTESIAN_POINT('',(1.700628869332,12.97237944418,
    2.759360248912));
#12072 = CARTESIAN_POINT('',(1.613113401031,12.904865964332,
    2.759360248912));
#12073 = CARTESIAN_POINT('',(1.519968528197,12.839341551803,
    2.759360248912));
#12074 = PCURVE('',#9692,#12075);
#12075 = DEFINITIONAL_REPRESENTATION('',(#12076),#12109);
#12076 = B_SPLINE_CURVE_WITH_KNOTS('',7,(#12077,#12078,#12079,#12080,
    #12081,#12082,#12083,#12084,#12085,#12086,#12087,#12088,#12089,
    #12090,#12091,#12092,#12093,#12094,#12095,#12096,#12097,#12098,
    #12099,#12100,#12101,#12102,#12103,#12104,#12105,#12106,#12107,
    #12108),.UNSPECIFIED.,.F.,.F.,(8,6,6,6,6,8),(0.,0.17302105159,
    0.400179491375,0.640888161203,0.815660365666,1.),.UNSPECIFIED.);
#12077 = CARTESIAN_POINT('',(3.586869422399,-1.24417349312E-07));
#12078 = CARTESIAN_POINT('',(3.55007926465,-1.192367569759E-07));
#12079 = CARTESIAN_POINT('',(3.512367046736,-4.444502713056E-03));
#12080 = CARTESIAN_POINT('',(3.473859262524,-1.35937271423E-02));
#12081 = CARTESIAN_POINT('',(3.434692282267,-2.765461922085E-02));
#12082 = CARTESIAN_POINT('',(3.394997109442,-4.67402017161E-02));
#12083 = CARTESIAN_POINT('',(3.354885970715,-7.084436517047E-02));
#12084 = CARTESIAN_POINT('',(3.261340404511,-0.137888303475));
#12085 = CARTESIAN_POINT('',(3.207655342525,-0.184368573762));
#12086 = CARTESIAN_POINT('',(3.153575748569,-0.238969137247));
#12087 = CARTESIAN_POINT('',(3.099168617257,-0.301036475876));
#12088 = CARTESIAN_POINT('',(3.044337349703,-0.369616571365));
#12089 = CARTESIAN_POINT('',(2.988886061334,-0.443676427683));
#12090 = CARTESIAN_POINT('',(2.872870567818,-0.605433961015));
#12091 = CARTESIAN_POINT('',(2.812196711519,-0.693684833578));
#12092 = CARTESIAN_POINT('',(2.750204888019,-0.785807147036));
#12093 = CARTESIAN_POINT('',(2.686489651978,-0.880693716089));
#12094 = CARTESIAN_POINT('',(2.620627917983,-0.977399489419));
#12095 = CARTESIAN_POINT('',(2.552183500295,-1.075170875293));
#12096 = CARTESIAN_POINT('',(2.428729104656,-1.244710095745));
#12097 = CARTESIAN_POINT('',(2.375180278249,-1.316257403535));
#12098 = CARTESIAN_POINT('',(2.319826823922,-1.387798303906));
#12099 = CARTESIAN_POINT('',(2.262472359678,-1.459126958067));
#12100 = CARTESIAN_POINT('',(2.202906749672,-1.530062422199));
#12101 = CARTESIAN_POINT('',(2.140892455188,-1.600440797033));
#12102 = CARTESIAN_POINT('',(2.00784603921,-1.743584350631));
#12103 = CARTESIAN_POINT('',(1.936523176881,-1.816250961504));
#12104 = CARTESIAN_POINT('',(1.861819907913,-1.887940558067));
#12105 = CARTESIAN_POINT('',(1.78334439653,-1.958469779264));
#12106 = CARTESIAN_POINT('',(1.700628869332,-2.02762055582));
#12107 = CARTESIAN_POINT('',(1.613113401031,-2.095134035668));
#12108 = CARTESIAN_POINT('',(1.519968528197,-2.160658448197));
#12109 = ( GEOMETRIC_REPRESENTATION_CONTEXT(2) 
PARAMETRIC_REPRESENTATION_CONTEXT() REPRESENTATION_CONTEXT('2D SPACE',''
  ) );
#12110 = PCURVE('',#11401,#12111);
#12111 = DEFINITIONAL_REPRESENTATION('',(#12112),#12145);
#12112 = B_SPLINE_CURVE_WITH_KNOTS('',7,(#12113,#12114,#12115,#12116,
    #12117,#12118,#12119,#12120,#12121,#12122,#12123,#12124,#12125,
    #12126,#12127,#12128,#12129,#12130,#12131,#12132,#12133,#12134,
    #12135,#12136,#12137,#12138,#12139,#12140,#12141,#12142,#12143,
    #12144),.UNSPECIFIED.,.F.,.F.,(8,6,6,6,6,8),(0.,0.17302105159,
    0.400179491375,0.640888161203,0.815660365666,1.),.UNSPECIFIED.);
#12113 = CARTESIAN_POINT('',(0.,8.606636834556));
#12114 = CARTESIAN_POINT('',(0.240653737726,8.606902665419));
#12115 = CARTESIAN_POINT('',(0.481186014807,8.604016883307));
#12116 = CARTESIAN_POINT('',(0.721441986527,8.597670668437));
#12117 = CARTESIAN_POINT('',(0.961247480623,8.58756269485));
#12118 = CARTESIAN_POINT('',(1.200410607373,8.573429267608));
#12119 = CARTESIAN_POINT('',(1.438722090015,8.555073905842));
#12120 = CARTESIAN_POINT('',(1.987415271853,8.502623154818));
#12121 = CARTESIAN_POINT('',(2.297069053584,8.465394406872));
#12122 = CARTESIAN_POINT('',(2.604373402879,8.420479850546));
#12123 = CARTESIAN_POINT('',(2.908969565165,8.367903637764));
#12124 = CARTESIAN_POINT('',(3.210667923069,8.307983727046));
#12125 = CARTESIAN_POINT('',(3.5093904498,8.241204943812));
#12126 = CARTESIAN_POINT('',(4.118523437265,8.090635464522));
#12127 = CARTESIAN_POINT('',(4.428578176037,8.006064975272));
#12128 = CARTESIAN_POINT('',(4.735439122078,7.914989588752));
#12129 = CARTESIAN_POINT('',(5.039294993049,7.818060903141));
#12130 = CARTESIAN_POINT('',(5.340322508908,7.715851253229));
#12131 = CARTESIAN_POINT('',(5.638653500955,7.608772935063));
#12132 = CARTESIAN_POINT('',(6.149083864697,7.41592581828));
#12133 = CARTESIAN_POINT('',(6.362396096639,7.332362764573));
#12134 = CARTESIAN_POINT('',(6.574331658332,7.246446313847));
#12135 = CARTESIAN_POINT('',(6.784867909054,7.158220565329));
#12136 = CARTESIAN_POINT('',(6.993935644989,7.067682618733));
#12137 = CARTESIAN_POINT('',(7.201413189851,6.974771367012));
#12138 = CARTESIAN_POINT('',(7.624076685496,6.778700415192));
#12139 = CARTESIAN_POINT('',(7.839008728266,6.675283256898));
#12140 = CARTESIAN_POINT('',(8.051746278041,6.568909465243));
#12141 = CARTESIAN_POINT('',(8.261962965759,6.459331327628));
#12142 = CARTESIAN_POINT('',(8.469140742579,6.346204797172));
#12143 = CARTESIAN_POINT('',(8.672557815506,6.229072324038));
#12144 = CARTESIAN_POINT('',(8.871127943452,6.107162862003));
#12145 = ( GEOMETRIC_REPRESENTATION_CONTEXT(2) 
PARAMETRIC_REPRESENTATION_CONTEXT() REPRESENTATION_CONTEXT('2D SPACE',''
  ) );
#12146 = ORIENTED_EDGE('',*,*,#11457,.F.);
#12147 = ORIENTED_EDGE('',*,*,#9677,.F.);
#12148 = ORIENTED_EDGE('',*,*,#11336,.F.);
#12149 = ORIENTED_EDGE('',*,*,#12150,.T.);
#12150 = EDGE_CURVE('',#11337,#12008,#12151,.T.);
#12151 = SURFACE_CURVE('',#12152,(#12185,#12221),.PCURVE_S1.);
#12152 = B_SPLINE_CURVE_WITH_KNOTS('',7,(#12153,#12154,#12155,#12156,
    #12157,#12158,#12159,#12160,#12161,#12162,#12163,#12164,#12165,
    #12166,#12167,#12168,#12169,#12170,#12171,#12172,#12173,#12174,
    #12175,#12176,#12177,#12178,#12179,#12180,#12181,#12182,#12183,
    #12184),.UNSPECIFIED.,.F.,.F.,(8,6,6,6,6,8),(0.,0.173027057373,
    0.400190784806,0.640898733891,0.815668049133,1.),.UNSPECIFIED.);
#12153 = CARTESIAN_POINT('',(-3.586866102427,14.999996555409,
    2.759360248912));
#12154 = CARTESIAN_POINT('',(-3.550075970045,14.999996638063,
    2.759360248912));
#12155 = CARTESIAN_POINT('',(-3.512363660069,14.995552217189,
    2.759360248912));
#12156 = CARTESIAN_POINT('',(-3.473855651294,14.986402841949,
    2.759360248912));
#12157 = CARTESIAN_POINT('',(-3.43468828934,14.972341678005,
    2.759360248912));
#12158 = CARTESIAN_POINT('',(-3.394992543116,14.953255689472,
    2.759360248912));
#12159 = CARTESIAN_POINT('',(-3.354880617323,14.92915097999,
    2.759360248912));
#12160 = CARTESIAN_POINT('',(-3.261333427094,14.862105944309,
    2.759360248912));
#12161 = CARTESIAN_POINT('',(-3.207647421439,14.815625237663,
    2.759360248912));
#12162 = CARTESIAN_POINT('',(-3.153566667066,14.761024270882,
    2.759360248912));
#12163 = CARTESIAN_POINT('',(-3.099158339038,14.69895663106,
    2.759360248912));
#12164 = CARTESIAN_POINT('',(-3.044326423106,14.630376503442,
    2.759360248912));
#12165 = CARTESIAN_POINT('',(-2.988875331017,14.556316821193,
    2.759360248912));
#12166 = CARTESIAN_POINT('',(-2.872863234602,14.394561861741,
    2.759360248912));
#12167 = CARTESIAN_POINT('',(-2.812192700757,14.306313648372,
    2.759360248912));
#12168 = CARTESIAN_POINT('',(-2.750204969377,14.214194000654,
    2.759360248912));
#12169 = CARTESIAN_POINT('',(-2.686493816609,14.119309658803,
    2.759360248912));
#12170 = CARTESIAN_POINT('',(-2.62063509554,14.022605256626,
    2.759360248912));
#12171 = CARTESIAN_POINT('',(-2.552191818706,13.924834153167,
    2.759360248912));
#12172 = CARTESIAN_POINT('',(-2.428737022381,13.755294611588,
    2.759360248912));
#12173 = CARTESIAN_POINT('',(-2.375187531435,13.683747188477,
    2.759360248912));
#12174 = CARTESIAN_POINT('',(-2.3198325161,13.612205638067,
    2.759360248912));
#12175 = CARTESIAN_POINT('',(-2.262475785932,13.540875864132,
    2.759360248912));
#12176 = CARTESIAN_POINT('',(-2.202907559398,13.469938942874,
    2.759360248912));
#12177 = CARTESIAN_POINT('',(-2.140890699433,13.3995589452,
    2.759360248912));
#12178 = CARTESIAN_POINT('',(-2.007841328113,13.256413867371,
    2.759360248912));
#12179 = CARTESIAN_POINT('',(-1.936518266392,13.183747316612,
    2.759360248912));
#12180 = CARTESIAN_POINT('',(-1.861815579137,13.112057869285,
    2.759360248912));
#12181 = CARTESIAN_POINT('',(-1.783341564925,13.041529009287,
    2.759360248912));
#12182 = CARTESIAN_POINT('',(-1.700628216544,12.972378851021,
    2.759360248912));
#12183 = CARTESIAN_POINT('',(-1.613114812426,12.904866033796,
    2.759360248912));
#12184 = CARTESIAN_POINT('',(-1.519970709709,12.839341904331,
    2.759360248912));
#12185 = PCURVE('',#9692,#12186);
#12186 = DEFINITIONAL_REPRESENTATION('',(#12187),#12220);
#12187 = B_SPLINE_CURVE_WITH_KNOTS('',7,(#12188,#12189,#12190,#12191,
    #12192,#12193,#12194,#12195,#12196,#12197,#12198,#12199,#12200,
    #12201,#12202,#12203,#12204,#12205,#12206,#12207,#12208,#12209,
    #12210,#12211,#12212,#12213,#12214,#12215,#12216,#12217,#12218,
    #12219),.UNSPECIFIED.,.F.,.F.,(8,6,6,6,6,8),(0.,0.173027057373,
    0.400190784806,0.640898733891,0.815668049133,1.),.UNSPECIFIED.);
#12188 = CARTESIAN_POINT('',(-3.586866102427,-3.444590630508E-06));
#12189 = CARTESIAN_POINT('',(-3.550075970045,-3.361936761997E-06));
#12190 = CARTESIAN_POINT('',(-3.512363660069,-4.447782811145E-03));
#12191 = CARTESIAN_POINT('',(-3.473855651294,-1.359715805122E-02));
#12192 = CARTESIAN_POINT('',(-3.43468828934,-2.765832199472E-02));
#12193 = CARTESIAN_POINT('',(-3.394992543116,-4.674431052795E-02));
#12194 = CARTESIAN_POINT('',(-3.354880617323,-7.084902000998E-02));
#12195 = CARTESIAN_POINT('',(-3.261333427094,-0.137894055691));
#12196 = CARTESIAN_POINT('',(-3.207647421439,-0.184374762337));
#12197 = CARTESIAN_POINT('',(-3.153566667066,-0.238975729118));
#12198 = CARTESIAN_POINT('',(-3.099158339038,-0.30104336894));
#12199 = CARTESIAN_POINT('',(-3.044326423106,-0.369623496558));
#12200 = CARTESIAN_POINT('',(-2.988875331017,-0.443683178807));
#12201 = CARTESIAN_POINT('',(-2.872863234602,-0.605438138259));
#12202 = CARTESIAN_POINT('',(-2.812192700757,-0.693686351628));
#12203 = CARTESIAN_POINT('',(-2.750204969377,-0.785805999346));
#12204 = CARTESIAN_POINT('',(-2.686493816609,-0.880690341197));
#12205 = CARTESIAN_POINT('',(-2.62063509554,-0.977394743374));
#12206 = CARTESIAN_POINT('',(-2.552191818706,-1.075165846833));
#12207 = CARTESIAN_POINT('',(-2.428737022381,-1.244705388412));
#12208 = CARTESIAN_POINT('',(-2.375187531435,-1.316252811523));
#12209 = CARTESIAN_POINT('',(-2.3198325161,-1.387794361933));
#12210 = CARTESIAN_POINT('',(-2.262475785932,-1.459124135868));
#12211 = CARTESIAN_POINT('',(-2.202907559398,-1.530061057126));
#12212 = CARTESIAN_POINT('',(-2.140890699433,-1.6004410548));
#12213 = CARTESIAN_POINT('',(-2.007841328113,-1.743586132629));
#12214 = CARTESIAN_POINT('',(-1.936518266392,-1.816252683388));
#12215 = CARTESIAN_POINT('',(-1.861815579137,-1.887942130715));
#12216 = CARTESIAN_POINT('',(-1.783341564925,-1.958470990713));
#12217 = CARTESIAN_POINT('',(-1.700628216544,-2.027621148979));
#12218 = CARTESIAN_POINT('',(-1.613114812426,-2.095133966204));
#12219 = CARTESIAN_POINT('',(-1.519970709709,-2.160658095669));
#12220 = ( GEOMETRIC_REPRESENTATION_CONTEXT(2) 
PARAMETRIC_REPRESENTATION_CONTEXT() REPRESENTATION_CONTEXT('2D SPACE',''
  ) );
#12221 = PCURVE('',#11401,#12222);
#12222 = DEFINITIONAL_REPRESENTATION('',(#12223),#12256);
#12223 = B_SPLINE_CURVE_WITH_KNOTS('',7,(#12224,#12225,#12226,#12227,
    #12228,#12229,#12230,#12231,#12232,#12233,#12234,#12235,#12236,
    #12237,#12238,#12239,#12240,#12241,#12242,#12243,#12244,#12245,
    #12246,#12247,#12248,#12249,#12250,#12251,#12252,#12253,#12254,
    #12255),.UNSPECIFIED.,.F.,.F.,(8,6,6,6,6,8),(0.,0.173027057373,
    0.400190784806,0.640898733891,0.815668049133,1.),.UNSPECIFIED.);
#12224 = CARTESIAN_POINT('',(0.,8.957061983147E-03));
#12225 = CARTESIAN_POINT('',(0.240653639351,8.69122144262E-03));
#12226 = CARTESIAN_POINT('',(0.481185800069,1.15757642119E-02));
#12227 = CARTESIAN_POINT('',(0.721441668291,1.791937049538E-02));
#12228 = CARTESIAN_POINT('',(0.961247114811,2.802323591622E-02));
#12229 = CARTESIAN_POINT('',(1.200410306227,4.215093865318E-02));
#12230 = CARTESIAN_POINT('',(1.438722039301,6.049886019343E-02));
#12231 = CARTESIAN_POINT('',(1.987412894567,0.112927912088));
#12232 = CARTESIAN_POINT('',(2.297064282812,0.150140924315));
#12233 = CARTESIAN_POINT('',(2.604367030141,0.195036295968));
#12234 = CARTESIAN_POINT('',(2.90896268331,0.247589782002));
#12235 = CARTESIAN_POINT('',(3.210661943943,0.307483472841));
#12236 = CARTESIAN_POINT('',(3.509386899258,0.374233033904));
#12237 = CARTESIAN_POINT('',(4.118519760856,0.524735270572));
#12238 = CARTESIAN_POINT('',(4.428572316359,0.60926707157));
#12239 = CARTESIAN_POINT('',(4.735432793206,0.700301327204));
#12240 = CARTESIAN_POINT('',(5.039289413234,0.797187239995));
#12241 = CARTESIAN_POINT('',(5.340318418852,0.89935290528));
#12242 = CARTESIAN_POINT('',(5.638651370855,1.006386019774));
#12243 = CARTESIAN_POINT('',(6.149082961707,1.199151789254));
#12244 = CARTESIAN_POINT('',(6.362394300315,1.282679248563));
#12245 = CARTESIAN_POINT('',(6.574329234849,1.368559348166));
#12246 = CARTESIAN_POINT('',(6.784865213731,1.456747954496));
#12247 = CARTESIAN_POINT('',(6.993933184896,1.54724798753));
#12248 = CARTESIAN_POINT('',(7.201411641339,1.640120641901));
#12249 = CARTESIAN_POINT('',(7.624073213166,1.836108580805));
#12250 = CARTESIAN_POINT('',(7.83900260117,1.939481124011));
#12251 = CARTESIAN_POINT('',(8.051738698615,2.045809657608));
#12252 = CARTESIAN_POINT('',(8.261955288129,2.155342033119));
#12253 = CARTESIAN_POINT('',(8.469134349843,2.268422399189));
#12254 = CARTESIAN_POINT('',(8.672553997129,2.385508135356));
#12255 = CARTESIAN_POINT('',(8.871127943452,2.507369766369));
#12256 = ( GEOMETRIC_REPRESENTATION_CONTEXT(2) 
PARAMETRIC_REPRESENTATION_CONTEXT() REPRESENTATION_CONTEXT('2D SPACE',''
  ) );
#12257 = ADVANCED_FACE('',(#12258),#9725,.T.);
#12258 = FACE_BOUND('',#12259,.T.);
#12259 = EDGE_LOOP('',(#12260,#12281,#12282,#12283));
#12260 = ORIENTED_EDGE('',*,*,#12261,.T.);
#12261 = EDGE_CURVE('',#9941,#10937,#12262,.T.);
#12262 = SURFACE_CURVE('',#12263,(#12267,#12274),.PCURVE_S1.);
#12263 = LINE('',#12264,#12265);
#12264 = CARTESIAN_POINT('',(9.476188454132,-24.31049156228,7.5));
#12265 = VECTOR('',#12266,1.);
#12266 = DIRECTION('',(-1.,2.577999609657E-17,1.78562743526E-17));
#12267 = PCURVE('',#9725,#12268);
#12268 = DEFINITIONAL_REPRESENTATION('',(#12269),#12273);
#12269 = LINE('',#12270,#12271);
#12270 = CARTESIAN_POINT('',(9.476188454132,5.689508437714));
#12271 = VECTOR('',#12272,1.);
#12272 = DIRECTION('',(-1.,2.577999609657E-17));
#12273 = ( GEOMETRIC_REPRESENTATION_CONTEXT(2) 
PARAMETRIC_REPRESENTATION_CONTEXT() REPRESENTATION_CONTEXT('2D SPACE',''
  ) );
#12274 = PCURVE('',#10982,#12275);
#12275 = DEFINITIONAL_REPRESENTATION('',(#12276),#12280);
#12276 = LINE('',#12277,#12278);
#12277 = CARTESIAN_POINT('',(-0.598489230614,0.));
#12278 = VECTOR('',#12279,1.);
#12279 = DIRECTION('',(-0.,1.));
#12280 = ( GEOMETRIC_REPRESENTATION_CONTEXT(2) 
PARAMETRIC_REPRESENTATION_CONTEXT() REPRESENTATION_CONTEXT('2D SPACE',''
  ) );
#12281 = ORIENTED_EDGE('',*,*,#11004,.F.);
#12282 = ORIENTED_EDGE('',*,*,#9707,.T.);
#12283 = ORIENTED_EDGE('',*,*,#10049,.T.);
#12284 = ADVANCED_FACE('',(#12285),#9923,.T.);
#12285 = FACE_BOUND('',#12286,.T.);
#12286 = EDGE_LOOP('',(#12287,#12308,#12309,#12310));
#12287 = ORIENTED_EDGE('',*,*,#12288,.T.);
#12288 = EDGE_CURVE('',#10456,#9856,#12289,.T.);
#12289 = SURFACE_CURVE('',#12290,(#12294,#12301),.PCURVE_S1.);
#12290 = LINE('',#12291,#12292);
#12291 = CARTESIAN_POINT('',(-8.510499679325,24.310491562286,7.5));
#12292 = VECTOR('',#12293,1.);
#12293 = DIRECTION('',(1.,-2.577999609657E-17,-1.78562743526E-17));
#12294 = PCURVE('',#9923,#12295);
#12295 = DEFINITIONAL_REPRESENTATION('',(#12296),#12300);
#12296 = LINE('',#12297,#12298);
#12297 = CARTESIAN_POINT('',(-8.510499679325,0.310491562286));
#12298 = VECTOR('',#12299,1.);
#12299 = DIRECTION('',(1.,-2.577999609657E-17));
#12300 = ( GEOMETRIC_REPRESENTATION_CONTEXT(2) 
PARAMETRIC_REPRESENTATION_CONTEXT() REPRESENTATION_CONTEXT('2D SPACE',''
  ) );
#12301 = PCURVE('',#10118,#12302);
#12302 = DEFINITIONAL_REPRESENTATION('',(#12303),#12307);
#12303 = LINE('',#12304,#12305);
#12304 = CARTESIAN_POINT('',(-0.598489230614,0.));
#12305 = VECTOR('',#12306,1.);
#12306 = DIRECTION('',(-0.,1.));
#12307 = ( GEOMETRIC_REPRESENTATION_CONTEXT(2) 
PARAMETRIC_REPRESENTATION_CONTEXT() REPRESENTATION_CONTEXT('2D SPACE',''
  ) );
#12308 = ORIENTED_EDGE('',*,*,#9909,.T.);
#12309 = ORIENTED_EDGE('',*,*,#11094,.T.);
#12310 = ORIENTED_EDGE('',*,*,#10455,.T.);
#12311 = ADVANCED_FACE('',(#12312),#9958,.F.);
#12312 = FACE_BOUND('',#12313,.F.);
#12313 = EDGE_LOOP('',(#12314,#12315,#12341));
#12314 = ORIENTED_EDGE('',*,*,#9940,.F.);
#12315 = ORIENTED_EDGE('',*,*,#12316,.T.);
#12316 = EDGE_CURVE('',#9941,#10138,#12317,.T.);
#12317 = SURFACE_CURVE('',#12318,(#12325,#12332),.PCURVE_S1.);
#12318 = B_SPLINE_CURVE_WITH_KNOTS('',5,(#12319,#12320,#12321,#12322,
    #12323,#12324),.UNSPECIFIED.,.F.,.F.,(6,6),(0.,1.),
  .PIECEWISE_BEZIER_KNOTS.);
#12319 = CARTESIAN_POINT('',(8.510499679325,-24.31049156228,7.5));
#12320 = CARTESIAN_POINT('',(8.510499679325,-24.19079249954,7.5));
#12321 = CARTESIAN_POINT('',(8.510457222662,-24.07108550016,
    7.482083821944));
#12322 = CARTESIAN_POINT('',(8.510595904638,-23.95499500338,
    7.446283268827));
#12323 = CARTESIAN_POINT('',(8.510423208168,-23.8459727849,
    7.393613469372));
#12324 = CARTESIAN_POINT('',(8.510523069243,-23.74709662457,
    7.326187717265));
#12325 = PCURVE('',#9958,#12326);
#12326 = DEFINITIONAL_REPRESENTATION('',(#12327),#12331);
#12327 = LINE('',#12328,#12329);
#12328 = CARTESIAN_POINT('',(0.,0.));
#12329 = VECTOR('',#12330,1.);
#12330 = DIRECTION('',(1.,0.));
#12331 = ( GEOMETRIC_REPRESENTATION_CONTEXT(2) 
PARAMETRIC_REPRESENTATION_CONTEXT() REPRESENTATION_CONTEXT('2D SPACE',''
  ) );
#12332 = PCURVE('',#10982,#12333);
#12333 = DEFINITIONAL_REPRESENTATION('',(#12334),#12340);
#12334 = B_SPLINE_CURVE_WITH_KNOTS('',4,(#12335,#12336,#12337,#12338,
    #12339),.UNSPECIFIED.,.F.,.F.,(5,5),(0.,1.),
  .PIECEWISE_BEZIER_KNOTS.);
#12335 = CARTESIAN_POINT('',(-0.598489230614,0.965688774807));
#12336 = CARTESIAN_POINT('',(-0.448865402192,0.965688774807));
#12337 = CARTESIAN_POINT('',(-0.299266566072,0.965610154771));
#12338 = CARTESIAN_POINT('',(-0.149596995756,0.965790211232));
#12339 = CARTESIAN_POINT('',(7.49400541622E-15,0.965665384889));
#12340 = ( GEOMETRIC_REPRESENTATION_CONTEXT(2) 
PARAMETRIC_REPRESENTATION_CONTEXT() REPRESENTATION_CONTEXT('2D SPACE',''
  ) );
#12341 = ORIENTED_EDGE('',*,*,#10137,.T.);
#12342 = ADVANCED_FACE('',(#12343),#10118,.T.);
#12343 = FACE_BOUND('',#12344,.F.);
#12344 = EDGE_LOOP('',(#12345,#12346,#12369,#12370));
#12345 = ORIENTED_EDGE('',*,*,#11647,.F.);
#12346 = ORIENTED_EDGE('',*,*,#12347,.T.);
#12347 = EDGE_CURVE('',#11648,#10456,#12348,.T.);
#12348 = SURFACE_CURVE('',#12349,(#12353,#12363),.PCURVE_S1.);
#12349 = ( BOUNDED_CURVE() B_SPLINE_CURVE(2,(#12350,#12351,#12352),
.UNSPECIFIED.,.F.,.F.) B_SPLINE_CURVE_WITH_KNOTS((3,3),(0.,
0.998940765566),.PIECEWISE_BEZIER_KNOTS.) CURVE() 
GEOMETRIC_REPRESENTATION_ITEM() RATIONAL_B_SPLINE_CURVE((1.,
0.955559447985,1.)) REPRESENTATION_ITEM('') );
#12350 = CARTESIAN_POINT('',(-8.510499679328,23.747096624574,
    7.326187717265));
#12351 = CARTESIAN_POINT('',(-8.510499679326,24.001982786115,7.5));
#12352 = CARTESIAN_POINT('',(-8.510499679325,24.310491562286,7.5));
#12353 = PCURVE('',#10118,#12354);
#12354 = DEFINITIONAL_REPRESENTATION('',(#12355),#12362);
#12355 = B_SPLINE_CURVE_WITH_KNOTS('',5,(#12356,#12357,#12358,#12359,
    #12360,#12361),.UNSPECIFIED.,.F.,.F.,(6,6),(0.,0.998940765566),
  .PIECEWISE_BEZIER_KNOTS.);
#12356 = CARTESIAN_POINT('',(0.,2.456369756193E-15));
#12357 = CARTESIAN_POINT('',(-0.117919390343,2.456369756193E-15));
#12358 = CARTESIAN_POINT('',(-0.238458394518,2.456369756193E-15));
#12359 = CARTESIAN_POINT('',(-0.360030836095,2.456369756193E-15));
#12360 = CARTESIAN_POINT('',(-0.480569840271,2.456369756193E-15));
#12361 = CARTESIAN_POINT('',(-0.598489230614,2.456369756193E-15));
#12362 = ( GEOMETRIC_REPRESENTATION_CONTEXT(2) 
PARAMETRIC_REPRESENTATION_CONTEXT() REPRESENTATION_CONTEXT('2D SPACE',''
  ) );
#12363 = PCURVE('',#10543,#12364);
#12364 = DEFINITIONAL_REPRESENTATION('',(#12365),#12368);
#12365 = B_SPLINE_CURVE_WITH_KNOTS('',1,(#12366,#12367),.UNSPECIFIED.,
  .F.,.F.,(2,2),(0.,0.998940765566),.PIECEWISE_BEZIER_KNOTS.);
#12366 = CARTESIAN_POINT('',(0.,71.596706173599));
#12367 = CARTESIAN_POINT('',(0.998940765566,71.596706173599));
#12368 = ( GEOMETRIC_REPRESENTATION_CONTEXT(2) 
PARAMETRIC_REPRESENTATION_CONTEXT() REPRESENTATION_CONTEXT('2D SPACE',''
  ) );
#12369 = ORIENTED_EDGE('',*,*,#12288,.T.);
#12370 = ORIENTED_EDGE('',*,*,#10100,.F.);
#12371 = ADVANCED_FACE('',(#12372),#10543,.F.);
#12372 = FACE_BOUND('',#12373,.F.);
#12373 = EDGE_LOOP('',(#12374,#12375,#12376,#12377));
#12374 = ORIENTED_EDGE('',*,*,#10670,.T.);
#12375 = ORIENTED_EDGE('',*,*,#10478,.T.);
#12376 = ORIENTED_EDGE('',*,*,#12347,.F.);
#12377 = ORIENTED_EDGE('',*,*,#11693,.F.);
#12378 = ADVANCED_FACE('',(#12379),#10982,.T.);
#12379 = FACE_BOUND('',#12380,.F.);
#12380 = EDGE_LOOP('',(#12381,#12382,#12383,#12384));
#12381 = ORIENTED_EDGE('',*,*,#11671,.F.);
#12382 = ORIENTED_EDGE('',*,*,#12316,.F.);
#12383 = ORIENTED_EDGE('',*,*,#12261,.T.);
#12384 = ORIENTED_EDGE('',*,*,#10964,.T.);
#12385 = ADVANCED_FACE('',(#12386),#11401,.F.);
#12386 = FACE_BOUND('',#12387,.F.);
#12387 = EDGE_LOOP('',(#12388,#12389,#12458,#12459));
#12388 = ORIENTED_EDGE('',*,*,#12150,.T.);
#12389 = ORIENTED_EDGE('',*,*,#12390,.T.);
#12390 = EDGE_CURVE('',#12008,#12010,#12391,.T.);
#12391 = SURFACE_CURVE('',#12392,(#12409,#12416),.PCURVE_S1.);
#12392 = ( BOUNDED_CURVE() B_SPLINE_CURVE(8,(#12393,#12394,#12395,#12396
    ,#12397,#12398,#12399,#12400,#12401,#12402,#12403,#12404,#12405,
    #12406,#12407,#12408),.UNSPECIFIED.,.F.,.F.) 
B_SPLINE_CURVE_WITH_KNOTS((9,7,9),(-0.127758798143,4.210328533892,
8.743369145309),.UNSPECIFIED.) CURVE() GEOMETRIC_REPRESENTATION_ITEM() 
RATIONAL_B_SPLINE_CURVE((1.,1.,1.,1.,1.,1.,1.,1.,1.,1.,1.,1.,1.,1.,1.,1.
)) REPRESENTATION_ITEM('') );
#12393 = CARTESIAN_POINT('',(-2.60044504106,14.781298772031,
    3.678866312614));
#12394 = CARTESIAN_POINT('',(-2.569767441616,14.312992072416,
    3.430388231801));
#12395 = CARTESIAN_POINT('',(-2.442500497133,13.855873674762,
    3.203114960587));
#12396 = CARTESIAN_POINT('',(-2.22327932315,13.424739207965,
    3.002857422373));
#12397 = CARTESIAN_POINT('',(-1.913773293309,13.03762128231,
    2.835602225616));
#12398 = CARTESIAN_POINT('',(-1.521977791063,12.718827713695,
    2.706035464339));
#12399 = CARTESIAN_POINT('',(-1.067341763022,12.491654320149,
    2.616853712424));
#12400 = CARTESIAN_POINT('',(-0.57940383002,12.369340898561,
    2.568939983301));
#12401 = CARTESIAN_POINT('',(0.426285592206,12.335595486061,
    2.555734668003));
#12402 = CARTESIAN_POINT('',(0.944242931309,12.434035488006,
    2.594272086713));
#12403 = CARTESIAN_POINT('',(1.43244806266,12.648658658647,
    2.677885330374));
#12404 = CARTESIAN_POINT('',(1.8584783512,12.969880834671,2.806283839213
    ));
#12405 = CARTESIAN_POINT('',(2.19289677638,13.36691563073,2.976236067896
    ));
#12406 = CARTESIAN_POINT('',(2.431128650405,13.815311346037,
    3.182934497153));
#12407 = CARTESIAN_POINT('',(2.568394079041,14.292122013383,
    3.419315225283));
#12408 = CARTESIAN_POINT('',(2.600442885809,14.781265925432,
    3.678848980021));
#12409 = PCURVE('',#11401,#12410);
#12410 = DEFINITIONAL_REPRESENTATION('',(#12411),#12415);
#12411 = LINE('',#12412,#12413);
#12412 = CARTESIAN_POINT('',(8.871127943452,0.));
#12413 = VECTOR('',#12414,1.);
#12414 = DIRECTION('',(0.,1.));
#12415 = ( GEOMETRIC_REPRESENTATION_CONTEXT(2) 
PARAMETRIC_REPRESENTATION_CONTEXT() REPRESENTATION_CONTEXT('2D SPACE',''
  ) );
#12416 = PCURVE('',#12028,#12417);
#12417 = DEFINITIONAL_REPRESENTATION('',(#12418),#12457);
#12418 = B_SPLINE_CURVE_WITH_KNOTS('',10,(#12419,#12420,#12421,#12422,
    #12423,#12424,#12425,#12426,#12427,#12428,#12429,#12430,#12431,
    #12432,#12433,#12434,#12435,#12436,#12437,#12438,#12439,#12440,
    #12441,#12442,#12443,#12444,#12445,#12446,#12447,#12448,#12449,
    #12450,#12451,#12452,#12453,#12454,#12455,#12456),.UNSPECIFIED.,.F.,
  .F.,(11,9,9,9,11),(2.507370092822,3.407318164599,4.307266236376,
    5.207214308153,6.10716237993),.UNSPECIFIED.);
#12419 = CARTESIAN_POINT('',(-4.099333963917,-10.25936017814));
#12420 = CARTESIAN_POINT('',(-4.129664059049,-10.23985166827));
#12421 = CARTESIAN_POINT('',(-4.160044698832,-10.22136989718));
#12422 = CARTESIAN_POINT('',(-4.190465962473,-10.20393174417));
#12423 = CARTESIAN_POINT('',(-4.220947069647,-10.18753442136));
#12424 = CARTESIAN_POINT('',(-4.251454759406,-10.17220720477));
#12425 = CARTESIAN_POINT('',(-4.2820207106,-10.15793687513));
#12426 = CARTESIAN_POINT('',(-4.312615683915,-10.14474788972));
#12427 = CARTESIAN_POINT('',(-4.343251980322,-10.13263705647));
#12428 = CARTESIAN_POINT('',(-4.373920474665,-10.12161385034));
#12429 = CARTESIAN_POINT('',(-4.435318043617,-10.10175043356));
#12430 = CARTESIAN_POINT('',(-4.466047175978,-10.09291027918));
#12431 = CARTESIAN_POINT('',(-4.496801351674,-10.08516697141));
#12432 = CARTESIAN_POINT('',(-4.527584478608,-10.07852258337));
#12433 = CARTESIAN_POINT('',(-4.558374369435,-10.07298525886));
#12434 = CARTESIAN_POINT('',(-4.589197720109,-10.06854873305));
#12435 = CARTESIAN_POINT('',(-4.620014241913,-10.06522628533));
#12436 = CARTESIAN_POINT('',(-4.650849702581,-10.06300820937));
#12437 = CARTESIAN_POINT('',(-4.68168459158,-10.06190316919));
#12438 = CARTESIAN_POINT('',(-4.743349930888,-10.06191238301));
#12439 = CARTESIAN_POINT('',(-4.774180291285,-10.06302683501));
#12440 = CARTESIAN_POINT('',(-4.805004376798,-10.06525038982));
#12441 = CARTESIAN_POINT('',(-4.835818402207,-10.0685820467));
#12442 = CARTESIAN_POINT('',(-4.866618745824,-10.07302043822));
#12443 = CARTESIAN_POINT('',(-4.897401932508,-10.07856372179));
#12444 = CARTESIAN_POINT('',(-4.928164616844,-10.08520947151));
#12445 = CARTESIAN_POINT('',(-4.958903566128,-10.09295456966));
#12446 = CARTESIAN_POINT('',(-4.989615643534,-10.10179509849));
#12447 = CARTESIAN_POINT('',(-5.050979938754,-10.12165736526));
#12448 = CARTESIAN_POINT('',(-5.081631959058,-10.13267900165));
#12449 = CARTESIAN_POINT('',(-5.112252577841,-10.14478751479));
#12450 = CARTESIAN_POINT('',(-5.142831769852,-10.15797276181));
#12451 = CARTESIAN_POINT('',(-5.17338481239,-10.17223982596));
#12452 = CARTESIAN_POINT('',(-5.203877365758,-10.18756104181));
#12453 = CARTESIAN_POINT('',(-5.234347429882,-10.20395374879));
#12454 = CARTESIAN_POINT('',(-5.264755571733,-10.22138485589));
#12455 = CARTESIAN_POINT('',(-5.295124778849,-10.23985964819));
#12456 = CARTESIAN_POINT('',(-5.325443231517,-10.25936014445));
#12457 = ( GEOMETRIC_REPRESENTATION_CONTEXT(2) 
PARAMETRIC_REPRESENTATION_CONTEXT() REPRESENTATION_CONTEXT('2D SPACE',''
  ) );
#12458 = ORIENTED_EDGE('',*,*,#12039,.F.);
#12459 = ORIENTED_EDGE('',*,*,#11359,.F.);
#12460 = ADVANCED_FACE('',(#12461),#12028,.T.);
#12461 = FACE_BOUND('',#12462,.F.);
#12462 = EDGE_LOOP('',(#12463,#12464));
#12463 = ORIENTED_EDGE('',*,*,#12007,.T.);
#12464 = ORIENTED_EDGE('',*,*,#12390,.F.);
#12465 = ( GEOMETRIC_REPRESENTATION_CONTEXT(3) 
GLOBAL_UNCERTAINTY_ASSIGNED_CONTEXT((#12469)) 
GLOBAL_UNIT_ASSIGNED_CONTEXT((#12466,#12467,#12468)) 
REPRESENTATION_CONTEXT('Context #1',
  '3D Context with UNIT and UNCERTAINTY') );
#12466 = ( LENGTH_UNIT() NAMED_UNIT(*) SI_UNIT(.MILLI.,.METRE.) );
#12467 = ( NAMED_UNIT(*) PLANE_ANGLE_UNIT() SI_UNIT($,.RADIAN.) );
#12468 = ( NAMED_UNIT(*) SI_UNIT($,.STERADIAN.) SOLID_ANGLE_UNIT() );
#12469 = UNCERTAINTY_MEASURE_WITH_UNIT(LENGTH_MEASURE(5.E-02),#12466,
  'distance_accuracy_value','confusion accuracy');
#12470 = PRODUCT_RELATED_PRODUCT_CATEGORY('part',$,(#7));
ENDSEC;
END-ISO-10303-21;
